0	e16_s1_AAACCCAAGGCAGCTA
1	e16_s1_AAACCCAGTGAGTAGC
2	e16_s1_AAACCCATCACTCACC
3	e16_s1_AAACCCATCGCTGTTC
4	e16_s1_AAACCCATCGTTCAGA
5	e16_s1_AAACGAAAGCAGCCTC
6	e16_s1_AAACGAAAGCAGTACG
7	e16_s1_AAACGAAAGGTCATCT
8	e16_s1_AAACGAAAGTCCGCGT
9	e16_s1_AAACGAAGTTCCTTGC
10	e16_s1_AAACGAATCACCATAG
11	e16_s1_AAACGAATCCTTGAAG
12	e16_s1_AAACGAATCGTGAGAG
13	e16_s1_AAACGAATCTATTGTC
14	e16_s1_AAACGCTAGAACAGGA
15	e16_s1_AAACGCTTCACCTGGG
16	e16_s1_AAACGCTTCTTGGGCG
17	e16_s1_AAAGAACCACCCTCTA
18	e16_s1_AAAGAACTCGTGGCTG
19	e16_s1_AAAGGATCATGGGTCC
20	e16_s1_AAAGGATGTCAGTCGC
21	e16_s1_AAAGGATGTCAGTTTG
22	e16_s1_AAAGGATGTGTAGCAG
23	e16_s1_AAAGGATGTTCGGTTA
24	e16_s1_AAAGGGCAGATGCTTC
25	e16_s1_AAAGGGCCACCAATTG
26	e16_s1_AAAGGGCGTACGACAG
27	e16_s1_AAAGGGCTCTCGCGTT
28	e16_s1_AAAGGGCTCTCTAAGG
29	e16_s1_AAAGGTAAGTACTCGT
30	e16_s1_AAAGGTACAGGCATGA
31	e16_s1_AAAGGTATCTTGGATG
32	e16_s1_AAAGTCCAGCACTAGG
33	e16_s1_AAAGTCCCAACTGATC
34	e16_s1_AAAGTCCGTCAAGCGA
35	e16_s1_AAAGTCCGTGCTGATT
36	e16_s1_AAAGTCCGTTGGGACA
37	e16_s1_AAAGTCCTCGTGCAGC
38	e16_s1_AAAGTGAAGGTCGCCT
39	e16_s1_AAAGTGAGTTTCCAAG
40	e16_s1_AAAGTGATCCATTCAT
41	e16_s1_AAAGTGATCGCCATAA
42	e16_s1_AAAGTGATCGCTCTCA
43	e16_s1_AAAGTGATCTACCAGA
44	e16_s1_AAATGGAGTAGCGCCT
45	e16_s1_AAATGGAGTATCATGC
46	e16_s1_AAATGGAGTGTTACTG
47	e16_s1_AACAAAGGTCGAGCAA
48	e16_s1_AACAACCAGAACAGGA
49	e16_s1_AACAACCCAAAGACTA
50	e16_s1_AACAACCTCCGGTTCT
51	e16_s1_AACAAGAAGTAGTCCT
52	e16_s1_AACAAGACAAAGACTA
53	e16_s1_AACAAGACATAGACTC
54	e16_s1_AACACACCATTATGCG
55	e16_s1_AACACACGTCCCGGTA
56	e16_s1_AACACACGTGTCACAT
57	e16_s1_AACACACTCCATACAG
58	e16_s1_AACAGGGCAATCGCCG
59	e16_s1_AACAGGGTCAGATTGC
60	e16_s1_AACAGGGTCTACGCAA
61	e16_s1_AACCACAAGAGGCCAT
62	e16_s1_AACCACAAGCCGATTT
63	e16_s1_AACCACACATATGAAG
64	e16_s1_AACCACATCTGTGCGG
65	e16_s1_AACCATGAGTCAGGGT
66	e16_s1_AACCATGCAATGTCTG
67	e16_s1_AACCATGCATCAGTCA
68	e16_s1_AACCATGGTTGATGTC
69	e16_s1_AACCATGTCTGTGTGA
70	e16_s1_AACCCAAAGATGCTAA
71	e16_s1_AACCCAAAGCGCCTTG
72	e16_s1_AACCCAAGTGACTCGC
73	e16_s1_AACCCAATCCCGTTGT
74	e16_s1_AACCCAATCGGCTTCT
75	e16_s1_AACCTGAAGTGCAACG
76	e16_s1_AACCTGAGTAGCTCGC
77	e16_s1_AACCTGATCTTCGGAA
78	e16_s1_AACCTTTAGTAAGAGG
79	e16_s1_AACCTTTGTGAACGGT
80	e16_s1_AACGAAACAATTGAAG
81	e16_s1_AACGAAATCTCGCTCA
82	e16_s1_AACGGGACATATCTCT
83	e16_s1_AACGGGATCAAACGAA
84	e16_s1_AACGGGATCAGGACAG
85	e16_s1_AACGGGATCGCCTATC
86	e16_s1_AACGGGATCTTCACGC
87	e16_s1_AACGTCAAGACAGTCG
88	e16_s1_AACGTCAAGCTCTATG
89	e16_s1_AACGTCATCCATAGAC
90	e16_s1_AACTTCTCAGTTGAAA
91	e16_s1_AACTTCTTCGAGCACC
92	e16_s1_AAGAACATCCGTTGGG
93	e16_s1_AAGACAAAGACAAGCC
94	e16_s1_AAGACAACAAATTGGA
95	e16_s1_AAGACAAGTCATGGCC
96	e16_s1_AAGACAATCCAACCGG
97	e16_s1_AAGACAATCTATCGTT
98	e16_s1_AAGACAATCTGTAAGC
99	e16_s1_AAGACTCAGGTGTGAC
100	e16_s1_AAGACTCGTACTTCCC
101	e16_s1_AAGACTCGTGTCTTGA
102	e16_s1_AAGATAGAGCCTTTGA
103	e16_s1_AAGATAGAGTTTCGGT
104	e16_s1_AAGATAGCACTACGGC
105	e16_s1_AAGCATCAGCTGGCCT
106	e16_s1_AAGCATCCAAGATGTA
107	e16_s1_AAGCATCCATGACTCA
108	e16_s1_AAGCATCTCAAGCCAT
109	e16_s1_AAGCCATCACTCTAGA
110	e16_s1_AAGCCATCAGACCAGA
111	e16_s1_AAGCCATCAGCGTTTA
112	e16_s1_AAGCCATGTTTGACAC
113	e16_s1_AAGCCATTCCCAGCGA
114	e16_s1_AAGCCATTCGAAGTGG
115	e16_s1_AAGCGAGCAGTGGCTC
116	e16_s1_AAGCGAGGTATACAGA
117	e16_s1_AAGCGAGGTCACCCTT
118	e16_s1_AAGCGAGGTCATAAAG
119	e16_s1_AAGCGAGTCATTACCT
120	e16_s1_AAGCGTTGTCCTGGTG
121	e16_s1_AAGCGTTTCTCTCCGA
122	e16_s1_AAGGAATGTGTCCTAA
123	e16_s1_AAGGAATTCACCGCTT
124	e16_s1_AAGGTAAGTTCAAGGG
125	e16_s1_AAGGTAATCCATGAGT
126	e16_s1_AAGTACCCACGACGCT
127	e16_s1_AAGTACCTCCTACCAC
128	e16_s1_AAGTACCTCGTCGGGT
129	e16_s1_AAGTACCTCGTTCGCT
130	e16_s1_AAGTCGTAGAGCCCAA
131	e16_s1_AAGTCGTAGCATCCTA
132	e16_s1_AAGTCGTAGGATATAC
133	e16_s1_AAGTCGTCACCCGTAG
134	e16_s1_AAGTCGTCACCTCTAC
135	e16_s1_AAGTCGTGTCTTCCGT
136	e16_s1_AAGTCGTTCTGGACCG
137	e16_s1_AAGTGAAAGGATACGC
138	e16_s1_AAGTGAAAGTTAGTAG
139	e16_s1_AAGTGAAGTCACTAGT
140	e16_s1_AAGTGAATCCTCTCTT
141	e16_s1_AAGTTCGAGAGTTCGG
142	e16_s1_AAGTTCGGTCGTGGAA
143	e16_s1_AAGTTCGTCCAAACCA
144	e16_s1_AAGTTCGTCCCTCGTA
145	e16_s1_AAGTTCGTCGCCTCTA
146	e16_s1_AATAGAGAGTCGAATA
147	e16_s1_AATAGAGCACCAAATC
148	e16_s1_AATAGAGCAGCATTGT
149	e16_s1_AATAGAGCATAATCCG
150	e16_s1_AATAGAGGTACTGCCG
151	e16_s1_AATAGAGGTCGAAACG
152	e16_s1_AATAGAGGTCTTCAAG
153	e16_s1_AATAGAGTCACCATGA
154	e16_s1_AATCACGAGCTTAAGA
155	e16_s1_AATCACGCAACACTAC
156	e16_s1_AATCACGCAACTCGAT
157	e16_s1_AATCACGGTGCCGGTT
158	e16_s1_AATCACGGTGTCACAT
159	e16_s1_AATCGACAGCCTCATA
160	e16_s1_AATCGACCAATAGTCC
161	e16_s1_AATCGACCAATGGCCC
162	e16_s1_AATCGACTCCCGAATA
163	e16_s1_AATCGTGAGAGTGTGC
164	e16_s1_AATCGTGAGGCTCACC
165	e16_s1_AATCGTGAGTAGGATT
166	e16_s1_AATCGTGAGTGGACTG
167	e16_s1_AATCGTGCACAACATC
168	e16_s1_AATCGTGCAGAACTTC
169	e16_s1_AATCGTGTCATGCCGG
170	e16_s1_AATCGTGTCCCGAGGT
171	e16_s1_AATGAAGAGATAACAC
172	e16_s1_AATGAAGCAGAACTAA
173	e16_s1_AATGAAGTCCCGAGAC
174	e16_s1_AATGACCCATGCAGGA
175	e16_s1_AATGACCTCATGCCAA
176	e16_s1_AATGCCAAGCATCCCG
177	e16_s1_AATGCCACACAGTCCG
178	e16_s1_AATGGAAAGACCGCCT
179	e16_s1_AATGGAAGTACGATCT
180	e16_s1_AATGGAAGTCAGACGA
181	e16_s1_AATGGAAGTGACGCCT
182	e16_s1_AATGGAATCCAACACA
183	e16_s1_AATGGCTAGGGTGAAA
184	e16_s1_AATGGCTCAGTTTGGT
185	e16_s1_AATGGCTCATAACGGG
186	e16_s1_AATGGCTGTGCCTACG
187	e16_s1_AATTCCTAGATAGGGA
188	e16_s1_AATTCCTAGATTACCC
189	e16_s1_AATTCCTGTCAGGTAG
190	e16_s1_AATTCCTGTCTAACGT
191	e16_s1_AATTCCTGTTCGTACA
192	e16_s1_AATTCCTTCACTCTTA
193	e16_s1_AATTCCTTCTAATTCC
194	e16_s1_AATTTCCAGATACAGT
195	e16_s1_AATTTCCGTGAAGCTG
196	e16_s1_ACAAAGAGTATTAAGG
197	e16_s1_ACAAAGAGTTGCATGT
198	e16_s1_ACAAAGATCATTCACT
199	e16_s1_ACAACCAAGAATCGCG
200	e16_s1_ACAACCAAGAGCAACC
201	e16_s1_ACAACCAAGGATGTTA
202	e16_s1_ACAACCACAGCAAGAC
203	e16_s1_ACAACCACAGTGTACT
204	e16_s1_ACAACCAGTACTGTTG
205	e16_s1_ACAACCAGTCTGTGCG
206	e16_s1_ACAACCAGTGAGATAT
207	e16_s1_ACAAGCTCAGAACCGA
208	e16_s1_ACAAGCTCATCCGTTC
209	e16_s1_ACAAGCTGTGAGCTCC
210	e16_s1_ACAAGCTTCTAGGCCG
211	e16_s1_ACACAGTCACACACGC
212	e16_s1_ACACAGTGTTGGGCCT
213	e16_s1_ACACCAAAGCAATAGT
214	e16_s1_ACACCAAAGGCACTCC
215	e16_s1_ACACCAAAGGCTCCCA
216	e16_s1_ACACCAAAGTCTAACC
217	e16_s1_ACACCAACATCCTGTC
218	e16_s1_ACACCAAGTAACCCGC
219	e16_s1_ACACCAAGTAGCCCTG
220	e16_s1_ACACGCGAGTGAGTTA
221	e16_s1_ACACGCGCAAGTATAG
222	e16_s1_ACACGCGTCGGACTGC
223	e16_s1_ACACTGAAGGAAAGAC
224	e16_s1_ACACTGAAGTCTGCAT
225	e16_s1_ACACTGACAGCCCACA
226	e16_s1_ACACTGAGTATGGAGC
227	e16_s1_ACACTGAGTGAGTTGG
228	e16_s1_ACAGAAAAGAGGGCGA
229	e16_s1_ACAGAAAAGAGTGTGC
230	e16_s1_ACAGAAACACTAAACC
231	e16_s1_ACAGAAATCCCGAACG
232	e16_s1_ACAGCCGCACTGGCGT
233	e16_s1_ACAGCCGGTATGAGAT
234	e16_s1_ACAGCCGGTATGGAGC
235	e16_s1_ACAGCCGTCATGCCCT
236	e16_s1_ACAGGGACACCTCGTT
237	e16_s1_ACAGGGAGTATGGGAC
238	e16_s1_ACATCCCAGAGAGTTT
239	e16_s1_ACATCCCCAACACAGG
240	e16_s1_ACATCCCCATCGCCTT
241	e16_s1_ACATCCCGTCTAGTGT
242	e16_s1_ACATCCCTCCATAGGT
243	e16_s1_ACATCGAAGTGCCGAA
244	e16_s1_ACATCGAGTGCAACGA
245	e16_s1_ACATCGAGTGTATTCG
246	e16_s1_ACATCGATCTTCGTGC
247	e16_s1_ACATCGATCTTTCAGT
248	e16_s1_ACATGCAAGTCTACCA
249	e16_s1_ACATGCACAGCTATAC
250	e16_s1_ACATGCACATGACTGT
251	e16_s1_ACATGCAGTCACTAGT
252	e16_s1_ACATGCAGTCCGAAAG
253	e16_s1_ACATGCAGTGGCTCTG
254	e16_s1_ACATGCATCATTGGTG
255	e16_s1_ACATGCATCCTTACCG
256	e16_s1_ACATGCATCGCTTACC
257	e16_s1_ACATGCATCTACCAGA
258	e16_s1_ACATTTCAGCAGCCTC
259	e16_s1_ACATTTCCACCCTTGT
260	e16_s1_ACATTTCTCATTGCTT
261	e16_s1_ACATTTCTCGAGTGGA
262	e16_s1_ACCAAACAGACCAACG
263	e16_s1_ACCAAACAGTAGTCAA
264	e16_s1_ACCAAACCACACAGCC
265	e16_s1_ACCAAACCACCATAAC
266	e16_s1_ACCAAACCAGGAAGTC
267	e16_s1_ACCAAACGTATGACAA
268	e16_s1_ACCAAACGTTCCTAAG
269	e16_s1_ACCAAACGTTTACACG
270	e16_s1_ACCAAACTCCTCTTTC
271	e16_s1_ACCAACAGTCACGCTG
272	e16_s1_ACCAACATCCTAACAG
273	e16_s1_ACCACAAAGATGGCGT
274	e16_s1_ACCACAAAGTCGCGAA
275	e16_s1_ACCACAAAGTTATGGA
276	e16_s1_ACCACAAGTCAACCAT
277	e16_s1_ACCACAAGTCGTTGCG
278	e16_s1_ACCACAATCGCTCTCA
279	e16_s1_ACCACAATCTCAATCT
280	e16_s1_ACCATTTAGTCAAGCG
281	e16_s1_ACCATTTGTCCAAATC
282	e16_s1_ACCATTTGTTGGGATG
283	e16_s1_ACCATTTTCAGGGTAG
284	e16_s1_ACCATTTTCGACCCAG
285	e16_s1_ACCATTTTCTTGGTGA
286	e16_s1_ACCCAAAAGTCGCCAC
287	e16_s1_ACCCAAACACTCATAG
288	e16_s1_ACCCAAAGTACAGCGA
289	e16_s1_ACCCTCAAGCCTCTTC
290	e16_s1_ACCCTCAAGTAGGAAG
291	e16_s1_ACCCTCATCGCGATCG
292	e16_s1_ACCCTTGAGGTTTACC
293	e16_s1_ACCCTTGCATGACACT
294	e16_s1_ACCCTTGGTCGGTAAG
295	e16_s1_ACCCTTGGTCGTAATC
296	e16_s1_ACCCTTGGTTCTCCTG
297	e16_s1_ACCCTTGGTTGATCGT
298	e16_s1_ACCCTTGTCCCTGTTG
299	e16_s1_ACCGTTCCAGGACAGT
300	e16_s1_ACCGTTCGTATGTCCA
301	e16_s1_ACCGTTCGTCGTGATT
302	e16_s1_ACCGTTCGTCTCGACG
303	e16_s1_ACCTACCAGAGCCGTA
304	e16_s1_ACCTACCCATCCAACA
305	e16_s1_ACCTACCGTATCACGT
306	e16_s1_ACCTACCGTCGTTCAA
307	e16_s1_ACCTACCGTCTAGGTT
308	e16_s1_ACCTGAAAGACAACAT
309	e16_s1_ACCTGAAAGTGTAGTA
310	e16_s1_ACCTGAAGTCTAGTGT
311	e16_s1_ACCTGTCCAAATTAGG
312	e16_s1_ACCTGTCCAATGGCAG
313	e16_s1_ACCTGTCGTAACCCTA
314	e16_s1_ACCTGTCGTAACTTCG
315	e16_s1_ACCTGTCGTTTACCTT
316	e16_s1_ACCTGTCGTTTCCAAG
317	e16_s1_ACCTGTCTCCTTTGAT
318	e16_s1_ACCTGTCTCGACGATT
319	e16_s1_ACCTGTCTCGTAGCTA
320	e16_s1_ACGATCAAGGTGCGAT
321	e16_s1_ACGATCACAGGCTCTG
322	e16_s1_ACGATCACATTCGATG
323	e16_s1_ACGATCATCGAGATGG
324	e16_s1_ACGATGTTCAATCTTC
325	e16_s1_ACGATGTTCTAGGCAT
326	e16_s1_ACGCACGAGGTCGTAG
327	e16_s1_ACGGAAGAGCAATAGT
328	e16_s1_ACGGAAGAGTAAGACT
329	e16_s1_ACGGAAGCAACTGCTA
330	e16_s1_ACGGAAGGTGATGTAA
331	e16_s1_ACGGAAGTCGTAACTG
332	e16_s1_ACGGGTCTCTTTACAC
333	e16_s1_ACGGTCGCACTCAAGT
334	e16_s1_ACGGTCGGTGAATTGA
335	e16_s1_ACGGTTAAGTGCAGCA
336	e16_s1_ACGGTTAGTGGTCTCG
337	e16_s1_ACGTAACCACGTATAC
338	e16_s1_ACGTAACGTCATCAGT
339	e16_s1_ACGTACAAGACTTGTC
340	e16_s1_ACGTACAAGGAACTAT
341	e16_s1_ACGTACACAATCTCGA
342	e16_s1_ACGTACACACACGGAA
343	e16_s1_ACGTACAGTGCTCTTC
344	e16_s1_ACGTACAGTGGCGCTT
345	e16_s1_ACGTACAGTTGTCAGT
346	e16_s1_ACGTACATCTTCCGTG
347	e16_s1_ACGTAGTGTGCCCACA
348	e16_s1_ACGTAGTTCATTTGCT
349	e16_s1_ACGTCCTAGAGACAAG
350	e16_s1_ACGTCCTAGTGTACAA
351	e16_s1_ACGTCCTCAAACCACT
352	e16_s1_ACGTCCTCACCGTCTT
353	e16_s1_ACGTCCTCAGTGAGCA
354	e16_s1_ACGTCCTGTAACTTCG
355	e16_s1_ACGTCCTGTGCATACT
356	e16_s1_ACGTCCTTCCTCGATC
357	e16_s1_ACGTCCTTCGGTAGGA
358	e16_s1_ACGTTCCAGCTTCGTA
359	e16_s1_ACGTTCCGTCCCAAAT
360	e16_s1_ACGTTCCTCTCGTTTA
361	e16_s1_ACTACGACAACGTATC
362	e16_s1_ACTACGAGTCGGCCTA
363	e16_s1_ACTACGATCCAGTGCG
364	e16_s1_ACTATCTAGAACGCGT
365	e16_s1_ACTATCTAGGACGCTA
366	e16_s1_ACTATCTAGGATAATC
367	e16_s1_ACTATCTAGTAGTGCG
368	e16_s1_ACTATCTCAATTTCGG
369	e16_s1_ACTATCTCATGACACT
370	e16_s1_ACTATCTCATGGAACG
371	e16_s1_ACTATCTGTACTGTTG
372	e16_s1_ACTATCTTCGAAGGAC
373	e16_s1_ACTATCTTCGCCAATA
374	e16_s1_ACTATCTTCGTAACTG
375	e16_s1_ACTATGGCAGAAGTTA
376	e16_s1_ACTATGGTCAGATTGC
377	e16_s1_ACTATGGTCGAAGAAT
378	e16_s1_ACTATGGTCGCTTAAG
379	e16_s1_ACTATGGTCTTAGGAC
380	e16_s1_ACTATTCAGGGCGAGA
381	e16_s1_ACTATTCGTAGACACG
382	e16_s1_ACTATTCGTGGCAGAT
383	e16_s1_ACTATTCTCATTACTC
384	e16_s1_ACTATTCTCCAAATGC
385	e16_s1_ACTCCCAGTACGAGTG
386	e16_s1_ACTCCCAGTATCGTAC
387	e16_s1_ACTCCCAGTCATCTAG
388	e16_s1_ACTCCCAGTGAGGCAT
389	e16_s1_ACTCCCATCATGCCGG
390	e16_s1_ACTCCCATCGCGTTTC
391	e16_s1_ACTCCCATCGCTTGCT
392	e16_s1_ACTCTCGAGAAACTCA
393	e16_s1_ACTCTCGCAACCGTAT
394	e16_s1_ACTCTCGCACACAGCC
395	e16_s1_ACTCTCGCATGACAAA
396	e16_s1_ACTCTCGTCCCTGGTT
397	e16_s1_ACTGATGAGGGTAGCT
398	e16_s1_ACTGATGCAACACACT
399	e16_s1_ACTGATGCACTCCCTA
400	e16_s1_ACTGATGGTCCAGCCA
401	e16_s1_ACTGATGGTCGGCACT
402	e16_s1_ACTGCAACACGGGTAA
403	e16_s1_ACTGCAACAGGGATAC
404	e16_s1_ACTGCAAGTCACGCTG
405	e16_s1_ACTGCAAGTGTCTTCC
406	e16_s1_ACTGCAAGTTTAGACC
407	e16_s1_ACTGCAATCAGGCGAA
408	e16_s1_ACTGCAATCTGCATAG
409	e16_s1_ACTGCAATCTGGCCAG
410	e16_s1_ACTGTCCGTCGCATCG
411	e16_s1_ACTGTGAAGACCGCCT
412	e16_s1_ACTGTGAAGAGGGTAA
413	e16_s1_ACTGTGAAGCATACTC
414	e16_s1_ACTGTGAAGCTGGCCT
415	e16_s1_ACTGTGACACCAGCCA
416	e16_s1_ACTGTGAGTGGAAGTC
417	e16_s1_ACTGTGATCCTCACGT
418	e16_s1_ACTTAGGAGAACAGGA
419	e16_s1_ACTTAGGAGATCGGTG
420	e16_s1_ACTTAGGCACAGTCCG
421	e16_s1_ACTTAGGCATCGCTAA
422	e16_s1_ACTTATCTCAAGTTGC
423	e16_s1_ACTTATCTCATCGCCT
424	e16_s1_ACTTATCTCGTTCAGA
425	e16_s1_ACTTCCGAGCTGCGAA
426	e16_s1_ACTTCCGGTAACCCGC
427	e16_s1_ACTTCGCCAGGACATG
428	e16_s1_ACTTCGCCATCTTCGC
429	e16_s1_ACTTTGTCACTAACGT
430	e16_s1_ACTTTGTTCGGTGTTA
431	e16_s1_AGAAATGGTGGTCCCA
432	e16_s1_AGAAATGGTTTGAAAG
433	e16_s1_AGAAATGTCACCGCTT
434	e16_s1_AGAAATGTCCGTATGA
435	e16_s1_AGAACAAGTTGCAACT
436	e16_s1_AGAACAATCGTCCTTG
437	e16_s1_AGAACCTCAAGCGCAA
438	e16_s1_AGAACCTTCTTCTGTA
439	e16_s1_AGAAGCGAGGACCCAA
440	e16_s1_AGAAGCGCAATCCAGT
441	e16_s1_AGAAGCGCAATGTTGC
442	e16_s1_AGAAGCGCACCAGTAT
443	e16_s1_AGAAGCGCACGGTGTC
444	e16_s1_AGAAGCGCACTCTAGA
445	e16_s1_AGAAGCGCAGAGTGTG
446	e16_s1_AGAAGCGGTCCGATCG
447	e16_s1_AGAAGCGGTTCAAAGA
448	e16_s1_AGAAGCGGTTCAACGT
449	e16_s1_AGAAGTACAAATCAGA
450	e16_s1_AGAAGTACAACACGAG
451	e16_s1_AGAAGTACACAAGCCC
452	e16_s1_AGAAGTACACCGTGAC
453	e16_s1_AGAAGTAGTTCCTAGA
454	e16_s1_AGACAAACAGCTTCCT
455	e16_s1_AGACACTAGGACCCAA
456	e16_s1_AGACACTGTTTCACAG
457	e16_s1_AGACACTTCGTTGTAG
458	e16_s1_AGACAGGCACAAGTGG
459	e16_s1_AGACAGGGTAAGAACT
460	e16_s1_AGACAGGGTCACTCTC
461	e16_s1_AGACAGGTCTGGTCAA
462	e16_s1_AGACCATAGCGCCTCA
463	e16_s1_AGACCATAGTATAGAC
464	e16_s1_AGACCATGTGATTGGG
465	e16_s1_AGACCATGTGGTTTGT
466	e16_s1_AGACCATTCAACCTCC
467	e16_s1_AGACCATTCGTTCTGC
468	e16_s1_AGACCCGAGAAAGTCT
469	e16_s1_AGACCCGCAACCACGC
470	e16_s1_AGACCCGCACACCTAA
471	e16_s1_AGACCCGGTTGACGGA
472	e16_s1_AGACCCGTCACCTTGC
473	e16_s1_AGACTCAGTTACCGTA
474	e16_s1_AGACTCATCATGGCCG
475	e16_s1_AGACTCATCGTCTACC
476	e16_s1_AGAGAATAGCTAGAAT
477	e16_s1_AGAGAATAGCTATCCA
478	e16_s1_AGAGAATCAAGAATGT
479	e16_s1_AGAGAATCAAGTTGGG
480	e16_s1_AGAGAATCATACCGTA
481	e16_s1_AGAGAATCATATTCGG
482	e16_s1_AGAGAATGTGCTCTCT
483	e16_s1_AGAGAGCAGAATAGTC
484	e16_s1_AGAGAGCAGAGGACTC
485	e16_s1_AGAGAGCTCGACATCA
486	e16_s1_AGAGCAGAGTCGGCAA
487	e16_s1_AGAGCAGCACAATGAA
488	e16_s1_AGAGCAGTCCATTTCA
489	e16_s1_AGAGCCCAGAAAGCGA
490	e16_s1_AGAGCCCCACGTCATA
491	e16_s1_AGAGCCCCAGATTAAG
492	e16_s1_AGAGCCCTCGACCTAA
493	e16_s1_AGATAGAAGAGCGACT
494	e16_s1_AGATAGACAGTCAGTT
495	e16_s1_AGATCCAAGAGAACCC
496	e16_s1_AGATCCACACTGTGAT
497	e16_s1_AGATCCATCGACGTCG
498	e16_s1_AGATCGTAGTAGCCAG
499	e16_s1_AGATCGTCAGCTCCTT
500	e16_s1_AGATCGTCAGCTTTCC
501	e16_s1_AGATCGTGTGCTGCAC
502	e16_s1_AGATCGTGTTAGCTAC
503	e16_s1_AGATCGTTCATTTCGT
504	e16_s1_AGATCGTTCGAAGAAT
505	e16_s1_AGATGAAAGCGCACAA
506	e16_s1_AGATGAACACAAGTTC
507	e16_s1_AGATGAACATACCACA
508	e16_s1_AGATGAAGTGTAGCAG
509	e16_s1_AGATGAATCACTTCTA
510	e16_s1_AGATGAATCGGCACTG
511	e16_s1_AGATGCTCAAGAGGTC
512	e16_s1_AGATGCTGTCAGGTGA
513	e16_s1_AGATGCTGTGGTAATA
514	e16_s1_AGATGCTGTTGGGTAG
515	e16_s1_AGATGCTTCACACCGG
516	e16_s1_AGATGCTTCATTGTTC
517	e16_s1_AGATGCTTCCCGATCT
518	e16_s1_AGATGCTTCCTTTAGT
519	e16_s1_AGCATCAAGAACCGCA
520	e16_s1_AGCATCAAGGTCGTCC
521	e16_s1_AGCATCAGTCGAACAG
522	e16_s1_AGCATCATCCTAAACG
523	e16_s1_AGCCAATGTAGCTTTG
524	e16_s1_AGCCAATTCCAAGCCG
525	e16_s1_AGCCAATTCCTGCCAT
526	e16_s1_AGCCACGCATACAGGG
527	e16_s1_AGCCACGTCATCTATC
528	e16_s1_AGCCACGTCTCCCAAC
529	e16_s1_AGCCAGCAGCCGCACT
530	e16_s1_AGCCAGCAGCCTCTTC
531	e16_s1_AGCCAGCCAGAGGACT
532	e16_s1_AGCCAGCGTCGATTTG
533	e16_s1_AGCCAGCGTCTTTCTA
534	e16_s1_AGCCAGCGTTCTAAGC
535	e16_s1_AGCCAGCTCTGGGCCA
536	e16_s1_AGCGATTAGACCATAA
537	e16_s1_AGCGATTAGAGCTGCA
538	e16_s1_AGCGATTCAAGTGCAG
539	e16_s1_AGCGATTCAATACCTG
540	e16_s1_AGCGATTCATGTGGTT
541	e16_s1_AGCGATTGTCGAAGCA
542	e16_s1_AGCGATTTCTACACTT
543	e16_s1_AGCGCCAGTTCATCGA
544	e16_s1_AGCGCCAGTTCCACAA
545	e16_s1_AGCGCCATCGAACCTA
546	e16_s1_AGCGCTGCAAAGAACT
547	e16_s1_AGCGCTGCAAGGTCGA
548	e16_s1_AGCGCTGTCGGAACTT
549	e16_s1_AGCGCTGTCTACCACC
550	e16_s1_AGCGCTGTCTGACGCG
551	e16_s1_AGCGTATAGCCATCCG
552	e16_s1_AGCGTATAGTATAACG
553	e16_s1_AGCGTATAGTGTTGAA
554	e16_s1_AGCGTATCACCTGCTT
555	e16_s1_AGCGTATGTCCTTTGC
556	e16_s1_AGCGTATGTCTTCTAT
557	e16_s1_AGCGTATTCAGGCGAA
558	e16_s1_AGCGTATTCTCCGTGT
559	e16_s1_AGCGTCGAGACGACGT
560	e16_s1_AGCGTCGAGCAAATCA
561	e16_s1_AGCGTCGAGCTGGTGA
562	e16_s1_AGCGTCGCAAATGGAT
563	e16_s1_AGCGTCGCACACCTTC
564	e16_s1_AGCGTCGCACGTCATA
565	e16_s1_AGCGTCGGTATTTCGG
566	e16_s1_AGCTACACACGGGTAA
567	e16_s1_AGCTACACATGAAAGT
568	e16_s1_AGCTCAAAGCTTTCCC
569	e16_s1_AGCTCAAAGTACAGCG
570	e16_s1_AGCTCAACAGCTTCCT
571	e16_s1_AGCTCAAGTACAGGTG
572	e16_s1_AGCTCAAGTATGGAGC
573	e16_s1_AGCTCAAGTTGAAGTA
574	e16_s1_AGCTCAATCCAATGCA
575	e16_s1_AGCTCAATCTGAGGCC
576	e16_s1_AGCTTCCAGCCATCCG
577	e16_s1_AGCTTCCCACCACATA
578	e16_s1_AGCTTCCGTAGAATGT
579	e16_s1_AGCTTCCGTATGCAAA
580	e16_s1_AGCTTCCGTTAACAGA
581	e16_s1_AGCTTCCTCGCAACAT
582	e16_s1_AGCTTCCTCTCGACCT
583	e16_s1_AGGAAATAGCTGAGTG
584	e16_s1_AGGAAATCAAATCAGA
585	e16_s1_AGGAAATCAGCAGTTT
586	e16_s1_AGGAAATGTCGGTGTC
587	e16_s1_AGGAAATGTCTACGAT
588	e16_s1_AGGAAATTCAAGGACG
589	e16_s1_AGGAATAAGATTCGAA
590	e16_s1_AGGAATATCACATCAG
591	e16_s1_AGGAATATCTTGCGCT
592	e16_s1_AGGACGAAGTCACGCC
593	e16_s1_AGGACGACAGAGGTTG
594	e16_s1_AGGACGAGTGCGGATA
595	e16_s1_AGGACGATCCTGCCAT
596	e16_s1_AGGACTTTCAGTGCGC
597	e16_s1_AGGAGGTAGGGCGAGA
598	e16_s1_AGGAGGTCATCCGATA
599	e16_s1_AGGAGGTGTTACCGTA
600	e16_s1_AGGAGGTTCGTCAAAC
601	e16_s1_AGGAGGTTCGTTCCTG
602	e16_s1_AGGATAACAACCGTAT
603	e16_s1_AGGATAAGTACACGTT
604	e16_s1_AGGATAATCGTAATGC
605	e16_s1_AGGATCTAGTCCTGCG
606	e16_s1_AGGATCTCAAACACGG
607	e16_s1_AGGATCTGTAATTAGG
608	e16_s1_AGGATCTTCCCATGGG
609	e16_s1_AGGCATTAGCAGTAAT
610	e16_s1_AGGCATTCAATCAAGA
611	e16_s1_AGGCATTGTCGTTGGC
612	e16_s1_AGGCATTTCCATCTGC
613	e16_s1_AGGCATTTCGTGCGAC
614	e16_s1_AGGCATTTCGTTCTAT
615	e16_s1_AGGCCACAGGTTGGTG
616	e16_s1_AGGCCACCAAATGCTC
617	e16_s1_AGGCCACGTTGCAAGG
618	e16_s1_AGGCTGCCACGTATAC
619	e16_s1_AGGCTGCGTCAACACT
620	e16_s1_AGGCTGCTCAGACTGT
621	e16_s1_AGGGAGTGTGGGACAT
622	e16_s1_AGGGAGTGTTCTTCAT
623	e16_s1_AGGGAGTTCCTACCAC
624	e16_s1_AGGGCCTAGCGCCTTG
625	e16_s1_AGGGCCTAGTAAGCAT
626	e16_s1_AGGGCTCAGCCGTTGC
627	e16_s1_AGGGCTCGTCATGGCC
628	e16_s1_AGGGCTCTCATGCCCT
629	e16_s1_AGGGTCCAGAGCAGTC
630	e16_s1_AGGGTCCAGAGGATGA
631	e16_s1_AGGGTCCAGGTACAAT
632	e16_s1_AGGGTCCCATGGTACT
633	e16_s1_AGGGTCCGTGAGTTTC
634	e16_s1_AGGGTCCTCACTCCGT
635	e16_s1_AGGGTGAAGATTGTGA
636	e16_s1_AGGGTTTAGCTGTACT
637	e16_s1_AGGGTTTCACTATCGA
638	e16_s1_AGGGTTTCATAATGCC
639	e16_s1_AGGGTTTTCGACCATA
640	e16_s1_AGGTAGGAGGTACAAT
641	e16_s1_AGGTAGGCAGACGATG
642	e16_s1_AGGTAGGGTGCTCCGA
643	e16_s1_AGGTAGGTCTCGCAGG
644	e16_s1_AGGTCATAGGATGGCT
645	e16_s1_AGGTCATCAAGCGCAA
646	e16_s1_AGGTCATGTAAGATCA
647	e16_s1_AGGTCATGTCATCAGT
648	e16_s1_AGGTCATTCCTTATCA
649	e16_s1_AGGTCTACAACAAGTA
650	e16_s1_AGGTCTAGTACTGCCG
651	e16_s1_AGGTCTATCATCGGGC
652	e16_s1_AGGTCTATCATGGTAC
653	e16_s1_AGGTGTTAGACGGAAA
654	e16_s1_AGGTGTTAGTTGTCGT
655	e16_s1_AGGTGTTCAGGAAGTC
656	e16_s1_AGGTGTTCATACGCAT
657	e16_s1_AGGTGTTCATGGGATG
658	e16_s1_AGGTGTTGTCGAAGCA
659	e16_s1_AGGTGTTGTGACATCT
660	e16_s1_AGGTGTTGTTACCCTC
661	e16_s1_AGGTGTTGTTGTGGAG
662	e16_s1_AGGTGTTTCGCAGATT
663	e16_s1_AGGTTACAGAAGCTGC
664	e16_s1_AGGTTACGTGCGGCTT
665	e16_s1_AGGTTACTCACGGTCG
666	e16_s1_AGGTTACTCGAACCAT
667	e16_s1_AGGTTGTTCTGGGTCG
668	e16_s1_AGTAACCAGAGAAGGT
669	e16_s1_AGTAACCAGAGGCGTT
670	e16_s1_AGTACCATCACTTGTT
671	e16_s1_AGTACTGCAGCAATTC
672	e16_s1_AGTACTGCAGTTACCA
673	e16_s1_AGTACTGTCGGATACT
674	e16_s1_AGTAGCTAGTACGTCT
675	e16_s1_AGTAGCTCAAGGATGC
676	e16_s1_AGTAGCTCAGGGCTTC
677	e16_s1_AGTAGTCAGCGTGCTC
678	e16_s1_AGTAGTCAGGATACCG
679	e16_s1_AGTAGTCAGTCAACAA
680	e16_s1_AGTAGTCCAAAGGTTA
681	e16_s1_AGTAGTCCACTGGCGT
682	e16_s1_AGTCAACTCGCAGTCG
683	e16_s1_AGTCACAAGCTAAGTA
684	e16_s1_AGTCACACACTCTGCT
685	e16_s1_AGTCACAGTCGTCAGC
686	e16_s1_AGTCACATCATCCTAT
687	e16_s1_AGTCACATCTCTGCCA
688	e16_s1_AGTCATGAGCCACCGT
689	e16_s1_AGTCATGAGGTGCCAA
690	e16_s1_AGTCATGCAACTAGAA
691	e16_s1_AGTCATGTCTTTCGAT
692	e16_s1_AGTCTCCTCACCCTGT
693	e16_s1_AGTCTCCTCACCTCGT
694	e16_s1_AGTCTCCTCTCAGAAC
695	e16_s1_AGTGACTAGCCTCCAG
696	e16_s1_AGTGACTCACACCGAC
697	e16_s1_AGTGACTCACCATAAC
698	e16_s1_AGTGACTTCTCAACCC
699	e16_s1_AGTGATCAGCTGTCCG
700	e16_s1_AGTGATCCACCCTGTT
701	e16_s1_AGTGATCCAGCTACCG
702	e16_s1_AGTGATCGTAGTGGCA
703	e16_s1_AGTGATCGTGACGTCC
704	e16_s1_AGTGCCGAGGTACCTT
705	e16_s1_AGTGCCGAGTAGACCG
706	e16_s1_AGTGCCGCAACCCTAA
707	e16_s1_AGTGCCGGTCCCTCAT
708	e16_s1_AGTGCCGGTGGTATGG
709	e16_s1_AGTGCCGTCTAGTTCT
710	e16_s1_AGTGTTGAGTCATAGA
711	e16_s1_AGTGTTGTCGATCCAA
712	e16_s1_AGTTAGCCACTAGAGG
713	e16_s1_AGTTAGCGTTACTCAG
714	e16_s1_AGTTAGCGTTCGTTCC
715	e16_s1_AGTTCCCCAAGAGGCT
716	e16_s1_AGTTCCCGTAAGTTGA
717	e16_s1_AGTTCCCTCACATTGG
718	e16_s1_AGTTCGACACAACGCC
719	e16_s1_AGTTCGAGTAAGGAGA
720	e16_s1_AGTTCGAGTCGGCTAC
721	e16_s1_AGTTCGAGTGCCGTAC
722	e16_s1_AGTTCGAGTTGCTCCT
723	e16_s1_AGTTCGATCGTCCTCA
724	e16_s1_ATACCGAAGGCCCGTT
725	e16_s1_ATACCGACAGCTTTGA
726	e16_s1_ATACCGAGTTGCATGT
727	e16_s1_ATACCGATCGGCAGTC
728	e16_s1_ATACCTTAGGAGATAG
729	e16_s1_ATACCTTCAACTCGAT
730	e16_s1_ATACTTCAGCCTGTCG
731	e16_s1_ATACTTCCAAGGTCAG
732	e16_s1_ATACTTCGTACAGAGC
733	e16_s1_ATACTTCGTACTGCCG
734	e16_s1_ATACTTCGTCCAATCA
735	e16_s1_ATACTTCTCCGAAATC
736	e16_s1_ATAGACCAGAAACACT
737	e16_s1_ATAGACCAGTCGGCCT
738	e16_s1_ATAGACCGTGTGATGG
739	e16_s1_ATAGAGAAGGACACTG
740	e16_s1_ATAGAGAAGGTCTGGA
741	e16_s1_ATAGAGATCGCTATTT
742	e16_s1_ATAGGCTTCATCGCTC
743	e16_s1_ATAGGCTTCTAGCCTC
744	e16_s1_ATAGGCTTCTGAGCAT
745	e16_s1_ATATCCTCACGACAAG
746	e16_s1_ATCACAGAGAGGTTAT
747	e16_s1_ATCACAGAGCGGGTTA
748	e16_s1_ATCACAGAGGGCTAAC
749	e16_s1_ATCACAGCACTTACAG
750	e16_s1_ATCACAGCATCAGCAT
751	e16_s1_ATCACAGGTATACCTG
752	e16_s1_ATCACAGGTGAGATTA
753	e16_s1_ATCACGAAGCGAACTG
754	e16_s1_ATCACTTAGTAGGGTC
755	e16_s1_ATCACTTAGTCACTAC
756	e16_s1_ATCACTTCAGCGACCT
757	e16_s1_ATCACTTCATCTCGTC
758	e16_s1_ATCACTTGTCAAAGAT
759	e16_s1_ATCAGGTCACACACGC
760	e16_s1_ATCAGGTCACCTTCCA
761	e16_s1_ATCAGGTGTAGGAAAG
762	e16_s1_ATCAGGTGTTGGGTTT
763	e16_s1_ATCATTCGTCCCGCAA
764	e16_s1_ATCATTCGTGGAAATT
765	e16_s1_ATCCACCAGACCGTTT
766	e16_s1_ATCCACCCACATATCG
767	e16_s1_ATCCACCTCCTGTAAG
768	e16_s1_ATCCATTAGACTGGGT
769	e16_s1_ATCCATTAGCCGTCGT
770	e16_s1_ATCCATTAGCTCGCAC
771	e16_s1_ATCCATTGTATCGCTA
772	e16_s1_ATCCCTGAGCCGGATA
773	e16_s1_ATCCGTCAGGTAGCAC
774	e16_s1_ATCCGTCAGTCGTCTA
775	e16_s1_ATCCGTCTCGTACCTC
776	e16_s1_ATCCTATAGGTAACTA
777	e16_s1_ATCCTATGTAGTCGGA
778	e16_s1_ATCCTATGTTGGACTT
779	e16_s1_ATCCTATTCTGGCCTT
780	e16_s1_ATCGATGAGCCTGCCA
781	e16_s1_ATCGATGCAATAGGAT
782	e16_s1_ATCGATGTCCTAGCCT
783	e16_s1_ATCGCCTAGCGTATAA
784	e16_s1_ATCGCCTAGCGTGTCC
785	e16_s1_ATCGCCTCAGGGTCTC
786	e16_s1_ATCGCCTGTGAGTTGG
787	e16_s1_ATCGGATTCCGGACGT
788	e16_s1_ATCGGATTCTCATGGA
789	e16_s1_ATCGGCGCAACTCATG
790	e16_s1_ATCGGCGCATACAGCT
791	e16_s1_ATCGGCGGTCAACATC
792	e16_s1_ATCGGCGGTGGGTCAA
793	e16_s1_ATCGTAGAGGTTACAA
794	e16_s1_ATCGTAGGTCGTACTA
795	e16_s1_ATCGTCCCAGATAAAC
796	e16_s1_ATCGTCCTCCTGTTGC
797	e16_s1_ATCGTCCTCGCCAGTG
798	e16_s1_ATCGTCCTCTGTCAGA
799	e16_s1_ATCGTGATCATTTGTC
800	e16_s1_ATCTCTAAGCTAATGA
801	e16_s1_ATCTCTAAGCTGACAG
802	e16_s1_ATCTCTACAGGTATGG
803	e16_s1_ATCTCTACATAGGAGC
804	e16_s1_ATCTCTAGTGCTGCAC
805	e16_s1_ATCTTCAAGATTAGAC
806	e16_s1_ATCTTCAAGGACTGGT
807	e16_s1_ATCTTCAAGGTCGTGA
808	e16_s1_ATCTTCAAGTCGGCCT
809	e16_s1_ATCTTCACATCGTTCC
810	e16_s1_ATCTTCATCCCAATAG
811	e16_s1_ATGAAAGAGCTCGCAC
812	e16_s1_ATGAAAGGTCGTCAGC
813	e16_s1_ATGAAAGGTGCCTGAC
814	e16_s1_ATGAAAGTCCACACCT
815	e16_s1_ATGACCACAATTGAGA
816	e16_s1_ATGACCACATTGGGAG
817	e16_s1_ATGACCAGTAAGTCAA
818	e16_s1_ATGACCATCCTCGCAT
819	e16_s1_ATGAGTCCAAGCCATT
820	e16_s1_ATGAGTCCAATGTGGG
821	e16_s1_ATGAGTCCATTCATCT
822	e16_s1_ATGATCGAGGATATGT
823	e16_s1_ATGATCGCATCTATCT
824	e16_s1_ATGATCGGTTACCGTA
825	e16_s1_ATGATCGTCTCCTGCA
826	e16_s1_ATGCATGGTCTGATAC
827	e16_s1_ATGCATGGTCTGTCCT
828	e16_s1_ATGCATGTCATACGGT
829	e16_s1_ATGCCTCCAATTGTGC
830	e16_s1_ATGCCTCGTACCGGAA
831	e16_s1_ATGCCTCTCGATTGGT
832	e16_s1_ATGCCTCTCGCTTACC
833	e16_s1_ATGCCTCTCTTGAGCA
834	e16_s1_ATGCGATAGTCGAAAT
835	e16_s1_ATGCGATCAAGGCTTT
836	e16_s1_ATGCGATCATAAGCGG
837	e16_s1_ATGCGATCATCGGTTA
838	e16_s1_ATGCGATGTGAGCGAT
839	e16_s1_ATGCGATGTTCTTCAT
840	e16_s1_ATGGAGGAGCGTTGTT
841	e16_s1_ATGGAGGCAAGGTACG
842	e16_s1_ATGGATCCATCGGATT
843	e16_s1_ATGGATCTCGGACCAC
844	e16_s1_ATGGGAGAGTAGATCA
845	e16_s1_ATGGGAGGTATAGCTC
846	e16_s1_ATGGGAGGTGACCGAA
847	e16_s1_ATGGGTTAGATTGTGA
848	e16_s1_ATGGGTTAGGTAAACT
849	e16_s1_ATGGGTTCATTAGGAA
850	e16_s1_ATGGGTTGTGTCTTCC
851	e16_s1_ATGGGTTTCCGGACTG
852	e16_s1_ATGGTTGAGGGACACT
853	e16_s1_ATGGTTGAGTGCCCGT
854	e16_s1_ATGGTTGCATCGAACT
855	e16_s1_ATGGTTGTCTTAGGAC
856	e16_s1_ATGTCCCCAACCTAAC
857	e16_s1_ATGTCTTAGCATTTCG
858	e16_s1_ATGTCTTAGGAACTAT
859	e16_s1_ATGTCTTCAATGAACA
860	e16_s1_ATGTCTTCATCTCATT
861	e16_s1_ATGTCTTGTAGTCGTT
862	e16_s1_ATGTCTTGTTGGGATG
863	e16_s1_ATTACCTAGTAGGTTA
864	e16_s1_ATTACCTTCATGAGAA
865	e16_s1_ATTACCTTCCTTTGAT
866	e16_s1_ATTACCTTCGCGCTGA
867	e16_s1_ATTACCTTCGCGTCGA
868	e16_s1_ATTACTCAGCCGATCC
869	e16_s1_ATTACTCTCACAGAGG
870	e16_s1_ATTATCCTCATTCGGA
871	e16_s1_ATTATCCTCGGTATGT
872	e16_s1_ATTATCCTCTAGCCTC
873	e16_s1_ATTCACTCATTAGGAA
874	e16_s1_ATTCACTGTGTATTCG
875	e16_s1_ATTCACTGTGTTCGTA
876	e16_s1_ATTCACTTCAGACAAA
877	e16_s1_ATTCAGGAGCCTAACT
878	e16_s1_ATTCAGGGTTCGTACA
879	e16_s1_ATTCATCAGTTTGGCT
880	e16_s1_ATTCATCGTCATAAAG
881	e16_s1_ATTCATCGTGGACCAA
882	e16_s1_ATTCATCGTGGCTGCT
883	e16_s1_ATTCATCGTTGCTAGT
884	e16_s1_ATTCATCTCGCTTGCT
885	e16_s1_ATTCATCTCTCAGTCC
886	e16_s1_ATTCCATAGGAGAATG
887	e16_s1_ATTCCATCAAACGAGC
888	e16_s1_ATTCCATTCAAGTCTG
889	e16_s1_ATTCCATTCATCTCTA
890	e16_s1_ATTCCATTCCGCGATG
891	e16_s1_ATTCCCGCATCGATAC
892	e16_s1_ATTCCCGCATGGCCAC
893	e16_s1_ATTCCCGGTAGTCTTG
894	e16_s1_ATTCCCGTCAACCCGG
895	e16_s1_ATTCCCGTCCCAGCGA
896	e16_s1_ATTCCCGTCTAGTACG
897	e16_s1_ATTCCTATCGAACCAT
898	e16_s1_ATTCGTTAGAGAGGGC
899	e16_s1_ATTCGTTAGCGCCTAC
900	e16_s1_ATTCGTTCAAGGTCGA
901	e16_s1_ATTCGTTCACATTACG
902	e16_s1_ATTCGTTCACTTCCTG
903	e16_s1_ATTCGTTGTCCACGCA
904	e16_s1_ATTCTACAGACGCATG
905	e16_s1_ATTCTACAGCGGTATG
906	e16_s1_ATTCTACAGGTCACTT
907	e16_s1_ATTCTACCATTCACAG
908	e16_s1_ATTCTACGTCCCGGTA
909	e16_s1_ATTCTTGAGCCAAGTG
910	e16_s1_ATTCTTGCACCTGCTT
911	e16_s1_ATTCTTGCAGGCATGA
912	e16_s1_ATTCTTGGTAATTGGA
913	e16_s1_ATTCTTGTCCAGCAAT
914	e16_s1_ATTCTTGTCCGAAGGA
915	e16_s1_ATTGGGTCAAGGTACG
916	e16_s1_ATTGGGTCACGTCGGT
917	e16_s1_ATTGGGTCAGCATCTA
918	e16_s1_ATTGGGTGTCGCCTAG
919	e16_s1_ATTGTTCCATCATCTT
920	e16_s1_ATTGTTCGTCAGGTAG
921	e16_s1_ATTGTTCGTGTCATTG
922	e16_s1_ATTGTTCGTTTCGGCG
923	e16_s1_ATTGTTCTCCAAACCA
924	e16_s1_ATTTACCAGTTGTAGA
925	e16_s1_ATTTACCGTTGGAGGT
926	e16_s1_ATTTCACAGCAACTTC
927	e16_s1_ATTTCACAGGCAATGC
928	e16_s1_ATTTCACCACAGCATT
929	e16_s1_ATTTCACCAGCACAAG
930	e16_s1_ATTTCTGAGGTCATCT
931	e16_s1_ATTTCTGAGGTTGACG
932	e16_s1_ATTTCTGAGTGCTCAT
933	e16_s1_ATTTCTGCATCGTCCT
934	e16_s1_ATTTCTGCATGACCCG
935	e16_s1_ATTTCTGTCGGCATAT
936	e16_s1_ATTTCTGTCTGTGCGG
937	e16_s1_CAAAGAAAGAATAACC
938	e16_s1_CAAAGAAAGGTAGGCT
939	e16_s1_CAAAGAAGTGTGTTTG
940	e16_s1_CAAAGAAGTTCGGCGT
941	e16_s1_CAACAACAGCACTCGC
942	e16_s1_CAACAACAGCCGAATG
943	e16_s1_CAACAACCAATGAGCG
944	e16_s1_CAACAACCAGTGTATC
945	e16_s1_CAACAACTCAGCCTCT
946	e16_s1_CAACAACTCTAGCCTC
947	e16_s1_CAACAGTAGGATACAT
948	e16_s1_CAACAGTCATCATCCC
949	e16_s1_CAACAGTGTCGACTGC
950	e16_s1_CAACAGTTCAGTCCGG
951	e16_s1_CAACCAAAGATGGTCG
952	e16_s1_CAACCTCTCGAACGCC
953	e16_s1_CAACGATCACGCGCTA
954	e16_s1_CAACGATGTTGCCAAT
955	e16_s1_CAACGGCAGCGCCGTT
956	e16_s1_CAACGGCTCGCCGAGT
957	e16_s1_CAAGACTGTCCGTTTC
958	e16_s1_CAAGACTTCCGGGACT
959	e16_s1_CAAGACTTCGCAACAT
960	e16_s1_CAAGACTTCGTCCTCA
961	e16_s1_CAAGACTTCTGGCCAG
962	e16_s1_CAAGAGGAGGCATCGA
963	e16_s1_CAAGAGGAGTTTGCTG
964	e16_s1_CAAGAGGCAATAGGAT
965	e16_s1_CAAGAGGTCTATTTCG
966	e16_s1_CAAGCTAAGTAAATGC
967	e16_s1_CAAGCTAAGTTGTACC
968	e16_s1_CAAGCTACAGGACTTT
969	e16_s1_CAAGCTAGTAATCAAG
970	e16_s1_CAAGCTAGTTAGGGAC
971	e16_s1_CAAGCTATCGCAATGT
972	e16_s1_CAAGGGAGTGTTAAAG
973	e16_s1_CAAGGGATCACTTGTT
974	e16_s1_CAATACGCAAACTAAG
975	e16_s1_CAATACGCAAGAATAC
976	e16_s1_CAATACGCAATAGTGA
977	e16_s1_CAATACGCACTTACAG
978	e16_s1_CAATACGCAGACACCC
979	e16_s1_CAATACGGTTAGGCTT
980	e16_s1_CAATACGTCCACAGGC
981	e16_s1_CAATACGTCTCTGACC
982	e16_s1_CAATCGACAGGACTAG
983	e16_s1_CAATCGAGTCATTCCC
984	e16_s1_CAATGACAGGGCTTCC
985	e16_s1_CAATGACAGTCACGAG
986	e16_s1_CAATGACCAGGCAATG
987	e16_s1_CAATGACGTATATGGA
988	e16_s1_CAATTTCCACAGCCAC
989	e16_s1_CAATTTCCAGCTGTGC
990	e16_s1_CAATTTCCATGACAGG
991	e16_s1_CACAACACACACGGTC
992	e16_s1_CACAACACAGGACTAG
993	e16_s1_CACAACAGTATCAGGG
994	e16_s1_CACAACAGTTTGATCG
995	e16_s1_CACAACATCGTAACAC
996	e16_s1_CACAACATCTTGGTCC
997	e16_s1_CACACAAAGTTGTCGT
998	e16_s1_CACACAATCGTTGTAG
999	e16_s1_CACAGATGTTGCCGAC
1000	e16_s1_CACAGATTCCCAGTGG
1001	e16_s1_CACAGGCAGCGACTTT
1002	e16_s1_CACAGGCAGTATGATG
1003	e16_s1_CACAGGCCAAGGCGTA
1004	e16_s1_CACAGGCCAGAACCGA
1005	e16_s1_CACAGGCCAGGTCAGA
1006	e16_s1_CACAGGCGTCCCTGAG
1007	e16_s1_CACAGGCGTTGTGGAG
1008	e16_s1_CACAGGCTCATGCCAA
1009	e16_s1_CACAGGCTCTCGTTTA
1010	e16_s1_CACATGAAGGATTCCT
1011	e16_s1_CACATGAAGGGACAGG
1012	e16_s1_CACATGACACCCTAGG
1013	e16_s1_CACATGAGTCTGATAC
1014	e16_s1_CACATGAGTGCCGGTT
1015	e16_s1_CACATGATCCATTCAT
1016	e16_s1_CACCAAAAGACATAAC
1017	e16_s1_CACCAAAAGGTAATCA
1018	e16_s1_CACCAAAAGTCACGCC
1019	e16_s1_CACCAAACAATTCTTC
1020	e16_s1_CACCAAAGTGTAGTGG
1021	e16_s1_CACCAAAGTTTACGAC
1022	e16_s1_CACCGTTCAACGATCT
1023	e16_s1_CACCGTTGTAAGCGGT
1024	e16_s1_CACCGTTGTGGAATGC
1025	e16_s1_CACCGTTTCATTGCTT
1026	e16_s1_CACCGTTTCGAAGAAT
1027	e16_s1_CACCGTTTCTGTCCCA
1028	e16_s1_CACGAATAGCTTTCTT
1029	e16_s1_CACGAATCAACCGTGC
1030	e16_s1_CACGAATGTCGATTAC
1031	e16_s1_CACGAATGTTTCGCTC
1032	e16_s1_CACGAATTCATCCTAT
1033	e16_s1_CACGAATTCGGCTGAC
1034	e16_s1_CACGGGTAGCAATAGT
1035	e16_s1_CACGGGTGTAATCAAG
1036	e16_s1_CACGGGTGTCCAAGAG
1037	e16_s1_CACGGGTGTCTTGAAC
1038	e16_s1_CACGGGTGTGCTCGTG
1039	e16_s1_CACGGGTGTGGGATTG
1040	e16_s1_CACGGGTTCCGGTTCT
1041	e16_s1_CACGGGTTCTGGAAGG
1042	e16_s1_CACGGGTTCTTCACGC
1043	e16_s1_CACGTGGAGGTATTGA
1044	e16_s1_CACGTGGCAGTGTATC
1045	e16_s1_CACGTGGGTGGTCCCA
1046	e16_s1_CACGTGGTCACATCAG
1047	e16_s1_CACGTGGTCACTGGTA
1048	e16_s1_CACGTTCAGAGCAGAA
1049	e16_s1_CACGTTCTCAAAGCCT
1050	e16_s1_CACGTTCTCGAGCCTG
1051	e16_s1_CACTAAGCAGTGAGCA
1052	e16_s1_CACTAAGGTGCCTTTC
1053	e16_s1_CACTAAGTCAACTCTT
1054	e16_s1_CACTAAGTCAGGTAAA
1055	e16_s1_CACTAAGTCGTTTACT
1056	e16_s1_CACTGAAAGTGTTCCA
1057	e16_s1_CACTGGGCACTTGAAC
1058	e16_s1_CACTGGGTCCTAGCGG
1059	e16_s1_CACTGTCGTAGACACG
1060	e16_s1_CACTGTCGTTGGATCT
1061	e16_s1_CACTTCGCATTAGGAA
1062	e16_s1_CACTTCGGTCGGTGAA
1063	e16_s1_CACTTCGGTTGCTCAA
1064	e16_s1_CACTTCGTCGAGTCCG
1065	e16_s1_CAGAGCCAGATGGCAC
1066	e16_s1_CAGAGCCAGCGCACAA
1067	e16_s1_CAGAGCCCAAATAAGC
1068	e16_s1_CAGAGCCCAGAATCGG
1069	e16_s1_CAGAGCCTCCGACATA
1070	e16_s1_CAGAGCCTCGAGAATA
1071	e16_s1_CAGATACAGACTTGTC
1072	e16_s1_CAGATACTCGACGTCG
1073	e16_s1_CAGATACTCGTTCCCA
1074	e16_s1_CAGATCAAGTATAGAC
1075	e16_s1_CAGATCAAGTGGAAGA
1076	e16_s1_CAGATCAGTGGACTGA
1077	e16_s1_CAGATTGCATGTCGTA
1078	e16_s1_CAGATTGGTGGACAGT
1079	e16_s1_CAGCAATAGCAAATCA
1080	e16_s1_CAGCAATGTCTTTCTA
1081	e16_s1_CAGCAATTCGACGAGA
1082	e16_s1_CAGCACGAGAGAGGGC
1083	e16_s1_CAGCACGGTCACGTGC
1084	e16_s1_CAGCACGGTCCTACAA
1085	e16_s1_CAGCACGTCACCGGGT
1086	e16_s1_CAGCACGTCGTCCTCA
1087	e16_s1_CAGCAGCAGAGCCTGA
1088	e16_s1_CAGCAGCCAGGACATG
1089	e16_s1_CAGCAGCCATGTGACT
1090	e16_s1_CAGCAGCGTCTACAAC
1091	e16_s1_CAGCAGCGTGAATTGA
1092	e16_s1_CAGCAGCTCAATGCAC
1093	e16_s1_CAGCAGCTCGAATGCT
1094	e16_s1_CAGCAGCTCGTCTAAG
1095	e16_s1_CAGCCAGCATCATGAC
1096	e16_s1_CAGCCAGGTATGCGGA
1097	e16_s1_CAGGCCAAGGTACTGG
1098	e16_s1_CAGGCCAGTAAGTTGA
1099	e16_s1_CAGGGCTAGGTAATCA
1100	e16_s1_CAGGGCTGTACCCAGC
1101	e16_s1_CAGGGCTGTTGCCAAT
1102	e16_s1_CAGGGCTTCGTCAAAC
1103	e16_s1_CAGGGCTTCTCAGAAC
1104	e16_s1_CAGGTATAGTCCTACA
1105	e16_s1_CAGGTATAGTGCACTT
1106	e16_s1_CAGGTATCAGATACCT
1107	e16_s1_CAGGTATCAGTGTGGA
1108	e16_s1_CAGGTATCATAGGTTC
1109	e16_s1_CAGGTATTCCCTTGTG
1110	e16_s1_CAGTGCGAGGAATGTT
1111	e16_s1_CAGTGCGGTTCGGTAT
1112	e16_s1_CAGTGCGTCCGTGGTG
1113	e16_s1_CAGTGCGTCTAGTGTG
1114	e16_s1_CAGTTAGAGCCGAATG
1115	e16_s1_CAGTTAGCAATAGTGA
1116	e16_s1_CAGTTAGTCATGCCCT
1117	e16_s1_CAGTTCCCAAGACAAT
1118	e16_s1_CAGTTCCCATCGGAAG
1119	e16_s1_CATAAGCCACCTGATA
1120	e16_s1_CATAAGCCAGAGGTAC
1121	e16_s1_CATAAGCGTTGTATGC
1122	e16_s1_CATAAGCTCCGCGGAT
1123	e16_s1_CATAAGCTCTATACGG
1124	e16_s1_CATACAGAGGCGACAT
1125	e16_s1_CATACAGCACAGCTGC
1126	e16_s1_CATACAGCACGGATCC
1127	e16_s1_CATACAGCATAACCCA
1128	e16_s1_CATACAGGTCGCAACC
1129	e16_s1_CATACCCTCGGAGCAA
1130	e16_s1_CATACTTGTGTAACGG
1131	e16_s1_CATAGACAGGATTTAG
1132	e16_s1_CATAGACAGGGTCTTT
1133	e16_s1_CATAGACGTCCCACGA
1134	e16_s1_CATAGACGTTGCATAC
1135	e16_s1_CATCAAGTCCGTTGAA
1136	e16_s1_CATCAAGTCGAGAAGC
1137	e16_s1_CATCAAGTCGTCACCT
1138	e16_s1_CATCCACAGCGATCGA
1139	e16_s1_CATCCACCAAACCATC
1140	e16_s1_CATCCACCAATGGCAG
1141	e16_s1_CATCCACGTCTCGACG
1142	e16_s1_CATCCACTCATTATCC
1143	e16_s1_CATCCCAAGGATAATC
1144	e16_s1_CATCCCAGTACAGAAT
1145	e16_s1_CATCCCAGTGCCCACA
1146	e16_s1_CATCCCATCCCAACTC
1147	e16_s1_CATCCCATCCCGTGTT
1148	e16_s1_CATCCGTAGACCTGGA
1149	e16_s1_CATCCGTCAAAGTGTA
1150	e16_s1_CATCCGTCACCGTGCA
1151	e16_s1_CATCGCTTCAGCGCAC
1152	e16_s1_CATCGCTTCATCGACA
1153	e16_s1_CATCGCTTCTAGGCAT
1154	e16_s1_CATCGGGGTCGTGCCA
1155	e16_s1_CATCGGGGTCTTCGAA
1156	e16_s1_CATCGGGGTGAGTAAT
1157	e16_s1_CATCGGGGTTTCAGAC
1158	e16_s1_CATCGGGTCTGAGGCC
1159	e16_s1_CATCGTCAGCTACAAA
1160	e16_s1_CATCGTCCAATACCTG
1161	e16_s1_CATCGTCCAGCCGGTT
1162	e16_s1_CATCGTCTCGTTTACT
1163	e16_s1_CATGAGTTCTACGCGG
1164	e16_s1_CATGCAACAAATAAGC
1165	e16_s1_CATGCAACACGGGTAA
1166	e16_s1_CATGCAAGTGTCATTG
1167	e16_s1_CATGCAATCCAACTAG
1168	e16_s1_CATGCCTAGCTTGTTG
1169	e16_s1_CATGCCTGTGTCCACG
1170	e16_s1_CATGCGGAGGGACACT
1171	e16_s1_CATGCGGCATCAGCTA
1172	e16_s1_CATGCGGGTTCACGAT
1173	e16_s1_CATGCGGTCAAACCTG
1174	e16_s1_CATGCTCAGTCAGCGA
1175	e16_s1_CATGCTCCAAATGATG
1176	e16_s1_CATGCTCCATTCTGTT
1177	e16_s1_CATGCTCTCAGCCTTC
1178	e16_s1_CATGCTCTCCCAAGTA
1179	e16_s1_CATGGATAGTAAACTG
1180	e16_s1_CATGGATCAACCAATC
1181	e16_s1_CATGGATCAGTAACGG
1182	e16_s1_CATGGATCATACCGTA
1183	e16_s1_CATGGATCATGGAACG
1184	e16_s1_CATGGATGTGCGGCTT
1185	e16_s1_CATGGTAGTATCTCTT
1186	e16_s1_CATGGTAGTGTTTACG
1187	e16_s1_CATTCATAGCGCCATC
1188	e16_s1_CATTCATTCCACAGGC
1189	e16_s1_CATTCCGAGTTACGAA
1190	e16_s1_CATTCCGGTAAGATTG
1191	e16_s1_CATTCCGGTCGAGTGA
1192	e16_s1_CATTCCGTCCGTGGCA
1193	e16_s1_CATTCCGTCCTATTTG
1194	e16_s1_CATTCCGTCCTGGGAC
1195	e16_s1_CATTCTAAGGACTATA
1196	e16_s1_CATTCTACAGTTTCAG
1197	e16_s1_CATTGAGAGCGCCTAC
1198	e16_s1_CATTGAGCAAACCACT
1199	e16_s1_CATTGAGTCAGCTTGA
1200	e16_s1_CATTGAGTCGACCAAT
1201	e16_s1_CATTGAGTCTGCTTAT
1202	e16_s1_CATTGCCAGCAGCACA
1203	e16_s1_CATTGCCCATGGTACT
1204	e16_s1_CATTGCCTCATGAGTC
1205	e16_s1_CATTGCCTCATGCGGC
1206	e16_s1_CATTGTTAGAAGCGAA
1207	e16_s1_CATTGTTGTTGTTGCA
1208	e16_s1_CATTGTTTCTATACTC
1209	e16_s1_CATTGTTTCTATGTGG
1210	e16_s1_CATTTCACATATTCGG
1211	e16_s1_CATTTCAGTTTGGAGG
1212	e16_s1_CCAAGCGGTAATGATG
1213	e16_s1_CCAAGCGGTCCCTGTT
1214	e16_s1_CCAATGAGTCGAACAG
1215	e16_s1_CCAATGAGTGAGATCG
1216	e16_s1_CCAATGAGTTTCTATC
1217	e16_s1_CCAATGATCCCTGTTG
1218	e16_s1_CCAATGATCCTGTTAT
1219	e16_s1_CCAATGATCGCAGTGC
1220	e16_s1_CCAATGATCTCCCTAG
1221	e16_s1_CCAATTTAGTCGCCAC
1222	e16_s1_CCAATTTGTACAGTCT
1223	e16_s1_CCAATTTGTTGGACCC
1224	e16_s1_CCAATTTGTTTGCCGG
1225	e16_s1_CCAATTTTCATGCAGT
1226	e16_s1_CCACAAAAGGGATCGT
1227	e16_s1_CCACAAACACTGGACC
1228	e16_s1_CCACAAAGTACCCACG
1229	e16_s1_CCACAAAGTCCGGACT
1230	e16_s1_CCACAAAGTGATAGAT
1231	e16_s1_CCACACTAGAATAACC
1232	e16_s1_CCACACTAGGGATGTC
1233	e16_s1_CCACACTCAATACCCA
1234	e16_s1_CCACACTTCAGATGCT
1235	e16_s1_CCACACTTCATCGACA
1236	e16_s1_CCACACTTCTCATAGG
1237	e16_s1_CCACACTTCTCGGTAA
1238	e16_s1_CCACACTTCTCGTGGG
1239	e16_s1_CCACCATGTCAAACGG
1240	e16_s1_CCACCATGTCATCGGC
1241	e16_s1_CCACGAGAGTGCAAAT
1242	e16_s1_CCACGAGCACAAGCAG
1243	e16_s1_CCACGAGGTATCACCA
1244	e16_s1_CCACGAGTCAGCCTCT
1245	e16_s1_CCACGTTAGTTTCTTC
1246	e16_s1_CCACGTTCAACCGACC
1247	e16_s1_CCACGTTGTCCTCAGG
1248	e16_s1_CCACGTTGTCTGCGCA
1249	e16_s1_CCACGTTTCGGACTGC
1250	e16_s1_CCACGTTTCTTCCGTG
1251	e16_s1_CCACTTGAGAATCCCT
1252	e16_s1_CCACTTGAGGGTTGCA
1253	e16_s1_CCACTTGGTCACTAGT
1254	e16_s1_CCACTTGTCAAGATAG
1255	e16_s1_CCATAAGAGCGCCCAT
1256	e16_s1_CCATAAGAGGAGATAG
1257	e16_s1_CCATAAGAGGGCAACT
1258	e16_s1_CCATCACAGACCAAAT
1259	e16_s1_CCATCACAGTCGAGGT
1260	e16_s1_CCATCACAGTTCACTG
1261	e16_s1_CCATCACGTAGCCCTG
1262	e16_s1_CCATCACTCATCCTGC
1263	e16_s1_CCATCACTCGACGATT
1264	e16_s1_CCCAACTAGACGCCCT
1265	e16_s1_CCCAACTGTATCCCAA
1266	e16_s1_CCCAACTGTCGCAGTC
1267	e16_s1_CCCAACTGTCGTGGAA
1268	e16_s1_CCCATTGAGTTGTACC
1269	e16_s1_CCCATTGGTGACAGGT
1270	e16_s1_CCCATTGTCTCGCGTT
1271	e16_s1_CCCGAAGCAATGTGGG
1272	e16_s1_CCCGAAGGTCACCCTT
1273	e16_s1_CCCGGAAAGAGTCACG
1274	e16_s1_CCCGGAAGTACTTCCC
1275	e16_s1_CCCTAACAGACTCTTG
1276	e16_s1_CCCTAACTCAAGTCGT
1277	e16_s1_CCCTCAACATTGAAGA
1278	e16_s1_CCCTCTCAGTCAGGGT
1279	e16_s1_CCCTCTCCACAACGCC
1280	e16_s1_CCCTCTCTCAGCAGAG
1281	e16_s1_CCCTGATAGCGCCTCA
1282	e16_s1_CCCTGATAGCTAGAAT
1283	e16_s1_CCCTGATCAAGCCATT
1284	e16_s1_CCCTGATGTCCATACA
1285	e16_s1_CCCTGATGTCCTCAGG
1286	e16_s1_CCCTGATTCAATGTCG
1287	e16_s1_CCCTGATTCCCAATAG
1288	e16_s1_CCCTGATTCCCTTGTG
1289	e16_s1_CCCTGATTCTAGAACC
1290	e16_s1_CCCTTAGCACCCGTAG
1291	e16_s1_CCCTTAGCAGGATGAC
1292	e16_s1_CCCTTAGGTAGTCGGA
1293	e16_s1_CCCTTAGGTGAACCGA
1294	e16_s1_CCCTTAGTCGACGCGT
1295	e16_s1_CCCTTAGTCTCCGATC
1296	e16_s1_CCGAACGAGAACAGGA
1297	e16_s1_CCGAACGTCAGGACGA
1298	e16_s1_CCGAACGTCGCAGTTA
1299	e16_s1_CCGATCTAGCAAGCCA
1300	e16_s1_CCGATCTCAAGCGAGT
1301	e16_s1_CCGATCTCACATAACC
1302	e16_s1_CCGATGGGTTGGTACT
1303	e16_s1_CCGCAAGCACTCATAG
1304	e16_s1_CCGCAAGCAGCGGTCT
1305	e16_s1_CCGCAAGCATGCAGGA
1306	e16_s1_CCGCAAGGTATGAAAC
1307	e16_s1_CCGCAAGGTGGACCTC
1308	e16_s1_CCGCAAGTCGCCATAA
1309	e16_s1_CCGGACAGTCCCTAAA
1310	e16_s1_CCGGACATCGCGCTGA
1311	e16_s1_CCGGGTATCAGGAGAC
1312	e16_s1_CCGGTAGGTCATGGCC
1313	e16_s1_CCGGTAGTCAATCTCT
1314	e16_s1_CCGGTAGTCATACAGC
1315	e16_s1_CCGGTAGTCGGACAAG
1316	e16_s1_CCGGTGAAGTATAACG
1317	e16_s1_CCGGTGAAGTGGTTAA
1318	e16_s1_CCGGTGACAGAAGTGC
1319	e16_s1_CCGGTGAGTCCACGCA
1320	e16_s1_CCGGTGAGTTGGGACA
1321	e16_s1_CCGGTGATCCGCACGA
1322	e16_s1_CCGTAGGAGATGTAGT
1323	e16_s1_CCGTAGGGTCTCAAGT
1324	e16_s1_CCGTAGGGTTCTTCAT
1325	e16_s1_CCGTAGGGTTTGGCTA
1326	e16_s1_CCGTAGGTCATGTCTT
1327	e16_s1_CCGTGAGAGGCTAGCA
1328	e16_s1_CCGTGAGCAGTCGCTG
1329	e16_s1_CCGTGAGGTGGTCAAG
1330	e16_s1_CCGTGAGGTGGTCTGC
1331	e16_s1_CCGTTCATCATTTCCA
1332	e16_s1_CCTAACCCACACAGCC
1333	e16_s1_CCTAACCGTGCTCGTG
1334	e16_s1_CCTAACCGTGTCCGGT
1335	e16_s1_CCTAAGAAGCTACTGT
1336	e16_s1_CCTAAGAAGGTAATCA
1337	e16_s1_CCTAAGAGTACCTGTA
1338	e16_s1_CCTAAGAGTCGACTTA
1339	e16_s1_CCTAAGATCTCGAACA
1340	e16_s1_CCTACGTAGGTGCATG
1341	e16_s1_CCTACGTGTTCTCAGA
1342	e16_s1_CCTATCGAGAAATGGG
1343	e16_s1_CCTATCGAGCGCCTCA
1344	e16_s1_CCTATCGCACATACGT
1345	e16_s1_CCTATCGTCCGAGCTG
1346	e16_s1_CCTCAACAGGGCAACT
1347	e16_s1_CCTCAACCAAAGTATG
1348	e16_s1_CCTCAACCACTGCTTC
1349	e16_s1_CCTCAACCAGGTAGTG
1350	e16_s1_CCTCAACGTGACTGAG
1351	e16_s1_CCTCAACGTTGCATGT
1352	e16_s1_CCTCAACTCATCTACT
1353	e16_s1_CCTCACAAGTGCTACT
1354	e16_s1_CCTCACACAATACCTG
1355	e16_s1_CCTCAGTAGCCATATC
1356	e16_s1_CCTCAGTAGCGATGCA
1357	e16_s1_CCTCAGTAGGAGGTTC
1358	e16_s1_CCTCAGTCAGAGTTCT
1359	e16_s1_CCTCAGTTCAGCGCGT
1360	e16_s1_CCTCATGAGAGGGTAA
1361	e16_s1_CCTCATGAGTACGAGC
1362	e16_s1_CCTCATGCAAGCGGAT
1363	e16_s1_CCTCATGCATCGTTCC
1364	e16_s1_CCTCCTCAGAGTGGCT
1365	e16_s1_CCTCCTCAGCGTGCCT
1366	e16_s1_CCTCCTCAGTTGTACC
1367	e16_s1_CCTCCTCCAGAGTTGG
1368	e16_s1_CCTCCTCGTTCCACAA
1369	e16_s1_CCTCTAGCACTGTCCT
1370	e16_s1_CCTCTAGCACTTCAGA
1371	e16_s1_CCTCTAGGTCCCTGTT
1372	e16_s1_CCTCTCCAGGGCAACT
1373	e16_s1_CCTCTCCCATCTTTCA
1374	e16_s1_CCTGCATAGATGCAGC
1375	e16_s1_CCTGCATAGATTTGCC
1376	e16_s1_CCTGCATAGGTTCCGC
1377	e16_s1_CCTGCATCAGACGCTC
1378	e16_s1_CCTGCATCAGGAATCG
1379	e16_s1_CCTGCATGTTCGTACA
1380	e16_s1_CCTGCATTCAATCCGA
1381	e16_s1_CCTGCATTCTCGCGTT
1382	e16_s1_CCTGTTGGTACAGAAT
1383	e16_s1_CCTTCAGAGATTGAGT
1384	e16_s1_CCTTCAGAGGATTACA
1385	e16_s1_CCTTCAGCATCTAACG
1386	e16_s1_CCTTCAGGTCTTAGTG
1387	e16_s1_CCTTCAGTCGAGTGGA
1388	e16_s1_CCTTCAGTCTGCATAG
1389	e16_s1_CCTTGTGGTAGACGTG
1390	e16_s1_CCTTGTGGTGATTCTG
1391	e16_s1_CCTTGTGGTGTTAAAG
1392	e16_s1_CCTTTGGAGTGCACAG
1393	e16_s1_CCTTTGGCAAATTGCC
1394	e16_s1_CCTTTGGCACAGAGAC
1395	e16_s1_CCTTTGGGTACCTTCC
1396	e16_s1_CGAAGGAAGCACTTTG
1397	e16_s1_CGAAGGACAGCTGCCA
1398	e16_s1_CGAAGGATCACGACTA
1399	e16_s1_CGAAGTTGTAGGCAAC
1400	e16_s1_CGAAGTTGTATCGTAC
1401	e16_s1_CGAAGTTTCCCAAGCG
1402	e16_s1_CGAAGTTTCTCTCGAC
1403	e16_s1_CGAATTGAGCTATCCA
1404	e16_s1_CGAATTGAGGCCTTGC
1405	e16_s1_CGAATTGTCCTGCCAT
1406	e16_s1_CGAATTGTCGGAATGG
1407	e16_s1_CGAATTGTCGTACACA
1408	e16_s1_CGACAGCAGTGAGTTA
1409	e16_s1_CGACAGCCACATATCG
1410	e16_s1_CGACAGCCACCCTCTA
1411	e16_s1_CGACAGCCACTCCTTG
1412	e16_s1_CGACAGCTCAAGTAAG
1413	e16_s1_CGAGAAGAGCATAGGC
1414	e16_s1_CGAGAAGGTACCACGC
1415	e16_s1_CGAGAAGGTACGGGAT
1416	e16_s1_CGAGAAGGTGGACTAG
1417	e16_s1_CGAGAAGTCGAGAATA
1418	e16_s1_CGAGAAGTCTAGTCAG
1419	e16_s1_CGAGGAAAGATACCAA
1420	e16_s1_CGAGGAAAGTAGGTTA
1421	e16_s1_CGAGGAACACTCCGAG
1422	e16_s1_CGAGGAACATATGAAG
1423	e16_s1_CGAGGAACATGAGGGT
1424	e16_s1_CGAGGAATCTCAAAGC
1425	e16_s1_CGAGGCTCATTAGGAA
1426	e16_s1_CGAGGCTGTCTCAAGT
1427	e16_s1_CGAGGCTGTTCAAGTC
1428	e16_s1_CGAGTGCAGAAGTGTT
1429	e16_s1_CGAGTGCCACGGCTAC
1430	e16_s1_CGAGTGCCACGTCGGT
1431	e16_s1_CGAGTGCGTCTCACAA
1432	e16_s1_CGAGTGCTCCATCAGA
1433	e16_s1_CGAGTTAAGAACGCGT
1434	e16_s1_CGAGTTAAGGGCGAAG
1435	e16_s1_CGAGTTAGTAAGAACT
1436	e16_s1_CGAGTTAGTACTCCGG
1437	e16_s1_CGATCGGCACCCGTAG
1438	e16_s1_CGATCGGTCGCTCTAC
1439	e16_s1_CGATGCGAGCAGGCAT
1440	e16_s1_CGATGCGAGGCACTCC
1441	e16_s1_CGATGCGCAGGTTACT
1442	e16_s1_CGATGCGCATGATAGA
1443	e16_s1_CGATGCGTCTACTCAT
1444	e16_s1_CGATGCGTCTATTCGT
1445	e16_s1_CGATGCGTCTGGCTGG
1446	e16_s1_CGATGGCAGTCACACT
1447	e16_s1_CGATGGCAGTGACACG
1448	e16_s1_CGATGGCCACATAACC
1449	e16_s1_CGCAGGTAGACTCGAG
1450	e16_s1_CGCAGGTCATGAATAG
1451	e16_s1_CGCAGGTTCAGCTAGT
1452	e16_s1_CGCATAAAGTTGCGCC
1453	e16_s1_CGCATAACACCTCTGT
1454	e16_s1_CGCATAAGTAGTTCCA
1455	e16_s1_CGCATAATCAAACCTG
1456	e16_s1_CGCATAATCTGTCTCG
1457	e16_s1_CGCATGGAGGTAAGTT
1458	e16_s1_CGCATGGTCTCTAAGG
1459	e16_s1_CGCATGGTCTTCGTGC
1460	e16_s1_CGCCAGAAGCTCTTCC
1461	e16_s1_CGCCAGACAGCGGTCT
1462	e16_s1_CGCCATTCATGTTACG
1463	e16_s1_CGCCATTTCTGGCCTT
1464	e16_s1_CGCGTGAAGATGGGCT
1465	e16_s1_CGCGTGACAAGCTGTT
1466	e16_s1_CGCGTGACATGAATCC
1467	e16_s1_CGCGTGATCTCTCGCA
1468	e16_s1_CGGAACCCACGTACAT
1469	e16_s1_CGGAACCCACTCCACT
1470	e16_s1_CGGAACCCAGACTGCC
1471	e16_s1_CGGAACCGTAGGTTTC
1472	e16_s1_CGGAACCGTGTTCCAA
1473	e16_s1_CGGAACCTCAAGCTTG
1474	e16_s1_CGGAATTAGAGCATCG
1475	e16_s1_CGGAATTCACCCAACG
1476	e16_s1_CGGAATTCACTACCGG
1477	e16_s1_CGGAATTGTAAGAACT
1478	e16_s1_CGGAATTTCAGTCTTT
1479	e16_s1_CGGAATTTCCGGCAAC
1480	e16_s1_CGGAATTTCTCAAAGC
1481	e16_s1_CGGACACAGCAGATAT
1482	e16_s1_CGGACACAGCTACGTT
1483	e16_s1_CGGACACCATAGCACT
1484	e16_s1_CGGACACGTGTCTTGA
1485	e16_s1_CGGACACTCCAATCCC
1486	e16_s1_CGGACACTCTGGCTGG
1487	e16_s1_CGGAGAAAGGATTCCT
1488	e16_s1_CGGAGAAAGTGATAAC
1489	e16_s1_CGGAGAACAATCCAGT
1490	e16_s1_CGGAGAACACAAAGTA
1491	e16_s1_CGGAGAACAGCTACTA
1492	e16_s1_CGGAGAACAGGTACGA
1493	e16_s1_CGGAGAACATTCACCC
1494	e16_s1_CGGAGAATCCCGAGAC
1495	e16_s1_CGGAGAATCTGGAAGG
1496	e16_s1_CGGCAGTCACAGTGTT
1497	e16_s1_CGGCAGTGTTGTGTTG
1498	e16_s1_CGGCAGTTCCGGCAGT
1499	e16_s1_CGGGACTCACATGACT
1500	e16_s1_CGGGACTCAGGATGAC
1501	e16_s1_CGGGACTCATGGCTGC
1502	e16_s1_CGGGACTGTCTACGAT
1503	e16_s1_CGGGACTGTTCTTGTT
1504	e16_s1_CGGGCATAGTATGATG
1505	e16_s1_CGGGCATCATGTGCTA
1506	e16_s1_CGGGCATGTGCACAAG
1507	e16_s1_CGGGTCAAGATGCGAC
1508	e16_s1_CGGGTCAAGCCACCGT
1509	e16_s1_CGGGTCAGTGCCCACA
1510	e16_s1_CGGGTGTTCGTACCTC
1511	e16_s1_CGGTCAGGTACTTCCC
1512	e16_s1_CGGTCAGTCCACCCTA
1513	e16_s1_CGGTCAGTCGAACGCC
1514	e16_s1_CGTAAGTCAAGAGCTG
1515	e16_s1_CGTAAGTCACAGGATG
1516	e16_s1_CGTAAGTGTACTCCCT
1517	e16_s1_CGTAAGTTCCACTTTA
1518	e16_s1_CGTAAGTTCGGTCATA
1519	e16_s1_CGTAAGTTCTCATTAC
1520	e16_s1_CGTAATGCAAACGAGC
1521	e16_s1_CGTAATGCAATCCTAG
1522	e16_s1_CGTAATGCATAGACTC
1523	e16_s1_CGTAATGTCAAGAATG
1524	e16_s1_CGTAATGTCGGAAGGT
1525	e16_s1_CGTAATGTCTCCCAAC
1526	e16_s1_CGTAGTAGTTGTTTGG
1527	e16_s1_CGTAGTATCTGCTCTG
1528	e16_s1_CGTCAAAAGACGCAGT
1529	e16_s1_CGTCAAATCAGTGCGC
1530	e16_s1_CGTCCATCATTGCAAC
1531	e16_s1_CGTCCATGTCGTCTCT
1532	e16_s1_CGTCCATGTGACAGCA
1533	e16_s1_CGTCCATTCCTCAGAA
1534	e16_s1_CGTGAATAGCGCCTCA
1535	e16_s1_CGTGAATCAAGTTCGT
1536	e16_s1_CGTGAATCACAGCGCT
1537	e16_s1_CGTGAATCACGTCATA
1538	e16_s1_CGTGAATGTGTAAACA
1539	e16_s1_CGTGAATGTGTTTACG
1540	e16_s1_CGTGAATTCGTTAGAC
1541	e16_s1_CGTGATAAGGCGAAGG
1542	e16_s1_CGTGATAAGTCACTGT
1543	e16_s1_CGTGATACAAGCAGGT
1544	e16_s1_CGTGATACAAGCCTGC
1545	e16_s1_CGTGATAGTTTGTTCT
1546	e16_s1_CGTGATATCACGACTA
1547	e16_s1_CGTGCTTAGTCATCCA
1548	e16_s1_CGTGCTTGTCTAACTG
1549	e16_s1_CGTGCTTTCCACCTGT
1550	e16_s1_CGTGTCTCATGCCGCA
1551	e16_s1_CGTGTCTCATTCTCTA
1552	e16_s1_CGTGTCTGTACAACGG
1553	e16_s1_CGTGTCTGTGGCAACA
1554	e16_s1_CGTGTCTTCCCGTTCA
1555	e16_s1_CGTTAGAAGTAAGCAT
1556	e16_s1_CGTTAGAGTGCCTTCT
1557	e16_s1_CGTTCTGCACACGCCA
1558	e16_s1_CGTTCTGGTAAGGAGA
1559	e16_s1_CGTTCTGGTGGAATGC
1560	e16_s1_CGTTCTGTCGAGAATA
1561	e16_s1_CGTTGGGCAGCTAACT
1562	e16_s1_CGTTGGGCATGGCTAT
1563	e16_s1_CGTTGGGGTGTTTCTT
1564	e16_s1_CTAACCCCACTCTAGA
1565	e16_s1_CTAACCCGTCCGGTGT
1566	e16_s1_CTAACCCTCCCATAAG
1567	e16_s1_CTAACCCTCGAGAGAC
1568	e16_s1_CTAACTTAGCGTCAGA
1569	e16_s1_CTAACTTTCGAAGGAC
1570	e16_s1_CTAACTTTCTATCACT
1571	e16_s1_CTAAGTGAGACAAGCC
1572	e16_s1_CTAAGTGAGCAACCAG
1573	e16_s1_CTAAGTGGTGTGGACA
1574	e16_s1_CTAAGTGTCTTCTAAC
1575	e16_s1_CTACAGAAGGGTTGCA
1576	e16_s1_CTACAGAAGGTCGCCT
1577	e16_s1_CTACAGACATCTAGAC
1578	e16_s1_CTACAGAGTTGCCAAT
1579	e16_s1_CTACAGATCAACGTGT
1580	e16_s1_CTACAGATCACCTTGC
1581	e16_s1_CTACATTAGTAGGGTC
1582	e16_s1_CTACATTAGTTCAACC
1583	e16_s1_CTACATTTCGAGATAA
1584	e16_s1_CTACCCACATTGTCGA
1585	e16_s1_CTACCCAGTAGTCCTA
1586	e16_s1_CTACCCATCTAGAGCT
1587	e16_s1_CTACCTGCACCCTTAC
1588	e16_s1_CTACCTGCATTCCTCG
1589	e16_s1_CTACGGGAGTAGGATT
1590	e16_s1_CTACGGGCAGCCGGTT
1591	e16_s1_CTACGGGGTTGCCAAT
1592	e16_s1_CTACGGGGTTGGGCCT
1593	e16_s1_CTACGGGTCCATTTCA
1594	e16_s1_CTACGGGTCTGGTCAA
1595	e16_s1_CTACTATAGGTTGGTG
1596	e16_s1_CTACTATCAAGCAGGT
1597	e16_s1_CTACTATCACATATGC
1598	e16_s1_CTACTATGTATGACAA
1599	e16_s1_CTACTATGTCTGGTTA
1600	e16_s1_CTACTATGTGAGTAAT
1601	e16_s1_CTACTATTCGCTGATA
1602	e16_s1_CTAGACAAGCCGATTT
1603	e16_s1_CTAGACAAGCTGCGAA
1604	e16_s1_CTAGACAAGTACCATC
1605	e16_s1_CTAGACAAGTCTGCGC
1606	e16_s1_CTAGACACATTGACTG
1607	e16_s1_CTAGACATCCGATAAC
1608	e16_s1_CTAGACATCCTACACC
1609	e16_s1_CTAGGTAAGTGCTCAT
1610	e16_s1_CTAGGTAGTGGTCCGT
1611	e16_s1_CTAGGTATCTCTGCTG
1612	e16_s1_CTAGGTATCTTTGGAG
1613	e16_s1_CTATAGGCAACGGCCT
1614	e16_s1_CTATAGGCATGTCAGT
1615	e16_s1_CTATAGGGTGTCCACG
1616	e16_s1_CTATAGGTCGCCGATG
1617	e16_s1_CTATAGGTCTCACCCA
1618	e16_s1_CTATCCGCAATGGGTG
1619	e16_s1_CTATCCGCACTCTCGT
1620	e16_s1_CTATCCGCAGGACTTT
1621	e16_s1_CTATCCGGTAGGAGGG
1622	e16_s1_CTATCCGTCTTACTGT
1623	e16_s1_CTATCTAAGGCATGCA
1624	e16_s1_CTATCTACAAATGGAT
1625	e16_s1_CTATCTAGTCAAAGCG
1626	e16_s1_CTATCTAGTTTCGTTT
1627	e16_s1_CTATCTATCACCGGGT
1628	e16_s1_CTCAACCCAGAGTCTT
1629	e16_s1_CTCAACCGTCTAATCG
1630	e16_s1_CTCAACCGTGGCTTGC
1631	e16_s1_CTCAACCTCGGATAAA
1632	e16_s1_CTCAACCTCGTTGTAG
1633	e16_s1_CTCAAGACACGAGGTA
1634	e16_s1_CTCAAGAGTAACAGGC
1635	e16_s1_CTCAAGAGTATTCTCT
1636	e16_s1_CTCAAGAGTTCTCCTG
1637	e16_s1_CTCAAGATCGGATTAC
1638	e16_s1_CTCAATTAGCCAGACA
1639	e16_s1_CTCAATTCACTGCTTC
1640	e16_s1_CTCAATTTCGCGCCAA
1641	e16_s1_CTCACTGCAGAGGCAT
1642	e16_s1_CTCACTGTCACCTACC
1643	e16_s1_CTCACTGTCCACGTGG
1644	e16_s1_CTCACTGTCGCTACGG
1645	e16_s1_CTCAGAAAGTAGACCG
1646	e16_s1_CTCAGAACATTGAGGG
1647	e16_s1_CTCAGAAGTGTTCCAA
1648	e16_s1_CTCAGAAGTTGGGTTT
1649	e16_s1_CTCAGAATCCTTCAGC
1650	e16_s1_CTCAGAATCTATGTGG
1651	e16_s1_CTCAGGGAGAGTGGCT
1652	e16_s1_CTCAGGGTCCGATGTA
1653	e16_s1_CTCAGGGTCGGTCACG
1654	e16_s1_CTCAGTCAGGATCACG
1655	e16_s1_CTCAGTCGTAGTCACT
1656	e16_s1_CTCAGTCTCGAGAAAT
1657	e16_s1_CTCATCGCAAACACCT
1658	e16_s1_CTCATCGCAATCTAGC
1659	e16_s1_CTCATCGTCTTAGCCC
1660	e16_s1_CTCATGCAGCCATTGT
1661	e16_s1_CTCATGCAGTCGCTAT
1662	e16_s1_CTCATGCCAACTCGAT
1663	e16_s1_CTCATGCCATTGAAGA
1664	e16_s1_CTCATGCGTATACCTG
1665	e16_s1_CTCATGCGTTTGAACC
1666	e16_s1_CTCATTAAGAAGTGTT
1667	e16_s1_CTCATTAAGTCATGCT
1668	e16_s1_CTCATTAAGTTGGAAT
1669	e16_s1_CTCATTACAATTCGTG
1670	e16_s1_CTCCAACCAAATGCTC
1671	e16_s1_CTCCAACGTACTCGAT
1672	e16_s1_CTCCAACGTAGGCTCC
1673	e16_s1_CTCCAACGTGTCCGTG
1674	e16_s1_CTCCACAAGGTACCTT
1675	e16_s1_CTCCACAGTGCATGTT
1676	e16_s1_CTCCATGAGCCGGATA
1677	e16_s1_CTCCATGCATATCTCT
1678	e16_s1_CTCCATGGTTCCGGTG
1679	e16_s1_CTCCATGTCTCTCTAA
1680	e16_s1_CTCCATGTCTCTGGTC
1681	e16_s1_CTCCCAAAGGCACCAA
1682	e16_s1_CTCCCAAAGGTAGACC
1683	e16_s1_CTCCCAACAACTTGGT
1684	e16_s1_CTCCCAAGTCCCGTGA
1685	e16_s1_CTCCCAAGTTAATCGC
1686	e16_s1_CTCCCAATCGAGATAA
1687	e16_s1_CTCCCTCCAACCGTAT
1688	e16_s1_CTCCCTCTCGCTAATG
1689	e16_s1_CTCCGATCACCATAAC
1690	e16_s1_CTCCGATCAGAACATA
1691	e16_s1_CTCCGATGTCGTGGAA
1692	e16_s1_CTCCGATTCAAGCCCG
1693	e16_s1_CTCCGATTCGAGAGCA
1694	e16_s1_CTCCTCCAGGGTAGCT
1695	e16_s1_CTCCTCCGTGATACCT
1696	e16_s1_CTCCTCCTCATCGCAA
1697	e16_s1_CTCCTCCTCCACGTGG
1698	e16_s1_CTCCTCCTCTTCCAGC
1699	e16_s1_CTCCTTTAGAGAGGTA
1700	e16_s1_CTCCTTTCAACCAGAG
1701	e16_s1_CTCCTTTCACAACGTT
1702	e16_s1_CTCCTTTGTAACATCC
1703	e16_s1_CTCCTTTGTCAGGTAG
1704	e16_s1_CTCCTTTGTTTAGTCG
1705	e16_s1_CTCGAGGCATGTTTGG
1706	e16_s1_CTCGAGGGTGTACAGG
1707	e16_s1_CTCGAGGGTGTCCGGT
1708	e16_s1_CTCGAGGTCAAAGAAC
1709	e16_s1_CTCGAGGTCACCTTAT
1710	e16_s1_CTCGAGGTCGCAAGAG
1711	e16_s1_CTCTCAGCATCCGAGC
1712	e16_s1_CTCTCAGTCCCTCAAC
1713	e16_s1_CTCTCGAAGCGTCTCG
1714	e16_s1_CTCTCGACAACAGTGG
1715	e16_s1_CTCTCGAGTCCTTAAG
1716	e16_s1_CTCTCGATCCTTGGAA
1717	e16_s1_CTCTCGATCTGAATCG
1718	e16_s1_CTCTGGTAGTCGAAGC
1719	e16_s1_CTCTGGTGTCGTCATA
1720	e16_s1_CTCTGGTGTGATTCAC
1721	e16_s1_CTCTGGTTCTAGGAAA
1722	e16_s1_CTGAATGAGTACCGGA
1723	e16_s1_CTGAATGCACAAGCCC
1724	e16_s1_CTGAATGGTTGCTCCT
1725	e16_s1_CTGAGCGAGGCTCCCA
1726	e16_s1_CTGAGCGCAACCGCTG
1727	e16_s1_CTGAGCGCAGCAGGAT
1728	e16_s1_CTGAGCGCAGTGTGGA
1729	e16_s1_CTGAGCGGTAGAATAC
1730	e16_s1_CTGAGCGGTGGCATCC
1731	e16_s1_CTGAGCGTCTGCGAGC
1732	e16_s1_CTGAGGCAGCTAAATG
1733	e16_s1_CTGAGGCCAATCGCGC
1734	e16_s1_CTGATCCAGGGACCAT
1735	e16_s1_CTGATCCCAATGAGCG
1736	e16_s1_CTGATCCCACTGCGTG
1737	e16_s1_CTGCAGGAGTCCCGAC
1738	e16_s1_CTGCAGGGTGAATAAC
1739	e16_s1_CTGCAGGGTGCAAGAC
1740	e16_s1_CTGCAGGGTGCTATTG
1741	e16_s1_CTGCAGGTCCTCGCAT
1742	e16_s1_CTGCATCAGTGATTCC
1743	e16_s1_CTGCATCCAGTGACCC
1744	e16_s1_CTGCATCGTGGCAGAT
1745	e16_s1_CTGCATCTCCCGAATA
1746	e16_s1_CTGCATCTCGAGTTGT
1747	e16_s1_CTGCATCTCGTTTACT
1748	e16_s1_CTGCCATAGCACGTCC
1749	e16_s1_CTGCCATCAAAGGCTG
1750	e16_s1_CTGCCATCACGTGTGC
1751	e16_s1_CTGCCATCAGCCTTCT
1752	e16_s1_CTGCCTAAGACCAAGC
1753	e16_s1_CTGCCTAGTTTCGTGA
1754	e16_s1_CTGCCTATCCACAAGT
1755	e16_s1_CTGCTCAAGTCAGCCC
1756	e16_s1_CTGCTCAAGTGGTCAG
1757	e16_s1_CTGCTCACAAGTGTCT
1758	e16_s1_CTGCTCACAGGCACTC
1759	e16_s1_CTGCTCACATGTGTCA
1760	e16_s1_CTGCTCAGTAGTCTGT
1761	e16_s1_CTGGACGAGTATGACA
1762	e16_s1_CTGGACGCACATTCTT
1763	e16_s1_CTGGACGGTAGATCCT
1764	e16_s1_CTGGACGGTCTCACAA
1765	e16_s1_CTGGACGTCCATACAG
1766	e16_s1_CTGGCAGAGTGCACAG
1767	e16_s1_CTGGCAGCATGACAGG
1768	e16_s1_CTGGCAGTCACTTGTT
1769	e16_s1_CTGGCAGTCCTAGAGT
1770	e16_s1_CTGGTCTAGGTACATA
1771	e16_s1_CTGGTCTCAGTTAGAA
1772	e16_s1_CTGGTCTGTTACACAC
1773	e16_s1_CTGGTCTTCGAGGCAA
1774	e16_s1_CTGTACCCAAGGCGTA
1775	e16_s1_CTGTACCGTCACCCTT
1776	e16_s1_CTGTACCGTCGGTGTC
1777	e16_s1_CTGTACCTCTAGAGCT
1778	e16_s1_CTGTAGAAGACGCCAA
1779	e16_s1_CTGTAGAAGGGTACAC
1780	e16_s1_CTGTAGAAGTCCGCCA
1781	e16_s1_CTGTAGACACCTGTCT
1782	e16_s1_CTGTAGACACTCCCTA
1783	e16_s1_CTGTAGACAGCGTATT
1784	e16_s1_CTGTAGAGTTGTGGAG
1785	e16_s1_CTGTAGATCATTGGTG
1786	e16_s1_CTGTATTGTAGACAAT
1787	e16_s1_CTGTCGTTCACACCGG
1788	e16_s1_CTGTGAAAGCCTCCAG
1789	e16_s1_CTGTGAAGTGACCGAA
1790	e16_s1_CTGTGAATCTTCTGGC
1791	e16_s1_CTGTGGGAGCTTAGTC
1792	e16_s1_CTGTGGGGTGGAAATT
1793	e16_s1_CTGTGGGTCGCTACGG
1794	e16_s1_CTTACCGGTGGATCGA
1795	e16_s1_CTTAGGACACAGTATC
1796	e16_s1_CTTAGGAGTAGCGTCC
1797	e16_s1_CTTAGGAGTATCCCTC
1798	e16_s1_CTTAGGATCATCACAG
1799	e16_s1_CTTAGGATCGCGAAGA
1800	e16_s1_CTTCAATAGAATACAC
1801	e16_s1_CTTCAATAGACGGAAA
1802	e16_s1_CTTCAATAGCGTACAG
1803	e16_s1_CTTCAATCAAGCGGAT
1804	e16_s1_CTTCAATCACTGGATT
1805	e16_s1_CTTCAATTCCGTACGG
1806	e16_s1_CTTCCGAAGATGTTAG
1807	e16_s1_CTTCCGACATCGGCCA
1808	e16_s1_CTTCCGATCAAATGAG
1809	e16_s1_CTTCCGATCATGTCAG
1810	e16_s1_CTTCCTTAGGAACTAT
1811	e16_s1_CTTCCTTAGGTCCTGC
1812	e16_s1_CTTCCTTCATCAGCGC
1813	e16_s1_CTTCCTTGTAATACCC
1814	e16_s1_CTTCGGTAGCGTTCCG
1815	e16_s1_CTTCGGTGTACGAAAT
1816	e16_s1_CTTCGGTGTTGCTCGG
1817	e16_s1_CTTCGGTTCGTCGGGT
1818	e16_s1_CTTCTAAAGACGACGT
1819	e16_s1_CTTCTAACAGTCGAGA
1820	e16_s1_CTTCTAACAGTTTCGA
1821	e16_s1_CTTCTAAGTTATGTGC
1822	e16_s1_CTTCTAATCAAGCCAT
1823	e16_s1_CTTCTAATCCAATCTT
1824	e16_s1_CTTCTAATCCAGCACG
1825	e16_s1_CTTCTAATCGTGCACG
1826	e16_s1_CTTCTCTCATCAGCGC
1827	e16_s1_CTTCTCTCATCCCGTT
1828	e16_s1_CTTCTCTGTATCAGCT
1829	e16_s1_CTTCTCTTCCGATAAC
1830	e16_s1_CTTCTCTTCCGCTAGG
1831	e16_s1_CTTCTCTTCTCGTCGT
1832	e16_s1_CTTCTCTTCTGCCTCA
1833	e16_s1_CTTGAGACACAATGCT
1834	e16_s1_CTTGAGACACATTCTT
1835	e16_s1_CTTGAGAGTGTGAGCA
1836	e16_s1_CTTGAGATCGCGCTGA
1837	e16_s1_CTTGATTCAACTAGAA
1838	e16_s1_CTTGATTGTGGTCTCG
1839	e16_s1_CTTTCAAAGAGTCACG
1840	e16_s1_CTTTCAAAGTAGGTTA
1841	e16_s1_CTTTCAAGTAAGACCG
1842	e16_s1_CTTTCAAGTGGAACAC
1843	e16_s1_CTTTCAATCGGTGCAC
1844	e16_s1_CTTTCAATCTGTGTGA
1845	e16_s1_CTTTCGGAGCACCGAA
1846	e16_s1_CTTTCGGAGGCCTGCT
1847	e16_s1_GAAACCTAGAGAAGGT
1848	e16_s1_GAAACCTGTAACATCC
1849	e16_s1_GAAATGAAGCAGGGAG
1850	e16_s1_GAAATGACAAGAGGCT
1851	e16_s1_GAAATGACACATATGC
1852	e16_s1_GAAATGAGTCCGTACG
1853	e16_s1_GAAATGAGTCTCTCAC
1854	e16_s1_GAAATGATCCGCAACG
1855	e16_s1_GAACACTAGCCAGTAG
1856	e16_s1_GAACACTAGTTGTAGA
1857	e16_s1_GAACACTGTAACTAAG
1858	e16_s1_GAACACTGTATGCAAA
1859	e16_s1_GAACGTTAGGCTCAAG
1860	e16_s1_GAACGTTCAAATCGGG
1861	e16_s1_GAACGTTGTCGTGTTA
1862	e16_s1_GAACGTTTCTAGATCG
1863	e16_s1_GAACTGTCAATGGCCC
1864	e16_s1_GAACTGTGTAATGCGG
1865	e16_s1_GAACTGTGTCGGCACT
1866	e16_s1_GAACTGTGTGGATACG
1867	e16_s1_GAACTGTGTTTCCAAG
1868	e16_s1_GAACTGTTCAGTCCGG
1869	e16_s1_GAACTGTTCTAACACG
1870	e16_s1_GAAGAATGTTCGCGTG
1871	e16_s1_GAAGAATGTTCTTGCC
1872	e16_s1_GAAGAATTCCATGATG
1873	e16_s1_GAAGCCCCAAGTTCCA
1874	e16_s1_GAAGCCCCACTACGGC
1875	e16_s1_GAAGCCCCATTGGATC
1876	e16_s1_GAAGCCCTCCCAGTGG
1877	e16_s1_GAAGCCCTCTGTCAGA
1878	e16_s1_GAAGCGACATGACTAC
1879	e16_s1_GAAGCGATCTGCCTGT
1880	e16_s1_GAAGGACCACATTCTT
1881	e16_s1_GAAGGACGTCAGTCGC
1882	e16_s1_GAAGGACTCTGACGCG
1883	e16_s1_GAAGGGTAGAACTTCC
1884	e16_s1_GAAGGGTCAGTCGCAC
1885	e16_s1_GAAGGGTGTACTGTTG
1886	e16_s1_GAAGGGTGTCATGACT
1887	e16_s1_GAAGGGTGTCCGACGT
1888	e16_s1_GAAGGGTTCGCATTAG
1889	e16_s1_GAAGTAAAGGATGAGA
1890	e16_s1_GAAGTAACAGAGCCCT
1891	e16_s1_GAAGTAACAGATCCAT
1892	e16_s1_GAAGTAACAGCGTATT
1893	e16_s1_GAAGTAACATGAAAGT
1894	e16_s1_GAATAGAGTGGCTGAA
1895	e16_s1_GAATAGATCCAAGCTA
1896	e16_s1_GAATCACAGTTCATGC
1897	e16_s1_GAATCACTCAGCGGAA
1898	e16_s1_GAATCACTCCAATCCC
1899	e16_s1_GAATCACTCCAGCAAT
1900	e16_s1_GAATCGTAGCAGCGAT
1901	e16_s1_GACACGCAGCGCACAA
1902	e16_s1_GACACGCAGGCTGAAC
1903	e16_s1_GACACGCCATGGTACT
1904	e16_s1_GACACGCTCCTTCACG
1905	e16_s1_GACACGCTCGCTAATG
1906	e16_s1_GACACGCTCGCTTAAG
1907	e16_s1_GACAGCCAGTACTGTC
1908	e16_s1_GACAGCCAGTATTGCC
1909	e16_s1_GACAGCCAGTGGGAAA
1910	e16_s1_GACAGCCCAAGAGATT
1911	e16_s1_GACAGCCCAGAATTCC
1912	e16_s1_GACAGCCCATAGCTGT
1913	e16_s1_GACAGCCGTAGTGGCA
1914	e16_s1_GACATCAAGATACTGA
1915	e16_s1_GACATCAAGGATGAGA
1916	e16_s1_GACATCAAGTGGGAAA
1917	e16_s1_GACATCACATTATGCG
1918	e16_s1_GACATCAGTGGAGAAA
1919	e16_s1_GACCAATAGATAGCAT
1920	e16_s1_GACCAATCACGACTAT
1921	e16_s1_GACCAATTCTTCACAT
1922	e16_s1_GACCCAGAGCCGTTAT
1923	e16_s1_GACCCAGAGGAACTAT
1924	e16_s1_GACCCAGGTAGGTCAG
1925	e16_s1_GACCCAGGTCGCATCG
1926	e16_s1_GACCCTTAGTCTGGTT
1927	e16_s1_GACCCTTGTTCGGCTG
1928	e16_s1_GACCGTGAGGTAATCA
1929	e16_s1_GACCGTGCAGACCTAT
1930	e16_s1_GACCGTGCAGCATACT
1931	e16_s1_GACCGTGCATCCTATT
1932	e16_s1_GACCGTGGTCCGCAGT
1933	e16_s1_GACCGTGTCATGCATG
1934	e16_s1_GACCTTCAGCTACGTT
1935	e16_s1_GACCTTCAGTCTAGAA
1936	e16_s1_GACCTTCGTGGCTCTG
1937	e16_s1_GACCTTCTCTCGGCTT
1938	e16_s1_GACGCTGCAATCAAGA
1939	e16_s1_GACGCTGCAATTCTCT
1940	e16_s1_GACGCTGGTAGCCAGA
1941	e16_s1_GACGCTGGTTCAATCG
1942	e16_s1_GACGTTATCAAAGACA
1943	e16_s1_GACTATGAGGTACTGG
1944	e16_s1_GACTATGGTTCTTCAT
1945	e16_s1_GACTATGTCCGACAGC
1946	e16_s1_GACTCAAAGCCTAGGA
1947	e16_s1_GACTCAACATTCCTCG
1948	e16_s1_GACTCAAGTGAATTGA
1949	e16_s1_GACTCAAGTGCATTTG
1950	e16_s1_GACTCAAGTGGATCGA
1951	e16_s1_GACTCAAGTGTACATC
1952	e16_s1_GACTCTCCAAAGGGTC
1953	e16_s1_GACTCTCGTAGCGCTC
1954	e16_s1_GACTCTCGTCGGCCTA
1955	e16_s1_GACTCTCTCTCTGACC
1956	e16_s1_GACTGATGTTTAGAGA
1957	e16_s1_GACTGATTCGCGCCAA
1958	e16_s1_GACTTCCCAGAAGCTG
1959	e16_s1_GACTTCCGTCCTGGTG
1960	e16_s1_GAGAAATAGATCCTAC
1961	e16_s1_GAGAAATAGCGTCTGC
1962	e16_s1_GAGAAATAGTGCAGCA
1963	e16_s1_GAGACCCTCCGATAGT
1964	e16_s1_GAGACTTGTAAGGTCG
1965	e16_s1_GAGACTTTCGTTCTGC
1966	e16_s1_GAGAGGTAGGTTAAAC
1967	e16_s1_GAGAGGTAGTTCCATG
1968	e16_s1_GAGATGGAGGAGAGGC
1969	e16_s1_GAGATGGCACGTCGGT
1970	e16_s1_GAGATGGCATGACGAG
1971	e16_s1_GAGATGGGTGGACCTC
1972	e16_s1_GAGATGGGTGGATCAG
1973	e16_s1_GAGCTGCAGACGCATG
1974	e16_s1_GAGCTGCCATAGGTAA
1975	e16_s1_GAGCTGCGTCGCTGCA
1976	e16_s1_GAGCTGCGTGATAGAT
1977	e16_s1_GAGCTGCGTGTCTAAC
1978	e16_s1_GAGCTGCTCATGCGGC
1979	e16_s1_GAGCTGCTCGAACGGA
1980	e16_s1_GAGGCAAAGATACATG
1981	e16_s1_GAGGCAAAGTACCATC
1982	e16_s1_GAGGCAACAGTCGTTA
1983	e16_s1_GAGGCAAGTACACGTT
1984	e16_s1_GAGGCAATCCTCACGT
1985	e16_s1_GAGGCCTAGCAACTCT
1986	e16_s1_GAGGCCTAGTATAACG
1987	e16_s1_GAGGCCTGTGGGTTGA
1988	e16_s1_GAGGCCTTCGTACCTC
1989	e16_s1_GAGGCCTTCTGGTGGC
1990	e16_s1_GAGGGATCACCCATAA
1991	e16_s1_GAGGGATGTCCTGGTG
1992	e16_s1_GAGGGTAAGGTTCAGG
1993	e16_s1_GAGGGTACAGAGTGAC
1994	e16_s1_GAGGGTACAGTGAGCA
1995	e16_s1_GAGGGTAGTAACAGTA
1996	e16_s1_GAGGGTAGTTAGGCTT
1997	e16_s1_GAGGGTAGTTGCTGAT
1998	e16_s1_GAGTCATTCAAGTAAG
1999	e16_s1_GAGTGAGAGTCTAGCT
2000	e16_s1_GAGTGAGGTCTGTGAT
2001	e16_s1_GAGTGTTAGGTTGCCC
2002	e16_s1_GAGTGTTAGTTCCATG
2003	e16_s1_GAGTGTTCAACACGTT
2004	e16_s1_GAGTGTTGTAGGAGTC
2005	e16_s1_GAGTGTTTCAAACGTC
2006	e16_s1_GAGTGTTTCGTCGATA
2007	e16_s1_GAGTTACAGCATTGTC
2008	e16_s1_GAGTTACAGGGTACGT
2009	e16_s1_GAGTTACCACGATTCA
2010	e16_s1_GAGTTACGTACGACAG
2011	e16_s1_GAGTTACGTACGATGG
2012	e16_s1_GAGTTACGTTCCGGTG
2013	e16_s1_GAGTTACTCAGTCCGG
2014	e16_s1_GAGTTGTAGCCTCTCT
2015	e16_s1_GAGTTGTCAAAGGATT
2016	e16_s1_GAGTTGTCACTTGTGA
2017	e16_s1_GAGTTGTGTATCAGCT
2018	e16_s1_GAGTTGTGTTGATCGT
2019	e16_s1_GAGTTGTTCTGACCCT
2020	e16_s1_GAGTTTGAGGACTTCT
2021	e16_s1_GAGTTTGCAATGCAGG
2022	e16_s1_GAGTTTGCACTTTATC
2023	e16_s1_GAGTTTGGTAACGCGA
2024	e16_s1_GAGTTTGGTACGTAGG
2025	e16_s1_GAGTTTGTCTGCGGAC
2026	e16_s1_GATAGAAAGGTAATCA
2027	e16_s1_GATAGAACAAATTAGG
2028	e16_s1_GATAGAACATTCTCCG
2029	e16_s1_GATAGCTAGGATTACA
2030	e16_s1_GATAGCTCAAGGGTCA
2031	e16_s1_GATAGCTTCGATTCCC
2032	e16_s1_GATCACAAGAGAATCT
2033	e16_s1_GATCACAAGCCTAACT
2034	e16_s1_GATCAGTAGTGTTGTC
2035	e16_s1_GATCAGTCATAGCTGT
2036	e16_s1_GATCAGTTCGCTCCTA
2037	e16_s1_GATCAGTTCTGAATCG
2038	e16_s1_GATCATGGTACGGCAA
2039	e16_s1_GATCATGTCCTCACGT
2040	e16_s1_GATCCCTAGAGGTTTA
2041	e16_s1_GATCCCTCAACTTGGT
2042	e16_s1_GATCCCTCAGAAGTGC
2043	e16_s1_GATCGTAGTAGAGCTG
2044	e16_s1_GATCGTATCGCAGTCG
2045	e16_s1_GATGACTAGCAGGCAT
2046	e16_s1_GATGACTAGCTATCTG
2047	e16_s1_GATGACTAGTTGCCTA
2048	e16_s1_GATGACTCAGAGAAAG
2049	e16_s1_GATGACTCAGGGACTA
2050	e16_s1_GATGACTTCCAACTGA
2051	e16_s1_GATGACTTCTAGCATG
2052	e16_s1_GATGACTTCTCATAGG
2053	e16_s1_GATGAGGAGACAGCGT
2054	e16_s1_GATGAGGAGCTGTTCA
2055	e16_s1_GATGAGGCAATCGCGC
2056	e16_s1_GATGAGGCATCGTCCT
2057	e16_s1_GATGATCAGCGCAATG
2058	e16_s1_GATGATCGTCGGAACA
2059	e16_s1_GATGATCGTCTTTCAT
2060	e16_s1_GATGCTAAGCTTAGTC
2061	e16_s1_GATGCTAAGTGCTAGG
2062	e16_s1_GATGCTACACTATCGA
2063	e16_s1_GATGCTACAGCTTCGG
2064	e16_s1_GATGCTAGTCGTTGCG
2065	e16_s1_GATGCTAGTTTCCATT
2066	e16_s1_GATGGAGAGAGCCGTA
2067	e16_s1_GATGGAGCACAAACGG
2068	e16_s1_GATGGAGGTACTCCGG
2069	e16_s1_GATGGAGTCCGCTGTT
2070	e16_s1_GATGTTGAGGGTTAAT
2071	e16_s1_GATGTTGGTCACTTAG
2072	e16_s1_GATTCGAAGGTCGAGT
2073	e16_s1_GATTCGACAAAGGTTA
2074	e16_s1_GATTCGAGTCACCCTT
2075	e16_s1_GATTCGATCCTGTAGA
2076	e16_s1_GATTCTTAGGTTCTAC
2077	e16_s1_GATTCTTGTGTTATCG
2078	e16_s1_GATTCTTTCTGTCCGT
2079	e16_s1_GATTGGTCATAGGCGA
2080	e16_s1_GATTGGTTCATTGCGA
2081	e16_s1_GATTGGTTCCACCTCA
2082	e16_s1_GATTTCTAGCTGGCCT
2083	e16_s1_GATTTCTCAAAGGGTC
2084	e16_s1_GATTTCTCACAGCCAC
2085	e16_s1_GATTTCTCAGCTCATA
2086	e16_s1_GATTTCTGTTATCTGG
2087	e16_s1_GATTTCTTCATCGCAA
2088	e16_s1_GCAACATAGCGTTACT
2089	e16_s1_GCAACATCAACGACAG
2090	e16_s1_GCAACCGAGGAGGCAG
2091	e16_s1_GCAACCGAGTTGGCGA
2092	e16_s1_GCAACCGGTATGGGAC
2093	e16_s1_GCAACCGGTGCCGTAC
2094	e16_s1_GCAACCGGTGTGAGCA
2095	e16_s1_GCAACCGTCAAGAATG
2096	e16_s1_GCAACCGTCCCATTCG
2097	e16_s1_GCACATATCCCATAGA
2098	e16_s1_GCACGGTAGGCTCCCA
2099	e16_s1_GCACGGTCACTTTAGG
2100	e16_s1_GCACGGTGTGTAGGAC
2101	e16_s1_GCACGGTTCTGAATCG
2102	e16_s1_GCACGTGCAGGTGTTT
2103	e16_s1_GCACGTGGTACACTCA
2104	e16_s1_GCACGTGGTACAGCGA
2105	e16_s1_GCACGTGGTAGATTGA
2106	e16_s1_GCACTAAAGAAACCCG
2107	e16_s1_GCACTAAAGGCTAACG
2108	e16_s1_GCACTAACAAATGGAT
2109	e16_s1_GCACTAACATTAAAGG
2110	e16_s1_GCACTAAGTCGAACGA
2111	e16_s1_GCACTAATCACCGGGT
2112	e16_s1_GCAGCCAAGCTTTCCC
2113	e16_s1_GCAGCCACAAAGGGCT
2114	e16_s1_GCAGCCAGTACCCGCA
2115	e16_s1_GCAGCCAGTGTGCCTG
2116	e16_s1_GCAGCTGCAGTTCCAA
2117	e16_s1_GCAGCTGGTATGAGAT
2118	e16_s1_GCAGCTGGTCTTGAGT
2119	e16_s1_GCAGCTGGTGCATTAC
2120	e16_s1_GCAGCTGTCACAAGGG
2121	e16_s1_GCAGCTGTCCCAGGCA
2122	e16_s1_GCAGGCTAGGATTCCT
2123	e16_s1_GCAGGCTCAACGGCTC
2124	e16_s1_GCAGGCTCACACGTGC
2125	e16_s1_GCAGGCTGTTGCAAGG
2126	e16_s1_GCAGGCTTCACTCGAA
2127	e16_s1_GCAGTTAAGATCCCAT
2128	e16_s1_GCAGTTAAGATCCGAG
2129	e16_s1_GCAGTTACAAGATTGA
2130	e16_s1_GCAGTTATCAACTGGT
2131	e16_s1_GCATCGGAGCCGTAAG
2132	e16_s1_GCATCGGCAATGAAAC
2133	e16_s1_GCATCGGCACATTCTT
2134	e16_s1_GCATCGGCATTCAGCA
2135	e16_s1_GCATCGGTCCACGAAT
2136	e16_s1_GCATCGGTCCTACGAA
2137	e16_s1_GCATCTCCACTAGGTT
2138	e16_s1_GCATCTCCAGACGGAT
2139	e16_s1_GCATCTCGTAGGTTTC
2140	e16_s1_GCATCTCGTGGAGGTT
2141	e16_s1_GCATCTCGTTGGTGTT
2142	e16_s1_GCATGATAGCTGAGCA
2143	e16_s1_GCATGATAGGCGTCCT
2144	e16_s1_GCATGATCAAGAGATT
2145	e16_s1_GCATGATCACAACGCC
2146	e16_s1_GCATGATGTCAGACTT
2147	e16_s1_GCATGATTCCAACTGA
2148	e16_s1_GCATTAGCAAGCAGGT
2149	e16_s1_GCATTAGCACAACCGC
2150	e16_s1_GCATTAGTCGCCTAGG
2151	e16_s1_GCATTAGTCGGCATAT
2152	e16_s1_GCATTAGTCTTTCGAT
2153	e16_s1_GCCAACGAGCCTCAAT
2154	e16_s1_GCCAACGCACTGCGTG
2155	e16_s1_GCCAACGCATGGAACG
2156	e16_s1_GCCAGCACACATAACC
2157	e16_s1_GCCAGCACATCCGATA
2158	e16_s1_GCCAGCACATGACGTT
2159	e16_s1_GCCAGCACATGGGTTT
2160	e16_s1_GCCAGCAGTTATCTTC
2161	e16_s1_GCCAGCATCAGACCGC
2162	e16_s1_GCCAGGTGTTACCTGA
2163	e16_s1_GCCAGTGCAAGACGGT
2164	e16_s1_GCCAGTGCACACCAGC
2165	e16_s1_GCCAGTGCACATGTTG
2166	e16_s1_GCCAGTGGTGCCTTTC
2167	e16_s1_GCCATGGAGAGCCGTA
2168	e16_s1_GCCATGGAGCCTGTGC
2169	e16_s1_GCCATGGCACACCTGG
2170	e16_s1_GCCATGGTCACAAGAA
2171	e16_s1_GCCATGGTCATCGCCT
2172	e16_s1_GCCATGGTCATGCCAA
2173	e16_s1_GCCATGGTCGCTTGAA
2174	e16_s1_GCCATGGTCGTCTACC
2175	e16_s1_GCCATTCAGAGGGTAA
2176	e16_s1_GCCATTCAGAGTTCGG
2177	e16_s1_GCCATTCAGCATGATA
2178	e16_s1_GCCATTCAGCCTCACG
2179	e16_s1_GCCATTCTCCGTGGTG
2180	e16_s1_GCCATTCTCGACGCGT
2181	e16_s1_GCCATTCTCGGCATAT
2182	e16_s1_GCCCAGAAGCTGTACT
2183	e16_s1_GCCCAGAAGGCCTAGA
2184	e16_s1_GCCCAGACAAATTGGA
2185	e16_s1_GCCCAGAGTGTGGTCC
2186	e16_s1_GCCCGAAAGGCGAACT
2187	e16_s1_GCCCGAAAGTATGCAA
2188	e16_s1_GCCCGAAAGTGAGGCT
2189	e16_s1_GCCCGAAGTATCGGTT
2190	e16_s1_GCCCGAATCCTCTCTT
2191	e16_s1_GCCGATGAGCCGCACT
2192	e16_s1_GCCGTGACAAACCACT
2193	e16_s1_GCCTGTTCAGACTCTA
2194	e16_s1_GCCTGTTGTACTGCGC
2195	e16_s1_GCCTGTTGTGATTAGA
2196	e16_s1_GCCTGTTTCACATACG
2197	e16_s1_GCCTGTTTCATGCCGG
2198	e16_s1_GCGAGAACAATATCCG
2199	e16_s1_GCGAGAACAGCCTACG
2200	e16_s1_GCGAGAACAGCTACCG
2201	e16_s1_GCGAGAAGTGAGCCAA
2202	e16_s1_GCGAGAAGTTATCTTC
2203	e16_s1_GCGAGAATCGAGAATA
2204	e16_s1_GCGATCGCACCTGATA
2205	e16_s1_GCGGAAAAGCGTGTTT
2206	e16_s1_GCGGAAAGTCTGTCAA
2207	e16_s1_GCGGAAATCACCTGGG
2208	e16_s1_GCGGAAATCCAACCGG
2209	e16_s1_GCGGATCGTGCCAAGA
2210	e16_s1_GCGGATCTCCGATTAG
2211	e16_s1_GCGGATCTCGAGAACG
2212	e16_s1_GCGTGCATCGCCAACG
2213	e16_s1_GCGTGCATCGGTGTAT
2214	e16_s1_GCGTGCATCTCGGGAC
2215	e16_s1_GCGTGCATCTGTTCAT
2216	e16_s1_GCGTTTCAGAGTGACC
2217	e16_s1_GCGTTTCAGTCTAGCT
2218	e16_s1_GCGTTTCCACGCGCAT
2219	e16_s1_GCTACAACAATTTCTC
2220	e16_s1_GCTACAAGTGATCGTT
2221	e16_s1_GCTACAATCTGGGCCA
2222	e16_s1_GCTACCTAGATAACGT
2223	e16_s1_GCTACCTTCATTCATC
2224	e16_s1_GCTCAAAGTCTCAGAT
2225	e16_s1_GCTGAATTCATGGATC
2226	e16_s1_GCTGAATTCCCGAATA
2227	e16_s1_GCTGAATTCGACCACG
2228	e16_s1_GCTGCAGAGCGGTAGT
2229	e16_s1_GCTGCAGAGGCTATCT
2230	e16_s1_GCTGCAGGTTACCTTT
2231	e16_s1_GCTGCAGGTTCGGCGT
2232	e16_s1_GCTGCAGTCACTGAAC
2233	e16_s1_GCTGCAGTCCTCAGGG
2234	e16_s1_GCTGGGTAGAATGTTG
2235	e16_s1_GCTGGGTGTCCAATCA
2236	e16_s1_GCTGGGTTCCGTGTGG
2237	e16_s1_GCTGGGTTCGCTGTTC
2238	e16_s1_GCTTCACGTACAGTAA
2239	e16_s1_GCTTCACGTCAGTCCG
2240	e16_s1_GCTTCACTCGCAATGT
2241	e16_s1_GCTTGGGAGGCGAACT
2242	e16_s1_GCTTGGGAGTTCAACC
2243	e16_s1_GCTTGGGTCAAACTGC
2244	e16_s1_GGAACCCAGTTACTCG
2245	e16_s1_GGAACCCGTACTAAGA
2246	e16_s1_GGAACCCGTCTGCAAT
2247	e16_s1_GGAACCCTCAGCAGAG
2248	e16_s1_GGAACCCTCTCGCGTT
2249	e16_s1_GGAAGTGAGCTCGCAC
2250	e16_s1_GGAAGTGAGTAGAGTT
2251	e16_s1_GGAAGTGGTTGCGTAT
2252	e16_s1_GGAAGTGTCATCGCCT
2253	e16_s1_GGAAGTGTCGAGAACG
2254	e16_s1_GGAATCTAGCAACAAT
2255	e16_s1_GGAATCTAGCACTCCG
2256	e16_s1_GGAATCTAGCCTGTCG
2257	e16_s1_GGAATCTAGGATATAC
2258	e16_s1_GGAATCTAGGTAAAGG
2259	e16_s1_GGAATCTTCCCTGGTT
2260	e16_s1_GGAATCTTCCTAGAGT
2261	e16_s1_GGAATCTTCGTAGGAG
2262	e16_s1_GGAATCTTCTTCGGAA
2263	e16_s1_GGAATCTTCTTGGATG
2264	e16_s1_GGAATGGCACAACATC
2265	e16_s1_GGAATGGGTACACTCA
2266	e16_s1_GGAATGGGTTCGTGCG
2267	e16_s1_GGACGTCAGTTGTCGT
2268	e16_s1_GGACGTCCAAACTAAG
2269	e16_s1_GGACGTCGTTGGGAAC
2270	e16_s1_GGACGTCTCTGAGATC
2271	e16_s1_GGAGAACAGTGCGACA
2272	e16_s1_GGAGAACCACGCGCAT
2273	e16_s1_GGAGAACGTCGGCACT
2274	e16_s1_GGAGAACTCAGACCCG
2275	e16_s1_GGAGATGCACATCATG
2276	e16_s1_GGAGATGCACTTCTCG
2277	e16_s1_GGAGATGGTTAGGAGC
2278	e16_s1_GGAGATGTCGAAACAA
2279	e16_s1_GGAGCAAAGGATATGT
2280	e16_s1_GGAGCAACAAGAGGCT
2281	e16_s1_GGAGCAAGTTCCTAGA
2282	e16_s1_GGAGCAATCGTTCAGA
2283	e16_s1_GGAGCAATCTGTTCAT
2284	e16_s1_GGAGGATCAGTCGGAA
2285	e16_s1_GGAGGTAAGTCACGCC
2286	e16_s1_GGAGGTACACTTCTCG
2287	e16_s1_GGAGGTAGTTCTCACC
2288	e16_s1_GGAGGTAGTTTACACG
2289	e16_s1_GGAGGTATCGGTAGAG
2290	e16_s1_GGATCTACAACTCATG
2291	e16_s1_GGATCTACACTACAGT
2292	e16_s1_GGATCTACATCCTTGC
2293	e16_s1_GGATCTAGTTGGTGTT
2294	e16_s1_GGCACGTCACATTGTG
2295	e16_s1_GGCACGTCATCCTGTC
2296	e16_s1_GGCACGTGTCATAGTC
2297	e16_s1_GGCAGTCAGTGGCGAT
2298	e16_s1_GGCAGTCGTCTCCCTA
2299	e16_s1_GGCAGTCGTTTCTTAC
2300	e16_s1_GGCAGTCTCTCCGCAT
2301	e16_s1_GGCGTCAAGGAGTCTG
2302	e16_s1_GGCGTCACAGATCCAT
2303	e16_s1_GGCGTCACAGCACCCA
2304	e16_s1_GGCGTCAGTCTACTGA
2305	e16_s1_GGCGTCATCACCTCAC
2306	e16_s1_GGCTGTGCAATCTCGA
2307	e16_s1_GGCTGTGCACTTGGCG
2308	e16_s1_GGCTGTGTCCTCACTG
2309	e16_s1_GGCTTGGCAACCGCTG
2310	e16_s1_GGCTTGGCAAGGATGC
2311	e16_s1_GGCTTGGCAATTCACG
2312	e16_s1_GGCTTGGTCTGAGGTT
2313	e16_s1_GGCTTTCAGCTTACGT
2314	e16_s1_GGCTTTCCACAACCGC
2315	e16_s1_GGCTTTCGTAAGTTGA
2316	e16_s1_GGGAAGTAGAAGCGAA
2317	e16_s1_GGGAAGTTCCACTTTA
2318	e16_s1_GGGAAGTTCTCACGAA
2319	e16_s1_GGGACAAAGATGACAT
2320	e16_s1_GGGACAAAGGAACTAT
2321	e16_s1_GGGACAACACACCTTC
2322	e16_s1_GGGACAACACTAGGTT
2323	e16_s1_GGGACAAGTGGGTATG
2324	e16_s1_GGGACAAGTTACCTGA
2325	e16_s1_GGGACAAGTTCCTAGA
2326	e16_s1_GGGACAATCATGACAC
2327	e16_s1_GGGACCTAGAAGGATG
2328	e16_s1_GGGACCTGTGCAATAA
2329	e16_s1_GGGACCTGTGGCCACT
2330	e16_s1_GGGACTCGTGGATACG
2331	e16_s1_GGGAGATAGCTAGTTC
2332	e16_s1_GGGAGATCAGAGGTAC
2333	e16_s1_GGGAGTAAGTTCCGTA
2334	e16_s1_GGGAGTACAAAGGGTC
2335	e16_s1_GGGAGTAGTGTACATC
2336	e16_s1_GGGAGTAGTTGGGTAG
2337	e16_s1_GGGATCCAGAGCAACC
2338	e16_s1_GGGATCCAGATGACCG
2339	e16_s1_GGGATCCAGGTAGGCT
2340	e16_s1_GGGATCCAGGTCGTGA
2341	e16_s1_GGGATCCCACACACTA
2342	e16_s1_GGGATCCCACGACAAG
2343	e16_s1_GGGATCCCAGCGTTTA
2344	e16_s1_GGGATCCTCCGATGTA
2345	e16_s1_GGGATGAAGCCATGCC
2346	e16_s1_GGGATGAGTCTGATCA
2347	e16_s1_GGGCCATAGGGCAATC
2348	e16_s1_GGGCCATAGTACAGAT
2349	e16_s1_GGGCCATCACCTGCGA
2350	e16_s1_GGGCCATCATCTCGTC
2351	e16_s1_GGGCCATTCAGGAAGC
2352	e16_s1_GGGCGTTAGATAGGGA
2353	e16_s1_GGGCGTTAGCCGAATG
2354	e16_s1_GGGCGTTTCAGCTCTC
2355	e16_s1_GGGCTACGTACGTACT
2356	e16_s1_GGGCTCACAGTAACGG
2357	e16_s1_GGGCTCATCCAAGCTA
2358	e16_s1_GGGCTCATCTAAGCGT
2359	e16_s1_GGGTAGAAGTCAGCGA
2360	e16_s1_GGGTAGACAAGCTACT
2361	e16_s1_GGGTAGACACTTCTCG
2362	e16_s1_GGGTAGAGTCAACACT
2363	e16_s1_GGGTATTAGTAAGACT
2364	e16_s1_GGGTATTCACGATTCA
2365	e16_s1_GGGTATTCAGCATTGT
2366	e16_s1_GGGTATTTCATAAGGA
2367	e16_s1_GGGTATTTCCTAAGTG
2368	e16_s1_GGGTCACAGTGGTTGG
2369	e16_s1_GGGTCACGTTCCGCAG
2370	e16_s1_GGGTCACTCGACTCCT
2371	e16_s1_GGGTCTGCAGCCTTCT
2372	e16_s1_GGGTCTGTCGAAATCC
2373	e16_s1_GGGTGAACACAAAGTA
2374	e16_s1_GGGTGAAGTCGAATGG
2375	e16_s1_GGGTGTCAGGAGGTTC
2376	e16_s1_GGGTGTCCACTCATAG
2377	e16_s1_GGGTGTCTCTTCGATT
2378	e16_s1_GGGTTATAGCATGCGA
2379	e16_s1_GGGTTATAGGATGAGA
2380	e16_s1_GGGTTATCAATTGCGT
2381	e16_s1_GGGTTATCAGATCACT
2382	e16_s1_GGGTTATGTATCTTCT
2383	e16_s1_GGGTTATTCAAAGGTA
2384	e16_s1_GGGTTATTCAACCGAT
2385	e16_s1_GGGTTATTCCCATAAG
2386	e16_s1_GGGTTTAAGCAGTCTT
2387	e16_s1_GGGTTTAGTAAGATCA
2388	e16_s1_GGGTTTAGTTGCCAAT
2389	e16_s1_GGGTTTATCGATGCAT
2390	e16_s1_GGGTTTATCGCTTTAT
2391	e16_s1_GGTAACTAGTTAACAG
2392	e16_s1_GGTAACTAGTTGAATG
2393	e16_s1_GGTAACTCAACTGCCG
2394	e16_s1_GGTAACTCACCCAATA
2395	e16_s1_GGTAACTGTCCGAAGA
2396	e16_s1_GGTAACTGTCTGCGCA
2397	e16_s1_GGTAACTGTGCAGGAT
2398	e16_s1_GGTAACTTCCTAAGTG
2399	e16_s1_GGTAATCAGAAACCCG
2400	e16_s1_GGTAATCCAAGTTCCA
2401	e16_s1_GGTAATCCACTCCTTG
2402	e16_s1_GGTAATCGTACCGTCG
2403	e16_s1_GGTAATCGTTTGTTGG
2404	e16_s1_GGTAATCTCCCGAAAT
2405	e16_s1_GGTAATCTCGAGAGCA
2406	e16_s1_GGTAGAGAGTTGGGAC
2407	e16_s1_GGTAGAGCATGTAACC
2408	e16_s1_GGTAGAGCATGTCTAG
2409	e16_s1_GGTCACGAGTAGAATC
2410	e16_s1_GGTCACGGTGAATTGA
2411	e16_s1_GGTCTGGAGGGCATGT
2412	e16_s1_GGTGAAGCAAACCGGA
2413	e16_s1_GGTGAAGCAATGCAAA
2414	e16_s1_GGTGAAGGTAACGGTG
2415	e16_s1_GGTGAAGTCTCATTTG
2416	e16_s1_GGTGATTAGAGCTGCA
2417	e16_s1_GGTGATTAGCTGGCCT
2418	e16_s1_GGTGATTAGGCTATCT
2419	e16_s1_GGTGATTCACGCAGTC
2420	e16_s1_GGTGATTCATTCACAG
2421	e16_s1_GGTGATTGTTAGCGGA
2422	e16_s1_GGTGATTTCTAGACCA
2423	e16_s1_GGTGGCTAGATAGTGT
2424	e16_s1_GGTGGCTCATTGCTGA
2425	e16_s1_GGTGGCTGTCATACCA
2426	e16_s1_GGTGGCTGTCGGTGAA
2427	e16_s1_GGTGGCTTCCGGACTG
2428	e16_s1_GGTGGCTTCTCGGTCT
2429	e16_s1_GGTGTCGAGAGCTTTC
2430	e16_s1_GGTGTCGCAGTCAGCC
2431	e16_s1_GGTGTCGTCAGTCTTT
2432	e16_s1_GGTGTTACAAGCGATG
2433	e16_s1_GGTGTTATCGTTCCCA
2434	e16_s1_GGTGTTATCTGAGAGG
2435	e16_s1_GGTTAACAGTATTGCC
2436	e16_s1_GGTTAACCACCAGTTA
2437	e16_s1_GGTTAACCAGAAATCA
2438	e16_s1_GGTTAACGTGAGATTA
2439	e16_s1_GGTTAACTCCGCAGTG
2440	e16_s1_GGTTCTCAGCTCCCTT
2441	e16_s1_GGTTCTCTCACCCTTG
2442	e16_s1_GGTTGTAGTTGCTAGT
2443	e16_s1_GTAACACAGGATTACA
2444	e16_s1_GTAACACCAGGCCTGT
2445	e16_s1_GTAACACGTACAAAGT
2446	e16_s1_GTAACACTCATGACAC
2447	e16_s1_GTAACCAAGCGATTCT
2448	e16_s1_GTAAGTCAGAGAGGGC
2449	e16_s1_GTAAGTCGTATCAGCT
2450	e16_s1_GTAAGTCTCAACCTCC
2451	e16_s1_GTAATCGAGCAACTCT
2452	e16_s1_GTAATCGAGCATACTC
2453	e16_s1_GTAATCGCAACTGCCG
2454	e16_s1_GTAATGCAGAGCGACT
2455	e16_s1_GTAATGCCAACACGAG
2456	e16_s1_GTAATGCCAGCTTCCT
2457	e16_s1_GTAATGCCAGGTATGG
2458	e16_s1_GTAATGCTCCAGCAAT
2459	e16_s1_GTAATGCTCCGGGACT
2460	e16_s1_GTACAACGTAAGTTAG
2461	e16_s1_GTACAACGTACAGGTG
2462	e16_s1_GTACAACGTATCTTCT
2463	e16_s1_GTACAACTCGTGCATA
2464	e16_s1_GTACAGTAGGCTTAGG
2465	e16_s1_GTACAGTAGGCTTCCG
2466	e16_s1_GTACAGTCATGACTGT
2467	e16_s1_GTACAGTGTTGTCTAG
2468	e16_s1_GTAGAAACATCGATGT
2469	e16_s1_GTAGAAAGTGAGGCAT
2470	e16_s1_GTAGAAAGTTAGGAGC
2471	e16_s1_GTAGAAATCGTGAGAG
2472	e16_s1_GTAGAGGAGCCTGTGC
2473	e16_s1_GTAGAGGCAGATGCGA
2474	e16_s1_GTAGAGGCAGTCGCTG
2475	e16_s1_GTAGAGGGTAGTACGG
2476	e16_s1_GTAGAGGGTCTTCGAA
2477	e16_s1_GTAGAGGTCCAACACA
2478	e16_s1_GTAGAGGTCGTGCGAC
2479	e16_s1_GTAGATCCACCTGTCT
2480	e16_s1_GTAGATCCATGAAGCG
2481	e16_s1_GTAGATCTCGCTAAAC
2482	e16_s1_GTAGCTACACCGGTCA
2483	e16_s1_GTAGCTACACTGGATT
2484	e16_s1_GTAGCTACAGCGCGTT
2485	e16_s1_GTAGCTACATGGCTGC
2486	e16_s1_GTAGCTATCACCTTAT
2487	e16_s1_GTAGCTATCACGTAGT
2488	e16_s1_GTAGCTATCGGAGTAG
2489	e16_s1_GTAGGAGAGAGAGAAC
2490	e16_s1_GTAGGAGCAGCGACCT
2491	e16_s1_GTAGGAGCAGCGGATA
2492	e16_s1_GTAGGAGGTACAGCGA
2493	e16_s1_GTAGGAGTCAAACGAA
2494	e16_s1_GTAGGTTCAAGAGAGA
2495	e16_s1_GTAGGTTCACTAGGTT
2496	e16_s1_GTAGGTTCATAGTCGT
2497	e16_s1_GTAGGTTTCGAGCCTG
2498	e16_s1_GTAGGTTTCGCGGACT
2499	e16_s1_GTAGTACAGCCGTTGC
2500	e16_s1_GTAGTACGTACACTCA
2501	e16_s1_GTAGTACTCAAGGCTT
2502	e16_s1_GTAGTACTCTCGAACA
2503	e16_s1_GTATTGGAGGTCTGGA
2504	e16_s1_GTATTGGAGTGCCGAA
2505	e16_s1_GTATTGGCAAGCGAGT
2506	e16_s1_GTATTGGCAAGCTACT
2507	e16_s1_GTATTGGCACATGAAA
2508	e16_s1_GTATTGGGTCCAAAGG
2509	e16_s1_GTATTGGGTGGCTACC
2510	e16_s1_GTATTGGTCCTCACGT
2511	e16_s1_GTATTTCAGAATGTTG
2512	e16_s1_GTATTTCGTTCCGCAG
2513	e16_s1_GTATTTCGTTCGAAGG
2514	e16_s1_GTCAAACAGGAGTCTG
2515	e16_s1_GTCAAACGTGCCCACA
2516	e16_s1_GTCAAACGTGCCTTCT
2517	e16_s1_GTCAAGTAGCACCAGA
2518	e16_s1_GTCAAGTAGCCATTGT
2519	e16_s1_GTCAAGTAGGAGAGTA
2520	e16_s1_GTCAAGTAGTTCCGGC
2521	e16_s1_GTCAAGTCACGGGCTT
2522	e16_s1_GTCAAGTGTGATCGTT
2523	e16_s1_GTCACGGCACAACATC
2524	e16_s1_GTCACGGCATCGCTGG
2525	e16_s1_GTCACGGGTATTTCGG
2526	e16_s1_GTCACGGGTGCGTGCT
2527	e16_s1_GTCACTCAGAAACTCA
2528	e16_s1_GTCACTCGTATCGGTT
2529	e16_s1_GTCAGCGGTCCCTGAG
2530	e16_s1_GTCAGCGGTTGTAGCT
2531	e16_s1_GTCATCCCAACAGAGC
2532	e16_s1_GTCATCCCAAGGTCAG
2533	e16_s1_GTCATCCTCGGATAAA
2534	e16_s1_GTCATGAAGCCTCAGC
2535	e16_s1_GTCATGAAGGATACGC
2536	e16_s1_GTCATGAAGGTACAAT
2537	e16_s1_GTCATGAAGTGGCAGT
2538	e16_s1_GTCATGACACGCTTAA
2539	e16_s1_GTCATGAGTACAAAGT
2540	e16_s1_GTCATTTAGAGCAAGA
2541	e16_s1_GTCATTTCACTCATAG
2542	e16_s1_GTCATTTGTTACACAC
2543	e16_s1_GTCATTTTCCCGAGGT
2544	e16_s1_GTCCACTAGTCGCCAC
2545	e16_s1_GTCCACTCATGCGTGC
2546	e16_s1_GTCCACTGTAGTTAGA
2547	e16_s1_GTCCACTGTCCCGCAA
2548	e16_s1_GTCCACTGTGACGCCT
2549	e16_s1_GTCCACTTCTTGCAAG
2550	e16_s1_GTCCCATAGGGTAATT
2551	e16_s1_GTCCCATGTGCTGCAC
2552	e16_s1_GTCCTCAAGCATGATA
2553	e16_s1_GTCCTCAAGGGCAGAG
2554	e16_s1_GTCCTCACACATACGT
2555	e16_s1_GTCCTCAGTAGGAAAG
2556	e16_s1_GTCCTCAGTCCAGCCA
2557	e16_s1_GTCCTCATCAGAGCAG
2558	e16_s1_GTCCTCATCCTAAGTG
2559	e16_s1_GTCCTCATCGTTTACT
2560	e16_s1_GTCGAATCAAGTGACG
2561	e16_s1_GTCGAATCATAGATCC
2562	e16_s1_GTCGAATGTAGAGACC
2563	e16_s1_GTCGAATTCTAAACGC
2564	e16_s1_GTCGCGAAGCACCGAA
2565	e16_s1_GTCGCGAAGTGCAACG
2566	e16_s1_GTCGCGAGTATGATCC
2567	e16_s1_GTCGCGAGTCCATCTC
2568	e16_s1_GTCGCGAGTGACATCT
2569	e16_s1_GTCGTAAAGAGGGTCT
2570	e16_s1_GTCGTAAGTAGCTTTG
2571	e16_s1_GTCGTAAGTCCACTTC
2572	e16_s1_GTCGTAAGTCGCACAC
2573	e16_s1_GTCGTAAGTGAGCGAT
2574	e16_s1_GTCGTTCAGAAACCCG
2575	e16_s1_GTCGTTCCAATGTCAC
2576	e16_s1_GTCGTTCGTCGATTAC
2577	e16_s1_GTCGTTCGTCTGCAAT
2578	e16_s1_GTCGTTCTCTGGCCGA
2579	e16_s1_GTCTACCAGGGAGGGT
2580	e16_s1_GTCTACCCAGGATGAC
2581	e16_s1_GTCTACCTCACGGACC
2582	e16_s1_GTCTAGACAAGAGTAT
2583	e16_s1_GTCTAGACACAAGTTC
2584	e16_s1_GTCTAGACACTTGAAC
2585	e16_s1_GTCTAGATCAATCAGC
2586	e16_s1_GTCTAGATCAGGGATG
2587	e16_s1_GTCTCACAGCCGTTAT
2588	e16_s1_GTCTCACCAAATGGCG
2589	e16_s1_GTCTCACCACTAGGTT
2590	e16_s1_GTCTCACCAGCAGGAT
2591	e16_s1_GTCTCACCATTCCTAT
2592	e16_s1_GTCTCACTCAGGACGA
2593	e16_s1_GTCTCACTCTCATTTG
2594	e16_s1_GTCTGTCAGCGCCTCA
2595	e16_s1_GTCTTTAAGGTAGACC
2596	e16_s1_GTCTTTACAATTGTGC
2597	e16_s1_GTCTTTACACACTGGC
2598	e16_s1_GTCTTTACACCCTTAC
2599	e16_s1_GTCTTTATCAGGAAGC
2600	e16_s1_GTCTTTATCCTCTAAT
2601	e16_s1_GTCTTTATCGGTGCAC
2602	e16_s1_GTGACGCGTCTGTGAT
2603	e16_s1_GTGACGCGTTGCGTAT
2604	e16_s1_GTGAGCCAGGTTCCAT
2605	e16_s1_GTGAGCCCAAGCGAGT
2606	e16_s1_GTGAGCCCAGAGGAAA
2607	e16_s1_GTGAGCCCAGTCGGAA
2608	e16_s1_GTGAGCCGTCTGCCTT
2609	e16_s1_GTGAGCCGTGCCTAAT
2610	e16_s1_GTGAGCCTCTCCTGTG
2611	e16_s1_GTGAGGAAGCCTAGGA
2612	e16_s1_GTGAGGACAAGCTGCC
2613	e16_s1_GTGAGGAGTAAGGCCA
2614	e16_s1_GTGAGGAGTCAACCAT
2615	e16_s1_GTGAGGAGTGTAAACA
2616	e16_s1_GTGAGGATCCCGTAAA
2617	e16_s1_GTGAGGATCGCTATTT
2618	e16_s1_GTGAGTTTCAGCCCAG
2619	e16_s1_GTGAGTTTCGGTGTAT
2620	e16_s1_GTGATGTAGGCTGGAT
2621	e16_s1_GTGATGTCAAGCGGAT
2622	e16_s1_GTGATGTGTAGGCAGT
2623	e16_s1_GTGATGTTCCAAGCCG
2624	e16_s1_GTGCACGAGTATGTAG
2625	e16_s1_GTGCACGGTGTCCGTG
2626	e16_s1_GTGCACGGTTCTCTAT
2627	e16_s1_GTGCACGTCCCGAGAC
2628	e16_s1_GTGCACGTCTCGAACA
2629	e16_s1_GTGCAGCAGCTTTCTT
2630	e16_s1_GTGCAGCCAAATGGCG
2631	e16_s1_GTGCAGCGTGCGGATA
2632	e16_s1_GTGCAGCGTGTCCCTT
2633	e16_s1_GTGCGTGAGTATGGCG
2634	e16_s1_GTGCGTGAGTCCCGAC
2635	e16_s1_GTGCGTGCACACAGAG
2636	e16_s1_GTGCGTGGTTGAGGAC
2637	e16_s1_GTGCTGGAGCAGGCAT
2638	e16_s1_GTGCTGGCATAATCCG
2639	e16_s1_GTGCTGGGTACTCCGG
2640	e16_s1_GTGCTGGTCCGCACGA
2641	e16_s1_GTGCTGGTCTGCCCTA
2642	e16_s1_GTGCTGGTCTGGTCAA
2643	e16_s1_GTGCTTCAGAGATGCC
2644	e16_s1_GTGCTTCCAACCCGCA
2645	e16_s1_GTGCTTCCACCCAATA
2646	e16_s1_GTGCTTCCAGACGGAT
2647	e16_s1_GTGCTTCCAGAGGTAC
2648	e16_s1_GTGCTTCGTAACCAGG
2649	e16_s1_GTGCTTCGTACTGTTG
2650	e16_s1_GTGCTTCTCGTGCATA
2651	e16_s1_GTGGAAGCAACCAGAG
2652	e16_s1_GTGGAAGCACGTAGAG
2653	e16_s1_GTGGAAGTCATGACAC
2654	e16_s1_GTGGAGACACGGCACT
2655	e16_s1_GTGGAGAGTCGTCAGC
2656	e16_s1_GTGGCGTGTATCATGC
2657	e16_s1_GTGGCGTGTGTCATTG
2658	e16_s1_GTGGCGTTCTCACGAA
2659	e16_s1_GTGGGAAAGACTTCCA
2660	e16_s1_GTGGGAACAAATACGA
2661	e16_s1_GTGGGAAGTAGCTCGC
2662	e16_s1_GTGGGAAGTGCCCAGT
2663	e16_s1_GTGGGAAGTTCAAACC
2664	e16_s1_GTGGTTAAGCGTGTTT
2665	e16_s1_GTGGTTACAATAGTCC
2666	e16_s1_GTGGTTACACAAGCCC
2667	e16_s1_GTGGTTACACAGTATC
2668	e16_s1_GTGGTTATCCCAAGCG
2669	e16_s1_GTGGTTATCTATGCCC
2670	e16_s1_GTGTAACCACTTTAGG
2671	e16_s1_GTGTAACGTAGTCACT
2672	e16_s1_GTGTAACGTCGTGATT
2673	e16_s1_GTGTAACGTGAGTTGG
2674	e16_s1_GTGTAACGTTGTTGAC
2675	e16_s1_GTGTAACTCTACCAGA
2676	e16_s1_GTGTCCTAGCGATGAC
2677	e16_s1_GTGTCCTCAAAGTATG
2678	e16_s1_GTGTCCTGTCAGACTT
2679	e16_s1_GTGTGATGTAAGGAGA
2680	e16_s1_GTGTGATTCAGACCTA
2681	e16_s1_GTGTGGCAGATTTGCC
2682	e16_s1_GTGTGGCCAGTTGCGC
2683	e16_s1_GTGTGGCTCAGCTAGT
2684	e16_s1_GTGTTAGCATACTTTC
2685	e16_s1_GTGTTCCCACTTGTCC
2686	e16_s1_GTGTTCCCATCTAACG
2687	e16_s1_GTGTTCCGTAGCGTAG
2688	e16_s1_GTGTTCCGTCAAACGG
2689	e16_s1_GTGTTCCTCAAACCTG
2690	e16_s1_GTGTTCCTCGAACCTA
2691	e16_s1_GTTACAGAGCGGTAGT
2692	e16_s1_GTTACAGCAGGTCTCG
2693	e16_s1_GTTACCCCAAAGGTTA
2694	e16_s1_GTTACCCTCGAGTGAG
2695	e16_s1_GTTACCCTCGGTAGAG
2696	e16_s1_GTTACGAAGGAACGTC
2697	e16_s1_GTTACGACAAATGGCG
2698	e16_s1_GTTACGACACAGGATG
2699	e16_s1_GTTACGATCCTCTTTC
2700	e16_s1_GTTACGATCTGTCCGT
2701	e16_s1_GTTAGACAGCGTTCAT
2702	e16_s1_GTTAGACAGTGGCAGT
2703	e16_s1_GTTAGACCACAACATC
2704	e16_s1_GTTAGACCAGAACTCT
2705	e16_s1_GTTAGACCATACAGGG
2706	e16_s1_GTTAGACCATCATCCC
2707	e16_s1_GTTAGACGTTTCGTTT
2708	e16_s1_GTTAGACTCCGCGGAT
2709	e16_s1_GTTAGACTCGCAATGT
2710	e16_s1_GTTAGTGAGTTGTACC
2711	e16_s1_GTTAGTGCATACCAGT
2712	e16_s1_GTTAGTGGTAAGTAGT
2713	e16_s1_GTTAGTGGTCTACACA
2714	e16_s1_GTTAGTGGTCTCCTGT
2715	e16_s1_GTTATGGAGAAACCAT
2716	e16_s1_GTTATGGAGCAAGTCG
2717	e16_s1_GTTATGGGTATCTCGA
2718	e16_s1_GTTATGGTCTGGCTGG
2719	e16_s1_GTTCATTAGACTCTAC
2720	e16_s1_GTTCATTAGGTAGTAT
2721	e16_s1_GTTCATTAGTTGGACG
2722	e16_s1_GTTCATTCAAGATGTA
2723	e16_s1_GTTCATTCACGCGTCA
2724	e16_s1_GTTCATTGTGCTCGTG
2725	e16_s1_GTTCCGTAGATAACGT
2726	e16_s1_GTTCCGTAGCCGGATA
2727	e16_s1_GTTCCGTAGTCAGCCC
2728	e16_s1_GTTCCGTCAACACTAC
2729	e16_s1_GTTCCGTCACCAGCCA
2730	e16_s1_GTTCCGTCAGAGGAAA
2731	e16_s1_GTTCCGTCATGGGTTT
2732	e16_s1_GTTCCGTGTGCGAACA
2733	e16_s1_GTTCCGTGTGCGTGCT
2734	e16_s1_GTTCGCTCAGGCACAA
2735	e16_s1_GTTCGCTCATGACAAA
2736	e16_s1_GTTCGCTGTTCTCTCG
2737	e16_s1_GTTCGCTGTTGATCGT
2738	e16_s1_GTTCGCTTCAAAGGAT
2739	e16_s1_GTTCTATAGACCCGCT
2740	e16_s1_GTTCTATGTTCGGTCG
2741	e16_s1_GTTCTATTCTTCACGC
2742	e16_s1_GTTGAACCAAATGCTC
2743	e16_s1_GTTGAACCAGGCCCTA
2744	e16_s1_GTTGAACTCTAAGCGT
2745	e16_s1_GTTGCGGAGTGCGTCC
2746	e16_s1_GTTGCGGCACATCATG
2747	e16_s1_GTTGCGGCAGTAACGG
2748	e16_s1_GTTGCGGTCCTAACAG
2749	e16_s1_GTTGCGGTCGACTCCT
2750	e16_s1_GTTGCTCAGGTATAGT
2751	e16_s1_GTTGCTCAGTAGAATC
2752	e16_s1_GTTGCTCGTGGAACAC
2753	e16_s1_GTTGCTCTCTGATGGT
2754	e16_s1_GTTGTAGAGTGCAGGT
2755	e16_s1_GTTGTAGAGTGGTTAA
2756	e16_s1_GTTGTAGCAACTCGTA
2757	e16_s1_GTTGTAGCAGGTCAAG
2758	e16_s1_GTTGTAGGTAGAGATT
2759	e16_s1_GTTGTCCCACATATCG
2760	e16_s1_GTTGTCCCAGATACCT
2761	e16_s1_GTTGTCCCATGACTGT
2762	e16_s1_GTTGTCCGTGCATACT
2763	e16_s1_GTTGTCCTCTGCTTAT
2764	e16_s1_GTTGTGACAACTGCCG
2765	e16_s1_GTTGTGAGTCGGCTAC
2766	e16_s1_GTTGTGATCTCCGATC
2767	e16_s1_GTTTACTAGAGTTGAT
2768	e16_s1_GTTTACTAGCGTGAAC
2769	e16_s1_GTTTACTAGGCTGTAG
2770	e16_s1_GTTTACTGTAGTCTGT
2771	e16_s1_GTTTACTGTCAGCTTA
2772	e16_s1_GTTTGGAAGCGTACAG
2773	e16_s1_GTTTGGAAGGGTACGT
2774	e16_s1_GTTTGGAGTAACGGTG
2775	e16_s1_GTTTGGAGTCGCGTTG
2776	e16_s1_GTTTGGATCCCTCGAT
2777	e16_s1_TAACACGCACTCTAGA
2778	e16_s1_TAACACGCAGTAGTTC
2779	e16_s1_TAACACGGTACGATCT
2780	e16_s1_TAACACGGTGGGATTG
2781	e16_s1_TAACACGTCAAACCTG
2782	e16_s1_TAACACGTCGCCAGTG
2783	e16_s1_TAACCAGCATCCGAGC
2784	e16_s1_TAACCAGGTCCTGGTG
2785	e16_s1_TAACCAGGTTTGAACC
2786	e16_s1_TAACGACAGCCGTCGT
2787	e16_s1_TAACGACCAAGCTCTA
2788	e16_s1_TAACGACCAATAGGAT
2789	e16_s1_TAACGACCACTCCTGT
2790	e16_s1_TAACGACCAGCCTATA
2791	e16_s1_TAACGACTCCCTCATG
2792	e16_s1_TAAGCACAGATGGCGT
2793	e16_s1_TAAGCACTCCGTAGGC
2794	e16_s1_TAAGCCAAGATACATG
2795	e16_s1_TAAGCCAGTCTTTCTA
2796	e16_s1_TAAGCCATCCATAGGT
2797	e16_s1_TAAGCCATCCGAACGC
2798	e16_s1_TAAGCCATCGAGGCAA
2799	e16_s1_TAAGCCATCTACCCAC
2800	e16_s1_TAAGCCATCTATCGGA
2801	e16_s1_TAAGCGTCACATAGCT
2802	e16_s1_TAAGCGTCACCTGTCT
2803	e16_s1_TAAGCGTGTAGACACG
2804	e16_s1_TAAGCGTGTGCCTAAT
2805	e16_s1_TAAGCGTTCGCGTCGA
2806	e16_s1_TAAGTCGCACGTTCGG
2807	e16_s1_TAAGTCGCAGGTACGA
2808	e16_s1_TAAGTCGCATGACGGA
2809	e16_s1_TAAGTCGTCGGTCTGG
2810	e16_s1_TAATCTCAGGCTATCT
2811	e16_s1_TAATCTCAGGGCTGAT
2812	e16_s1_TAATCTCCAATGAAAC
2813	e16_s1_TAATCTCGTGTTCGAT
2814	e16_s1_TAATCTCGTTAGGAGC
2815	e16_s1_TAATTCCAGCGGGTTA
2816	e16_s1_TAATTCCCAGTTGAAA
2817	e16_s1_TAATTCCGTACGTGAG
2818	e16_s1_TAATTCCGTTAGGACG
2819	e16_s1_TACAACGGTTCGGCTG
2820	e16_s1_TACAACGTCGTGGACC
2821	e16_s1_TACACCCCAGCTGCCA
2822	e16_s1_TACACCCCAGTAGGAC
2823	e16_s1_TACACCCCATCGGAAG
2824	e16_s1_TACACCCGTAGGATAT
2825	e16_s1_TACACCCGTCGATTTG
2826	e16_s1_TACAGGTAGGCTCCCA
2827	e16_s1_TACAGGTCAGGTTCAT
2828	e16_s1_TACAGGTCATGAAGGC
2829	e16_s1_TACAGGTGTACGTGAG
2830	e16_s1_TACAGGTTCTCTCGAC
2831	e16_s1_TACAGGTTCTGGACCG
2832	e16_s1_TACATTCAGTCATAGA
2833	e16_s1_TACATTCGTCCAGCAC
2834	e16_s1_TACATTCGTGGACTAG
2835	e16_s1_TACATTCTCCCTGTTG
2836	e16_s1_TACATTCTCTACCCAC
2837	e16_s1_TACCCACAGACATACA
2838	e16_s1_TACCCACAGGATGGCT
2839	e16_s1_TACCCACGTGTCTCCT
2840	e16_s1_TACCCACTCGAGCCAC
2841	e16_s1_TACCCGTCACGACGAA
2842	e16_s1_TACCCGTCATGTAACC
2843	e16_s1_TACCCGTGTCCTCATC
2844	e16_s1_TACCCGTTCAATCGGT
2845	e16_s1_TACCGAAAGCACTTTG
2846	e16_s1_TACCGAAAGGCTAACG
2847	e16_s1_TACCGAAAGTCCGCCA
2848	e16_s1_TACCGAAAGTCGAAGC
2849	e16_s1_TACCGAAGTTGCAAGG
2850	e16_s1_TACCGGGCACTGCGTG
2851	e16_s1_TACCGGGTCGCAACAT
2852	e16_s1_TACCGGGTCTCCCTAG
2853	e16_s1_TACCTCGAGCCAAGTG
2854	e16_s1_TACCTCGAGCTTTCTT
2855	e16_s1_TACCTCGAGTCACAGG
2856	e16_s1_TACCTCGTCAATCAGC
2857	e16_s1_TACCTGCGTAATCAGA
2858	e16_s1_TACCTGCGTAGATTGA
2859	e16_s1_TACCTGCTCAATGTCG
2860	e16_s1_TACCTGCTCACCTCGT
2861	e16_s1_TACCTGCTCTGTCGCT
2862	e16_s1_TACGCTCAGATTACCC
2863	e16_s1_TACGCTCCAAATGGAT
2864	e16_s1_TACGCTCGTGTCTCCT
2865	e16_s1_TACGCTCGTTAAGAAC
2866	e16_s1_TACGCTCGTTCGTAAC
2867	e16_s1_TACGCTCGTTGCGTAT
2868	e16_s1_TACGCTCTCATCGGGC
2869	e16_s1_TACGCTCTCCACAGGC
2870	e16_s1_TACGCTCTCCATACAG
2871	e16_s1_TACGCTCTCCCAACTC
2872	e16_s1_TACGCTCTCGTGTGAT
2873	e16_s1_TACGGGCCAGCGTGAA
2874	e16_s1_TACGGGCTCCAAATGC
2875	e16_s1_TACGGGCTCGCCATAA
2876	e16_s1_TACGGTAAGGGCCCTT
2877	e16_s1_TACGGTAAGGGCTTCC
2878	e16_s1_TACGGTATCACCATGA
2879	e16_s1_TACGGTATCGAAGCAG
2880	e16_s1_TACGTCCAGTTTCGAC
2881	e16_s1_TACGTCCCAAATTGCC
2882	e16_s1_TACGTCCCATCGGCCA
2883	e16_s1_TACGTCCGTATACAGA
2884	e16_s1_TACGTCCTCATGCGGC
2885	e16_s1_TACTGCCAGGCTGAAC
2886	e16_s1_TACTGCCCAAGCGAGT
2887	e16_s1_TACTGCCCATTGCTTT
2888	e16_s1_TACTGCCTCTTGTGCC
2889	e16_s1_TACTTACAGAGTTGAT
2890	e16_s1_TACTTACGTAGCTTGT
2891	e16_s1_TACTTCAAGACTCATC
2892	e16_s1_TACTTCACAGCTGAAG
2893	e16_s1_TACTTCATCCACCTGT
2894	e16_s1_TACTTCATCGACGTCG
2895	e16_s1_TAGACCAAGGCTATCT
2896	e16_s1_TAGACCAAGTCTGCAT
2897	e16_s1_TAGACCACACGCTGAC
2898	e16_s1_TAGACCATCATTTGGG
2899	e16_s1_TAGACTGAGGGCTGAT
2900	e16_s1_TAGACTGCAATGTTGC
2901	e16_s1_TAGACTGCATACTGAC
2902	e16_s1_TAGACTGTCGCTCATC
2903	e16_s1_TAGAGTCAGCGCAATG
2904	e16_s1_TAGAGTCAGGCTGGAT
2905	e16_s1_TAGAGTCCAGTCTTCC
2906	e16_s1_TAGAGTCGTACGACTT
2907	e16_s1_TAGAGTCGTATCATGC
2908	e16_s1_TAGAGTCTCAGTGATC
2909	e16_s1_TAGAGTCTCTAGAACC
2910	e16_s1_TAGATCGCAACTACGT
2911	e16_s1_TAGATCGGTTCCGCAG
2912	e16_s1_TAGATCGTCCCGAGAC
2913	e16_s1_TAGATCGTCGGATAAA
2914	e16_s1_TAGCACACAAGCCTGC
2915	e16_s1_TAGCACACAATTGCTG
2916	e16_s1_TAGCACACAGTAACCT
2917	e16_s1_TAGCACAGTTCAAACC
2918	e16_s1_TAGCACATCGTAGCCG
2919	e16_s1_TAGCACATCTTGCGCT
2920	e16_s1_TAGGAGGCAAATGGTA
2921	e16_s1_TAGGAGGCAACAGCCC
2922	e16_s1_TAGGAGGGTCGACGCT
2923	e16_s1_TAGGAGGGTTCCGCGA
2924	e16_s1_TAGGAGGTCATGGATC
2925	e16_s1_TAGGGTTAGAAACTCA
2926	e16_s1_TAGGGTTAGGATAATC
2927	e16_s1_TAGGGTTGTAGTACGG
2928	e16_s1_TAGGGTTGTTGGCCTG
2929	e16_s1_TAGGTACTCATGCAGT
2930	e16_s1_TAGGTACTCTGACGCG
2931	e16_s1_TAGGTTGAGGTTGACG
2932	e16_s1_TAGGTTGGTGCACGCT
2933	e16_s1_TAGGTTGTCGGTCGGT
2934	e16_s1_TAGGTTGTCTCACGAA
2935	e16_s1_TAGTGCACACGACAGA
2936	e16_s1_TAGTGCATCAAAGAAC
2937	e16_s1_TATACCTAGACATGCG
2938	e16_s1_TATACCTAGCGACAGT
2939	e16_s1_TATACCTAGCTCCACG
2940	e16_s1_TATACCTCACGTGAGA
2941	e16_s1_TATACCTGTAGCACGA
2942	e16_s1_TATATCCAGAGCATCG
2943	e16_s1_TATATCCCACTTTAGG
2944	e16_s1_TATATCCTCCGTGTAA
2945	e16_s1_TATCAGGAGTCAGCGA
2946	e16_s1_TATCAGGGTCTACACA
2947	e16_s1_TATCAGGTCAGCTTCC
2948	e16_s1_TATCAGGTCTAAGGAA
2949	e16_s1_TATCAGGTCTTCGGTC
2950	e16_s1_TATCCTAAGCCAAGCA
2951	e16_s1_TATCCTAAGGACTAAT
2952	e16_s1_TATCCTAAGTAAGGGA
2953	e16_s1_TATCCTACAAAGAACT
2954	e16_s1_TATCCTACAAGAATAC
2955	e16_s1_TATCCTACACCGCTGA
2956	e16_s1_TATCCTACACTCCTGT
2957	e16_s1_TATCCTAGTCTGCCTT
2958	e16_s1_TATCCTATCCTGGGAC
2959	e16_s1_TATCGCCAGCTAATCC
2960	e16_s1_TATCGCCAGTCAGAGC
2961	e16_s1_TATCGCCAGTGGCAGT
2962	e16_s1_TATCGCCCATCTGCGG
2963	e16_s1_TATCGCCTCACCTGTC
2964	e16_s1_TATCTGTAGAAATTGC
2965	e16_s1_TATCTGTAGACAACAT
2966	e16_s1_TATCTGTAGCTGGAGT
2967	e16_s1_TATCTGTAGGATTCAA
2968	e16_s1_TATCTGTAGTGCTCGC
2969	e16_s1_TATCTGTAGTTTGAGA
2970	e16_s1_TATCTGTGTCCAGCAC
2971	e16_s1_TATCTGTTCCGTATAG
2972	e16_s1_TATCTGTTCGCAGTGC
2973	e16_s1_TATCTGTTCTCAGGCG
2974	e16_s1_TATCTGTTCTTCCACG
2975	e16_s1_TATCTTGCAATCACGT
2976	e16_s1_TATCTTGGTCGAACAG
2977	e16_s1_TATCTTGTCACTGTCC
2978	e16_s1_TATGTTCGTGAGTAGC
2979	e16_s1_TATGTTCTCCCTCGAT
2980	e16_s1_TATGTTCTCGACCTAA
2981	e16_s1_TATTCCAAGACGTCGA
2982	e16_s1_TATTCCAAGAGTGGCT
2983	e16_s1_TATTCCAAGCTTCTAG
2984	e16_s1_TATTCCAAGGACTTCT
2985	e16_s1_TATTCCACACCGTGCA
2986	e16_s1_TATTCCACAGGCTATT
2987	e16_s1_TATTCCAGTTAGGGAC
2988	e16_s1_TATTGCTGTGATTCAC
2989	e16_s1_TATTGCTTCGAACGGA
2990	e16_s1_TATTGGGAGTGATTCC
2991	e16_s1_TATTGGGCACAAGCTT
2992	e16_s1_TATTGGGGTGGCTTAT
2993	e16_s1_TATTGGGTCACAGAGG
2994	e16_s1_TATTGGGTCTTCTGTA
2995	e16_s1_TATTTCGCAGCGGTTC
2996	e16_s1_TATTTCGCATAATCCG
2997	e16_s1_TATTTCGGTCGCACGT
2998	e16_s1_TCAAGACCACGCCACA
2999	e16_s1_TCAAGACCAGGATTCT
3000	e16_s1_TCAAGCAGTGAGATCG
3001	e16_s1_TCAAGTGAGGAGTATT
3002	e16_s1_TCAAGTGCAATCGTCA
3003	e16_s1_TCAAGTGGTACGAAAT
3004	e16_s1_TCAAGTGGTATGATCC
3005	e16_s1_TCAAGTGTCATGCATG
3006	e16_s1_TCAAGTGTCGTCAAAC
3007	e16_s1_TCAATCTCACGGGCTT
3008	e16_s1_TCAATCTCATGCGTGC
3009	e16_s1_TCAATCTGTCGAGATG
3010	e16_s1_TCAATCTGTTCACGAT
3011	e16_s1_TCAATCTTCAACTCTT
3012	e16_s1_TCAATCTTCGTGGCTG
3013	e16_s1_TCAATCTTCTACTGAG
3014	e16_s1_TCAATCTTCTCGGCTT
3015	e16_s1_TCAATCTTCTGAGCAT
3016	e16_s1_TCAATTCAGCCTGTCG
3017	e16_s1_TCAATTCCACTCACTC
3018	e16_s1_TCAATTCGTCTCGCGA
3019	e16_s1_TCAATTCTCATGAGGG
3020	e16_s1_TCAATTCTCATGGTAC
3021	e16_s1_TCACAAGAGAAACTCA
3022	e16_s1_TCACAAGCACTAGTAC
3023	e16_s1_TCACAAGGTGTCCACG
3024	e16_s1_TCACAAGTCAAGGAGC
3025	e16_s1_TCACACCAGAGCAGCT
3026	e16_s1_TCACACCCAAGAGTGC
3027	e16_s1_TCACACCCAGCACAAG
3028	e16_s1_TCACACCCAGTGTGGA
3029	e16_s1_TCACACCGTGGTCTCG
3030	e16_s1_TCACACCGTGTGTCGC
3031	e16_s1_TCACACCGTTACTCAG
3032	e16_s1_TCACACCTCGTAATGC
3033	e16_s1_TCACATTAGCCGCACT
3034	e16_s1_TCACATTAGGAACGAA
3035	e16_s1_TCACATTCACAAGGTG
3036	e16_s1_TCACATTCAGACGATG
3037	e16_s1_TCACATTGTAGGCAGT
3038	e16_s1_TCACATTGTCGAACAG
3039	e16_s1_TCACATTGTGACCGAA
3040	e16_s1_TCACATTGTGGCATCC
3041	e16_s1_TCACATTGTTCGGCCA
3042	e16_s1_TCACGCTAGAGTGTTA
3043	e16_s1_TCACGCTAGTAAAGCT
3044	e16_s1_TCACGCTGTGACAACG
3045	e16_s1_TCACGGGTCTCCGATC
3046	e16_s1_TCACGGGTCTGCGATA
3047	e16_s1_TCACTATCAAGGCTTT
3048	e16_s1_TCACTATCAGACACAG
3049	e16_s1_TCACTATTCCATTCGC
3050	e16_s1_TCACTATTCTATTCGT
3051	e16_s1_TCACTCGAGGAGATAG
3052	e16_s1_TCACTCGAGTAGGCCA
3053	e16_s1_TCACTCGCACAAAGCG
3054	e16_s1_TCACTCGCAGAGCTAG
3055	e16_s1_TCACTCGGTCCGTACG
3056	e16_s1_TCACTCGGTCGGCTAC
3057	e16_s1_TCACTCGGTGATACAA
3058	e16_s1_TCACTCGGTTCGGACC
3059	e16_s1_TCACTCGTCTGTGTGA
3060	e16_s1_TCAGCAAAGAATAACC
3061	e16_s1_TCAGCAACATGGGCAA
3062	e16_s1_TCAGCAATCCTCTCGA
3063	e16_s1_TCAGCCTCAAGTGCAG
3064	e16_s1_TCAGCCTCATCCGCGA
3065	e16_s1_TCAGCCTGTCTGTGCG
3066	e16_s1_TCAGCCTTCCTGATAG
3067	e16_s1_TCAGGGCAGGTTCCAT
3068	e16_s1_TCAGGGCCATGGCGCT
3069	e16_s1_TCAGGGCGTACAAGTA
3070	e16_s1_TCAGGGCGTATCGAGG
3071	e16_s1_TCAGGGCGTCGCACGT
3072	e16_s1_TCAGGGCTCTCTGCTG
3073	e16_s1_TCAGGTAAGTAAAGCT
3074	e16_s1_TCAGGTACAGTTTCGA
3075	e16_s1_TCAGGTAGTGGACAGT
3076	e16_s1_TCAGGTAGTGTATTGC
3077	e16_s1_TCAGTCCCAGCAGATG
3078	e16_s1_TCAGTCCCAGGCCTGT
3079	e16_s1_TCAGTCCCATTAGGCT
3080	e16_s1_TCAGTCCTCTGCTTTA
3081	e16_s1_TCAGTGAAGAGTCTGG
3082	e16_s1_TCAGTGAAGCTCCCTT
3083	e16_s1_TCAGTGACAGGTCCCA
3084	e16_s1_TCAGTGACATCTCCCA
3085	e16_s1_TCAGTGACATGACCCG
3086	e16_s1_TCAGTGAGTGTATTGC
3087	e16_s1_TCAGTGATCATCACCC
3088	e16_s1_TCAGTTTAGATACAGT
3089	e16_s1_TCAGTTTAGGTAGCAC
3090	e16_s1_TCAGTTTCAAGAGGTC
3091	e16_s1_TCAGTTTCACGATAGG
3092	e16_s1_TCAGTTTGTAATCAGA
3093	e16_s1_TCAGTTTGTCAAGGCA
3094	e16_s1_TCATACTGTAGACTGG
3095	e16_s1_TCATACTTCCTTATGT
3096	e16_s1_TCATACTTCTTGGATG
3097	e16_s1_TCATATCCAGCCGGTT
3098	e16_s1_TCATATCTCACACCCT
3099	e16_s1_TCATATCTCACGACTA
3100	e16_s1_TCATATCTCATGCCGG
3101	e16_s1_TCATATCTCGAAGTGG
3102	e16_s1_TCATCATAGCAGATAT
3103	e16_s1_TCATCATAGGAATCGC
3104	e16_s1_TCATCATCAAGGCGTA
3105	e16_s1_TCATCATCACCAGCGT
3106	e16_s1_TCATCATGTGAGGAAA
3107	e16_s1_TCATCATTCGGCCAAC
3108	e16_s1_TCATCCGAGAGAGTGA
3109	e16_s1_TCATCCGAGCGAGTCA
3110	e16_s1_TCATCCGAGCTCACTA
3111	e16_s1_TCATCCGGTAGGTCAG
3112	e16_s1_TCATCCGGTATGGTAA
3113	e16_s1_TCATCCGTCCGATAAC
3114	e16_s1_TCATGAGAGGTAGGCT
3115	e16_s1_TCATGAGCAAGGTCAG
3116	e16_s1_TCATGAGCAATCGTCA
3117	e16_s1_TCATGCCCAGAGCTAG
3118	e16_s1_TCATGCCCATTGACAC
3119	e16_s1_TCATGCCTCGGCACTG
3120	e16_s1_TCATGGAAGCAGGCTA
3121	e16_s1_TCATGGACAGTTGTTG
3122	e16_s1_TCATGGAGTGTATCCA
3123	e16_s1_TCATGTTGTTTGATCG
3124	e16_s1_TCATGTTTCATTCACT
3125	e16_s1_TCATTACAGAACTTCC
3126	e16_s1_TCATTACAGTGATAGT
3127	e16_s1_TCATTACCATACTGTG
3128	e16_s1_TCATTACGTCCTGGGT
3129	e16_s1_TCATTACTCATTGCCC
3130	e16_s1_TCATTACTCTACTGCC
3131	e16_s1_TCATTCAAGTACAGAT
3132	e16_s1_TCATTCAAGTCTAACC
3133	e16_s1_TCATTCACAGAGAATT
3134	e16_s1_TCATTCAGTGAGGCAT
3135	e16_s1_TCATTGTAGCGCACAA
3136	e16_s1_TCATTGTCAAGCTGTT
3137	e16_s1_TCATTGTCAGTAGATA
3138	e16_s1_TCATTGTGTTGGGTAG
3139	e16_s1_TCATTGTTCAGAGCGA
3140	e16_s1_TCATTGTTCCCGAGGT
3141	e16_s1_TCATTTGAGAACTTCC
3142	e16_s1_TCATTTGGTAGTGATA
3143	e16_s1_TCATTTGGTCATATGC
3144	e16_s1_TCCACCACACGGTAGA
3145	e16_s1_TCCACCATCGCTGTCT
3146	e16_s1_TCCACCATCGGACTGC
3147	e16_s1_TCCACCATCTGCTTTA
3148	e16_s1_TCCACGTAGATTAGCA
3149	e16_s1_TCCACGTCAACCGACC
3150	e16_s1_TCCACGTCAGAGCGTA
3151	e16_s1_TCCACGTTCCCTTTGG
3152	e16_s1_TCCACGTTCTAGACAC
3153	e16_s1_TCCAGAAAGCACCGTC
3154	e16_s1_TCCAGAAAGTTCCGTA
3155	e16_s1_TCCAGAACAGGTGGAT
3156	e16_s1_TCCAGAAGTCTTCTAT
3157	e16_s1_TCCAGAATCGACATCA
3158	e16_s1_TCCATCGGTAGGCAAC
3159	e16_s1_TCCATCGTCCATCTCG
3160	e16_s1_TCCATCGTCCGTATGA
3161	e16_s1_TCCATCGTCGTGCATA
3162	e16_s1_TCCATGCAGTGGATAT
3163	e16_s1_TCCATGCAGTGTACCT
3164	e16_s1_TCCATGCCACGTGAGA
3165	e16_s1_TCCATGCCAGTCTCTC
3166	e16_s1_TCCCACACAGCTTCGG
3167	e16_s1_TCCCACAGTGCGGTAA
3168	e16_s1_TCCCAGTAGAAACTCA
3169	e16_s1_TCCCAGTAGAGGTCGT
3170	e16_s1_TCCCAGTAGGGTGAAA
3171	e16_s1_TCCCAGTAGTCATTGC
3172	e16_s1_TCCCAGTCAAACGAGC
3173	e16_s1_TCCCAGTCAACCCGCA
3174	e16_s1_TCCCAGTCATTGGATC
3175	e16_s1_TCCCATGTCCCGAACG
3176	e16_s1_TCCCATGTCGTTCCCA
3177	e16_s1_TCCCATGTCTCCTGTG
3178	e16_s1_TCCGAAAAGCGTCGAA
3179	e16_s1_TCCGAAAAGCTACTGT
3180	e16_s1_TCCGAAAAGGCCACTC
3181	e16_s1_TCCGAAACAAGTCATC
3182	e16_s1_TCCGAAACAGAGGACT
3183	e16_s1_TCCGAAAGTTCTTGTT
3184	e16_s1_TCCGAAATCACTCGAA
3185	e16_s1_TCCGAAATCATTTCGT
3186	e16_s1_TCCGATCAGTGTACAA
3187	e16_s1_TCCGATCCAATCGCCG
3188	e16_s1_TCCGATCGTGTGTGGA
3189	e16_s1_TCCGGGAAGCGAGGAG
3190	e16_s1_TCCGGGAAGGACCCAA
3191	e16_s1_TCCGGGAAGTAGTCAA
3192	e16_s1_TCCGGGACACTAGTAC
3193	e16_s1_TCCGGGACAGACCAGA
3194	e16_s1_TCCGGGAGTACCGCGT
3195	e16_s1_TCCGGGATCTACTGCC
3196	e16_s1_TCCGTGTGTAACCCGC
3197	e16_s1_TCCGTGTGTTCAAGTC
3198	e16_s1_TCCTAATAGAGGCTGT
3199	e16_s1_TCCTAATAGCCATTTG
3200	e16_s1_TCCTAATAGCTAGAAT
3201	e16_s1_TCCTAATCAGGTAGTG
3202	e16_s1_TCCTAATGTCGCTTAA
3203	e16_s1_TCCTAATTCAGGACGA
3204	e16_s1_TCCTCCCAGTAACCTC
3205	e16_s1_TCCTCCCCACGTGAGA
3206	e16_s1_TCCTCCCGTCGATGCC
3207	e16_s1_TCCTCGACAAATGGAT
3208	e16_s1_TCCTCGACACGGGCTT
3209	e16_s1_TCCTCGACAGTTTCGA
3210	e16_s1_TCCTCGAGTAATCAGA
3211	e16_s1_TCCTCTTGTCGCATCG
3212	e16_s1_TCCTCTTTCGAGAATA
3213	e16_s1_TCCTCTTTCGGACAAG
3214	e16_s1_TCCTCTTTCTGGTCAA
3215	e16_s1_TCCTGCAAGAGCTGCA
3216	e16_s1_TCCTGCACACATCATG
3217	e16_s1_TCCTGCACAGGACATG
3218	e16_s1_TCCTGCACATCCTAAG
3219	e16_s1_TCCTGCAGTATTCCGA
3220	e16_s1_TCCTGCAGTGTCCGTG
3221	e16_s1_TCCTGCATCTCCGTGT
3222	e16_s1_TCCTTCTGTTATTCTC
3223	e16_s1_TCCTTCTTCCCGAATA
3224	e16_s1_TCCTTTCAGGGTACAC
3225	e16_s1_TCCTTTCCAGAGCTAG
3226	e16_s1_TCCTTTCCATACCAGT
3227	e16_s1_TCCTTTCGTACCGTCG
3228	e16_s1_TCCTTTCGTAGAATAC
3229	e16_s1_TCCTTTCGTTAGAAGT
3230	e16_s1_TCGAACACATCCGTGG
3231	e16_s1_TCGAACAGTCATGACT
3232	e16_s1_TCGAACATCTGTGCGG
3233	e16_s1_TCGAAGTAGCGACCCT
3234	e16_s1_TCGAAGTGTATGGTAA
3235	e16_s1_TCGAAGTGTCGTCTCT
3236	e16_s1_TCGAAGTGTGGACCAA
3237	e16_s1_TCGACCTCAACCAACT
3238	e16_s1_TCGACCTCACCACATA
3239	e16_s1_TCGACCTCAGAGGCAT
3240	e16_s1_TCGACCTCATCTCATT
3241	e16_s1_TCGACCTGTAGTCCTA
3242	e16_s1_TCGACCTGTGACAGCA
3243	e16_s1_TCGACCTGTTTCTATC
3244	e16_s1_TCGACCTTCCGGTAGC
3245	e16_s1_TCGACGGAGACCGTTT
3246	e16_s1_TCGACGGAGTGCACAG
3247	e16_s1_TCGACGGGTAACAGGC
3248	e16_s1_TCGACGGTCAAACCCA
3249	e16_s1_TCGACGGTCACGACTA
3250	e16_s1_TCGACGGTCTCAACGA
3251	e16_s1_TCGATTTCACCCTGTT
3252	e16_s1_TCGATTTCATCGCTCT
3253	e16_s1_TCGATTTCATTGAAAG
3254	e16_s1_TCGCACTAGAAAGTCT
3255	e16_s1_TCGCACTAGAGGTTAT
3256	e16_s1_TCGCACTAGAGTCTGG
3257	e16_s1_TCGCACTAGCAAGGAA
3258	e16_s1_TCGCACTAGCGCACAA
3259	e16_s1_TCGCACTCATCGGTTA
3260	e16_s1_TCGCACTGTTAAGGGC
3261	e16_s1_TCGCACTTCCTTGACC
3262	e16_s1_TCGCACTTCGAACCTA
3263	e16_s1_TCGCAGGCAAGGTCTT
3264	e16_s1_TCGCAGGCACGGAAGT
3265	e16_s1_TCGCAGGGTAGACGGT
3266	e16_s1_TCGCAGGGTCGCGTTG
3267	e16_s1_TCGCTCAAGAACCGCA
3268	e16_s1_TCGCTCATCGGCATTA
3269	e16_s1_TCGCTTGCACTCATAG
3270	e16_s1_TCGCTTGTCGGAATTC
3271	e16_s1_TCGCTTGTCTTCCCAG
3272	e16_s1_TCGGATAAGAGAGAAC
3273	e16_s1_TCGGATACATTGACCA
3274	e16_s1_TCGGATAGTAAGGCTG
3275	e16_s1_TCGGATAGTTAGAGAT
3276	e16_s1_TCGGATATCCATTTCA
3277	e16_s1_TCGGATATCCTCAGAA
3278	e16_s1_TCGGATATCGAGAATA
3279	e16_s1_TCGGATATCGGTCACG
3280	e16_s1_TCGGGACAGGGATCTG
3281	e16_s1_TCGGGACGTTGAGTCT
3282	e16_s1_TCGGGCAAGTGGCGAT
3283	e16_s1_TCGGGCAGTCAAGCCC
3284	e16_s1_TCGGGCAGTGTTAAAG
3285	e16_s1_TCGGGTGAGACCACGA
3286	e16_s1_TCGGGTGCAGACGCTC
3287	e16_s1_TCGGGTGGTACAAACA
3288	e16_s1_TCGGGTGGTATACCTG
3289	e16_s1_TCGGGTGGTGCAGGAT
3290	e16_s1_TCGGGTGTCCCATACC
3291	e16_s1_TCGGTCTAGAAAGTCT
3292	e16_s1_TCGGTCTAGCCATTTG
3293	e16_s1_TCGGTCTCAGGTTTAC
3294	e16_s1_TCGGTCTGTTGGACTT
3295	e16_s1_TCGTAGACAACGTTAC
3296	e16_s1_TCGTAGATCGCGTGCA
3297	e16_s1_TCGTAGATCGGATACT
3298	e16_s1_TCGTCCACACTGGATT
3299	e16_s1_TCGTCCACAGGGAATC
3300	e16_s1_TCGTCCACAGTCTCTC
3301	e16_s1_TCGTCCACATAGGTTC
3302	e16_s1_TCGTCCAGTTCTCCAC
3303	e16_s1_TCGTCCAGTTGTGGCC
3304	e16_s1_TCGTGCTAGACCATTC
3305	e16_s1_TCGTGCTAGTCACAGG
3306	e16_s1_TCGTGCTCATCCGGCA
3307	e16_s1_TCGTGCTGTGGTAACG
3308	e16_s1_TCGTGGGAGAATCTAG
3309	e16_s1_TCGTGGGAGCCTGAGA
3310	e16_s1_TCGTGGGAGGACTATA
3311	e16_s1_TCGTGGGCAAGTCCAT
3312	e16_s1_TCGTGGGCAGACCAGA
3313	e16_s1_TCGTGGGCATGGGTCC
3314	e16_s1_TCGTGGGTCCTCGATC
3315	e16_s1_TCTAACTAGGTGCATG
3316	e16_s1_TCTAACTTCACCATCC
3317	e16_s1_TCTAACTTCGAGAGCA
3318	e16_s1_TCTAACTTCTTACCAT
3319	e16_s1_TCTACATAGACATGCG
3320	e16_s1_TCTACATGTCTGTCAA
3321	e16_s1_TCTACCGAGTAGTGCG
3322	e16_s1_TCTACCGGTTGCTAGT
3323	e16_s1_TCTACCGTCGCCGATG
3324	e16_s1_TCTATACAGTCACACT
3325	e16_s1_TCTATACAGTTGCATC
3326	e16_s1_TCTATACCACAACGTT
3327	e16_s1_TCTATACGTCAACCAT
3328	e16_s1_TCTATACTCAGCGCAC
3329	e16_s1_TCTATCAAGCCATTGT
3330	e16_s1_TCTATCAAGTCGCTAT
3331	e16_s1_TCTATCACACACTGGC
3332	e16_s1_TCTATCACAGAGTGTG
3333	e16_s1_TCTATCAGTGCCTTTC
3334	e16_s1_TCTATCATCGATCCCT
3335	e16_s1_TCTCACGAGGTTACCT
3336	e16_s1_TCTCAGCAGGTTGTTC
3337	e16_s1_TCTCAGCCAATTCGTG
3338	e16_s1_TCTCAGCCACCACATA
3339	e16_s1_TCTCAGCGTTCCTAGA
3340	e16_s1_TCTCAGCTCCATAGGT
3341	e16_s1_TCTCAGCTCTCGGTAA
3342	e16_s1_TCTCCGAAGTTAGTGA
3343	e16_s1_TCTCCGACAAGGTCGA
3344	e16_s1_TCTCCGATCAGCTTGA
3345	e16_s1_TCTCCGATCTGTAAGC
3346	e16_s1_TCTCTGGAGCAGAAAG
3347	e16_s1_TCTCTGGAGGTCATAA
3348	e16_s1_TCTCTGGCAATAGTCC
3349	e16_s1_TCTCTGGCACACAGAG
3350	e16_s1_TCTCTGGTCAACCTCC
3351	e16_s1_TCTCTGGTCTCTTGCG
3352	e16_s1_TCTGCCACAAATGCTC
3353	e16_s1_TCTGCCAGTCCATCTC
3354	e16_s1_TCTGCCAGTGATACCT
3355	e16_s1_TCTGCCATCCAGTTCC
3356	e16_s1_TCTGGCTAGTCTGCGC
3357	e16_s1_TCTGGCTGTACGTAGG
3358	e16_s1_TCTGGCTTCAGCTGAT
3359	e16_s1_TCTGGCTTCTTTGGAG
3360	e16_s1_TCTGTCGAGTCATGGG
3361	e16_s1_TCTGTCGGTTTCAGAC
3362	e16_s1_TCTGTCGTCATCGACA
3363	e16_s1_TCTGTCGTCGACACCG
3364	e16_s1_TCTTAGTAGGTAGACC
3365	e16_s1_TCTTAGTGTCTGTGCG
3366	e16_s1_TCTTAGTTCACCTGTC
3367	e16_s1_TCTTCCTAGTGCACTT
3368	e16_s1_TCTTCCTCAACAAAGT
3369	e16_s1_TCTTCCTGTATAGGAT
3370	e16_s1_TCTTCCTGTCACCACG
3371	e16_s1_TCTTCCTTCATGGATC
3372	e16_s1_TCTTGCGGTCTGCAAT
3373	e16_s1_TCTTGCGTCCGGCAGT
3374	e16_s1_TCTTGCGTCTCCTGCA
3375	e16_s1_TCTTGCGTCTGAGGTT
3376	e16_s1_TCTTTGAAGAAACTAC
3377	e16_s1_TCTTTGAAGTCATACC
3378	e16_s1_TCTTTGACACTAGGTT
3379	e16_s1_TCTTTGAGTAGTTAGA
3380	e16_s1_TCTTTGAGTGTGAGCA
3381	e16_s1_TCTTTGATCCTATTGT
3382	e16_s1_TCTTTGATCGCCATAA
3383	e16_s1_TGAACGTCACCCTTAC
3384	e16_s1_TGAACGTCACTGGCGT
3385	e16_s1_TGAACGTGTACGATTC
3386	e16_s1_TGAACGTTCCTGTACC
3387	e16_s1_TGAATCGAGGGCAGAG
3388	e16_s1_TGAATCGAGGGTATAT
3389	e16_s1_TGAATCGTCCTAGCCT
3390	e16_s1_TGAATCGTCGCGTGCA
3391	e16_s1_TGAATGCCAAATGAGT
3392	e16_s1_TGAATGCGTGGACCAA
3393	e16_s1_TGAATGCTCCGTAGTA
3394	e16_s1_TGAATGCTCGAACCAT
3395	e16_s1_TGAATGCTCGAATCCA
3396	e16_s1_TGAATGCTCTTGGTCC
3397	e16_s1_TGACAGTAGCTCGTGC
3398	e16_s1_TGACAGTCAGCTGAGA
3399	e16_s1_TGACAGTGTTGCCGCA
3400	e16_s1_TGACAGTGTTGTAGCT
3401	e16_s1_TGACCCTAGCACTGGA
3402	e16_s1_TGACCCTAGCTGACCC
3403	e16_s1_TGACCCTAGGATTCAA
3404	e16_s1_TGACCCTAGTGAATAC
3405	e16_s1_TGACCCTCAATGAGCG
3406	e16_s1_TGACCCTCACGGTGCT
3407	e16_s1_TGACCCTCACTACTTT
3408	e16_s1_TGACCCTTCAAGTAAG
3409	e16_s1_TGACCCTTCCGGCAGT
3410	e16_s1_TGACGCGAGAGCCATG
3411	e16_s1_TGACGCGAGGGATCGT
3412	e16_s1_TGACGCGGTCTGCAAT
3413	e16_s1_TGACGCGGTGAGACCA
3414	e16_s1_TGACGCGGTGATGAAT
3415	e16_s1_TGACGCGGTGCGCTCA
3416	e16_s1_TGACGCGGTGGCCACT
3417	e16_s1_TGACTCCAGCCTCGTG
3418	e16_s1_TGACTCCAGGCTTAAA
3419	e16_s1_TGACTCCTCGCACTCT
3420	e16_s1_TGACTCCTCTGAATCG
3421	e16_s1_TGAGACTCAGGCGTTC
3422	e16_s1_TGAGACTGTTATGACC
3423	e16_s1_TGAGCATAGCACGTCC
3424	e16_s1_TGAGCATGTACAGCGA
3425	e16_s1_TGAGCATGTCAGGCAA
3426	e16_s1_TGAGCATGTCATATGC
3427	e16_s1_TGAGCATGTTGTGTAC
3428	e16_s1_TGAGCATTCGACACCG
3429	e16_s1_TGAGCATTCGACATTG
3430	e16_s1_TGAGCATTCGGATAAA
3431	e16_s1_TGAGCGCAGGCATGCA
3432	e16_s1_TGAGCGCGTCGCAGTC
3433	e16_s1_TGAGGAGCACAGTGAG
3434	e16_s1_TGAGGAGCAGTGACCC
3435	e16_s1_TGAGGAGCATTCGATG
3436	e16_s1_TGAGGAGTCATCGCTC
3437	e16_s1_TGAGGAGTCGAGTGAG
3438	e16_s1_TGAGGGAAGCACTAAA
3439	e16_s1_TGAGGGAAGGGAGAAT
3440	e16_s1_TGAGGGAAGGTGTGAC
3441	e16_s1_TGAGGGACACACAGAG
3442	e16_s1_TGAGGGACAGTAACGG
3443	e16_s1_TGAGGGAGTAGGATAT
3444	e16_s1_TGAGGGAGTCGCCTAG
3445	e16_s1_TGAGGGAGTTCAAACC
3446	e16_s1_TGAGGGAGTTGTGTTG
3447	e16_s1_TGAGGTTAGGATACGC
3448	e16_s1_TGAGGTTCACAAGCAG
3449	e16_s1_TGAGGTTTCTATGCCC
3450	e16_s1_TGAGTCACACAGCTTA
3451	e16_s1_TGAGTCACACGTGTGC
3452	e16_s1_TGAGTCACATAGAATG
3453	e16_s1_TGATCAGCAACGGTAG
3454	e16_s1_TGATCAGGTCTGTAGT
3455	e16_s1_TGATCAGTCACGAACT
3456	e16_s1_TGATCAGTCACGGAGA
3457	e16_s1_TGATCTTCACAATGCT
3458	e16_s1_TGATCTTGTAGGGTAC
3459	e16_s1_TGATCTTGTATGAAGT
3460	e16_s1_TGATCTTGTTCTCTCG
3461	e16_s1_TGATCTTTCATTTACC
3462	e16_s1_TGATGCACACACCGCA
3463	e16_s1_TGATGCACACGATAGG
3464	e16_s1_TGATGCATCGTGCATA
3465	e16_s1_TGATGGTAGCGACTAG
3466	e16_s1_TGATGGTCAGCTGTCG
3467	e16_s1_TGATGGTTCGAGATAA
3468	e16_s1_TGATGGTTCTACGGGC
3469	e16_s1_TGATTCTAGGTGATAT
3470	e16_s1_TGATTCTAGTTGTCAC
3471	e16_s1_TGATTCTTCAGGTGTT
3472	e16_s1_TGATTTCAGAAATGGG
3473	e16_s1_TGATTTCCAAGACGGT
3474	e16_s1_TGATTTCGTATAGGAT
3475	e16_s1_TGATTTCTCCTGGCTT
3476	e16_s1_TGATTTCTCTGCGGGT
3477	e16_s1_TGCACGGAGCGTGCCT
3478	e16_s1_TGCACGGCAGTTGTTG
3479	e16_s1_TGCACGGGTCGACTGC
3480	e16_s1_TGCAGATGTACCTTCC
3481	e16_s1_TGCAGATGTCGATGCC
3482	e16_s1_TGCAGATGTGAATGTA
3483	e16_s1_TGCAGGCAGCTAAATG
3484	e16_s1_TGCAGGCCAGAGGGTT
3485	e16_s1_TGCAGGCGTCGAGCTC
3486	e16_s1_TGCAGTAAGGCGATAC
3487	e16_s1_TGCAGTAGTAGGGTAC
3488	e16_s1_TGCAGTATCCATAAGC
3489	e16_s1_TGCATCCAGAGAGTTT
3490	e16_s1_TGCATCCAGCTGACAG
3491	e16_s1_TGCATCCAGGTTGAGC
3492	e16_s1_TGCATCCAGTGTAGTA
3493	e16_s1_TGCATCCGTGGCTCTG
3494	e16_s1_TGCATCCTCCCGAAAT
3495	e16_s1_TGCATGAAGAGTATAC
3496	e16_s1_TGCATGAAGATGCCGA
3497	e16_s1_TGCATGAAGCATTTGC
3498	e16_s1_TGCATGACATACCAGT
3499	e16_s1_TGCATGAGTGCCTGCA
3500	e16_s1_TGCATGATCACCCTCA
3501	e16_s1_TGCGACGAGCCGCACT
3502	e16_s1_TGCGACGCAGACCATT
3503	e16_s1_TGCGACGCAGGTCAGA
3504	e16_s1_TGCGATACACAGTATC
3505	e16_s1_TGCGATATCCGATAAC
3506	e16_s1_TGCGGCAAGAGGTCGT
3507	e16_s1_TGCGGCAAGGTAGTCG
3508	e16_s1_TGCGGCACAGCTGTGC
3509	e16_s1_TGCGGCATCGAGCCTG
3510	e16_s1_TGCGGGTAGCACCCAC
3511	e16_s1_TGCGGGTTCTGCCTCA
3512	e16_s1_TGCTCCACAGTAGAGC
3513	e16_s1_TGCTCCAGTGATACCT
3514	e16_s1_TGCTCCATCGTGGAAG
3515	e16_s1_TGCTCGTAGATAACAC
3516	e16_s1_TGCTCGTAGCCATGCC
3517	e16_s1_TGCTCGTGTGGCGTAA
3518	e16_s1_TGCTCGTGTGTTGACT
3519	e16_s1_TGCTCGTGTTCCACGG
3520	e16_s1_TGCTCGTGTTGCTTGA
3521	e16_s1_TGCTCGTTCCACAAGT
3522	e16_s1_TGCTCGTTCCATCACC
3523	e16_s1_TGCTCGTTCCTTTGAT
3524	e16_s1_TGCTGAACAGCACACC
3525	e16_s1_TGCTGAAGTACCCAGC
3526	e16_s1_TGCTGAAGTAGACGTG
3527	e16_s1_TGCTGAATCAAGGCTT
3528	e16_s1_TGCTGAATCCCATTCG
3529	e16_s1_TGCTTCGGTAGTCGGA
3530	e16_s1_TGCTTCGTCAGGAAAT
3531	e16_s1_TGCTTGCCAGCTCGGT
3532	e16_s1_TGCTTGCGTAGAGTTA
3533	e16_s1_TGCTTGCGTGTCCGTG
3534	e16_s1_TGCTTGCGTTGCCTAA
3535	e16_s1_TGCTTGCGTTTCGTAG
3536	e16_s1_TGCTTGCTCCCGAATA
3537	e16_s1_TGCTTGCTCGGTTCAA
3538	e16_s1_TGGAACTAGTGGCCTC
3539	e16_s1_TGGAACTCAAATACAG
3540	e16_s1_TGGAACTCAGCTAACT
3541	e16_s1_TGGAACTGTCCTGTCT
3542	e16_s1_TGGAACTGTCGTATTG
3543	e16_s1_TGGAACTGTGGTCCCA
3544	e16_s1_TGGAACTTCAGACAAA
3545	e16_s1_TGGAGAGAGACGCCCT
3546	e16_s1_TGGAGAGCAACAGCCC
3547	e16_s1_TGGAGAGCAACTCGAT
3548	e16_s1_TGGAGAGCAAGCGATG
3549	e16_s1_TGGAGAGGTATCACCA
3550	e16_s1_TGGAGAGGTTGGCCTG
3551	e16_s1_TGGAGAGTCATGCCCT
3552	e16_s1_TGGAGGAAGCTCACTA
3553	e16_s1_TGGAGGACATCAACCA
3554	e16_s1_TGGAGGAGTTATCTTC
3555	e16_s1_TGGAGGATCCACGTCT
3556	e16_s1_TGGAGGATCTCTAGGA
3557	e16_s1_TGGATCAAGAATACAC
3558	e16_s1_TGGATCAGTACCTAGT
3559	e16_s1_TGGATCAGTATACCTG
3560	e16_s1_TGGATCAGTGAGTAGC
3561	e16_s1_TGGATCAGTTCACCGG
3562	e16_s1_TGGATCATCGATACGT
3563	e16_s1_TGGATGTGTTACCCAA
3564	e16_s1_TGGATGTTCCTTGACC
3565	e16_s1_TGGGAAGAGTCGGCAA
3566	e16_s1_TGGGAAGCAGCACAGA
3567	e16_s1_TGGGAAGGTCTGTTAG
3568	e16_s1_TGGGAAGTCGTCACCT
3569	e16_s1_TGGGAGACAATCCTTT
3570	e16_s1_TGGGAGAGTCTTTCAT
3571	e16_s1_TGGGAGAGTGCCCTTT
3572	e16_s1_TGGGATTCAGAGTCAG
3573	e16_s1_TGGGATTTCAAGGTGG
3574	e16_s1_TGGGATTTCCGTTGAA
3575	e16_s1_TGGGATTTCTATTGTC
3576	e16_s1_TGGGATTTCTGCCCTA
3577	e16_s1_TGGGCGTCAACGGCTC
3578	e16_s1_TGGGCTGAGTAAACTG
3579	e16_s1_TGGGCTGGTAGGAGTC
3580	e16_s1_TGGGCTGGTTCAGTAC
3581	e16_s1_TGGGCTGTCCGAGAAG
3582	e16_s1_TGGGTTAAGACTAGAT
3583	e16_s1_TGGGTTACATAGAGGC
3584	e16_s1_TGGGTTACATGACTCA
3585	e16_s1_TGGGTTAGTGAAGCGT
3586	e16_s1_TGGTACAGTGGTCTAT
3587	e16_s1_TGGTACATCAAGTGTC
3588	e16_s1_TGGTACATCCCTCATG
3589	e16_s1_TGGTAGTAGGAAGAAC
3590	e16_s1_TGGTAGTAGTCATGGG
3591	e16_s1_TGGTAGTGTCAACCTA
3592	e16_s1_TGGTAGTGTCACGTGC
3593	e16_s1_TGGTAGTTCCCTCTAG
3594	e16_s1_TGGTAGTTCGTGTGGC
3595	e16_s1_TGGTGATAGATTCGCT
3596	e16_s1_TGGTGATAGGCACGAT
3597	e16_s1_TGGTGATAGGGCGAAG
3598	e16_s1_TGGTGATCACGCGTGT
3599	e16_s1_TGGTGATTCCGTACGG
3600	e16_s1_TGGTTAGAGAGGTTTA
3601	e16_s1_TGGTTAGCAAGCACCC
3602	e16_s1_TGGTTAGGTGCGAGTA
3603	e16_s1_TGTAACGAGATGAATC
3604	e16_s1_TGTAACGGTATCGTTG
3605	e16_s1_TGTAACGGTGTTATCG
3606	e16_s1_TGTAACGTCATCCTGC
3607	e16_s1_TGTAAGCCACAATTCG
3608	e16_s1_TGTAAGCCATACGCAT
3609	e16_s1_TGTAAGCGTATGTCCA
3610	e16_s1_TGTAAGCTCATCTCTA
3611	e16_s1_TGTAAGCTCTCAGAAC
3612	e16_s1_TGTACAGCACTAGGCC
3613	e16_s1_TGTACAGGTCCAGCAC
3614	e16_s1_TGTACAGGTTGCTGAT
3615	e16_s1_TGTACAGTCCAATCCC
3616	e16_s1_TGTAGACCATCGTCCT
3617	e16_s1_TGTAGACGTTTGGAGG
3618	e16_s1_TGTAGACTCTACCTTA
3619	e16_s1_TGTCAGACAATTGCCA
3620	e16_s1_TGTCAGAGTACTCGCG
3621	e16_s1_TGTCAGAGTCCGGACT
3622	e16_s1_TGTCAGATCACTAGCA
3623	e16_s1_TGTCAGATCAGTGTGT
3624	e16_s1_TGTCAGATCATCTACT
3625	e16_s1_TGTCCACCAGGCTCTG
3626	e16_s1_TGTCCACCATCGAAGG
3627	e16_s1_TGTCCACGTTAGGGAC
3628	e16_s1_TGTCCACTCCACTTCG
3629	e16_s1_TGTCCCACAATTGCGT
3630	e16_s1_TGTCCCACACATATGC
3631	e16_s1_TGTCCCAGTTTATGCG
3632	e16_s1_TGTCCTGGTGCTCGTG
3633	e16_s1_TGTCCTGTCAAGCTGT
3634	e16_s1_TGTGAGTCAGGAGGTT
3635	e16_s1_TGTGAGTGTTTCGTGA
3636	e16_s1_TGTGAGTTCATCACCC
3637	e16_s1_TGTGATGAGATGGGCT
3638	e16_s1_TGTGATGAGCCTGAAG
3639	e16_s1_TGTGATGGTATGTGTC
3640	e16_s1_TGTGATGTCTCCTGCA
3641	e16_s1_TGTGGCGAGGTTCAGG
3642	e16_s1_TGTGGCGCAAATAGCA
3643	e16_s1_TGTGGCGCACAGTCGC
3644	e16_s1_TGTGGCGGTGTCTTCC
3645	e16_s1_TGTGGCGTCCAGTGCG
3646	e16_s1_TGTGGCGTCGCTGCGA
3647	e16_s1_TGTGTGAAGGACGGAG
3648	e16_s1_TGTTACTAGTAGACCG
3649	e16_s1_TGTTACTGTCGACTTA
3650	e16_s1_TGTTACTTCATTTGCT
3651	e16_s1_TGTTCATAGGCATTTC
3652	e16_s1_TGTTCATAGTCCTACA
3653	e16_s1_TGTTCATAGTCGGGAT
3654	e16_s1_TGTTCATGTCAACCTA
3655	e16_s1_TGTTCCGCACCCTTAC
3656	e16_s1_TGTTCCGGTGACGCCT
3657	e16_s1_TGTTCCGGTTCCCACT
3658	e16_s1_TGTTCCGTCGTTGTAG
3659	e16_s1_TGTTCTACAAATGGTA
3660	e16_s1_TGTTCTATCCTACCGT
3661	e16_s1_TGTTGAGCAATGAAAC
3662	e16_s1_TGTTGAGCAGGCTCTG
3663	e16_s1_TGTTGAGGTCAAAGCG
3664	e16_s1_TGTTGAGGTGTCATTG
3665	e16_s1_TGTTGAGGTGTCGATT
3666	e16_s1_TGTTGAGTCACATCAG
3667	e16_s1_TGTTGGAAGGCGCTTC
3668	e16_s1_TGTTGGACATGGGCAA
3669	e16_s1_TGTTGGATCTGCCTGT
3670	e16_s1_TGTTTGTAGTGGTTAA
3671	e16_s1_TGTTTGTCAGGATGAC
3672	e16_s1_TGTTTGTGTTTAGACC
3673	e16_s1_TGTTTGTTCATGGCCG
3674	e16_s1_TTAATCCCAATTGCTG
3675	e16_s1_TTAATCCCACCATAAC
3676	e16_s1_TTAATCCCATCATTGG
3677	e16_s1_TTACAGGAGAGTTGCG
3678	e16_s1_TTACAGGCACAGTCAT
3679	e16_s1_TTACAGGCAGGAACCA
3680	e16_s1_TTACAGGGTACGACAG
3681	e16_s1_TTACAGGGTTCAGGTT
3682	e16_s1_TTACAGGTCAAGAGGC
3683	e16_s1_TTACAGGTCACTAGCA
3684	e16_s1_TTACAGGTCTGCGGAC
3685	e16_s1_TTACAGGTCTGTAACG
3686	e16_s1_TTACCATAGACTCTTG
3687	e16_s1_TTACCATAGGCTTCCG
3688	e16_s1_TTACCATAGGTATCTC
3689	e16_s1_TTACCATCAAGCTGTT
3690	e16_s1_TTACCATGTCCTACAA
3691	e16_s1_TTACCATGTCTACAAC
3692	e16_s1_TTACCATGTCTTCTAT
3693	e16_s1_TTACCATTCTCGTGGG
3694	e16_s1_TTACCGCAGCCTGCCA
3695	e16_s1_TTACCGCAGCGGGTTA
3696	e16_s1_TTACCGCTCATGGAGG
3697	e16_s1_TTACCGCTCGGAGCAA
3698	e16_s1_TTACCGCTCTCCCATG
3699	e16_s1_TTACGCCCAACGGGTA
3700	e16_s1_TTACGCCGTACTAAGA
3701	e16_s1_TTACGCCGTGCACGCT
3702	e16_s1_TTACGCCGTTAAGGAT
3703	e16_s1_TTACGTTCAGCTTCCT
3704	e16_s1_TTACGTTGTCTTTATC
3705	e16_s1_TTACGTTTCTGTACAG
3706	e16_s1_TTACTGTCAATACCTG
3707	e16_s1_TTACTGTGTTTCGACA
3708	e16_s1_TTAGGCAAGACTCTTG
3709	e16_s1_TTAGGCAAGCATAGGC
3710	e16_s1_TTAGGCACAATGGGTG
3711	e16_s1_TTAGGCATCCTCATAT
3712	e16_s1_TTAGGGTAGTATGTAG
3713	e16_s1_TTAGGGTGTGAGCTCC
3714	e16_s1_TTAGTCTAGCCTTGAT
3715	e16_s1_TTAGTCTCAAATACAG
3716	e16_s1_TTAGTCTCAGTTGCGC
3717	e16_s1_TTAGTCTGTCCGGCAT
3718	e16_s1_TTAGTCTTCTAAGGAA
3719	e16_s1_TTCAATCCAGAAACCG
3720	e16_s1_TTCAATCCAGACCAGA
3721	e16_s1_TTCAATCGTCGTGGTC
3722	e16_s1_TTCAATCGTGCTATTG
3723	e16_s1_TTCAATCTCTTCTGGC
3724	e16_s1_TTCAATCTCTTGGCTC
3725	e16_s1_TTCACCGAGGGTTGCA
3726	e16_s1_TTCACCGAGTACGAGC
3727	e16_s1_TTCACCGAGTTCGCAT
3728	e16_s1_TTCACCGCAGTCAGTT
3729	e16_s1_TTCACCGCATGGGTCC
3730	e16_s1_TTCACCGGTTACGTAC
3731	e16_s1_TTCACGCAGGTGATCG
3732	e16_s1_TTCACGCAGTGCCCGT
3733	e16_s1_TTCACGCCAGATAAAC
3734	e16_s1_TTCAGGAAGGAAGTGA
3735	e16_s1_TTCAGGACACCAGTTA
3736	e16_s1_TTCAGGATCGCCATAA
3737	e16_s1_TTCATGTAGCCTTCTC
3738	e16_s1_TTCATGTAGGTGCGAT
3739	e16_s1_TTCATGTAGTTTAGGA
3740	e16_s1_TTCATGTCAGCAGTAG
3741	e16_s1_TTCATGTCATGACAAA
3742	e16_s1_TTCATGTGTCGCATTA
3743	e16_s1_TTCATGTTCCAGTGCG
3744	e16_s1_TTCATGTTCCGAGCTG
3745	e16_s1_TTCATGTTCCGATAAC
3746	e16_s1_TTCATTGCAGGTCCCA
3747	e16_s1_TTCCAATCAGGCGAAT
3748	e16_s1_TTCCAATTCACTCTTA
3749	e16_s1_TTCCACGGTTGGAGGT
3750	e16_s1_TTCCGGTAGCGGCTCT
3751	e16_s1_TTCCGGTCAGCGCTTG
3752	e16_s1_TTCCGGTGTTAAGCAA
3753	e16_s1_TTCCGGTTCCTTCACG
3754	e16_s1_TTCCGTGCAACCACAT
3755	e16_s1_TTCCGTGCACCAAAGG
3756	e16_s1_TTCCGTGCAGGGTTGA
3757	e16_s1_TTCCGTGGTCCCTGAG
3758	e16_s1_TTCCGTGTCCCACAGG
3759	e16_s1_TTCCGTGTCTGGGATT
3760	e16_s1_TTCCTAAAGTAAACAC
3761	e16_s1_TTCCTAAGTTCATCGA
3762	e16_s1_TTCCTCTAGTACGAGC
3763	e16_s1_TTCCTCTGTCGCGGTT
3764	e16_s1_TTCCTCTGTTGTCAGT
3765	e16_s1_TTCCTTCCACTCCGAG
3766	e16_s1_TTCCTTCGTACGGTTT
3767	e16_s1_TTCCTTCGTCCTGAAT
3768	e16_s1_TTCGATTTCTGACCCT
3769	e16_s1_TTCGCTGAGACCATGG
3770	e16_s1_TTCGCTGAGGCCCGTT
3771	e16_s1_TTCGCTGCACCGAATT
3772	e16_s1_TTCGCTGGTTGCTGAT
3773	e16_s1_TTCGCTGTCCCGGTAG
3774	e16_s1_TTCGCTGTCGAGCACC
3775	e16_s1_TTCGCTGTCGCACTCT
3776	e16_s1_TTCGGTCAGGGCAGGA
3777	e16_s1_TTCGGTCCACAAAGTA
3778	e16_s1_TTCGGTCTCTCATGGA
3779	e16_s1_TTCTAACGTTCTCTAT
3780	e16_s1_TTCTAACTCCTAGAGT
3781	e16_s1_TTCTAACTCCTCAGGG
3782	e16_s1_TTCTAGTAGAGGGTCT
3783	e16_s1_TTCTAGTAGGTCGACA
3784	e16_s1_TTCTAGTTCCAAACCA
3785	e16_s1_TTCTCTCAGCCTCGTG
3786	e16_s1_TTCTCTCAGTCATACC
3787	e16_s1_TTCTCTCCATTGCTGA
3788	e16_s1_TTCTCTCTCCGGCAAC
3789	e16_s1_TTCTGTAAGGGCCAAT
3790	e16_s1_TTCTGTAAGGTTATAG
3791	e16_s1_TTCTGTACAAAGGTTA
3792	e16_s1_TTCTGTACAAGTCGTT
3793	e16_s1_TTCTGTACACGTCGTG
3794	e16_s1_TTCTGTAGTCCACGCA
3795	e16_s1_TTCTGTAGTGACTGTT
3796	e16_s1_TTCTGTAGTTAGAAAC
3797	e16_s1_TTCTGTATCATGGTAC
3798	e16_s1_TTCTGTATCGTCCTCA
3799	e16_s1_TTCTTCCAGCGAACTG
3800	e16_s1_TTCTTCCAGGCTTTCA
3801	e16_s1_TTCTTCCCAATAGAGT
3802	e16_s1_TTCTTCCCAGATCCTA
3803	e16_s1_TTCTTCCCAGGCTTGC
3804	e16_s1_TTCTTCCGTGATTCTG
3805	e16_s1_TTCTTCCTCAACCTTT
3806	e16_s1_TTCTTCCTCCACGTAA
3807	e16_s1_TTCTTGAAGGTCATTC
3808	e16_s1_TTCTTGATCGAAGTGG
3809	e16_s1_TTGAACGAGCTCGACC
3810	e16_s1_TTGAACGCAACCTATG
3811	e16_s1_TTGAACGCACAAAGTA
3812	e16_s1_TTGAACGGTACAGAAT
3813	e16_s1_TTGAACGGTGGCTGCT
3814	e16_s1_TTGAACGTCATCACTT
3815	e16_s1_TTGAACGTCTAAGGAA
3816	e16_s1_TTGAACGTCTAGATCG
3817	e16_s1_TTGACCCAGCAGGGAG
3818	e16_s1_TTGACCCAGGCCCAAA
3819	e16_s1_TTGACCCGTCCTGGTG
3820	e16_s1_TTGACCCGTCCTTTGC
3821	e16_s1_TTGACCCTCACTGCTC
3822	e16_s1_TTGACCCTCCCTATTA
3823	e16_s1_TTGACCCTCTAGAACC
3824	e16_s1_TTGAGTGAGTTTGTCG
3825	e16_s1_TTGAGTGGTAGCTGTT
3826	e16_s1_TTGAGTGGTAGGTTTC
3827	e16_s1_TTGAGTGGTCGGTGTC
3828	e16_s1_TTGAGTGTCGATGCAT
3829	e16_s1_TTGAGTGTCTAACACG
3830	e16_s1_TTGATGGAGTGATGGC
3831	e16_s1_TTGATGGCACGTAACT
3832	e16_s1_TTGATGGCAGCCTATA
3833	e16_s1_TTGATGGCAGTTAGGG
3834	e16_s1_TTGATGGTCCGTGGTG
3835	e16_s1_TTGCATTAGAAGTATC
3836	e16_s1_TTGCATTAGCGTCAGA
3837	e16_s1_TTGCATTAGGAAAGGT
3838	e16_s1_TTGCATTGTGAACTAA
3839	e16_s1_TTGCATTTCACGATCA
3840	e16_s1_TTGCATTTCTGAACGT
3841	e16_s1_TTGCCTGAGCCATGCC
3842	e16_s1_TTGCCTGCAACGATCT
3843	e16_s1_TTGCCTGCACTCGATA
3844	e16_s1_TTGCCTGCAGTAGTTC
3845	e16_s1_TTGCCTGCATCTAGAC
3846	e16_s1_TTGCCTGGTCGAATGG
3847	e16_s1_TTGCCTGTCAAATGCC
3848	e16_s1_TTGCCTGTCTTCCACG
3849	e16_s1_TTGCGTCAGAAATCCA
3850	e16_s1_TTGCGTCAGGATTTAG
3851	e16_s1_TTGCGTCCAACCCTCT
3852	e16_s1_TTGCGTCCAGCTGTCG
3853	e16_s1_TTGCGTCCAGGCGAAT
3854	e16_s1_TTGCGTCCATTATGCG
3855	e16_s1_TTGCGTCGTCACTCTC
3856	e16_s1_TTGCGTCTCACCATGA
3857	e16_s1_TTGCGTCTCGGTGAAG
3858	e16_s1_TTGCTGCGTCCACTCT
3859	e16_s1_TTGCTGCTCGGTTGTA
3860	e16_s1_TTGGATGAGAATGTTG
3861	e16_s1_TTGGATGAGGTCTGGA
3862	e16_s1_TTGGATGGTCAAGCGA
3863	e16_s1_TTGGATGGTCAATCTG
3864	e16_s1_TTGGATGGTGTAAATG
3865	e16_s1_TTGGATGGTTCCACGG
3866	e16_s1_TTGGGATAGTCTAGAA
3867	e16_s1_TTGGGATGTACGATCT
3868	e16_s1_TTGGGATGTGTCGATT
3869	e16_s1_TTGGGATTCCTTCTAA
3870	e16_s1_TTGGGATTCGACGCGT
3871	e16_s1_TTGGGATTCGCAGTCG
3872	e16_s1_TTGGGCGAGCAGTCTT
3873	e16_s1_TTGGGCGAGGGATCAC
3874	e16_s1_TTGGGCGAGGGATCGT
3875	e16_s1_TTGGGCGCAAAGAACT
3876	e16_s1_TTGGGCGCACGCCACA
3877	e16_s1_TTGGGCGCATGGTACT
3878	e16_s1_TTGGGCGGTTAGAGTA
3879	e16_s1_TTGGGTAAGGGCAGAG
3880	e16_s1_TTGGGTAAGGTAAGAG
3881	e16_s1_TTGGGTAAGTGTCATC
3882	e16_s1_TTGGGTAGTTAATCGC
3883	e16_s1_TTGGTTTCATACAGAA
3884	e16_s1_TTGGTTTTCGCTAATG
3885	e16_s1_TTGTGGAAGGACAGCT
3886	e16_s1_TTGTGGAGTCAGCTTA
3887	e16_s1_TTGTGGAGTGCAAGAC
3888	e16_s1_TTGTGGATCCTGTTGC
3889	e16_s1_TTGTGTTCAACAAAGT
3890	e16_s1_TTGTGTTCAGGGAATC
3891	e16_s1_TTGTGTTCATAGGTAA
3892	e16_s1_TTGTGTTCATTCTCCG
3893	e16_s1_TTGTGTTGTCGTATTG
3894	e16_s1_TTGTGTTGTGACCGAA
3895	e16_s1_TTGTGTTTCGACCTAA
3896	e16_s1_TTGTGTTTCGCGTGAC
3897	e16_s1_TTGTTCACACGGTGCT
3898	e16_s1_TTGTTCACATCACAGT
3899	e16_s1_TTGTTCATCTGCTAGA
3900	e16_s1_TTGTTGTAGAGCCGAT
3901	e16_s1_TTGTTGTAGTTTCAGC
3902	e16_s1_TTGTTGTCATCAGTGT
3903	e16_s1_TTGTTTGCAAATTGGA
3904	e16_s1_TTGTTTGCATGCCGAC
3905	e16_s1_TTGTTTGGTAGTCGTT
3906	e16_s1_TTGTTTGTCTCCGCAT
3907	e16_s1_TTTACGTAGACCGTTT
3908	e16_s1_TTTACGTGTCCGGCAT
3909	e16_s1_TTTACGTGTGCGCTCA
3910	e16_s1_TTTACGTTCCGTGTGG
3911	e16_s1_TTTACGTTCTGGGTCG
3912	e16_s1_TTTACTGAGCGTCAGA
3913	e16_s1_TTTACTGCAGTAGGAC
3914	e16_s1_TTTACTGCATAACGGG
3915	e16_s1_TTTAGTCAGCGTATGG
3916	e16_s1_TTTAGTCGTACCGTGC
3917	e16_s1_TTTAGTCGTCCTGAAT
3918	e16_s1_TTTAGTCGTCTAATCG
3919	e16_s1_TTTAGTCTCGGTCGGT
3920	e16_s1_TTTATGCCACGGGTAA
3921	e16_s1_TTTATGCCAGAGGACT
3922	e16_s1_TTTATGCCAGTGACCC
3923	e16_s1_TTTATGCGTGCCTTTC
3924	e16_s1_TTTATGCTCAACCTCC
3925	e16_s1_TTTCACAAGTAGACCG
3926	e16_s1_TTTCACACAATGAGCG
3927	e16_s1_TTTCACATCACACGAT
3928	e16_s1_TTTCAGTAGAGTTGCG
3929	e16_s1_TTTCAGTCACAGTCGC
3930	e16_s1_TTTCAGTCAGCAGTCC
3931	e16_s1_TTTCAGTGTATAATGG
3932	e16_s1_TTTCAGTGTATCGTGT
3933	e16_s1_TTTCAGTTCAGGGTAG
3934	e16_s1_TTTCAGTTCGGATTAC
3935	e16_s1_TTTCATGAGACCAAAT
3936	e16_s1_TTTCATGAGCGTGCCT
3937	e16_s1_TTTCATGAGTAATACG
3938	e16_s1_TTTCATGCATTACGGT
3939	e16_s1_TTTCATGGTCGAGCTC
3940	e16_s1_TTTCATGTCATTACGG
3941	e16_s1_TTTCATGTCCACAAGT
3942	e16_s1_TTTCATGTCGGCCCAA
3943	e16_s1_TTTCCTCCACTATCGA
3944	e16_s1_TTTCCTCCAGCTCTGG
3945	e16_s1_TTTCCTCTCCCAGGAC
3946	e16_s1_TTTCCTCTCGACGCGT
3947	e16_s1_TTTCCTCTCTCCGAGG
3948	e16_s1_TTTCGATAGTCCTACA
3949	e16_s1_TTTCGATCAGGTCCCA
3950	e16_s1_TTTCGATGTCGAAACG
3951	e16_s1_TTTCGATGTGGACTGA
3952	e16_s1_TTTCGATGTGTCGCTG
3953	e16_s1_TTTGACTCACACTTAG
3954	e16_s1_TTTGATCAGACATCCT
3955	e16_s1_TTTGATCAGCCAAGCA
3956	e16_s1_TTTGATCCATCACAGT
3957	e16_s1_TTTGATCTCCGCTGTT
3958	e16_s1_TTTGATCTCTATCGGA
3959	e16_s1_TTTGGAGGTAACGTTC
3960	e16_s1_TTTGGAGGTCAGACTT
3961	e16_s1_TTTGGAGGTTTAGAGA
3962	e16_s1_TTTGGAGTCCCTCATG
3963	e16_s1_TTTGGAGTCCGTGGTG
3964	e16_s1_TTTGGTTCAGTTTCAG
3965	e16_s1_TTTGGTTTCATAGACC
3966	e16_s1_TTTGGTTTCCGTGACG
3967	e16_s1_TTTGTTGAGCGCCTCA
3968	e16_s1_TTTGTTGAGCTCATAC
3969	e16_s1_TTTGTTGCAGAACTTC
3970	e16_s1_TTTGTTGGTTGTATGC
3971	e16_s1_TTTGTTGTCCATAGAC
3972	e16_s1_TTTGTTGTCGACGATT
3973	e16_s1_TTTGTTGTCGGTGTAT
3974	e16_i1_AAACGCTAGCGACCCT
3975	e16_i1_AAAGAACTCCGCTAGG
3976	e16_i1_AAAGGATCAGCTCCTT
3977	e16_i1_AAAGGATCATGAAGGC
3978	e16_i1_AAAGGGCGTTTACCAG
3979	e16_i1_AAAGGTAAGAGTGTTA
3980	e16_i1_AAAGGTATCGGCTGGT
3981	e16_i1_AAAGGTATCTCTATGT
3982	e16_i1_AAAGTCCGTCCTTGTC
3983	e16_i1_AAAGTCCTCCCTTTGG
3984	e16_i1_AAAGTGAGTGGGACAT
3985	e16_i1_AAAGTGAGTGTGTACT
3986	e16_i1_AAAGTGAGTTGCTAGT
3987	e16_i1_AAATGGACATGGGATG
3988	e16_i1_AAATGGAGTACACGCC
3989	e16_i1_AAATGGAGTCTGATCA
3990	e16_i1_AAATGGATCTCAATCT
3991	e16_i1_AACAAAGAGCCTCATA
3992	e16_i1_AACAAAGAGGAAGTGA
3993	e16_i1_AACAACCAGGTAGATT
3994	e16_i1_AACAACCCAGCTATTG
3995	e16_i1_AACAACCTCGATAACC
3996	e16_i1_AACAAGAAGCATCGAG
3997	e16_i1_AACACACTCCTGGCTT
3998	e16_i1_AACCACAGTTCCATTT
3999	e16_i1_AACCATGCATTGAGGG
4000	e16_i1_AACCTTTTCGATACAC
4001	e16_i1_AACGGGACACGCTGTG
4002	e16_i1_AACGGGAGTAGGAAAG
4003	e16_i1_AACGGGAGTTCGTGCG
4004	e16_i1_AACGTCAAGAGAGTGA
4005	e16_i1_AACGTCACATACTGTG
4006	e16_i1_AACGTCAGTATAATGG
4007	e16_i1_AACTTCTCATTGCTGA
4008	e16_i1_AACTTCTTCGACGATT
4009	e16_i1_AAGAACAAGCTGGCTC
4010	e16_i1_AAGAACAAGTTTGTCG
4011	e16_i1_AAGAACATCATGAGAA
4012	e16_i1_AAGACAACAAACGAGC
4013	e16_i1_AAGACAATCACCCTGT
4014	e16_i1_AAGACAATCATGCGGC
4015	e16_i1_AAGACAATCCTGGGTG
4016	e16_i1_AAGACAATCGGAAGGT
4017	e16_i1_AAGATAGGTACTCGAT
4018	e16_i1_AAGATAGGTAGTCCTA
4019	e16_i1_AAGCATCAGGACGCAT
4020	e16_i1_AAGCATCTCCCATTTA
4021	e16_i1_AAGCGAGCATCAGCGC
4022	e16_i1_AAGCGTTCAAGCTGCC
4023	e16_i1_AAGCGTTTCCCTGGTT
4024	e16_i1_AAGGAATAGGAGCTGT
4025	e16_i1_AAGGAATAGGGCTTCC
4026	e16_i1_AAGGAATCAGCTGTGC
4027	e16_i1_AAGGAATTCTGGTTGA
4028	e16_i1_AAGGTAACAATTGCTG
4029	e16_i1_AAGGTAACATCCTTGC
4030	e16_i1_AAGTACCCAAGAGTAT
4031	e16_i1_AAGTACCGTCTACGTA
4032	e16_i1_AAGTCGTAGATGGTAT
4033	e16_i1_AAGTCGTCATTGCCGG
4034	e16_i1_AAGTTCGTCGTGAGAG
4035	e16_i1_AAGTTCGTCTGTGTGA
4036	e16_i1_AATAGAGTCAGGACGA
4037	e16_i1_AATCACGTCGAAGGAC
4038	e16_i1_AATCGACTCGACGTCG
4039	e16_i1_AATCGTGTCAAGCTTG
4040	e16_i1_AATGAAGCACTCCTTG
4041	e16_i1_AATGACCGTCACTACA
4042	e16_i1_AATGACCTCGCTGACG
4043	e16_i1_AATGGAACAAGAGTAT
4044	e16_i1_AATTTCCAGATAGCTA
4045	e16_i1_AATTTCCGTATAGGGC
4046	e16_i1_ACAAAGAGTTCGTACA
4047	e16_i1_ACAACCACAAATCCCA
4048	e16_i1_ACAACCAGTGTCTTAG
4049	e16_i1_ACACAGTAGTCAATCC
4050	e16_i1_ACACCAAAGCTCCATA
4051	e16_i1_ACACCAAAGCTTCATG
4052	e16_i1_ACACCAAGTCATCTAG
4053	e16_i1_ACACCAATCCGCTGTT
4054	e16_i1_ACACGCGAGTTGCATC
4055	e16_i1_ACACGCGCAGGTCAGA
4056	e16_i1_ACACTGAGTCTAACGT
4057	e16_i1_ACAGAAAGTACATACC
4058	e16_i1_ACAGCCGAGTTGGACG
4059	e16_i1_ACAGGGACAAACGTGG
4060	e16_i1_ACAGGGATCAAGTCTG
4061	e16_i1_ACATCGATCGATACAC
4062	e16_i1_ACATCGATCGCAACAT
4063	e16_i1_ACATCGATCTGATGGT
4064	e16_i1_ACATTTCAGATAGCAT
4065	e16_i1_ACATTTCAGGAGATAG
4066	e16_i1_ACCAAACCATAACTCG
4067	e16_i1_ACCAAACCATAGGTAA
4068	e16_i1_ACCAAACGTATCAGCT
4069	e16_i1_ACCAAACGTCAAGTTC
4070	e16_i1_ACCAAACTCTGGCCGA
4071	e16_i1_ACCAACATCACAGAGG
4072	e16_i1_ACCACAACACTCTAGA
4073	e16_i1_ACCACAATCCAATCTT
4074	e16_i1_ACCCTCACATCGATAC
4075	e16_i1_ACCGTTCAGAGTCACG
4076	e16_i1_ACCGTTCAGCTGGCTC
4077	e16_i1_ACCGTTCCAATCTCTT
4078	e16_i1_ACCGTTCCACTGAGGA
4079	e16_i1_ACCGTTCGTCGGCACT
4080	e16_i1_ACCTACCAGAGCCTGA
4081	e16_i1_ACCTACCAGCATGAAT
4082	e16_i1_ACCTACCTCGTAACAC
4083	e16_i1_ACCTGAAGTACGTAGG
4084	e16_i1_ACCTGTCCAATGTCAC
4085	e16_i1_ACGATCATCCTTACCG
4086	e16_i1_ACGATCATCTATGTGG
4087	e16_i1_ACGGAAGGTCTCCCTA
4088	e16_i1_ACGGGTCAGCGTATAA
4089	e16_i1_ACGGGTCAGTTGCTGT
4090	e16_i1_ACGGTCGGTCTCACGG
4091	e16_i1_ACGTAACAGGTGCATG
4092	e16_i1_ACGTAACCACATAACC
4093	e16_i1_ACGTAACGTCGCATTA
4094	e16_i1_ACGTACAAGAAGCTCG
4095	e16_i1_ACGTACATCTCATTAC
4096	e16_i1_ACGTAGTCATAAGATG
4097	e16_i1_ACGTAGTGTAGTCTTG
4098	e16_i1_ACGTTCCGTAACCCTA
4099	e16_i1_ACGTTCCTCGCCGAAC
4100	e16_i1_ACTACGACAAGAGGCT
4101	e16_i1_ACTACGAGTACTCGCG
4102	e16_i1_ACTATCTCAGTTAGAA
4103	e16_i1_ACTATCTGTGTCTTGA
4104	e16_i1_ACTATGGGTCCGGCAT
4105	e16_i1_ACTATTCTCTGCAGCG
4106	e16_i1_ACTCTCGTCTCGAACA
4107	e16_i1_ACTGATGCAGTGTATC
4108	e16_i1_ACTGCAACAGAACATA
4109	e16_i1_ACTGCAATCGAAATCC
4110	e16_i1_ACTGTCCTCATACGAC
4111	e16_i1_ACTGTGACAACGAGGT
4112	e16_i1_ACTGTGATCTCCATAT
4113	e16_i1_ACTTAGGAGCCATGCC
4114	e16_i1_ACTTAGGGTACGTACT
4115	e16_i1_ACTTATCAGTTCTACG
4116	e16_i1_ACTTATCTCGCGTTTC
4117	e16_i1_ACTTCCGCAGTCAGTT
4118	e16_i1_ACTTCGCAGATGCTAA
4119	e16_i1_ACTTCGCGTCCAAATC
4120	e16_i1_ACTTTCACACAGCATT
4121	e16_i1_ACTTTCATCTTCGCTG
4122	e16_i1_ACTTTGTAGCTAGAAT
4123	e16_i1_AGAACAACAAGGTTGG
4124	e16_i1_AGAACCTAGTGCGTCC
4125	e16_i1_AGAACCTGTTAAACCC
4126	e16_i1_AGAAGCGCAAGCAATA
4127	e16_i1_AGAAGCGGTTACCCTC
4128	e16_i1_AGAAGTAAGGGCGAGA
4129	e16_i1_AGACACTAGCTGGAGT
4130	e16_i1_AGACACTCACGTCGTG
4131	e16_i1_AGACAGGAGTCACAGG
4132	e16_i1_AGACAGGTCTATCGCC
4133	e16_i1_AGACCCGGTATGCTTG
4134	e16_i1_AGACCCGTCAAGAATG
4135	e16_i1_AGACTCAGTTGCAAGG
4136	e16_i1_AGAGAATAGAAGAGCA
4137	e16_i1_AGAGAATCAAATGCTC
4138	e16_i1_AGAGAATCAGCAGTTT
4139	e16_i1_AGAGAATGTATCGTTG
4140	e16_i1_AGAGAGCAGCTAGTTC
4141	e16_i1_AGAGAGCCAAACGGCA
4142	e16_i1_AGAGCAGGTGGCTGAA
4143	e16_i1_AGAGCCCAGAGTCTTC
4144	e16_i1_AGATAGAAGTTAGTGA
4145	e16_i1_AGATCCACACAATGAA
4146	e16_i1_AGATGAAAGAGGTCAC
4147	e16_i1_AGATGAAAGTGTAGAT
4148	e16_i1_AGCATCATCGGACTTA
4149	e16_i1_AGCCAATCAGCCGTTG
4150	e16_i1_AGCCAATGTACGTAGG
4151	e16_i1_AGCCAATTCTGCTAGA
4152	e16_i1_AGCGATTCAGTCAGAG
4153	e16_i1_AGCGCCAAGGTGCCTC
4154	e16_i1_AGCGCCAGTCGAACGA
4155	e16_i1_AGCGTCGCATCTGGGC
4156	e16_i1_AGCGTCGGTCAAAGAT
4157	e16_i1_AGCTACAGTACAATAG
4158	e16_i1_AGCTACATCCGAGAAG
4159	e16_i1_AGCTCAAAGCTCTTCC
4160	e16_i1_AGCTTCCAGACCGTTT
4161	e16_i1_AGCTTCCTCCTACAAG
4162	e16_i1_AGGAAATAGACTTCGT
4163	e16_i1_AGGAAATCAAATACGA
4164	e16_i1_AGGAATACACTAACGT
4165	e16_i1_AGGAATATCGCCCAGA
4166	e16_i1_AGGACGAAGGTAAGAG
4167	e16_i1_AGGAGGTCATAGTCAC
4168	e16_i1_AGGAGGTTCTTGCGCT
4169	e16_i1_AGGATAACACCGCTAG
4170	e16_i1_AGGCATTCAGTAGTGG
4171	e16_i1_AGGCATTTCGTAGAGG
4172	e16_i1_AGGCCACGTCCTTGTC
4173	e16_i1_AGGCCACGTGTTTACG
4174	e16_i1_AGGCCACTCTATACTC
4175	e16_i1_AGGCTGCAGCACACAG
4176	e16_i1_AGGCTGCTCTGCGAGC
4177	e16_i1_AGGGAGTAGTACAGAT
4178	e16_i1_AGGGAGTTCAGCATTG
4179	e16_i1_AGGGTCCGTATGGAGC
4180	e16_i1_AGGGTGAAGCATTTCG
4181	e16_i1_AGGGTTTCAAATACGA
4182	e16_i1_AGGTAGGCAGCGGATA
4183	e16_i1_AGGTAGGGTACCTGTA
4184	e16_i1_AGGTCATAGATTCGCT
4185	e16_i1_AGGTCATGTCGTTATG
4186	e16_i1_AGGTCATGTGCAAGAC
4187	e16_i1_AGGTCTACAAATCGGG
4188	e16_i1_AGGTCTATCGATGCAT
4189	e16_i1_AGGTCTATCGGTCTAA
4190	e16_i1_AGGTGTTCACGCTGCA
4191	e16_i1_AGGTGTTTCCTGGGAC
4192	e16_i1_AGGTTACGTTCGTACA
4193	e16_i1_AGGTTACTCGGCATCG
4194	e16_i1_AGGTTGTAGGCTGAAC
4195	e16_i1_AGTACTGCAGGCTCTG
4196	e16_i1_AGTAGCTAGTTAACGA
4197	e16_i1_AGTAGCTTCCAATCTT
4198	e16_i1_AGTAGCTTCTGAGATC
4199	e16_i1_AGTCAACAGATTTGCC
4200	e16_i1_AGTCAACCAGAGTGAC
4201	e16_i1_AGTCAACCATCAGTCA
4202	e16_i1_AGTCACATCCAAATGC
4203	e16_i1_AGTCATGCACCTATCC
4204	e16_i1_AGTCTCCAGAAATCCA
4205	e16_i1_AGTCTCCAGGATTTCC
4206	e16_i1_AGTCTCCCAGCATACT
4207	e16_i1_AGTGACTTCCTTGAAG
4208	e16_i1_AGTGATCCACTGAGGA
4209	e16_i1_AGTGCCGAGATTACCC
4210	e16_i1_AGTGTTGGTAGACGGT
4211	e16_i1_AGTTCCCCACTCCCTA
4212	e16_i1_AGTTCGAAGAAGATCT
4213	e16_i1_AGTTCGAGTTCCACAA
4214	e16_i1_AGTTCGATCAGGGTAG
4215	e16_i1_AGTTCGATCCGCGGAT
4216	e16_i1_ATACCGACAGGCGTTC
4217	e16_i1_ATACCTTAGTTGAAGT
4218	e16_i1_ATACTTCCATCGATGT
4219	e16_i1_ATAGACCCAGTCCGTG
4220	e16_i1_ATAGGCTTCCGCGGAT
4221	e16_i1_ATATCCTAGTCATGGG
4222	e16_i1_ATATCCTTCGTCCTTG
4223	e16_i1_ATCACAGGTGTCGCTG
4224	e16_i1_ATCACGAAGCAGGTCA
4225	e16_i1_ATCACGAAGGCGTCCT
4226	e16_i1_ATCACGAAGTTTGTCG
4227	e16_i1_ATCACGACAACGTATC
4228	e16_i1_ATCACTTGTAGCGTTT
4229	e16_i1_ATCAGGTGTCATCGCG
4230	e16_i1_ATCAGGTGTGAGAGGG
4231	e16_i1_ATCAGGTGTGCTGTCG
4232	e16_i1_ATCCATTCACTAAACC
4233	e16_i1_ATCCCTGGTCCACTCT
4234	e16_i1_ATCCGTCGTTGGGTTT
4235	e16_i1_ATCCGTCTCCCGAATA
4236	e16_i1_ATCCGTCTCTTCGTAT
4237	e16_i1_ATCCTATCAGAGATTA
4238	e16_i1_ATCCTATGTCCATAGT
4239	e16_i1_ATCGATGCACACGGAA
4240	e16_i1_ATCGCCTCAAGTGGTG
4241	e16_i1_ATCGCCTCAGCACCCA
4242	e16_i1_ATCGCCTGTTTACCAG
4243	e16_i1_ATCGGATAGCGAACTG
4244	e16_i1_ATCGGCGCAAGTATCC
4245	e16_i1_ATCGTAGCATCAGTCA
4246	e16_i1_ATCGTGACAAAGCAAT
4247	e16_i1_ATCGTGATCGACCAAT
4248	e16_i1_ATCTCTAGTGACATCT
4249	e16_i1_ATCTTCAAGAGCAGCT
4250	e16_i1_ATCTTCAAGATAACGT
4251	e16_i1_ATGAAAGGTGCACGCT
4252	e16_i1_ATGAAAGGTGTGTGGA
4253	e16_i1_ATGACCACATCGCTCT
4254	e16_i1_ATGAGTCAGGAGTATT
4255	e16_i1_ATGAGTCCAATTGCAC
4256	e16_i1_ATGATCGTCAAGATAG
4257	e16_i1_ATGCATGCAATCGTCA
4258	e16_i1_ATGCCTCAGCATTTGC
4259	e16_i1_ATGCCTCCACCGCTGA
4260	e16_i1_ATGCCTCGTATGTCTG
4261	e16_i1_ATGCGATGTAGGGAGG
4262	e16_i1_ATGGATCTCGGCCCAA
4263	e16_i1_ATGGATCTCTGACGCG
4264	e16_i1_ATGGGAGCATGACTAC
4265	e16_i1_ATGGTTGCACTCAGAT
4266	e16_i1_ATGGTTGTCAAGGACG
4267	e16_i1_ATGTCTTGTACTAGCT
4268	e16_i1_ATTACCTAGGCAGTCA
4269	e16_i1_ATTACCTGTGACAGCA
4270	e16_i1_ATTACCTTCTCGCTCA
4271	e16_i1_ATTACTCCATCTAACG
4272	e16_i1_ATTACTCGTGGTCCCA
4273	e16_i1_ATTATCCCAGTTGTCA
4274	e16_i1_ATTATCCGTGTCTAAC
4275	e16_i1_ATTCACTCAAGCGCAA
4276	e16_i1_ATTCACTTCTCATTGT
4277	e16_i1_ATTCAGGAGACTCCGC
4278	e16_i1_ATTCATCTCTAGTACG
4279	e16_i1_ATTCGTTTCAGTAGGG
4280	e16_i1_ATTCGTTTCTTGTGCC
4281	e16_i1_ATTCTTGAGACCCGCT
4282	e16_i1_ATTCTTGCATCTTCGC
4283	e16_i1_ATTGTTCAGCCTGAGA
4284	e16_i1_ATTGTTCGTTGCCGCA
4285	e16_i1_ATTTACCTCTTACGGA
4286	e16_i1_ATTTCACAGTCCCTAA
4287	e16_i1_CAAAGAAAGGGATCTG
4288	e16_i1_CAAAGAAAGTATGCAA
4289	e16_i1_CAAAGAAAGTGAATAC
4290	e16_i1_CAACAACAGTTGCGAG
4291	e16_i1_CAACAGTCACTGCACG
4292	e16_i1_CAACAGTCATCTCGTC
4293	e16_i1_CAACAGTGTTGCCGCA
4294	e16_i1_CAACAGTTCGAGCCAC
4295	e16_i1_CAACCAAAGCCTCTGG
4296	e16_i1_CAACCAAGTTAACAGA
4297	e16_i1_CAACGATAGTGTGTTC
4298	e16_i1_CAACGATTCTCAATCT
4299	e16_i1_CAACGGCGTATTCCGA
4300	e16_i1_CAACGGCTCCTTCACG
4301	e16_i1_CAAGACTAGATGCTGG
4302	e16_i1_CAAGAGGGTAGCCAGA
4303	e16_i1_CAAGCTAGTACACGTT
4304	e16_i1_CAAGCTATCTAAGAAG
4305	e16_i1_CAATACGAGCGTCTCG
4306	e16_i1_CAATACGGTAAGGTCG
4307	e16_i1_CAATACGGTAGGACTG
4308	e16_i1_CAATACGGTGGAACAC
4309	e16_i1_CAATACGTCCAAATGC
4310	e16_i1_CAATGACAGGTGCAGT
4311	e16_i1_CAATGACCAGTGCGCT
4312	e16_i1_CAATGACGTGGTCCCA
4313	e16_i1_CAATGACTCCGCTTAC
4314	e16_i1_CAATTTCAGGGATCGT
4315	e16_i1_CACAACAAGCTAAACA
4316	e16_i1_CACAACATCCAAGCCG
4317	e16_i1_CACAACATCGCTACAA
4318	e16_i1_CACACAATCCGCTAGG
4319	e16_i1_CACACAATCGCCTTTG
4320	e16_i1_CACAGATCAAAGCGTG
4321	e16_i1_CACAGATCATGAGTAA
4322	e16_i1_CACAGATGTCGGCTAC
4323	e16_i1_CACGAATGTTGGCCTG
4324	e16_i1_CACGTGGAGGGCAGAG
4325	e16_i1_CACGTGGCATTAGGAA
4326	e16_i1_CACGTGGTCTTCTTCC
4327	e16_i1_CACGTTCAGCGTGCTC
4328	e16_i1_CACGTTCGTACGCTTA
4329	e16_i1_CACGTTCGTCTCGGGT
4330	e16_i1_CACGTTCTCTTCGGTC
4331	e16_i1_CACTAAGGTGTTACAC
4332	e16_i1_CACTGAAGTATTGCCA
4333	e16_i1_CACTGAATCGTCGCTT
4334	e16_i1_CACTGGGCAAGCAGGT
4335	e16_i1_CACTGTCCAAAGGCGT
4336	e16_i1_CACTGTCTCGAGCCAC
4337	e16_i1_CAGAGCCAGAATGTTG
4338	e16_i1_CAGAGCCGTTGGAGAC
4339	e16_i1_CAGAGCCTCGACCTAA
4340	e16_i1_CAGATTGAGCGCTGCT
4341	e16_i1_CAGATTGAGGGAGTGG
4342	e16_i1_CAGATTGAGTTCACTG
4343	e16_i1_CAGCAATAGCGCGTTC
4344	e16_i1_CAGCACGAGCGCAATG
4345	e16_i1_CAGCACGAGGATGCGT
4346	e16_i1_CAGCACGCACGACGTC
4347	e16_i1_CAGCACGGTTATGACC
4348	e16_i1_CAGCCAGTCTCGCTTG
4349	e16_i1_CAGCGTGAGGTCGTCC
4350	e16_i1_CAGCGTGCATACAGGG
4351	e16_i1_CAGCGTGGTAGGCAAC
4352	e16_i1_CAGGCCATCGACGACC
4353	e16_i1_CAGGTATCATACAGCT
4354	e16_i1_CAGGTATGTATGCAAA
4355	e16_i1_CAGTTAGAGGGCAACT
4356	e16_i1_CAGTTAGGTTCGAACT
4357	e16_i1_CAGTTAGTCGGCACTG
4358	e16_i1_CAGTTCCGTTCCGCTT
4359	e16_i1_CATAAGCGTTCCACGG
4360	e16_i1_CATACAGGTGGAAGTC
4361	e16_i1_CATACTTCAGCTATAC
4362	e16_i1_CATACTTCAGGTGTGA
4363	e16_i1_CATAGACTCATACAGC
4364	e16_i1_CATAGACTCCGCTTAC
4365	e16_i1_CATCAAGAGGTGCATG
4366	e16_i1_CATCCACTCATTCTTG
4367	e16_i1_CATCCCACAGCAGTAG
4368	e16_i1_CATCCCACAGCGTGCT
4369	e16_i1_CATCCCAGTAGATTAG
4370	e16_i1_CATCCGTTCAGCCTCT
4371	e16_i1_CATCCGTTCGCGCCAA
4372	e16_i1_CATCGCTCATCGTCCT
4373	e16_i1_CATCGGGCAACCAACT
4374	e16_i1_CATCGGGGTCGCGTTG
4375	e16_i1_CATGAGTCAAGAGGTC
4376	e16_i1_CATGAGTTCCTTATCA
4377	e16_i1_CATGCAAAGTAGGAAG
4378	e16_i1_CATGCAAAGTTTCGAC
4379	e16_i1_CATGCAATCAAGCTGT
4380	e16_i1_CATGCCTGTGACATCT
4381	e16_i1_CATGCGGAGGTAAGAG
4382	e16_i1_CATGCGGGTGGTCTAT
4383	e16_i1_CATGCGGTCCACTTTA
4384	e16_i1_CATGCTCAGTGGAAAG
4385	e16_i1_CATGCTCGTGTGGTCC
4386	e16_i1_CATGGATCAACCACGC
4387	e16_i1_CATGGTATCATCACTT
4388	e16_i1_CATTCATGTACCTAGT
4389	e16_i1_CATTCCGAGGGAGATA
4390	e16_i1_CATTCCGGTTCCTAGA
4391	e16_i1_CATTGCCCAAGTGCAG
4392	e16_i1_CATTGCCCAGGTTTAC
4393	e16_i1_CATTTCAAGGGTAGCT
4394	e16_i1_CATTTCAGTTTACGTG
4395	e16_i1_CATTTCATCGTTATCT
4396	e16_i1_CCAAGCGAGCGACAGT
4397	e16_i1_CCAATGAAGAGAGGTA
4398	e16_i1_CCAATGAAGTTACGGG
4399	e16_i1_CCAATGACACTCAAGT
4400	e16_i1_CCACACTCACGCTGCA
4401	e16_i1_CCACACTGTGTAGCAG
4402	e16_i1_CCACGAGAGAAGGTAG
4403	e16_i1_CCACGAGCACTGTTCC
4404	e16_i1_CCACGAGCATATCGGT
4405	e16_i1_CCACGTTAGCTGACTT
4406	e16_i1_CCACGTTTCGGAGTAG
4407	e16_i1_CCACTTGCAACGCCCA
4408	e16_i1_CCACTTGCACGGATCC
4409	e16_i1_CCATAAGCACTTGGGC
4410	e16_i1_CCATAAGTCTAGTTCT
4411	e16_i1_CCATCACAGTGTGTTC
4412	e16_i1_CCCAACTAGAGTATAC
4413	e16_i1_CCCAACTGTAATGCGG
4414	e16_i1_CCCATTGGTTCCGCGA
4415	e16_i1_CCCGGAAGTCATCAGT
4416	e16_i1_CCCTAACTCAAGTCGT
4417	e16_i1_CCCTCAAAGCACCAGA
4418	e16_i1_CCCTCAATCTAGCCAA
4419	e16_i1_CCCTCTCCACGGTAGA
4420	e16_i1_CCCTGATCAGCAGACA
4421	e16_i1_CCCTTAGTCTTTCCAA
4422	e16_i1_CCGAACGAGTTGGCTT
4423	e16_i1_CCGAACGGTCCCTAAA
4424	e16_i1_CCGATGGAGCGAATGC
4425	e16_i1_CCGATGGAGCGCTGCT
4426	e16_i1_CCGATGGGTTGCACGC
4427	e16_i1_CCGGACAGTATCGTAC
4428	e16_i1_CCGGTAGCACCAATTG
4429	e16_i1_CCGGTAGGTCATCACA
4430	e16_i1_CCGGTAGTCGGCTCTT
4431	e16_i1_CCGGTGACAATAAGGT
4432	e16_i1_CCGGTGATCACTACTT
4433	e16_i1_CCGGTGATCTGAATCG
4434	e16_i1_CCGTAGGTCCAACCAA
4435	e16_i1_CCGTGAGAGAGCCATG
4436	e16_i1_CCGTGAGCATCCGATA
4437	e16_i1_CCTAACCTCCCGAGTG
4438	e16_i1_CCTAAGAAGAAGTCCG
4439	e16_i1_CCTAAGAGTGTCATTG
4440	e16_i1_CCTAAGATCTACTGAG
4441	e16_i1_CCTATCGGTCATGACT
4442	e16_i1_CCTCAACGTTGACTGT
4443	e16_i1_CCTCACAAGCAGTAAT
4444	e16_i1_CCTCAGTGTGCCCACA
4445	e16_i1_CCTCATGCACCGGAAA
4446	e16_i1_CCTCCAAAGAGTTGCG
4447	e16_i1_CCTCCTCTCGCATTGA
4448	e16_i1_CCTCTAGAGGATGCGT
4449	e16_i1_CCTGTTGTCGCAGTTA
4450	e16_i1_CCTTCAGTCTGGGCAC
4451	e16_i1_CCTTGTGAGATACATG
4452	e16_i1_CGAAGGAGTTAGTTCG
4453	e16_i1_CGAAGGATCCGCAGTG
4454	e16_i1_CGAAGTTAGTAAACAC
4455	e16_i1_CGAAGTTCATACATCG
4456	e16_i1_CGAAGTTGTCTTACTT
4457	e16_i1_CGAAGTTTCACTGTTT
4458	e16_i1_CGAAGTTTCTATCGTT
4459	e16_i1_CGACAGCGTGACACAG
4460	e16_i1_CGAGAAGCACCATAAC
4461	e16_i1_CGAGGAAGTTATGTCG
4462	e16_i1_CGAGGAAGTTGTAGCT
4463	e16_i1_CGAGGAATCATCTCTA
4464	e16_i1_CGAGGCTAGCGCCTAC
4465	e16_i1_CGAGGCTGTACAGTTC
4466	e16_i1_CGAGGCTGTCAGACGA
4467	e16_i1_CGAGTGCAGAAATTGC
4468	e16_i1_CGAGTGCCACAGTCCG
4469	e16_i1_CGAGTGCGTTGAGGAC
4470	e16_i1_CGAGTTAGTAGGGAGG
4471	e16_i1_CGATGCGGTGCACATT
4472	e16_i1_CGATGCGTCCGGGACT
4473	e16_i1_CGCAGGTAGCGACCCT
4474	e16_i1_CGCATAAGTATCGCTA
4475	e16_i1_CGCATAATCTGCTAGA
4476	e16_i1_CGCATGGTCGTGTTCC
4477	e16_i1_CGCATGGTCTGGGCCA
4478	e16_i1_CGCATGGTCTGTGCTC
4479	e16_i1_CGCCAGAGTACGAGTG
4480	e16_i1_CGCCAGAGTAGCTGAG
4481	e16_i1_CGCCATTCAACAACAA
4482	e16_i1_CGCCATTCACGCCAGT
4483	e16_i1_CGCCATTGTGTTCGAT
4484	e16_i1_CGCGTGAAGCCGCACT
4485	e16_i1_CGCGTGACAGCTGTTA
4486	e16_i1_CGCGTGATCGCAGTCG
4487	e16_i1_CGCGTGATCTAACGCA
4488	e16_i1_CGGAACCTCCGACATA
4489	e16_i1_CGGAACCTCTGACCCT
4490	e16_i1_CGGAATTAGCGTTAGG
4491	e16_i1_CGGAATTAGGTGCATG
4492	e16_i1_CGGAATTCACAAGTTC
4493	e16_i1_CGGAATTTCATAGAGA
4494	e16_i1_CGGAATTTCGATTGAC
4495	e16_i1_CGGACACAGCTAAGTA
4496	e16_i1_CGGACACCACGTCATA
4497	e16_i1_CGGACACCAGTCAGAG
4498	e16_i1_CGGAGAAGTGGAGAAA
4499	e16_i1_CGGAGAATCCCATAAG
4500	e16_i1_CGGCAGTAGGCCTGAA
4501	e16_i1_CGGCAGTGTGACTATC
4502	e16_i1_CGGGACTTCAGAGTTC
4503	e16_i1_CGGGACTTCTTCGTAT
4504	e16_i1_CGGGCATAGCATGAAT
4505	e16_i1_CGGGTCAGTATCGCGC
4506	e16_i1_CGGGTCATCCTCTCGA
4507	e16_i1_CGGGTGTAGCCGAACA
4508	e16_i1_CGGGTGTCATACGCAT
4509	e16_i1_CGGGTGTGTCGAACGA
4510	e16_i1_CGGTCAGGTGTAGTGG
4511	e16_i1_CGTAATGCAATTGCAC
4512	e16_i1_CGTAGTATCCGTTGGG
4513	e16_i1_CGTCAAAGTGGCCACT
4514	e16_i1_CGTCAAAGTTTGTGGT
4515	e16_i1_CGTCCATAGTAAGACT
4516	e16_i1_CGTCCATTCACCTCAC
4517	e16_i1_CGTGAATAGCGTCTCG
4518	e16_i1_CGTGAATGTGCATTTG
4519	e16_i1_CGTGATAGTGCCCTTT
4520	e16_i1_CGTGCTTAGGTGAGAA
4521	e16_i1_CGTGCTTTCGATCCCT
4522	e16_i1_CGTGTCTAGAAGCTGC
4523	e16_i1_CGTGTCTGTTAAGCAA
4524	e16_i1_CGTGTCTTCGCCAGAC
4525	e16_i1_CGTTGGGGTTTGTTCT
4526	e16_i1_CTAACCCGTCGTGCCA
4527	e16_i1_CTAACCCGTCGTTATG
4528	e16_i1_CTAACTTAGATTGATG
4529	e16_i1_CTAAGTGCACTTCAAG
4530	e16_i1_CTAAGTGGTTGATCGT
4531	e16_i1_CTACAGAAGAAGCCAC
4532	e16_i1_CTACAGAGTCAGGAGT
4533	e16_i1_CTACAGAGTGGAAATT
4534	e16_i1_CTACAGATCTACGGTA
4535	e16_i1_CTACATTAGCCGATTT
4536	e16_i1_CTACATTCACGCGTGT
4537	e16_i1_CTACATTCAGGCGTTC
4538	e16_i1_CTACATTCATCCTATT
4539	e16_i1_CTACATTGTTCTGAGT
4540	e16_i1_CTACCTGTCTATCGCC
4541	e16_i1_CTACGGGCACCATTCC
4542	e16_i1_CTATAGGAGATGATTG
4543	e16_i1_CTATCCGTCCAAGCAT
4544	e16_i1_CTCAACCTCCGAGGCT
4545	e16_i1_CTCAAGACAGCTGCCA
4546	e16_i1_CTCAAGATCGAAGCAG
4547	e16_i1_CTCAAGATCGTCCATC
4548	e16_i1_CTCACTGGTCACTCGG
4549	e16_i1_CTCAGGGCACATTCGA
4550	e16_i1_CTCAGGGGTAGTACGG
4551	e16_i1_CTCAGGGGTGGCCACT
4552	e16_i1_CTCAGTCCATGCAGGA
4553	e16_i1_CTCATCGCATGCGTGC
4554	e16_i1_CTCATCGTCGTCTACC
4555	e16_i1_CTCATGCGTGCCTAAT
4556	e16_i1_CTCATGCTCTTCACGC
4557	e16_i1_CTCATTATCATACGGT
4558	e16_i1_CTCCAACAGGTCACAG
4559	e16_i1_CTCCACAAGCAAGTCG
4560	e16_i1_CTCCTCCCAGCATACT
4561	e16_i1_CTCCTTTAGCACGTCC
4562	e16_i1_CTCTGGTCAGAATTCC
4563	e16_i1_CTGAATGCATACCACA
4564	e16_i1_CTGAATGTCCTTTAGT
4565	e16_i1_CTGAGCGCAATCGCAT
4566	e16_i1_CTGAGGCAGCAGAAAG
4567	e16_i1_CTGAGGCAGTGTTCAC
4568	e16_i1_CTGAGGCTCTACACTT
4569	e16_i1_CTGATCCTCCGCGGAT
4570	e16_i1_CTGCAGGCACTTGGGC
4571	e16_i1_CTGCAGGTCATTATCC
4572	e16_i1_CTGCAGGTCTCAGGCG
4573	e16_i1_CTGCATCTCACTACGA
4574	e16_i1_CTGCCATCAGACACCC
4575	e16_i1_CTGCCATCAGACCCGT
4576	e16_i1_CTGCCATTCCACAGCG
4577	e16_i1_CTGCTCACAAGGATGC
4578	e16_i1_CTGGACGGTCGTAATC
4579	e16_i1_CTGGCAGAGCATGTTC
4580	e16_i1_CTGGCAGAGGTTCCAT
4581	e16_i1_CTGTACCAGAACCCGA
4582	e16_i1_CTGTACCCAAGAAACT
4583	e16_i1_CTGTATTCAGGACAGT
4584	e16_i1_CTGTCGTCAGCTACAT
4585	e16_i1_CTGTGAAGTGCTCTTC
4586	e16_i1_CTGTGAATCACAAGAA
4587	e16_i1_CTGTGGGCAGCCCAGT
4588	e16_i1_CTTAGGACAAACTCTG
4589	e16_i1_CTTAGGACAGCTACAT
4590	e16_i1_CTTAGGAGTAGCGTAG
4591	e16_i1_CTTCAATAGCGACTAG
4592	e16_i1_CTTCAATTCCCTCGAT
4593	e16_i1_CTTCTAATCTGAGGCC
4594	e16_i1_CTTCTCTCAATTCGTG
4595	e16_i1_CTTTCGGAGTGTGTTC
4596	e16_i1_CTTTCGGTCGCTAAAC
4597	e16_i1_GAAACCTAGAGCAGCT
4598	e16_i1_GAAACCTAGCTAAGTA
4599	e16_i1_GAAATGATCCCATACC
4600	e16_i1_GAAATGATCGTTCGCT
4601	e16_i1_GAACACTGTATTCTCT
4602	e16_i1_GAACACTTCCGACAGC
4603	e16_i1_GAACGTTCACCGCTAG
4604	e16_i1_GAACGTTTCATCGCTC
4605	e16_i1_GAACTGTGTCATCGCG
4606	e16_i1_GAACTGTGTGCGTTTA
4607	e16_i1_GAACTGTTCCATACAG
4608	e16_i1_GAAGAATAGCCATTCA
4609	e16_i1_GAAGAATAGCGAAACC
4610	e16_i1_GAAGAATGTCCACAGC
4611	e16_i1_GAAGCCCAGGTGCGAT
4612	e16_i1_GAAGGACAGGGAACAA
4613	e16_i1_GAAGTAATCTCGGTAA
4614	e16_i1_GAATCACAGGCTATCT
4615	e16_i1_GAATCACAGTCGCCAC
4616	e16_i1_GAATCACCAGGCTATT
4617	e16_i1_GAATCGTGTATCAAGA
4618	e16_i1_GAATCGTGTCCGATCG
4619	e16_i1_GACATCAAGTTACGTC
4620	e16_i1_GACATCACACTAACCA
4621	e16_i1_GACCAATGTAGGACCA
4622	e16_i1_GACCAATTCCCGTTGT
4623	e16_i1_GACCCAGAGTAACGAT
4624	e16_i1_GACCCAGGTCTTTATC
4625	e16_i1_GACCCTTTCGTTCATT
4626	e16_i1_GACCGTGAGGTCGTGA
4627	e16_i1_GACCTTCCATCGCTAA
4628	e16_i1_GACCTTCTCCGTGCGA
4629	e16_i1_GACGCTGAGCAAATGT
4630	e16_i1_GACGCTGTCGACACCG
4631	e16_i1_GACGTTACATCAGCTA
4632	e16_i1_GACTATGAGTCCTGCG
4633	e16_i1_GACTATGTCAAATGCC
4634	e16_i1_GACTCAAAGCCAACCC
4635	e16_i1_GACTCAAAGGTACCTT
4636	e16_i1_GACTCAACAGCGACAA
4637	e16_i1_GACTGATCAACAAGTA
4638	e16_i1_GACTGATCAGTCACGC
4639	e16_i1_GACTTCCGTACAAACA
4640	e16_i1_GAGAAATAGTAAGGGA
4641	e16_i1_GAGACTTTCGAAATCC
4642	e16_i1_GAGAGGTAGCAACCAG
4643	e16_i1_GAGATGGTCGGATACT
4644	e16_i1_GAGATGGTCGTTAGTG
4645	e16_i1_GAGCCTGAGATCGCCC
4646	e16_i1_GAGCCTGAGTTGGAAT
4647	e16_i1_GAGCCTGGTCGTACAT
4648	e16_i1_GAGCTGCAGGATGTTA
4649	e16_i1_GAGGCAAGTGAGGAAA
4650	e16_i1_GAGGCAAGTGGACAGT
4651	e16_i1_GAGGCCTGTTATTCTC
4652	e16_i1_GAGGGATAGTCCCAGC
4653	e16_i1_GAGGGATCAATCAGCT
4654	e16_i1_GAGTCATAGCTGAGCA
4655	e16_i1_GAGTGTTAGGAGTCTG
4656	e16_i1_GAGTTACAGTGATAAC
4657	e16_i1_GAGTTACAGTTCCGTA
4658	e16_i1_GAGTTGTAGACCAGCA
4659	e16_i1_GAGTTGTTCGGTGCAC
4660	e16_i1_GATAGAACACCAAATC
4661	e16_i1_GATAGAATCGAGCCTG
4662	e16_i1_GATAGAATCTGGGCGT
4663	e16_i1_GATAGCTAGCCGTCGT
4664	e16_i1_GATAGCTGTTCCCACT
4665	e16_i1_GATAGCTTCATCGCAA
4666	e16_i1_GATCACAAGACGACTG
4667	e16_i1_GATCACAGTCAAGTTC
4668	e16_i1_GATCATGAGTATGTAG
4669	e16_i1_GATCCCTAGGGTCTTT
4670	e16_i1_GATCGTACACAATTCG
4671	e16_i1_GATCGTACATGGGTTT
4672	e16_i1_GATCGTACATTGCTTT
4673	e16_i1_GATCGTATCTACTTCA
4674	e16_i1_GATGACTAGTGTTGTC
4675	e16_i1_GATGACTTCAAGTTGC
4676	e16_i1_GATGATCAGAAGGATG
4677	e16_i1_GATGCTAGTACGGTTT
4678	e16_i1_GATGCTAGTCCGGATC
4679	e16_i1_GATGGAGTCGAGTTGT
4680	e16_i1_GATGTTGGTACGATGG
4681	e16_i1_GATGTTGGTGGCCTCA
4682	e16_i1_GATGTTGTCTACGCAA
4683	e16_i1_GATTCGAAGGGAGGAC
4684	e16_i1_GATTCTTCAATTGCAC
4685	e16_i1_GCAACATCAAATTGCC
4686	e16_i1_GCAACCGAGTAGCATA
4687	e16_i1_GCAACCGCACTACCCT
4688	e16_i1_GCAACCGCAGCTGTTA
4689	e16_i1_GCACATAGTGCCTACG
4690	e16_i1_GCACGGTGTCGTCGGT
4691	e16_i1_GCACTAAAGCTGACTT
4692	e16_i1_GCACTAAAGGTAGATT
4693	e16_i1_GCACTAAGTGTTACTG
4694	e16_i1_GCACTAATCCATTTGT
4695	e16_i1_GCAGCCAAGACAGCTG
4696	e16_i1_GCAGCCACACGGTGAA
4697	e16_i1_GCAGCCACAGAGGCTA
4698	e16_i1_GCAGCCACAGGACATG
4699	e16_i1_GCAGCCACATAAGATG
4700	e16_i1_GCAGCTGTCACGAACT
4701	e16_i1_GCAGCTGTCTAGCCAA
4702	e16_i1_GCAGGCTCATTCACAG
4703	e16_i1_GCAGGCTTCCATTCAT
4704	e16_i1_GCAGTTAAGACCAAGC
4705	e16_i1_GCAGTTAAGATAGCTA
4706	e16_i1_GCAGTTAAGTCGTTAC
4707	e16_i1_GCAGTTATCGGTCGAC
4708	e16_i1_GCATCGGAGATGGGCT
4709	e16_i1_GCATCGGGTCATAGTC
4710	e16_i1_GCATCGGGTGTACGCC
4711	e16_i1_GCATCTCTCGGCTGGT
4712	e16_i1_GCATGATAGTATGTAG
4713	e16_i1_GCATGATTCAAACGAA
4714	e16_i1_GCCAACGTCCCGGTAG
4715	e16_i1_GCCAGCAAGCATCGAG
4716	e16_i1_GCCAGCAGTGCTTATG
4717	e16_i1_GCCAGCATCAAGTCGT
4718	e16_i1_GCCAGGTAGCTGTACT
4719	e16_i1_GCCAGGTCAATTCTTC
4720	e16_i1_GCCAGGTTCTACTGCC
4721	e16_i1_GCCAGTGAGATGTTCC
4722	e16_i1_GCCAGTGCAGTAGAAT
4723	e16_i1_GCCATGGAGTCCTACA
4724	e16_i1_GCCATTCAGATTAGTG
4725	e16_i1_GCCATTCGTATGAAGT
4726	e16_i1_GCCCAGACACAGCCTG
4727	e16_i1_GCCCAGAGTGATTCTG
4728	e16_i1_GCCCGAAAGGATACAT
4729	e16_i1_GCCCGAACAAATGAAC
4730	e16_i1_GCCCGAAGTTCCATTT
4731	e16_i1_GCCGTGAAGCGCACAA
4732	e16_i1_GCGAGAACAGGCCCTA
4733	e16_i1_GCGGAAAAGTTGTCAC
4734	e16_i1_GCGTGCACATTGTGCA
4735	e16_i1_GCGTTTCTCCCTATTA
4736	e16_i1_GCTACAACAAGCTGCC
4737	e16_i1_GCTACAATCAAACGTC
4738	e16_i1_GCTACCTCATGGAACG
4739	e16_i1_GCTACCTTCAGTGGGA
4740	e16_i1_GCTCAAAGTGACCGAA
4741	e16_i1_GCTGAATCATCGGAGA
4742	e16_i1_GCTGCAGAGGTATTGA
4743	e16_i1_GCTGCAGCAATCGCGC
4744	e16_i1_GCTGCAGCAATGCTCA
4745	e16_i1_GCTGCAGCATCATGAC
4746	e16_i1_GCTGGGTTCTCAAAGC
4747	e16_i1_GCTTCACGTTCGGGTC
4748	e16_i1_GCTTGGGAGAGGGTCT
4749	e16_i1_GGAACCCAGAGAGCGG
4750	e16_i1_GGAACCCCAAATACAG
4751	e16_i1_GGAACCCGTCATCCCT
4752	e16_i1_GGAACCCGTTTGAAAG
4753	e16_i1_GGAACCCTCCTTCTTC
4754	e16_i1_GGAAGTGCACAACGTT
4755	e16_i1_GGAATGGTCACTCCGT
4756	e16_i1_GGAATGGTCCGGTAGC
4757	e16_i1_GGACGTCTCGTGCAGC
4758	e16_i1_GGAGAACCAAGGTCTT
4759	e16_i1_GGAGATGTCGAGCCTG
4760	e16_i1_GGAGCAACATTCACCC
4761	e16_i1_GGAGCAAGTAACCCGC
4762	e16_i1_GGAGGATCAGATAAAC
4763	e16_i1_GGAGGATGTGAATGTA
4764	e16_i1_GGAGGATTCTACTGAG
4765	e16_i1_GGAGGTAAGCCAGACA
4766	e16_i1_GGAGGTAGTCAGGTGA
4767	e16_i1_GGATCTAGTCCGCAGT
4768	e16_i1_GGATGTTCATCATTGG
4769	e16_i1_GGATGTTGTTATCTGG
4770	e16_i1_GGCAGTCAGTTCGCAT
4771	e16_i1_GGCGTCATCAAACGAA
4772	e16_i1_GGCTGTGAGGAGTCTG
4773	e16_i1_GGCTGTGGTATGTCCA
4774	e16_i1_GGCTTTCCACAGCTTA
4775	e16_i1_GGCTTTCTCAGCTTGA
4776	e16_i1_GGGAAGTCAGCTATTG
4777	e16_i1_GGGAAGTCATCCGAGC
4778	e16_i1_GGGAAGTTCACTACTT
4779	e16_i1_GGGACAAGTGACAGCA
4780	e16_i1_GGGACAATCTTGTTAC
4781	e16_i1_GGGACCTAGTCACGCC
4782	e16_i1_GGGACCTCACCCAATA
4783	e16_i1_GGGAGATCATGAATAG
4784	e16_i1_GGGATCCAGCTCCATA
4785	e16_i1_GGGATCCCAGTATGAA
4786	e16_i1_GGGATCCGTAGACTGG
4787	e16_i1_GGGATCCTCACCTTAT
4788	e16_i1_GGGATGAAGGTAGATT
4789	e16_i1_GGGATGACAAGGTCTT
4790	e16_i1_GGGCCATAGAAGTGTT
4791	e16_i1_GGGCCATCATCATTGG
4792	e16_i1_GGGCTACAGCATCTTG
4793	e16_i1_GGGCTACCACTCAAGT
4794	e16_i1_GGGCTCATCGCCATAA
4795	e16_i1_GGGCTCATCTCACGAA
4796	e16_i1_GGGTAGATCTAGCCTC
4797	e16_i1_GGGTATTAGGACAACC
4798	e16_i1_GGGTATTCAAGACAAT
4799	e16_i1_GGGTATTCAGTTCACA
4800	e16_i1_GGGTATTTCCCGAACG
4801	e16_i1_GGGTATTTCTCCGAAA
4802	e16_i1_GGGTCTGCAATCGCCG
4803	e16_i1_GGTAACTCACACCAGC
4804	e16_i1_GGTAGAGAGTATAGAC
4805	e16_i1_GGTCACGTCGTCGCTT
4806	e16_i1_GGTCACGTCTTAATCC
4807	e16_i1_GGTCTGGAGGGACAGG
4808	e16_i1_GGTCTGGAGTGCACCC
4809	e16_i1_GGTGAAGGTGTTCATG
4810	e16_i1_GGTGAAGTCGTAGGGA
4811	e16_i1_GGTGGCTGTTCGGCTG
4812	e16_i1_GGTGTCGAGTGTACCT
4813	e16_i1_GGTTGTACACATTCTT
4814	e16_i1_GGTTGTATCACGGGCT
4815	e16_i1_GTAACACAGGTACAAT
4816	e16_i1_GTAACACTCGATGGAG
4817	e16_i1_GTAACCACATTGTCGA
4818	e16_i1_GTAACCAGTTCTGACA
4819	e16_i1_GTAAGTCAGGCCACCT
4820	e16_i1_GTAAGTCTCTTCGCTG
4821	e16_i1_GTAATGCAGCTACAAA
4822	e16_i1_GTAATGCCAACGCATT
4823	e16_i1_GTAATGCGTAAGATTG
4824	e16_i1_GTAATGCTCGGCTGGT
4825	e16_i1_GTACAACAGAAGGTAG
4826	e16_i1_GTACAACAGCGCTGAA
4827	e16_i1_GTACAGTGTCTTGCTC
4828	e16_i1_GTAGAGGCACACCAGC
4829	e16_i1_GTAGATCCAAGGGCAT
4830	e16_i1_GTAGGAGTCCGATTAG
4831	e16_i1_GTAGGTTAGGTATAGT
4832	e16_i1_GTAGGTTCAAATCCCA
4833	e16_i1_GTAGGTTCACGCTGCA
4834	e16_i1_GTAGGTTTCCCTCTTT
4835	e16_i1_GTAGTACTCAGCAATC
4836	e16_i1_GTAGTACTCAGGACAG
4837	e16_i1_GTAGTACTCCGCGAGT
4838	e16_i1_GTATTGGGTCCTGGGT
4839	e16_i1_GTATTGGTCTAAGCGT
4840	e16_i1_GTATTTCTCATGGCCG
4841	e16_i1_GTCAAGTAGAGTCAGC
4842	e16_i1_GTCAAGTTCACCTTAT
4843	e16_i1_GTCACGGCACTTGTCC
4844	e16_i1_GTCACGGTCCGTAGGC
4845	e16_i1_GTCACGGTCGGCACTG
4846	e16_i1_GTCATCCAGACCCGCT
4847	e16_i1_GTCATCCCATGCGTGC
4848	e16_i1_GTCATCCTCCTCTCTT
4849	e16_i1_GTCATGAAGAGGTCGT
4850	e16_i1_GTCATGACACGATTCA
4851	e16_i1_GTCATTTAGAGGCTGT
4852	e16_i1_GTCATTTGTCAAGTTC
4853	e16_i1_GTCATTTGTCGATGCC
4854	e16_i1_GTCCACTGTCGAATTC
4855	e16_i1_GTCCCATAGTCTAACC
4856	e16_i1_GTCCCATTCAAGCCAT
4857	e16_i1_GTCCTCAGTACACGTT
4858	e16_i1_GTCCTCATCAGACAAA
4859	e16_i1_GTCGAATCAGGTGACA
4860	e16_i1_GTCGCGAAGGAAGTAG
4861	e16_i1_GTCTACCAGGCCTTGC
4862	e16_i1_GTCTAGACAACATACC
4863	e16_i1_GTCTAGACACACCTAA
4864	e16_i1_GTCTAGACACCTCTGT
4865	e16_i1_GTCTAGACAGGACAGT
4866	e16_i1_GTCTAGAGTCACAGAG
4867	e16_i1_GTCTCACGTGAGTGAC
4868	e16_i1_GTCTGTCAGTGTTCAC
4869	e16_i1_GTCTTTATCACGGTCG
4870	e16_i1_GTGACGCAGGGACCAT
4871	e16_i1_GTGACGCAGTAGACCG
4872	e16_i1_GTGACGCCATCAGCTA
4873	e16_i1_GTGAGCCTCGCCTCTA
4874	e16_i1_GTGAGGACATCGAAGG
4875	e16_i1_GTGAGTTTCACCCATC
4876	e16_i1_GTGATGTCATACCAGT
4877	e16_i1_GTGCACGCAATTCACG
4878	e16_i1_GTGCAGCAGCCGAATG
4879	e16_i1_GTGCAGCCAGCCGGTT
4880	e16_i1_GTGCAGCGTATGAAAC
4881	e16_i1_GTGCGTGCAGACACAG
4882	e16_i1_GTGCGTGCAGAGTGTG
4883	e16_i1_GTGCGTGGTATCAAGA
4884	e16_i1_GTGCGTGGTATGAGGC
4885	e16_i1_GTGCGTGGTCGCACGT
4886	e16_i1_GTGCTGGGTGGCGCTT
4887	e16_i1_GTGCTTCCACTATGTG
4888	e16_i1_GTGCTTCTCATTCGTT
4889	e16_i1_GTGGAAGAGTCGCGAA
4890	e16_i1_GTGGAAGTCTCGACCT
4891	e16_i1_GTGGAGACAGTTTCGA
4892	e16_i1_GTGGAGACATGAAAGT
4893	e16_i1_GTGGAGACATGAATCC
4894	e16_i1_GTGGCGTAGATGAACT
4895	e16_i1_GTGGCGTCACCACTGG
4896	e16_i1_GTGGCGTGTCAAAGTA
4897	e16_i1_GTGGGAAGTGGCAACA
4898	e16_i1_GTGGTTAAGAGTCTGG
4899	e16_i1_GTGGTTAGTTTATGCG
4900	e16_i1_GTGTCCTAGACCCGCT
4901	e16_i1_GTGTGGCCAGATGCGA
4902	e16_i1_GTGTTAGAGGAGACCT
4903	e16_i1_GTGTTAGGTCGCTCGA
4904	e16_i1_GTGTTAGTCAAACCTG
4905	e16_i1_GTGTTCCCAGGACATG
4906	e16_i1_GTGTTCCGTCGACGCT
4907	e16_i1_GTGTTCCGTGGCTGCT
4908	e16_i1_GTTACCCCATGCCGAC
4909	e16_i1_GTTACCCTCGGTATGT
4910	e16_i1_GTTACGAAGCTGTACT
4911	e16_i1_GTTACGATCCCAGTGG
4912	e16_i1_GTTAGACTCCGTAGTA
4913	e16_i1_GTTAGTGAGAGCATAT
4914	e16_i1_GTTAGTGCAAGTGCAG
4915	e16_i1_GTTATGGCACGGTGAA
4916	e16_i1_GTTATGGGTAGCGATG
4917	e16_i1_GTTATGGGTTGCCGCA
4918	e16_i1_GTTCCGTGTTCTCCCA
4919	e16_i1_GTTCCGTTCAGAGTGG
4920	e16_i1_GTTCCGTTCTTTCCGG
4921	e16_i1_GTTCTATTCCCGGTAG
4922	e16_i1_GTTCTATTCCGGTAGC
4923	e16_i1_GTTCTATTCTGTCCGT
4924	e16_i1_GTTGCGGCAGCGGTCT
4925	e16_i1_GTTGCGGGTTCTTGTT
4926	e16_i1_GTTGCTCCAATCGAAA
4927	e16_i1_GTTGTAGCATCAACCA
4928	e16_i1_GTTGTCCTCGCTTAAG
4929	e16_i1_GTTGTGAGTAATGCTC
4930	e16_i1_GTTTACTGTCAAAGAT
4931	e16_i1_GTTTACTTCGTTACCC
4932	e16_i1_GTTTGGACACAACATC
4933	e16_i1_TAACACGGTCTTTCAT
4934	e16_i1_TAACCAGCACACAGAG
4935	e16_i1_TAACCAGTCCGAGAAG
4936	e16_i1_TAACGACGTTGCTTGA
4937	e16_i1_TAACGACTCACGAGGA
4938	e16_i1_TAACTTCAGCCTCACG
4939	e16_i1_TAACTTCAGCCTGAGA
4940	e16_i1_TAACTTCCACAGAAGC
4941	e16_i1_TAAGCACGTCAAAGAT
4942	e16_i1_TAAGCCAGTGCATACT
4943	e16_i1_TAAGCCATCTTCCAGC
4944	e16_i1_TAAGCGTAGACTCCGC
4945	e16_i1_TAAGTCGAGAATTTGG
4946	e16_i1_TAAGTCGAGATAACGT
4947	e16_i1_TAAGTCGGTCAGTTTG
4948	e16_i1_TAAGTCGTCCGTGCGA
4949	e16_i1_TAATCTCTCGACGAGA
4950	e16_i1_TACAACGAGTCGGCCT
4951	e16_i1_TACAACGCAGGAATCG
4952	e16_i1_TACACCCTCAGTGATC
4953	e16_i1_TACAGGTCAAATGGCG
4954	e16_i1_TACCCGTTCGCATAGT
4955	e16_i1_TACCGAATCACTGTCC
4956	e16_i1_TACCGGGGTCCGGTCA
4957	e16_i1_TACCGGGTCTTCGGTC
4958	e16_i1_TACCTCGCAAAGCTAA
4959	e16_i1_TACGGTAAGCAGCAGT
4960	e16_i1_TACGGTAGTAGATCCT
4961	e16_i1_TACGGTAGTAGTGGCA
4962	e16_i1_TACGGTATCGACACTA
4963	e16_i1_TACGTCCAGAACGCGT
4964	e16_i1_TACTTCAAGTGAATAC
4965	e16_i1_TACTTCACACTAACCA
4966	e16_i1_TACTTGTGTGTATCCA
4967	e16_i1_TACTTGTTCTGCTAGA
4968	e16_i1_TAGACCATCGCTTGCT
4969	e16_i1_TAGACTGAGACGCCAA
4970	e16_i1_TAGACTGTCGACGACC
4971	e16_i1_TAGATCGCACAATGTC
4972	e16_i1_TAGATCGCACTATCGA
4973	e16_i1_TAGATCGCAGTGGTGA
4974	e16_i1_TAGATCGGTGCTTCAA
4975	e16_i1_TAGGAGGAGATTGATG
4976	e16_i1_TAGGAGGTCCGGACGT
4977	e16_i1_TAGGAGGTCGCTAATG
4978	e16_i1_TAGGGTTTCTCCGAAA
4979	e16_i1_TAGGTACAGTGTACAA
4980	e16_i1_TAGGTACGTCAGGCAA
4981	e16_i1_TAGGTTGGTAGCTGCC
4982	e16_i1_TAGTGCAAGCAGCAGT
4983	e16_i1_TATACCTCAAACTCGT
4984	e16_i1_TATACCTGTGTCGCTG
4985	e16_i1_TATATCCCAAAGACTA
4986	e16_i1_TATATCCTCAGCGCGT
4987	e16_i1_TATCAGGCAGGCACAA
4988	e16_i1_TATCTGTTCGCGTAGC
4989	e16_i1_TATCTTGGTGACCGAA
4990	e16_i1_TATGTTCAGCAGGTCA
4991	e16_i1_TATTGCTAGTGCGCTC
4992	e16_i1_TATTGCTAGTTTGAGA
4993	e16_i1_TATTGGGGTCCTCAGG
4994	e16_i1_TATTTCGTCTCTATAC
4995	e16_i1_TATTTCGTCTTTGATC
4996	e16_i1_TCAAGACCACGAGGTA
4997	e16_i1_TCAAGACTCATGTCTT
4998	e16_i1_TCAAGACTCGTTACCC
4999	e16_i1_TCAAGCAGTGGCTTAT
5000	e16_i1_TCAAGTGCATCCAATG
5001	e16_i1_TCAATCTAGGTAACTA
5002	e16_i1_TCAATCTTCGCTTAAG
5003	e16_i1_TCAATTCAGCCTCAGC
5004	e16_i1_TCACACCGTAACTAAG
5005	e16_i1_TCACACCGTACCGTCG
5006	e16_i1_TCACACCGTGTTCCTC
5007	e16_i1_TCACACCTCTGTGCTC
5008	e16_i1_TCACATTCAAAGACTA
5009	e16_i1_TCACATTCAAGACCGA
5010	e16_i1_TCACGCTAGGGAGGGT
5011	e16_i1_TCACGGGCAACCGTGC
5012	e16_i1_TCACGGGCAAGCACCC
5013	e16_i1_TCACGGGGTGCTCGTG
5014	e16_i1_TCACTATGTGGCTACC
5015	e16_i1_TCACTATGTGTGTCGC
5016	e16_i1_TCACTCGGTATCTCGA
5017	e16_i1_TCACTCGTCCCAAGTA
5018	e16_i1_TCAGCAACACCAATTG
5019	e16_i1_TCAGCAATCTAGACCA
5020	e16_i1_TCAGGGCAGCACCGTC
5021	e16_i1_TCAGGTAGTTCTCGTC
5022	e16_i1_TCAGTCCAGGCACGAT
5023	e16_i1_TCAGTCCAGGTATTGA
5024	e16_i1_TCAGTCCCAAACTGCT
5025	e16_i1_TCAGTCCGTAATGATG
5026	e16_i1_TCAGTCCGTTGTAAAG
5027	e16_i1_TCAGTCCTCACTGTCC
5028	e16_i1_TCAGTCCTCGCCGATG
5029	e16_i1_TCAGTCCTCTCGCAGG
5030	e16_i1_TCAGTGAGTGTTCGAT
5031	e16_i1_TCAGTGAGTTCTCGTC
5032	e16_i1_TCAGTTTGTAGGAGGG
5033	e16_i1_TCAGTTTGTATCCCTC
5034	e16_i1_TCAGTTTTCCCAGCGA
5035	e16_i1_TCATACTGTTAACCTG
5036	e16_i1_TCATATCGTGCAGATG
5037	e16_i1_TCATGCCAGACATCCT
5038	e16_i1_TCATGCCTCTTTCGAT
5039	e16_i1_TCATGGACAAAGGATT
5040	e16_i1_TCATGGATCCGCTTAC
5041	e16_i1_TCATGGATCGCAAGAG
5042	e16_i1_TCATGTTAGGATGAGA
5043	e16_i1_TCATTACAGGCGTCCT
5044	e16_i1_TCATTACAGGTCATAA
5045	e16_i1_TCATTGTAGAGGTGCT
5046	e16_i1_TCATTGTAGTGGAAAG
5047	e16_i1_TCATTGTTCGGTTCAA
5048	e16_i1_TCATTTGGTAAGTTAG
5049	e16_i1_TCATTTGTCCGATAGT
5050	e16_i1_TCCACCAAGGGCCAAT
5051	e16_i1_TCCACCAGTCACTACA
5052	e16_i1_TCCACCATCATACGGT
5053	e16_i1_TCCACGTCAGAGCTAG
5054	e16_i1_TCCAGAAAGTCATAGA
5055	e16_i1_TCCATCGCACCTGCTT
5056	e16_i1_TCCCAGTAGAGCACTG
5057	e16_i1_TCCCAGTAGAGGATCC
5058	e16_i1_TCCCAGTCAAACCATC
5059	e16_i1_TCCCATGCATTCAGCA
5060	e16_i1_TCCCATGGTGGGCTCT
5061	e16_i1_TCCGATCCAAATGCTC
5062	e16_i1_TCCGATCCACAGCATT
5063	e16_i1_TCCGGGATCCTACCAC
5064	e16_i1_TCCGGGATCGAGAAGC
5065	e16_i1_TCCGTGTCATAGGTAA
5066	e16_i1_TCCTAATCAAGATGTA
5067	e16_i1_TCCTAATCATACTGTG
5068	e16_i1_TCCTAATGTGCATGAG
5069	e16_i1_TCCTCCCTCGGACTGC
5070	e16_i1_TCCTCCCTCTTACCAT
5071	e16_i1_TCCTCGAAGTGGCGAT
5072	e16_i1_TCCTCGACACGAAAGC
5073	e16_i1_TCCTCGATCTGGCTGG
5074	e16_i1_TCCTCTTCAAAGCACG
5075	e16_i1_TCCTGCATCACCTTGC
5076	e16_i1_TCCTTCTAGTATTAGG
5077	e16_i1_TCCTTCTGTCAACCAT
5078	e16_i1_TCCTTTCGTCGCAGTC
5079	e16_i1_TCGAACACAACCGTGC
5080	e16_i1_TCGAACACAACTCCCT
5081	e16_i1_TCGAACAGTGGTTTGT
5082	e16_i1_TCGAACATCATGGATC
5083	e16_i1_TCGACCTTCAACCTTT
5084	e16_i1_TCGCACTAGGTGGCTA
5085	e16_i1_TCGCACTTCCTACGGG
5086	e16_i1_TCGCACTTCCTTGGAA
5087	e16_i1_TCGCAGGAGAAGCTGC
5088	e16_i1_TCGCAGGCAGAAGTTA
5089	e16_i1_TCGCAGGCAGAGATGC
5090	e16_i1_TCGCAGGTCGAGAGCA
5091	e16_i1_TCGCTCAGTAGGTTTC
5092	e16_i1_TCGCTTGAGTCGCTAT
5093	e16_i1_TCGCTTGTCTAGTGAC
5094	e16_i1_TCGGATACACAGCCTG
5095	e16_i1_TCGGATAGTCAGTCGC
5096	e16_i1_TCGGGACTCACAAGAA
5097	e16_i1_TCGGGACTCACCATGA
5098	e16_i1_TCGGGACTCTGAATGC
5099	e16_i1_TCGGGTGGTCTTAGTG
5100	e16_i1_TCGGGTGGTTGCCGAC
5101	e16_i1_TCGGTCTCATCATTGG
5102	e16_i1_TCGTAGAGTCGGTACC
5103	e16_i1_TCGTAGATCGCTCTAC
5104	e16_i1_TCGTGCTTCCCTCTTT
5105	e16_i1_TCGTGCTTCTTTCGAT
5106	e16_i1_TCGTGGGCAAAGACGC
5107	e16_i1_TCTACATGTTGTACGT
5108	e16_i1_TCTACCGTCATCCTAT
5109	e16_i1_TCTACCGTCTCTCCGA
5110	e16_i1_TCTATCACACATTACG
5111	e16_i1_TCTATCACAGCACGAA
5112	e16_i1_TCTATCACAGGTGACA
5113	e16_i1_TCTATCAGTAATACCC
5114	e16_i1_TCTATCATCCGTATAG
5115	e16_i1_TCTCACGCAGACCAGA
5116	e16_i1_TCTCACGCATACAGCT
5117	e16_i1_TCTCAGCCACGCCACA
5118	e16_i1_TCTCTGGAGGTCCCTG
5119	e16_i1_TCTCTGGGTGGCCTCA
5120	e16_i1_TCTGTCGCACATACGT
5121	e16_i1_TCTGTCGTCCGGCAAC
5122	e16_i1_TCTTAGTGTGATTAGA
5123	e16_i1_TCTTCCTGTAAGCGGT
5124	e16_i1_TCTTCCTTCTCCCTAG
5125	e16_i1_TCTTGCGCATCGTCCT
5126	e16_i1_TCTTGCGGTCGTCAGC
5127	e16_i1_TCTTGCGTCACAATGC
5128	e16_i1_TCTTGCGTCTCAAAGC
5129	e16_i1_TGAATCGTCCGTGGTG
5130	e16_i1_TGAATGCAGAAACTGT
5131	e16_i1_TGAATGCCACACAGCC
5132	e16_i1_TGAATGCCATGGCACC
5133	e16_i1_TGAATGCGTTGTGCCG
5134	e16_i1_TGACAGTAGATTAGCA
5135	e16_i1_TGACAGTCACCCAACG
5136	e16_i1_TGACAGTCAGACCGCT
5137	e16_i1_TGACAGTCAGTTGGTT
5138	e16_i1_TGACAGTCAGTTGTCA
5139	e16_i1_TGACAGTTCCAACCAA
5140	e16_i1_TGACAGTTCGAAGCAG
5141	e16_i1_TGACCCTAGTTATGGA
5142	e16_i1_TGACCCTCAAAGCTAA
5143	e16_i1_TGACCCTCAGGTGTTT
5144	e16_i1_TGACCCTGTTGGATCT
5145	e16_i1_TGACGCGAGTACCGGA
5146	e16_i1_TGACGCGGTCTCGCGA
5147	e16_i1_TGACTCCGTCAAACGG
5148	e16_i1_TGAGACTAGGATGTTA
5149	e16_i1_TGAGCATAGGAAAGAC
5150	e16_i1_TGAGCATAGGATGGCT
5151	e16_i1_TGAGCATCAGACCAGA
5152	e16_i1_TGAGCGCCAATACCTG
5153	e16_i1_TGAGCGCCACAGTCGC
5154	e16_i1_TGAGCGCTCCATCAGA
5155	e16_i1_TGAGCGCTCCCGAGTG
5156	e16_i1_TGAGGAGCAGCCGTCA
5157	e16_i1_TGAGGAGGTCCGGATC
5158	e16_i1_TGAGGAGTCAAGCCCG
5159	e16_i1_TGAGGGACAAAGCTAA
5160	e16_i1_TGAGGGAGTCCGGATC
5161	e16_i1_TGAGGTTAGGCCATAG
5162	e16_i1_TGAGGTTTCAAGCCGC
5163	e16_i1_TGAGGTTTCTCTTCAA
5164	e16_i1_TGAGTCACACCCTGAG
5165	e16_i1_TGAGTCAGTATAATGG
5166	e16_i1_TGATCTTGTCATGGCC
5167	e16_i1_TGATGCAAGGTGCATG
5168	e16_i1_TGATGCACAATAGGAT
5169	e16_i1_TGATGCATCGGAGTGA
5170	e16_i1_TGATTTCAGTTAGTGA
5171	e16_i1_TGCACGGGTCATGGCC
5172	e16_i1_TGCACGGTCGAAGCAG
5173	e16_i1_TGCAGGCCAAGTTTGC
5174	e16_i1_TGCAGTAAGGTTCATC
5175	e16_i1_TGCATGAAGAGCACTG
5176	e16_i1_TGCATGACAACGATTC
5177	e16_i1_TGCATGAGTCCAGCGT
5178	e16_i1_TGCATGATCCTTATGT
5179	e16_i1_TGCATGATCGGCCCAA
5180	e16_i1_TGCCGAGCAAAGTGTA
5181	e16_i1_TGCCGAGCAAATCAGA
5182	e16_i1_TGCCGAGTCCCAGGCA
5183	e16_i1_TGCGACGTCCACTTTA
5184	e16_i1_TGCGATAAGTACCATC
5185	e16_i1_TGCGGCAAGGATCACG
5186	e16_i1_TGCGGCACAATGGCAG
5187	e16_i1_TGCGGCAGTGGATCAG
5188	e16_i1_TGCGGGTGTTAAGGGC
5189	e16_i1_TGCGGGTGTTTCCCAC
5190	e16_i1_TGCTCCAAGGTTACCT
5191	e16_i1_TGCTCCACAAGATCCT
5192	e16_i1_TGCTGAAAGTGGAAGA
5193	e16_i1_TGCTGAATCTTACCAT
5194	e16_i1_TGCTTCGCAGCAATTC
5195	e16_i1_TGCTTGCGTTCCACGG
5196	e16_i1_TGCTTGCTCCGTGGGT
5197	e16_i1_TGGAACTAGGAACGAA
5198	e16_i1_TGGAACTCAACCGATT
5199	e16_i1_TGGAACTGTATACGGG
5200	e16_i1_TGGAGAGTCACCATAG
5201	e16_i1_TGGAGGACACCAGCCA
5202	e16_i1_TGGAGGACAGGTCTCG
5203	e16_i1_TGGATCATCCGTGACG
5204	e16_i1_TGGCGTGAGGTAAAGG
5205	e16_i1_TGGGAAGGTGTTAAAG
5206	e16_i1_TGGGAGAGTCACTCTC
5207	e16_i1_TGGGATTCAGGAACCA
5208	e16_i1_TGGGATTCAGGCTACC
5209	e16_i1_TGGGATTGTAGTCGGA
5210	e16_i1_TGGGCGTGTCGAGTTT
5211	e16_i1_TGGGCGTGTTTAGAGA
5212	e16_i1_TGGGTTACACAAATAG
5213	e16_i1_TGGTACAGTGGTTTAC
5214	e16_i1_TGGTACATCTCATGCC
5215	e16_i1_TGGTAGTAGGGATCAC
5216	e16_i1_TGGTAGTAGTTCTACG
5217	e16_i1_TGTAACGTCTGCATGA
5218	e16_i1_TGTAAGCAGACTGGGT
5219	e16_i1_TGTAAGCAGGCTATCT
5220	e16_i1_TGTACAGTCAGCCCAG
5221	e16_i1_TGTAGACGTTGCAACT
5222	e16_i1_TGTAGACTCGCTTACC
5223	e16_i1_TGTAGACTCTCGTTTA
5224	e16_i1_TGTCAGACAGCAGTCC
5225	e16_i1_TGTCAGATCCTCACCA
5226	e16_i1_TGTCCACCAAAGAGTT
5227	e16_i1_TGTCCCACAAGAAACT
5228	e16_i1_TGTCCCACATGCGGTC
5229	e16_i1_TGTCCTGGTTCAAACC
5230	e16_i1_TGTCCTGTCACTGATG
5231	e16_i1_TGTGAGTCAATAGGGC
5232	e16_i1_TGTGAGTTCAGACCGC
5233	e16_i1_TGTGATGAGATTCGAA
5234	e16_i1_TGTGCGGCACCAGCGT
5235	e16_i1_TGTGGCGTCGTGACTA
5236	e16_i1_TGTGGCGTCTTCCACG
5237	e16_i1_TGTGTGAGTGGACAGT
5238	e16_i1_TGTGTGAGTTGACTAC
5239	e16_i1_TGTGTGATCGTTCAGA
5240	e16_i1_TGTTACTCACAAGTGG
5241	e16_i1_TGTTACTCAGCAGTTT
5242	e16_i1_TGTTACTTCGCAGATT
5243	e16_i1_TGTTCATAGCCTGAGA
5244	e16_i1_TGTTCATCACGTCGGT
5245	e16_i1_TGTTCATGTAGCCAGA
5246	e16_i1_TGTTCCGGTACCCACG
5247	e16_i1_TGTTCTATCCGACAGC
5248	e16_i1_TGTTGAGCAGAACGCA
5249	e16_i1_TGTTGAGTCTCGACCT
5250	e16_i1_TTAATCCCACCCATAA
5251	e16_i1_TTACAGGCAAGCGCAA
5252	e16_i1_TTACAGGCACGCGTCA
5253	e16_i1_TTACAGGCAGCTGGTC
5254	e16_i1_TTACAGGCATCGCTGG
5255	e16_i1_TTACAGGTCATTTGCT
5256	e16_i1_TTACCATCAGTATTCG
5257	e16_i1_TTACCGCGTATGGGAC
5258	e16_i1_TTACCGCGTTAACAGA
5259	e16_i1_TTACCGCTCCCAGGCA
5260	e16_i1_TTACGCCCATCAGTCA
5261	e16_i1_TTACGTTCAGTTAAAG
5262	e16_i1_TTACGTTTCCCACAGG
5263	e16_i1_TTACTGTAGCCTAACT
5264	e16_i1_TTACTGTCACCTGCTT
5265	e16_i1_TTAGGCACAAACTAAG
5266	e16_i1_TTAGGCACAACCGATT
5267	e16_i1_TTAGTCTGTTGCATAC
5268	e16_i1_TTATTGCCACCCTTAC
5269	e16_i1_TTATTGCTCGCGAAGA
5270	e16_i1_TTCAATCCAATTCTCT
5271	e16_i1_TTCAATCGTCACCGCA
5272	e16_i1_TTCACCGGTTGCTCCT
5273	e16_i1_TTCACGCAGTTCACTG
5274	e16_i1_TTCAGGACAAGTATCC
5275	e16_i1_TTCAGGACAAGTGACG
5276	e16_i1_TTCATTGTCACCCTTG
5277	e16_i1_TTCATTGTCCACTTCG
5278	e16_i1_TTCCACGTCCCATTTA
5279	e16_i1_TTCCGGTGTAAGATTG
5280	e16_i1_TTCCGGTTCTCTGCCA
5281	e16_i1_TTCCGGTTCTGAGAGG
5282	e16_i1_TTCCGTGAGCGCCGTT
5283	e16_i1_TTCCGTGCAAGACTGG
5284	e16_i1_TTCCGTGCATTGAAGA
5285	e16_i1_TTCCGTGTCCAGCTCT
5286	e16_i1_TTCCTTCAGAGAGCAA
5287	e16_i1_TTCCTTCGTACTGCCG
5288	e16_i1_TTCCTTCGTATTGCCA
5289	e16_i1_TTCGCTGCAACCGGAA
5290	e16_i1_TTCGGTCAGAATAACC
5291	e16_i1_TTCGGTCCAGGAACCA
5292	e16_i1_TTCGGTCGTGTAACGG
5293	e16_i1_TTCGGTCTCAGAGTTC
5294	e16_i1_TTCTAGTAGACCATTC
5295	e16_i1_TTCTAGTCAGAGGGTT
5296	e16_i1_TTCTAGTTCGCACTCT
5297	e16_i1_TTCTCTCGTAGCGATG
5298	e16_i1_TTCTGTACAGATTAAG
5299	e16_i1_TTCTGTAGTCGAACGA
5300	e16_i1_TTCTTCCAGCGGGTAT
5301	e16_i1_TTCTTCCGTAGCTGTT
5302	e16_i1_TTCTTCCGTATACCTG
5303	e16_i1_TTCTTGAAGTGCCCGT
5304	e16_i1_TTCTTGACATCGGTTA
5305	e16_i1_TTCTTGATCTCTCCGA
5306	e16_i1_TTGAACGCACAGTCCG
5307	e16_i1_TTGACCCAGAGGTCAC
5308	e16_i1_TTGACCCGTTCGTAAC
5309	e16_i1_TTGAGTGCAGAAACCG
5310	e16_i1_TTGAGTGCATATCTCT
5311	e16_i1_TTGAGTGGTGCCTAAT
5312	e16_i1_TTGCATTGTGGGCTCT
5313	e16_i1_TTGCATTTCCTTATAC
5314	e16_i1_TTGCTGCAGTCTCTGA
5315	e16_i1_TTGCTGCCAAATTGCC
5316	e16_i1_TTGGATGGTTATTCTC
5317	e16_i1_TTGGGATTCTCTAGGA
5318	e16_i1_TTGGGCGGTATCAGCT
5319	e16_i1_TTGGGCGGTTCCGGTG
5320	e16_i1_TTGGTTTCACTCTGCT
5321	e16_i1_TTGGTTTGTGGTTCTA
5322	e16_i1_TTGGTTTTCACTGCTC
5323	e16_i1_TTGTGGATCGGACTGC
5324	e16_i1_TTGTGTTCAAGTACCT
5325	e16_i1_TTGTTGTAGCTTAAGA
5326	e16_i1_TTGTTTGAGGCTTTCA
5327	e16_i1_TTTACCAAGATTTGCC
5328	e16_i1_TTTACGTAGAGCCGTA
5329	e16_i1_TTTACGTTCTCGGTCT
5330	e16_i1_TTTACTGAGGAATCGC
5331	e16_i1_TTTACTGAGTCACTCA
5332	e16_i1_TTTAGTCCAGGCAATG
5333	e16_i1_TTTATGCAGATGGGCT
5334	e16_i1_TTTATGCGTACAGTAA
5335	e16_i1_TTTATGCGTCATCCGG
5336	e16_i1_TTTCACAAGTCCCAAT
5337	e16_i1_TTTCAGTAGCAATTAG
5338	e16_i1_TTTCAGTAGTGGTCAG
5339	e16_i1_TTTCAGTGTATGCTAC
5340	e16_i1_TTTCATGGTTAAACCC
5341	e16_i1_TTTCATGGTTCCTAGA
5342	e16_i1_TTTCGATCAAGCGCTC
5343	e16_i1_TTTCGATCATCGGTTA
5344	e16_i1_TTTCGATTCTGTACAG
5345	e16_i1_TTTGACTAGTACTGGG
5346	e16_i1_TTTGACTAGTCTTGGT
5347	e16_i1_TTTGACTGTCTTGAGT
5348	e16_i1_TTTGATCCAATAGGAT
5349	e16_i1_TTTGATCTCCATAAGC
5350	e16_i1_TTTGGAGAGAGAGGGC
5351	e16_i1_TTTGGTTAGCGGGTTA
5352	e16_i1_TTTGGTTAGGTTCAGG
5353	e16_i1_TTTGGTTGTCTCACAA
5354	e16_i1_TTTGGTTTCTAACGCA
5355	e16_i1_TTTGTTGAGTAACCGG
