0	e16_s1_AAACCCAAGCCATATC
1	e16_s1_AAACCCAAGGAGAGGC
2	e16_s1_AAACCCAAGGCCATAG
3	e16_s1_AAACCCAAGTCCGTCG
4	e16_s1_AAACCCACAGCTGCCA
5	e16_s1_AAACCCATCCCTGTTG
6	e16_s1_AAACCCATCTATGCCC
7	e16_s1_AAACGAAAGTAAGCAT
8	e16_s1_AAACGAATCACCTCGT
9	e16_s1_AAACGAATCGTGCTCT
10	e16_s1_AAACGCTAGCCTCAAT
11	e16_s1_AAACGCTCAATTGAGA
12	e16_s1_AAACGCTGTTACAGCT
13	e16_s1_AAACGCTTCTCTGCTG
14	e16_s1_AAAGAACCACGGCTAC
15	e16_s1_AAAGAACCACTCCGAG
16	e16_s1_AAAGAACGTGGCTACC
17	e16_s1_AAAGAACGTGTGTGTT
18	e16_s1_AAAGAACGTTTAGACC
19	e16_s1_AAAGAACTCTGTCGTC
20	e16_s1_AAAGGGCCAATCGCCG
21	e16_s1_AAAGGGCCAGCTTCCT
22	e16_s1_AAAGGGCCAGTTCTAG
23	e16_s1_AAAGGGCCATCGTTCC
24	e16_s1_AAAGGGCGTTATCCAG
25	e16_s1_AAAGGTAAGTCTTGGT
26	e16_s1_AAAGGTAGTGTCTCCT
27	e16_s1_AAAGGTAGTTGGTAGG
28	e16_s1_AAAGTGAAGGCCTGAA
29	e16_s1_AAAGTGAAGGGTACGT
30	e16_s1_AAAGTGAGTTATCTGG
31	e16_s1_AAATGGAAGTGGACGT
32	e16_s1_AAATGGACACCAGACC
33	e16_s1_AAATGGAGTACCAATC
34	e16_s1_AAATGGAGTCTTGGTA
35	e16_s1_AAATGGATCACTCTTA
36	e16_s1_AAATGGATCCTCTCGA
37	e16_s1_AAATGGATCTCCTGAC
38	e16_s1_AAATGGATCTGTACAG
39	e16_s1_AACAAAGCACTCTCGT
40	e16_s1_AACAAAGGTGGTTTAC
41	e16_s1_AACAAAGTCCTACTGC
42	e16_s1_AACAAAGTCTACTCAT
43	e16_s1_AACAACCAGGACTAAT
44	e16_s1_AACAACCAGGATGGCT
45	e16_s1_AACAACCCAGGGAATC
46	e16_s1_AACAACCGTACTCGAT
47	e16_s1_AACAACCGTGCCTTCT
48	e16_s1_AACAACCGTTCTCCAC
49	e16_s1_AACAACCTCCGCGAGT
50	e16_s1_AACAACCTCCTCACCA
51	e16_s1_AACAACCTCTTAATCC
52	e16_s1_AACAAGAAGGCCACCT
53	e16_s1_AACAAGAAGTGTTCAC
54	e16_s1_AACAAGACACCGGTCA
55	e16_s1_AACAAGACAGAACGCA
56	e16_s1_AACAAGACATTGAAAG
57	e16_s1_AACAAGAGTGCGGCTT
58	e16_s1_AACACACAGATTTGCC
59	e16_s1_AACACACAGGCTAACG
60	e16_s1_AACACACGTTTCTATC
61	e16_s1_AACACACTCTTCGTGC
62	e16_s1_AACAGGGCAAACACCT
63	e16_s1_AACCAACAGTGCACTT
64	e16_s1_AACCAACCAGGACTAG
65	e16_s1_AACCAACGTATAGCTC
66	e16_s1_AACCAACGTGTTCCTC
67	e16_s1_AACCAACGTTTCTTAC
68	e16_s1_AACCAACTCTCTCAAT
69	e16_s1_AACCACAAGGAGTATT
70	e16_s1_AACCACAAGGATCATA
71	e16_s1_AACCACAGTAGGCAAC
72	e16_s1_AACCACAGTCACCGCA
73	e16_s1_AACCACAGTTCAAAGA
74	e16_s1_AACCACATCCTACACC
75	e16_s1_AACCATGAGCTCGGCT
76	e16_s1_AACCATGCAGGTGACA
77	e16_s1_AACCATGGTTATCTGG
78	e16_s1_AACCATGGTTCTCCCA
79	e16_s1_AACCATGTCAGGAAAT
80	e16_s1_AACCATGTCGAGTACT
81	e16_s1_AACCATGTCTCGTCGT
82	e16_s1_AACCCAAAGAGCATCG
83	e16_s1_AACCCAACACTGTTCC
84	e16_s1_AACCCAACAGACCATT
85	e16_s1_AACCCAACATCTAACG
86	e16_s1_AACCCAATCCTACCGT
87	e16_s1_AACCCAATCCTCTCGA
88	e16_s1_AACCCAATCGACCCAG
89	e16_s1_AACCCAATCTTCGTAT
90	e16_s1_AACCTGAAGTATTGCC
91	e16_s1_AACCTGACACTATCCC
92	e16_s1_AACCTTTAGCCTGACC
93	e16_s1_AACCTTTAGGTACAGC
94	e16_s1_AACCTTTCAGAGCGTA
95	e16_s1_AACCTTTCAGCTGCCA
96	e16_s1_AACCTTTCATATAGCC
97	e16_s1_AACCTTTGTCTCACGG
98	e16_s1_AACCTTTTCATCCTAT
99	e16_s1_AACGAAAAGACTAGAT
100	e16_s1_AACGAAAAGCTTTCCC
101	e16_s1_AACGAAACAACTAGAA
102	e16_s1_AACGAAACACAACGAG
103	e16_s1_AACGAAAGTTTCAGAC
104	e16_s1_AACGAAAGTTTCCATT
105	e16_s1_AACGAAATCTCGGTCT
106	e16_s1_AACGTCAAGGCCACCT
107	e16_s1_AACGTCACACCAGTAT
108	e16_s1_AACGTCACAGGTTCCG
109	e16_s1_AACGTCAGTCATTCCC
110	e16_s1_AACGTCATCAAGGTGG
111	e16_s1_AACGTCATCTTACGTT
112	e16_s1_AACTTCTAGCCGTTAT
113	e16_s1_AACTTCTAGGTCGACA
114	e16_s1_AACTTCTCACAAGTTC
115	e16_s1_AACTTCTGTTGGACTT
116	e16_s1_AACTTCTGTTTCCAAG
117	e16_s1_AACTTCTTCGACTCCT
118	e16_s1_AAGAACACATGTTCAG
119	e16_s1_AAGAACATCGATACAC
120	e16_s1_AAGACAAAGGAACTCG
121	e16_s1_AAGACAAAGGTCACAG
122	e16_s1_AAGACAACAAAGCTAA
123	e16_s1_AAGACAACACACGGTC
124	e16_s1_AAGACAATCACTGAAC
125	e16_s1_AAGACAATCAGGAGAC
126	e16_s1_AAGACAATCGAGCCTG
127	e16_s1_AAGACAATCTATGCCC
128	e16_s1_AAGACTCAGACTGTTC
129	e16_s1_AAGACTCAGCGCCTAC
130	e16_s1_AAGACTCCAAATCCCA
131	e16_s1_AAGACTCCAACTGAAA
132	e16_s1_AAGACTCCACCCTGTT
133	e16_s1_AAGACTCCATTAAGCC
134	e16_s1_AAGACTCCATTGCTTT
135	e16_s1_AAGACTCTCATCTACT
136	e16_s1_AAGACTCTCCGTGCGA
137	e16_s1_AAGACTCTCTCAATCT
138	e16_s1_AAGATAGAGGGTGAAA
139	e16_s1_AAGATAGAGGTAGTAT
140	e16_s1_AAGATAGCAATGAACA
141	e16_s1_AAGATAGTCACCTGTC
142	e16_s1_AAGATAGTCAGTGATC
143	e16_s1_AAGATAGTCCCGTTCA
144	e16_s1_AAGCATCAGACATCAA
145	e16_s1_AAGCATCAGGATACGC
146	e16_s1_AAGCATCCAGCTATAC
147	e16_s1_AAGCATCGTCCGAAGA
148	e16_s1_AAGCATCGTGAATGAT
149	e16_s1_AAGCATCGTTCTCTCG
150	e16_s1_AAGCATCTCCCTGTTG
151	e16_s1_AAGCATCTCCGCCTAT
152	e16_s1_AAGCATCTCTAGTTCT
153	e16_s1_AAGCCATAGATTAGCA
154	e16_s1_AAGCCATAGCAACAAT
155	e16_s1_AAGCCATAGCGGCTCT
156	e16_s1_AAGCCATTCTCGAACA
157	e16_s1_AAGCGAGAGAGTCGAC
158	e16_s1_AAGCGAGCACGGTAGA
159	e16_s1_AAGCGAGTCCAGCTCT
160	e16_s1_AAGCGAGTCGCCTAGG
161	e16_s1_AAGCGTTAGCATCCTA
162	e16_s1_AAGCGTTAGTGATAAC
163	e16_s1_AAGCGTTGTCGCGTCA
164	e16_s1_AAGCGTTTCACTGCTC
165	e16_s1_AAGCGTTTCATACGGT
166	e16_s1_AAGCGTTTCTCTGCCA
167	e16_s1_AAGGAATAGATGTTAG
168	e16_s1_AAGGAATAGCTAGATA
169	e16_s1_AAGGTAAAGGCCTAGA
170	e16_s1_AAGGTAACATCTTCGC
171	e16_s1_AAGGTAATCGTCGCTT
172	e16_s1_AAGTACCCATCATCCC
173	e16_s1_AAGTACCGTTACGATC
174	e16_s1_AAGTACCGTTTCGTTT
175	e16_s1_AAGTACCTCCGATGCG
176	e16_s1_AAGTCGTAGAGCAACC
177	e16_s1_AAGTCGTGTCCATCTC
178	e16_s1_AAGTCGTTCATTCACT
179	e16_s1_AAGTCGTTCCATTCAT
180	e16_s1_AAGTCGTTCCGGCAAC
181	e16_s1_AAGTCGTTCTGCTGAA
182	e16_s1_AAGTGAATCTAGTTCT
183	e16_s1_AAGTGAATCTCTCGCA
184	e16_s1_AAGTTCGAGGACCCAA
185	e16_s1_AAGTTCGCACGACAAG
186	e16_s1_AATAGAGAGGTCATTC
187	e16_s1_AATAGAGTCCGCGATG
188	e16_s1_AATCACGCAAGTATCC
189	e16_s1_AATCACGCAATAGAGT
190	e16_s1_AATCACGCACCAGTAT
191	e16_s1_AATCACGCACCCTCTA
192	e16_s1_AATCACGCAGGTTTAC
193	e16_s1_AATCACGTCACCATAG
194	e16_s1_AATCACGTCAGCGGAA
195	e16_s1_AATCACGTCTAACGCA
196	e16_s1_AATCGACAGTCATGGG
197	e16_s1_AATCGACCAAGATCCT
198	e16_s1_AATCGACCATCCAATG
199	e16_s1_AATCGACGTAATGTGA
200	e16_s1_AATCGACTCCAGTGTA
201	e16_s1_AATCGTGAGTATGCAA
202	e16_s1_AATCGTGGTGCCTGCA
203	e16_s1_AATGAAGAGGAAGTAG
204	e16_s1_AATGAAGTCAGTGATC
205	e16_s1_AATGAAGTCGGTCACG
206	e16_s1_AATGACCAGTCATGAA
207	e16_s1_AATGACCCACCTCTAC
208	e16_s1_AATGACCCAGCTTCCT
209	e16_s1_AATGACCGTAACCCTA
210	e16_s1_AATGACCTCGGCTATA
211	e16_s1_AATGCCAAGCAGCACA
212	e16_s1_AATGCCAAGTGATGGC
213	e16_s1_AATGCCACATGTGGTT
214	e16_s1_AATGCCAGTTGCGGCT
215	e16_s1_AATGGAAAGCGAACTG
216	e16_s1_AATGGAAGTTCTGACA
217	e16_s1_AATGGAATCTGCCTCA
218	e16_s1_AATGGCTCAAGATGTA
219	e16_s1_AATGGCTTCGACCACG
220	e16_s1_AATTCCTAGACTCGAG
221	e16_s1_AATTCCTAGTTCGCAT
222	e16_s1_AATTCCTCACAGCTTA
223	e16_s1_AATTCCTCACCGTACG
224	e16_s1_AATTCCTCAGCTATTG
225	e16_s1_AATTCCTTCAGTCTTT
226	e16_s1_AATTTCCAGCTCGAAG
227	e16_s1_AATTTCCAGCTGAAAT
228	e16_s1_AATTTCCAGTAACCTC
229	e16_s1_AATTTCCCAAACCGGA
230	e16_s1_AATTTCCCAAGTCCAT
231	e16_s1_AATTTCCCACCAGTTA
232	e16_s1_AATTTCCCACTATCCC
233	e16_s1_AATTTCCGTCGTCATA
234	e16_s1_AATTTCCGTGGTTCTA
235	e16_s1_AATTTCCGTGTTAGCT
236	e16_s1_AATTTCCTCAGCAGAG
237	e16_s1_ACAAAGACAAAGTATG
238	e16_s1_ACAAAGACAACCGACC
239	e16_s1_ACAAAGACATCGAACT
240	e16_s1_ACAAAGATCTATTTCG
241	e16_s1_ACAACCAAGGCTCAAG
242	e16_s1_ACAACCACACCTATCC
243	e16_s1_ACAACCACATATAGCC
244	e16_s1_ACAACCAGTACGAAAT
245	e16_s1_ACAACCAGTGAACGGT
246	e16_s1_ACAACCATCCGCAAAT
247	e16_s1_ACAAGCTCAAGAGGCT
248	e16_s1_ACAAGCTGTTATCTTC
249	e16_s1_ACACAGTAGCTAGCCC
250	e16_s1_ACACAGTAGTCGCTAT
251	e16_s1_ACACAGTAGTGTACCT
252	e16_s1_ACACAGTCAACAGCCC
253	e16_s1_ACACAGTCACTCTAGA
254	e16_s1_ACACAGTGTGATTAGA
255	e16_s1_ACACAGTGTTGCATAC
256	e16_s1_ACACAGTTCAAACGAA
257	e16_s1_ACACAGTTCACGATAC
258	e16_s1_ACACAGTTCATCGTAG
259	e16_s1_ACACAGTTCCGTGGTG
260	e16_s1_ACACCAAAGACGTCCC
261	e16_s1_ACACCAAAGTCCTACA
262	e16_s1_ACACCAACACAGTCCG
263	e16_s1_ACACCAACACTCCTTG
264	e16_s1_ACACCAACAGCAGAAC
265	e16_s1_ACACCAATCAACCTCC
266	e16_s1_ACACCAATCTAACGCA
267	e16_s1_ACACGCGAGTATGACA
268	e16_s1_ACACGCGCATAAGCGG
269	e16_s1_ACACGCGGTCGTGATT
270	e16_s1_ACACTGAAGATGACCG
271	e16_s1_ACACTGACACCAAAGG
272	e16_s1_ACACTGACATAGGAGC
273	e16_s1_ACAGAAAAGTCGCTAT
274	e16_s1_ACAGAAACACTACCCT
275	e16_s1_ACAGAAACATGCCGGT
276	e16_s1_ACAGAAATCACGATAC
277	e16_s1_ACAGAAATCTTCGATT
278	e16_s1_ACAGCCGCAATTCTCT
279	e16_s1_ACAGCCGCACGCGCAT
280	e16_s1_ACAGCCGCATAATGCC
281	e16_s1_ACAGCCGCATGTCTAG
282	e16_s1_ACAGCCGTCGATTGAC
283	e16_s1_ACAGGGACACGACTAT
284	e16_s1_ACAGGGACAGATAAAC
285	e16_s1_ACAGGGACAGGACTTT
286	e16_s1_ACAGGGACATGAATAG
287	e16_s1_ACAGGGATCTAAACGC
288	e16_s1_ACATCCCAGCCATTTG
289	e16_s1_ACATCCCAGGTTTGAA
290	e16_s1_ACATCCCAGTAACCGG
291	e16_s1_ACATCCCCATCCTTCG
292	e16_s1_ACATCCCGTCTCCTGT
293	e16_s1_ACATCCCTCCATCGTC
294	e16_s1_ACATCCCTCCTAAGTG
295	e16_s1_ACATCGACAATGAAAC
296	e16_s1_ACATCGACAGGGAGAG
297	e16_s1_ACATCGAGTCCTCAGG
298	e16_s1_ACATCGAGTCTTGGTA
299	e16_s1_ACATCGATCCCTCAAC
300	e16_s1_ACATGCAAGAGAGCAA
301	e16_s1_ACATGCAAGCCACTCG
302	e16_s1_ACATGCAGTATCAGCT
303	e16_s1_ACATGCAGTCATACCA
304	e16_s1_ACATGCAGTCTTGCGG
305	e16_s1_ACATGCAGTTAATGAG
306	e16_s1_ACATGCATCATTGTTC
307	e16_s1_ACATTTCAGGCTCTAT
308	e16_s1_ACATTTCAGGTGCTTT
309	e16_s1_ACATTTCCAGCGAGTA
310	e16_s1_ACATTTCGTCCAGCAC
311	e16_s1_ACATTTCTCCTCAGAA
312	e16_s1_ACATTTCTCTTAATCC
313	e16_s1_ACCAAACAGCACAAAT
314	e16_s1_ACCAAACAGCCTATTG
315	e16_s1_ACCAAACAGCGACTAG
316	e16_s1_ACCAAACAGGCCTGAA
317	e16_s1_ACCAAACGTACCACGC
318	e16_s1_ACCAAACGTCTACATG
319	e16_s1_ACCAAACGTGACCGAA
320	e16_s1_ACCAAACTCCAGTGCG
321	e16_s1_ACCAAACTCCTAAACG
322	e16_s1_ACCAAACTCGAGCTGC
323	e16_s1_ACCAACAAGTCCTGCG
324	e16_s1_ACCAACACAACATACC
325	e16_s1_ACCAACACACAAAGTA
326	e16_s1_ACCAACACACGCTGCA
327	e16_s1_ACCAACAGTAGTGTGG
328	e16_s1_ACCAACAGTATCCTCC
329	e16_s1_ACCAACAGTCAACCTA
330	e16_s1_ACCAACAGTGGACCAA
331	e16_s1_ACCAACATCGGTAAGG
332	e16_s1_ACCACAAAGCCTAACT
333	e16_s1_ACCACAAAGTGCACCC
334	e16_s1_ACCACAAGTTCCACAA
335	e16_s1_ACCACAATCCTCACCA
336	e16_s1_ACCACAATCGATTGAC
337	e16_s1_ACCATTTAGCACACCC
338	e16_s1_ACCATTTCACTGCTTC
339	e16_s1_ACCATTTGTATCTCTT
340	e16_s1_ACCATTTTCACCTTAT
341	e16_s1_ACCCAAAAGACCGCCT
342	e16_s1_ACCCAAACAGACGCTC
343	e16_s1_ACCCAAAGTCAGGCAA
344	e16_s1_ACCCAAAGTCGTCATA
345	e16_s1_ACCCAAATCCTTATCA
346	e16_s1_ACCCTCAAGAAACTCA
347	e16_s1_ACCCTCAAGCCTCAGC
348	e16_s1_ACCCTCACAGGAACCA
349	e16_s1_ACCCTCACAGTGTATC
350	e16_s1_ACCCTCACATGCAGCC
351	e16_s1_ACCCTCAGTGATAGAT
352	e16_s1_ACCCTCAGTGTTCATG
353	e16_s1_ACCCTCAGTTAGGACG
354	e16_s1_ACCCTCAGTTGTTTGG
355	e16_s1_ACCCTCATCTTCTTCC
356	e16_s1_ACCCTTGAGTAACCGG
357	e16_s1_ACCCTTGCAGCTGCCA
358	e16_s1_ACCCTTGCATACACCA
359	e16_s1_ACCCTTGCATCCCGTT
360	e16_s1_ACCCTTGGTCCAGCCA
361	e16_s1_ACCCTTGGTCTTTCTA
362	e16_s1_ACCCTTGGTTCTCGCT
363	e16_s1_ACCCTTGTCCCTAGGG
364	e16_s1_ACCGTTCAGTTGGAAT
365	e16_s1_ACCGTTCCATCCAATG
366	e16_s1_ACCGTTCGTCTAGTGT
367	e16_s1_ACCGTTCGTGGCAACA
368	e16_s1_ACCGTTCTCCGGCAGT
369	e16_s1_ACCTACCAGAGGGTCT
370	e16_s1_ACCTACCAGTTGCCTA
371	e16_s1_ACCTACCCAAATCGTC
372	e16_s1_ACCTACCCAATATCCG
373	e16_s1_ACCTACCCACGGGCTT
374	e16_s1_ACCTACCCAGGTCCGT
375	e16_s1_ACCTACCCAGTCCGTG
376	e16_s1_ACCTACCGTACTGGGA
377	e16_s1_ACCTACCGTAGTGCGA
378	e16_s1_ACCTACCGTATCCCTC
379	e16_s1_ACCTACCGTATGGTAA
380	e16_s1_ACCTACCGTCTTAGTG
381	e16_s1_ACCTACCTCCCTTCCC
382	e16_s1_ACCTACCTCGGCCAAC
383	e16_s1_ACCTGAAGTCACCCTT
384	e16_s1_ACCTGAAGTTAAACCC
385	e16_s1_ACCTGAAGTTAGCTAC
386	e16_s1_ACCTGAAGTTCTAACG
387	e16_s1_ACCTGAATCATCTACT
388	e16_s1_ACCTGAATCCGCGAGT
389	e16_s1_ACCTGAATCGAGTGAG
390	e16_s1_ACCTGAATCTCCTGCA
391	e16_s1_ACCTGTCAGACCAAAT
392	e16_s1_ACCTGTCCAAATGGTA
393	e16_s1_ACCTGTCCAGACATCT
394	e16_s1_ACCTGTCCATCCGTGG
395	e16_s1_ACCTGTCGTTCGGGTC
396	e16_s1_ACCTGTCTCCATGATG
397	e16_s1_ACGATCAAGATACCAA
398	e16_s1_ACGATCACACTAACCA
399	e16_s1_ACGATCACAGACGATG
400	e16_s1_ACGATCATCACATTGG
401	e16_s1_ACGATCATCTCTGGTC
402	e16_s1_ACGATGTGTAGAATGT
403	e16_s1_ACGATGTTCGCTAATG
404	e16_s1_ACGATGTTCGTTTACT
405	e16_s1_ACGATGTTCTACTTCA
406	e16_s1_ACGCACGAGCTGAAAT
407	e16_s1_ACGCACGCACCCAACG
408	e16_s1_ACGCACGCAGCTTTCC
409	e16_s1_ACGCACGCATAGAAAC
410	e16_s1_ACGCACGGTATCTTCT
411	e16_s1_ACGCACGGTCGCTTGG
412	e16_s1_ACGCACGGTGGCTCTG
413	e16_s1_ACGCACGTCAGTCATG
414	e16_s1_ACGCACGTCTTAGCCC
415	e16_s1_ACGGAAGGTAACATGA
416	e16_s1_ACGGGTCAGAGTCTGG
417	e16_s1_ACGGGTCAGCTGAAAT
418	e16_s1_ACGGGTCAGGTGGCTA
419	e16_s1_ACGGGTCCACTGCTTC
420	e16_s1_ACGGGTCCATCAGTCA
421	e16_s1_ACGGGTCGTCCCTAAA
422	e16_s1_ACGGTTAAGCGACCCT
423	e16_s1_ACGGTTACATTGCTGA
424	e16_s1_ACGGTTAGTGTCTTGA
425	e16_s1_ACGGTTAGTTACTCAG
426	e16_s1_ACGGTTATCACTGAAC
427	e16_s1_ACGTAACCACTGAATC
428	e16_s1_ACGTAACGTAATGTGA
429	e16_s1_ACGTAACGTTCTTGCC
430	e16_s1_ACGTAACGTTCTTGTT
431	e16_s1_ACGTAACGTTTAGACC
432	e16_s1_ACGTAACTCCCGTTCA
433	e16_s1_ACGTAACTCTCGAGTA
434	e16_s1_ACGTACAAGGGAGAAT
435	e16_s1_ACGTACACATCTGGGC
436	e16_s1_ACGTACAGTACCCGCA
437	e16_s1_ACGTACATCCCGTTCA
438	e16_s1_ACGTACATCTTACCAT
439	e16_s1_ACGTAGTCACCAGACC
440	e16_s1_ACGTAGTCAGGTCCGT
441	e16_s1_ACGTAGTGTCGAAACG
442	e16_s1_ACGTAGTTCACAACCA
443	e16_s1_ACGTAGTTCCCTTCCC
444	e16_s1_ACGTAGTTCTCCACTG
445	e16_s1_ACGTCCTAGCAGTAAT
446	e16_s1_ACGTCCTTCGAACGCC
447	e16_s1_ACGTTCCAGAGAATCT
448	e16_s1_ACGTTCCCAAAGAACT
449	e16_s1_ACGTTCCCACCGTCGA
450	e16_s1_ACGTTCCGTCCAGGTC
451	e16_s1_ACTACGAAGGCCTTGC
452	e16_s1_ACTACGAAGTTACGTC
453	e16_s1_ACTACGACATGGAATA
454	e16_s1_ACTACGATCATTGCTT
455	e16_s1_ACTACGATCCTACCGT
456	e16_s1_ACTATCTAGGCGACAT
457	e16_s1_ACTATCTGTACCTATG
458	e16_s1_ACTATCTGTAGCTCGC
459	e16_s1_ACTATCTTCTTCGTAT
460	e16_s1_ACTATGGGTCGACTTA
461	e16_s1_ACTATGGTCGCTGTCT
462	e16_s1_ACTATGGTCTATTCGT
463	e16_s1_ACTATTCAGCTAATCC
464	e16_s1_ACTATTCTCAATCTTC
465	e16_s1_ACTATTCTCCGGCAAC
466	e16_s1_ACTATTCTCCGGTAGC
467	e16_s1_ACTATTCTCCGTCCTA
468	e16_s1_ACTATTCTCCTTCAGC
469	e16_s1_ACTCCCAAGCAAATGT
470	e16_s1_ACTCCCAAGCCTTTGA
471	e16_s1_ACTCCCAAGTCCCAGC
472	e16_s1_ACTCCCACACTCAGAT
473	e16_s1_ACTCCCACAGCACAGA
474	e16_s1_ACTCCCACATCGAACT
475	e16_s1_ACTCCCATCAACCTTT
476	e16_s1_ACTCCCATCGCAATTG
477	e16_s1_ACTCTCGAGCTAGCCC
478	e16_s1_ACTCTCGTCAGTCACA
479	e16_s1_ACTGATGCATACTTTC
480	e16_s1_ACTGATGCATTGCTGA
481	e16_s1_ACTGATGGTCACTACA
482	e16_s1_ACTGATGGTCCATCTC
483	e16_s1_ACTGATGGTTGCCGAC
484	e16_s1_ACTGCAAAGACATACA
485	e16_s1_ACTGCAAAGGTTACCT
486	e16_s1_ACTGCAACAGAACGCA
487	e16_s1_ACTGCAACAGTGTGGA
488	e16_s1_ACTGCAAGTAGACAAT
489	e16_s1_ACTGCAATCTAGACAC
490	e16_s1_ACTGTCCAGTCACTCA
491	e16_s1_ACTGTCCCAAATCAGA
492	e16_s1_ACTGTCCCATGGGATG
493	e16_s1_ACTGTCCGTATTGAGA
494	e16_s1_ACTGTCCTCGGACGTC
495	e16_s1_ACTGTCCTCGGTAAGG
496	e16_s1_ACTGTCCTCTCACCCA
497	e16_s1_ACTGTCCTCTCCTACG
498	e16_s1_ACTGTGACAAATACAG
499	e16_s1_ACTGTGACAAATGAAC
500	e16_s1_ACTGTGACAACCTAAC
501	e16_s1_ACTGTGACACACCTAA
502	e16_s1_ACTGTGATCTAGCCTC
503	e16_s1_ACTTAGGCATTCTCTA
504	e16_s1_ACTTAGGGTAACGTTC
505	e16_s1_ACTTAGGGTAGACGGT
506	e16_s1_ACTTAGGGTTGGGTTT
507	e16_s1_ACTTAGGTCACACCGG
508	e16_s1_ACTTATCCAGTTACCA
509	e16_s1_ACTTATCTCACCCTGT
510	e16_s1_ACTTATCTCGAATGCT
511	e16_s1_ACTTATCTCGCTGTCT
512	e16_s1_ACTTATCTCGGAATTC
513	e16_s1_ACTTCCGAGACCAAGC
514	e16_s1_ACTTCCGAGATTGACA
515	e16_s1_ACTTCCGAGCCATGCC
516	e16_s1_ACTTCCGCATGATCTG
517	e16_s1_ACTTCCGTCTCCCATG
518	e16_s1_ACTTCGCAGGACATCG
519	e16_s1_ACTTCGCGTTCTGACA
520	e16_s1_ACTTCGCTCCATCAGA
521	e16_s1_ACTTCGCTCCTTGACC
522	e16_s1_ACTTTCAAGCGTTCAT
523	e16_s1_ACTTTCAAGCTGCCAC
524	e16_s1_ACTTTCAAGCTTCATG
525	e16_s1_ACTTTCACAGCGACAA
526	e16_s1_ACTTTCACAGCGCTTG
527	e16_s1_ACTTTCAGTCCCTAAA
528	e16_s1_ACTTTCAGTCTAACTG
529	e16_s1_ACTTTCAGTGTAGTGG
530	e16_s1_ACTTTCAGTGTCCATA
531	e16_s1_ACTTTCATCAATCAGC
532	e16_s1_ACTTTCATCCACCTGT
533	e16_s1_ACTTTGTAGCCACTCG
534	e16_s1_ACTTTGTCACTTGTGA
535	e16_s1_ACTTTGTGTCAGTCCG
536	e16_s1_ACTTTGTTCCATTTAC
537	e16_s1_ACTTTGTTCTCGACGG
538	e16_s1_ACTTTGTTCTTTCCGG
539	e16_s1_AGAAATGAGATAGTCA
540	e16_s1_AGAAATGTCCCTCTCC
541	e16_s1_AGAACAACAATTTCGG
542	e16_s1_AGAACAACACGCTATA
543	e16_s1_AGAACAACAGCTGAAG
544	e16_s1_AGAACAACAGGTGACA
545	e16_s1_AGAACCTCAATCAGCT
546	e16_s1_AGAACCTGTCCCACGA
547	e16_s1_AGAACCTGTTCTCCCA
548	e16_s1_AGAACCTTCATTCATC
549	e16_s1_AGAAGCGCACCAGCCA
550	e16_s1_AGAAGCGGTTTACGTG
551	e16_s1_AGAAGCGTCAATCCAG
552	e16_s1_AGAAGCGTCTCCACTG
553	e16_s1_AGAAGTACAGAGGCTA
554	e16_s1_AGAAGTACATGTGGTT
555	e16_s1_AGAAGTATCACTGCTC
556	e16_s1_AGAAGTATCAGGGTAG
557	e16_s1_AGAAGTATCGAGCACC
558	e16_s1_AGACAAAAGTACAACA
559	e16_s1_AGACAAACAACGGCCT
560	e16_s1_AGACAAACAATTCTTC
561	e16_s1_AGACAAACACCTGAAT
562	e16_s1_AGACAAACAGGACGAT
563	e16_s1_AGACAAAGTGGAGAAA
564	e16_s1_AGACAAATCAACCTTT
565	e16_s1_AGACAAATCGCGTCGA
566	e16_s1_AGACAAATCTCAACGA
567	e16_s1_AGACACTCAGACCCGT
568	e16_s1_AGACACTGTAATCAAG
569	e16_s1_AGACACTTCGTTCGCT
570	e16_s1_AGACAGGTCAAACTGC
571	e16_s1_AGACCATAGCACTGGA
572	e16_s1_AGACCATAGCTCACTA
573	e16_s1_AGACCATCAAACGGCA
574	e16_s1_AGACCATCAGCGGATA
575	e16_s1_AGACCATCAGGAACCA
576	e16_s1_AGACCATCATCGATAC
577	e16_s1_AGACCATTCGTCCTCA
578	e16_s1_AGACCCGAGTGTAGTA
579	e16_s1_AGACCCGCAGTATGAA
580	e16_s1_AGACCCGCATAACCCA
581	e16_s1_AGACCCGCATGGCCCA
582	e16_s1_AGACCCGGTCATGCAT
583	e16_s1_AGACCCGTCAGCTGTA
584	e16_s1_AGACCCGTCCTTCACG
585	e16_s1_AGACTCAAGCCTTGAT
586	e16_s1_AGACTCAAGTATCCTG
587	e16_s1_AGACTCAAGTCATTGC
588	e16_s1_AGACTCAAGTGCTCAT
589	e16_s1_AGACTCAAGTTCAACC
590	e16_s1_AGACTCACACACTGGC
591	e16_s1_AGACTCACACATCATG
592	e16_s1_AGACTCACATTCAGCA
593	e16_s1_AGACTCAGTAGGCAAC
594	e16_s1_AGACTCATCATTCTTG
595	e16_s1_AGACTCATCCATCCGT
596	e16_s1_AGACTCATCGCTCATC
597	e16_s1_AGACTCATCTTCCACG
598	e16_s1_AGAGAATAGATGGCGT
599	e16_s1_AGAGAATCAACTGCTA
600	e16_s1_AGAGAATCAATCTCTT
601	e16_s1_AGAGAGCCATACACCA
602	e16_s1_AGAGCAGCATGGGAAC
603	e16_s1_AGAGCAGGTTTGAACC
604	e16_s1_AGAGCCCAGACTTCAC
605	e16_s1_AGAGCCCAGTCTGCGC
606	e16_s1_AGAGCCCCAGCTGTAT
607	e16_s1_AGAGCCCGTCAAGCGA
608	e16_s1_AGAGCCCTCAACCTCC
609	e16_s1_AGAGCCCTCTTACTGT
610	e16_s1_AGATAGAAGACCGCCT
611	e16_s1_AGATAGACAATGTCAC
612	e16_s1_AGATAGACAGACAAAT
613	e16_s1_AGATAGACATACTTTC
614	e16_s1_AGATAGATCTCATGGA
615	e16_s1_AGATCCAAGGGCTTCC
616	e16_s1_AGATCCAAGTGTTGAA
617	e16_s1_AGATCCACACGACGTC
618	e16_s1_AGATCCACACTTTAGG
619	e16_s1_AGATCCAGTCTGCCTT
620	e16_s1_AGATCCAGTTTACTTC
621	e16_s1_AGATCCATCGATCCCT
622	e16_s1_AGATCCATCGTTCCTG
623	e16_s1_AGATCCATCTTCCAGC
624	e16_s1_AGATCGTCATCACGGC
625	e16_s1_AGATCGTTCCTTCTGG
626	e16_s1_AGATCGTTCTCATTTG
627	e16_s1_AGATGAACACTCTGCT
628	e16_s1_AGATGAAGTCAGCGTC
629	e16_s1_AGATGAATCTCAGAAC
630	e16_s1_AGATGCTGTACGCTTA
631	e16_s1_AGATGCTGTTTGCCGG
632	e16_s1_AGATGCTTCTCGACGG
633	e16_s1_AGCATCACACTTGAGT
634	e16_s1_AGCATCATCTGTACAG
635	e16_s1_AGCATCATCTTTCGAT
636	e16_s1_AGCCAATAGCCGATTT
637	e16_s1_AGCCAATCAGTGGCTC
638	e16_s1_AGCCAATCATATACCG
639	e16_s1_AGCCAATGTTAGGGTG
640	e16_s1_AGCCAATTCAACACCA
641	e16_s1_AGCCACGAGGCCCACT
642	e16_s1_AGCCACGAGTCGAAGC
643	e16_s1_AGCCACGGTCACTCTC
644	e16_s1_AGCCACGGTGGCACTC
645	e16_s1_AGCCACGGTGTTGAGG
646	e16_s1_AGCCACGGTTCTCTAT
647	e16_s1_AGCCACGTCCGTCAAA
648	e16_s1_AGCCAGCAGCACTCAT
649	e16_s1_AGCCAGCAGCGTCAGA
650	e16_s1_AGCCAGCAGTAAACAC
651	e16_s1_AGCGATTCAAATAAGC
652	e16_s1_AGCGATTCAGGTTCGC
653	e16_s1_AGCGATTTCCGCACGA
654	e16_s1_AGCGATTTCGCCGTGA
655	e16_s1_AGCGCCACAACACAGG
656	e16_s1_AGCGCCACACCAACAT
657	e16_s1_AGCGCCACAGCTACAT
658	e16_s1_AGCGCCACATCCTGTC
659	e16_s1_AGCGCCAGTGCATGTT
660	e16_s1_AGCGCCATCACCTGTC
661	e16_s1_AGCGCCATCAGCTGAT
662	e16_s1_AGCGCCATCCTCAGGG
663	e16_s1_AGCGCCATCCTTTGAT
664	e16_s1_AGCGCTGCATAACTCG
665	e16_s1_AGCGTATGTCATTCCC
666	e16_s1_AGCGTATTCACGATAC
667	e16_s1_AGCGTATTCTCATGGA
668	e16_s1_AGCGTCGCATCTCGTC
669	e16_s1_AGCTACAAGGAATCGC
670	e16_s1_AGCTACACATGACCCG
671	e16_s1_AGCTACAGTATTCCGA
672	e16_s1_AGCTACAGTGCTGATT
673	e16_s1_AGCTCAAAGCACTCCG
674	e16_s1_AGCTCAAAGGACTGGT
675	e16_s1_AGCTCAACAACCAACT
676	e16_s1_AGCTCAACACACGTGC
677	e16_s1_AGCTCAACACGCGGTT
678	e16_s1_AGCTCAACACTGCGTG
679	e16_s1_AGCTCAACAGTTAAAG
680	e16_s1_AGCTCAAGTCAACCAT
681	e16_s1_AGCTCAAGTTTGGGAG
682	e16_s1_AGCTCAATCCAAGCAT
683	e16_s1_AGCTTCCAGCGTTCAT
684	e16_s1_AGCTTCCAGTGGGAAA
685	e16_s1_AGCTTCCCAGGGAATC
686	e16_s1_AGCTTCCCATCCGTGG
687	e16_s1_AGCTTCCTCTCCCAAC
688	e16_s1_AGCTTCCTCTCGACGG
689	e16_s1_AGGAAATAGCTGTTCA
690	e16_s1_AGGAAATTCAGCGGAA
691	e16_s1_AGGAAATTCCCTCTTT
692	e16_s1_AGGAATAAGAATACAC
693	e16_s1_AGGAATAAGCTGCGAA
694	e16_s1_AGGAATAAGGCGATAC
695	e16_s1_AGGAATAAGTCGTCTA
696	e16_s1_AGGAATACAATAAGGT
697	e16_s1_AGGAATACACCCTCTA
698	e16_s1_AGGACGACACAAGCCC
699	e16_s1_AGGACTTCAACCGGAA
700	e16_s1_AGGACTTCAGGCTCTG
701	e16_s1_AGGACTTGTATGGTAA
702	e16_s1_AGGACTTGTTTACTTC
703	e16_s1_AGGACTTTCGACCCAG
704	e16_s1_AGGACTTTCGGCCTTT
705	e16_s1_AGGAGGTCACATCCCT
706	e16_s1_AGGAGGTCACGCTTAA
707	e16_s1_AGGAGGTCACTGCTTC
708	e16_s1_AGGAGGTGTCGAGATG
709	e16_s1_AGGAGGTGTGGCTGCT
710	e16_s1_AGGAGGTTCCTATTGT
711	e16_s1_AGGATAACACGGGTAA
712	e16_s1_AGGATAACATCTTCGC
713	e16_s1_AGGATAAGTAGGTTTC
714	e16_s1_AGGATAATCGTTTACT
715	e16_s1_AGGATCTAGGGATGTC
716	e16_s1_AGGATCTGTGATACAA
717	e16_s1_AGGATCTTCATGAGTC
718	e16_s1_AGGATCTTCTGTCAGA
719	e16_s1_AGGCATTCACGCTATA
720	e16_s1_AGGCATTGTACTGCCG
721	e16_s1_AGGCATTGTCACCCTT
722	e16_s1_AGGCATTGTGCAAGAC
723	e16_s1_AGGCATTTCCCGAGTG
724	e16_s1_AGGCATTTCGAGGCAA
725	e16_s1_AGGCCACAGAACTGAT
726	e16_s1_AGGCCACAGGGCAAGG
727	e16_s1_AGGCCACCACTTACAG
728	e16_s1_AGGCCACTCAAGTGTC
729	e16_s1_AGGCCACTCAGTCACA
730	e16_s1_AGGCCACTCATTATCC
731	e16_s1_AGGCCACTCTCACGAA
732	e16_s1_AGGCTGCAGACATCAA
733	e16_s1_AGGCTGCCAACACTAC
734	e16_s1_AGGCTGCGTCAAAGAT
735	e16_s1_AGGCTGCTCTTCTTCC
736	e16_s1_AGGGAGTAGAGTGAAG
737	e16_s1_AGGGAGTCAAAGAGTT
738	e16_s1_AGGGAGTCACGGTGCT
739	e16_s1_AGGGAGTGTGGCACTC
740	e16_s1_AGGGCCTGTGCCCTTT
741	e16_s1_AGGGCTCAGACGCCCT
742	e16_s1_AGGGCTCCACGACGCT
743	e16_s1_AGGGCTCCACTTTATC
744	e16_s1_AGGGCTCCAGAGTCAG
745	e16_s1_AGGGCTCCAGGAGGTT
746	e16_s1_AGGGCTCTCTGATGGT
747	e16_s1_AGGGTCCGTAGACACG
748	e16_s1_AGGGTCCTCCACGTAA
749	e16_s1_AGGGTCCTCTGAGCAT
750	e16_s1_AGGGTGAAGAGATGCC
751	e16_s1_AGGGTGAAGAGTCAAT
752	e16_s1_AGGGTGACAGCTAACT
753	e16_s1_AGGGTGACATCAGCTA
754	e16_s1_AGGGTGACATCGGAGA
755	e16_s1_AGGGTGATCCCTCAAC
756	e16_s1_AGGGTGATCTAGTGTG
757	e16_s1_AGGGTGATCTTAAGGC
758	e16_s1_AGGGTTTAGGATGCGT
759	e16_s1_AGGGTTTGTACTTGTG
760	e16_s1_AGGGTTTGTAGAGTTA
761	e16_s1_AGGTAGGAGGTAACTA
762	e16_s1_AGGTAGGCAAAGTATG
763	e16_s1_AGGTAGGGTTCAGGTT
764	e16_s1_AGGTAGGGTTGTGGCC
765	e16_s1_AGGTCATAGGACAGCT
766	e16_s1_AGGTCATGTTAGAAGT
767	e16_s1_AGGTCATTCAGGAGAC
768	e16_s1_AGGTCATTCTGAACGT
769	e16_s1_AGGTCTAAGATCCGAG
770	e16_s1_AGGTCTAAGGTCCCGT
771	e16_s1_AGGTCTAAGGTGCAGT
772	e16_s1_AGGTCTACATCGGAGA
773	e16_s1_AGGTCTATCCGAACGC
774	e16_s1_AGGTGTTCATACTGTG
775	e16_s1_AGGTGTTTCAGCTCTC
776	e16_s1_AGGTTACCATAACGGG
777	e16_s1_AGGTTACGTTGAAGTA
778	e16_s1_AGGTTACTCATTCATC
779	e16_s1_AGGTTACTCCCGTAAA
780	e16_s1_AGGTTGTAGACACACG
781	e16_s1_AGGTTGTCATGTGGCC
782	e16_s1_AGGTTGTTCAGACCGC
783	e16_s1_AGTAACCAGAACTTCC
784	e16_s1_AGTAACCAGAGGTCGT
785	e16_s1_AGTAACCCACAAGTGG
786	e16_s1_AGTACCAAGACTTCAC
787	e16_s1_AGTACCAAGGTTCAGG
788	e16_s1_AGTACCACAAACGTGG
789	e16_s1_AGTACCACACTCTAGA
790	e16_s1_AGTACCACATATGAAG
791	e16_s1_AGTACCATCGAGCCAC
792	e16_s1_AGTACCATCGCATAGT
793	e16_s1_AGTACTGAGACAAGCC
794	e16_s1_AGTACTGAGATCGCTT
795	e16_s1_AGTACTGCAGTAGTTC
796	e16_s1_AGTACTGGTCACGACC
797	e16_s1_AGTACTGGTCGAGTGA
798	e16_s1_AGTACTGGTGTCCCTT
799	e16_s1_AGTACTGTCACAGTGT
800	e16_s1_AGTACTGTCGTTCAGA
801	e16_s1_AGTAGCTCAACTTCTT
802	e16_s1_AGTAGCTTCACACCGG
803	e16_s1_AGTAGCTTCCGATAGT
804	e16_s1_AGTAGCTTCCTTCAGC
805	e16_s1_AGTAGCTTCTCGCTCA
806	e16_s1_AGTAGTCCAGATACCT
807	e16_s1_AGTAGTCGTCTACGTA
808	e16_s1_AGTAGTCTCCGTCCTA
809	e16_s1_AGTCAACAGACTGTTC
810	e16_s1_AGTCAACAGAGAGTGA
811	e16_s1_AGTCAACCAATGTTGC
812	e16_s1_AGTCAACGTTAAGTCC
813	e16_s1_AGTCAACGTTGACGGA
814	e16_s1_AGTCAACTCCGTGACG
815	e16_s1_AGTCAACTCCGTGTGG
816	e16_s1_AGTCACACAACCTAAC
817	e16_s1_AGTCACACAAGCGCAA
818	e16_s1_AGTCACACAGGACATG
819	e16_s1_AGTCACAGTCTGATCA
820	e16_s1_AGTCACATCCGGACTG
821	e16_s1_AGTCATGGTACACTCA
822	e16_s1_AGTCATGGTCGCACAC
823	e16_s1_AGTCATGTCTGCACCT
824	e16_s1_AGTCTCCCACTGTGAT
825	e16_s1_AGTCTCCGTAGATGTA
826	e16_s1_AGTCTCCGTGGACCTC
827	e16_s1_AGTCTCCTCGTGCGAC
828	e16_s1_AGTGACTAGCCTTCTC
829	e16_s1_AGTGACTCACCACATA
830	e16_s1_AGTGACTTCCTCCACA
831	e16_s1_AGTGACTTCTCCCAAC
832	e16_s1_AGTGATCAGTATCCTG
833	e16_s1_AGTGATCAGTTCCGGC
834	e16_s1_AGTGATCCAACAAGAT
835	e16_s1_AGTGATCCACCCTTGT
836	e16_s1_AGTGATCTCCACCTCA
837	e16_s1_AGTGATCTCTTACGTT
838	e16_s1_AGTGCCGCAACGTTAC
839	e16_s1_AGTGCCGCATACCGTA
840	e16_s1_AGTGCCGTCGCCTCTA
841	e16_s1_AGTGCCGTCGCTGATA
842	e16_s1_AGTGCCGTCTAGACCA
843	e16_s1_AGTGTTGCACTTTATC
844	e16_s1_AGTGTTGGTGAGACCA
845	e16_s1_AGTGTTGTCTTCCACG
846	e16_s1_AGTTAGCAGAGTGAAG
847	e16_s1_AGTTAGCAGCTAATCC
848	e16_s1_AGTTAGCAGGAGATAG
849	e16_s1_AGTTAGCAGGGTATAT
850	e16_s1_AGTTAGCGTAAGAACT
851	e16_s1_AGTTAGCGTGACTCGC
852	e16_s1_AGTTAGCTCAAGCCTA
853	e16_s1_AGTTCGAAGAATCGTA
854	e16_s1_AGTTCGAAGATGCCGA
855	e16_s1_AGTTCGACACGTTCGG
856	e16_s1_AGTTCGACAGACCAAG
857	e16_s1_AGTTCGACATGGAATA
858	e16_s1_AGTTCGATCAAGTAAG
859	e16_s1_AGTTCGATCATTGCGA
860	e16_s1_AGTTCGATCTCTCGAC
861	e16_s1_ATACCGACACCCTAGG
862	e16_s1_ATACCGAGTAGGACTG
863	e16_s1_ATACCGAGTCACGCTG
864	e16_s1_ATACCGAGTGGTTTAC
865	e16_s1_ATACCGAGTTAGAAGT
866	e16_s1_ATACCGATCACTGATG
867	e16_s1_ATACCTTAGGGAACAA
868	e16_s1_ATACCTTCACGACGCT
869	e16_s1_ATACCTTCATACGCAT
870	e16_s1_ATACCTTGTTGGGTAG
871	e16_s1_ATACCTTTCACAGTGT
872	e16_s1_ATACTTCAGGTTACCT
873	e16_s1_ATACTTCCAGAGGACT
874	e16_s1_ATACTTCCAGGCGATA
875	e16_s1_ATACTTCCATCGATGT
876	e16_s1_ATACTTCGTTATAGCC
877	e16_s1_ATACTTCTCTGTCGCT
878	e16_s1_ATAGACCAGCTTAGTC
879	e16_s1_ATAGACCCACGCTGTG
880	e16_s1_ATAGACCCATACCGTA
881	e16_s1_ATAGACCGTATGCTAC
882	e16_s1_ATAGACCGTTGGGCCT
883	e16_s1_ATAGAGAAGATAACAC
884	e16_s1_ATAGAGAAGGCTGGAT
885	e16_s1_ATAGAGACACAGTCGC
886	e16_s1_ATAGAGACATACTGAC
887	e16_s1_ATAGAGAGTATGCGGA
888	e16_s1_ATAGAGATCCTGCCAT
889	e16_s1_ATAGAGATCGCTACGG
890	e16_s1_ATAGAGATCTGCTTTA
891	e16_s1_ATAGGCTCAACAAGTA
892	e16_s1_ATAGGCTCACGCTATA
893	e16_s1_ATAGGCTTCATCTCTA
894	e16_s1_ATAGGCTTCGATTTCT
895	e16_s1_ATATCCTCACAGCGCT
896	e16_s1_ATATCCTGTCCTGTTC
897	e16_s1_ATATCCTTCTTCGATT
898	e16_s1_ATCACAGCAAGCGGAT
899	e16_s1_ATCACAGCAGCTACTA
900	e16_s1_ATCACAGCAGCTGTAT
901	e16_s1_ATCACAGGTCACCGAC
902	e16_s1_ATCACAGGTTTCTTAC
903	e16_s1_ATCACAGTCACTGAAC
904	e16_s1_ATCACAGTCCACGGAC
905	e16_s1_ATCACAGTCCGTACGG
906	e16_s1_ATCACGACAACACTAC
907	e16_s1_ATCACGACACGTAACT
908	e16_s1_ATCACGAGTTGCAACT
909	e16_s1_ATCACGATCAACTGAC
910	e16_s1_ATCACGATCCCTCGTA
911	e16_s1_ATCACTTAGCACACAG
912	e16_s1_ATCACTTCATCGAAGG
913	e16_s1_ATCACTTGTCATTCCC
914	e16_s1_ATCACTTTCATCGCCT
915	e16_s1_ATCACTTTCGTTGTGA
916	e16_s1_ATCACTTTCTACGGTA
917	e16_s1_ATCAGGTAGCTTCGTA
918	e16_s1_ATCAGGTAGTATCTGC
919	e16_s1_ATCAGGTCACATGGTT
920	e16_s1_ATCAGGTCAGCTACAT
921	e16_s1_ATCAGGTGTTCGGGTC
922	e16_s1_ATCAGGTTCACTCACC
923	e16_s1_ATCAGGTTCACTCGAA
924	e16_s1_ATCAGGTTCCAAGAGG
925	e16_s1_ATCAGGTTCGTAACAC
926	e16_s1_ATCATTCAGCCTCAGC
927	e16_s1_ATCATTCCAATTGCAC
928	e16_s1_ATCATTCCATAATGCC
929	e16_s1_ATCATTCGTAGTCTTG
930	e16_s1_ATCATTCGTGTCGATT
931	e16_s1_ATCCACCCAACGATCT
932	e16_s1_ATCCACCCAACTGAAA
933	e16_s1_ATCCACCCATCATCCC
934	e16_s1_ATCCACCCATTCAGGT
935	e16_s1_ATCCACCGTCACTAGT
936	e16_s1_ATCCACCTCACGAACT
937	e16_s1_ATCCACCTCCACTGAA
938	e16_s1_ATCCACCTCCTACCAC
939	e16_s1_ATCCACCTCGGACCAC
940	e16_s1_ATCCATTAGACTCTTG
941	e16_s1_ATCCATTCACAATGAA
942	e16_s1_ATCCATTCACATAACC
943	e16_s1_ATCCATTCACCGTCTT
944	e16_s1_ATCCATTGTAGTGTGG
945	e16_s1_ATCCATTGTCCGTACG
946	e16_s1_ATCCATTGTCTGCATA
947	e16_s1_ATCCATTGTGACTATC
948	e16_s1_ATCCCTGGTGTCCATA
949	e16_s1_ATCCCTGGTTGCCATA
950	e16_s1_ATCCCTGGTTGCTGAT
951	e16_s1_ATCCCTGTCCTAGCCT
952	e16_s1_ATCCGTCAGAAACTAC
953	e16_s1_ATCCGTCAGCTTCATG
954	e16_s1_ATCCGTCAGTGGGAAA
955	e16_s1_ATCCGTCTCAAGAAAC
956	e16_s1_ATCCTATCATCCGAGC
957	e16_s1_ATCCTATCATTCCTCG
958	e16_s1_ATCCTATTCGCTGTCT
959	e16_s1_ATCGATGAGAACGCGT
960	e16_s1_ATCGATGAGACTTCAC
961	e16_s1_ATCGATGCAGCATACT
962	e16_s1_ATCGATGCAGGTCTCG
963	e16_s1_ATCGATGCATACCACA
964	e16_s1_ATCGATGCATCTATCT
965	e16_s1_ATCGATGCATGATGCT
966	e16_s1_ATCGCCTAGAATTGCA
967	e16_s1_ATCGCCTGTCCACGCA
968	e16_s1_ATCGCCTTCGACATCA
969	e16_s1_ATCGGATAGATTAGTG
970	e16_s1_ATCGGATAGCGATTCT
971	e16_s1_ATCGGATTCCTTGACC
972	e16_s1_ATCGGCGAGGCTCACC
973	e16_s1_ATCGGCGAGGTTTACC
974	e16_s1_ATCGGCGAGTCATGCT
975	e16_s1_ATCGGCGCATGCCATA
976	e16_s1_ATCGGCGGTAACAGTA
977	e16_s1_ATCGGCGTCCACATAG
978	e16_s1_ATCGGCGTCCATAGAC
979	e16_s1_ATCGTCCCAATAGGAT
980	e16_s1_ATCGTCCGTAGAGCTG
981	e16_s1_ATCGTCCGTCGAAACG
982	e16_s1_ATCGTCCTCCAGCTCT
983	e16_s1_ATCGTCCTCGATCCCT
984	e16_s1_ATCGTCCTCTACAGGT
985	e16_s1_ATCGTGAGTTCCGGTG
986	e16_s1_ATCTCTAAGACTCTAC
987	e16_s1_ATCTCTAAGGTTTACC
988	e16_s1_ATCTCTACAAGACCTT
989	e16_s1_ATCTCTACAATGTTGC
990	e16_s1_ATCTCTAGTTAAGACA
991	e16_s1_ATCTCTATCAAGCGTT
992	e16_s1_ATCTCTATCAAGTGGG
993	e16_s1_ATCTTCAAGCGCATCC
994	e16_s1_ATCTTCATCCTTCAGC
995	e16_s1_ATCTTCATCGATGCTA
996	e16_s1_ATCTTCATCTAGAACC
997	e16_s1_ATCTTCATCTCGAACA
998	e16_s1_ATGAAAGGTGCCGTAC
999	e16_s1_ATGAAAGGTGGTCAAG
1000	e16_s1_ATGAAAGTCCATAAGC
1001	e16_s1_ATGACCACAACTGCTA
1002	e16_s1_ATGACCACACTTTATC
1003	e16_s1_ATGACCATCATGGCCG
1004	e16_s1_ATGAGGGCATCCGTGG
1005	e16_s1_ATGAGGGTCCTCGATC
1006	e16_s1_ATGAGGGTCGTCGGGT
1007	e16_s1_ATGAGGGTCTACGGGC
1008	e16_s1_ATGAGTCAGCGATGAC
1009	e16_s1_ATGAGTCAGGGCAGTT
1010	e16_s1_ATGAGTCGTAGGTAGC
1011	e16_s1_ATGAGTCTCTTTCCAA
1012	e16_s1_ATGATCGAGTCATCCA
1013	e16_s1_ATGATCGCACATGACT
1014	e16_s1_ATGCATGAGACTTCAC
1015	e16_s1_ATGCATGAGAGGGCGA
1016	e16_s1_ATGCATGAGCGCTGCT
1017	e16_s1_ATGCATGAGCGCTTCG
1018	e16_s1_ATGCATGCAAAGGCGT
1019	e16_s1_ATGCATGCACTACTTT
1020	e16_s1_ATGCATGCATATACCG
1021	e16_s1_ATGCATGTCATGCCAA
1022	e16_s1_ATGCATGTCCTCAGAA
1023	e16_s1_ATGCATGTCCTCAGGG
1024	e16_s1_ATGCATGTCTTCTTCC
1025	e16_s1_ATGCCTCAGAGTGACC
1026	e16_s1_ATGCCTCCAACCTAAC
1027	e16_s1_ATGCCTCCAGTCTTCC
1028	e16_s1_ATGCCTCGTAGAGACC
1029	e16_s1_ATGCCTCGTTCTTGTT
1030	e16_s1_ATGCGATAGCTGACAG
1031	e16_s1_ATGCGATCAATGTTGC
1032	e16_s1_ATGCGATGTCTCAAGT
1033	e16_s1_ATGGAGGCACGTGAGA
1034	e16_s1_ATGGAGGGTTCGCGTG
1035	e16_s1_ATGGATCAGTACTGGG
1036	e16_s1_ATGGATCCATGGTGGA
1037	e16_s1_ATGGATCGTCTTTCAT
1038	e16_s1_ATGGATCTCACCACAA
1039	e16_s1_ATGGATCTCATGAAAG
1040	e16_s1_ATGGATCTCCGGTTCT
1041	e16_s1_ATGGATCTCTCATTTG
1042	e16_s1_ATGGGAGCAATATCCG
1043	e16_s1_ATGGGAGCAGATAAAC
1044	e16_s1_ATGGGAGTCCCTCTTT
1045	e16_s1_ATGGGAGTCCTTTAGT
1046	e16_s1_ATGGGTTAGGAGACCT
1047	e16_s1_ATGGGTTAGGTAATCA
1048	e16_s1_ATGGGTTCAATTGCAC
1049	e16_s1_ATGGGTTCATGTTCGA
1050	e16_s1_ATGGGTTTCCTCTAGC
1051	e16_s1_ATGGTTGAGATCACCT
1052	e16_s1_ATGGTTGGTGGCAACA
1053	e16_s1_ATGGTTGGTTTCAGAC
1054	e16_s1_ATGGTTGTCATCACCC
1055	e16_s1_ATGGTTGTCATCTACT
1056	e16_s1_ATGGTTGTCATGCATG
1057	e16_s1_ATGGTTGTCTCAATCT
1058	e16_s1_ATGTCCCCAACAGCCC
1059	e16_s1_ATGTCCCCACGAAAGC
1060	e16_s1_ATGTCCCGTTACACTG
1061	e16_s1_ATGTCCCTCCGCCTAT
1062	e16_s1_ATGTCCCTCGAACCTA
1063	e16_s1_ATGTCCCTCGGAGATG
1064	e16_s1_ATGTCCCTCTCCAAGA
1065	e16_s1_ATGTCCCTCTCCTGCA
1066	e16_s1_ATGTCTTAGCTAATGA
1067	e16_s1_ATGTCTTCATCATTTC
1068	e16_s1_ATGTCTTTCCGCGAGT
1069	e16_s1_ATGTCTTTCCTGGGAC
1070	e16_s1_ATGTCTTTCGTCTCAC
1071	e16_s1_ATTACCTAGTCTCCTC
1072	e16_s1_ATTACCTCAACCACGC
1073	e16_s1_ATTACCTCAAGAAACT
1074	e16_s1_ATTACCTCAGAGAATT
1075	e16_s1_ATTACCTTCCAAGCAT
1076	e16_s1_ATTACCTTCTGATTCT
1077	e16_s1_ATTACTCAGAAATGGG
1078	e16_s1_ATTACTCAGCCTGACC
1079	e16_s1_ATTACTCAGGCCTGCT
1080	e16_s1_ATTACTCCAAATGAGT
1081	e16_s1_ATTACTCCAAGAATAC
1082	e16_s1_ATTACTCCAGCCCAGT
1083	e16_s1_ATTACTCCATGATAGA
1084	e16_s1_ATTACTCGTACCGTGC
1085	e16_s1_ATTACTCGTCACTCTC
1086	e16_s1_ATTACTCGTCCGCAGT
1087	e16_s1_ATTACTCGTGGGATTG
1088	e16_s1_ATTACTCGTTATCTGG
1089	e16_s1_ATTATCCAGCAATAAC
1090	e16_s1_ATTATCCAGTCATACC
1091	e16_s1_ATTATCCCACGCTATA
1092	e16_s1_ATTATCCCACTTCATT
1093	e16_s1_ATTATCCGTTGGACCC
1094	e16_s1_ATTATCCTCAACCTTT
1095	e16_s1_ATTATCCTCAGTCTTT
1096	e16_s1_ATTATCCTCATCACCC
1097	e16_s1_ATTATCCTCCATCTCG
1098	e16_s1_ATTATCCTCCGGACTG
1099	e16_s1_ATTATCCTCGCCTCTA
1100	e16_s1_ATTATCCTCGCTTGCT
1101	e16_s1_ATTCACTAGATGAACT
1102	e16_s1_ATTCACTAGTCCCAGC
1103	e16_s1_ATTCACTCATTAAAGG
1104	e16_s1_ATTCACTGTCGCAGTC
1105	e16_s1_ATTCACTGTTGCTAGT
1106	e16_s1_ATTCACTTCGCAGTGC
1107	e16_s1_ATTCACTTCTTACACT
1108	e16_s1_ATTCAGGAGCGCACAA
1109	e16_s1_ATTCAGGAGGTAGGCT
1110	e16_s1_ATTCAGGCACGCTGCA
1111	e16_s1_ATTCAGGGTGAGATTA
1112	e16_s1_ATTCAGGGTTGAAGTA
1113	e16_s1_ATTCAGGGTTGCCGAC
1114	e16_s1_ATTCAGGTCAGTGTCA
1115	e16_s1_ATTCAGGTCGTCAACA
1116	e16_s1_ATTCATCAGTATTGCC
1117	e16_s1_ATTCATCCAAATACAG
1118	e16_s1_ATTCATCCAACGTTAC
1119	e16_s1_ATTCATCCACAAAGTA
1120	e16_s1_ATTCATCCACCTGATA
1121	e16_s1_ATTCATCCACTAACGT
1122	e16_s1_ATTCATCCACTCCACT
1123	e16_s1_ATTCATCCACTGATTG
1124	e16_s1_ATTCATCCACTGTTCC
1125	e16_s1_ATTCATCTCTGCGGAC
1126	e16_s1_ATTCCATAGAGTGTGC
1127	e16_s1_ATTCCATCATCCGCGA
1128	e16_s1_ATTCCATGTACGACAG
1129	e16_s1_ATTCCATGTACGCTTA
1130	e16_s1_ATTCCATTCATTGAGC
1131	e16_s1_ATTCCATTCGCATTGA
1132	e16_s1_ATTCCATTCTATCGTT
1133	e16_s1_ATTCCATTCTTTCGAT
1134	e16_s1_ATTCCCGAGTCCTACA
1135	e16_s1_ATTCCCGCATCCCGTT
1136	e16_s1_ATTCCCGGTACGCTAT
1137	e16_s1_ATTCCTACAACTGGTT
1138	e16_s1_ATTCCTACATGGGATG
1139	e16_s1_ATTCCTACATGGGTCC
1140	e16_s1_ATTCCTAGTGTTTACG
1141	e16_s1_ATTCCTATCGGTTCAA
1142	e16_s1_ATTCGTTCAACCAACT
1143	e16_s1_ATTCGTTCAAGTGGAC
1144	e16_s1_ATTCGTTGTTTCACAG
1145	e16_s1_ATTCGTTTCACCATCC
1146	e16_s1_ATTCGTTTCACCTGGG
1147	e16_s1_ATTCTACCACCTATCC
1148	e16_s1_ATTCTACCATAACGGG
1149	e16_s1_ATTCTACGTACTGCCG
1150	e16_s1_ATTCTACGTTAGAAAC
1151	e16_s1_ATTCTACTCCGTGTAA
1152	e16_s1_ATTCTTGAGGTGGTTG
1153	e16_s1_ATTCTTGCAAGAATAC
1154	e16_s1_ATTCTTGCATCATTTC
1155	e16_s1_ATTCTTGTCGGTTAGT
1156	e16_s1_ATTGGGTAGTTTGGCT
1157	e16_s1_ATTGTTCCACAGCATT
1158	e16_s1_ATTGTTCTCACCTACC
1159	e16_s1_ATTTACCAGCGTGTTT
1160	e16_s1_ATTTACCAGTGCCGAA
1161	e16_s1_ATTTACCAGTGTAGTA
1162	e16_s1_ATTTACCGTCAGATTC
1163	e16_s1_ATTTACCGTCGCTTGG
1164	e16_s1_ATTTACCGTCTCGGGT
1165	e16_s1_ATTTACCTCATTGCCC
1166	e16_s1_ATTTACCTCTTCACAT
1167	e16_s1_ATTTCACAGTAACCGG
1168	e16_s1_ATTTCACAGTCATGGG
1169	e16_s1_ATTTCACCATGGATCT
1170	e16_s1_ATTTCACTCACTTATC
1171	e16_s1_ATTTCTGCACTTTATC
1172	e16_s1_ATTTCTGCAGCGTGCT
1173	e16_s1_ATTTCTGCAGTTCCAA
1174	e16_s1_ATTTCTGGTACATTGC
1175	e16_s1_ATTTCTGGTTTCCCAC
1176	e16_s1_ATTTCTGTCTGCAGCG
1177	e16_s1_CAAAGAACATCCCGTT
1178	e16_s1_CAAAGAAGTGAACGGT
1179	e16_s1_CAAAGAAGTTCGGTAT
1180	e16_s1_CAAAGAATCCATCTGC
1181	e16_s1_CAACAACAGCACGTCC
1182	e16_s1_CAACAACAGGCGCTTC
1183	e16_s1_CAACAACCAACTCATG
1184	e16_s1_CAACAACGTGATGAAT
1185	e16_s1_CAACAACTCGAGATGG
1186	e16_s1_CAACAGTAGACTTCGT
1187	e16_s1_CAACAGTAGCGCCCAT
1188	e16_s1_CAACAGTAGTACTGTC
1189	e16_s1_CAACAGTCAAATCAGA
1190	e16_s1_CAACAGTCATGCCGAC
1191	e16_s1_CAACAGTGTAAGCAAT
1192	e16_s1_CAACAGTTCCAACCAA
1193	e16_s1_CAACAGTTCCATTTCA
1194	e16_s1_CAACAGTTCCGGCTTT
1195	e16_s1_CAACCAACACAAGCCC
1196	e16_s1_CAACCAACACCCAATA
1197	e16_s1_CAACCAACACCTGCAG
1198	e16_s1_CAACCAACACCTTCCA
1199	e16_s1_CAACCAACAGAAATCA
1200	e16_s1_CAACCAAGTAACTTCG
1201	e16_s1_CAACCAAGTACATTGC
1202	e16_s1_CAACCAAGTCCCTCAT
1203	e16_s1_CAACCAATCCTAGCTC
1204	e16_s1_CAACCAATCGAGCCAC
1205	e16_s1_CAACCTCAGAAACCAT
1206	e16_s1_CAACCTCAGATAACAC
1207	e16_s1_CAACCTCTCATGCCCT
1208	e16_s1_CAACCTCTCCTCACTG
1209	e16_s1_CAACGATAGCACACCC
1210	e16_s1_CAACGATAGGATACAT
1211	e16_s1_CAACGATAGGCGACAT
1212	e16_s1_CAACGATCAATGAACA
1213	e16_s1_CAACGATCACGGTGTC
1214	e16_s1_CAACGATCAGAAATTG
1215	e16_s1_CAACGATCAGACCTAT
1216	e16_s1_CAACGGCGTGACTAAA
1217	e16_s1_CAACGGCTCCTCTAGC
1218	e16_s1_CAAGACTAGGCGAACT
1219	e16_s1_CAAGACTAGGCGATAC
1220	e16_s1_CAAGACTCACAGCCAC
1221	e16_s1_CAAGACTCATACAGCT
1222	e16_s1_CAAGACTTCCCTGTTG
1223	e16_s1_CAAGAGGAGTCCGCCA
1224	e16_s1_CAAGAGGGTGCCCGTA
1225	e16_s1_CAAGAGGTCGCAGTTA
1226	e16_s1_CAAGAGGTCTACTGCC
1227	e16_s1_CAAGCTACAATACGCT
1228	e16_s1_CAAGCTACAGAACCGA
1229	e16_s1_CAAGCTACAGAGGGTT
1230	e16_s1_CAAGCTACAGTTACCA
1231	e16_s1_CAAGCTACATGGCGCT
1232	e16_s1_CAAGGGAAGGTAATCA
1233	e16_s1_CAAGGGAAGTCTCGTA
1234	e16_s1_CAAGGGACAAGTGGGT
1235	e16_s1_CAAGGGACACGACTAT
1236	e16_s1_CAAGGGACATATCTCT
1237	e16_s1_CAAGGGAGTAATGATG
1238	e16_s1_CAAGGGAGTACAGCGA
1239	e16_s1_CAAGGGAGTCCGGCAT
1240	e16_s1_CAATACGAGCCTCTCT
1241	e16_s1_CAATACGCAGTAGATA
1242	e16_s1_CAATACGCAGTCCCGA
1243	e16_s1_CAATACGTCCGTCCTA
1244	e16_s1_CAATCGAAGTTGCTCA
1245	e16_s1_CAATCGACACAATGTC
1246	e16_s1_CAATCGACACTCCCTA
1247	e16_s1_CAATCGAGTATTGCCA
1248	e16_s1_CAATCGAGTCCTCAGG
1249	e16_s1_CAATCGATCGTAACAC
1250	e16_s1_CAATGACAGCCATTGT
1251	e16_s1_CAATGACAGCCGTAAG
1252	e16_s1_CAATGACTCACTCACC
1253	e16_s1_CAATGACTCAGCCCAG
1254	e16_s1_CAATGACTCCTTATCA
1255	e16_s1_CAATGACTCTAGACCA
1256	e16_s1_CAATGACTCTGTGTGA
1257	e16_s1_CAATTTCCAAGCTACT
1258	e16_s1_CAATTTCCAGTCAGTT
1259	e16_s1_CAATTTCGTCATCTAG
1260	e16_s1_CAATTTCTCGTCTCAC
1261	e16_s1_CAATTTCTCTCCTGAC
1262	e16_s1_CAATTTCTCTGCATAG
1263	e16_s1_CACAACAAGCAAATCA
1264	e16_s1_CACAACACAACGATCT
1265	e16_s1_CACAACACATAGGCGA
1266	e16_s1_CACAACACATTGTGCA
1267	e16_s1_CACAACAGTTACAGCT
1268	e16_s1_CACAACATCGTAGTCA
1269	e16_s1_CACAACATCTAAACGC
1270	e16_s1_CACAACATCTTGGCTC
1271	e16_s1_CACACAACACACCAGC
1272	e16_s1_CACACAACACATTCTT
1273	e16_s1_CACACAACACTCACTC
1274	e16_s1_CACACAACATGTGTCA
1275	e16_s1_CACACAAGTATCACCA
1276	e16_s1_CACACAATCGTACACA
1277	e16_s1_CACAGATAGTCGCCAC
1278	e16_s1_CACAGATCAACATACC
1279	e16_s1_CACAGATCATCAACCA
1280	e16_s1_CACAGATGTACGATGG
1281	e16_s1_CACAGATGTTGCAAGG
1282	e16_s1_CACAGGCAGCGAAACC
1283	e16_s1_CACAGGCAGTTGCCTA
1284	e16_s1_CACAGGCTCACATTGG
1285	e16_s1_CACAGGCTCCCATGGG
1286	e16_s1_CACAGGCTCGCTGATA
1287	e16_s1_CACATGACAGGTGACA
1288	e16_s1_CACATGAGTTGAGTCT
1289	e16_s1_CACATGATCACGTCCT
1290	e16_s1_CACCAAAAGAGGCTGT
1291	e16_s1_CACCAAACATGTTCGA
1292	e16_s1_CACCAAAGTGGCCTCA
1293	e16_s1_CACCAAATCAAGTCGT
1294	e16_s1_CACCAAATCCAGTACA
1295	e16_s1_CACCAAATCCCTTCCC
1296	e16_s1_CACCAAATCCTGTAGA
1297	e16_s1_CACCAAATCGATTCCC
1298	e16_s1_CACCGTTAGCTCTTCC
1299	e16_s1_CACCGTTAGTGCTAGG
1300	e16_s1_CACCGTTCAAACAGGC
1301	e16_s1_CACCGTTCACAGACGA
1302	e16_s1_CACCGTTCACTAACCA
1303	e16_s1_CACCGTTTCGATTCCC
1304	e16_s1_CACCGTTTCGCCCAGA
1305	e16_s1_CACGAATGTTCAAGTC
1306	e16_s1_CACGAATTCGCATAGT
1307	e16_s1_CACGGGTGTCGAACGA
1308	e16_s1_CACGGGTTCCAATGCA
1309	e16_s1_CACGTGGAGGTAAGTT
1310	e16_s1_CACGTGGAGTGATGGC
1311	e16_s1_CACGTGGCATGTTCAG
1312	e16_s1_CACGTGGTCCTTCGAC
1313	e16_s1_CACGTGGTCTAGCCTC
1314	e16_s1_CACGTTCAGATTACCC
1315	e16_s1_CACGTTCCAAGCACAG
1316	e16_s1_CACGTTCCATACCACA
1317	e16_s1_CACGTTCCATCCTTGC
1318	e16_s1_CACGTTCGTCCAAATC
1319	e16_s1_CACGTTCTCGCCATAA
1320	e16_s1_CACTAAGCAAAGGCAC
1321	e16_s1_CACTAAGCAATTGAGA
1322	e16_s1_CACTAAGCAGCTGCCA
1323	e16_s1_CACTAAGCATGGCGCT
1324	e16_s1_CACTAAGTCTCTCTTC
1325	e16_s1_CACTAAGTCTGAATCG
1326	e16_s1_CACTGAAAGCCATTGT
1327	e16_s1_CACTGAACAGCTGTTA
1328	e16_s1_CACTGAAGTGATAGAT
1329	e16_s1_CACTGAAGTTGTCCCT
1330	e16_s1_CACTGAATCAGCTGTA
1331	e16_s1_CACTGAATCTGATTCT
1332	e16_s1_CACTGAATCTGCCCTA
1333	e16_s1_CACTGGGAGTTAGAAC
1334	e16_s1_CACTGGGCAACGGGTA
1335	e16_s1_CACTGGGCAGAACGCA
1336	e16_s1_CACTGGGGTTGCAACT
1337	e16_s1_CACTGGGTCGCTAATG
1338	e16_s1_CACTGGGTCTAGTTCT
1339	e16_s1_CACTGTCAGCTACAAA
1340	e16_s1_CACTGTCAGGTCCCGT
1341	e16_s1_CACTGTCAGTATTGCC
1342	e16_s1_CACTGTCCATGAGATA
1343	e16_s1_CACTGTCGTCCCTGAG
1344	e16_s1_CACTGTCTCCCTTTGG
1345	e16_s1_CACTTCGCAAGCGATG
1346	e16_s1_CACTTCGCAATACCCA
1347	e16_s1_CACTTCGCAGTGTACT
1348	e16_s1_CAGAGCCAGATCCCAT
1349	e16_s1_CAGAGCCAGCAGCACA
1350	e16_s1_CAGAGCCCAGGCTACC
1351	e16_s1_CAGAGCCCATTAGGAA
1352	e16_s1_CAGATACAGCTTCTAG
1353	e16_s1_CAGATACAGTAGCTCT
1354	e16_s1_CAGATACAGTTGTAGA
1355	e16_s1_CAGATACGTTGACTAC
1356	e16_s1_CAGATACTCTTCCCAG
1357	e16_s1_CAGATCAAGACCGTTT
1358	e16_s1_CAGATCAAGCATACTC
1359	e16_s1_CAGATCAAGTGGCCTC
1360	e16_s1_CAGATCACAGTTCACA
1361	e16_s1_CAGATCAGTCCCGCAA
1362	e16_s1_CAGATCAGTTTACCTT
1363	e16_s1_CAGATCATCTACCCAC
1364	e16_s1_CAGATCATCTAGAACC
1365	e16_s1_CAGATTGAGGAAGTGA
1366	e16_s1_CAGATTGAGTGACCTT
1367	e16_s1_CAGATTGCAACTGCCG
1368	e16_s1_CAGATTGCACAGCCTG
1369	e16_s1_CAGATTGGTACACGTT
1370	e16_s1_CAGATTGGTTCTCAGA
1371	e16_s1_CAGATTGTCAAATGCC
1372	e16_s1_CAGCAATAGGATATAC
1373	e16_s1_CAGCAATCAGGACATG
1374	e16_s1_CAGCAATGTTAAGGAT
1375	e16_s1_CAGCAATGTTAGAAGT
1376	e16_s1_CAGCAATTCCGCAGTG
1377	e16_s1_CAGCAATTCGTGCATA
1378	e16_s1_CAGCAATTCTACTATC
1379	e16_s1_CAGCACGAGCATGTTC
1380	e16_s1_CAGCACGCAACTGGTT
1381	e16_s1_CAGCACGGTATTCCTT
1382	e16_s1_CAGCACGTCAAACCCA
1383	e16_s1_CAGCAGCCACATATGC
1384	e16_s1_CAGCAGCCAGAACGCA
1385	e16_s1_CAGCAGCCAGCATGCC
1386	e16_s1_CAGCAGCTCGGTGCAC
1387	e16_s1_CAGCCAGCACCTCAGG
1388	e16_s1_CAGCCAGGTAACCAGG
1389	e16_s1_CAGCCAGTCACGTAGT
1390	e16_s1_CAGCGTGAGAGTGGCT
1391	e16_s1_CAGCGTGCACCGGTCA
1392	e16_s1_CAGCGTGCAGCTTCCT
1393	e16_s1_CAGCGTGTCTCTGCCA
1394	e16_s1_CAGGCCAAGACATGCG
1395	e16_s1_CAGGCCAAGCACGATG
1396	e16_s1_CAGGCCACAAACACCT
1397	e16_s1_CAGGCCACACGTAACT
1398	e16_s1_CAGGCCACAGCAGTTT
1399	e16_s1_CAGGCCACAGCGAACA
1400	e16_s1_CAGGCCACATGTGCCG
1401	e16_s1_CAGGCCAGTGGAACCA
1402	e16_s1_CAGGCCATCGCAACAT
1403	e16_s1_CAGGCCATCTCACCCA
1404	e16_s1_CAGGGCTAGGGATCTG
1405	e16_s1_CAGGGCTGTGAAAGTT
1406	e16_s1_CAGGGCTGTTATAGCC
1407	e16_s1_CAGGGCTTCAAGTCTG
1408	e16_s1_CAGGTATCAAATGAGT
1409	e16_s1_CAGGTATCACTAAACC
1410	e16_s1_CAGGTATGTAACAGGC
1411	e16_s1_CAGGTATGTGAACTAA
1412	e16_s1_CAGGTATGTTCTAAGC
1413	e16_s1_CAGTTAGCACCGAATT
1414	e16_s1_CAGTTAGGTCCGGTCA
1415	e16_s1_CAGTTAGGTGACGTCC
1416	e16_s1_CAGTTAGTCTGGAAGG
1417	e16_s1_CAGTTCCAGCAAGCCA
1418	e16_s1_CAGTTCCCAGCAAGAC
1419	e16_s1_CAGTTCCTCTAGAACC
1420	e16_s1_CATAAGCAGAGTTGTA
1421	e16_s1_CATAAGCCAAATTGGA
1422	e16_s1_CATAAGCCAAGCAATA
1423	e16_s1_CATAAGCCACACCTGG
1424	e16_s1_CATAAGCGTAAGCTCT
1425	e16_s1_CATAAGCTCAATCCAG
1426	e16_s1_CATAAGCTCCCGATCT
1427	e16_s1_CATACAGCACGTACTA
1428	e16_s1_CATACAGCATACTGTG
1429	e16_s1_CATACAGGTCCTCCTA
1430	e16_s1_CATACAGGTTTCACTT
1431	e16_s1_CATACAGTCACTCACC
1432	e16_s1_CATACCCAGACTCCGC
1433	e16_s1_CATACCCAGTCTAACC
1434	e16_s1_CATACCCCACTGGAAG
1435	e16_s1_CATACCCGTACTCCGG
1436	e16_s1_CATACCCGTCACATTG
1437	e16_s1_CATACCCGTCCATAGT
1438	e16_s1_CATACCCTCGGTTAGT
1439	e16_s1_CATACCCTCGTTTACT
1440	e16_s1_CATACTTAGACGCAGT
1441	e16_s1_CATACTTAGCCACTCG
1442	e16_s1_CATACTTAGTCTAGCT
1443	e16_s1_CATACTTAGTGACCTT
1444	e16_s1_CATACTTCAGGAATAT
1445	e16_s1_CATACTTCATAACAGA
1446	e16_s1_CATACTTTCATAGGCT
1447	e16_s1_CATACTTTCTCTGAGA
1448	e16_s1_CATAGACAGCAATTAG
1449	e16_s1_CATAGACCAACAGCTT
1450	e16_s1_CATAGACCATACAGAA
1451	e16_s1_CATAGACTCCTCATAT
1452	e16_s1_CATAGACTCCTGCTAC
1453	e16_s1_CATAGACTCGTAACAC
1454	e16_s1_CATCAAGAGGAACGAA
1455	e16_s1_CATCAAGCACTAGAGG
1456	e16_s1_CATCAAGGTACAGTCT
1457	e16_s1_CATCAAGGTACGTAGG
1458	e16_s1_CATCAAGTCATCTCTA
1459	e16_s1_CATCCACAGCATTGTC
1460	e16_s1_CATCCACAGCCGCACT
1461	e16_s1_CATCCACCAAATACGA
1462	e16_s1_CATCCACCATTCACAG
1463	e16_s1_CATCCACGTAGTCTTG
1464	e16_s1_CATCCCAAGAATACAC
1465	e16_s1_CATCCCACACAGTCGC
1466	e16_s1_CATCCCACACCGCTGA
1467	e16_s1_CATCCCACATGCCGAC
1468	e16_s1_CATCCCAGTATTTCCT
1469	e16_s1_CATCCCAGTGTCATTG
1470	e16_s1_CATCCCAGTTGCACGC
1471	e16_s1_CATCCGTAGCACAAAT
1472	e16_s1_CATCCGTCAATGTCTG
1473	e16_s1_CATCCGTCAGCAGACA
1474	e16_s1_CATCCGTCAGGTTACT
1475	e16_s1_CATCCGTCATGAGAAT
1476	e16_s1_CATCCGTCATGAGATA
1477	e16_s1_CATCCGTGTGCAACGA
1478	e16_s1_CATCCGTGTTCAATCG
1479	e16_s1_CATCCGTTCATTTGTC
1480	e16_s1_CATCCGTTCTGTACAG
1481	e16_s1_CATCGCTAGGCTAAAT
1482	e16_s1_CATCGCTGTGTATCCA
1483	e16_s1_CATCGCTTCAGTCATG
1484	e16_s1_CATCGGGCACTGGATT
1485	e16_s1_CATCGGGGTGAGAACC
1486	e16_s1_CATCGGGTCGACCCAG
1487	e16_s1_CATCGTCCAACTTCTT
1488	e16_s1_CATGAGTAGATTAGCA
1489	e16_s1_CATGAGTAGGCCATAG
1490	e16_s1_CATGAGTCAACCCGCA
1491	e16_s1_CATGAGTTCTTTGATC
1492	e16_s1_CATGCAACAGGCCTGT
1493	e16_s1_CATGCAACATACAGCT
1494	e16_s1_CATGCAAGTTCACGAT
1495	e16_s1_CATGCAAGTTGGGCCT
1496	e16_s1_CATGCAATCCTCTCGA
1497	e16_s1_CATGCCTAGAACAAGG
1498	e16_s1_CATGCCTAGTCCTACA
1499	e16_s1_CATGCCTCACTCTGCT
1500	e16_s1_CATGCCTGTAGATGTA
1501	e16_s1_CATGCCTTCACGGACC
1502	e16_s1_CATGCCTTCTCCAAGA
1503	e16_s1_CATGCGGAGTGCAACG
1504	e16_s1_CATGCGGGTACATTGC
1505	e16_s1_CATGCGGGTCTTTCTA
1506	e16_s1_CATGCTCAGACATCCT
1507	e16_s1_CATGCTCAGTATCCTG
1508	e16_s1_CATGCTCAGTGGTTGG
1509	e16_s1_CATGCTCCAACGTTAC
1510	e16_s1_CATGCTCCACCTGTCT
1511	e16_s1_CATGCTCCACGACAGA
1512	e16_s1_CATGCTCCAGACAATA
1513	e16_s1_CATGCTCCAGACGGAT
1514	e16_s1_CATGCTCCATCATCCC
1515	e16_s1_CATGCTCTCGATACAC
1516	e16_s1_CATGGATAGAAACCCG
1517	e16_s1_CATGGATAGATGAACT
1518	e16_s1_CATGGATCAAATGAGT
1519	e16_s1_CATGGATCACATGTTG
1520	e16_s1_CATGGATCACCTGTCT
1521	e16_s1_CATGGATCAGAGCCCT
1522	e16_s1_CATGGATCATCTTAGG
1523	e16_s1_CATGGATTCAACGTGT
1524	e16_s1_CATGGATTCACGTAGT
1525	e16_s1_CATGGATTCAGGCGAA
1526	e16_s1_CATGGATTCCAACACA
1527	e16_s1_CATGGATTCCTAAACG
1528	e16_s1_CATGGTAAGACGGTTG
1529	e16_s1_CATGGTAAGGGCTGAT
1530	e16_s1_CATGGTACACATACGT
1531	e16_s1_CATGGTACAGATCACT
1532	e16_s1_CATGGTAGTCGATTTG
1533	e16_s1_CATGGTAGTCTCAAGT
1534	e16_s1_CATGGTAGTGATTGGG
1535	e16_s1_CATTCATAGGTACCTT
1536	e16_s1_CATTCATAGTATGACA
1537	e16_s1_CATTCATCAATCAAGA
1538	e16_s1_CATTCATCACTGCATA
1539	e16_s1_CATTCATCAGAGTTCT
1540	e16_s1_CATTCATCAGCATGCC
1541	e16_s1_CATTCATGTACGGCAA
1542	e16_s1_CATTCATTCATGCGGC
1543	e16_s1_CATTCATTCCCAGGAC
1544	e16_s1_CATTCATTCTCATGCC
1545	e16_s1_CATTCATTCTTGGTCC
1546	e16_s1_CATTCCGAGACCATGG
1547	e16_s1_CATTCCGCACTGGAAG
1548	e16_s1_CATTCCGCAGACCTAT
1549	e16_s1_CATTCCGCAGGCATTT
1550	e16_s1_CATTCCGCAGGGAATC
1551	e16_s1_CATTCCGCATCCTTGC
1552	e16_s1_CATTCCGTCAGCGCAC
1553	e16_s1_CATTCCGTCTGCGGAC
1554	e16_s1_CATTCCGTCTGGTGGC
1555	e16_s1_CATTCTAAGAATACAC
1556	e16_s1_CATTCTACAAGAGATT
1557	e16_s1_CATTCTACATGTTCGA
1558	e16_s1_CATTCTATCCCGTTCA
1559	e16_s1_CATTGAGAGCGTCTCG
1560	e16_s1_CATTGAGAGGCTAAAT
1561	e16_s1_CATTGAGGTATTCCGA
1562	e16_s1_CATTGAGTCACAATGC
1563	e16_s1_CATTGCCAGACATCAA
1564	e16_s1_CATTGCCAGACCTTTG
1565	e16_s1_CATTGCCAGCCGATAG
1566	e16_s1_CATTGCCAGGATTCAA
1567	e16_s1_CATTGCCAGGCACTAG
1568	e16_s1_CATTGCCAGGCGCTCT
1569	e16_s1_CATTGCCCACCAGTAT
1570	e16_s1_CATTGCCGTTGCAACT
1571	e16_s1_CATTGCCTCGCTCTAC
1572	e16_s1_CATTGCCTCTTACGGA
1573	e16_s1_CATTGTTAGAAGGTAG
1574	e16_s1_CATTGTTGTACTAACC
1575	e16_s1_CATTGTTTCTACCTTA
1576	e16_s1_CATTTCAAGAGCATAT
1577	e16_s1_CATTTCAAGGATTTGA
1578	e16_s1_CATTTCAAGGCAGCTA
1579	e16_s1_CATTTCAGTTGTATGC
1580	e16_s1_CATTTCATCACTTGTT
1581	e16_s1_CCAAGCGAGCCTCTTC
1582	e16_s1_CCAAGCGAGTTTAGGA
1583	e16_s1_CCAAGCGCAACACAGG
1584	e16_s1_CCAAGCGGTCACCGAC
1585	e16_s1_CCAAGCGGTGAATTAG
1586	e16_s1_CCAAGCGGTTGACGGA
1587	e16_s1_CCAAGCGTCCAAGGGA
1588	e16_s1_CCAATGACACAAGCTT
1589	e16_s1_CCAATGACACGCGCTA
1590	e16_s1_CCAATGACAGCCCACA
1591	e16_s1_CCAATGACATGTGACT
1592	e16_s1_CCAATGAGTAACCCTA
1593	e16_s1_CCAATTTAGAATACAC
1594	e16_s1_CCAATTTAGGGCAATC
1595	e16_s1_CCAATTTCACTTGAGT
1596	e16_s1_CCAATTTCAGTTAGAA
1597	e16_s1_CCAATTTCATCAGCGC
1598	e16_s1_CCAATTTTCGTCAGAT
1599	e16_s1_CCAATTTTCTATCCAT
1600	e16_s1_CCAATTTTCTCCCTAG
1601	e16_s1_CCACAAAAGCACCCAC
1602	e16_s1_CCACAAAAGGTTCCAT
1603	e16_s1_CCACAAACAGCCATTA
1604	e16_s1_CCACAAAGTCCTGAAT
1605	e16_s1_CCACAAAGTTTGGGAG
1606	e16_s1_CCACAAATCCCAAGTA
1607	e16_s1_CCACAAATCTACACTT
1608	e16_s1_CCACACTAGATGGGCT
1609	e16_s1_CCACACTAGCTAGCCC
1610	e16_s1_CCACACTAGGTCCAGA
1611	e16_s1_CCACACTCATACATCG
1612	e16_s1_CCACACTGTACTAAGA
1613	e16_s1_CCACACTTCATTCACT
1614	e16_s1_CCACACTTCGCACGGT
1615	e16_s1_CCACCATAGCCGGATA
1616	e16_s1_CCACCATAGTACCATC
1617	e16_s1_CCACCATAGTTATGGA
1618	e16_s1_CCACCATCATTGAGCT
1619	e16_s1_CCACCATTCCCTTCCC
1620	e16_s1_CCACGAGAGACCAGAC
1621	e16_s1_CCACGAGCAACAGCCC
1622	e16_s1_CCACGAGCACTACACA
1623	e16_s1_CCACGAGCAGCGGTTC
1624	e16_s1_CCACGAGCATCCTCAC
1625	e16_s1_CCACGAGCATTCCTCG
1626	e16_s1_CCACGAGGTATTGGCT
1627	e16_s1_CCACGAGGTGGCTACC
1628	e16_s1_CCACGAGTCTGCTTTA
1629	e16_s1_CCACGTTAGCCTTGAT
1630	e16_s1_CCACGTTAGCTATCCA
1631	e16_s1_CCACGTTAGTTCCGGC
1632	e16_s1_CCACGTTCAAGTGTCT
1633	e16_s1_CCACGTTTCAGAACCT
1634	e16_s1_CCACGTTTCGGACCAC
1635	e16_s1_CCACGTTTCTTAGCTT
1636	e16_s1_CCACTTGAGTAAAGCT
1637	e16_s1_CCACTTGGTCTCAGAT
1638	e16_s1_CCACTTGGTGCCTACG
1639	e16_s1_CCACTTGGTGGTACAG
1640	e16_s1_CCACTTGTCTCTTCAA
1641	e16_s1_CCATAAGAGACATCCT
1642	e16_s1_CCATAAGAGGCTCAAG
1643	e16_s1_CCATAAGCAAGTATAG
1644	e16_s1_CCATAAGTCGTTCTCG
1645	e16_s1_CCATCACAGCGACTAG
1646	e16_s1_CCATCACAGTACTGTC
1647	e16_s1_CCATCACCACCCGTAG
1648	e16_s1_CCATCACCATCGATCA
1649	e16_s1_CCATCACCATGTGTCA
1650	e16_s1_CCATCACGTAACAGGC
1651	e16_s1_CCATCACGTGAATGTA
1652	e16_s1_CCATCACGTGCAATAA
1653	e16_s1_CCATCACGTTTAGACC
1654	e16_s1_CCATCACTCCACTAGA
1655	e16_s1_CCATCACTCCTCACTG
1656	e16_s1_CCATCACTCGCGTAGC
1657	e16_s1_CCCAACTAGCAAATCA
1658	e16_s1_CCCAACTGTAGGCAAC
1659	e16_s1_CCCAACTGTGAACCGA
1660	e16_s1_CCCAACTGTGTTCGTA
1661	e16_s1_CCCAACTGTTGAATCC
1662	e16_s1_CCCAACTTCACTCTTA
1663	e16_s1_CCCAACTTCTACTCAT
1664	e16_s1_CCCAACTTCTTCCGTG
1665	e16_s1_CCCATTGAGCACCAGA
1666	e16_s1_CCCATTGAGCATGGGT
1667	e16_s1_CCCATTGCACAGTGAG
1668	e16_s1_CCCATTGCACCTTCGT
1669	e16_s1_CCCATTGCAGCGTTTA
1670	e16_s1_CCCATTGTCAGTCTTT
1671	e16_s1_CCCATTGTCGTCCATC
1672	e16_s1_CCCGAAGCAACACGTT
1673	e16_s1_CCCGAAGCAACTTGGT
1674	e16_s1_CCCGAAGCAAGTACCT
1675	e16_s1_CCCGAAGCACATAACC
1676	e16_s1_CCCGAAGCATGGCCAC
1677	e16_s1_CCCGGAAAGAAGCCAC
1678	e16_s1_CCCGGAAGTCCTACAA
1679	e16_s1_CCCGGAAGTTACACAC
1680	e16_s1_CCCTAACCACAACGTT
1681	e16_s1_CCCTAACGTGGATGAC
1682	e16_s1_CCCTAACTCAAACCTG
1683	e16_s1_CCCTCAAAGGCTCTAT
1684	e16_s1_CCCTCAACAATGAAAC
1685	e16_s1_CCCTCAACACTACACA
1686	e16_s1_CCCTCAACATTCACCC
1687	e16_s1_CCCTCAAGTTTCCCAC
1688	e16_s1_CCCTCAATCACTCGAA
1689	e16_s1_CCCTCAATCCTGGGAC
1690	e16_s1_CCCTCAATCTTGGCTC
1691	e16_s1_CCCTCTCAGATTGAGT
1692	e16_s1_CCCTCTCAGGCTCACC
1693	e16_s1_CCCTCTCCAATTGCAC
1694	e16_s1_CCCTCTCCATCGTGCG
1695	e16_s1_CCCTCTCGTCTTCATT
1696	e16_s1_CCCTGATAGACCATTC
1697	e16_s1_CCCTGATAGCCAACCC
1698	e16_s1_CCCTGATAGTAAACAC
1699	e16_s1_CCCTGATAGTCTCCTC
1700	e16_s1_CCCTGATGTGAATTGA
1701	e16_s1_CCCTGATGTTAGCTAC
1702	e16_s1_CCCTGATGTTCTCAGA
1703	e16_s1_CCCTGATTCATCGGGC
1704	e16_s1_CCCTGATTCCCTCATG
1705	e16_s1_CCCTGATTCGCAATGT
1706	e16_s1_CCCTTAGCAATGAACA
1707	e16_s1_CCCTTAGCAGCGACAA
1708	e16_s1_CCCTTAGCATCGCCTT
1709	e16_s1_CCCTTAGGTACCCGCA
1710	e16_s1_CCCTTAGTCAACGCTA
1711	e16_s1_CCCTTAGTCCGACAGC
1712	e16_s1_CCCTTAGTCTAGCCTC
1713	e16_s1_CCGAACGCAATTGCAC
1714	e16_s1_CCGAACGCATCTAACG
1715	e16_s1_CCGAACGTCGCAGATT
1716	e16_s1_CCGATCTAGCAAATGT
1717	e16_s1_CCGATCTCACCATATG
1718	e16_s1_CCGATCTGTCTACAGT
1719	e16_s1_CCGATCTTCGACACTA
1720	e16_s1_CCGATGGCATGACGGA
1721	e16_s1_CCGATGGTCCTACGAA
1722	e16_s1_CCGCAAGAGGTTGGTG
1723	e16_s1_CCGCAAGCAAACACCT
1724	e16_s1_CCGCAAGCAAGCAATA
1725	e16_s1_CCGCAAGCACTGAGTT
1726	e16_s1_CCGCAAGCATATGCGT
1727	e16_s1_CCGGACAAGCACTCAT
1728	e16_s1_CCGGACAAGCGCCCAT
1729	e16_s1_CCGGACACATTGGATC
1730	e16_s1_CCGGACAGTTCAAACC
1731	e16_s1_CCGGACATCAAGCCAT
1732	e16_s1_CCGGACATCGATTCCC
1733	e16_s1_CCGGACATCGCCAATA
1734	e16_s1_CCGGACATCTGGTGCG
1735	e16_s1_CCGGGTAAGAAGCTGC
1736	e16_s1_CCGGGTAAGACATCCT
1737	e16_s1_CCGGGTAAGAGCAGTC
1738	e16_s1_CCGGGTACAAGGTCAG
1739	e16_s1_CCGGGTAGTGGCTACC
1740	e16_s1_CCGGGTAGTTAGTTCG
1741	e16_s1_CCGGGTATCCTTACCG
1742	e16_s1_CCGGTAGAGACCGCCT
1743	e16_s1_CCGGTAGGTATGCTTG
1744	e16_s1_CCGGTAGTCAACCCGG
1745	e16_s1_CCGGTAGTCGAGAGCA
1746	e16_s1_CCGGTGACATCACCAA
1747	e16_s1_CCGGTGATCAACTCTT
1748	e16_s1_CCGGTGATCTTCACGC
1749	e16_s1_CCGGTGATCTTTGCGC
1750	e16_s1_CCGTAGGAGGAACTAT
1751	e16_s1_CCGTAGGCATCCGTTC
1752	e16_s1_CCGTAGGTCAAGAAAC
1753	e16_s1_CCGTGAGAGCCACCGT
1754	e16_s1_CCGTGAGTCGGCATAT
1755	e16_s1_CCGTGAGTCTATACTC
1756	e16_s1_CCGTTCAAGACCGTTT
1757	e16_s1_CCGTTCACAGGTTTAC
1758	e16_s1_CCGTTCAGTATCTTCT
1759	e16_s1_CCGTTCAGTTGCTCCT
1760	e16_s1_CCGTTCATCCGCACTT
1761	e16_s1_CCGTTCATCGATCCCT
1762	e16_s1_CCTAACCAGTTGTACC
1763	e16_s1_CCTAACCCACATAACC
1764	e16_s1_CCTAACCCACCAATTG
1765	e16_s1_CCTAACCCATACATCG
1766	e16_s1_CCTAACCGTTCGGCGT
1767	e16_s1_CCTAACCGTTCTTGCC
1768	e16_s1_CCTAACCGTTGGCTAT
1769	e16_s1_CCTAAGAAGGTCACAG
1770	e16_s1_CCTAAGACAATACGAA
1771	e16_s1_CCTAAGACAGGTTCAT
1772	e16_s1_CCTAAGAGTGTCCGGT
1773	e16_s1_CCTACGTAGCACTTTG
1774	e16_s1_CCTACGTAGGCTCAAG
1775	e16_s1_CCTACGTCACACTGGC
1776	e16_s1_CCTACGTGTGACACAG
1777	e16_s1_CCTACGTTCACCGCTT
1778	e16_s1_CCTATCGCATGGCTAT
1779	e16_s1_CCTCAACCAGGTATGG
1780	e16_s1_CCTCAACCAGTTAGAA
1781	e16_s1_CCTCAACCATGGGAAC
1782	e16_s1_CCTCAACGTGGCGTAA
1783	e16_s1_CCTCAACTCGCTGTCT
1784	e16_s1_CCTCACAAGAGCTGAC
1785	e16_s1_CCTCACAAGATGCTAA
1786	e16_s1_CCTCACAAGTAGCAAT
1787	e16_s1_CCTCACACAAAGAGTT
1788	e16_s1_CCTCACACAAGGCAAC
1789	e16_s1_CCTCACACACATGACT
1790	e16_s1_CCTCACACATATAGCC
1791	e16_s1_CCTCACAGTCAACCAT
1792	e16_s1_CCTCACATCCGCGAGT
1793	e16_s1_CCTCACATCGCTATTT
1794	e16_s1_CCTCACATCTGTACAG
1795	e16_s1_CCTCAGTAGTCCCTAA
1796	e16_s1_CCTCAGTCACCATATG
1797	e16_s1_CCTCAGTGTAAGCGGT
1798	e16_s1_CCTCAGTGTCCTACAA
1799	e16_s1_CCTCAGTGTTTCCAAG
1800	e16_s1_CCTCATGAGAAGTCTA
1801	e16_s1_CCTCATGAGCAGTCTT
1802	e16_s1_CCTCATGCAACGATCT
1803	e16_s1_CCTCATGCAATCCTAG
1804	e16_s1_CCTCATGGTCCATAGT
1805	e16_s1_CCTCATGGTCGTCATA
1806	e16_s1_CCTCATGGTGCGAACA
1807	e16_s1_CCTCATGGTTTACTTC
1808	e16_s1_CCTCATGGTTTGTTCT
1809	e16_s1_CCTCATGTCATCTACT
1810	e16_s1_CCTCCAAAGCAACCAG
1811	e16_s1_CCTCCAAAGCCTGAGA
1812	e16_s1_CCTCCAACATGGTGGA
1813	e16_s1_CCTCCAAGTTATGTGC
1814	e16_s1_CCTCCAATCCTACCGT
1815	e16_s1_CCTCCAATCGGCATAT
1816	e16_s1_CCTCCTCAGATAACAC
1817	e16_s1_CCTCCTCAGCTCCATA
1818	e16_s1_CCTCCTCCACGTACAT
1819	e16_s1_CCTCCTCCAGATCCAT
1820	e16_s1_CCTCCTCCATCCTCAC
1821	e16_s1_CCTCCTCGTATGCGGA
1822	e16_s1_CCTCCTCGTCCTTAAG
1823	e16_s1_CCTCCTCTCCTGTTGC
1824	e16_s1_CCTCCTCTCTAGAACC
1825	e16_s1_CCTCCTCTCTCAAAGC
1826	e16_s1_CCTCTAGCAATCCAGT
1827	e16_s1_CCTCTAGCATGTTCAG
1828	e16_s1_CCTCTAGTCCTCACTG
1829	e16_s1_CCTCTAGTCTAGTCAG
1830	e16_s1_CCTCTAGTCTCCGCAT
1831	e16_s1_CCTCTCCAGATGGTAT
1832	e16_s1_CCTCTCCAGCGACCCT
1833	e16_s1_CCTCTCCAGTACCGGA
1834	e16_s1_CCTCTCCCAATTGTGC
1835	e16_s1_CCTCTCCCATCGTGGC
1836	e16_s1_CCTCTCCGTAACCCTA
1837	e16_s1_CCTCTCCGTCGCAACC
1838	e16_s1_CCTCTCCGTCTGATCA
1839	e16_s1_CCTCTCCGTTCGTTCC
1840	e16_s1_CCTCTCCGTTTACCAG
1841	e16_s1_CCTCTCCTCAGCATTG
1842	e16_s1_CCTCTCCTCCCATAAG
1843	e16_s1_CCTCTCCTCGACGACC
1844	e16_s1_CCTCTCCTCGGCCAAC
1845	e16_s1_CCTCTCCTCGTGGCTG
1846	e16_s1_CCTCTCCTCTGAGCAT
1847	e16_s1_CCTGCATAGCACCTGC
1848	e16_s1_CCTGCATCACAGAGAC
1849	e16_s1_CCTGCATCAGTTACCA
1850	e16_s1_CCTGCATCATCCTATT
1851	e16_s1_CCTGCATTCCAACCAA
1852	e16_s1_CCTGCATTCGGTCGAC
1853	e16_s1_CCTGCATTCTATTCGT
1854	e16_s1_CCTGCATTCTCGCTCA
1855	e16_s1_CCTGTTGAGGTCTACT
1856	e16_s1_CCTGTTGCAAGCTACT
1857	e16_s1_CCTGTTGCACAAGCAG
1858	e16_s1_CCTGTTGGTCTCGACG
1859	e16_s1_CCTGTTGTCCTTCAGC
1860	e16_s1_CCTTCAGAGTACAACA
1861	e16_s1_CCTTCAGCAGCCGTTG
1862	e16_s1_CCTTCAGCAGCGATTT
1863	e16_s1_CCTTCAGCATGGGTTT
1864	e16_s1_CCTTCAGGTCACCGAC
1865	e16_s1_CCTTCAGGTCACTCGG
1866	e16_s1_CCTTCAGGTTACACTG
1867	e16_s1_CCTTCAGTCCAATCTT
1868	e16_s1_CCTTCAGTCTGCGAGC
1869	e16_s1_CCTTGTGCACTCAGAT
1870	e16_s1_CCTTGTGGTGCTCTCT
1871	e16_s1_CCTTGTGTCTAGCCAA
1872	e16_s1_CCTTTGGCAACTGAAA
1873	e16_s1_CCTTTGGGTAACAGTA
1874	e16_s1_CCTTTGGGTCAGCTTA
1875	e16_s1_CCTTTGGGTCGAATTC
1876	e16_s1_CCTTTGGGTGCCGGTT
1877	e16_s1_CCTTTGGGTGGTCCGT
1878	e16_s1_CCTTTGGTCTCGGCTT
1879	e16_s1_CGAAGGAAGTCATAGA
1880	e16_s1_CGAAGTTTCCCTCGAT
1881	e16_s1_CGAATTGGTCGGTGAA
1882	e16_s1_CGAATTGGTTTGCCGG
1883	e16_s1_CGACAGCAGAGGCCAT
1884	e16_s1_CGACAGCAGTGCTCAT
1885	e16_s1_CGACAGCGTTTCCATT
1886	e16_s1_CGACAGCTCTGTACAG
1887	e16_s1_CGAGAAGCACATACGT
1888	e16_s1_CGAGGAAAGTGCTACT
1889	e16_s1_CGAGGAACACGTCGGT
1890	e16_s1_CGAGGAACACTTCAAG
1891	e16_s1_CGAGGAATCAACACGT
1892	e16_s1_CGAGGAATCCTTGACC
1893	e16_s1_CGAGGAATCGATCCCT
1894	e16_s1_CGAGGAATCGCCTTGT
1895	e16_s1_CGAGGCTCAAAGGGTC
1896	e16_s1_CGAGTGCAGAGTCGAC
1897	e16_s1_CGAGTGCCACATTGTG
1898	e16_s1_CGAGTGCTCTTCTTCC
1899	e16_s1_CGATCGGGTCTGGTTA
1900	e16_s1_CGATCGGTCCCTTGGT
1901	e16_s1_CGATCGGTCGGTCGAC
1902	e16_s1_CGATGCGAGTATGACA
1903	e16_s1_CGATGCGCAATGTGGG
1904	e16_s1_CGATGCGCACGTACAT
1905	e16_s1_CGATGCGCACTACCGG
1906	e16_s1_CGATGCGTCATTTGCT
1907	e16_s1_CGATGGCCACTCCACT
1908	e16_s1_CGATGGCTCAACTGGT
1909	e16_s1_CGATGGCTCTCTGGTC
1910	e16_s1_CGCAGGTAGCTCGACC
1911	e16_s1_CGCAGGTGTATTCCTT
1912	e16_s1_CGCAGGTGTCGCAGTC
1913	e16_s1_CGCAGGTGTCTTAGTG
1914	e16_s1_CGCAGGTTCTCTGGTC
1915	e16_s1_CGCATAAAGACTAGAT
1916	e16_s1_CGCATAAAGTACGAGC
1917	e16_s1_CGCATAACAGCAGTGA
1918	e16_s1_CGCATGGCACTATCCC
1919	e16_s1_CGCATGGCAGGACAGT
1920	e16_s1_CGCATGGGTCCACATA
1921	e16_s1_CGCATGGGTGTTACTG
1922	e16_s1_CGCATGGTCGCAGTTA
1923	e16_s1_CGCCAGACAAGACAAT
1924	e16_s1_CGCCAGACAATTTCTC
1925	e16_s1_CGCCAGACACAACGAG
1926	e16_s1_CGCCAGACACATACTG
1927	e16_s1_CGCCAGATCCAAACCA
1928	e16_s1_CGCCATTAGGTAGCCA
1929	e16_s1_CGCCATTAGTCATTGC
1930	e16_s1_CGCCATTCAACTCGTA
1931	e16_s1_CGCCATTCAGCGTTTA
1932	e16_s1_CGCCATTGTATACAGA
1933	e16_s1_CGCCATTGTCCACTCT
1934	e16_s1_CGCCATTGTCTACAAC
1935	e16_s1_CGCCATTGTCTATGAC
1936	e16_s1_CGCCATTGTGATACAA
1937	e16_s1_CGCCATTGTTACGATC
1938	e16_s1_CGCCATTGTTTCACAG
1939	e16_s1_CGCCATTTCCATATGG
1940	e16_s1_CGCCATTTCCCTATTA
1941	e16_s1_CGCCATTTCCTCACCA
1942	e16_s1_CGCGTGAAGAACTTCC
1943	e16_s1_CGCGTGAAGACGGTTG
1944	e16_s1_CGCGTGAAGCGAGTAC
1945	e16_s1_CGCGTGACACTGCATA
1946	e16_s1_CGCGTGATCTCGAACA
1947	e16_s1_CGGAACCAGTAATTGG
1948	e16_s1_CGGAACCGTATCTCTT
1949	e16_s1_CGGAACCTCAAGGAGC
1950	e16_s1_CGGAATTAGTAGCTCT
1951	e16_s1_CGGAATTGTGACCTGC
1952	e16_s1_CGGAATTGTTAGTTCG
1953	e16_s1_CGGAATTGTTTGCAGT
1954	e16_s1_CGGACACAGTTAACAG
1955	e16_s1_CGGACACCAATTTCTC
1956	e16_s1_CGGACACCACATACGT
1957	e16_s1_CGGACACGTACCGTCG
1958	e16_s1_CGGACACGTAGACTGG
1959	e16_s1_CGGACACTCACTAGCA
1960	e16_s1_CGGACACTCGCCGATG
1961	e16_s1_CGGAGAAAGAAATTCG
1962	e16_s1_CGGAGAACACATACTG
1963	e16_s1_CGGAGAATCCTTCACG
1964	e16_s1_CGGAGAATCTGTGCTC
1965	e16_s1_CGGCAGTCAAGAGTGC
1966	e16_s1_CGGCAGTGTACTAGCT
1967	e16_s1_CGGCAGTGTCCTCCAT
1968	e16_s1_CGGCAGTTCTCTGCTG
1969	e16_s1_CGGGACTCACGGTGTC
1970	e16_s1_CGGGACTCACTGTTCC
1971	e16_s1_CGGGACTCACTTGACA
1972	e16_s1_CGGGACTGTACCCACG
1973	e16_s1_CGGGACTGTTAGAAAC
1974	e16_s1_CGGGCATAGAATCGAT
1975	e16_s1_CGGGCATAGCTTCGTA
1976	e16_s1_CGGGCATAGTATAGAC
1977	e16_s1_CGGGCATCATTGTACG
1978	e16_s1_CGGGCATGTATCGCTA
1979	e16_s1_CGGGTCACAAGGACAC
1980	e16_s1_CGGGTCACAAGTACCT
1981	e16_s1_CGGGTCATCCTGTTAT
1982	e16_s1_CGGGTGTTCACACGAT
1983	e16_s1_CGGGTGTTCTCCACTG
1984	e16_s1_CGGGTGTTCTGGTGCG
1985	e16_s1_CGGTCAGAGGCAATGC
1986	e16_s1_CGGTCAGGTTGCCGAC
1987	e16_s1_CGTAAGTAGACCTGGA
1988	e16_s1_CGTAAGTTCGAAGCCC
1989	e16_s1_CGTAAGTTCGGCATCG
1990	e16_s1_CGTAATGAGGCCCGTT
1991	e16_s1_CGTAATGAGTTACTCG
1992	e16_s1_CGTAATGCACAAATAG
1993	e16_s1_CGTAATGCAGCCCACA
1994	e16_s1_CGTAATGTCGATCCCT
1995	e16_s1_CGTAGTAAGCACTAGG
1996	e16_s1_CGTAGTAAGGTATAGT
1997	e16_s1_CGTAGTACAGCACGAA
1998	e16_s1_CGTAGTAGTCATCCCT
1999	e16_s1_CGTAGTATCGTAACCA
2000	e16_s1_CGTCAAAGTGTTCGAT
2001	e16_s1_CGTCAAATCTCTCCGA
2002	e16_s1_CGTCCATAGCTGTCCG
2003	e16_s1_CGTCCATCAAGAGTAT
2004	e16_s1_CGTCCATGTTACCTTT
2005	e16_s1_CGTGAATTCCCACAGG
2006	e16_s1_CGTGATACACAGCGCT
2007	e16_s1_CGTGATAGTTACCTGA
2008	e16_s1_CGTGATATCCCTTCCC
2009	e16_s1_CGTGCTTAGATGTAGT
2010	e16_s1_CGTGCTTAGTCCGCGT
2011	e16_s1_CGTGCTTCACACCTTC
2012	e16_s1_CGTTAGAAGGTAAGTT
2013	e16_s1_CGTTAGACAATTGGTC
2014	e16_s1_CGTTAGACACAGTGAG
2015	e16_s1_CGTTAGAGTAACGCGA
2016	e16_s1_CGTTGGGAGTAAACAC
2017	e16_s1_CGTTGGGCATCTTTCA
2018	e16_s1_CGTTGGGGTGATAGAT
2019	e16_s1_CTAACCCAGACAACAT
2020	e16_s1_CTAACCCCACGCTTAA
2021	e16_s1_CTAACCCCAGAGCTAG
2022	e16_s1_CTAACCCGTACCATAC
2023	e16_s1_CTAACCCGTCATCCCT
2024	e16_s1_CTAACCCGTCTAGATC
2025	e16_s1_CTAACCCTCAAAGAAC
2026	e16_s1_CTAACCCTCATCCTGC
2027	e16_s1_CTAACCCTCGAATGCT
2028	e16_s1_CTAACTTAGACAAGCC
2029	e16_s1_CTAACTTAGACCATAA
2030	e16_s1_CTAACTTAGAGAGCAA
2031	e16_s1_CTAACTTCAAACTCGT
2032	e16_s1_CTAACTTCAACCCTCT
2033	e16_s1_CTAACTTGTCCGGATC
2034	e16_s1_CTAACTTGTGTTTACG
2035	e16_s1_CTAACTTTCTACAGGT
2036	e16_s1_CTAAGTGAGAACTTCC
2037	e16_s1_CTAAGTGCAGCTCATA
2038	e16_s1_CTAAGTGGTCACTCAA
2039	e16_s1_CTAAGTGGTTGACTAC
2040	e16_s1_CTAAGTGTCCGACATA
2041	e16_s1_CTAAGTGTCGAGTTGT
2042	e16_s1_CTACAGAGTCCGACGT
2043	e16_s1_CTACAGATCACCTTGC
2044	e16_s1_CTACATTAGCAATTAG
2045	e16_s1_CTACATTCAGCTAACT
2046	e16_s1_CTACATTCAGCTGTAT
2047	e16_s1_CTACATTCATGACAGG
2048	e16_s1_CTACATTGTAAGACCG
2049	e16_s1_CTACATTTCAAAGGTA
2050	e16_s1_CTACATTTCAGCGCGT
2051	e16_s1_CTACATTTCATTCTTG
2052	e16_s1_CTACATTTCCCATAAG
2053	e16_s1_CTACATTTCGCAGTTA
2054	e16_s1_CTACCCAAGCTGAAAT
2055	e16_s1_CTACCCACAAGATCCT
2056	e16_s1_CTACCCACAATTCACG
2057	e16_s1_CTACCCACACTGAGGA
2058	e16_s1_CTACCCACAGGCACTC
2059	e16_s1_CTACCCAGTAAGATTG
2060	e16_s1_CTACCCAGTCTAGGCC
2061	e16_s1_CTACCCAGTGACAGCA
2062	e16_s1_CTACCCAGTGTTTACG
2063	e16_s1_CTACCCAGTTTACGAC
2064	e16_s1_CTACCCAGTTTACTGG
2065	e16_s1_CTACCCATCTCCTGTG
2066	e16_s1_CTACCTGAGCTATCCA
2067	e16_s1_CTACCTGCACGGATCC
2068	e16_s1_CTACCTGCATCCTATT
2069	e16_s1_CTACCTGGTACAGAGC
2070	e16_s1_CTACCTGGTATGAAAC
2071	e16_s1_CTACCTGGTATGGTTC
2072	e16_s1_CTACCTGGTCAAGCGA
2073	e16_s1_CTACCTGGTTCAAACC
2074	e16_s1_CTACCTGTCACCCTTG
2075	e16_s1_CTACCTGTCCCTCAAC
2076	e16_s1_CTACCTGTCTGCTAGA
2077	e16_s1_CTACGGGGTACAGAGC
2078	e16_s1_CTACGGGGTCGAACGA
2079	e16_s1_CTACTATAGCATACTC
2080	e16_s1_CTACTATAGTAGTCTC
2081	e16_s1_CTACTATAGTCGAATA
2082	e16_s1_CTACTATCACGGCTAC
2083	e16_s1_CTACTATGTCGACGCT
2084	e16_s1_CTACTATTCTCCGAGG
2085	e16_s1_CTAGACAAGCCATTTG
2086	e16_s1_CTAGACAAGCTAGAAT
2087	e16_s1_CTAGACACAACCTATG
2088	e16_s1_CTAGACAGTATGTCAC
2089	e16_s1_CTAGACATCCGGACGT
2090	e16_s1_CTAGACATCCTACAAG
2091	e16_s1_CTAGACATCGACGATT
2092	e16_s1_CTAGGTAAGAAGTATC
2093	e16_s1_CTAGGTATCCATCTAT
2094	e16_s1_CTAGGTATCCTACTGC
2095	e16_s1_CTAGGTATCGAATCCA
2096	e16_s1_CTATAGGTCACCTCAC
2097	e16_s1_CTATAGGTCTACCAGA
2098	e16_s1_CTATCCGAGTCCTGTA
2099	e16_s1_CTATCCGCACGACGTC
2100	e16_s1_CTATCCGCACTTCAGA
2101	e16_s1_CTATCCGGTACTGAGG
2102	e16_s1_CTATCCGTCCTTATCA
2103	e16_s1_CTATCCGTCGCAGATT
2104	e16_s1_CTATCCGTCGCTTAAG
2105	e16_s1_CTATCCGTCTGCTTAT
2106	e16_s1_CTATCTAAGCAGTAAT
2107	e16_s1_CTATCTAAGCGTGTCC
2108	e16_s1_CTATCTACACCGTCTT
2109	e16_s1_CTATCTACAGTTACCA
2110	e16_s1_CTATCTAGTATCACGT
2111	e16_s1_CTATCTATCAAACCCA
2112	e16_s1_CTATCTATCTTTCGAT
2113	e16_s1_CTCAACCAGACATAAC
2114	e16_s1_CTCAACCAGGTAAACT
2115	e16_s1_CTCAACCAGTAGCATA
2116	e16_s1_CTCAACCCAACCGTGC
2117	e16_s1_CTCAACCCACCCAATA
2118	e16_s1_CTCAACCCAGCATTGT
2119	e16_s1_CTCAACCCAGCGACAA
2120	e16_s1_CTCAACCCAGGTCAAG
2121	e16_s1_CTCAACCCAGTAGGAC
2122	e16_s1_CTCAACCGTTCCGCAG
2123	e16_s1_CTCAACCTCACATACG
2124	e16_s1_CTCAACCTCTCCGCAT
2125	e16_s1_CTCAAGAAGGATTTCC
2126	e16_s1_CTCAAGAGTCTCTCCA
2127	e16_s1_CTCAATTAGCGGTAAC
2128	e16_s1_CTCAATTGTCTCACAA
2129	e16_s1_CTCAATTTCTTTGCAT
2130	e16_s1_CTCACTGAGGGTACGT
2131	e16_s1_CTCACTGAGGGTTTCT
2132	e16_s1_CTCACTGCACGCAAAG
2133	e16_s1_CTCACTGCAGCAGTGA
2134	e16_s1_CTCACTGGTCTCAAGT
2135	e16_s1_CTCACTGGTTCTCAGA
2136	e16_s1_CTCAGAACACTCCACT
2137	e16_s1_CTCAGAACACTGTTCC
2138	e16_s1_CTCAGAATCACCATAG
2139	e16_s1_CTCAGGGCACCGTGAC
2140	e16_s1_CTCAGGGCACTTTATC
2141	e16_s1_CTCAGGGGTAATCAAG
2142	e16_s1_CTCAGTCCAGATCACT
2143	e16_s1_CTCAGTCCAGCTAACT
2144	e16_s1_CTCAGTCGTCTGCAAT
2145	e16_s1_CTCAGTCGTGAGAGGG
2146	e16_s1_CTCAGTCGTTATCTTC
2147	e16_s1_CTCATCGCACTTGGCG
2148	e16_s1_CTCATCGCAGACCATT
2149	e16_s1_CTCATCGGTCTCAGAT
2150	e16_s1_CTCATGCAGACAACTA
2151	e16_s1_CTCATGCAGAGCCGAT
2152	e16_s1_CTCATGCAGGGCCTCT
2153	e16_s1_CTCATGCTCCCTCAAC
2154	e16_s1_CTCATGCTCGCATGAT
2155	e16_s1_CTCATTACACAGTCAT
2156	e16_s1_CTCATTACAGGTTACT
2157	e16_s1_CTCATTAGTCGAACAG
2158	e16_s1_CTCCAACAGATGCTTC
2159	e16_s1_CTCCAACAGCAGCGAT
2160	e16_s1_CTCCAACAGTTGCTCA
2161	e16_s1_CTCCAACCAGAAATTG
2162	e16_s1_CTCCAACCATAGACTC
2163	e16_s1_CTCCAACCATATCGGT
2164	e16_s1_CTCCAACTCAAGCGTT
2165	e16_s1_CTCCAACTCCCGTGAG
2166	e16_s1_CTCCAACTCCGAGGCT
2167	e16_s1_CTCCAACTCGCTCATC
2168	e16_s1_CTCCACAAGAGTATAC
2169	e16_s1_CTCCACACAGCATGCC
2170	e16_s1_CTCCACACAGGCACTC
2171	e16_s1_CTCCACACAGTGAGCA
2172	e16_s1_CTCCACAGTTGGTACT
2173	e16_s1_CTCCACATCATCGCTC
2174	e16_s1_CTCCATGCACAACGCC
2175	e16_s1_CTCCATGGTACTAGCT
2176	e16_s1_CTCCATGGTCCACGCA
2177	e16_s1_CTCCATGGTTCCGCGA
2178	e16_s1_CTCCATGTCCACACAA
2179	e16_s1_CTCCATGTCCCGATCT
2180	e16_s1_CTCCATGTCTTGCAGA
2181	e16_s1_CTCCCAAAGACATACA
2182	e16_s1_CTCCCAAAGCACACCC
2183	e16_s1_CTCCCAAAGCCACCGT
2184	e16_s1_CTCCCAAGTTAGGCCC
2185	e16_s1_CTCCCAAGTTCCACAA
2186	e16_s1_CTCCCAATCAAAGGTA
2187	e16_s1_CTCCCAATCCGATCGG
2188	e16_s1_CTCCCTCAGGCCTGAA
2189	e16_s1_CTCCCTCAGTTGTCGT
2190	e16_s1_CTCCCTCCAACGTAAA
2191	e16_s1_CTCCCTCCACACACTA
2192	e16_s1_CTCCCTCCACACAGCC
2193	e16_s1_CTCCCTCCAGGCAATG
2194	e16_s1_CTCCCTCCATTCCTAT
2195	e16_s1_CTCCCTCGTCACCGCA
2196	e16_s1_CTCCCTCGTCGCACGT
2197	e16_s1_CTCCCTCGTGCCTTCT
2198	e16_s1_CTCCCTCGTGGAAGTC
2199	e16_s1_CTCCCTCGTTCCCACT
2200	e16_s1_CTCCCTCTCACCTCGT
2201	e16_s1_CTCCCTCTCATCTATC
2202	e16_s1_CTCCCTCTCATTCATC
2203	e16_s1_CTCCCTCTCGCGGACT
2204	e16_s1_CTCCCTCTCTCACGAA
2205	e16_s1_CTCCCTCTCTCACTCG
2206	e16_s1_CTCCCTCTCTGTCAGA
2207	e16_s1_CTCCGATAGCATATGA
2208	e16_s1_CTCCGATGTGTTGCCG
2209	e16_s1_CTCCGATTCATGACAC
2210	e16_s1_CTCCGATTCCATTTAC
2211	e16_s1_CTCCGATTCTTCACAT
2212	e16_s1_CTCCTCCAGACATCCT
2213	e16_s1_CTCCTCCAGAGGCCAT
2214	e16_s1_CTCCTCCCAACCGTAT
2215	e16_s1_CTCCTCCCAATCCTTT
2216	e16_s1_CTCCTCCCACGGTCTG
2217	e16_s1_CTCCTCCCAGCTGGTC
2218	e16_s1_CTCCTCCTCAATCTTC
2219	e16_s1_CTCCTCCTCACTTTGT
2220	e16_s1_CTCCTCCTCCCATACC
2221	e16_s1_CTCCTCCTCCGTTGAA
2222	e16_s1_CTCCTCCTCCTATGGA
2223	e16_s1_CTCCTCCTCGGACTGC
2224	e16_s1_CTCCTCCTCGTTCATT
2225	e16_s1_CTCCTCCTCTGTCCGT
2226	e16_s1_CTCCTTTAGAACAGGA
2227	e16_s1_CTCCTTTAGAATTCAG
2228	e16_s1_CTCCTTTAGTTGTACC
2229	e16_s1_CTCCTTTCAAGCGCTC
2230	e16_s1_CTCCTTTCATAATGCC
2231	e16_s1_CTCCTTTTCCAATCTT
2232	e16_s1_CTCGAGGAGAAGCGGG
2233	e16_s1_CTCGAGGCACGAAAGC
2234	e16_s1_CTCGAGGGTCGGTGAA
2235	e16_s1_CTCGAGGGTGCATGAG
2236	e16_s1_CTCGAGGTCCAGTACA
2237	e16_s1_CTCGAGGTCTTACGTT
2238	e16_s1_CTCTCAGCACCAGACC
2239	e16_s1_CTCTCAGGTGGAGGTT
2240	e16_s1_CTCTCAGTCCGACGGT
2241	e16_s1_CTCTCAGTCTTAATCC
2242	e16_s1_CTCTCGAAGACTAGAT
2243	e16_s1_CTCTCGACACAGCCAC
2244	e16_s1_CTCTCGACACGTTGGC
2245	e16_s1_CTCTCGACACTATGTG
2246	e16_s1_CTCTCGACAGACACAG
2247	e16_s1_CTCTCGATCACAATGC
2248	e16_s1_CTCTCGATCCGTGGGT
2249	e16_s1_CTCTGGTAGTGGTGGT
2250	e16_s1_CTCTGGTCAGGACTAG
2251	e16_s1_CTCTGGTGTAACGCGA
2252	e16_s1_CTCTGGTTCTGTAACG
2253	e16_s1_CTGAATGCACGGTAGA
2254	e16_s1_CTGAATGCACTCTAGA
2255	e16_s1_CTGAATGCATAACAGA
2256	e16_s1_CTGAATGCATCCTGTC
2257	e16_s1_CTGAATGTCAAACCTG
2258	e16_s1_CTGAATGTCCAACCGG
2259	e16_s1_CTGAGCGCACAATGAA
2260	e16_s1_CTGAGGCCACTACGGC
2261	e16_s1_CTGAGGCGTAGAGTTA
2262	e16_s1_CTGAGGCTCCCGAAAT
2263	e16_s1_CTGATCCAGATAGCAT
2264	e16_s1_CTGATCCCATAACGGG
2265	e16_s1_CTGATCCTCACCTCGT
2266	e16_s1_CTGATCCTCTTAGTTC
2267	e16_s1_CTGATCCTCTTGGGCG
2268	e16_s1_CTGATCCTCTTTCCGG
2269	e16_s1_CTGCAGGAGATGAATC
2270	e16_s1_CTGCAGGAGCCATGCC
2271	e16_s1_CTGCAGGAGTGCAACG
2272	e16_s1_CTGCAGGCAAGTATCC
2273	e16_s1_CTGCAGGCAGACACCC
2274	e16_s1_CTGCAGGCAGCACACC
2275	e16_s1_CTGCATCCATAGGTTC
2276	e16_s1_CTGCATCGTTACGTAC
2277	e16_s1_CTGCATCTCATTGTTC
2278	e16_s1_CTGCATCTCCCGAGGT
2279	e16_s1_CTGCATCTCGCCTTGT
2280	e16_s1_CTGCATCTCTGTCGCT
2281	e16_s1_CTGCCATAGCCTCATA
2282	e16_s1_CTGCCATCAAGCTGTT
2283	e16_s1_CTGCCATCATCGGATT
2284	e16_s1_CTGCCATCATTCTGTT
2285	e16_s1_CTGCCATGTACTGCGC
2286	e16_s1_CTGCCATTCAAGTAAG
2287	e16_s1_CTGCCATTCCGATAAC
2288	e16_s1_CTGCCTAAGAGAGAAC
2289	e16_s1_CTGCCTAAGATTAGAC
2290	e16_s1_CTGCCTAGTTATAGCC
2291	e16_s1_CTGCCTAGTTTCACTT
2292	e16_s1_CTGCCTATCACTAGCA
2293	e16_s1_CTGCCTATCTGGGAGA
2294	e16_s1_CTGCGAGAGTTGGGAC
2295	e16_s1_CTGCTCAAGACTCGAG
2296	e16_s1_CTGCTCAAGCATCAAA
2297	e16_s1_CTGCTCAAGCCTCAAT
2298	e16_s1_CTGCTCAAGTTGGCGA
2299	e16_s1_CTGCTCAGTCGCACAC
2300	e16_s1_CTGCTCAGTGGTTTAC
2301	e16_s1_CTGGACGAGACCAGCA
2302	e16_s1_CTGGCAGAGACCAAAT
2303	e16_s1_CTGGCAGCACTCCCTA
2304	e16_s1_CTGGCAGGTATGATCC
2305	e16_s1_CTGGCAGGTCTACTGA
2306	e16_s1_CTGGCAGGTTGGCCTG
2307	e16_s1_CTGGCAGTCACTTCTA
2308	e16_s1_CTGGCAGTCGGCGATC
2309	e16_s1_CTGGTCTAGCCAGACA
2310	e16_s1_CTGGTCTAGTATTCCG
2311	e16_s1_CTGGTCTCAAACGTGG
2312	e16_s1_CTGGTCTCAGTCTCTC
2313	e16_s1_CTGGTCTGTGCGGTAA
2314	e16_s1_CTGGTCTTCGACTCCT
2315	e16_s1_CTGTACCCAAGCAATA
2316	e16_s1_CTGTACCGTATGACAA
2317	e16_s1_CTGTACCGTCCTCCAT
2318	e16_s1_CTGTACCGTGTCCTAA
2319	e16_s1_CTGTATTAGCGGCTCT
2320	e16_s1_CTGTATTCAAACTCTG
2321	e16_s1_CTGTATTCATTGACAC
2322	e16_s1_CTGTATTGTAAGATAC
2323	e16_s1_CTGTATTGTAGCGTCC
2324	e16_s1_CTGTATTTCGCGATCG
2325	e16_s1_CTGTCGTAGAACCGCA
2326	e16_s1_CTGTCGTAGACGCCAA
2327	e16_s1_CTGTCGTCAAACGGCA
2328	e16_s1_CTGTCGTCATCCTTGC
2329	e16_s1_CTGTCGTGTCACCGCA
2330	e16_s1_CTGTCGTGTGCTTCAA
2331	e16_s1_CTGTGAAAGACGCCCT
2332	e16_s1_CTGTGAAAGATGCTTC
2333	e16_s1_CTGTGAAGTCAGCTTA
2334	e16_s1_CTGTGAAGTCTGCATA
2335	e16_s1_CTGTGAAGTCTTTCAT
2336	e16_s1_CTGTGAATCGACACCG
2337	e16_s1_CTGTGGGAGGCAATGC
2338	e16_s1_CTGTGGGAGTCACACT
2339	e16_s1_CTTACCGAGCTGTGCC
2340	e16_s1_CTTACCGAGTGGTCAG
2341	e16_s1_CTTACCGCAGTCGCTG
2342	e16_s1_CTTACCGCATGTGACT
2343	e16_s1_CTTACCGTCCTGCTAC
2344	e16_s1_CTTACCGTCCTTACCG
2345	e16_s1_CTTAGGAAGAGTGTGC
2346	e16_s1_CTTAGGAGTGATACCT
2347	e16_s1_CTTCAATAGACACACG
2348	e16_s1_CTTCAATAGACGTCCC
2349	e16_s1_CTTCAATAGCACACCC
2350	e16_s1_CTTCAATAGTAGCATA
2351	e16_s1_CTTCAATCATTCCTAT
2352	e16_s1_CTTCAATGTTCTCAGA
2353	e16_s1_CTTCAATTCACCTGTC
2354	e16_s1_CTTCAATTCCTAAACG
2355	e16_s1_CTTCAATTCTCTCGAC
2356	e16_s1_CTTCAATTCTGAGTCA
2357	e16_s1_CTTCCGAAGAACTTCC
2358	e16_s1_CTTCCGAAGCTCCATA
2359	e16_s1_CTTCCGACAAATGGCG
2360	e16_s1_CTTCCGACAAGACCGA
2361	e16_s1_CTTCCGACAGGTGGAT
2362	e16_s1_CTTCCGAGTCCTGGGT
2363	e16_s1_CTTCCGATCGATTTCT
2364	e16_s1_CTTCCGATCTACACTT
2365	e16_s1_CTTCCGATCTTACACT
2366	e16_s1_CTTCCTTAGCATTTGC
2367	e16_s1_CTTCCTTAGTGACCTT
2368	e16_s1_CTTCCTTCACACACGC
2369	e16_s1_CTTCCTTCAGATTTCG
2370	e16_s1_CTTCCTTCAGTTGTTG
2371	e16_s1_CTTCCTTTCAGACAAA
2372	e16_s1_CTTCCTTTCAGCACCG
2373	e16_s1_CTTCCTTTCATTCACT
2374	e16_s1_CTTCCTTTCATTGGTG
2375	e16_s1_CTTCCTTTCTCTTCAA
2376	e16_s1_CTTCGGTAGCCGATTT
2377	e16_s1_CTTCGGTAGCTTTCCC
2378	e16_s1_CTTCGGTCACCCTGTT
2379	e16_s1_CTTCGGTCACCTGCGA
2380	e16_s1_CTTCGGTTCGCACTCT
2381	e16_s1_CTTCTAACAACCGCCA
2382	e16_s1_CTTCTAACACATGGTT
2383	e16_s1_CTTCTAACAGCGCTTG
2384	e16_s1_CTTCTAAGTTAGTCGT
2385	e16_s1_CTTCTAATCACAGTGT
2386	e16_s1_CTTCTAATCCTCGCAT
2387	e16_s1_CTTCTAATCCTTTAGT
2388	e16_s1_CTTCTAATCGTAGTCA
2389	e16_s1_CTTCTAATCTTCGGTC
2390	e16_s1_CTTCTCTAGTATGCAA
2391	e16_s1_CTTCTCTAGTTCCAGT
2392	e16_s1_CTTCTCTCAACTGGTT
2393	e16_s1_CTTCTCTCACTTCAAG
2394	e16_s1_CTTCTCTCAGCAAGAC
2395	e16_s1_CTTCTCTCATTGACCA
2396	e16_s1_CTTCTCTGTAACTTCG
2397	e16_s1_CTTCTCTGTTAAGGAT
2398	e16_s1_CTTCTCTGTTCGAGCC
2399	e16_s1_CTTCTCTTCAGAGTTC
2400	e16_s1_CTTCTCTTCGCGGACT
2401	e16_s1_CTTCTCTTCTCTCCGA
2402	e16_s1_CTTCTCTTCTGGTGCG
2403	e16_s1_CTTGAGACATTGAAGA
2404	e16_s1_CTTGAGAGTCTTCTAT
2405	e16_s1_CTTGATTCAACGCCCA
2406	e16_s1_CTTGATTCAAGTGGTG
2407	e16_s1_CTTGATTCACACGGTC
2408	e16_s1_CTTGATTCACTGAATC
2409	e16_s1_CTTGATTCATCTTCGC
2410	e16_s1_CTTGATTCATGACGGA
2411	e16_s1_CTTTCAACACAAGCCC
2412	e16_s1_CTTTCAACAGTTGTTG
2413	e16_s1_CTTTCAAGTCTACAGT
2414	e16_s1_CTTTCAATCCGTAGTA
2415	e16_s1_CTTTCAATCCTCTGCA
2416	e16_s1_CTTTCAATCGGCAGTC
2417	e16_s1_CTTTCGGAGACCCTTA
2418	e16_s1_CTTTCGGAGCCTCACG
2419	e16_s1_CTTTCGGAGTCTCCTC
2420	e16_s1_CTTTCGGCATTGGATC
2421	e16_s1_GAAACCTAGATCGACG
2422	e16_s1_GAAACCTCAAGTATCC
2423	e16_s1_GAAACCTCAAGTCCAT
2424	e16_s1_GAAACCTTCCAGCAAT
2425	e16_s1_GAAACCTTCCGGTAGC
2426	e16_s1_GAAATGACACTTGACA
2427	e16_s1_GAACACTAGAGATTCA
2428	e16_s1_GAACACTAGCCTGTCG
2429	e16_s1_GAACACTGTACGACAG
2430	e16_s1_GAACACTGTATGATCC
2431	e16_s1_GAACACTGTCTTGCGG
2432	e16_s1_GAACACTTCTACCTTA
2433	e16_s1_GAACACTTCTCTGCTG
2434	e16_s1_GAACGTTAGCTCACTA
2435	e16_s1_GAACGTTAGTGTTCCA
2436	e16_s1_GAACGTTGTCGTTGCG
2437	e16_s1_GAACGTTTCAGCGCAC
2438	e16_s1_GAACTGTCACTAGTAC
2439	e16_s1_GAACTGTCATTGAAGA
2440	e16_s1_GAACTGTTCCTCACCA
2441	e16_s1_GAACTGTTCGCTCTAC
2442	e16_s1_GAACTGTTCTAATTCC
2443	e16_s1_GAACTGTTCTATCACT
2444	e16_s1_GAACTGTTCTCTGCTG
2445	e16_s1_GAAGAATAGGGATGTC
2446	e16_s1_GAAGAATCAAGATTGA
2447	e16_s1_GAAGAATGTACCGTCG
2448	e16_s1_GAAGCCCAGGCCTTCG
2449	e16_s1_GAAGCCCCAAAGCTAA
2450	e16_s1_GAAGCCCCACAAGCAG
2451	e16_s1_GAAGCCCCAGTAGTGG
2452	e16_s1_GAAGCCCGTCCATCTC
2453	e16_s1_GAAGCGAAGGTTGTTC
2454	e16_s1_GAAGCGAGTCGATTCA
2455	e16_s1_GAAGGACAGTACTCGT
2456	e16_s1_GAAGGACCAAACTCGT
2457	e16_s1_GAAGGACGTTTGTTGG
2458	e16_s1_GAAGGGTCAAACTCTG
2459	e16_s1_GAAGGGTTCAAGTCGT
2460	e16_s1_GAAGGGTTCTCTGGTC
2461	e16_s1_GAAGTAAAGTGATTCC
2462	e16_s1_GAAGTAACAATTTCGG
2463	e16_s1_GAAGTAACAGTGGCTC
2464	e16_s1_GAATAGACAATGGGTG
2465	e16_s1_GAATAGACACTCAGAT
2466	e16_s1_GAATAGAGTGTTTACG
2467	e16_s1_GAATCACAGATGAATC
2468	e16_s1_GAATCACAGCTACTAC
2469	e16_s1_GAATCACAGGCCACTC
2470	e16_s1_GAATCACCACTTTAGG
2471	e16_s1_GAATCACCAGAGTCTT
2472	e16_s1_GAATCACCAGCTGAGA
2473	e16_s1_GAATCACCATCTTTCA
2474	e16_s1_GAATCACGTATCAAGA
2475	e16_s1_GAATCACTCACAATGC
2476	e16_s1_GAATCACTCATCTATC
2477	e16_s1_GAATCACTCCTGGCTT
2478	e16_s1_GAATCACTCGGCATAT
2479	e16_s1_GAATCACTCTGTCCCA
2480	e16_s1_GAATCGTAGAATCCCT
2481	e16_s1_GAATCGTTCTACCACC
2482	e16_s1_GACACGCAGGACTTCT
2483	e16_s1_GACACGCAGTGGTTCT
2484	e16_s1_GACACGCCAAGCAATA
2485	e16_s1_GACACGCCACTACGGC
2486	e16_s1_GACACGCCATCCCGTT
2487	e16_s1_GACACGCGTACCTAGT
2488	e16_s1_GACACGCGTGGTATGG
2489	e16_s1_GACACGCGTTGCATCA
2490	e16_s1_GACAGCCAGAGTATAC
2491	e16_s1_GACAGCCAGTGCACAG
2492	e16_s1_GACAGCCTCACAATGC
2493	e16_s1_GACAGCCTCCCATACC
2494	e16_s1_GACAGCCTCGCTTGAA
2495	e16_s1_GACATCAAGCGAGGAG
2496	e16_s1_GACATCACACTACTTT
2497	e16_s1_GACATCATCGATCCAA
2498	e16_s1_GACATCATCGCCATAA
2499	e16_s1_GACCAATAGATGGCAC
2500	e16_s1_GACCAATAGCATTGAA
2501	e16_s1_GACCAATCACGGCTAC
2502	e16_s1_GACCAATCATTCTCCG
2503	e16_s1_GACCAATGTCACTCAA
2504	e16_s1_GACCAATTCGATTCCC
2505	e16_s1_GACCAATTCTGTACAG
2506	e16_s1_GACCCAGAGATCCGAG
2507	e16_s1_GACCCAGCAAGAGCTG
2508	e16_s1_GACCCAGGTTTACCAG
2509	e16_s1_GACCCTTAGTCCTACA
2510	e16_s1_GACCCTTCACTGCACG
2511	e16_s1_GACCCTTCAGGTGGAT
2512	e16_s1_GACCCTTGTGGCCTCA
2513	e16_s1_GACCCTTGTTATGTCG
2514	e16_s1_GACCCTTTCAAGAGTA
2515	e16_s1_GACCCTTTCCACAAGT
2516	e16_s1_GACCCTTTCGATTCCC
2517	e16_s1_GACCCTTTCTGCCTCA
2518	e16_s1_GACCGTGAGAGTACCG
2519	e16_s1_GACCGTGAGGCTCTCG
2520	e16_s1_GACCGTGCATAGAGGC
2521	e16_s1_GACCGTGGTGGAGGTT
2522	e16_s1_GACCTTCAGACCAGAC
2523	e16_s1_GACCTTCAGCGTGAAC
2524	e16_s1_GACCTTCAGTAAGGGA
2525	e16_s1_GACCTTCCACTCACTC
2526	e16_s1_GACCTTCGTGAATTAG
2527	e16_s1_GACCTTCGTGGTCTCG
2528	e16_s1_GACGCTGAGAAACTGT
2529	e16_s1_GACGCTGAGCATTTGC
2530	e16_s1_GACGCTGCAGACGCTC
2531	e16_s1_GACGCTGCATTCCTAT
2532	e16_s1_GACGCTGGTCTGCAAT
2533	e16_s1_GACGTTACACCAACAT
2534	e16_s1_GACGTTACATCCTCAC
2535	e16_s1_GACGTTAGTCATAAAG
2536	e16_s1_GACGTTAGTGGTCTAT
2537	e16_s1_GACGTTATCAAGCCCG
2538	e16_s1_GACGTTATCAGCCTCT
2539	e16_s1_GACGTTATCGAGAACG
2540	e16_s1_GACGTTATCGGTCGAC
2541	e16_s1_GACTATGAGTCAGGGT
2542	e16_s1_GACTATGCAAGTCATC
2543	e16_s1_GACTATGCAATCGCGC
2544	e16_s1_GACTATGCACCCAATA
2545	e16_s1_GACTATGCATACTGTG
2546	e16_s1_GACTATGGTGGAACCA
2547	e16_s1_GACTATGGTTCGAACT
2548	e16_s1_GACTATGGTTTCTATC
2549	e16_s1_GACTCAAAGCACTCGC
2550	e16_s1_GACTCAAGTAGTCTTG
2551	e16_s1_GACTCAAGTCACTACA
2552	e16_s1_GACTCAATCGATGCAT
2553	e16_s1_GACTCTCAGATTCGCT
2554	e16_s1_GACTCTCAGCGTGCCT
2555	e16_s1_GACTCTCAGGCGCTTC
2556	e16_s1_GACTCTCAGGGACTGT
2557	e16_s1_GACTCTCCACACCTTC
2558	e16_s1_GACTCTCCACAGTATC
2559	e16_s1_GACTCTCCATCGCCTT
2560	e16_s1_GACTCTCGTGATCATC
2561	e16_s1_GACTCTCTCCGTGGGT
2562	e16_s1_GACTCTCTCTTAGCCC
2563	e16_s1_GACTGATAGTAACGAT
2564	e16_s1_GACTGATAGTAATTGG
2565	e16_s1_GACTGATCAAGGACAC
2566	e16_s1_GACTGATCAGCCGGTT
2567	e16_s1_GACTGATTCACTACTT
2568	e16_s1_GACTGATTCCTAGAGT
2569	e16_s1_GACTGATTCTCTCGCA
2570	e16_s1_GACTTCCCAAAGCACG
2571	e16_s1_GACTTCCCACACGTGC
2572	e16_s1_GACTTCCCACGCTATA
2573	e16_s1_GACTTCCCATGTCAGT
2574	e16_s1_GACTTCCGTACAGTAA
2575	e16_s1_GAGAAATCAGGCATTT
2576	e16_s1_GAGAAATGTCGTCTCT
2577	e16_s1_GAGACCCAGGCAGCTA
2578	e16_s1_GAGACCCCACATACGT
2579	e16_s1_GAGACCCTCACGGACC
2580	e16_s1_GAGACCCTCCTTCGAC
2581	e16_s1_GAGACTTCAAGGTCAG
2582	e16_s1_GAGAGGTGTTGCGGAA
2583	e16_s1_GAGAGGTTCTCTTAAC
2584	e16_s1_GAGATGGAGACAGTCG
2585	e16_s1_GAGATGGAGGCTAGCA
2586	e16_s1_GAGATGGAGTTAGTAG
2587	e16_s1_GAGCCTGAGCCTCATA
2588	e16_s1_GAGCCTGCATCCGAAT
2589	e16_s1_GAGCCTGGTCACTAGT
2590	e16_s1_GAGCCTGTCCACATAG
2591	e16_s1_GAGCTGCAGGATATAC
2592	e16_s1_GAGCTGCCATAGTCGT
2593	e16_s1_GAGGCAAAGCGATGCA
2594	e16_s1_GAGGCAACAGTTGGTT
2595	e16_s1_GAGGCAACATCATCTT
2596	e16_s1_GAGGCAACATCCGCGA
2597	e16_s1_GAGGCAAGTAAGTTAG
2598	e16_s1_GAGGCAAGTATCGATC
2599	e16_s1_GAGGCAAGTTGCCAAT
2600	e16_s1_GAGGCAATCCCAGCGA
2601	e16_s1_GAGGCCTAGGTTAAAC
2602	e16_s1_GAGGCCTAGTAACCGG
2603	e16_s1_GAGGCCTCACCCTAAA
2604	e16_s1_GAGGCCTCAGCACAAG
2605	e16_s1_GAGGCCTCATGGGTTT
2606	e16_s1_GAGGCCTGTATCATGC
2607	e16_s1_GAGGCCTGTATCGCGC
2608	e16_s1_GAGGGATCAAAGCGTG
2609	e16_s1_GAGGGATGTCCAAGAG
2610	e16_s1_GAGGGTAAGCAGGCTA
2611	e16_s1_GAGGGTAAGGTGCTAG
2612	e16_s1_GAGGGTAGTCCTGTCT
2613	e16_s1_GAGTCATCAAGTATAG
2614	e16_s1_GAGTCATCACAAGTGG
2615	e16_s1_GAGTCTAAGCTAAATG
2616	e16_s1_GAGTCTAAGGCTCTAT
2617	e16_s1_GAGTCTACAATTAGGA
2618	e16_s1_GAGTCTACACACTGGC
2619	e16_s1_GAGTCTACATTCTGTT
2620	e16_s1_GAGTCTAGTACTCCCT
2621	e16_s1_GAGTCTATCCGTATAG
2622	e16_s1_GAGTCTATCGAGAGCA
2623	e16_s1_GAGTGAGGTAGACGTG
2624	e16_s1_GAGTTACAGCTCTGTA
2625	e16_s1_GAGTTACGTAACTAAG
2626	e16_s1_GAGTTACGTCTTACAG
2627	e16_s1_GAGTTACGTTAAGCAA
2628	e16_s1_GAGTTACTCGACATAC
2629	e16_s1_GAGTTGTAGGAGGGTG
2630	e16_s1_GAGTTGTCAACTGCTA
2631	e16_s1_GAGTTGTTCAGTGTTG
2632	e16_s1_GAGTTGTTCCATTGGA
2633	e16_s1_GAGTTTGAGGCAATGC
2634	e16_s1_GAGTTTGGTGCCGTAC
2635	e16_s1_GAGTTTGTCTCCCATG
2636	e16_s1_GATAGAAAGTCCGCCA
2637	e16_s1_GATAGAACAAGTCGTT
2638	e16_s1_GATAGAATCAGCTGAT
2639	e16_s1_GATAGCTAGCAATAAC
2640	e16_s1_GATAGCTAGTCTTCCC
2641	e16_s1_GATAGCTGTTACCGTA
2642	e16_s1_GATAGCTTCTCACGAA
2643	e16_s1_GATCACAAGGCATCTT
2644	e16_s1_GATCACAAGTATAACG
2645	e16_s1_GATCACAAGTATCTGC
2646	e16_s1_GATCACACACTCGATA
2647	e16_s1_GATCACACATGACGGA
2648	e16_s1_GATCACAGTATGCTTG
2649	e16_s1_GATCACAGTTTCTATC
2650	e16_s1_GATCACATCACCATCC
2651	e16_s1_GATCACATCACCTACC
2652	e16_s1_GATCACATCGCAGTTA
2653	e16_s1_GATCAGTAGCGATGAC
2654	e16_s1_GATCAGTCAACTGAAA
2655	e16_s1_GATCAGTCAGCCCAGT
2656	e16_s1_GATCAGTGTCCTGGTG
2657	e16_s1_GATCAGTGTGTGTCCG
2658	e16_s1_GATCAGTTCAGGACGA
2659	e16_s1_GATCAGTTCCATTGCC
2660	e16_s1_GATCAGTTCTCTCGAC
2661	e16_s1_GATCATGAGATTACCC
2662	e16_s1_GATCATGCAATACGCT
2663	e16_s1_GATCATGCACCATTCC
2664	e16_s1_GATCATGCAGCTGTTA
2665	e16_s1_GATCATGCATTGTGCA
2666	e16_s1_GATCATGGTACTGTTG
2667	e16_s1_GATCATGGTAGCGTTT
2668	e16_s1_GATCATGTCAACTCTT
2669	e16_s1_GATCATGTCGCTAGCG
2670	e16_s1_GATCATGTCTCTTAAC
2671	e16_s1_GATCCCTGTTACCCTC
2672	e16_s1_GATCCCTTCCTCGCAT
2673	e16_s1_GATCCCTTCTACTATC
2674	e16_s1_GATCCCTTCTTGGTCC
2675	e16_s1_GATCCCTTCTTGTGCC
2676	e16_s1_GATCGTACAACCTAAC
2677	e16_s1_GATCGTATCCGCAAAT
2678	e16_s1_GATGACTAGACATAGT
2679	e16_s1_GATGACTAGATCCGAG
2680	e16_s1_GATGACTCACATCCCT
2681	e16_s1_GATGACTCAGAGGACT
2682	e16_s1_GATGACTCAGCACGAA
2683	e16_s1_GATGACTCAGCTACAT
2684	e16_s1_GATGACTCAGGCTATT
2685	e16_s1_GATGACTCAGGTTACT
2686	e16_s1_GATGACTCATCCTTCG
2687	e16_s1_GATGACTCATGGCCCA
2688	e16_s1_GATGACTTCAAACTGC
2689	e16_s1_GATGACTTCTCCGCAT
2690	e16_s1_GATGAGGCATCCTTCG
2691	e16_s1_GATGAGGGTACTCGAT
2692	e16_s1_GATGAGGTCGACCTAA
2693	e16_s1_GATGAGGTCGATACTG
2694	e16_s1_GATGAGGTCTGCGATA
2695	e16_s1_GATGATCAGACGATAT
2696	e16_s1_GATGATCAGACTCGAG
2697	e16_s1_GATGATCAGGACGCAT
2698	e16_s1_GATGATCCAACCAGAG
2699	e16_s1_GATGATCCATCTCATT
2700	e16_s1_GATGATCGTCCACTCT
2701	e16_s1_GATGATCTCGCTCCTA
2702	e16_s1_GATGCTAAGCCGAATG
2703	e16_s1_GATGCTAGTTAGGCCC
2704	e16_s1_GATGGAGAGAAACTAC
2705	e16_s1_GATGGAGCACCTATCC
2706	e16_s1_GATGGAGGTCAAAGTA
2707	e16_s1_GATGGAGTCTCTGACC
2708	e16_s1_GATGTTGAGCTCGAAG
2709	e16_s1_GATGTTGGTGACACGA
2710	e16_s1_GATGTTGTCACGTAGT
2711	e16_s1_GATGTTGTCCTACAAG
2712	e16_s1_GATTCGAAGCCGTAAG
2713	e16_s1_GATTCGACAGACCATT
2714	e16_s1_GATTCGACAGGTCAGA
2715	e16_s1_GATTCGATCTCATGCC
2716	e16_s1_GATTCTTCACATGGTT
2717	e16_s1_GATTCTTGTGGCTACC
2718	e16_s1_GATTCTTTCCATATGG
2719	e16_s1_GATTCTTTCGATGCAT
2720	e16_s1_GATTCTTTCTCGTTTA
2721	e16_s1_GATTCTTTCTTCCGTG
2722	e16_s1_GATTGGTGTAGCTTTG
2723	e16_s1_GATTGGTGTCTAGGTT
2724	e16_s1_GATTGGTTCATCGCAA
2725	e16_s1_GATTTCTAGACGCCCT
2726	e16_s1_GATTTCTCAATAGAGT
2727	e16_s1_GATTTCTCACTCAGAT
2728	e16_s1_GATTTCTTCCCGTGAG
2729	e16_s1_GATTTCTTCGCTGACG
2730	e16_s1_GCAACATAGGTACCTT
2731	e16_s1_GCAACATAGTGATAAC
2732	e16_s1_GCAACATCAATTGCTG
2733	e16_s1_GCAACATGTGCCTACG
2734	e16_s1_GCAACATTCGCTCCTA
2735	e16_s1_GCAACCGAGACGAGCT
2736	e16_s1_GCAACCGAGTTTGAGA
2737	e16_s1_GCAACCGCATCCAACA
2738	e16_s1_GCAACCGGTAATACCC
2739	e16_s1_GCACATACAGTTGTTG
2740	e16_s1_GCACATACATTGACCA
2741	e16_s1_GCACGGTAGAAGAGCA
2742	e16_s1_GCACGGTGTGCATGTT
2743	e16_s1_GCACGGTGTGTCCGTG
2744	e16_s1_GCACGGTTCAAATAGG
2745	e16_s1_GCACGGTTCAACCCGG
2746	e16_s1_GCACGGTTCCCTATTA
2747	e16_s1_GCACGGTTCCGTCCTA
2748	e16_s1_GCACGTGAGGCTATCT
2749	e16_s1_GCACGTGCAAGCGCAA
2750	e16_s1_GCACGTGCACAAGCAG
2751	e16_s1_GCACGTGCAGTAGAAT
2752	e16_s1_GCACGTGCAGTGTATC
2753	e16_s1_GCACTAAAGACACACG
2754	e16_s1_GCACTAACAACCACAT
2755	e16_s1_GCACTAAGTTAGGCCC
2756	e16_s1_GCACTAATCCTACGAA
2757	e16_s1_GCAGCCAAGGCCTTGC
2758	e16_s1_GCAGCCAAGTAGGATT
2759	e16_s1_GCAGCCACATATACCG
2760	e16_s1_GCAGCCATCCATCTAT
2761	e16_s1_GCAGCCATCGCTAGCG
2762	e16_s1_GCAGGCTAGTTGGAGC
2763	e16_s1_GCAGGCTCAGAACCGA
2764	e16_s1_GCAGGCTCAGCAGACA
2765	e16_s1_GCAGGCTGTTTACGTG
2766	e16_s1_GCAGGCTTCATCGGGC
2767	e16_s1_GCAGGCTTCTCCAATT
2768	e16_s1_GCAGGCTTCTCGACCT
2769	e16_s1_GCAGTTACAAATCGTC
2770	e16_s1_GCAGTTACATACAGAA
2771	e16_s1_GCAGTTAGTCTAACTG
2772	e16_s1_GCATCGGAGTAATTGG
2773	e16_s1_GCATCTCAGAGTAACT
2774	e16_s1_GCATCTCCACCTGATA
2775	e16_s1_GCATCTCGTCGGAACA
2776	e16_s1_GCATCTCTCATCCTGC
2777	e16_s1_GCATCTCTCCGCAAAT
2778	e16_s1_GCATCTCTCCGCTAGG
2779	e16_s1_GCATCTCTCGCTCTAC
2780	e16_s1_GCATGATAGCCAGTAG
2781	e16_s1_GCATGATAGTACCGGA
2782	e16_s1_GCATGATGTGTCTCCT
2783	e16_s1_GCATGATGTGTTACTG
2784	e16_s1_GCATGATTCCCTCTAG
2785	e16_s1_GCATTAGAGACCAGCA
2786	e16_s1_GCATTAGAGCGACAGT
2787	e16_s1_GCATTAGAGGCATCAG
2788	e16_s1_GCATTAGAGGGCAACT
2789	e16_s1_GCATTAGCAAGCCATT
2790	e16_s1_GCATTAGCACCCTAAA
2791	e16_s1_GCATTAGGTATCACGT
2792	e16_s1_GCATTAGGTCACTTAG
2793	e16_s1_GCCAACGAGACCTCAT
2794	e16_s1_GCCAACGAGGCATTTC
2795	e16_s1_GCCAACGAGGTGCTAG
2796	e16_s1_GCCAACGCACAAGCTT
2797	e16_s1_GCCAACGGTGATATAG
2798	e16_s1_GCCAACGGTTGCGTAT
2799	e16_s1_GCCAGCAAGACATAAC
2800	e16_s1_GCCAGCAAGTTACGAA
2801	e16_s1_GCCAGCACAACACGAG
2802	e16_s1_GCCAGCACAACCGTGC
2803	e16_s1_GCCAGCACACACGGTC
2804	e16_s1_GCCAGCACAGGCGAAT
2805	e16_s1_GCCAGCAGTGCATTTG
2806	e16_s1_GCCAGCATCTGGCCAG
2807	e16_s1_GCCAGGTAGAGGGCGA
2808	e16_s1_GCCAGGTAGTCAATCC
2809	e16_s1_GCCAGGTGTACATTGC
2810	e16_s1_GCCAGGTGTAGGCAGT
2811	e16_s1_GCCAGGTGTGTGTCGC
2812	e16_s1_GCCAGTGAGCATGCGA
2813	e16_s1_GCCAGTGCAAGTAGTA
2814	e16_s1_GCCAGTGGTTAGGACG
2815	e16_s1_GCCAGTGTCATGGTAC
2816	e16_s1_GCCATGGAGTGGTCAG
2817	e16_s1_GCCATGGCACTTGAAC
2818	e16_s1_GCCATGGCAGACAAGC
2819	e16_s1_GCCATGGGTGTTCCAA
2820	e16_s1_GCCATGGTCACCGGTG
2821	e16_s1_GCCATGGTCACCTCAC
2822	e16_s1_GCCATTCAGGTTCCGC
2823	e16_s1_GCCATTCCACCACATA
2824	e16_s1_GCCATTCCACTTGAGT
2825	e16_s1_GCCATTCCAGCTTTGA
2826	e16_s1_GCCATTCCAGTCAGCC
2827	e16_s1_GCCATTCCATGAAGCG
2828	e16_s1_GCCATTCGTCAGGCAA
2829	e16_s1_GCCATTCGTGGGCTCT
2830	e16_s1_GCCATTCTCGCCAATA
2831	e16_s1_GCCCAGAAGACATAAC
2832	e16_s1_GCCCAGAAGGTTCACT
2833	e16_s1_GCCCAGACAAATCCCA
2834	e16_s1_GCCCAGACAGCTGTAT
2835	e16_s1_GCCCAGAGTAAGCTCT
2836	e16_s1_GCCCAGATCCTCTTTC
2837	e16_s1_GCCCGAAAGCTCTGTA
2838	e16_s1_GCCCGAACAATAGTGA
2839	e16_s1_GCCCGAACATCCGAGC
2840	e16_s1_GCCCGAAGTCATTGCA
2841	e16_s1_GCCCGAAGTCCTATAG
2842	e16_s1_GCCCGAAGTGTTCGAT
2843	e16_s1_GCCCGAATCCCATAAG
2844	e16_s1_GCCCGAATCCTAGCCT
2845	e16_s1_GCCCGAATCGACGATT
2846	e16_s1_GCCCGAATCTGCAGCG
2847	e16_s1_GCCGATGAGTGGTCAG
2848	e16_s1_GCCGATGGTTCTTCAT
2849	e16_s1_GCCGATGTCACGACTA
2850	e16_s1_GCCGATGTCTACACAG
2851	e16_s1_GCCTGTTGTCGTCGGT
2852	e16_s1_GCCTGTTTCAACCTCC
2853	e16_s1_GCCTGTTTCGATTGAC
2854	e16_s1_GCGAGAAAGATGATTG
2855	e16_s1_GCGAGAATCAACGAGG
2856	e16_s1_GCGAGAATCAAGGCTT
2857	e16_s1_GCGATCGAGACATCCT
2858	e16_s1_GCGATCGAGTACAGAT
2859	e16_s1_GCGGAAACAAGATTGA
2860	e16_s1_GCGGAAATCACGGACC
2861	e16_s1_GCGGAAATCATCAGTG
2862	e16_s1_GCGGATCGTGCGCTCA
2863	e16_s1_GCGTGCAAGTCTCCTC
2864	e16_s1_GCGTTTCAGTCCGCGT
2865	e16_s1_GCGTTTCCACAAATGA
2866	e16_s1_GCGTTTCCACTCCCTA
2867	e16_s1_GCGTTTCCAGAAGCTG
2868	e16_s1_GCGTTTCGTGCCGTTG
2869	e16_s1_GCGTTTCTCGCGGTAC
2870	e16_s1_GCTACAAAGAGGCCAT
2871	e16_s1_GCTACAAAGCCTTTGA
2872	e16_s1_GCTACAACAAATCCCA
2873	e16_s1_GCTACAAGTCGCATGC
2874	e16_s1_GCTACAATCAGCATTG
2875	e16_s1_GCTACCTCATCTCATT
2876	e16_s1_GCTCAAAAGTCGCTAT
2877	e16_s1_GCTCAAAGTACCTAAC
2878	e16_s1_GCTCAAAGTACTTCCC
2879	e16_s1_GCTCAAAGTCGTGCCA
2880	e16_s1_GCTCAAATCTCATTAC
2881	e16_s1_GCTGAATCAGGTCCCA
2882	e16_s1_GCTGAATCAGTCACGC
2883	e16_s1_GCTGAATTCAGAGTTC
2884	e16_s1_GCTGCAGAGACAAGCC
2885	e16_s1_GCTGCAGAGTCATAGA
2886	e16_s1_GCTGCAGCAACTCATG
2887	e16_s1_GCTGCAGTCATCACAG
2888	e16_s1_GCTGCAGTCGCGGTAC
2889	e16_s1_GCTGGGTCAAGCCATT
2890	e16_s1_GCTGGGTCATCACAGT
2891	e16_s1_GCTGGGTGTGGACCAA
2892	e16_s1_GCTTCACAGGATATAC
2893	e16_s1_GCTTCACCAGCGACCT
2894	e16_s1_GCTTCACGTGGAAGTC
2895	e16_s1_GCTTCACGTTCACGAT
2896	e16_s1_GCTTCACTCGCGATCG
2897	e16_s1_GCTTCACTCGTTCTGC
2898	e16_s1_GCTTGGGTCATGCGGC
2899	e16_s1_GCTTGGGTCTCCGATC
2900	e16_s1_GCTTTCGAGACTTCAC
2901	e16_s1_GCTTTCGAGGTCCTGC
2902	e16_s1_GCTTTCGAGTGGAAAG
2903	e16_s1_GCTTTCGCAAACGGCA
2904	e16_s1_GCTTTCGCACAGCATT
2905	e16_s1_GCTTTCGGTTCCGCTT
2906	e16_s1_GCTTTCGTCACTCCGT
2907	e16_s1_GCTTTCGTCCGAACGC
2908	e16_s1_GGAACCCAGACAACTA
2909	e16_s1_GGAACCCCAACAAGAT
2910	e16_s1_GGAACCCCACCAGCTG
2911	e16_s1_GGAACCCCATGGCCCA
2912	e16_s1_GGAACCCGTGTGAATA
2913	e16_s1_GGAACCCTCACTGTCC
2914	e16_s1_GGAACCCTCGCCATAA
2915	e16_s1_GGAAGTGAGACCTGGA
2916	e16_s1_GGAATCTCACCTCTGT
2917	e16_s1_GGAATCTCATATGCGT
2918	e16_s1_GGAATCTGTCTGTAGT
2919	e16_s1_GGAATCTGTTCTCTAT
2920	e16_s1_GGAATCTGTTGACTAC
2921	e16_s1_GGAATCTTCGCGGTAC
2922	e16_s1_GGAATGGCACAGTATC
2923	e16_s1_GGACGTCAGGCTAAAT
2924	e16_s1_GGACGTCCACTGTCGG
2925	e16_s1_GGACGTCTCAGCACCG
2926	e16_s1_GGAGAACAGACATCCT
2927	e16_s1_GGAGAACAGATGGGCT
2928	e16_s1_GGAGAACAGGTAAGGA
2929	e16_s1_GGAGAACCAATGCAGG
2930	e16_s1_GGAGAACCATTGGATC
2931	e16_s1_GGAGAACGTGCTATTG
2932	e16_s1_GGAGAACTCTCAAAGC
2933	e16_s1_GGAGATGCACGTTGGC
2934	e16_s1_GGAGCAAAGCGAACTG
2935	e16_s1_GGAGCAACACTAACGT
2936	e16_s1_GGAGCAACAGGACATG
2937	e16_s1_GGAGCAAGTGATACCT
2938	e16_s1_GGAGCAATCCTCGCAT
2939	e16_s1_GGAGGATAGACATAGT
2940	e16_s1_GGAGGATCAAGTGACG
2941	e16_s1_GGAGGATCACAACGTT
2942	e16_s1_GGAGGATCACATCCCT
2943	e16_s1_GGAGGATCATAATCCG
2944	e16_s1_GGAGGTAAGTTGAATG
2945	e16_s1_GGAGGTACAACCCGCA
2946	e16_s1_GGAGGTACAGGGTCTC
2947	e16_s1_GGAGGTACATGCAGGA
2948	e16_s1_GGAGGTATCCACCCTA
2949	e16_s1_GGATCTAAGGCCTTCG
2950	e16_s1_GGATCTACAACGTTAC
2951	e16_s1_GGATCTACACTTGGGC
2952	e16_s1_GGATCTAGTCGCTGCA
2953	e16_s1_GGATCTAGTTCCAAAC
2954	e16_s1_GGATCTATCTACACTT
2955	e16_s1_GGATGTTAGCAGCAGT
2956	e16_s1_GGATGTTAGCATTGTC
2957	e16_s1_GGATGTTCAGTGTGCC
2958	e16_s1_GGCACGTAGTATGAAC
2959	e16_s1_GGCACGTGTGAGCTCC
2960	e16_s1_GGCACGTTCCGACATA
2961	e16_s1_GGCAGTCCATGAATCC
2962	e16_s1_GGCAGTCTCTGGGTCG
2963	e16_s1_GGCGTCACATTACGGT
2964	e16_s1_GGCGTCATCCAAGCTA
2965	e16_s1_GGCTGTGCAAGTGTCT
2966	e16_s1_GGCTTGGAGCACTCGC
2967	e16_s1_GGCTTGGCAAGGTCAG
2968	e16_s1_GGCTTGGCATGACACT
2969	e16_s1_GGCTTGGTCTCGGCTT
2970	e16_s1_GGCTTGGTCTCTTCAA
2971	e16_s1_GGCTTTCAGAGCAAGA
2972	e16_s1_GGCTTTCCACGACAAG
2973	e16_s1_GGCTTTCCACGCTATA
2974	e16_s1_GGCTTTCTCACCTCGT
2975	e16_s1_GGGAAGTCACGTATAC
2976	e16_s1_GGGAAGTTCAATCCGA
2977	e16_s1_GGGACAAAGGCATGCA
2978	e16_s1_GGGACAACACATTCTT
2979	e16_s1_GGGACAACATCAGTCA
2980	e16_s1_GGGACAAGTACACGCC
2981	e16_s1_GGGACAATCGCCAACG
2982	e16_s1_GGGACAATCGCTATTT
2983	e16_s1_GGGACCTAGCCTCTCT
2984	e16_s1_GGGACCTCAACGTTAC
2985	e16_s1_GGGACCTCACACCTGG
2986	e16_s1_GGGACCTGTCAGTCCG
2987	e16_s1_GGGACTCAGGGAACAA
2988	e16_s1_GGGACTCCAAGAATGT
2989	e16_s1_GGGACTCCACGAGGTA
2990	e16_s1_GGGACTCCAGCACACC
2991	e16_s1_GGGACTCCATGTCGTA
2992	e16_s1_GGGACTCTCCGGTAGC
2993	e16_s1_GGGACTCTCGAGCCAC
2994	e16_s1_GGGACTCTCTGGCTGG
2995	e16_s1_GGGAGATCAGCTCTGG
2996	e16_s1_GGGAGATCATGCAGCC
2997	e16_s1_GGGAGATTCACAGAGG
2998	e16_s1_GGGAGTACATCTCCCA
2999	e16_s1_GGGAGTAGTTGGGCCT
3000	e16_s1_GGGATCCGTCCCTGTT
3001	e16_s1_GGGATCCGTTTCACTT
3002	e16_s1_GGGATCCTCTGAGGTT
3003	e16_s1_GGGATGATCCTAAACG
3004	e16_s1_GGGCCATCAATTGCGT
3005	e16_s1_GGGCCATCACGATAGG
3006	e16_s1_GGGCCATCAGCTACTA
3007	e16_s1_GGGCCATGTTGGGCCT
3008	e16_s1_GGGCCATTCCTTCTTC
3009	e16_s1_GGGCGTTAGAGTGACC
3010	e16_s1_GGGCGTTCACCAGTTA
3011	e16_s1_GGGCTACAGGTCACTT
3012	e16_s1_GGGCTACAGTTGTCAC
3013	e16_s1_GGGCTACCACCCTAGG
3014	e16_s1_GGGCTACGTAAGGTCG
3015	e16_s1_GGGCTACGTCAAGCGA
3016	e16_s1_GGGCTACGTCAGTCGC
3017	e16_s1_GGGCTACGTGCCTATA
3018	e16_s1_GGGCTACGTTCTTCAT
3019	e16_s1_GGGCTACTCCAGTTCC
3020	e16_s1_GGGCTACTCTAAGAAG
3021	e16_s1_GGGCTCAAGAGCAGAA
3022	e16_s1_GGGCTCACAAGAGATT
3023	e16_s1_GGGCTCACAATACCCA
3024	e16_s1_GGGCTCACATCAACCA
3025	e16_s1_GGGCTCAGTAACCCTA
3026	e16_s1_GGGCTCATCAGACCCG
3027	e16_s1_GGGCTCATCTGCCTGT
3028	e16_s1_GGGTAGAAGAGTCCGA
3029	e16_s1_GGGTAGAGTTCATCGA
3030	e16_s1_GGGTATTAGAGTGACC
3031	e16_s1_GGGTATTAGCACGATG
3032	e16_s1_GGGTATTAGGCTTCCG
3033	e16_s1_GGGTATTAGTGAGGCT
3034	e16_s1_GGGTATTCATCCGCGA
3035	e16_s1_GGGTCACCAGACCTAT
3036	e16_s1_GGGTCACCATGACGGA
3037	e16_s1_GGGTCACGTAACGCGA
3038	e16_s1_GGGTCACGTAGGACCA
3039	e16_s1_GGGTCACGTCATCCCT
3040	e16_s1_GGGTCACGTGCCTACG
3041	e16_s1_GGGTCTGAGATACAGT
3042	e16_s1_GGGTCTGGTATGCAAA
3043	e16_s1_GGGTCTGGTGCTGATT
3044	e16_s1_GGGTCTGTCGTTAGAC
3045	e16_s1_GGGTGAATCGTCCATC
3046	e16_s1_GGGTGTCAGTATCCTG
3047	e16_s1_GGGTGTCTCCCTGTTG
3048	e16_s1_GGGTGTCTCTGTCCGT
3049	e16_s1_GGGTTATTCATAGAGA
3050	e16_s1_GGGTTATTCATAGCAC
3051	e16_s1_GGGTTTAAGCATGGGT
3052	e16_s1_GGGTTTACAGGACATG
3053	e16_s1_GGGTTTAGTTGCCGCA
3054	e16_s1_GGTAATCGTCGCGTCA
3055	e16_s1_GGTAATCTCCTAAACG
3056	e16_s1_GGTAGAGCAACTGATC
3057	e16_s1_GGTAGAGGTGTTGAGG
3058	e16_s1_GGTAGAGTCTAGACCA
3059	e16_s1_GGTAGAGTCTGTAAGC
3060	e16_s1_GGTAGAGTCTTTACAC
3061	e16_s1_GGTCACGAGGATAATC
3062	e16_s1_GGTCACGCAGCGCTTG
3063	e16_s1_GGTCACGCATCGGCCA
3064	e16_s1_GGTCACGCATTGACCA
3065	e16_s1_GGTCACGCATTGTAGC
3066	e16_s1_GGTCACGGTCATGACT
3067	e16_s1_GGTCACGGTTTGATCG
3068	e16_s1_GGTCTGGCATTGAGCT
3069	e16_s1_GGTCTGGTCAGTGATC
3070	e16_s1_GGTCTGGTCATACGAC
3071	e16_s1_GGTGAAGCAATCTAGC
3072	e16_s1_GGTGAAGGTTCAGGTT
3073	e16_s1_GGTGAAGTCATCGACA
3074	e16_s1_GGTGAAGTCGTTCCTG
3075	e16_s1_GGTGGCTCAACAGCCC
3076	e16_s1_GGTGGCTCATCGGAGA
3077	e16_s1_GGTGGCTGTCTTGCTC
3078	e16_s1_GGTGTCGGTCCATAGT
3079	e16_s1_GGTGTTACAACGCCCA
3080	e16_s1_GGTGTTACACTAAACC
3081	e16_s1_GGTGTTAGTACTCGCG
3082	e16_s1_GGTGTTATCAAGGAGC
3083	e16_s1_GGTGTTATCGCCTCTA
3084	e16_s1_GGTTAACCAGTCAGCC
3085	e16_s1_GGTTAACGTACCGGCT
3086	e16_s1_GGTTAACTCAGGGATG
3087	e16_s1_GGTTAACTCTTTGCAT
3088	e16_s1_GGTTCTCAGTGACCTT
3089	e16_s1_GGTTCTCGTACCTAGT
3090	e16_s1_GGTTCTCGTACGGTTT
3091	e16_s1_GGTTCTCTCACAGTGT
3092	e16_s1_GGTTGTAAGGATATAC
3093	e16_s1_GGTTGTAAGGGTACAC
3094	e16_s1_GGTTGTAAGGTTGAGC
3095	e16_s1_GGTTGTACAAACTGCT
3096	e16_s1_GGTTGTACACGTGAGA
3097	e16_s1_GGTTGTACAGTAGTTC
3098	e16_s1_GGTTGTAGTAGAATAC
3099	e16_s1_GTAACACAGCACTGGA
3100	e16_s1_GTAACACCAACCGCCA
3101	e16_s1_GTAACACCACTTCAAG
3102	e16_s1_GTAACACGTAATACCC
3103	e16_s1_GTAACACGTTAGAAAC
3104	e16_s1_GTAACACGTTCTTGCC
3105	e16_s1_GTAACACTCCGTACGG
3106	e16_s1_GTAACCACAAACTCTG
3107	e16_s1_GTAACCAGTGTTCATG
3108	e16_s1_GTAAGTCCACACCGCA
3109	e16_s1_GTAAGTCCACTGCGAC
3110	e16_s1_GTAATCGAGTTTCTTC
3111	e16_s1_GTAATCGCAAGGAGTC
3112	e16_s1_GTAATCGCACCCGTAG
3113	e16_s1_GTAATCGCACTCTGCT
3114	e16_s1_GTAATCGCAGGAACCA
3115	e16_s1_GTAATGCAGACTGTTC
3116	e16_s1_GTAATGCGTCCTACGG
3117	e16_s1_GTAATGCGTCTACAGT
3118	e16_s1_GTAATGCGTGGCCACT
3119	e16_s1_GTAATGCGTTGCATCA
3120	e16_s1_GTACAACAGAGCCGTA
3121	e16_s1_GTACAACCACCCTAAA
3122	e16_s1_GTACAACCACCTCAGG
3123	e16_s1_GTACAACGTTATGACC
3124	e16_s1_GTACAGTCAATTGCCA
3125	e16_s1_GTACAGTGTGACAACG
3126	e16_s1_GTACAGTTCGCGGTAC
3127	e16_s1_GTAGAAACACTCTGCT
3128	e16_s1_GTAGAAAGTCACGACC
3129	e16_s1_GTAGAGGAGACATAAC
3130	e16_s1_GTAGAGGCAACACAGG
3131	e16_s1_GTAGAGGCATCTTCGC
3132	e16_s1_GTAGAGGTCAGTGCGC
3133	e16_s1_GTAGAGGTCGACCACG
3134	e16_s1_GTAGATCAGGTAGTCG
3135	e16_s1_GTAGATCGTCCAGTTA
3136	e16_s1_GTAGATCGTTTACTGG
3137	e16_s1_GTAGATCGTTTCACAG
3138	e16_s1_GTAGCTAAGTTTGGCT
3139	e16_s1_GTAGCTATCCGATCTC
3140	e16_s1_GTAGCTATCTTCCAGC
3141	e16_s1_GTAGGAGAGGACTATA
3142	e16_s1_GTAGGAGCATCCGGTG
3143	e16_s1_GTAGGAGGTGGTCTGC
3144	e16_s1_GTAGGTTAGGCTCTCG
3145	e16_s1_GTAGGTTTCACTTCTA
3146	e16_s1_GTAGTACAGAGTAACT
3147	e16_s1_GTAGTACCAAATGATG
3148	e16_s1_GTAGTACCAATCTGCA
3149	e16_s1_GTAGTACGTTACGATC
3150	e16_s1_GTAGTACTCCACCTCA
3151	e16_s1_GTAGTACTCTGCATGA
3152	e16_s1_GTATTGGCACGGCACT
3153	e16_s1_GTATTGGCATCCGTGG
3154	e16_s1_GTATTGGTCACTACTT
3155	e16_s1_GTATTGGTCACTTATC
3156	e16_s1_GTATTGGTCCTTACCG
3157	e16_s1_GTATTTCAGAAGCGGG
3158	e16_s1_GTATTTCAGACTTAAG
3159	e16_s1_GTATTTCCACAGCGCT
3160	e16_s1_GTATTTCGTCGTCGGT
3161	e16_s1_GTATTTCTCACTCCGT
3162	e16_s1_GTATTTCTCATTTCGT
3163	e16_s1_GTATTTCTCTTCCGTG
3164	e16_s1_GTCAAACAGAGAGTTT
3165	e16_s1_GTCAAACAGTGTTCAC
3166	e16_s1_GTCAAACCACACAGAG
3167	e16_s1_GTCAAACCACCACATA
3168	e16_s1_GTCAAACCAGCAATTC
3169	e16_s1_GTCAAACGTGACCGAA
3170	e16_s1_GTCAAACTCAACCTCC
3171	e16_s1_GTCAAACTCTACCACC
3172	e16_s1_GTCAAGTAGGAGCAAA
3173	e16_s1_GTCAAGTCAGAGGCTA
3174	e16_s1_GTCAAGTCATGCACTA
3175	e16_s1_GTCAAGTCATGGAATA
3176	e16_s1_GTCAAGTGTAGTCGGA
3177	e16_s1_GTCACGGAGTTCCTGA
3178	e16_s1_GTCACGGCACACTTAG
3179	e16_s1_GTCACGGCAGAAGCTG
3180	e16_s1_GTCACGGGTCTCACAA
3181	e16_s1_GTCACGGGTTTCGTAG
3182	e16_s1_GTCACGGTCGTCCATC
3183	e16_s1_GTCACGGTCTTCGGTC
3184	e16_s1_GTCACTCAGACTCCGC
3185	e16_s1_GTCACTCAGCCTGACC
3186	e16_s1_GTCACTCAGTCATCCA
3187	e16_s1_GTCACTCCACTCACTC
3188	e16_s1_GTCACTCCACTCTCGT
3189	e16_s1_GTCACTCGTCCAGCCA
3190	e16_s1_GTCACTCTCAGACTGT
3191	e16_s1_GTCAGCGAGCGTTACT
3192	e16_s1_GTCAGCGAGTAGCCAG
3193	e16_s1_GTCAGCGTCGGCATCG
3194	e16_s1_GTCATCCAGTTCGCAT
3195	e16_s1_GTCATCCCAACTCGTA
3196	e16_s1_GTCATCCCAGTCAGCC
3197	e16_s1_GTCATCCTCCGCACGA
3198	e16_s1_GTCATGAAGGGCTTCC
3199	e16_s1_GTCATGACAATGTCAC
3200	e16_s1_GTCATGACACCGAATT
3201	e16_s1_GTCATGACATACATCG
3202	e16_s1_GTCATGATCAATCTCT
3203	e16_s1_GTCATGATCACAACCA
3204	e16_s1_GTCATGATCCAATGCA
3205	e16_s1_GTCATGATCCACGTAA
3206	e16_s1_GTCATGATCGGCCCAA
3207	e16_s1_GTCATTTAGGGCTAAC
3208	e16_s1_GTCATTTGTGAATGAT
3209	e16_s1_GTCATTTTCAGGTGTT
3210	e16_s1_GTCCACTCACAGTATC
3211	e16_s1_GTCCACTCATCCTCAC
3212	e16_s1_GTCCACTGTGACTGAG
3213	e16_s1_GTCCACTGTTAGGAGC
3214	e16_s1_GTCCACTTCACCGACG
3215	e16_s1_GTCCCATAGTACAACA
3216	e16_s1_GTCCCATCACATATCG
3217	e16_s1_GTCCCATCACTTGGCG
3218	e16_s1_GTCCCATCAGCGGTTC
3219	e16_s1_GTCCTCAAGTATAACG
3220	e16_s1_GTCCTCACACACAGCC
3221	e16_s1_GTCCTCATCTGGAAGG
3222	e16_s1_GTCGAATTCTGATGGT
3223	e16_s1_GTCGCGAAGACGTCCC
3224	e16_s1_GTCGTTCCACTTGACA
3225	e16_s1_GTCGTTCTCAACTTTC
3226	e16_s1_GTCTACCAGCCTTTCC
3227	e16_s1_GTCTACCCAACGCATT
3228	e16_s1_GTCTACCCACGTCGGT
3229	e16_s1_GTCTACCGTAGGAGGG
3230	e16_s1_GTCTACCTCGAAACAA
3231	e16_s1_GTCTAGAAGCGCTTCG
3232	e16_s1_GTCTCACAGTGGTGGT
3233	e16_s1_GTCTCACCAACTCCCT
3234	e16_s1_GTCTCACCACTTCATT
3235	e16_s1_GTCTCACCAGCGTACC
3236	e16_s1_GTCTCACCAGCTAACT
3237	e16_s1_GTCTCACCAGTAGAGC
3238	e16_s1_GTCTCACGTCAGGAGT
3239	e16_s1_GTCTCACTCCTCACGT
3240	e16_s1_GTCTGTCGTGCTCTTC
3241	e16_s1_GTCTTTACAAAGGCTG
3242	e16_s1_GTCTTTACAAATTAGG
3243	e16_s1_GTCTTTACATACGCAT
3244	e16_s1_GTCTTTAGTCACCGCA
3245	e16_s1_GTCTTTATCAGCAATC
3246	e16_s1_GTCTTTATCGCACGAC
3247	e16_s1_GTGACGCAGTGATGGC
3248	e16_s1_GTGACGCAGTGTCATC
3249	e16_s1_GTGACGCCATAATGCC
3250	e16_s1_GTGACGCGTGTCCAAT
3251	e16_s1_GTGACGCTCCCTTGTG
3252	e16_s1_GTGAGCCGTAATGCTC
3253	e16_s1_GTGAGCCTCGCTCTAC
3254	e16_s1_GTGAGGAAGAGCAAGA
3255	e16_s1_GTGAGGAAGTTTCAGC
3256	e16_s1_GTGAGGAGTGGACAGT
3257	e16_s1_GTGAGGATCACCTTGC
3258	e16_s1_GTGAGGATCGAACACT
3259	e16_s1_GTGAGTTAGCAACTTC
3260	e16_s1_GTGATGTCACATAACC
3261	e16_s1_GTGCACGCATGTGGCC
3262	e16_s1_GTGCACGGTATCACCA
3263	e16_s1_GTGCACGGTGCCTTCT
3264	e16_s1_GTGCAGCAGGCTGTAG
3265	e16_s1_GTGCAGCAGTGCAGCA
3266	e16_s1_GTGCAGCAGTGGCAGT
3267	e16_s1_GTGCAGCCACAGTGAG
3268	e16_s1_GTGCAGCTCCGAGGCT
3269	e16_s1_GTGCGTGAGCGCCATC
3270	e16_s1_GTGCGTGAGTACTGTC
3271	e16_s1_GTGCGTGCACTAGGCC
3272	e16_s1_GTGCGTGGTACGATTC
3273	e16_s1_GTGCGTGGTCGGTGAA
3274	e16_s1_GTGCGTGTCCACAAGT
3275	e16_s1_GTGCGTGTCGCCTATC
3276	e16_s1_GTGCTGGAGAGCAGTC
3277	e16_s1_GTGCTGGCATCGGAAG
3278	e16_s1_GTGCTTCAGCATGAAT
3279	e16_s1_GTGCTTCGTACGAGTG
3280	e16_s1_GTGGAAGAGGACAGCT
3281	e16_s1_GTGGAAGAGTAGAGTT
3282	e16_s1_GTGGAAGCACAGCCAC
3283	e16_s1_GTGGAAGCACGTAGAG
3284	e16_s1_GTGGAGATCGCGGACT
3285	e16_s1_GTGGCGTAGAGTCACG
3286	e16_s1_GTGGCGTCATTGCAAC
3287	e16_s1_GTGGGAAAGTCTACCA
3288	e16_s1_GTGGGAACAAAGGGCT
3289	e16_s1_GTGGGAACAAATGGAT
3290	e16_s1_GTGGGAACATCGTGGC
3291	e16_s1_GTGGGAACATGGACAG
3292	e16_s1_GTGGGAATCGCATGAT
3293	e16_s1_GTGGTTACAGGTCCGT
3294	e16_s1_GTGGTTAGTTCAAGTC
3295	e16_s1_GTGTAACCAGGCATTT
3296	e16_s1_GTGTAACGTGTCATTG
3297	e16_s1_GTGTCCTAGATTGCGG
3298	e16_s1_GTGTCCTTCGTTCCCA
3299	e16_s1_GTGTGATCAACAGCTT
3300	e16_s1_GTGTGATCACCTGATA
3301	e16_s1_GTGTGGCAGTATAGGT
3302	e16_s1_GTGTGGCTCCACACCT
3303	e16_s1_GTGTTAGAGTCTCCTC
3304	e16_s1_GTGTTAGCAGAGTGAC
3305	e16_s1_GTGTTAGTCTTGGATG
3306	e16_s1_GTGTTCCCAGTTTCGA
3307	e16_s1_GTGTTCCGTGGTGATG
3308	e16_s1_GTTACAGAGCATGCAG
3309	e16_s1_GTTACAGAGTAAACAC
3310	e16_s1_GTTACAGAGTGTAGAT
3311	e16_s1_GTTACAGGTCACCACG
3312	e16_s1_GTTACCCAGATACATG
3313	e16_s1_GTTACCCAGCTGTCCG
3314	e16_s1_GTTACCCCAGAGTGAC
3315	e16_s1_GTTACCCGTGAGACCA
3316	e16_s1_GTTACCCTCGTCCATC
3317	e16_s1_GTTACGAAGCATAGGC
3318	e16_s1_GTTACGAAGGGTTAAT
3319	e16_s1_GTTACGACACAAATAG
3320	e16_s1_GTTACGACACCCAACG
3321	e16_s1_GTTACGAGTACACGTT
3322	e16_s1_GTTAGACGTAGTCCTA
3323	e16_s1_GTTAGACTCCGAGGCT
3324	e16_s1_GTTAGTGCAACGAGGT
3325	e16_s1_GTTAGTGGTTCTCGTC
3326	e16_s1_GTTATGGAGCAACTTC
3327	e16_s1_GTTATGGCAGAGTCTT
3328	e16_s1_GTTATGGGTATCAAGA
3329	e16_s1_GTTATGGTCCCTCTCC
3330	e16_s1_GTTCATTAGCCTATCA
3331	e16_s1_GTTCATTCATGGCTGC
3332	e16_s1_GTTCATTGTGAGATTA
3333	e16_s1_GTTCATTTCCAGGACC
3334	e16_s1_GTTCATTTCTTCCCGA
3335	e16_s1_GTTCCGTTCTTCTAAC
3336	e16_s1_GTTCGCTAGAGCTGCA
3337	e16_s1_GTTCGCTAGGCTAACG
3338	e16_s1_GTTCGCTCAGTGGCTC
3339	e16_s1_GTTCGCTTCCTCTCTT
3340	e16_s1_GTTCGCTTCTCTTCAA
3341	e16_s1_GTTCTATAGCCTGACC
3342	e16_s1_GTTCTATAGCGCCTAC
3343	e16_s1_GTTCTATAGGCTTAGG
3344	e16_s1_GTTCTATCACCCTTGT
3345	e16_s1_GTTCTATGTTCGTAAC
3346	e16_s1_GTTCTATGTTTCGTAG
3347	e16_s1_GTTCTATTCCATTTGT
3348	e16_s1_GTTCTATTCCCTCAAC
3349	e16_s1_GTTCTATTCGGCTTGG
3350	e16_s1_GTTCTATTCTCCGCAT
3351	e16_s1_GTTGAACAGCCTCTCT
3352	e16_s1_GTTGAACCAAAGCACG
3353	e16_s1_GTTGAACCAATCGCCG
3354	e16_s1_GTTGAACCACCTTCGT
3355	e16_s1_GTTGAACCACGCCACA
3356	e16_s1_GTTGAACGTGCAGTGA
3357	e16_s1_GTTGCGGCAAATGGAT
3358	e16_s1_GTTGCGGCAATTTCCT
3359	e16_s1_GTTGCGGCATTGGCAT
3360	e16_s1_GTTGCGGTCCTCTTTC
3361	e16_s1_GTTGCTCAGTGGTTCT
3362	e16_s1_GTTGCTCCACCATTCC
3363	e16_s1_GTTGCTCGTACTCAAC
3364	e16_s1_GTTGTAGAGGTCTACT
3365	e16_s1_GTTGTAGAGTTACGGG
3366	e16_s1_GTTGTAGCAGAGAATT
3367	e16_s1_GTTGTAGGTACACTCA
3368	e16_s1_GTTGTCCAGACTCCGC
3369	e16_s1_GTTGTCCAGGAGGCAG
3370	e16_s1_GTTGTCCAGGTCCTGC
3371	e16_s1_GTTGTCCCACGCGCAT
3372	e16_s1_GTTGTCCCATTATGCG
3373	e16_s1_GTTGTGAAGGATGTTA
3374	e16_s1_GTTGTGACACAATGTC
3375	e16_s1_GTTGTGACATCAACCA
3376	e16_s1_GTTGTGACATCATCTT
3377	e16_s1_GTTGTGATCATTACTC
3378	e16_s1_GTTGTGATCGTAGTCA
3379	e16_s1_GTTTACTAGAGCCATG
3380	e16_s1_GTTTACTCACCACATA
3381	e16_s1_GTTTACTGTCCTGTCT
3382	e16_s1_GTTTACTGTCGTTCAA
3383	e16_s1_GTTTACTTCGACACTA
3384	e16_s1_GTTTGGAGTTTACCAG
3385	e16_s1_GTTTGGATCACCTGGG
3386	e16_s1_TAACACGAGCACTCCG
3387	e16_s1_TAACACGAGGACTAAT
3388	e16_s1_TAACACGAGGTAAAGG
3389	e16_s1_TAACACGGTTTCCAAG
3390	e16_s1_TAACACGTCTCCCATG
3391	e16_s1_TAACCAGCAACGGCTC
3392	e16_s1_TAACCAGCAGACCATT
3393	e16_s1_TAACCAGCAGCTCCTT
3394	e16_s1_TAACCAGGTGGCTTAT
3395	e16_s1_TAACCAGTCATGGATC
3396	e16_s1_TAACCAGTCCGAGGCT
3397	e16_s1_TAACCAGTCCTATTTG
3398	e16_s1_TAACCAGTCTTACGTT
3399	e16_s1_TAACGACAGCATTTGC
3400	e16_s1_TAACGACAGGTTACCT
3401	e16_s1_TAACGACCATTCTTCA
3402	e16_s1_TAACGACGTTAGGCTT
3403	e16_s1_TAACTTCAGTCGTTAC
3404	e16_s1_TAACTTCAGTGCACTT
3405	e16_s1_TAACTTCCACCCTGTT
3406	e16_s1_TAACTTCCACGGTAGA
3407	e16_s1_TAACTTCGTGTGGACA
3408	e16_s1_TAACTTCGTTAATCGC
3409	e16_s1_TAACTTCGTTTCCCAC
3410	e16_s1_TAACTTCTCCGCTTAC
3411	e16_s1_TAAGCACAGTGTTCAC
3412	e16_s1_TAAGCACCACAGTCGC
3413	e16_s1_TAAGCACCAGAGATTA
3414	e16_s1_TAAGCACTCGCTTGCT
3415	e16_s1_TAAGCACTCTGGGCAC
3416	e16_s1_TAAGCCAAGCAAGTGC
3417	e16_s1_TAAGCCAAGGCCACTC
3418	e16_s1_TAAGCCAAGTAAACGT
3419	e16_s1_TAAGCCACATCCCGTT
3420	e16_s1_TAAGCCAGTTACCCAA
3421	e16_s1_TAAGCCATCAGGCGAA
3422	e16_s1_TAAGCCATCTACGCAA
3423	e16_s1_TAAGCGTGTATCGGTT
3424	e16_s1_TAAGCGTGTCTATGAC
3425	e16_s1_TAAGTCGCAAAGGTTA
3426	e16_s1_TAAGTCGCATGGCGCT
3427	e16_s1_TAAGTCGGTCCGACGT
3428	e16_s1_TAAGTCGTCAAGTAAG
3429	e16_s1_TAATCTCCAGCTGGTC
3430	e16_s1_TAATCTCCATCGTGGC
3431	e16_s1_TAATCTCGTCACTACA
3432	e16_s1_TAATCTCTCAAACTGC
3433	e16_s1_TAATCTCTCATTTGCT
3434	e16_s1_TAATCTCTCTATCCAT
3435	e16_s1_TAATCTCTCTATCGTT
3436	e16_s1_TAATCTCTCTCTCTAA
3437	e16_s1_TAATCTCTCTTCACAT
3438	e16_s1_TAATTCCAGAATCGAT
3439	e16_s1_TAATTCCAGGGAGTTC
3440	e16_s1_TAATTCCAGTTAGAAC
3441	e16_s1_TAATTCCCAAATCCCA
3442	e16_s1_TAATTCCCACAGAAGC
3443	e16_s1_TAATTCCCAGCTTTGA
3444	e16_s1_TAATTCCTCCTATTTG
3445	e16_s1_TACAACGAGACCCTTA
3446	e16_s1_TACAACGAGATGATTG
3447	e16_s1_TACAACGAGCACCCAC
3448	e16_s1_TACAACGCAACGAGGT
3449	e16_s1_TACAACGCACAACGAG
3450	e16_s1_TACAACGCAGTAACGG
3451	e16_s1_TACAACGGTGCCGTAC
3452	e16_s1_TACAACGTCCCTTTGG
3453	e16_s1_TACAACGTCCTCACCA
3454	e16_s1_TACACCCAGAAGCTCG
3455	e16_s1_TACACCCAGCCATTCA
3456	e16_s1_TACACCCCAAGCACAG
3457	e16_s1_TACACCCCACATATCG
3458	e16_s1_TACACCCCACGTAACT
3459	e16_s1_TACACCCCAGGGTTGA
3460	e16_s1_TACACCCCATCATCCC
3461	e16_s1_TACACCCGTCACTGAT
3462	e16_s1_TACACCCGTCCCTCAT
3463	e16_s1_TACACCCGTGACTCTA
3464	e16_s1_TACACCCGTGTTTACG
3465	e16_s1_TACACCCTCCACACAA
3466	e16_s1_TACACCCTCTTACACT
3467	e16_s1_TACAGGTAGGTCACTT
3468	e16_s1_TACAGGTAGGTTAAAC
3469	e16_s1_TACAGGTGTCCAAGAG
3470	e16_s1_TACAGGTGTCTAGATC
3471	e16_s1_TACAGGTGTCTTACAG
3472	e16_s1_TACATTCAGCAGGGAG
3473	e16_s1_TACATTCCAATCTGCA
3474	e16_s1_TACATTCCACACAGAG
3475	e16_s1_TACATTCCACTGTGAT
3476	e16_s1_TACATTCGTGCCTGCA
3477	e16_s1_TACATTCGTTCTCACC
3478	e16_s1_TACATTCTCTATGTGG
3479	e16_s1_TACATTCTCTTCGCTG
3480	e16_s1_TACCCACAGCCGATCC
3481	e16_s1_TACCCACAGCTCGGCT
3482	e16_s1_TACCCACCACCAGCTG
3483	e16_s1_TACCCACGTGACTGTT
3484	e16_s1_TACCCACTCTTCGCTG
3485	e16_s1_TACCCGTCAAGAGTTA
3486	e16_s1_TACCCGTCACTAGTAC
3487	e16_s1_TACCCGTCAGACACAG
3488	e16_s1_TACCCGTGTCCAGCCA
3489	e16_s1_TACCCGTTCATAGAGA
3490	e16_s1_TACCCGTTCCAAGCCG
3491	e16_s1_TACCCGTTCCACATAG
3492	e16_s1_TACCCGTTCCCTTCCC
3493	e16_s1_TACCCGTTCTGTCGCT
3494	e16_s1_TACCGAACACCCAATA
3495	e16_s1_TACCGAACACGAGAAC
3496	e16_s1_TACCGAAGTAGTCTTG
3497	e16_s1_TACCGAAGTGCTCCGA
3498	e16_s1_TACCGAAGTTGGGACA
3499	e16_s1_TACCGAATCACTGTTT
3500	e16_s1_TACCGAATCCAGCAAT
3501	e16_s1_TACCGGGCACCCTATC
3502	e16_s1_TACCGGGCAGGCGAAT
3503	e16_s1_TACCGGGCATCTATCT
3504	e16_s1_TACCTCGAGATTCGCT
3505	e16_s1_TACCTCGCAACTCGAT
3506	e16_s1_TACCTCGCACCGGTCA
3507	e16_s1_TACCTCGCAGCAGACA
3508	e16_s1_TACCTCGCATGTGACT
3509	e16_s1_TACCTCGCATTGACCA
3510	e16_s1_TACCTCGGTCCTGGTG
3511	e16_s1_TACCTCGTCCCAACTC
3512	e16_s1_TACCTCGTCGGTAAGG
3513	e16_s1_TACCTCGTCTTTCCAA
3514	e16_s1_TACCTGCAGACACACG
3515	e16_s1_TACCTGCCACTCCTGT
3516	e16_s1_TACCTGCCATCCTCAC
3517	e16_s1_TACCTGCGTAACACCT
3518	e16_s1_TACCTGCGTGGCTTGC
3519	e16_s1_TACCTGCGTTTCGTAG
3520	e16_s1_TACCTGCTCCATAGAC
3521	e16_s1_TACCTGCTCCCTGGTT
3522	e16_s1_TACCTGCTCCGATAAC
3523	e16_s1_TACCTGCTCCGTGGCA
3524	e16_s1_TACCTGCTCCTGCTAC
3525	e16_s1_TACCTGCTCTGCTTAT
3526	e16_s1_TACGCTCAGATAACAC
3527	e16_s1_TACGCTCAGGGTACAC
3528	e16_s1_TACGCTCCACGTTGGC
3529	e16_s1_TACGCTCGTACCGCGT
3530	e16_s1_TACGCTCTCCATTGCC
3531	e16_s1_TACGCTCTCGGCCAAC
3532	e16_s1_TACGGGCAGTACCCTA
3533	e16_s1_TACGGGCAGTAGTCCT
3534	e16_s1_TACGGGCAGTTGGCTT
3535	e16_s1_TACGGGCCACCTCTAC
3536	e16_s1_TACGGTAAGCTCCATA
3537	e16_s1_TACGGTACATACAGAA
3538	e16_s1_TACGGTACATCGTCCT
3539	e16_s1_TACGGTATCGACCTAA
3540	e16_s1_TACGGTATCTACACAG
3541	e16_s1_TACGGTATCTGCCCTA
3542	e16_s1_TACGTCCAGAAAGTCT
3543	e16_s1_TACGTCCAGAGGGTGG
3544	e16_s1_TACGTCCAGGAGTACC
3545	e16_s1_TACGTCCAGGCTTCCG
3546	e16_s1_TACGTCCCAGGTCCGT
3547	e16_s1_TACGTCCCATACTTTC
3548	e16_s1_TACGTCCGTATTCCGA
3549	e16_s1_TACGTCCTCCACCTGT
3550	e16_s1_TACGTCCTCTTTCAGT
3551	e16_s1_TACTGCCAGCCAAGCA
3552	e16_s1_TACTGCCAGGACTATA
3553	e16_s1_TACTGCCCAAGGCCTC
3554	e16_s1_TACTGCCCACGCTGCA
3555	e16_s1_TACTGCCGTACGGCAA
3556	e16_s1_TACTGCCTCACGGAGA
3557	e16_s1_TACTGCCTCATCGTAG
3558	e16_s1_TACTGCCTCTCGCCTA
3559	e16_s1_TACTTACAGTACAACA
3560	e16_s1_TACTTACCAAGAGCTG
3561	e16_s1_TACTTACCACTAACCA
3562	e16_s1_TACTTACCACTTCAGA
3563	e16_s1_TACTTACCAGATAAAC
3564	e16_s1_TACTTACGTACACTCA
3565	e16_s1_TACTTACGTATTTCCT
3566	e16_s1_TACTTACTCACCACAA
3567	e16_s1_TACTTACTCCACGTAA
3568	e16_s1_TACTTACTCGAGTCCG
3569	e16_s1_TACTTACTCTGACGCG
3570	e16_s1_TACTTACTCTTTCCAA
3571	e16_s1_TACTTCAAGCGCCTAC
3572	e16_s1_TACTTCACATCACCAA
3573	e16_s1_TACTTCAGTCATATGC
3574	e16_s1_TACTTCAGTTTCAGAC
3575	e16_s1_TACTTCATCACGGACC
3576	e16_s1_TACTTCATCAGATGCT
3577	e16_s1_TACTTCATCGAGAAAT
3578	e16_s1_TACTTCATCGCTAATG
3579	e16_s1_TACTTCATCTGTGCAA
3580	e16_s1_TACTTGTCACTAAACC
3581	e16_s1_TACTTGTCATCCCACT
3582	e16_s1_TACTTGTGTCGTTGCG
3583	e16_s1_TACTTGTGTTCAAGGG
3584	e16_s1_TACTTGTTCAACTCTT
3585	e16_s1_TACTTGTTCACCATCC
3586	e16_s1_TACTTGTTCGAACGCC
3587	e16_s1_TAGACCAAGCCAGACA
3588	e16_s1_TAGACCAAGTCATGAA
3589	e16_s1_TAGACCACAATAGTCC
3590	e16_s1_TAGACCACACACTGGC
3591	e16_s1_TAGACCACAGGGACTA
3592	e16_s1_TAGACCACAGGTTCCG
3593	e16_s1_TAGACCAGTAAGGCCA
3594	e16_s1_TAGACCAGTTAGAAAC
3595	e16_s1_TAGACCAGTTCAGTAC
3596	e16_s1_TAGACCAGTTGGCCTG
3597	e16_s1_TAGACCAGTTTGTTGG
3598	e16_s1_TAGACCATCAACCGAT
3599	e16_s1_TAGACCATCTGTCCCA
3600	e16_s1_TAGACTGAGTCTGGAG
3601	e16_s1_TAGACTGCAACTACGT
3602	e16_s1_TAGACTGCAGCGTGCT
3603	e16_s1_TAGACTGGTCAAACGG
3604	e16_s1_TAGACTGGTCTAGGTT
3605	e16_s1_TAGACTGGTGGAACAC
3606	e16_s1_TAGACTGTCAAACCTG
3607	e16_s1_TAGACTGTCAAATGCC
3608	e16_s1_TAGACTGTCTGTCTCG
3609	e16_s1_TAGAGTCTCTAACACG
3610	e16_s1_TAGATCGAGATCCCGC
3611	e16_s1_TAGATCGAGCACGTCC
3612	e16_s1_TAGATCGAGCTAATCC
3613	e16_s1_TAGATCGAGGTATAGT
3614	e16_s1_TAGATCGTCTAGACAC
3615	e16_s1_TAGCACAAGTTCGCAT
3616	e16_s1_TAGCACAGTACCGTCG
3617	e16_s1_TAGCACATCACTTGTT
3618	e16_s1_TAGGAGGGTCCATCTC
3619	e16_s1_TAGGAGGTCTGCGGGT
3620	e16_s1_TAGGGTTAGCAACTTC
3621	e16_s1_TAGGGTTCAAAGGCAC
3622	e16_s1_TAGGGTTCACTGAATC
3623	e16_s1_TAGGGTTCAGCAGTTT
3624	e16_s1_TAGGTACAGGCGTTGA
3625	e16_s1_TAGGTACCAATACAGA
3626	e16_s1_TAGGTACTCGGTAACT
3627	e16_s1_TAGGTTGCACCGGTCA
3628	e16_s1_TAGGTTGCATGACACT
3629	e16_s1_TAGGTTGGTAGATTGA
3630	e16_s1_TAGGTTGGTTGCTCAA
3631	e16_s1_TAGTGCAAGCAGCACA
3632	e16_s1_TAGTGCAAGCTACTAC
3633	e16_s1_TAGTGCACACGCGGTT
3634	e16_s1_TAGTGCACACGGTGTC
3635	e16_s1_TAGTGCACATGACTGT
3636	e16_s1_TAGTGCAGTAGTATAG
3637	e16_s1_TAGTGCAGTCACAGAG
3638	e16_s1_TAGTGCAGTTGGACTT
3639	e16_s1_TATACCTAGAGGTTTA
3640	e16_s1_TATACCTAGCAAATGT
3641	e16_s1_TATACCTAGGTCGACA
3642	e16_s1_TATACCTAGTACAGAT
3643	e16_s1_TATACCTCACAGCCAC
3644	e16_s1_TATACCTGTAAGTTAG
3645	e16_s1_TATACCTTCATGACAC
3646	e16_s1_TATATCCAGAGCCCAA
3647	e16_s1_TATATCCAGCCATTCA
3648	e16_s1_TATATCCCAAGATTGA
3649	e16_s1_TATATCCCACCAGGTC
3650	e16_s1_TATATCCCAGCACAAG
3651	e16_s1_TATATCCCATACCAGT
3652	e16_s1_TATATCCGTACTGCCG
3653	e16_s1_TATATCCGTTCTCACC
3654	e16_s1_TATATCCTCCGCAGTG
3655	e16_s1_TATATCCTCTAGACAC
3656	e16_s1_TATATCCTCTCGGTCT
3657	e16_s1_TATCAGGAGCTCTTCC
3658	e16_s1_TATCAGGCAACAGCTT
3659	e16_s1_TATCAGGGTAACATGA
3660	e16_s1_TATCAGGTCACTACTT
3661	e16_s1_TATCAGGTCCGAAGGA
3662	e16_s1_TATCCTACAAGATCCT
3663	e16_s1_TATCCTACACTATGTG
3664	e16_s1_TATCCTACAGCGTTTA
3665	e16_s1_TATCCTACAGCTATTG
3666	e16_s1_TATCCTACAGTTGTTG
3667	e16_s1_TATCCTAGTCGGTACC
3668	e16_s1_TATCCTATCCCATTCG
3669	e16_s1_TATCCTATCCTATTTG
3670	e16_s1_TATCCTATCCTCGATC
3671	e16_s1_TATCCTATCTACTCAT
3672	e16_s1_TATCGCCAGAATCTAG
3673	e16_s1_TATCGCCCACACCGAC
3674	e16_s1_TATCGCCCACGTGTGC
3675	e16_s1_TATCGCCCAGACCATT
3676	e16_s1_TATCGCCGTCCATCTC
3677	e16_s1_TATCGCCGTTACACTG
3678	e16_s1_TATCTGTAGCTAAACA
3679	e16_s1_TATCTGTCAAGGCTTT
3680	e16_s1_TATCTGTCACGAGGTA
3681	e16_s1_TATCTGTCACTACACA
3682	e16_s1_TATCTGTGTTGCACGC
3683	e16_s1_TATCTGTTCCACTGAA
3684	e16_s1_TATCTGTTCTTCACAT
3685	e16_s1_TATCTTGAGGTGGCTA
3686	e16_s1_TATCTTGAGTTGCGCC
3687	e16_s1_TATCTTGCAGCTACAT
3688	e16_s1_TATCTTGTCCACTTTA
3689	e16_s1_TATCTTGTCTATCCAT
3690	e16_s1_TATCTTGTCTCCCATG
3691	e16_s1_TATGTTCAGATGCCGA
3692	e16_s1_TATGTTCCAAATGAAC
3693	e16_s1_TATGTTCCACAGCGCT
3694	e16_s1_TATGTTCGTAAGTTGA
3695	e16_s1_TATTCCACAAAGGCTG
3696	e16_s1_TATTCCACAATTCACG
3697	e16_s1_TATTCCACACCAGTTA
3698	e16_s1_TATTCCAGTCATTCCC
3699	e16_s1_TATTCCATCATCACTT
3700	e16_s1_TATTCCATCCGTTGGG
3701	e16_s1_TATTGCTAGCTGACCC
3702	e16_s1_TATTGCTGTAATGCTC
3703	e16_s1_TATTGCTGTAGGGAGG
3704	e16_s1_TATTGCTGTGTTGAGG
3705	e16_s1_TATTGCTGTTTCCCAC
3706	e16_s1_TATTGCTTCACATTGG
3707	e16_s1_TATTGCTTCACTCCGT
3708	e16_s1_TATTGCTTCGATCCAA
3709	e16_s1_TATTGGGAGCCTATCA
3710	e16_s1_TATTGGGCAATGCAGG
3711	e16_s1_TATTGGGGTCACTGAT
3712	e16_s1_TATTGGGTCCGCACTT
3713	e16_s1_TATTGGGTCTCGCTTG
3714	e16_s1_TATTTCGAGTTCTACG
3715	e16_s1_TATTTCGCACACACTA
3716	e16_s1_TATTTCGCACTTTATC
3717	e16_s1_TATTTCGCAGTGTGCC
3718	e16_s1_TATTTCGCATGACGGA
3719	e16_s1_TATTTCGTCATCACTT
3720	e16_s1_TATTTCGTCTCCTGTG
3721	e16_s1_TATTTCGTCTTCTAAC
3722	e16_s1_TCAAGACCATCCTTGC
3723	e16_s1_TCAAGACCATTGTACG
3724	e16_s1_TCAAGCAAGCAATAAC
3725	e16_s1_TCAAGCAAGCCTATTG
3726	e16_s1_TCAAGCACAAATTGCC
3727	e16_s1_TCAAGCACACTCACTC
3728	e16_s1_TCAAGCACAGGGAATC
3729	e16_s1_TCAAGCACATCTTTCA
3730	e16_s1_TCAAGCACATTCCTAT
3731	e16_s1_TCAAGCAGTACGATTC
3732	e16_s1_TCAAGCAGTCCCTAAA
3733	e16_s1_TCAAGCATCGGTCACG
3734	e16_s1_TCAAGTGGTAGGTACG
3735	e16_s1_TCAAGTGGTCACGACC
3736	e16_s1_TCAAGTGGTCCCTGTT
3737	e16_s1_TCAAGTGGTCGAAACG
3738	e16_s1_TCAAGTGGTTCCGCGA
3739	e16_s1_TCAAGTGTCCGGTTCT
3740	e16_s1_TCAATCTAGGATGCGT
3741	e16_s1_TCAATCTAGTCCGCGT
3742	e16_s1_TCAATCTCAAGAGATT
3743	e16_s1_TCAATCTCAAGTACCT
3744	e16_s1_TCAATCTCACTACCCT
3745	e16_s1_TCAATCTCACTAGAGG
3746	e16_s1_TCAATCTGTATTTCCT
3747	e16_s1_TCAATCTGTTGATCGT
3748	e16_s1_TCAATCTGTTTCGTGA
3749	e16_s1_TCAATTCAGTACTCGT
3750	e16_s1_TCAATTCCAAGGCTTT
3751	e16_s1_TCAATTCGTAGGAGGG
3752	e16_s1_TCAATTCTCAGTGATC
3753	e16_s1_TCAATTCTCTAATTCC
3754	e16_s1_TCACAAGAGACATATG
3755	e16_s1_TCACAAGCATTGCTTT
3756	e16_s1_TCACAAGGTAGTCCTA
3757	e16_s1_TCACAAGGTGAGTTTC
3758	e16_s1_TCACAAGGTGTCTAAC
3759	e16_s1_TCACAAGGTTCGGCGT
3760	e16_s1_TCACAAGTCAGACTGT
3761	e16_s1_TCACAAGTCCATACAG
3762	e16_s1_TCACAAGTCGATACTG
3763	e16_s1_TCACACCAGCTGTGCC
3764	e16_s1_TCACACCAGGCCGCTT
3765	e16_s1_TCACACCAGTCTGGAG
3766	e16_s1_TCACACCCACGTTGGC
3767	e16_s1_TCACACCCAGTCGCAC
3768	e16_s1_TCACACCGTCCCGGTA
3769	e16_s1_TCACACCGTCTACAGT
3770	e16_s1_TCACACCGTGGCCACT
3771	e16_s1_TCACACCTCCGTCAAA
3772	e16_s1_TCACACCTCGCAGATT
3773	e16_s1_TCACACCTCTACGCAA
3774	e16_s1_TCACACCTCTCTTAAC
3775	e16_s1_TCACACCTCTTCCACG
3776	e16_s1_TCACATTCAAGAGAGA
3777	e16_s1_TCACATTCAATACCCA
3778	e16_s1_TCACATTCACTGCACG
3779	e16_s1_TCACATTCAGCAAGAC
3780	e16_s1_TCACATTGTCACCACG
3781	e16_s1_TCACATTGTGACGCCT
3782	e16_s1_TCACATTGTTCCTTGC
3783	e16_s1_TCACATTGTTGCCTAA
3784	e16_s1_TCACATTTCCATATGG
3785	e16_s1_TCACATTTCCGCTGTT
3786	e16_s1_TCACATTTCGCAGTTA
3787	e16_s1_TCACGCTAGACTGGGT
3788	e16_s1_TCACGCTAGCCATGCC
3789	e16_s1_TCACGCTAGCCTATCA
3790	e16_s1_TCACGCTAGTTCGGTT
3791	e16_s1_TCACGCTCAAATGCTC
3792	e16_s1_TCACGCTCAATCGCAT
3793	e16_s1_TCACGCTCATGGAATA
3794	e16_s1_TCACGCTTCCGGTTCT
3795	e16_s1_TCACGCTTCGGTTAGT
3796	e16_s1_TCACGGGCACTACCCT
3797	e16_s1_TCACGGGCATCGTCCT
3798	e16_s1_TCACGGGGTCCCACGA
3799	e16_s1_TCACGGGGTGCAGATG
3800	e16_s1_TCACTATAGACCTCAT
3801	e16_s1_TCACTATAGGGCATGT
3802	e16_s1_TCACTATCAAAGAACT
3803	e16_s1_TCACTATCAGCATACT
3804	e16_s1_TCACTATCATGGGTCC
3805	e16_s1_TCACTATTCTACTATC
3806	e16_s1_TCACTATTCTAGCATG
3807	e16_s1_TCACTATTCTAGCCTC
3808	e16_s1_TCACTCGAGATGTTCC
3809	e16_s1_TCACTCGAGCCGCTTG
3810	e16_s1_TCACTCGCACCCTAAA
3811	e16_s1_TCACTCGTCACTCACC
3812	e16_s1_TCACTCGTCACTGCTC
3813	e16_s1_TCAGCAAAGCCAAGGT
3814	e16_s1_TCAGCAAAGGCTAAAT
3815	e16_s1_TCAGCAACAACGTATC
3816	e16_s1_TCAGCAATCCCTCGAT
3817	e16_s1_TCAGCAATCCGCAGTG
3818	e16_s1_TCAGCCTAGCAGCGAT
3819	e16_s1_TCAGCCTAGCCAGTAG
3820	e16_s1_TCAGCCTAGTGTAGAT
3821	e16_s1_TCAGCCTCACAACATC
3822	e16_s1_TCAGCCTCACCAGTTA
3823	e16_s1_TCAGCCTCATACGCAT
3824	e16_s1_TCAGCCTCATGCCGGT
3825	e16_s1_TCAGCCTCATGTACGT
3826	e16_s1_TCAGCCTGTACGTGTT
3827	e16_s1_TCAGCCTTCCCTCGTA
3828	e16_s1_TCAGGGCTCGAGAACG
3829	e16_s1_TCAGGGCTCGCGTGAC
3830	e16_s1_TCAGGGCTCGGTCGAC
3831	e16_s1_TCAGGTACAAGCCCAC
3832	e16_s1_TCAGGTACACTTCAAG
3833	e16_s1_TCAGGTATCGGCTGAC
3834	e16_s1_TCAGGTATCTAGGCAT
3835	e16_s1_TCAGTCCAGCAGCACA
3836	e16_s1_TCAGTCCCACCTATCC
3837	e16_s1_TCAGTCCCATACCAGT
3838	e16_s1_TCAGTCCCATCCTTCG
3839	e16_s1_TCAGTCCGTTCAATCG
3840	e16_s1_TCAGTCCTCCGGTAGC
3841	e16_s1_TCAGTCCTCTTCCAGC
3842	e16_s1_TCAGTGAAGCAGGTCA
3843	e16_s1_TCAGTGACAACTTCTT
3844	e16_s1_TCAGTGACACTGATTG
3845	e16_s1_TCAGTGACATCCGTGG
3846	e16_s1_TCAGTTTAGCGCCCAT
3847	e16_s1_TCAGTTTCAGGTCCGT
3848	e16_s1_TCAGTTTGTCATGGCC
3849	e16_s1_TCAGTTTTCCGATCTC
3850	e16_s1_TCAGTTTTCGACTCCT
3851	e16_s1_TCATACTAGCAGCCCT
3852	e16_s1_TCATACTAGCCTAACT
3853	e16_s1_TCATACTAGCTGTTAC
3854	e16_s1_TCATACTAGGCTTAAA
3855	e16_s1_TCATACTCAACTACGT
3856	e16_s1_TCATACTCAATTTCGG
3857	e16_s1_TCATACTGTCCGGACT
3858	e16_s1_TCATACTGTCTCAGAT
3859	e16_s1_TCATACTTCCATACAG
3860	e16_s1_TCATATCAGCTCCACG
3861	e16_s1_TCATATCCACGAGGTA
3862	e16_s1_TCATATCCACTCCCTA
3863	e16_s1_TCATATCCATATCTCT
3864	e16_s1_TCATATCCATGCAGCC
3865	e16_s1_TCATATCTCCGCCTAT
3866	e16_s1_TCATATCTCGCGTAGC
3867	e16_s1_TCATATCTCGGCCTTT
3868	e16_s1_TCATCATAGTTCATCG
3869	e16_s1_TCATCATCAATCCTTT
3870	e16_s1_TCATCATTCGTCAGAT
3871	e16_s1_TCATCCGAGATACTGA
3872	e16_s1_TCATCCGAGGCTTTCA
3873	e16_s1_TCATCCGCACCTAAAC
3874	e16_s1_TCATCCGCACGACAGA
3875	e16_s1_TCATCCGCATCGCCTT
3876	e16_s1_TCATCCGTCCACGTCT
3877	e16_s1_TCATCCGTCCCATAAG
3878	e16_s1_TCATCCGTCTTAATCC
3879	e16_s1_TCATCCGTCTTCACGC
3880	e16_s1_TCATGAGCATTCAGGT
3881	e16_s1_TCATGAGGTGAACTAA
3882	e16_s1_TCATGCCAGGACACTG
3883	e16_s1_TCATGCCAGGCACAAC
3884	e16_s1_TCATGCCAGTCTCCTC
3885	e16_s1_TCATGCCCAACACGAG
3886	e16_s1_TCATGCCCACAGCCTG
3887	e16_s1_TCATGCCCACCGTGCA
3888	e16_s1_TCATGCCCACCTGCTT
3889	e16_s1_TCATGCCGTAATGCGG
3890	e16_s1_TCATGCCTCATCACCC
3891	e16_s1_TCATGCCTCCCACAGG
3892	e16_s1_TCATGCCTCTTGGTGA
3893	e16_s1_TCATGGAAGATGGTCG
3894	e16_s1_TCATGGACACTCCGAG
3895	e16_s1_TCATGGAGTCGTTGGC
3896	e16_s1_TCATGTTAGTGCTAGG
3897	e16_s1_TCATGTTCAGAGGACT
3898	e16_s1_TCATGTTCAGTGGTGA
3899	e16_s1_TCATGTTGTATTGAGA
3900	e16_s1_TCATGTTGTCCTCATC
3901	e16_s1_TCATGTTTCATTTCGT
3902	e16_s1_TCATTACAGACATACA
3903	e16_s1_TCATTACCAGATCCAT
3904	e16_s1_TCATTACGTATCCTCC
3905	e16_s1_TCATTACGTCACATTG
3906	e16_s1_TCATTACGTCTCGACG
3907	e16_s1_TCATTACGTGCCGTTG
3908	e16_s1_TCATTACGTGTGCCTG
3909	e16_s1_TCATTACGTGTTCGTA
3910	e16_s1_TCATTACTCCTGGTCT
3911	e16_s1_TCATTACTCGCACTCT
3912	e16_s1_TCATTACTCTCTTGCG
3913	e16_s1_TCATTCAAGCTGAGCA
3914	e16_s1_TCATTCACAAGCTCTA
3915	e16_s1_TCATTCACACCAACAT
3916	e16_s1_TCATTCACACGGATCC
3917	e16_s1_TCATTCACATTGCCTC
3918	e16_s1_TCATTCATCGCTACAA
3919	e16_s1_TCATTGTCACAGCCAC
3920	e16_s1_TCATTGTCAGCACAAG
3921	e16_s1_TCATTGTCAGTGTGGA
3922	e16_s1_TCATTGTCATCTGTTT
3923	e16_s1_TCATTGTTCAGACCTA
3924	e16_s1_TCATTGTTCCAGCAAT
3925	e16_s1_TCATTGTTCGTTCTCG
3926	e16_s1_TCATTGTTCTTCGTGC
3927	e16_s1_TCATTTGAGCAAATCA
3928	e16_s1_TCATTTGAGTCAACAA
3929	e16_s1_TCATTTGCAACTACGT
3930	e16_s1_TCATTTGCATATACCG
3931	e16_s1_TCATTTGTCTTTCGAT
3932	e16_s1_TCCACCAAGAGTGTTA
3933	e16_s1_TCCACCAAGCGCACAA
3934	e16_s1_TCCACCAAGTAGTCTC
3935	e16_s1_TCCACCAAGTATTCCG
3936	e16_s1_TCCACCACAAGATGGC
3937	e16_s1_TCCACCACAAGCTCTA
3938	e16_s1_TCCACCACAATCCAGT
3939	e16_s1_TCCACCACACTATCCC
3940	e16_s1_TCCACCACAGGCTACC
3941	e16_s1_TCCACCACATTCTGTT
3942	e16_s1_TCCACCATCCAACTAG
3943	e16_s1_TCCACCATCCATTTGT
3944	e16_s1_TCCACCATCCTTCTGG
3945	e16_s1_TCCACGTCACTGCATA
3946	e16_s1_TCCACGTCATCGGATT
3947	e16_s1_TCCAGAAAGGCTAGCA
3948	e16_s1_TCCAGAATCGAGTACT
3949	e16_s1_TCCAGAATCGGAACTT
3950	e16_s1_TCCATCGAGAATCGTA
3951	e16_s1_TCCATCGAGCTGTTCA
3952	e16_s1_TCCATCGAGTAATACG
3953	e16_s1_TCCATCGCAACGACAG
3954	e16_s1_TCCATCGCACTGGAAG
3955	e16_s1_TCCATCGTCCCTTCCC
3956	e16_s1_TCCATCGTCCTAAGTG
3957	e16_s1_TCCATGCCACGCACCA
3958	e16_s1_TCCATGCCACTAACCA
3959	e16_s1_TCCATGCCAGTCTGGC
3960	e16_s1_TCCATGCCATTGACTG
3961	e16_s1_TCCATGCTCACATACG
3962	e16_s1_TCCATGCTCTTTGATC
3963	e16_s1_TCCCACAAGCATCAAA
3964	e16_s1_TCCCACAAGTTGGCGA
3965	e16_s1_TCCCACACACTCTAGA
3966	e16_s1_TCCCACACAGGTTCAT
3967	e16_s1_TCCCACACATGGCTGC
3968	e16_s1_TCCCACAGTGCAACGA
3969	e16_s1_TCCCACAGTGCATTAC
3970	e16_s1_TCCCACATCAGCCTTC
3971	e16_s1_TCCCACATCCTAGCTC
3972	e16_s1_TCCCACATCGTTTACT
3973	e16_s1_TCCCAGTAGTCATAGA
3974	e16_s1_TCCCAGTGTAGGAGTC
3975	e16_s1_TCCCAGTTCAGAACCT
3976	e16_s1_TCCCATGAGACGCCAA
3977	e16_s1_TCCCATGAGTGCCAGA
3978	e16_s1_TCCCATGTCCAGTGTA
3979	e16_s1_TCCCATGTCCTCACTG
3980	e16_s1_TCCGAAAAGGACCCAA
3981	e16_s1_TCCGAAACAGAGATTA
3982	e16_s1_TCCGAAACAGAGTAAT
3983	e16_s1_TCCGAAAGTCTGTCCT
3984	e16_s1_TCCGAAATCACGGACC
3985	e16_s1_TCCGAAATCACTGCTC
3986	e16_s1_TCCGAAATCGAACCAT
3987	e16_s1_TCCGATCAGACTCTAC
3988	e16_s1_TCCGATCCACTTCAAG
3989	e16_s1_TCCGATCCATCATCTT
3990	e16_s1_TCCGATCCATTCCTCG
3991	e16_s1_TCCGATCTCGCCTTTG
3992	e16_s1_TCCGATCTCTTGCAGA
3993	e16_s1_TCCGGGACAATCCTAG
3994	e16_s1_TCCGGGAGTCATACCA
3995	e16_s1_TCCGGGATCCTCTCGA
3996	e16_s1_TCCGTGTCAGTTGTTG
3997	e16_s1_TCCGTGTTCGTTGTTT
3998	e16_s1_TCCTAATCAACGGCCT
3999	e16_s1_TCCTAATCACAACGAG
4000	e16_s1_TCCTAATCACCTGCTT
4001	e16_s1_TCCTAATCAGGTTACT
4002	e16_s1_TCCTAATCATTCCTAT
4003	e16_s1_TCCTAATGTCCGGTCA
4004	e16_s1_TCCTAATGTGAATGAT
4005	e16_s1_TCCTAATGTGAGTAAT
4006	e16_s1_TCCTAATGTTGCCGAC
4007	e16_s1_TCCTAATTCCTTCTAA
4008	e16_s1_TCCTCCCAGAGCAACC
4009	e16_s1_TCCTCCCAGGTCCAGA
4010	e16_s1_TCCTCCCCACTCCGGA
4011	e16_s1_TCCTCCCCAGCCGGTT
4012	e16_s1_TCCTCCCCATGCAGCC
4013	e16_s1_TCCTCCCCATGCAGGA
4014	e16_s1_TCCTCCCGTACCTTCC
4015	e16_s1_TCCTCCCGTTCAGCTA
4016	e16_s1_TCCTCCCGTTCGTACA
4017	e16_s1_TCCTCCCTCATCGCAA
4018	e16_s1_TCCTCCCTCCACGGGT
4019	e16_s1_TCCTCCCTCCTTTAGT
4020	e16_s1_TCCTCCCTCGCTAAAC
4021	e16_s1_TCCTCCCTCGTCACCT
4022	e16_s1_TCCTCGAAGTAATCCC
4023	e16_s1_TCCTCGACAAAGTGTA
4024	e16_s1_TCCTCGACATGATAGA
4025	e16_s1_TCCTCGAGTCAAAGCG
4026	e16_s1_TCCTCGAGTTCTCACC
4027	e16_s1_TCCTCGATCGCAGATT
4028	e16_s1_TCCTCGATCTCAACCC
4029	e16_s1_TCCTCGATCTCCTGTG
4030	e16_s1_TCCTCTTAGACCTCAT
4031	e16_s1_TCCTCTTCAAGGCCTC
4032	e16_s1_TCCTCTTCAGCTCTGG
4033	e16_s1_TCCTCTTGTATTGCCA
4034	e16_s1_TCCTCTTTCAAACGAA
4035	e16_s1_TCCTCTTTCAGATGCT
4036	e16_s1_TCCTCTTTCAGTGCGC
4037	e16_s1_TCCTGCAAGACGCAGT
4038	e16_s1_TCCTGCAAGGTAGCAC
4039	e16_s1_TCCTGCAGTCAAATCC
4040	e16_s1_TCCTGCAGTGACAGCA
4041	e16_s1_TCCTGCATCGGAACTT
4042	e16_s1_TCCTTCTAGAATAGTC
4043	e16_s1_TCCTTCTAGTCACTAC
4044	e16_s1_TCCTTCTCATTCGATG
4045	e16_s1_TCCTTCTGTATCGATC
4046	e16_s1_TCCTTCTGTTACCTGA
4047	e16_s1_TCCTTCTTCCTAGCCT
4048	e16_s1_TCCTTCTTCGAGAAGC
4049	e16_s1_TCCTTCTTCGAGTACT
4050	e16_s1_TCCTTCTTCGGATTAC
4051	e16_s1_TCCTTCTTCTACACTT
4052	e16_s1_TCCTTCTTCTTCTAAC
4053	e16_s1_TCCTTTCAGCTGACTT
4054	e16_s1_TCCTTTCAGGCTAGCA
4055	e16_s1_TCCTTTCCACGGATCC
4056	e16_s1_TCCTTTCGTCCTGGTG
4057	e16_s1_TCCTTTCGTGACGCCT
4058	e16_s1_TCCTTTCTCAACTTTC
4059	e16_s1_TCCTTTCTCCACTGAA
4060	e16_s1_TCCTTTCTCCATTTGT
4061	e16_s1_TCCTTTCTCCTACGGG
4062	e16_s1_TCCTTTCTCGCTCTCA
4063	e16_s1_TCCTTTCTCTGAGTCA
4064	e16_s1_TCGAACAAGCTGTTAC
4065	e16_s1_TCGAACAAGTCTGGTT
4066	e16_s1_TCGAACACAAACGTGG
4067	e16_s1_TCGAACACAACTACGT
4068	e16_s1_TCGAACACAAGCAATA
4069	e16_s1_TCGAACAGTACGCTAT
4070	e16_s1_TCGAACAGTGACTCTA
4071	e16_s1_TCGAACATCGACTCCT
4072	e16_s1_TCGAAGTAGCTGTTCA
4073	e16_s1_TCGAAGTCACGTACAT
4074	e16_s1_TCGAAGTCAGCTGTCG
4075	e16_s1_TCGAAGTGTACCTATG
4076	e16_s1_TCGAAGTGTCGTGATT
4077	e16_s1_TCGAAGTTCGCGTGAC
4078	e16_s1_TCGACCTAGGTCCCGT
4079	e16_s1_TCGACCTCACACCTAA
4080	e16_s1_TCGACCTGTAAGTCAA
4081	e16_s1_TCGACCTGTAGGATAT
4082	e16_s1_TCGACCTTCACCTACC
4083	e16_s1_TCGACCTTCGTTCTGC
4084	e16_s1_TCGACGGCACAAACGG
4085	e16_s1_TCGACGGCACTGTGTA
4086	e16_s1_TCGATTTAGCGACCCT
4087	e16_s1_TCGATTTCACAACGAG
4088	e16_s1_TCGCACTAGTAAACTG
4089	e16_s1_TCGCACTCAACGATTC
4090	e16_s1_TCGCACTCAGTCCGTG
4091	e16_s1_TCGCAGGCAACTAGAA
4092	e16_s1_TCGCAGGCAGATACTC
4093	e16_s1_TCGCAGGTCAGAACCT
4094	e16_s1_TCGCAGGTCGCATGAT
4095	e16_s1_TCGCTCAAGACCGCCT
4096	e16_s1_TCGCTCAAGCATCGAG
4097	e16_s1_TCGCTCAAGGCTCAAG
4098	e16_s1_TCGCTCAAGGTACCTT
4099	e16_s1_TCGCTCACACCCTTAC
4100	e16_s1_TCGCTCACATCATTGG
4101	e16_s1_TCGCTCACATCGTGGC
4102	e16_s1_TCGCTCATCACTCACC
4103	e16_s1_TCGCTCATCACTCCGT
4104	e16_s1_TCGCTTGCACAAGCCC
4105	e16_s1_TCGCTTGGTCGTCTCT
4106	e16_s1_TCGCTTGGTCTAGGTT
4107	e16_s1_TCGCTTGGTTACTCAG
4108	e16_s1_TCGCTTGGTTTCGACA
4109	e16_s1_TCGCTTGTCAGGGATG
4110	e16_s1_TCGGATAAGTATAGGT
4111	e16_s1_TCGGATACACCGTGCA
4112	e16_s1_TCGGATACATCATGAC
4113	e16_s1_TCGGATATCAACCGAT
4114	e16_s1_TCGGATATCCGGCAAC
4115	e16_s1_TCGGATATCCTTTGAT
4116	e16_s1_TCGGATATCTATTGTC
4117	e16_s1_TCGGGACAGATTGATG
4118	e16_s1_TCGGGACCAGGCAATG
4119	e16_s1_TCGGGACGTACTGACT
4120	e16_s1_TCGGGACGTTGCAAGG
4121	e16_s1_TCGGGACTCGCTGATA
4122	e16_s1_TCGGGCAGTACAGGTG
4123	e16_s1_TCGGGCATCAACTACG
4124	e16_s1_TCGGGCATCCATGAGT
4125	e16_s1_TCGGGCATCCGCCTAT
4126	e16_s1_TCGGGTGCAGGTTCAT
4127	e16_s1_TCGGGTGCATCCAATG
4128	e16_s1_TCGGTCTAGCGGCTCT
4129	e16_s1_TCGGTCTAGTATGGAT
4130	e16_s1_TCGGTCTCACGACGAA
4131	e16_s1_TCGGTCTGTAAGCAAT
4132	e16_s1_TCGGTCTGTCTTCCGT
4133	e16_s1_TCGTAGACACTCGATA
4134	e16_s1_TCGTCCAAGGCATGGT
4135	e16_s1_TCGTCCAAGGGCTGAT
4136	e16_s1_TCGTCCAAGTAGATCA
4137	e16_s1_TCGTCCACACTGCTTC
4138	e16_s1_TCGTCCACAGTTCTAG
4139	e16_s1_TCGTCCACAGTTTGGT
4140	e16_s1_TCGTCCAGTACCCAGC
4141	e16_s1_TCGTCCAGTATGTGTC
4142	e16_s1_TCGTCCATCCAATCTT
4143	e16_s1_TCGTGCTAGCCTATCA
4144	e16_s1_TCGTGCTAGCGAATGC
4145	e16_s1_TCGTGCTGTCGTCGGT
4146	e16_s1_TCGTGCTGTTAAGCAA
4147	e16_s1_TCGTGGGAGTAAATGC
4148	e16_s1_TCGTGGGTCAGTGTGT
4149	e16_s1_TCTAACTAGTCCTACA
4150	e16_s1_TCTAACTAGTTTGGCT
4151	e16_s1_TCTAACTCAACCAATC
4152	e16_s1_TCTAACTCAACGACAG
4153	e16_s1_TCTAACTCAGGCTCTG
4154	e16_s1_TCTAACTCAGGTAGTG
4155	e16_s1_TCTAACTCATGGGTTT
4156	e16_s1_TCTAACTTCACTCACC
4157	e16_s1_TCTAACTTCAGAACCT
4158	e16_s1_TCTAACTTCGACCAAT
4159	e16_s1_TCTAACTTCGCCACTT
4160	e16_s1_TCTAACTTCTGTAACG
4161	e16_s1_TCTACATAGCGCCTAC
4162	e16_s1_TCTACATAGGTTCACT
4163	e16_s1_TCTACATCAACGTAAA
4164	e16_s1_TCTACATCATCCGAGC
4165	e16_s1_TCTACATTCACTCACC
4166	e16_s1_TCTACATTCGGCTGGT
4167	e16_s1_TCTACATTCTTCACAT
4168	e16_s1_TCTACCGAGACAGTCG
4169	e16_s1_TCTACCGAGGCCTGAA
4170	e16_s1_TCTACCGCAACCGTAT
4171	e16_s1_TCTACCGCACACGGTC
4172	e16_s1_TCTACCGGTTAATGAG
4173	e16_s1_TCTACCGTCCTCGATC
4174	e16_s1_TCTACCGTCTCCGATC
4175	e16_s1_TCTACCGTCTTAGCAG
4176	e16_s1_TCTATACAGCATATGA
4177	e16_s1_TCTATACAGCTCCATA
4178	e16_s1_TCTATACCAAAGGAGA
4179	e16_s1_TCTATACCACCAGGTC
4180	e16_s1_TCTATACCACCCAACG
4181	e16_s1_TCTATACCAGAGGTTG
4182	e16_s1_TCTATACCAGAGTGAC
4183	e16_s1_TCTATACGTTGTAGCT
4184	e16_s1_TCTATCAAGCTCCGAC
4185	e16_s1_TCTATCAGTGCCTTCT
4186	e16_s1_TCTATCAGTGTTCCTC
4187	e16_s1_TCTATCATCAGGACGA
4188	e16_s1_TCTATCATCCATCTGC
4189	e16_s1_TCTATCATCGCTTAAG
4190	e16_s1_TCTCACGAGACGGTCA
4191	e16_s1_TCTCACGCACGTTGGC
4192	e16_s1_TCTCACGCAGAGGCAT
4193	e16_s1_TCTCACGCAGCGTATT
4194	e16_s1_TCTCACGCATGACCCG
4195	e16_s1_TCTCACGGTCATACCA
4196	e16_s1_TCTCACGTCCTAACAG
4197	e16_s1_TCTCAGCCACCTATCC
4198	e16_s1_TCTCAGCCACGCAGTC
4199	e16_s1_TCTCAGCCACTATCCC
4200	e16_s1_TCTCAGCGTAGGCTCC
4201	e16_s1_TCTCAGCGTTCGTGCG
4202	e16_s1_TCTCAGCTCCAAGCAT
4203	e16_s1_TCTCAGCTCCATAGAC
4204	e16_s1_TCTCAGCTCCGGGACT
4205	e16_s1_TCTCAGCTCGCCAGAC
4206	e16_s1_TCTCAGCTCTGGGCAC
4207	e16_s1_TCTCCGAAGGAATTAC
4208	e16_s1_TCTCCGAAGGCCGCTT
4209	e16_s1_TCTCCGACAAAGGTTA
4210	e16_s1_TCTCCGACAATCACGT
4211	e16_s1_TCTCCGACACTCCGGA
4212	e16_s1_TCTCCGAGTACAGAGC
4213	e16_s1_TCTCCGAGTCCTGTTC
4214	e16_s1_TCTCCGATCATTACGG
4215	e16_s1_TCTCTGGCATGACTTG
4216	e16_s1_TCTCTGGTCAGTGATC
4217	e16_s1_TCTCTGGTCCCATAAG
4218	e16_s1_TCTGCCACACAATGCT
4219	e16_s1_TCTGCCACACACCTTC
4220	e16_s1_TCTGCCACACTTTAGG
4221	e16_s1_TCTGCCAGTACCCGAC
4222	e16_s1_TCTGGCTAGAAACCCG
4223	e16_s1_TCTGGCTAGACCAGAC
4224	e16_s1_TCTGGCTAGCAACAAT
4225	e16_s1_TCTGGCTAGGCTCACC
4226	e16_s1_TCTGGCTGTATCTCGA
4227	e16_s1_TCTGGCTGTTTGTTCT
4228	e16_s1_TCTGGCTTCCAACACA
4229	e16_s1_TCTGGCTTCCTCTTTC
4230	e16_s1_TCTGTCGAGAGCTGAC
4231	e16_s1_TCTGTCGCAATTCTTC
4232	e16_s1_TCTGTCGTCCACTGGG
4233	e16_s1_TCTGTCGTCCGATCTC
4234	e16_s1_TCTTAGTAGATGTTGA
4235	e16_s1_TCTTAGTAGGGACTGT
4236	e16_s1_TCTTAGTAGTCATAGA
4237	e16_s1_TCTTAGTCACTGCGAC
4238	e16_s1_TCTTAGTCATCCAACA
4239	e16_s1_TCTTAGTGTTCTCGCT
4240	e16_s1_TCTTAGTTCAATCCAG
4241	e16_s1_TCTTAGTTCATTATCC
4242	e16_s1_TCTTAGTTCTAAGCCA
4243	e16_s1_TCTTAGTTCTCTCAAT
4244	e16_s1_TCTTCCTAGATGTTAG
4245	e16_s1_TCTTCCTCAACCGACC
4246	e16_s1_TCTTCCTCAAGCAATA
4247	e16_s1_TCTTCCTCAATCCTTT
4248	e16_s1_TCTTCCTCACTGTCGG
4249	e16_s1_TCTTGCGAGAGTGAAG
4250	e16_s1_TCTTGCGAGTATAACG
4251	e16_s1_TCTTGCGCATCGCCTT
4252	e16_s1_TCTTGCGCATTCCTCG
4253	e16_s1_TCTTTGAAGACGCTCC
4254	e16_s1_TCTTTGAAGCTGTGCC
4255	e16_s1_TCTTTGACAATCTCGA
4256	e16_s1_TCTTTGACAATGACCT
4257	e16_s1_TCTTTGACACCATATG
4258	e16_s1_TCTTTGACACTGTTCC
4259	e16_s1_TCTTTGACATGCCATA
4260	e16_s1_TCTTTGAGTGGGAGAG
4261	e16_s1_TCTTTGATCTACCACC
4262	e16_s1_TGAACGTAGCCGTTGC
4263	e16_s1_TGAACGTAGTCCTGTA
4264	e16_s1_TGAACGTAGTGGAAGA
4265	e16_s1_TGAACGTCATCCGAAT
4266	e16_s1_TGAATCGAGCCATTTG
4267	e16_s1_TGAATCGAGTAAGCAT
4268	e16_s1_TGAATCGAGTTCTACG
4269	e16_s1_TGAATCGCAACTGCTA
4270	e16_s1_TGAATCGTCGAGAACG
4271	e16_s1_TGAATCGTCTTAGCCC
4272	e16_s1_TGAATGCCAAGGTTGG
4273	e16_s1_TGAATGCCACGGGTAA
4274	e16_s1_TGAATGCCAGGTTTAC
4275	e16_s1_TGAATGCTCAATCCAG
4276	e16_s1_TGAATGCTCTACGGTA
4277	e16_s1_TGACAGTCAAGGACAC
4278	e16_s1_TGACAGTCACTGTTCC
4279	e16_s1_TGACAGTCATGCCGGT
4280	e16_s1_TGACAGTTCCAGTACA
4281	e16_s1_TGACAGTTCTCCTGCA
4282	e16_s1_TGACCCTAGCATCCTA
4283	e16_s1_TGACCCTCACTCTAGA
4284	e16_s1_TGACCCTCATCATGAC
4285	e16_s1_TGACCCTGTGTTCAGT
4286	e16_s1_TGACCCTTCTCCTGAC
4287	e16_s1_TGACGCGCATGGCTAT
4288	e16_s1_TGACGCGGTCAAGCGA
4289	e16_s1_TGACTCCAGAGGCGGA
4290	e16_s1_TGACTCCAGGTACTGG
4291	e16_s1_TGACTCCCATCTATCT
4292	e16_s1_TGACTCCGTTCTATCT
4293	e16_s1_TGACTCCTCATTATCC
4294	e16_s1_TGACTCCTCGGTTGTA
4295	e16_s1_TGACTCCTCTCTCTTC
4296	e16_s1_TGACTCCTCTGGGCCA
4297	e16_s1_TGAGACTAGGCTCTCG
4298	e16_s1_TGAGACTCACACCGCA
4299	e16_s1_TGAGACTGTGACGCCT
4300	e16_s1_TGAGACTTCACTGAAC
4301	e16_s1_TGAGCATAGTCAGCCC
4302	e16_s1_TGAGCATAGTTAGAAC
4303	e16_s1_TGAGCATTCACCATGA
4304	e16_s1_TGAGCATTCATGCATG
4305	e16_s1_TGAGCGCCACGGGTAA
4306	e16_s1_TGAGGAGAGGGACCAT
4307	e16_s1_TGAGGGACATTAAGCC
4308	e16_s1_TGAGGGAGTCGCACAC
4309	e16_s1_TGAGGGAGTTGACGGA
4310	e16_s1_TGAGGGATCATGGATC
4311	e16_s1_TGAGGGATCGACGCTG
4312	e16_s1_TGAGGGATCTCAACGA
4313	e16_s1_TGAGGTTCACGACAGA
4314	e16_s1_TGAGGTTCACTACACA
4315	e16_s1_TGAGGTTCAGCCCACA
4316	e16_s1_TGAGTCAAGCAACCAG
4317	e16_s1_TGAGTCACACATTCTT
4318	e16_s1_TGAGTCACATACAGAA
4319	e16_s1_TGATCAGAGATGGCGT
4320	e16_s1_TGATCAGGTCGACTTA
4321	e16_s1_TGATCAGGTGGACTAG
4322	e16_s1_TGATCAGTCACAGTGT
4323	e16_s1_TGATCAGTCTGAATCG
4324	e16_s1_TGATCTTCATTGGCAT
4325	e16_s1_TGATGCAAGACTGTTC
4326	e16_s1_TGATGCAAGCCTGTCG
4327	e16_s1_TGATGCAAGGGCAACT
4328	e16_s1_TGATGCACATGATAGA
4329	e16_s1_TGATGCAGTGGCTAGA
4330	e16_s1_TGATGCATCTTGCGCT
4331	e16_s1_TGATGGTTCGATAACC
4332	e16_s1_TGATTCTAGGATACCG
4333	e16_s1_TGATTCTCACGCCAGT
4334	e16_s1_TGATTCTGTTAAACAG
4335	e16_s1_TGATTCTTCCTTATAC
4336	e16_s1_TGATTCTTCGGACAAG
4337	e16_s1_TGATTTCAGCCGATTT
4338	e16_s1_TGATTTCAGCGCACAA
4339	e16_s1_TGATTTCAGGTGCAGT
4340	e16_s1_TGATTTCAGTATCTGC
4341	e16_s1_TGATTTCCACCGTACG
4342	e16_s1_TGATTTCCAGGCTACC
4343	e16_s1_TGCACGGCAAGAGTTA
4344	e16_s1_TGCACGGTCCCTCAAC
4345	e16_s1_TGCACGGTCTAGACCA
4346	e16_s1_TGCAGATAGACCTTTG
4347	e16_s1_TGCAGATGTGGGCTCT
4348	e16_s1_TGCAGATTCCATAAGC
4349	e16_s1_TGCAGATTCCCGTTCA
4350	e16_s1_TGCAGATTCCCTGGTT
4351	e16_s1_TGCAGATTCCGACATA
4352	e16_s1_TGCAGGCAGATTTGCC
4353	e16_s1_TGCAGGCCACCTCGTT
4354	e16_s1_TGCAGGCCACTTGGGC
4355	e16_s1_TGCAGGCGTATCAAGA
4356	e16_s1_TGCAGGCTCTTTCAGT
4357	e16_s1_TGCAGTAAGACCTCAT
4358	e16_s1_TGCAGTAAGTCGAAGC
4359	e16_s1_TGCAGTACAATTGTGC
4360	e16_s1_TGCAGTAGTTATCCAG
4361	e16_s1_TGCATCCAGCGCGTTC
4362	e16_s1_TGCATCCCAGATCCTA
4363	e16_s1_TGCATCCGTAAGTAGT
4364	e16_s1_TGCATCCGTCCAACGC
4365	e16_s1_TGCATCCGTGACAGCA
4366	e16_s1_TGCATCCTCGTTAGAC
4367	e16_s1_TGCATGAAGGGCCTCT
4368	e16_s1_TGCATGACACACCGCA
4369	e16_s1_TGCATGATCCACTTTA
4370	e16_s1_TGCCGAGAGCACTCCG
4371	e16_s1_TGCCGAGCACAAAGTA
4372	e16_s1_TGCCGAGCATGGTACT
4373	e16_s1_TGCCGAGCATTAAGCC
4374	e16_s1_TGCCGAGGTCATCGGC
4375	e16_s1_TGCCGAGTCTGAGTCA
4376	e16_s1_TGCGACGAGCATCGAG
4377	e16_s1_TGCGACGTCACCTTAT
4378	e16_s1_TGCGACGTCATTTGGG
4379	e16_s1_TGCGACGTCTCGCCTA
4380	e16_s1_TGCGATATCGAACCTA
4381	e16_s1_TGCGATATCTACACTT
4382	e16_s1_TGCGGCAAGGTTCTTG
4383	e16_s1_TGCGGCACAAATCCCA
4384	e16_s1_TGCGGCACAGGTCCCA
4385	e16_s1_TGCGGCAGTAGGTACG
4386	e16_s1_TGCGGCATCATGCCAA
4387	e16_s1_TGCGGCATCCGCCTAT
4388	e16_s1_TGCGGGTCAACCGACC
4389	e16_s1_TGCGGGTGTCGCTTAA
4390	e16_s1_TGCTCCACAACACTAC
4391	e16_s1_TGCTCCACAACCGCCA
4392	e16_s1_TGCTCCACACTGCATA
4393	e16_s1_TGCTCCAGTCATTCCC
4394	e16_s1_TGCTCCAGTCGTCTCT
4395	e16_s1_TGCTCCATCGTGTGAT
4396	e16_s1_TGCTCGTCAGCTCCTT
4397	e16_s1_TGCTCGTCATATACCG
4398	e16_s1_TGCTGAAAGAATGTTG
4399	e16_s1_TGCTGAAAGATAACGT
4400	e16_s1_TGCTGAACAACGCATT
4401	e16_s1_TGCTGAAGTTGATGTC
4402	e16_s1_TGCTGAATCGGATAAA
4403	e16_s1_TGCTTCGAGACGCTCC
4404	e16_s1_TGCTTCGAGATGCTTC
4405	e16_s1_TGCTTCGCAAATAGCA
4406	e16_s1_TGCTTCGCACCTGATA
4407	e16_s1_TGCTTCGTCTTTCCAA
4408	e16_s1_TGCTTGCAGTCTTCCC
4409	e16_s1_TGCTTGCCATAGACTC
4410	e16_s1_TGCTTGCGTTGCTGAT
4411	e16_s1_TGCTTGCTCCGCTAGG
4412	e16_s1_TGGAACTCAACTCGAT
4413	e16_s1_TGGAACTCATCCTATT
4414	e16_s1_TGGAACTGTTAACCTG
4415	e16_s1_TGGAGAGAGAGCTGAC
4416	e16_s1_TGGAGAGAGCGTTCAT
4417	e16_s1_TGGAGAGCATGCGTGC
4418	e16_s1_TGGAGAGTCGGAATGG
4419	e16_s1_TGGAGAGTCTACACAG
4420	e16_s1_TGGAGGATCTTGGTCC
4421	e16_s1_TGGATCAAGACTCAAA
4422	e16_s1_TGGATCAAGCGACCCT
4423	e16_s1_TGGATCACACCAGCCA
4424	e16_s1_TGGATCACATAGGTAA
4425	e16_s1_TGGATCAGTATCCCTC
4426	e16_s1_TGGATCATCAAGCTTG
4427	e16_s1_TGGATCATCCGTGGTG
4428	e16_s1_TGGATGTTCCAGTGCG
4429	e16_s1_TGGATGTTCGCATGAT
4430	e16_s1_TGGCGTGCAGGCTACC
4431	e16_s1_TGGCGTGGTCCCACGA
4432	e16_s1_TGGCGTGGTGGTCCGT
4433	e16_s1_TGGCGTGGTTCACGAT
4434	e16_s1_TGGGAAGAGTGTTCCA
4435	e16_s1_TGGGAAGCATGCCGAC
4436	e16_s1_TGGGAGACACGTACAT
4437	e16_s1_TGGGAGATCTACCAGA
4438	e16_s1_TGGGATTCAACGATCT
4439	e16_s1_TGGGATTCAATTCGTG
4440	e16_s1_TGGGATTCACAGCTTA
4441	e16_s1_TGGGATTCATTCCTCG
4442	e16_s1_TGGGATTGTATGTCAC
4443	e16_s1_TGGGCGTGTCTCTCCA
4444	e16_s1_TGGGCTGCACCCTAAA
4445	e16_s1_TGGGCTGCAGGAGACT
4446	e16_s1_TGGGCTGTCAGACCTA
4447	e16_s1_TGGGCTGTCTATCGCC
4448	e16_s1_TGGGCTGTCTGAGGCC
4449	e16_s1_TGGGTTAGTCATCGGC
4450	e16_s1_TGGGTTATCCCGTGAG
4451	e16_s1_TGGGTTATCGAAGCAG
4452	e16_s1_TGGGTTATCGTGCTCT
4453	e16_s1_TGGTACAAGGCACCAA
4454	e16_s1_TGGTACAAGGGAGTGG
4455	e16_s1_TGGTACACAGGTGTGA
4456	e16_s1_TGGTACAGTCTCACAA
4457	e16_s1_TGGTACATCATGGCCG
4458	e16_s1_TGGTACATCCCTATTA
4459	e16_s1_TGGTACATCTTCGCTG
4460	e16_s1_TGGTAGTGTCGCACAC
4461	e16_s1_TGGTGATAGTATCCTG
4462	e16_s1_TGGTGATAGTGCACCC
4463	e16_s1_TGGTGATGTCCAAAGG
4464	e16_s1_TGGTGATTCGTTCCCA
4465	e16_s1_TGGTTAGAGCTGACAG
4466	e16_s1_TGGTTAGAGTCATGGG
4467	e16_s1_TGGTTAGCAGGCCCTA
4468	e16_s1_TGGTTAGTCAGTGTGT
4469	e16_s1_TGTAACGCATCCCGTT
4470	e16_s1_TGTAACGTCATGCCAA
4471	e16_s1_TGTAAGCAGCATATGA
4472	e16_s1_TGTACAGAGGTAACTA
4473	e16_s1_TGTACAGCAGGAGGTT
4474	e16_s1_TGTACAGGTAATCAGA
4475	e16_s1_TGTACAGGTCATAAAG
4476	e16_s1_TGTACAGGTTACCTGA
4477	e16_s1_TGTAGACAGCGCAATG
4478	e16_s1_TGTAGACTCCAAGGGA
4479	e16_s1_TGTCAGAAGGAGCTGT
4480	e16_s1_TGTCAGATCACCATCC
4481	e16_s1_TGTCCACGTATGAAGT
4482	e16_s1_TGTCCACTCAGTCACA
4483	e16_s1_TGTCCCAGTACGTAGG
4484	e16_s1_TGTCCTGGTCTGCATA
4485	e16_s1_TGTCCTGTCAGGACGA
4486	e16_s1_TGTCCTGTCATCGCTC
4487	e16_s1_TGTGATGCAGGCGTTC
4488	e16_s1_TGTGATGGTGACAGCA
4489	e16_s1_TGTGATGTCCATCTGC
4490	e16_s1_TGTGATGTCGGAAACG
4491	e16_s1_TGTGATGTCTTTGCGC
4492	e16_s1_TGTGCGGAGGTGGCTA
4493	e16_s1_TGTGGCGCATAGGTAA
4494	e16_s1_TGTGGCGGTAGAATGT
4495	e16_s1_TGTGTGAGTTACAGCT
4496	e16_s1_TGTGTGATCGCTCCTA
4497	e16_s1_TGTTACTGTAGCGTCC
4498	e16_s1_TGTTACTTCTGCCTCA
4499	e16_s1_TGTTCATCATTCTGTT
4500	e16_s1_TGTTCATGTATCGAAA
4501	e16_s1_TGTTCCGAGGAATTAC
4502	e16_s1_TGTTCCGTCAGGAGAC
4503	e16_s1_TGTTCCGTCCTCTCTT
4504	e16_s1_TGTTCTAGTGACCTGC
4505	e16_s1_TGTTGGAAGGGCAGAG
4506	e16_s1_TGTTGGACACTTTATC
4507	e16_s1_TGTTGGACATCACGGC
4508	e16_s1_TGTTGGAGTAGCTGCC
4509	e16_s1_TGTTGGATCTTACACT
4510	e16_s1_TGTTTGTCAAGTGGAC
4511	e16_s1_TGTTTGTGTACCACGC
4512	e16_s1_TTAATCCAGACTTAAG
4513	e16_s1_TTAATCCAGCGAACTG
4514	e16_s1_TTAATCCAGCGACCCT
4515	e16_s1_TTAATCCCAACGTAAA
4516	e16_s1_TTAATCCCATATGCGT
4517	e16_s1_TTAATCCTCTATCGCC
4518	e16_s1_TTACAGGCAACTTCTT
4519	e16_s1_TTACAGGCACTTCAAG
4520	e16_s1_TTACAGGCATACCAGT
4521	e16_s1_TTACAGGGTCTGTGCG
4522	e16_s1_TTACAGGGTGATACAA
4523	e16_s1_TTACAGGGTGCTGCAC
4524	e16_s1_TTACAGGGTTCATCTT
4525	e16_s1_TTACAGGGTTTGGAAA
4526	e16_s1_TTACCATAGCACCAGA
4527	e16_s1_TTACCATAGTGAACAT
4528	e16_s1_TTACCATAGTGCAACG
4529	e16_s1_TTACCATAGTTACGTC
4530	e16_s1_TTACCATCACCAATTG
4531	e16_s1_TTACCATCATCGTGGC
4532	e16_s1_TTACCATCATTGTGCA
4533	e16_s1_TTACCATGTACCGTGC
4534	e16_s1_TTACCATTCCATTGCC
4535	e16_s1_TTACCATTCCCTCTTT
4536	e16_s1_TTACCGCAGGTCCCGT
4537	e16_s1_TTACCGCAGTCACACT
4538	e16_s1_TTACCGCAGTGCCCGT
4539	e16_s1_TTACCGCCACTTCTCG
4540	e16_s1_TTACCGCCATGACTTG
4541	e16_s1_TTACCGCTCACATACG
4542	e16_s1_TTACGCCAGCGATGGT
4543	e16_s1_TTACGCCAGTAGCTCT
4544	e16_s1_TTACGCCCACCTCAGG
4545	e16_s1_TTACGCCCAGACCTAT
4546	e16_s1_TTACGCCCAGTCTTCC
4547	e16_s1_TTACGCCGTGTTCATG
4548	e16_s1_TTACGCCTCACACGAT
4549	e16_s1_TTACGCCTCCTACACC
4550	e16_s1_TTACGCCTCGTTGCCT
4551	e16_s1_TTACGCCTCTACCACC
4552	e16_s1_TTACGTTAGCCATCCG
4553	e16_s1_TTACGTTAGTGGCCTC
4554	e16_s1_TTACGTTTCTGTTGGA
4555	e16_s1_TTACTGTAGAAACCAT
4556	e16_s1_TTACTGTCAACTCATG
4557	e16_s1_TTACTGTCACTTCAGA
4558	e16_s1_TTACTGTCATAACAGA
4559	e16_s1_TTACTGTCATAGCACT
4560	e16_s1_TTACTGTTCAACTGGT
4561	e16_s1_TTAGGCAAGTAGCATA
4562	e16_s1_TTAGGCACACAAGCCC
4563	e16_s1_TTAGGCAGTACCTATG
4564	e16_s1_TTAGGCAGTAGGTCAG
4565	e16_s1_TTAGGCAGTATCGCTA
4566	e16_s1_TTAGGCATCACCATAG
4567	e16_s1_TTAGGGTCACGGTGTC
4568	e16_s1_TTAGGGTTCCCATACC
4569	e16_s1_TTAGGGTTCCCGAAAT
4570	e16_s1_TTAGTCTAGTAGCCAG
4571	e16_s1_TTAGTCTCAGTTGTTG
4572	e16_s1_TTAGTCTGTCACTGAT
4573	e16_s1_TTAGTCTGTCAGGAGT
4574	e16_s1_TTAGTCTGTCGTTGGC
4575	e16_s1_TTAGTCTTCTGCTTTA
4576	e16_s1_TTATTGCAGCACGATG
4577	e16_s1_TTATTGCAGCCATCCG
4578	e16_s1_TTATTGCAGCCGCTTG
4579	e16_s1_TTATTGCAGGGAGTTC
4580	e16_s1_TTATTGCAGTCGAGGT
4581	e16_s1_TTATTGCCAACAGTGG
4582	e16_s1_TTATTGCCACGGCGTT
4583	e16_s1_TTATTGCCAGTCAACT
4584	e16_s1_TTATTGCCAGTCAGAG
4585	e16_s1_TTATTGCGTAGATCCT
4586	e16_s1_TTATTGCGTCTTACTT
4587	e16_s1_TTATTGCTCCAATCTT
4588	e16_s1_TTATTGCTCTTGTTAC
4589	e16_s1_TTCAATCAGACATCCT
4590	e16_s1_TTCAATCAGCCTATTG
4591	e16_s1_TTCAATCAGCCTCAAT
4592	e16_s1_TTCAATCCAAACCACT
4593	e16_s1_TTCAATCCACGGTGCT
4594	e16_s1_TTCAATCCATCGAGCC
4595	e16_s1_TTCAATCCATGTGCCG
4596	e16_s1_TTCAATCGTTCTTCAT
4597	e16_s1_TTCACCGAGCCATATC
4598	e16_s1_TTCACCGAGTAACCTC
4599	e16_s1_TTCACCGCATCATCCC
4600	e16_s1_TTCACCGCATCGCTCT
4601	e16_s1_TTCACCGCATGTGGTT
4602	e16_s1_TTCACCGCATTCGGGC
4603	e16_s1_TTCACCGGTATCGTTG
4604	e16_s1_TTCACCGGTCTGATCA
4605	e16_s1_TTCACCGGTGTCACAT
4606	e16_s1_TTCACCGTCAAGCCCG
4607	e16_s1_TTCACCGTCTTCACGC
4608	e16_s1_TTCACGCAGAAGCTGC
4609	e16_s1_TTCACGCAGAATCGCG
4610	e16_s1_TTCACGCAGCCGATAG
4611	e16_s1_TTCACGCAGGCTAAAT
4612	e16_s1_TTCACGCAGGCTTTCA
4613	e16_s1_TTCACGCCAATCGCAT
4614	e16_s1_TTCACGCCACACCGAC
4615	e16_s1_TTCACGCCACGCGGTT
4616	e16_s1_TTCACGCCACGTTCGG
4617	e16_s1_TTCACGCCAGGCATTT
4618	e16_s1_TTCACGCGTACAGCGA
4619	e16_s1_TTCACGCGTCCTACAA
4620	e16_s1_TTCAGGAAGGATAATC
4621	e16_s1_TTCAGGAAGTTGCATC
4622	e16_s1_TTCAGGACACACACGC
4623	e16_s1_TTCATGTTCTTCCACG
4624	e16_s1_TTCATTGTCACCACAA
4625	e16_s1_TTCATTGTCACGAACT
4626	e16_s1_TTCCAATCAACCGACC
4627	e16_s1_TTCCAATCACACCTTC
4628	e16_s1_TTCCAATCAGCCCACA
4629	e16_s1_TTCCAATCAGCGGTTC
4630	e16_s1_TTCCAATCAGTGCGCT
4631	e16_s1_TTCCAATCATGTGGCC
4632	e16_s1_TTCCAATGTCTAATCG
4633	e16_s1_TTCCAATGTGCGGCTT
4634	e16_s1_TTCCAATTCATTCTTG
4635	e16_s1_TTCCAATTCATTTGGG
4636	e16_s1_TTCCAATTCTCTCGAC
4637	e16_s1_TTCCACGAGCCTTTCC
4638	e16_s1_TTCCACGAGCGACTAG
4639	e16_s1_TTCCACGAGGATTCCT
4640	e16_s1_TTCCACGCAACGTAAA
4641	e16_s1_TTCCACGCACCAAAGG
4642	e16_s1_TTCCACGCATGGGCAA
4643	e16_s1_TTCCACGCATGTGTCA
4644	e16_s1_TTCCACGGTCTTTCAT
4645	e16_s1_TTCCACGGTGGACAGT
4646	e16_s1_TTCCACGGTTAGAGTA
4647	e16_s1_TTCCGTGCAAGTCCAT
4648	e16_s1_TTCCGTGCAATGAACA
4649	e16_s1_TTCCGTGGTCCTCATC
4650	e16_s1_TTCCGTGTCAACACGT
4651	e16_s1_TTCCTAAAGCTCGCAC
4652	e16_s1_TTCCTAACACCCTAAA
4653	e16_s1_TTCCTAAGTACGATCT
4654	e16_s1_TTCCTAAGTATTGACC
4655	e16_s1_TTCCTAAGTTCCAAAC
4656	e16_s1_TTCCTAATCACGATAC
4657	e16_s1_TTCCTAATCATTGGTG
4658	e16_s1_TTCCTCTGTTCTAAGC
4659	e16_s1_TTCCTCTTCGCATTAG
4660	e16_s1_TTCCTCTTCGTCAGAT
4661	e16_s1_TTCCTTCAGTCCGCCA
4662	e16_s1_TTCCTTCAGTTACTCG
4663	e16_s1_TTCCTTCCAATCCAGT
4664	e16_s1_TTCCTTCCAATGTTGC
4665	e16_s1_TTCCTTCCAGCAGTGA
4666	e16_s1_TTCCTTCGTGCCCTTT
4667	e16_s1_TTCCTTCGTGTCTCCT
4668	e16_s1_TTCCTTCGTTGACGGA
4669	e16_s1_TTCCTTCTCAAGAGGC
4670	e16_s1_TTCCTTCTCATGCGGC
4671	e16_s1_TTCCTTCTCCGATTAG
4672	e16_s1_TTCCTTCTCTTGTGCC
4673	e16_s1_TTCGATTCAACTGCCG
4674	e16_s1_TTCGATTCATTGTAGC
4675	e16_s1_TTCGATTGTCTCTCAC
4676	e16_s1_TTCGATTGTGAGAACC
4677	e16_s1_TTCGATTGTTCTAACG
4678	e16_s1_TTCGATTTCCATATGG
4679	e16_s1_TTCGATTTCGTTACCC
4680	e16_s1_TTCGCTGAGGTCTACT
4681	e16_s1_TTCGCTGGTACTGAGG
4682	e16_s1_TTCGCTGGTAGCGCCT
4683	e16_s1_TTCGCTGGTTCATCGA
4684	e16_s1_TTCGCTGGTTCCTACC
4685	e16_s1_TTCGCTGGTTTCACAG
4686	e16_s1_TTCGCTGTCAGACCGC
4687	e16_s1_TTCGCTGTCATTCACT
4688	e16_s1_TTCGGTCCAAGTATCC
4689	e16_s1_TTCGGTCCACTGTGAT
4690	e16_s1_TTCGGTCCATACTGAC
4691	e16_s1_TTCTAACAGAAACTAC
4692	e16_s1_TTCTAACAGAATCTAG
4693	e16_s1_TTCTAACAGGTGATCG
4694	e16_s1_TTCTAACAGGTTGTTC
4695	e16_s1_TTCTAACCAAGTCCCG
4696	e16_s1_TTCTAACTCCTCTCGA
4697	e16_s1_TTCTAACTCTAGTGAC
4698	e16_s1_TTCTAGTAGTCCTACA
4699	e16_s1_TTCTAGTTCGTGCATA
4700	e16_s1_TTCTCTCCACAATTCG
4701	e16_s1_TTCTCTCCAGCTGTTA
4702	e16_s1_TTCTCTCGTAAGAACT
4703	e16_s1_TTCTCTCTCAACTGAC
4704	e16_s1_TTCTCTCTCATGCCCT
4705	e16_s1_TTCTCTCTCCCATACC
4706	e16_s1_TTCTCTCTCGCAGAGA
4707	e16_s1_TTCTCTCTCTAGACCA
4708	e16_s1_TTCTGTAAGCAACTCT
4709	e16_s1_TTCTGTAAGCCTGAGA
4710	e16_s1_TTCTGTAAGGTCATAA
4711	e16_s1_TTCTGTACAATGAACA
4712	e16_s1_TTCTGTACACTAGTAC
4713	e16_s1_TTCTGTAGTTGCAAGG
4714	e16_s1_TTCTTCCAGACGACGT
4715	e16_s1_TTCTTCCCATATGAAG
4716	e16_s1_TTCTTCCCATTCACCC
4717	e16_s1_TTCTTCCGTAGGCAGT
4718	e16_s1_TTCTTCCGTCCTCCAT
4719	e16_s1_TTCTTCCGTGAGCCAA
4720	e16_s1_TTCTTCCGTTAGCTAC
4721	e16_s1_TTCTTCCTCAATCTTC
4722	e16_s1_TTCTTCCTCACGAACT
4723	e16_s1_TTCTTGAAGACGAGCT
4724	e16_s1_TTCTTGAAGGTCCCTG
4725	e16_s1_TTCTTGAAGTCCTACA
4726	e16_s1_TTCTTGAAGTGTGTTC
4727	e16_s1_TTCTTGAAGTTTGAGA
4728	e16_s1_TTCTTGACAAACTCGT
4729	e16_s1_TTCTTGATCACAATGC
4730	e16_s1_TTGAACGAGCGCTGAA
4731	e16_s1_TTGAACGCAGAGTTCT
4732	e16_s1_TTGAACGCAGTCTCTC
4733	e16_s1_TTGAACGGTAAGATAC
4734	e16_s1_TTGAACGGTCTTTATC
4735	e16_s1_TTGAACGGTTACCTTT
4736	e16_s1_TTGACCCAGCAGCACA
4737	e16_s1_TTGACCCAGGCACGAT
4738	e16_s1_TTGACCCCAAAGCTCT
4739	e16_s1_TTGACCCCAGTGACCC
4740	e16_s1_TTGACCCCATCGAGCC
4741	e16_s1_TTGACCCGTCTTACTT
4742	e16_s1_TTGACCCGTTGCCAAT
4743	e16_s1_TTGACCCTCTTCACAT
4744	e16_s1_TTGAGTGAGACCTCCG
4745	e16_s1_TTGAGTGGTGTACGCC
4746	e16_s1_TTGATGGTCAGAACCT
4747	e16_s1_TTGATGGTCCGCACTT
4748	e16_s1_TTGCATTAGGGCCAAT
4749	e16_s1_TTGCATTAGTGCAACG
4750	e16_s1_TTGCATTCACACAGAG
4751	e16_s1_TTGCATTCAGTAGTTC
4752	e16_s1_TTGCATTTCTCATGCC
4753	e16_s1_TTGCCTGAGATAACAC
4754	e16_s1_TTGCCTGAGGTAGATT
4755	e16_s1_TTGCCTGCACTTGGCG
4756	e16_s1_TTGCCTGCATCGGTTA
4757	e16_s1_TTGCCTGGTAATACCC
4758	e16_s1_TTGCGTCAGCTACGTT
4759	e16_s1_TTGCGTCAGGCCACTC
4760	e16_s1_TTGCGTCAGGGCAATC
4761	e16_s1_TTGCGTCCATCTCAAG
4762	e16_s1_TTGCTGCCAAGTGACG
4763	e16_s1_TTGCTGCCACAAGGTG
4764	e16_s1_TTGCTGCCACTAACGT
4765	e16_s1_TTGCTGCCACTGGATT
4766	e16_s1_TTGCTGCCATCGAACT
4767	e16_s1_TTGGATGGTTCCTACC
4768	e16_s1_TTGGATGTCCTAGCCT
4769	e16_s1_TTGGGATGTGCATACT
4770	e16_s1_TTGGGCGAGCCTCAGC
4771	e16_s1_TTGGGTAAGTGATGGC
4772	e16_s1_TTGGGTACATGACTCA
4773	e16_s1_TTGGTTTAGGTCACTT
4774	e16_s1_TTGGTTTGTACTCAAC
4775	e16_s1_TTGGTTTGTTAAGTCC
4776	e16_s1_TTGGTTTTCCATTGCC
4777	e16_s1_TTGTGGACACGCTATA
4778	e16_s1_TTGTGGACAGTGAGCA
4779	e16_s1_TTGTGGATCGAACGCC
4780	e16_s1_TTGTGTTGTTGGAGGT
4781	e16_s1_TTGTGTTTCGCCAGTG
4782	e16_s1_TTGTGTTTCTGGTCAA
4783	e16_s1_TTGTTCAAGCTAATCC
4784	e16_s1_TTGTTCAAGGATGAGA
4785	e16_s1_TTGTTCAAGGTTGTTC
4786	e16_s1_TTGTTCAAGTGCCGAA
4787	e16_s1_TTGTTCAGTATCGTAC
4788	e16_s1_TTGTTCAGTGACAGGT
4789	e16_s1_TTGTTCATCAAGGCTT
4790	e16_s1_TTGTTCATCGCTTACC
4791	e16_s1_TTGTTCATCGTCAAAC
4792	e16_s1_TTGTTCATCTATTGTC
4793	e16_s1_TTGTTGTAGACTCATC
4794	e16_s1_TTGTTGTGTGTAGCAG
4795	e16_s1_TTGTTTGAGAGATTCA
4796	e16_s1_TTGTTTGAGGAGCTGT
4797	e16_s1_TTGTTTGAGTATGATG
4798	e16_s1_TTGTTTGTCACACCGG
4799	e16_s1_TTGTTTGTCCACGGGT
4800	e16_s1_TTTACCAAGACCATTC
4801	e16_s1_TTTACCACAGTTGTCA
4802	e16_s1_TTTACCATCACTGTTT
4803	e16_s1_TTTACCATCAGGAACG
4804	e16_s1_TTTACCATCCGTCACT
4805	e16_s1_TTTACCATCGCGGTAC
4806	e16_s1_TTTACCATCTACGGGC
4807	e16_s1_TTTACGTAGCCGCTTG
4808	e16_s1_TTTACGTAGGGATCGT
4809	e16_s1_TTTACGTAGTTACGAA
4810	e16_s1_TTTACGTCATAACCCA
4811	e16_s1_TTTACGTGTTCGGCGT
4812	e16_s1_TTTACGTTCAGTCACA
4813	e16_s1_TTTACGTTCTAAGCGT
4814	e16_s1_TTTACTGAGAAACCAT
4815	e16_s1_TTTACTGCATGAAGGC
4816	e16_s1_TTTACTGGTCCTCAGG
4817	e16_s1_TTTACTGGTCTCACGG
4818	e16_s1_TTTACTGTCGGACCAC
4819	e16_s1_TTTAGTCCAGCAGAAC
4820	e16_s1_TTTAGTCGTAGCGTCC
4821	e16_s1_TTTAGTCGTCTCAGAT
4822	e16_s1_TTTAGTCGTGCGGTAA
4823	e16_s1_TTTAGTCTCAGTGTCA
4824	e16_s1_TTTATGCAGACATCAA
4825	e16_s1_TTTATGCAGACTGGGT
4826	e16_s1_TTTATGCCAAGCTACT
4827	e16_s1_TTTATGCCACACCTTC
4828	e16_s1_TTTATGCCATGGGATG
4829	e16_s1_TTTATGCGTAGGTTTC
4830	e16_s1_TTTATGCGTGGATCAG
4831	e16_s1_TTTATGCTCGAGTGAG
4832	e16_s1_TTTCACAAGGCATCTT
4833	e16_s1_TTTCACACAATCACGT
4834	e16_s1_TTTCACATCTAGTCAG
4835	e16_s1_TTTCACATCTCTAAGG
4836	e16_s1_TTTCACATCTGAGAGG
4837	e16_s1_TTTCACATCTTTGCGC
4838	e16_s1_TTTCAGTAGCTACGTT
4839	e16_s1_TTTCAGTAGGTTACAA
4840	e16_s1_TTTCAGTCAAGACAAT
4841	e16_s1_TTTCAGTCATCTCCCA
4842	e16_s1_TTTCAGTGTTGCGTAT
4843	e16_s1_TTTCAGTTCGAGAGAC
4844	e16_s1_TTTCATGAGGGCAATC
4845	e16_s1_TTTCATGCATCGCCTT
4846	e16_s1_TTTCATGTCGTACCTC
4847	e16_s1_TTTCATGTCTGAACGT
4848	e16_s1_TTTCCTCAGAAGCGAA
4849	e16_s1_TTTCCTCAGCGCACAA
4850	e16_s1_TTTCCTCAGGGATCAC
4851	e16_s1_TTTCCTCAGTAGCTCT
4852	e16_s1_TTTCCTCAGTGATAAC
4853	e16_s1_TTTCCTCCATTCAGGT
4854	e16_s1_TTTCCTCGTGAACTAA
4855	e16_s1_TTTCCTCTCCCTAGGG
4856	e16_s1_TTTCCTCTCGTTCTGC
4857	e16_s1_TTTCGATCAGAGTTCT
4858	e16_s1_TTTGACTAGAATGTTG
4859	e16_s1_TTTGACTCACCTGCAG
4860	e16_s1_TTTGACTCATTCTTCA
4861	e16_s1_TTTGACTTCATTGCCC
4862	e16_s1_TTTGACTTCGTAGCCG
4863	e16_s1_TTTGACTTCGTTCTGC
4864	e16_s1_TTTGATCCACCCTTGT
4865	e16_s1_TTTGATCGTCACCGCA
4866	e16_s1_TTTGATCGTGCATGTT
4867	e16_s1_TTTGATCGTGTTGATC
4868	e16_s1_TTTGATCGTTAAGGGC
4869	e16_s1_TTTGATCTCCGTATGA
4870	e16_s1_TTTGATCTCGAAGAAT
4871	e16_s1_TTTGGAGAGTCGCCCA
4872	e16_s1_TTTGGAGCAGCTGAAG
4873	e16_s1_TTTGGAGCAGCTGCCA
4874	e16_s1_TTTGGAGGTAGATCCT
4875	e16_s1_TTTGGAGGTAGCCCTG
4876	e16_s1_TTTGGAGTCCAAATGC
4877	e16_s1_TTTGGTTTCCTGTTGC
4878	e16_s1_TTTGTTGAGGTCCGAA
4879	e16_s1_TTTGTTGAGTTACGAA
4880	e16_s1_TTTGTTGCAAGCCCAC
4881	e16_s1_TTTGTTGCACCTCGTT
4882	e16_s1_TTTGTTGGTTCGAACT
4883	e16_s1_TTTGTTGTCTTGCAAG
4884	e16_ji1_AAACCCAAGCTGACCC
4885	e16_ji1_AAACCCAAGGCTGAAC
4886	e16_ji1_AAACCCACAAGAGTTA
4887	e16_ji1_AAACCCACAGATGCGA
4888	e16_ji1_AAACCCAGTCACGACC
4889	e16_ji1_AAACCCAGTCGTTGGC
4890	e16_ji1_AAACCCAGTCTACTGA
4891	e16_ji1_AAACCCAGTGTAAATG
4892	e16_ji1_AAACCCATCAATCTCT
4893	e16_ji1_AAACCCATCATCCCGT
4894	e16_ji1_AAACCCATCATTCGGA
4895	e16_ji1_AAACCCATCATTGTTC
4896	e16_ji1_AAACCCATCCCGAGTG
4897	e16_ji1_AAACCCATCTCGCAGG
4898	e16_ji1_AAACCCATCTGATGGT
4899	e16_ji1_AAACGAACAATTGAGA
4900	e16_ji1_AAACGAACAGGATGAC
4901	e16_ji1_AAACGAAGTATAGCTC
4902	e16_ji1_AAACGAATCAAACTGC
4903	e16_ji1_AAACGAATCAAAGCCT
4904	e16_ji1_AAACGCTAGAGTCAAT
4905	e16_ji1_AAACGCTAGCCGATTT
4906	e16_ji1_AAACGCTAGCGCCTCA
4907	e16_ji1_AAACGCTCAAATGGCG
4908	e16_ji1_AAACGCTCATGAGTAA
4909	e16_ji1_AAACGCTGTCGTATTG
4910	e16_ji1_AAACGCTGTCTTTCTA
4911	e16_ji1_AAACGCTGTTCTGAGT
4912	e16_ji1_AAACGCTTCCGTTGGG
4913	e16_ji1_AAACGCTTCTTCTCAA
4914	e16_ji1_AAAGAACAGAAGTATC
4915	e16_ji1_AAAGAACAGAGCAACC
4916	e16_ji1_AAAGAACAGCAAATGT
4917	e16_ji1_AAAGAACCATCTGCGG
4918	e16_ji1_AAAGAACGTGGGATTG
4919	e16_ji1_AAAGGATAGGTTCACT
4920	e16_ji1_AAAGGATAGTTACTCG
4921	e16_ji1_AAAGGATCAACGATCT
4922	e16_ji1_AAAGGATCACTCCACT
4923	e16_ji1_AAAGGATCAGCGCGTT
4924	e16_ji1_AAAGGATCAGTAGATA
4925	e16_ji1_AAAGGATGTGGTCTTA
4926	e16_ji1_AAAGGATTCAGCACCG
4927	e16_ji1_AAAGGATTCCAATCTT
4928	e16_ji1_AAAGGATTCCTAAACG
4929	e16_ji1_AAAGGGCCAACGGTAG
4930	e16_ji1_AAAGGGCCATCTCATT
4931	e16_ji1_AAAGGGCGTATACAGA
4932	e16_ji1_AAAGGGCTCGCTTGCT
4933	e16_ji1_AAAGGTAAGAGCAAGA
4934	e16_ji1_AAAGGTAAGGAAGAAC
4935	e16_ji1_AAAGGTAAGTTTGGCT
4936	e16_ji1_AAAGGTACAAGTGATA
4937	e16_ji1_AAAGGTACACACAGCC
4938	e16_ji1_AAAGGTACAGTAGATA
4939	e16_ji1_AAAGGTAGTACTCGCG
4940	e16_ji1_AAAGGTAGTTACGCCG
4941	e16_ji1_AAAGGTAGTTCTGACA
4942	e16_ji1_AAAGGTAGTTGCCGCA
4943	e16_ji1_AAAGGTATCACTTCTA
4944	e16_ji1_AAAGGTATCCTTCAGC
4945	e16_ji1_AAAGGTATCGAACCAT
4946	e16_ji1_AAAGGTATCGCACTCT
4947	e16_ji1_AAAGTCCCACGCGTGT
4948	e16_ji1_AAAGTCCGTAGAAACT
4949	e16_ji1_AAAGTCCGTGTTCAGT
4950	e16_ji1_AAAGTCCTCATAGAGA
4951	e16_ji1_AAAGTCCTCGAACCAT
4952	e16_ji1_AAAGTCCTCTGCGTCT
4953	e16_ji1_AAAGTGAAGATTCGAA
4954	e16_ji1_AAAGTGAAGGGCAAGG
4955	e16_ji1_AAAGTGACACATGACT
4956	e16_ji1_AAAGTGACAGAGAAAG
4957	e16_ji1_AAAGTGACAGATAAAC
4958	e16_ji1_AAAGTGACAGATTCGT
4959	e16_ji1_AAAGTGACAGTATACC
4960	e16_ji1_AAAGTGACATCAGCGC
4961	e16_ji1_AAAGTGACATGTCAGT
4962	e16_ji1_AAAGTGAGTAAGATAC
4963	e16_ji1_AAAGTGAGTTCCCACT
4964	e16_ji1_AAAGTGAGTTGGGTAG
4965	e16_ji1_AAATGGAAGAATCGAT
4966	e16_ji1_AAATGGAAGGCAGGTT
4967	e16_ji1_AAATGGAAGGTTGGAC
4968	e16_ji1_AAATGGACATCACGGC
4969	e16_ji1_AAATGGAGTGCCCTTT
4970	e16_ji1_AAATGGAGTGGATCGA
4971	e16_ji1_AAATGGAGTTAGCTAC
4972	e16_ji1_AAATGGATCCACAAGT
4973	e16_ji1_AAATGGATCGATTCCC
4974	e16_ji1_AACAAAGGTTGGGTAG
4975	e16_ji1_AACAAAGTCATTCGTT
4976	e16_ji1_AACAAAGTCCAACTGA
4977	e16_ji1_AACAAAGTCGGATTAC
4978	e16_ji1_AACAAAGTCTCCGCAT
4979	e16_ji1_AACAACCCAAACTCGT
4980	e16_ji1_AACAACCCAGTCCCGA
4981	e16_ji1_AACAACCGTCCTGTCT
4982	e16_ji1_AACAACCGTTAAAGTG
4983	e16_ji1_AACAACCTCAAGAATG
4984	e16_ji1_AACAACCTCAGAACCT
4985	e16_ji1_AACAACCTCCAGGACC
4986	e16_ji1_AACAACCTCCATAGAC
4987	e16_ji1_AACAAGACAATGCAAA
4988	e16_ji1_AACAAGACATCATTGG
4989	e16_ji1_AACAAGATCAGTGCGC
4990	e16_ji1_AACAAGATCATCGGGC
4991	e16_ji1_AACAAGATCGCTTTAT
4992	e16_ji1_AACAAGATCTAGCATG
4993	e16_ji1_AACACACAGCAGTCTT
4994	e16_ji1_AACACACAGTGTTCAC
4995	e16_ji1_AACACACAGTTGGAGC
4996	e16_ji1_AACACACCAAAGGGTC
4997	e16_ji1_AACACACCACGTAACT
4998	e16_ji1_AACACACGTAACAAGT
4999	e16_ji1_AACACACGTACTAACC
5000	e16_ji1_AACACACGTACTGCCG
5001	e16_ji1_AACACACGTCTAGGCC
5002	e16_ji1_AACACACGTTCCGTTC
5003	e16_ji1_AACACACTCATTCCTA
5004	e16_ji1_AACACACTCCAGCAAT
5005	e16_ji1_AACACACTCCGATCTC
5006	e16_ji1_AACACACTCCTCTCGA
5007	e16_ji1_AACACACTCGCACTCT
5008	e16_ji1_AACACACTCGGCATAT
5009	e16_ji1_AACACACTCGGTCATA
5010	e16_ji1_AACACACTCTCTGAGA
5011	e16_ji1_AACAGGGAGGGAGATA
5012	e16_ji1_AACAGGGAGTATGAAC
5013	e16_ji1_AACAGGGCAAGCTGTT
5014	e16_ji1_AACAGGGCAGGCAATG
5015	e16_ji1_AACAGGGCAGTGGGTA
5016	e16_ji1_AACAGGGGTGCAATGG
5017	e16_ji1_AACAGGGTCTCACTCG
5018	e16_ji1_AACAGGGTCTCCATAT
5019	e16_ji1_AACAGGGTCTGCGATA
5020	e16_ji1_AACCAACAGAATCCCT
5021	e16_ji1_AACCAACAGCGTACAG
5022	e16_ji1_AACCAACCACCTGTCT
5023	e16_ji1_AACCAACCACTTCCTG
5024	e16_ji1_AACCAACCAGAGCGTA
5025	e16_ji1_AACCAACCAGCCTACG
5026	e16_ji1_AACCAACGTAGGTCAG
5027	e16_ji1_AACCAACGTAGGTGCA
5028	e16_ji1_AACCAACGTGATGGCA
5029	e16_ji1_AACCAACGTGCAGATG
5030	e16_ji1_AACCAACGTGCATGTT
5031	e16_ji1_AACCAACGTGCCTGAC
5032	e16_ji1_AACCAACTCCAACTGA
5033	e16_ji1_AACCAACTCCGAGATT
5034	e16_ji1_AACCAACTCCTAGAGT
5035	e16_ji1_AACCACACAAAGACTA
5036	e16_ji1_AACCACACAACGCATT
5037	e16_ji1_AACCACACACACCGAC
5038	e16_ji1_AACCACACACATATGC
5039	e16_ji1_AACCACACACTCAAGT
5040	e16_ji1_AACCACACAGGTGGAT
5041	e16_ji1_AACCACACATGTCTAG
5042	e16_ji1_AACCACAGTACGAGTG
5043	e16_ji1_AACCACAGTAGAAACT
5044	e16_ji1_AACCACAGTATCCCAA
5045	e16_ji1_AACCACAGTTCAAAGA
5046	e16_ji1_AACCACATCAGGCGAA
5047	e16_ji1_AACCACATCATGTCAG
5048	e16_ji1_AACCACATCCAGTACA
5049	e16_ji1_AACCACATCTTCGGTC
5050	e16_ji1_AACCATGCAGTAGGAC
5051	e16_ji1_AACCATGGTGCCCGTA
5052	e16_ji1_AACCATGTCAGATGCT
5053	e16_ji1_AACCCAAAGCTGGTGA
5054	e16_ji1_AACCCAAAGGTTTGAA
5055	e16_ji1_AACCCAAAGTCGCCCA
5056	e16_ji1_AACCCAACACCCATAA
5057	e16_ji1_AACCCAACAGGGATAC
5058	e16_ji1_AACCCAACAGTCCCGA
5059	e16_ji1_AACCCAACATCGCTAA
5060	e16_ji1_AACCCAAGTATGGTTC
5061	e16_ji1_AACCCAAGTCAACCTA
5062	e16_ji1_AACCCAAGTCCCAAAT
5063	e16_ji1_AACCCAAGTGAGTCAG
5064	e16_ji1_AACCCAAGTTCTAACG
5065	e16_ji1_AACCCAATCCTGGGAC
5066	e16_ji1_AACCCAATCGACTCCT
5067	e16_ji1_AACCCAATCGCGTAGC
5068	e16_ji1_AACCCAATCTAGTCAG
5069	e16_ji1_AACCTGAAGTTAGAAC
5070	e16_ji1_AACCTGACACAGCTTA
5071	e16_ji1_AACCTGACACTATGTG
5072	e16_ji1_AACCTGACAGGGATAC
5073	e16_ji1_AACCTGACATCCGTTC
5074	e16_ji1_AACCTGAGTTGTCTAG
5075	e16_ji1_AACCTTTAGTACTGTC
5076	e16_ji1_AACCTTTAGTCATCCA
5077	e16_ji1_AACCTTTGTATGAGCG
5078	e16_ji1_AACCTTTGTATTCCTT
5079	e16_ji1_AACCTTTGTGTATCCA
5080	e16_ji1_AACCTTTTCACAACCA
5081	e16_ji1_AACCTTTTCAGTCTTT
5082	e16_ji1_AACCTTTTCCACAAGT
5083	e16_ji1_AACCTTTTCCCAACTC
5084	e16_ji1_AACCTTTTCGCTACAA
5085	e16_ji1_AACCTTTTCTATCACT
5086	e16_ji1_AACGAAAAGACATAGT
5087	e16_ji1_AACGAAAAGCATACTC
5088	e16_ji1_AACGAAAAGGTTATAG
5089	e16_ji1_AACGAAAGTTAGAGTA
5090	e16_ji1_AACGAAATCAACCGAT
5091	e16_ji1_AACGAAATCGAGCCTG
5092	e16_ji1_AACGAAATCGGCTTGG
5093	e16_ji1_AACGAAATCTATCGTT
5094	e16_ji1_AACGAAATCTTGTGCC
5095	e16_ji1_AACGGGAAGGATAATC
5096	e16_ji1_AACGGGACAAAGCAAT
5097	e16_ji1_AACGGGAGTACGATTC
5098	e16_ji1_AACGGGAGTACTGACT
5099	e16_ji1_AACGGGAGTGCACGCT
5100	e16_ji1_AACGGGATCAATGCAC
5101	e16_ji1_AACGGGATCCATAGAC
5102	e16_ji1_AACGTCAAGCTCATAC
5103	e16_ji1_AACGTCACATGTGGTT
5104	e16_ji1_AACGTCAGTACTAGCT
5105	e16_ji1_AACGTCATCATTCATC
5106	e16_ji1_AACTTCTAGAGAGAAC
5107	e16_ji1_AACTTCTAGCCTCTCT
5108	e16_ji1_AACTTCTAGTTGGAGC
5109	e16_ji1_AACTTCTCAGCTACTA
5110	e16_ji1_AACTTCTCAGGTGACA
5111	e16_ji1_AACTTCTCATGACCCG
5112	e16_ji1_AACTTCTGTACCTTCC
5113	e16_ji1_AACTTCTGTGACCGAA
5114	e16_ji1_AACTTCTGTTGCCTAA
5115	e16_ji1_AACTTCTTCAAACGTC
5116	e16_ji1_AACTTCTTCCACAGGC
5117	e16_ji1_AAGAACAAGCTGAAGC
5118	e16_ji1_AAGAACAAGGACGGAG
5119	e16_ji1_AAGAACACAGATTAAG
5120	e16_ji1_AAGAACACATCTCGTC
5121	e16_ji1_AAGAACAGTATGGTTC
5122	e16_ji1_AAGAACAGTGTTCGTA
5123	e16_ji1_AAGAACATCTTCTAAC
5124	e16_ji1_AAGACAAAGCAACAAT
5125	e16_ji1_AAGACAACAATGCTCA
5126	e16_ji1_AAGACAACACAGCTGC
5127	e16_ji1_AAGACAACAGTCTGGC
5128	e16_ji1_AAGACAAGTTGTAGCT
5129	e16_ji1_AAGACAATCCCTCTAG
5130	e16_ji1_AAGACTCAGCCGTTGC
5131	e16_ji1_AAGACTCCACGTTCGG
5132	e16_ji1_AAGACTCCACTCAGAT
5133	e16_ji1_AAGACTCCATGCACTA
5134	e16_ji1_AAGACTCTCCATCTAT
5135	e16_ji1_AAGACTCTCCCTTTGG
5136	e16_ji1_AAGACTCTCGTCGCTT
5137	e16_ji1_AAGATAGAGATTGGGC
5138	e16_ji1_AAGATAGGTCGTAATC
5139	e16_ji1_AAGATAGGTCTAGATC
5140	e16_ji1_AAGATAGGTTCGTGCG
5141	e16_ji1_AAGCATCCAACGTATC
5142	e16_ji1_AAGCATCCATAACGGG
5143	e16_ji1_AAGCATCCATACATCG
5144	e16_ji1_AAGCATCCATGAAGGC
5145	e16_ji1_AAGCATCGTTATCTTC
5146	e16_ji1_AAGCATCGTTTCGTTT
5147	e16_ji1_AAGCATCTCGCATAGT
5148	e16_ji1_AAGCATCTCTACTGAG
5149	e16_ji1_AAGCCATAGCCTTTGA
5150	e16_ji1_AAGCCATCAAAGGATT
5151	e16_ji1_AAGCCATCAATAGTCC
5152	e16_ji1_AAGCCATCACGCTGCA
5153	e16_ji1_AAGCCATCAGCACACC
5154	e16_ji1_AAGCCATGTGCAATGG
5155	e16_ji1_AAGCCATTCAGACCTA
5156	e16_ji1_AAGCGAGCACTCTGCT
5157	e16_ji1_AAGCGAGGTAACATAG
5158	e16_ji1_AAGCGAGTCCGTGGGT
5159	e16_ji1_AAGCGAGTCGGCGATC
5160	e16_ji1_AAGCGAGTCGTTGTGA
5161	e16_ji1_AAGCGTTAGGATATGT
5162	e16_ji1_AAGCGTTAGGGACACT
5163	e16_ji1_AAGCGTTCAAGAATGT
5164	e16_ji1_AAGCGTTCAATCGTCA
5165	e16_ji1_AAGCGTTCAGTAGTTC
5166	e16_ji1_AAGGAATAGAAGGGAT
5167	e16_ji1_AAGGAATGTCTCGGGT
5168	e16_ji1_AAGGTAAAGACTGAGC
5169	e16_ji1_AAGGTAAAGCTGCCTG
5170	e16_ji1_AAGGTAAAGGTGTGAC
5171	e16_ji1_AAGGTAAAGTACGTCT
5172	e16_ji1_AAGGTAAGTACCTAAC
5173	e16_ji1_AAGGTAATCCTACAAG
5174	e16_ji1_AAGTACCAGGGCCTCT
5175	e16_ji1_AAGTACCAGTCTACCA
5176	e16_ji1_AAGTACCCACAAGCTT
5177	e16_ji1_AAGTACCCACGGTGAA
5178	e16_ji1_AAGTACCGTCGATGCC
5179	e16_ji1_AAGTACCGTTCCAGGC
5180	e16_ji1_AAGTACCTCGACGATT
5181	e16_ji1_AAGTACCTCGCTGCGA
5182	e16_ji1_AAGTACCTCGGCCCAA
5183	e16_ji1_AAGTCGTAGAGAGAAC
5184	e16_ji1_AAGTCGTAGATGTTCC
5185	e16_ji1_AAGTCGTGTGCAGTGA
5186	e16_ji1_AAGTCGTGTGCCTAAT
5187	e16_ji1_AAGTCGTGTGGACCTC
5188	e16_ji1_AAGTCGTGTTGAAGTA
5189	e16_ji1_AAGTCGTTCTGTACAG
5190	e16_ji1_AAGTCGTTCTTAGCCC
5191	e16_ji1_AAGTGAACAGGTTCGC
5192	e16_ji1_AAGTGAAGTATGAGAT
5193	e16_ji1_AAGTGAAGTCGTACTA
5194	e16_ji1_AAGTTCGCAATTGTGC
5195	e16_ji1_AAGTTCGCACCTAAAC
5196	e16_ji1_AAGTTCGCAGCACACC
5197	e16_ji1_AAGTTCGCAGGAGGTT
5198	e16_ji1_AAGTTCGGTAGCGTTT
5199	e16_ji1_AAGTTCGTCTCGGCTT
5200	e16_ji1_AATAGAGAGACCAACG
5201	e16_ji1_AATAGAGAGACGAAGA
5202	e16_ji1_AATAGAGAGATGGTAT
5203	e16_ji1_AATAGAGCACTACACA
5204	e16_ji1_AATAGAGTCCCAGGCA
5205	e16_ji1_AATCACGAGACTCCGC
5206	e16_ji1_AATCACGAGAGATCGC
5207	e16_ji1_AATCACGAGCACTTTG
5208	e16_ji1_AATCACGAGGTTACCT
5209	e16_ji1_AATCACGAGTAACGAT
5210	e16_ji1_AATCACGCAGTAGATA
5211	e16_ji1_AATCACGGTTATTCTC
5212	e16_ji1_AATCACGTCAACCTCC
5213	e16_ji1_AATCACGTCTGCGGAC
5214	e16_ji1_AATCGACCAGCAGGAT
5215	e16_ji1_AATCGACCATCATGAC
5216	e16_ji1_AATCGACGTCATAACC
5217	e16_ji1_AATCGACGTCGAATTC
5218	e16_ji1_AATCGACGTGAGATTA
5219	e16_ji1_AATCGACTCTGAGATC
5220	e16_ji1_AATCGTGAGTGCACAG
5221	e16_ji1_AATCGTGGTCCACTCT
5222	e16_ji1_AATCGTGGTCTTACTT
5223	e16_ji1_AATCGTGGTGCATGTT
5224	e16_ji1_AATCGTGGTTGGGCCT
5225	e16_ji1_AATCGTGTCGCAATTG
5226	e16_ji1_AATCGTGTCTGTAACG
5227	e16_ji1_AATGAAGAGGCCACTC
5228	e16_ji1_AATGAAGAGTAAACGT
5229	e16_ji1_AATGAAGGTATGAAAC
5230	e16_ji1_AATGAAGGTCTGTGAT
5231	e16_ji1_AATGAAGTCTCCCAAC
5232	e16_ji1_AATGAAGTCTGTTGGA
5233	e16_ji1_AATGACCAGCACGTCC
5234	e16_ji1_AATGACCAGCGTTACT
5235	e16_ji1_AATGACCAGTAACCTC
5236	e16_ji1_AATGACCAGTGGCCTC
5237	e16_ji1_AATGACCCAAAGGATT
5238	e16_ji1_AATGACCCAAAGTGTA
5239	e16_ji1_AATGACCCACCCAAGC
5240	e16_ji1_AATGACCCAGCTTCGG
5241	e16_ji1_AATGACCCAGGTGTTT
5242	e16_ji1_AATGACCCATCCGAAT
5243	e16_ji1_AATGACCGTAGACACG
5244	e16_ji1_AATGACCGTAGCCCTG
5245	e16_ji1_AATGACCGTATCTTCT
5246	e16_ji1_AATGACCGTTCGAAGG
5247	e16_ji1_AATGCCAAGAAGCTGC
5248	e16_ji1_AATGCCACATGGAATA
5249	e16_ji1_AATGCCAGTCTTGAAC
5250	e16_ji1_AATGCCAGTGGGCTTC
5251	e16_ji1_AATGCCATCAGACAAA
5252	e16_ji1_AATGGAAAGACGACGT
5253	e16_ji1_AATGGAACAACAGCCC
5254	e16_ji1_AATGGAACACGTCATA
5255	e16_ji1_AATGGAAGTGTACATC
5256	e16_ji1_AATGGCTCAATAACGA
5257	e16_ji1_AATGGCTCACTCAAGT
5258	e16_ji1_AATGGCTCAGGTGAGT
5259	e16_ji1_AATGGCTCATGACTGT
5260	e16_ji1_AATGGCTGTGTAAATG
5261	e16_ji1_AATTCCTAGAATAGTC
5262	e16_ji1_AATTCCTAGGGATGTC
5263	e16_ji1_AATTCCTAGGTTCCAT
5264	e16_ji1_AATTCCTCAACCAATC
5265	e16_ji1_AATTCCTCACTGCGAC
5266	e16_ji1_AATTCCTCATGAATAG
5267	e16_ji1_AATTCCTGTCATACCA
5268	e16_ji1_AATTCCTTCACTACGA
5269	e16_ji1_AATTCCTTCGCTGCGA
5270	e16_ji1_AATTTCCAGTGGAATT
5271	e16_ji1_AATTTCCCAAACGTGG
5272	e16_ji1_AATTTCCCAAGAAACT
5273	e16_ji1_AATTTCCCAAGGCTTT
5274	e16_ji1_AATTTCCCACCTGCGA
5275	e16_ji1_AATTTCCCAGCGTGCT
5276	e16_ji1_AATTTCCCAGCTGTTA
5277	e16_ji1_AATTTCCCAGTTCCAA
5278	e16_ji1_AATTTCCGTCCACAGC
5279	e16_ji1_AATTTCCGTCGCCTAG
5280	e16_ji1_AATTTCCTCAAGTCTG
5281	e16_ji1_AATTTCCTCGGCCAAC
5282	e16_ji1_AATTTCCTCTACCTTA
5283	e16_ji1_ACAAAGAAGCAAATGT
5284	e16_ji1_ACAAAGAAGTAGCATA
5285	e16_ji1_ACAAAGACACGCGCTA
5286	e16_ji1_ACAAAGACAGTCAGCC
5287	e16_ji1_ACAAAGACATGGATCT
5288	e16_ji1_ACAAAGAGTAGACACG
5289	e16_ji1_ACAAAGATCACTACTT
5290	e16_ji1_ACAAAGATCCGCATAA
5291	e16_ji1_ACAAAGATCGATTCCC
5292	e16_ji1_ACAAAGATCGCTGTTC
5293	e16_ji1_ACAAAGATCTCGAGTA
5294	e16_ji1_ACAACCAAGCTTACGT
5295	e16_ji1_ACAACCAAGTGGTGAC
5296	e16_ji1_ACAACCACAACAGTGG
5297	e16_ji1_ACAACCACAATTGGTC
5298	e16_ji1_ACAACCACATGGCTGC
5299	e16_ji1_ACAACCAGTCTACAGT
5300	e16_ji1_ACAACCAGTTAATGAG
5301	e16_ji1_ACAACCATCAAGAGGC
5302	e16_ji1_ACAACCATCTCCTGTG
5303	e16_ji1_ACAAGCTAGGCCACTC
5304	e16_ji1_ACAAGCTCACGACGAA
5305	e16_ji1_ACAAGCTCACGAGAAC
5306	e16_ji1_ACAAGCTCACTCAGAT
5307	e16_ji1_ACAAGCTGTCGGTGTC
5308	e16_ji1_ACAAGCTGTTTCCCAC
5309	e16_ji1_ACAAGCTTCGTTAGTG
5310	e16_ji1_ACACAGTAGCAGGCAT
5311	e16_ji1_ACACAGTCAAGCGATG
5312	e16_ji1_ACACAGTCAATTGCTG
5313	e16_ji1_ACACAGTCATCCTTGC
5314	e16_ji1_ACACAGTTCCTTGACC
5315	e16_ji1_ACACAGTTCGCTCATC
5316	e16_ji1_ACACCAAAGATGGTAT
5317	e16_ji1_ACACCAAAGCTATCTG
5318	e16_ji1_ACACCAAAGGAGTCTG
5319	e16_ji1_ACACCAAAGTCAGGGT
5320	e16_ji1_ACACCAACAACCAGAG
5321	e16_ji1_ACACCAACACATAACC
5322	e16_ji1_ACACCAACACGGCCAT
5323	e16_ji1_ACACCAATCCAATGCA
5324	e16_ji1_ACACCAATCCACACCT
5325	e16_ji1_ACACCAATCCATGCAA
5326	e16_ji1_ACACCAATCCATTGGA
5327	e16_ji1_ACACCAATCCTGTTAT
5328	e16_ji1_ACACGCGAGATGAATC
5329	e16_ji1_ACACGCGAGTCAGCCC
5330	e16_ji1_ACACGCGTCATTTGTC
5331	e16_ji1_ACACGCGTCTAGTGAC
5332	e16_ji1_ACACTGAAGCTTTCTT
5333	e16_ji1_ACACTGACAGCCTACG
5334	e16_ji1_ACACTGACATCTCATT
5335	e16_ji1_ACACTGATCTCATTAC
5336	e16_ji1_ACACTGATCTCTCGAC
5337	e16_ji1_ACACTGATCTGGGCCA
5338	e16_ji1_ACAGAAAAGTGGCCTC
5339	e16_ji1_ACAGAAAGTCAAAGCG
5340	e16_ji1_ACAGAAAGTTAAGACA
5341	e16_ji1_ACAGAAATCGGAAACG
5342	e16_ji1_ACAGAAATCTGCTTTA
5343	e16_ji1_ACAGAAATCTTTACAC
5344	e16_ji1_ACAGCCGAGACCATTC
5345	e16_ji1_ACAGCCGAGCATTGTC
5346	e16_ji1_ACAGCCGAGCCGATTT
5347	e16_ji1_ACAGCCGAGGCCTAAG
5348	e16_ji1_ACAGCCGAGTAATCCC
5349	e16_ji1_ACAGCCGCACGACGAA
5350	e16_ji1_ACAGCCGCACTTGGCG
5351	e16_ji1_ACAGCCGCAGACACCC
5352	e16_ji1_ACAGCCGGTCCCTGAG
5353	e16_ji1_ACAGCCGTCACCCTGT
5354	e16_ji1_ACAGCCGTCAGCATTG
5355	e16_ji1_ACAGCCGTCCGAGGCT
5356	e16_ji1_ACAGGGACAAGCACCC
5357	e16_ji1_ACAGGGAGTTCTATCT
5358	e16_ji1_ACAGGGATCAACTGAC
5359	e16_ji1_ACATCCCAGTCCCAGC
5360	e16_ji1_ACATCCCCAGCTATAC
5361	e16_ji1_ACATCCCGTAATGCTC
5362	e16_ji1_ACATCCCGTAGCTTGT
5363	e16_ji1_ACATCCCTCGCCAGAC
5364	e16_ji1_ACATCGACAACGACAG
5365	e16_ji1_ACATCGAGTCACTGAT
5366	e16_ji1_ACATCGATCGCCTTTG
5367	e16_ji1_ACATCGATCTGCGGAC
5368	e16_ji1_ACATGCAAGATTGTGA
5369	e16_ji1_ACATGCAAGGGTTGCA
5370	e16_ji1_ACATGCAAGTCTGCGC
5371	e16_ji1_ACATGCAAGTTCCTGA
5372	e16_ji1_ACATGCACAATGAAAC
5373	e16_ji1_ACATGCACACGTCATA
5374	e16_ji1_ACATGCACATAGATCC
5375	e16_ji1_ACATGCAGTGGTAATA
5376	e16_ji1_ACATGCATCAGCAGAG
5377	e16_ji1_ACATTTCAGACTTCCA
5378	e16_ji1_ACATTTCAGCACCAGA
5379	e16_ji1_ACATTTCCACACGCCA
5380	e16_ji1_ACATTTCCACATTCGA
5381	e16_ji1_ACATTTCCACTACACA
5382	e16_ji1_ACATTTCCAGCGATTT
5383	e16_ji1_ACATTTCCAGCGCGTT
5384	e16_ji1_ACATTTCGTACTGCCG
5385	e16_ji1_ACATTTCGTCACCCTT
5386	e16_ji1_ACATTTCGTCGCACGT
5387	e16_ji1_ACATTTCGTGATACTC
5388	e16_ji1_ACATTTCGTTCGGTAT
5389	e16_ji1_ACATTTCTCAAGAGTA
5390	e16_ji1_ACATTTCTCACACGAT
5391	e16_ji1_ACATTTCTCACAGAGG
5392	e16_ji1_ACATTTCTCACCTCAC
5393	e16_ji1_ACATTTCTCCTGGGAC
5394	e16_ji1_ACCAAACCACCGGTCA
5395	e16_ji1_ACCAAACGTATCCTCC
5396	e16_ji1_ACCAAACGTGTGGTCC
5397	e16_ji1_ACCAAACGTTAAGGGC
5398	e16_ji1_ACCAAACGTTCAATCG
5399	e16_ji1_ACCAAACTCAGATGCT
5400	e16_ji1_ACCAAACTCGAGTCCG
5401	e16_ji1_ACCAAACTCTCCCTAG
5402	e16_ji1_ACCAACAAGATACAGT
5403	e16_ji1_ACCAACAAGGAACTAT
5404	e16_ji1_ACCAACAAGGTCGTCC
5405	e16_ji1_ACCAACAAGTTGTCAC
5406	e16_ji1_ACCAACACACCACTGG
5407	e16_ji1_ACCAACACATGACTTG
5408	e16_ji1_ACCAACAGTCCGAAAG
5409	e16_ji1_ACCAACAGTTAAACCC
5410	e16_ji1_ACCAACATCAGACCGC
5411	e16_ji1_ACCAACATCCGAGCTG
5412	e16_ji1_ACCACAACAACAGAGC
5413	e16_ji1_ACCACAACAACCCGCA
5414	e16_ji1_ACCACAACACACCAGC
5415	e16_ji1_ACCACAACATGGAATA
5416	e16_ji1_ACCACAAGTAACCAGG
5417	e16_ji1_ACCACAAGTTTGGCTA
5418	e16_ji1_ACCACAATCCGGCAGT
5419	e16_ji1_ACCACAATCTACCACC
5420	e16_ji1_ACCATTTAGAGGCCAT
5421	e16_ji1_ACCATTTAGTTTCGAC
5422	e16_ji1_ACCATTTCACTCAGAT
5423	e16_ji1_ACCATTTCAGAAACCG
5424	e16_ji1_ACCATTTGTCAGTTTG
5425	e16_ji1_ACCATTTGTGCATACT
5426	e16_ji1_ACCATTTGTGGCGTAA
5427	e16_ji1_ACCATTTTCCATCAGA
5428	e16_ji1_ACCATTTTCCATGCAA
5429	e16_ji1_ACCATTTTCCATTCAT
5430	e16_ji1_ACCATTTTCTTACGGA
5431	e16_ji1_ACCCAAAAGTAACCTC
5432	e16_ji1_ACCCAAACAACCAATC
5433	e16_ji1_ACCCAAACACAGTATC
5434	e16_ji1_ACCCAAACACAGTCCG
5435	e16_ji1_ACCCAAACAGCCGTTG
5436	e16_ji1_ACCCAAACAGGCCCTA
5437	e16_ji1_ACCCAAACAGTACTAC
5438	e16_ji1_ACCCAAAGTCGAGTGA
5439	e16_ji1_ACCCAAAGTTTCCATT
5440	e16_ji1_ACCCAAATCACCTCGT
5441	e16_ji1_ACCCTCAAGGGCCTCT
5442	e16_ji1_ACCCTCAAGTAGAGTT
5443	e16_ji1_ACCCTCAGTCGACTGC
5444	e16_ji1_ACCCTCATCCGTAGGC
5445	e16_ji1_ACCCTCATCGACCACG
5446	e16_ji1_ACCCTTGAGACACACG
5447	e16_ji1_ACCCTTGAGCCGTCGT
5448	e16_ji1_ACCCTTGAGGAGACCT
5449	e16_ji1_ACCCTTGCACTAACCA
5450	e16_ji1_ACCCTTGGTCGAACGA
5451	e16_ji1_ACCCTTGGTTCAACGT
5452	e16_ji1_ACCCTTGTCATAGGCT
5453	e16_ji1_ACCCTTGTCCGTACGG
5454	e16_ji1_ACCCTTGTCTGAGTCA
5455	e16_ji1_ACCGTTCAGAGCAGCT
5456	e16_ji1_ACCGTTCAGGACAGCT
5457	e16_ji1_ACCGTTCAGTATTCCG
5458	e16_ji1_ACCGTTCCAATGCTCA
5459	e16_ji1_ACCGTTCCAATTTCCT
5460	e16_ji1_ACCGTTCCACCTATCC
5461	e16_ji1_ACCGTTCCACGATAGG
5462	e16_ji1_ACCGTTCGTCAGATTC
5463	e16_ji1_ACCGTTCGTGAGCGAT
5464	e16_ji1_ACCTACCAGATCCGAG
5465	e16_ji1_ACCTACCAGCAAACAT
5466	e16_ji1_ACCTACCCAATTCGTG
5467	e16_ji1_ACCTACCCAATTGCCA
5468	e16_ji1_ACCTACCCACCTCAGG
5469	e16_ji1_ACCTACCCACGAGGAT
5470	e16_ji1_ACCTACCCAGACCTAT
5471	e16_ji1_ACCTACCCAGCTATAC
5472	e16_ji1_ACCTACCGTAGCGCCT
5473	e16_ji1_ACCTACCGTGGAAATT
5474	e16_ji1_ACCTACCTCTAGTTCT
5475	e16_ji1_ACCTACCTCTGCCTCA
5476	e16_ji1_ACCTACCTCTTGAGCA
5477	e16_ji1_ACCTGAAAGTTACGAA
5478	e16_ji1_ACCTGAACACTCTAGA
5479	e16_ji1_ACCTGAACAGACCGCT
5480	e16_ji1_ACCTGAAGTCGCAACC
5481	e16_ji1_ACCTGAAGTTCGGCTG
5482	e16_ji1_ACCTGAATCACGATCA
5483	e16_ji1_ACCTGAATCCTAGCCT
5484	e16_ji1_ACCTGTCAGAATAACC
5485	e16_ji1_ACCTGTCAGGCTGGAT
5486	e16_ji1_ACCTGTCAGGTCACTT
5487	e16_ji1_ACCTGTCAGTATGGAT
5488	e16_ji1_ACCTGTCAGTTACGTC
5489	e16_ji1_ACCTGTCCACCTGTCT
5490	e16_ji1_ACCTGTCCAGCCTACG
5491	e16_ji1_ACCTGTCCAGCTCGGT
5492	e16_ji1_ACCTGTCGTACTCGTA
5493	e16_ji1_ACCTGTCGTGCCTTCT
5494	e16_ji1_ACCTGTCGTTCTCTAT
5495	e16_ji1_ACCTGTCGTTTCGCTC
5496	e16_ji1_ACCTGTCTCAAGTAAG
5497	e16_ji1_ACCTGTCTCAATCCGA
5498	e16_ji1_ACCTGTCTCCGCACGA
5499	e16_ji1_ACCTGTCTCGCTGTTC
5500	e16_ji1_ACGATCACACTGCTTC
5501	e16_ji1_ACGATCACACTTGAGT
5502	e16_ji1_ACGATCAGTATGTCCA
5503	e16_ji1_ACGATGTCAAACGTGG
5504	e16_ji1_ACGATGTCAAGCTGTT
5505	e16_ji1_ACGATGTGTCGAAGCA
5506	e16_ji1_ACGATGTTCGAAATCC
5507	e16_ji1_ACGATGTTCTGTCGTC
5508	e16_ji1_ACGATGTTCTTAATCC
5509	e16_ji1_ACGCACGAGATGACAT
5510	e16_ji1_ACGCACGCAAATGCTC
5511	e16_ji1_ACGCACGCAACGACAG
5512	e16_ji1_ACGCACGCACGCTGCA
5513	e16_ji1_ACGCACGCACGTTGGC
5514	e16_ji1_ACGCACGGTTGTCCCT
5515	e16_ji1_ACGCACGTCACACGAT
5516	e16_ji1_ACGCACGTCATTCCTA
5517	e16_ji1_ACGCACGTCCATTTGT
5518	e16_ji1_ACGCACGTCCGCAGTG
5519	e16_ji1_ACGCACGTCCTGCTAC
5520	e16_ji1_ACGCACGTCGCTTAAG
5521	e16_ji1_ACGCACGTCGTCGACG
5522	e16_ji1_ACGGAAGAGAGAGAAC
5523	e16_ji1_ACGGAAGAGGACGCTA
5524	e16_ji1_ACGGAAGAGGATTCCT
5525	e16_ji1_ACGGAAGCACAATCTG
5526	e16_ji1_ACGGAAGGTCCACTTC
5527	e16_ji1_ACGGAAGTCACAGTGT
5528	e16_ji1_ACGGGTCAGAGTGGCT
5529	e16_ji1_ACGGGTCCAACACGAG
5530	e16_ji1_ACGGGTCCACACCTTC
5531	e16_ji1_ACGGGTCCACTAACCA
5532	e16_ji1_ACGGGTCCATATAGCC
5533	e16_ji1_ACGGGTCTCCTTATCA
5534	e16_ji1_ACGGTCGAGCAGCCTC
5535	e16_ji1_ACGGTCGAGCCACAAG
5536	e16_ji1_ACGGTCGAGTCTTGGT
5537	e16_ji1_ACGGTCGGTGACTCGC
5538	e16_ji1_ACGGTCGGTGGGACAT
5539	e16_ji1_ACGGTCGTCCGGTAAT
5540	e16_ji1_ACGGTCGTCGTCGCTT
5541	e16_ji1_ACGGTCGTCTGAGAAA
5542	e16_ji1_ACGGTTAAGGATTCAA
5543	e16_ji1_ACGGTTACAACACAAA
5544	e16_ji1_ACGGTTACACTAACGT
5545	e16_ji1_ACGGTTAGTACCTTCC
5546	e16_ji1_ACGTAACCAAGTCATC
5547	e16_ji1_ACGTAACCAAGTTTGC
5548	e16_ji1_ACGTAACCACGACGTC
5549	e16_ji1_ACGTAACCATCATTTC
5550	e16_ji1_ACGTAACGTCATAAAG
5551	e16_ji1_ACGTAACTCCATTCAT
5552	e16_ji1_ACGTAACTCCCAATAG
5553	e16_ji1_ACGTAACTCCCAGCGA
5554	e16_ji1_ACGTACAAGGTAGCAC
5555	e16_ji1_ACGTACACAACTGCTA
5556	e16_ji1_ACGTACACAATCAAGA
5557	e16_ji1_ACGTACACACAACGTT
5558	e16_ji1_ACGTACACACAAGCAG
5559	e16_ji1_ACGTACAGTACGTACT
5560	e16_ji1_ACGTACAGTTAGAAAC
5561	e16_ji1_ACGTACATCACTCTTA
5562	e16_ji1_ACGTACATCATTCACT
5563	e16_ji1_ACGTACATCTTAAGGC
5564	e16_ji1_ACGTAGTAGCACGTCC
5565	e16_ji1_ACGTAGTAGCCACCGT
5566	e16_ji1_ACGTAGTAGCGAGGAG
5567	e16_ji1_ACGTAGTAGGTCCAGA
5568	e16_ji1_ACGTAGTCACGCGGTT
5569	e16_ji1_ACGTAGTCACTTGTCC
5570	e16_ji1_ACGTAGTGTTGCCTAA
5571	e16_ji1_ACGTAGTTCCCTGGTT
5572	e16_ji1_ACGTCCTAGCAAGTGC
5573	e16_ji1_ACGTCCTAGGCGCTTC
5574	e16_ji1_ACGTCCTCAGTTAGAA
5575	e16_ji1_ACGTCCTCATGACAGG
5576	e16_ji1_ACGTCCTCATTCTTCA
5577	e16_ji1_ACGTCCTGTATGTCCA
5578	e16_ji1_ACGTCCTTCAAGTTGC
5579	e16_ji1_ACGTCCTTCATTCACT
5580	e16_ji1_ACGTCCTTCCCTCGAT
5581	e16_ji1_ACGTCCTTCTAAGCCA
5582	e16_ji1_ACGTCCTTCTTCCCAG
5583	e16_ji1_ACGTCCTTCTTGGTGA
5584	e16_ji1_ACGTTCCAGACGCAGT
5585	e16_ji1_ACGTTCCAGATCGGTG
5586	e16_ji1_ACGTTCCAGATTGTGA
5587	e16_ji1_ACGTTCCCATCCGAGC
5588	e16_ji1_ACGTTCCCATGATGCT
5589	e16_ji1_ACGTTCCCATGCCGCA
5590	e16_ji1_ACGTTCCTCCGTCAAA
5591	e16_ji1_ACGTTCCTCTCACCCA
5592	e16_ji1_ACTACGAAGCAATTCC
5593	e16_ji1_ACTACGAAGGTTTACC
5594	e16_ji1_ACTACGAAGTCATGAA
5595	e16_ji1_ACTACGACACCCTGTT
5596	e16_ji1_ACTACGACACGCGCTA
5597	e16_ji1_ACTACGACAGACCCGT
5598	e16_ji1_ACTACGACAGGTCAAG
5599	e16_ji1_ACTACGACAGTAGGAC
5600	e16_ji1_ACTACGAGTAGGACCA
5601	e16_ji1_ACTACGAGTCTTCGAA
5602	e16_ji1_ACTACGATCAGCTAGT
5603	e16_ji1_ACTACGATCCTTCACG
5604	e16_ji1_ACTATCTAGACTACCT
5605	e16_ji1_ACTATCTAGGAGTACC
5606	e16_ji1_ACTATCTCAACATCGT
5607	e16_ji1_ACTATCTCACGAGAAC
5608	e16_ji1_ACTATCTCACGTCATA
5609	e16_ji1_ACTATCTGTTAAGTCC
5610	e16_ji1_ACTATCTTCCGATGTA
5611	e16_ji1_ACTATCTTCGATGCAT
5612	e16_ji1_ACTATCTTCTTGCAGA
5613	e16_ji1_ACTATGGAGACATCCT
5614	e16_ji1_ACTATGGCACTGCGAC
5615	e16_ji1_ACTATGGCAGACATCT
5616	e16_ji1_ACTATGGCAGACCTAT
5617	e16_ji1_ACTATGGCATATGGCT
5618	e16_ji1_ACTATGGGTACGACAG
5619	e16_ji1_ACTATGGGTCCGTACG
5620	e16_ji1_ACTATGGGTTAACAGA
5621	e16_ji1_ACTATGGGTTAAGCAA
5622	e16_ji1_ACTATGGTCTGGGCAC
5623	e16_ji1_ACTATTCAGCATTGAA
5624	e16_ji1_ACTATTCAGTCTCCTC
5625	e16_ji1_ACTATTCCAACAGTGG
5626	e16_ji1_ACTATTCCAACCGACC
5627	e16_ji1_ACTATTCCAGCTACCG
5628	e16_ji1_ACTATTCCAGTGTGGA
5629	e16_ji1_ACTATTCCATAATCCG
5630	e16_ji1_ACTATTCGTGACTCGC
5631	e16_ji1_ACTATTCGTGGGCTTC
5632	e16_ji1_ACTCCCAAGGTGGCTA
5633	e16_ji1_ACTCCCACAATCGCGC
5634	e16_ji1_ACTCCCACACAAAGCG
5635	e16_ji1_ACTCCCACAGCCCACA
5636	e16_ji1_ACTCCCACATACATCG
5637	e16_ji1_ACTCCCAGTACTCAAC
5638	e16_ji1_ACTCCCAGTTACCTGA
5639	e16_ji1_ACTCCCATCCACGTGG
5640	e16_ji1_ACTCCCATCCGGCAGT
5641	e16_ji1_ACTCCCATCGACCACG
5642	e16_ji1_ACTCTCGAGCAACAGC
5643	e16_ji1_ACTCTCGCAGCAGACA
5644	e16_ji1_ACTCTCGGTAGGACCA
5645	e16_ji1_ACTCTCGGTGTACATC
5646	e16_ji1_ACTCTCGGTTGTTTGG
5647	e16_ji1_ACTCTCGTCACGGAGA
5648	e16_ji1_ACTCTCGTCGACGACC
5649	e16_ji1_ACTCTCGTCTTCCGTG
5650	e16_ji1_ACTGATGAGCTAATGA
5651	e16_ji1_ACTGATGAGGCAGGTT
5652	e16_ji1_ACTGATGAGTTAACGA
5653	e16_ji1_ACTGATGCAGCGTGCT
5654	e16_ji1_ACTGATGCATCTTCGC
5655	e16_ji1_ACTGATGGTGCCGTAC
5656	e16_ji1_ACTGATGTCCGTTGAA
5657	e16_ji1_ACTGATGTCGTAATGC
5658	e16_ji1_ACTGCAAAGACCAAGC
5659	e16_ji1_ACTGCAAAGCCTCCAG
5660	e16_ji1_ACTGCAAAGGGTAGCT
5661	e16_ji1_ACTGCAACAACCGATT
5662	e16_ji1_ACTGCAACACCGTCTT
5663	e16_ji1_ACTGCAAGTAGACTGG
5664	e16_ji1_ACTGTCCAGCCTTGAT
5665	e16_ji1_ACTGTCCAGCTCGACC
5666	e16_ji1_ACTGTCCAGTAACGAT
5667	e16_ji1_ACTGTCCCAAGACCGA
5668	e16_ji1_ACTGTCCCAAGAGCTG
5669	e16_ji1_ACTGTCCCAGAACATA
5670	e16_ji1_ACTGTCCCATGAAGCG
5671	e16_ji1_ACTGTCCGTAGGGTAC
5672	e16_ji1_ACTGTCCGTATTGAGA
5673	e16_ji1_ACTGTCCGTGAATATG
5674	e16_ji1_ACTGTCCTCAACTGAC
5675	e16_ji1_ACTGTCCTCGTCTACC
5676	e16_ji1_ACTGTGAAGCGTCAAG
5677	e16_ji1_ACTGTGAAGTAACGTA
5678	e16_ji1_ACTGTGACAGCAGATG
5679	e16_ji1_ACTGTGACATGACGAG
5680	e16_ji1_ACTGTGAGTCCGGATC
5681	e16_ji1_ACTGTGATCTTCCGTG
5682	e16_ji1_ACTTAGGAGCACCTGC
5683	e16_ji1_ACTTAGGAGCTCACTA
5684	e16_ji1_ACTTAGGCAACGATCT
5685	e16_ji1_ACTTAGGCACGTCATA
5686	e16_ji1_ACTTAGGGTCAACATC
5687	e16_ji1_ACTTAGGGTCACGTGC
5688	e16_ji1_ACTTAGGTCCCTGTTG
5689	e16_ji1_ACTTAGGTCCGAGTGC
5690	e16_ji1_ACTTATCAGCCGAACA
5691	e16_ji1_ACTTATCAGGGCCAAT
5692	e16_ji1_ACTTATCCACACCTGG
5693	e16_ji1_ACTTATCCATGACTTG
5694	e16_ji1_ACTTATCGTACCGGCT
5695	e16_ji1_ACTTATCGTTAGAGAT
5696	e16_ji1_ACTTATCGTTTGATCG
5697	e16_ji1_ACTTATCTCTAATTCC
5698	e16_ji1_ACTTCCGAGAAGCGCT
5699	e16_ji1_ACTTCCGAGGTATCTC
5700	e16_ji1_ACTTCCGCAAAGTATG
5701	e16_ji1_ACTTCCGCAACAAAGT
5702	e16_ji1_ACTTCCGCAATCTGCA
5703	e16_ji1_ACTTCCGCACAGTCGC
5704	e16_ji1_ACTTCCGCAGACACCC
5705	e16_ji1_ACTTCCGCAGAGTGTG
5706	e16_ji1_ACTTCCGGTATCGATC
5707	e16_ji1_ACTTCCGGTGTCTTCC
5708	e16_ji1_ACTTCCGGTTGCTGAT
5709	e16_ji1_ACTTCCGTCCTAACAG
5710	e16_ji1_ACTTCCGTCTCGTTTA
5711	e16_ji1_ACTTCCGTCTGCGAGC
5712	e16_ji1_ACTTCGCAGAAAGCGA
5713	e16_ji1_ACTTCGCAGGTGCATG
5714	e16_ji1_ACTTCGCAGTAGTCTC
5715	e16_ji1_ACTTCGCCAGTTAGAA
5716	e16_ji1_ACTTCGCCATTCTCCG
5717	e16_ji1_ACTTCGCGTGACGCCT
5718	e16_ji1_ACTTCGCGTGTTTGCA
5719	e16_ji1_ACTTCGCGTTGGACCC
5720	e16_ji1_ACTTCGCGTTTGTTGG
5721	e16_ji1_ACTTCGCTCCCGAACG
5722	e16_ji1_ACTTCGCTCGACGCTG
5723	e16_ji1_ACTTTCAAGTCATGAA
5724	e16_ji1_ACTTTCACAACTTCTT
5725	e16_ji1_ACTTTCACATATCTCT
5726	e16_ji1_ACTTTCAGTCCTGAAT
5727	e16_ji1_ACTTTCAGTTTGTGGT
5728	e16_ji1_ACTTTCATCCAAGCTA
5729	e16_ji1_ACTTTCATCCTTCGAC
5730	e16_ji1_ACTTTCATCGAAATCC
5731	e16_ji1_ACTTTCATCTATTCGT
5732	e16_ji1_ACTTTGTAGCGCATCC
5733	e16_ji1_ACTTTGTAGCTAGCCC
5734	e16_ji1_ACTTTGTAGTAGACAT
5735	e16_ji1_ACTTTGTCAGGCACTC
5736	e16_ji1_ACTTTGTGTTAGGCCC
5737	e16_ji1_ACTTTGTTCGAATGCT
5738	e16_ji1_ACTTTGTTCGCCGATG
5739	e16_ji1_ACTTTGTTCGTTCTCG
5740	e16_ji1_AGAAATGCACAAGGTG
5741	e16_ji1_AGAAATGCATCCCGTT
5742	e16_ji1_AGAAATGGTGAGTTGG
5743	e16_ji1_AGAAATGTCAGGACGA
5744	e16_ji1_AGAAATGTCGTCCATC
5745	e16_ji1_AGAACAAAGACAACTA
5746	e16_ji1_AGAACAAAGCCAGAGT
5747	e16_ji1_AGAACAACAGCCCAGT
5748	e16_ji1_AGAACAAGTCATCTAG
5749	e16_ji1_AGAACAATCATCCCGT
5750	e16_ji1_AGAACAATCTAGCCAA
5751	e16_ji1_AGAACAATCTCCCAAC
5752	e16_ji1_AGAACCTAGCGTGAAC
5753	e16_ji1_AGAACCTCAAGACCTT
5754	e16_ji1_AGAACCTCACGCACCA
5755	e16_ji1_AGAACCTGTGGAACCA
5756	e16_ji1_AGAACCTGTGGTCCCA
5757	e16_ji1_AGAACCTGTTGGGTAG
5758	e16_ji1_AGAACCTTCACCCTTG
5759	e16_ji1_AGAACCTTCCGCTTAC
5760	e16_ji1_AGAAGCGAGTAGGAAG
5761	e16_ji1_AGAAGCGAGTCACTGT
5762	e16_ji1_AGAAGCGAGTCCCAAT
5763	e16_ji1_AGAAGCGCACGAGGAT
5764	e16_ji1_AGAAGCGGTCCTATAG
5765	e16_ji1_AGAAGCGGTGATTAGA
5766	e16_ji1_AGAAGCGTCTGCCCTA
5767	e16_ji1_AGAAGTAAGTGGACTG
5768	e16_ji1_AGAAGTACAATTTCCT
5769	e16_ji1_AGAAGTACAGAGTGTG
5770	e16_ji1_AGAAGTATCATTTCCA
5771	e16_ji1_AGAAGTATCTACCACC
5772	e16_ji1_AGACAAAAGCCGATCC
5773	e16_ji1_AGACAAAAGTTGTACC
5774	e16_ji1_AGACAAACAAGATCCT
5775	e16_ji1_AGACAAACAATTTCCT
5776	e16_ji1_AGACAAACAGCTACCG
5777	e16_ji1_AGACAAAGTATCAGCT
5778	e16_ji1_AGACAAATCCTATTGT
5779	e16_ji1_AGACAAATCTCCATAT
5780	e16_ji1_AGACACTCAAGCTGTT
5781	e16_ji1_AGACACTCACCTTCCA
5782	e16_ji1_AGACACTCACTTTAGG
5783	e16_ji1_AGACACTCAGACAATA
5784	e16_ji1_AGACACTCATGGGCAA
5785	e16_ji1_AGACACTGTAGTACGG
5786	e16_ji1_AGACACTGTTGTGTTG
5787	e16_ji1_AGACACTTCCACCCTA
5788	e16_ji1_AGACACTTCGAATGCT
5789	e16_ji1_AGACACTTCGCCAACG
5790	e16_ji1_AGACAGGAGACTTCGT
5791	e16_ji1_AGACAGGAGTTAGTGA
5792	e16_ji1_AGACAGGAGTTGGACG
5793	e16_ji1_AGACAGGGTCCGGATC
5794	e16_ji1_AGACAGGGTGGATGAC
5795	e16_ji1_AGACAGGGTTAAACCC
5796	e16_ji1_AGACAGGTCCGCAACG
5797	e16_ji1_AGACCATAGGCTAGCA
5798	e16_ji1_AGACCATCAAGAGTAT
5799	e16_ji1_AGACCATGTGCGACAA
5800	e16_ji1_AGACCATGTTTGCCGG
5801	e16_ji1_AGACCATTCCGTATGA
5802	e16_ji1_AGACCATTCTCTATAC
5803	e16_ji1_AGACCATTCTTCTCAA
5804	e16_ji1_AGACCCGCACTGGCCA
5805	e16_ji1_AGACCCGCAGATACCT
5806	e16_ji1_AGACCCGCAGCATTGT
5807	e16_ji1_AGACCCGCAGGCTTGC
5808	e16_ji1_AGACCCGGTATCTTCT
5809	e16_ji1_AGACCCGGTGCGCTCA
5810	e16_ji1_AGACTCAAGAGTTGAT
5811	e16_ji1_AGACTCAAGGTTCCGC
5812	e16_ji1_AGACTCAAGTCGCCAC
5813	e16_ji1_AGACTCAAGTCGTCTA
5814	e16_ji1_AGACTCACACCCAATA
5815	e16_ji1_AGACTCAGTATCTCTT
5816	e16_ji1_AGACTCAGTGAAGCTG
5817	e16_ji1_AGACTCAGTTATGGTC
5818	e16_ji1_AGACTCAGTTGCTCGG
5819	e16_ji1_AGAGAATAGACCCTTA
5820	e16_ji1_AGAGAATAGCCTGAAG
5821	e16_ji1_AGAGAATGTTGGACTT
5822	e16_ji1_AGAGAATTCAGAATAG
5823	e16_ji1_AGAGAATTCCGCAACG
5824	e16_ji1_AGAGAGCCAAACTAGA
5825	e16_ji1_AGAGAGCCATGGGATG
5826	e16_ji1_AGAGAGCGTATACAGA
5827	e16_ji1_AGAGAGCGTGGACCTC
5828	e16_ji1_AGAGAGCGTTTCGTGA
5829	e16_ji1_AGAGAGCTCACCACAA
5830	e16_ji1_AGAGAGCTCACGGGCT
5831	e16_ji1_AGAGCAGAGGTGAGCT
5832	e16_ji1_AGAGCAGCAACAACAA
5833	e16_ji1_AGAGCAGCACACTTAG
5834	e16_ji1_AGAGCAGCACAGTATC
5835	e16_ji1_AGAGCAGGTAGCTTAC
5836	e16_ji1_AGAGCAGGTCAGTCCG
5837	e16_ji1_AGAGCAGGTGTACAGG
5838	e16_ji1_AGAGCAGTCGTCCTTG
5839	e16_ji1_AGAGCCCAGCTCTGTA
5840	e16_ji1_AGAGCCCCAGCGATTT
5841	e16_ji1_AGAGCCCGTGTTTCTT
5842	e16_ji1_AGAGCCCTCGTTCCCA
5843	e16_ji1_AGAGCCCTCTCGCCTA
5844	e16_ji1_AGATAGAAGAGAACCC
5845	e16_ji1_AGATAGACAAGACCTT
5846	e16_ji1_AGATAGACAAGGATGC
5847	e16_ji1_AGATAGACAATGCTCA
5848	e16_ji1_AGATAGACACTCTCGT
5849	e16_ji1_AGATAGACAGTACTAC
5850	e16_ji1_AGATAGATCACCATAG
5851	e16_ji1_AGATAGATCCTTTGAT
5852	e16_ji1_AGATCCAAGCAGCACA
5853	e16_ji1_AGATCCAGTCATATGC
5854	e16_ji1_AGATCCAGTGGGTATG
5855	e16_ji1_AGATCCAGTTTCTTAC
5856	e16_ji1_AGATCCATCAGTCATG
5857	e16_ji1_AGATCGTAGGTTGCCC
5858	e16_ji1_AGATCGTCACAGACGA
5859	e16_ji1_AGATCGTCACCTATCC
5860	e16_ji1_AGATCGTCAGCGTACC
5861	e16_ji1_AGATCGTCAGTATACC
5862	e16_ji1_AGATCGTCATGGCTAT
5863	e16_ji1_AGATCGTGTATGGAGC
5864	e16_ji1_AGATCGTGTCATATGC
5865	e16_ji1_AGATCGTGTGACGCCT
5866	e16_ji1_AGATCGTGTTGCGAAG
5867	e16_ji1_AGATCGTTCCCTTGTG
5868	e16_ji1_AGATCGTTCCGTCCTA
5869	e16_ji1_AGATGAAAGTGATAAC
5870	e16_ji1_AGATGAACAACACAAA
5871	e16_ji1_AGATGAACAACCGTAT
5872	e16_ji1_AGATGAACAGGTTCGC
5873	e16_ji1_AGATGAATCTCACCCA
5874	e16_ji1_AGATGAATCTGCGTCT
5875	e16_ji1_AGATGCTAGATCCAAA
5876	e16_ji1_AGATGCTCAGCGCGTT
5877	e16_ji1_AGATGCTCATGGCCAC
5878	e16_ji1_AGATGCTGTAGACACG
5879	e16_ji1_AGATGCTGTCTAACTG
5880	e16_ji1_AGATGCTGTGCATTTG
5881	e16_ji1_AGATGCTGTTAGAAAC
5882	e16_ji1_AGATGCTGTTCAAGTC
5883	e16_ji1_AGATGCTTCGTCAAAC
5884	e16_ji1_AGCATCAAGAGCTGCA
5885	e16_ji1_AGCATCACAGTAGATA
5886	e16_ji1_AGCATCACATGACAGG
5887	e16_ji1_AGCATCACATGGCACC
5888	e16_ji1_AGCATCAGTAACCCTA
5889	e16_ji1_AGCATCAGTCAAAGAT
5890	e16_ji1_AGCATCAGTTGCTTGA
5891	e16_ji1_AGCATCAGTTGTAGCT
5892	e16_ji1_AGCATCATCTCGCAGG
5893	e16_ji1_AGCCAATAGCATGCGA
5894	e16_ji1_AGCCAATAGGGCAATC
5895	e16_ji1_AGCCAATAGTTCCGGC
5896	e16_ji1_AGCCAATCAGTAGTGG
5897	e16_ji1_AGCCAATGTATTCCGA
5898	e16_ji1_AGCCAATGTGCTAGCC
5899	e16_ji1_AGCCAATGTTCTCTCG
5900	e16_ji1_AGCCAATTCCAACTAG
5901	e16_ji1_AGCCAATTCGACGACC
5902	e16_ji1_AGCCACGAGCCACAAG
5903	e16_ji1_AGCCACGAGGGAACAA
5904	e16_ji1_AGCCACGAGTTAACGA
5905	e16_ji1_AGCCACGCACCCTGTT
5906	e16_ji1_AGCCACGGTCTCTCTG
5907	e16_ji1_AGCCACGGTTGTCCCT
5908	e16_ji1_AGCCACGTCCACGTCT
5909	e16_ji1_AGCCACGTCGCTGATA
5910	e16_ji1_AGCCAGCAGCAACAGC
5911	e16_ji1_AGCCAGCAGCATAGGC
5912	e16_ji1_AGCCAGCCAATTCTTC
5913	e16_ji1_AGCCAGCCACTCTCGT
5914	e16_ji1_AGCGATTCAAGACGGT
5915	e16_ji1_AGCGATTCAATTGCGT
5916	e16_ji1_AGCGATTCAGGCATGA
5917	e16_ji1_AGCGATTCAGGTCAAG
5918	e16_ji1_AGCGATTCATGATGCT
5919	e16_ji1_AGCGCCAAGGTCTACT
5920	e16_ji1_AGCGCCAAGTGACCTT
5921	e16_ji1_AGCGCCATCACTCGAA
5922	e16_ji1_AGCGCCATCAGCCTTC
5923	e16_ji1_AGCGCCATCCATACAG
5924	e16_ji1_AGCGCTGAGAAGCCTG
5925	e16_ji1_AGCGCTGCAACTCGAT
5926	e16_ji1_AGCGCTGCACCAGCGT
5927	e16_ji1_AGCGCTGCAGTAACGG
5928	e16_ji1_AGCGCTGCAGTTGTTG
5929	e16_ji1_AGCGCTGCATGCCGGT
5930	e16_ji1_AGCGCTGCATGGCTGC
5931	e16_ji1_AGCGCTGCATGGGATG
5932	e16_ji1_AGCGCTGGTACTTCCC
5933	e16_ji1_AGCGCTGTCCGTGGCA
5934	e16_ji1_AGCGCTGTCGACCCAG
5935	e16_ji1_AGCGCTGTCTCTGCCA
5936	e16_ji1_AGCGTATAGAACTCCT
5937	e16_ji1_AGCGTATCACCTCAGG
5938	e16_ji1_AGCGTATTCGCCACTT
5939	e16_ji1_AGCGTCGCAATCCTTT
5940	e16_ji1_AGCGTCGCAATGTCTG
5941	e16_ji1_AGCGTCGCACACTTAG
5942	e16_ji1_AGCGTCGGTCATCTAG
5943	e16_ji1_AGCTACACATCGATAC
5944	e16_ji1_AGCTACAGTAGCGTCC
5945	e16_ji1_AGCTACAGTAGGTCAG
5946	e16_ji1_AGCTACAGTGCTCTCT
5947	e16_ji1_AGCTACAGTTCGGTAT
5948	e16_ji1_AGCTACATCAGACTGT
5949	e16_ji1_AGCTACATCGGTAACT
5950	e16_ji1_AGCTACATCTGGGATT
5951	e16_ji1_AGCTCAAAGCCTCAGC
5952	e16_ji1_AGCTCAAAGCGCCCAT
5953	e16_ji1_AGCTCAAAGTGATGGC
5954	e16_ji1_AGCTCAACAACATCGT
5955	e16_ji1_AGCTCAACAGCATCTA
5956	e16_ji1_AGCTCAACAGGACTAG
5957	e16_ji1_AGCTCAAGTCCTGTTC
5958	e16_ji1_AGCTCAATCCAGTTCC
5959	e16_ji1_AGCTCAATCCTACTGC
5960	e16_ji1_AGCTCAATCGAAGTGG
5961	e16_ji1_AGCTCAATCGTCCATC
5962	e16_ji1_AGCTTCCAGGTTAAAC
5963	e16_ji1_AGCTTCCAGTCAATCC
5964	e16_ji1_AGCTTCCGTCAGGAGT
5965	e16_ji1_AGCTTCCGTGGTCCCA
5966	e16_ji1_AGCTTCCGTTATCTGG
5967	e16_ji1_AGCTTCCTCCTCAGGG
5968	e16_ji1_AGGAAATAGCTACAAA
5969	e16_ji1_AGGAAATCATCAGTCA
5970	e16_ji1_AGGAAATGTCGAATTC
5971	e16_ji1_AGGAAATGTCTCAAGT
5972	e16_ji1_AGGAAATGTGCGAACA
5973	e16_ji1_AGGAAATTCCCACAGG
5974	e16_ji1_AGGAATACAGCGTATT
5975	e16_ji1_AGGAATAGTACGACAG
5976	e16_ji1_AGGAATAGTCTCTCTG
5977	e16_ji1_AGGAATATCACGGAGA
5978	e16_ji1_AGGAATATCCGTGTGG
5979	e16_ji1_AGGAATATCGATACAC
5980	e16_ji1_AGGAATATCTAGCATG
5981	e16_ji1_AGGACGAAGAGTATAC
5982	e16_ji1_AGGACGAAGCTCTATG
5983	e16_ji1_AGGACGAAGGAATTAC
5984	e16_ji1_AGGACGACAAGAATGT
5985	e16_ji1_AGGACGACAATCAGCT
5986	e16_ji1_AGGACGACACCTGCTT
5987	e16_ji1_AGGACGATCGCGTTTC
5988	e16_ji1_AGGACTTAGAAACCCG
5989	e16_ji1_AGGACTTAGGACGCAT
5990	e16_ji1_AGGACTTAGGTAGATT
5991	e16_ji1_AGGACTTCAACGCATT
5992	e16_ji1_AGGACTTCACAAATAG
5993	e16_ji1_AGGACTTCACCAAAGG
5994	e16_ji1_AGGACTTCAGAATGTA
5995	e16_ji1_AGGACTTCAGGTTCCG
5996	e16_ji1_AGGACTTGTCGTGGAA
5997	e16_ji1_AGGACTTTCGCCTATC
5998	e16_ji1_AGGACTTTCGCTACGG
5999	e16_ji1_AGGACTTTCGTTAGTG
6000	e16_ji1_AGGACTTTCTAGAACC
6001	e16_ji1_AGGACTTTCTCCGCAT
6002	e16_ji1_AGGAGGTAGACCCTTA
6003	e16_ji1_AGGAGGTAGGCACCAA
6004	e16_ji1_AGGAGGTCAGCTTTGA
6005	e16_ji1_AGGAGGTGTTTGATCG
6006	e16_ji1_AGGAGGTTCGTCGCTT
6007	e16_ji1_AGGAGGTTCTCGCTTG
6008	e16_ji1_AGGATAAAGACCGCCT
6009	e16_ji1_AGGATAACATACCGTA
6010	e16_ji1_AGGATAACATCACAGT
6011	e16_ji1_AGGATAACATTGCTGA
6012	e16_ji1_AGGATAATCCGCTTAC
6013	e16_ji1_AGGATCTAGCCTAACT
6014	e16_ji1_AGGATCTAGCGGTATG
6015	e16_ji1_AGGATCTAGGCACGAT
6016	e16_ji1_AGGATCTCAATTCTTC
6017	e16_ji1_AGGATCTGTAGAGCTG
6018	e16_ji1_AGGATCTGTAGCACAG
6019	e16_ji1_AGGATCTGTAGGGTAC
6020	e16_ji1_AGGATCTGTGCAATGG
6021	e16_ji1_AGGATCTGTTCCTAAG
6022	e16_ji1_AGGATCTTCACTAGCA
6023	e16_ji1_AGGATCTTCACTGTCC
6024	e16_ji1_AGGATCTTCCATGATG
6025	e16_ji1_AGGATCTTCGGCAGTC
6026	e16_ji1_AGGATCTTCTCACTCG
6027	e16_ji1_AGGCATTAGCGCCCAT
6028	e16_ji1_AGGCATTCAAAGGATT
6029	e16_ji1_AGGCATTGTGCCTGAC
6030	e16_ji1_AGGCATTTCCCTAGGG
6031	e16_ji1_AGGCATTTCCGACGGT
6032	e16_ji1_AGGCATTTCCTTCGAC
6033	e16_ji1_AGGCCACCATAATGAG
6034	e16_ji1_AGGCCACTCTCCCATG
6035	e16_ji1_AGGCCACTCTGATGGT
6036	e16_ji1_AGGCCACTCTGTCCCA
6037	e16_ji1_AGGCTGCAGCTAAGTA
6038	e16_ji1_AGGCTGCGTGGTCAAG
6039	e16_ji1_AGGCTGCTCAGGACGA
6040	e16_ji1_AGGCTGCTCGACCTAA
6041	e16_ji1_AGGCTGCTCGCGATCG
6042	e16_ji1_AGGCTGCTCTTCTTCC
6043	e16_ji1_AGGGAGTAGCCAAGGT
6044	e16_ji1_AGGGAGTAGGCTAGCA
6045	e16_ji1_AGGGAGTCAACTGCTA
6046	e16_ji1_AGGGAGTCAAGGTCGA
6047	e16_ji1_AGGGCCTAGCAGTCTT
6048	e16_ji1_AGGGCCTAGGTTCACT
6049	e16_ji1_AGGGCCTAGTCGCGAA
6050	e16_ji1_AGGGCCTCAATGCAGG
6051	e16_ji1_AGGGCCTCACTCACTC
6052	e16_ji1_AGGGCCTGTATGGTTC
6053	e16_ji1_AGGGCCTTCAGCAGAG
6054	e16_ji1_AGGGCTCAGGTCGTGA
6055	e16_ji1_AGGGCTCCAATCACGT
6056	e16_ji1_AGGGCTCCAATTGGTC
6057	e16_ji1_AGGGCTCCACCCAACG
6058	e16_ji1_AGGGCTCGTCGTGTTA
6059	e16_ji1_AGGGCTCGTGCAACGA
6060	e16_ji1_AGGGCTCGTGTTCCTC
6061	e16_ji1_AGGGCTCTCACAACCA
6062	e16_ji1_AGGGCTCTCAGGTGTT
6063	e16_ji1_AGGGCTCTCGAGGCAA
6064	e16_ji1_AGGGTCCAGACGGAAA
6065	e16_ji1_AGGGTCCAGGCTCAAG
6066	e16_ji1_AGGGTCCAGTTATGGA
6067	e16_ji1_AGGGTCCCAGTTCACA
6068	e16_ji1_AGGGTCCGTAGTTACC
6069	e16_ji1_AGGGTCCTCAACACGT
6070	e16_ji1_AGGGTCCTCCCTTGTG
6071	e16_ji1_AGGGTGAAGGACGCTA
6072	e16_ji1_AGGGTGAAGGTGGTTG
6073	e16_ji1_AGGGTGACAATCCAGT
6074	e16_ji1_AGGGTGACACTAACCA
6075	e16_ji1_AGGGTGAGTAGTCTGT
6076	e16_ji1_AGGGTGAGTCACCCTT
6077	e16_ji1_AGGGTGATCACCCATC
6078	e16_ji1_AGGGTGATCCGGGACT
6079	e16_ji1_AGGGTTTAGAGCCGAT
6080	e16_ji1_AGGGTTTAGATTAGCA
6081	e16_ji1_AGGGTTTCACTTACAG
6082	e16_ji1_AGGGTTTCAGTAGTTC
6083	e16_ji1_AGGGTTTCATGACGGA
6084	e16_ji1_AGGGTTTTCACAATGC
6085	e16_ji1_AGGGTTTTCAGACCGC
6086	e16_ji1_AGGTAGGAGGACAACC
6087	e16_ji1_AGGTAGGCAGTCTTCC
6088	e16_ji1_AGGTAGGGTAGTTCCA
6089	e16_ji1_AGGTAGGGTCTTTCTA
6090	e16_ji1_AGGTCATAGCAGGCTA
6091	e16_ji1_AGGTCATCAGGGTTGA
6092	e16_ji1_AGGTCATCAGTCTACA
6093	e16_ji1_AGGTCATGTAAGAACT
6094	e16_ji1_AGGTCATGTCACCACG
6095	e16_ji1_AGGTCATGTCATCGCG
6096	e16_ji1_AGGTCATTCACCGGTG
6097	e16_ji1_AGGTCATTCCTGTACC
6098	e16_ji1_AGGTCATTCGAGCCTG
6099	e16_ji1_AGGTCATTCTACTTCA
6100	e16_ji1_AGGTCTACACGCACCA
6101	e16_ji1_AGGTCTACAGGAGGTT
6102	e16_ji1_AGGTCTATCACGATCA
6103	e16_ji1_AGGTCTATCCTGGGTG
6104	e16_ji1_AGGTCTATCTAGGCCG
6105	e16_ji1_AGGTCTATCTCGCTTG
6106	e16_ji1_AGGTGTTCACAAGCTT
6107	e16_ji1_AGGTGTTCACCCGTAG
6108	e16_ji1_AGGTGTTCACTGCTTC
6109	e16_ji1_AGGTGTTGTATCCCAA
6110	e16_ji1_AGGTGTTGTTAAGTCC
6111	e16_ji1_AGGTGTTGTTCAGCTA
6112	e16_ji1_AGGTGTTTCCACTTTA
6113	e16_ji1_AGGTTACAGACGCCCT
6114	e16_ji1_AGGTTACAGTTCACTG
6115	e16_ji1_AGGTTACCACGTATAC
6116	e16_ji1_AGGTTACCAGGTTACT
6117	e16_ji1_AGGTTACCATACAGCT
6118	e16_ji1_AGGTTACTCCGGCAGT
6119	e16_ji1_AGGTTACTCGCGGACT
6120	e16_ji1_AGGTTGTAGTAACAGT
6121	e16_ji1_AGGTTGTCATACTGAC
6122	e16_ji1_AGGTTGTCATGACCCG
6123	e16_ji1_AGGTTGTTCACCGCTT
6124	e16_ji1_AGGTTGTTCTCGTGGG
6125	e16_ji1_AGTAACCCAAGTGCAG
6126	e16_ji1_AGTAACCCAAGTTCCA
6127	e16_ji1_AGTAACCCACCATTCC
6128	e16_ji1_AGTAACCCAGCCTTCT
6129	e16_ji1_AGTAACCCATCGCTCT
6130	e16_ji1_AGTAACCCATTGCTTT
6131	e16_ji1_AGTAACCGTTGTCCCT
6132	e16_ji1_AGTACCAAGGTTCTTG
6133	e16_ji1_AGTACCACAAGCGAAC
6134	e16_ji1_AGTACCACAATGTCTG
6135	e16_ji1_AGTACCACATGGGTTT
6136	e16_ji1_AGTACCAGTCTACGTA
6137	e16_ji1_AGTACTGAGCGTCAAG
6138	e16_ji1_AGTACTGCATGACACT
6139	e16_ji1_AGTAGCTCATCCGGTG
6140	e16_ji1_AGTAGCTGTGGTATGG
6141	e16_ji1_AGTAGCTTCCTTACCG
6142	e16_ji1_AGTAGTCAGCCATTCA
6143	e16_ji1_AGTAGTCAGTGTTGTC
6144	e16_ji1_AGTAGTCCAGACGGAT
6145	e16_ji1_AGTAGTCCATCCGATA
6146	e16_ji1_AGTAGTCCATTCACCC
6147	e16_ji1_AGTAGTCGTACAGTAA
6148	e16_ji1_AGTAGTCGTAGATCCT
6149	e16_ji1_AGTAGTCGTAGCCCTG
6150	e16_ji1_AGTAGTCGTCGATTCA
6151	e16_ji1_AGTAGTCTCCGTGTGG
6152	e16_ji1_AGTCAACAGGATAATC
6153	e16_ji1_AGTCAACAGGGTCAAC
6154	e16_ji1_AGTCAACCAGCTTTCC
6155	e16_ji1_AGTCAACCATTCAGGT
6156	e16_ji1_AGTCAACTCAGTAGGG
6157	e16_ji1_AGTCAACTCTGCGGGT
6158	e16_ji1_AGTCACAAGCAATTCC
6159	e16_ji1_AGTCACACACTACAGT
6160	e16_ji1_AGTCACACATACCACA
6161	e16_ji1_AGTCACAGTATCAGGG
6162	e16_ji1_AGTCACAGTGCCGTAC
6163	e16_ji1_AGTCACATCTTCCAGC
6164	e16_ji1_AGTCACATCTTTGCTA
6165	e16_ji1_AGTCATGAGGCTCACC
6166	e16_ji1_AGTCATGCAAGAGCTG
6167	e16_ji1_AGTCATGCATGGACAG
6168	e16_ji1_AGTCATGGTCTCAAGT
6169	e16_ji1_AGTCATGGTGCCCACA
6170	e16_ji1_AGTCATGGTTATAGAG
6171	e16_ji1_AGTCTCCAGCAGGTCA
6172	e16_ji1_AGTCTCCAGTATTGCC
6173	e16_ji1_AGTCTCCCACTGCATA
6174	e16_ji1_AGTCTCCCAGCTACCG
6175	e16_ji1_AGTCTCCGTGATCATC
6176	e16_ji1_AGTCTCCGTTCATCTT
6177	e16_ji1_AGTGACTAGGTAGTCG
6178	e16_ji1_AGTGACTCACAATCTG
6179	e16_ji1_AGTGACTCACATACTG
6180	e16_ji1_AGTGACTGTGTCTCCT
6181	e16_ji1_AGTGACTTCAGACATC
6182	e16_ji1_AGTGACTTCTCATTGT
6183	e16_ji1_AGTGATCAGGGAGATA
6184	e16_ji1_AGTGATCCATACTGTG
6185	e16_ji1_AGTGATCCATATCTCT
6186	e16_ji1_AGTGATCCATCCGAAT
6187	e16_ji1_AGTGATCCATTAGGAA
6188	e16_ji1_AGTGATCTCCAAGCAT
6189	e16_ji1_AGTGATCTCGACCCAG
6190	e16_ji1_AGTGATCTCGAGTGGA
6191	e16_ji1_AGTGATCTCGCAGAGA
6192	e16_ji1_AGTGCCGAGGTCCAGA
6193	e16_ji1_AGTGCCGGTAAGCGGT
6194	e16_ji1_AGTGCCGGTACGCGTC
6195	e16_ji1_AGTGCCGGTATCGGTT
6196	e16_ji1_AGTGCCGGTATCTTCT
6197	e16_ji1_AGTGCCGGTGCCAAGA
6198	e16_ji1_AGTGTTGCACCCAATA
6199	e16_ji1_AGTGTTGCACTTGTCC
6200	e16_ji1_AGTGTTGCAGATACCT
6201	e16_ji1_AGTGTTGGTAAGATCA
6202	e16_ji1_AGTGTTGGTAGAATGT
6203	e16_ji1_AGTGTTGTCAACTACG
6204	e16_ji1_AGTGTTGTCCACGTCT
6205	e16_ji1_AGTGTTGTCTCCACTG
6206	e16_ji1_AGTTAGCAGAGTCTTC
6207	e16_ji1_AGTTAGCAGATCACTC
6208	e16_ji1_AGTTAGCCAAGAGATT
6209	e16_ji1_AGTTAGCCATCCCACT
6210	e16_ji1_AGTTAGCGTACACTCA
6211	e16_ji1_AGTTAGCGTTCCCACT
6212	e16_ji1_AGTTAGCTCAGCTGTA
6213	e16_ji1_AGTTCCCAGGGATCTG
6214	e16_ji1_AGTTCCCAGGTGGTTG
6215	e16_ji1_AGTTCCCCAAGAGGCT
6216	e16_ji1_AGTTCCCGTTGCTCGG
6217	e16_ji1_AGTTCCCGTTTCCAAG
6218	e16_ji1_AGTTCCCTCTCCTGCA
6219	e16_ji1_AGTTCGAAGAAATGGG
6220	e16_ji1_AGTTCGAAGAGCCTGA
6221	e16_ji1_AGTTCGAAGATGGGCT
6222	e16_ji1_AGTTCGAAGGTTAAAC
6223	e16_ji1_AGTTCGACAAAGACTA
6224	e16_ji1_AGTTCGACACACGCCA
6225	e16_ji1_AGTTCGACACCAACAT
6226	e16_ji1_AGTTCGACAGAGTCAG
6227	e16_ji1_AGTTCGAGTGTTTCTT
6228	e16_ji1_AGTTCGAGTTTGTTGG
6229	e16_ji1_AGTTCGATCACTTCTA
6230	e16_ji1_AGTTCGATCGGACCAC
6231	e16_ji1_ATACCGAAGGAAACGA
6232	e16_ji1_ATACCGAAGTTAACGA
6233	e16_ji1_ATACCGACACAACGTT
6234	e16_ji1_ATACCGACACTTTATC
6235	e16_ji1_ATACCGACAGGGACTA
6236	e16_ji1_ATACCGACATAGAGGC
6237	e16_ji1_ATACCGAGTCCATACA
6238	e16_ji1_ATACCGAGTCTTCCGT
6239	e16_ji1_ATACCGATCAGAGTGG
6240	e16_ji1_ATACCGATCATCGTAG
6241	e16_ji1_ATACCGATCTGCGGCA
6242	e16_ji1_ATACCTTAGATACCAA
6243	e16_ji1_ATACCTTAGCCGCTTG
6244	e16_ji1_ATACCTTAGGAGAATG
6245	e16_ji1_ATACCTTCAAAGTATG
6246	e16_ji1_ATACCTTCACAGTGAG
6247	e16_ji1_ATACCTTCAGCTACCG
6248	e16_ji1_ATACCTTGTCGTATTG
6249	e16_ji1_ATACCTTGTTATGACC
6250	e16_ji1_ATACCTTTCCGACATA
6251	e16_ji1_ATACCTTTCCGCTAGG
6252	e16_ji1_ATACCTTTCGTTCGCT
6253	e16_ji1_ATACCTTTCTAGACCA
6254	e16_ji1_ATACCTTTCTCTATAC
6255	e16_ji1_ATACTTCAGAAGGATG
6256	e16_ji1_ATACTTCCAATCGTCA
6257	e16_ji1_ATACTTCCACCTTCCA
6258	e16_ji1_ATACTTCCATCAGTGT
6259	e16_ji1_ATACTTCCATCCGATA
6260	e16_ji1_ATACTTCGTACTCCGG
6261	e16_ji1_ATACTTCGTTTACCTT
6262	e16_ji1_ATACTTCTCACGTCCT
6263	e16_ji1_ATACTTCTCAGCGGAA
6264	e16_ji1_ATACTTCTCTAGTTCT
6265	e16_ji1_ATAGACCAGATACATG
6266	e16_ji1_ATAGACCCAGACGCTC
6267	e16_ji1_ATAGACCCAGTCGCTG
6268	e16_ji1_ATAGACCCATGGGTTT
6269	e16_ji1_ATAGACCGTACGCTTA
6270	e16_ji1_ATAGACCGTGATTCAC
6271	e16_ji1_ATAGACCTCAAATGAG
6272	e16_ji1_ATAGACCTCACGAACT
6273	e16_ji1_ATAGAGAAGCAGCACA
6274	e16_ji1_ATAGAGAAGTTACTCG
6275	e16_ji1_ATAGAGACACGGCTAC
6276	e16_ji1_ATAGAGACACTCCTGT
6277	e16_ji1_ATAGAGACATAAGCAA
6278	e16_ji1_ATAGAGATCCGGCTTT
6279	e16_ji1_ATAGGCTAGCTCCATA
6280	e16_ji1_ATAGGCTCAGAGTCAG
6281	e16_ji1_ATAGGCTGTCGAGCAA
6282	e16_ji1_ATAGGCTTCAGGACAG
6283	e16_ji1_ATAGGCTTCCACAGGC
6284	e16_ji1_ATATCCTGTCACTCAA
6285	e16_ji1_ATATCCTGTGACGCCT
6286	e16_ji1_ATATCCTGTGACTAAA
6287	e16_ji1_ATATCCTGTTACGGAG
6288	e16_ji1_ATATCCTTCCCTTGGT
6289	e16_ji1_ATATCCTTCTTCCAGC
6290	e16_ji1_ATCACAGAGCCTGAAG
6291	e16_ji1_ATCACAGCAATTCGTG
6292	e16_ji1_ATCACAGCACGTAGTT
6293	e16_ji1_ATCACAGCAGACTCTA
6294	e16_ji1_ATCACAGCAGCTCTGG
6295	e16_ji1_ATCACAGTCATTCATC
6296	e16_ji1_ATCACAGTCATTGCTT
6297	e16_ji1_ATCACGAAGATCACCT
6298	e16_ji1_ATCACGAAGGCCTAAG
6299	e16_ji1_ATCACGAAGGCCTGAA
6300	e16_ji1_ATCACGAAGGTGCCTC
6301	e16_ji1_ATCACGACAACACACT
6302	e16_ji1_ATCACGACAACCGCCA
6303	e16_ji1_ATCACGACAGACCAAG
6304	e16_ji1_ATCACGACAGGTCAAG
6305	e16_ji1_ATCACGACATTGGCAT
6306	e16_ji1_ATCACGAGTTACCCTC
6307	e16_ji1_ATCACTTAGGGTACGT
6308	e16_ji1_ATCACTTAGTTCCGTA
6309	e16_ji1_ATCACTTCACGCTGCA
6310	e16_ji1_ATCACTTCAGATACCT
6311	e16_ji1_ATCACTTCATCATCTT
6312	e16_ji1_ATCACTTGTCCAACGC
6313	e16_ji1_ATCACTTGTCGCTTGG
6314	e16_ji1_ATCACTTGTCTTGAGT
6315	e16_ji1_ATCACTTGTTCGAACT
6316	e16_ji1_ATCACTTTCAGCACCG
6317	e16_ji1_ATCACTTTCCGCGAGT
6318	e16_ji1_ATCAGGTAGTCACTGT
6319	e16_ji1_ATCAGGTCAGATTTCG
6320	e16_ji1_ATCAGGTCAGCTTCCT
6321	e16_ji1_ATCAGGTTCAAGATAG
6322	e16_ji1_ATCAGGTTCAGATTGC
6323	e16_ji1_ATCAGGTTCATCGACA
6324	e16_ji1_ATCAGGTTCATTACGG
6325	e16_ji1_ATCAGGTTCCCGAGAC
6326	e16_ji1_ATCAGGTTCGATAACC
6327	e16_ji1_ATCAGGTTCGCCTATC
6328	e16_ji1_ATCAGGTTCTTGTGCC
6329	e16_ji1_ATCATTCAGCCTCTCT
6330	e16_ji1_ATCATTCAGCGACAGT
6331	e16_ji1_ATCATTCAGCTTCTAG
6332	e16_ji1_ATCATTCCACTAGTAC
6333	e16_ji1_ATCATTCCAGAGGTTG
6334	e16_ji1_ATCATTCCATGTAACC
6335	e16_ji1_ATCATTCGTTCCGGTG
6336	e16_ji1_ATCATTCGTTGCCGAC
6337	e16_ji1_ATCATTCTCTGCTAGA
6338	e16_ji1_ATCCACCAGAAGCGGG
6339	e16_ji1_ATCCACCAGCACACAG
6340	e16_ji1_ATCCACCAGGACTAAT
6341	e16_ji1_ATCCACCCACAAGCCC
6342	e16_ji1_ATCCACCCAGCTGAGA
6343	e16_ji1_ATCCACCCATACCAGT
6344	e16_ji1_ATCCACCTCAACCGAT
6345	e16_ji1_ATCCACCTCCTGCCAT
6346	e16_ji1_ATCCACCTCGCGTAGC
6347	e16_ji1_ATCCACCTCGTGTGGC
6348	e16_ji1_ATCCATTAGACACACG
6349	e16_ji1_ATCCATTAGGTTTACC
6350	e16_ji1_ATCCATTCAGGTTTAC
6351	e16_ji1_ATCCATTCAGTGAGCA
6352	e16_ji1_ATCCATTCATGAGTAA
6353	e16_ji1_ATCCATTCATTGTCGA
6354	e16_ji1_ATCCATTGTAAGCTCT
6355	e16_ji1_ATCCATTGTAATTGGA
6356	e16_ji1_ATCCATTGTCTTTCAT
6357	e16_ji1_ATCCATTGTGCATGTT
6358	e16_ji1_ATCCATTTCACCTCGT
6359	e16_ji1_ATCCATTTCACGGGCT
6360	e16_ji1_ATCCATTTCCACCTCA
6361	e16_ji1_ATCCATTTCTACCCAC
6362	e16_ji1_ATCCATTTCTCAGGCG
6363	e16_ji1_ATCCCTGAGGATATAC
6364	e16_ji1_ATCCCTGAGGCTGAAC
6365	e16_ji1_ATCCCTGAGTAGACAT
6366	e16_ji1_ATCCCTGAGTTGGCTT
6367	e16_ji1_ATCCCTGCACGCAAAG
6368	e16_ji1_ATCCCTGGTACAGTAA
6369	e16_ji1_ATCCCTGGTCATCGGC
6370	e16_ji1_ATCCCTGGTTCCAAAC
6371	e16_ji1_ATCCCTGTCCGTACGG
6372	e16_ji1_ATCCGTCAGAAGGGAT
6373	e16_ji1_ATCCGTCAGCAACTCT
6374	e16_ji1_ATCCGTCAGGATACAT
6375	e16_ji1_ATCCGTCAGGGTCACA
6376	e16_ji1_ATCCGTCAGTCTCTGA
6377	e16_ji1_ATCCGTCCACCGTACG
6378	e16_ji1_ATCCGTCCAGTCTGGC
6379	e16_ji1_ATCCGTCCATCACCAA
6380	e16_ji1_ATCCGTCTCTTCCAGC
6381	e16_ji1_ATCCTATCAAAGGGTC
6382	e16_ji1_ATCCTATGTCAGATTC
6383	e16_ji1_ATCCTATGTCTTTATC
6384	e16_ji1_ATCCTATGTTCGAGCC
6385	e16_ji1_ATCCTATTCCTTACCG
6386	e16_ji1_ATCCTATTCTGATTCT
6387	e16_ji1_ATCCTATTCTTGATTC
6388	e16_ji1_ATCGATGAGGCCCACT
6389	e16_ji1_ATCGATGAGGTGATCG
6390	e16_ji1_ATCGATGCAAACCACT
6391	e16_ji1_ATCGATGCAGGAATAT
6392	e16_ji1_ATCGATGGTAACGTTC
6393	e16_ji1_ATCGATGGTGCGGTAA
6394	e16_ji1_ATCGCCTAGAACTGAT
6395	e16_ji1_ATCGCCTAGTTCCTGA
6396	e16_ji1_ATCGCCTCATCCTGTC
6397	e16_ji1_ATCGCCTGTAGTCTGT
6398	e16_ji1_ATCGGATAGCCGGAAT
6399	e16_ji1_ATCGGATTCGTACACA
6400	e16_ji1_ATCGGATTCTTACGGA
6401	e16_ji1_ATCGGCGAGAATCGTA
6402	e16_ji1_ATCGGCGAGCATATGA
6403	e16_ji1_ATCGGCGAGCTGCGAA
6404	e16_ji1_ATCGGCGAGGTGATCG
6405	e16_ji1_ATCGGCGCACTACACA
6406	e16_ji1_ATCGGCGCATTCTCCG
6407	e16_ji1_ATCGGCGTCAAACTGC
6408	e16_ji1_ATCGGCGTCCTTTAGT
6409	e16_ji1_ATCGTAGCAGCAGTCC
6410	e16_ji1_ATCGTAGCATTGGCAT
6411	e16_ji1_ATCGTAGGTACGAAAT
6412	e16_ji1_ATCGTAGGTGACGTCC
6413	e16_ji1_ATCGTAGGTGGAACCA
6414	e16_ji1_ATCGTAGTCCGTTTCG
6415	e16_ji1_ATCGTCCAGCACCCAC
6416	e16_ji1_ATCGTCCAGCACCTGC
6417	e16_ji1_ATCGTCCAGTAGTGCG
6418	e16_ji1_ATCGTCCAGTCAGGGT
6419	e16_ji1_ATCGTCCCACACCTGG
6420	e16_ji1_ATCGTCCCACCGGAAA
6421	e16_ji1_ATCGTCCCAGGTGAGT
6422	e16_ji1_ATCGTCCGTTAAACAG
6423	e16_ji1_ATCGTCCTCCTGTTGC
6424	e16_ji1_ATCGTCCTCTACGGGC
6425	e16_ji1_ATCGTCCTCTGATGGT
6426	e16_ji1_ATCGTGACAATACAGA
6427	e16_ji1_ATCGTGACAGGCGAAT
6428	e16_ji1_ATCGTGAGTCGTTATG
6429	e16_ji1_ATCGTGAGTCTTGAGT
6430	e16_ji1_ATCGTGATCAATCGGT
6431	e16_ji1_ATCGTGATCGTAGGGA
6432	e16_ji1_ATCGTGATCTTAGCCC
6433	e16_ji1_ATCTCTAAGCTAAACA
6434	e16_ji1_ATCTCTATCGACCTAA
6435	e16_ji1_ATCTTCAAGACTAGAT
6436	e16_ji1_ATCTTCAAGATAGTCA
6437	e16_ji1_ATCTTCAAGCGCATCC
6438	e16_ji1_ATCTTCACAAGTGACG
6439	e16_ji1_ATCTTCACACGCAGTC
6440	e16_ji1_ATCTTCACAGCGTTGC
6441	e16_ji1_ATCTTCAGTATGGTTC
6442	e16_ji1_ATCTTCAGTCACGTGC
6443	e16_ji1_ATCTTCAGTGCCCTTT
6444	e16_ji1_ATCTTCATCACCATAG
6445	e16_ji1_ATCTTCATCACGTAGT
6446	e16_ji1_ATCTTCATCACTTCTA
6447	e16_ji1_ATCTTCATCATCCTAT
6448	e16_ji1_ATCTTCATCCCTTGGT
6449	e16_ji1_ATCTTCATCTGACAGT
6450	e16_ji1_ATGAAAGAGTGCACCC
6451	e16_ji1_ATGAAAGCAATTTCTC
6452	e16_ji1_ATGAAAGCACAAGTTC
6453	e16_ji1_ATGAAAGCATTGTGCA
6454	e16_ji1_ATGAAAGGTAGATCCT
6455	e16_ji1_ATGAAAGGTATCAGGG
6456	e16_ji1_ATGAAAGGTGGTCTCG
6457	e16_ji1_ATGACCAAGATACAGT
6458	e16_ji1_ATGACCAAGCACTAAA
6459	e16_ji1_ATGACCAAGGCATTTC
6460	e16_ji1_ATGACCAAGGGTGAAA
6461	e16_ji1_ATGACCAAGTCGCCCA
6462	e16_ji1_ATGACCAAGTTGGCTT
6463	e16_ji1_ATGACCACAATGACCT
6464	e16_ji1_ATGACCACAGCATGCC
6465	e16_ji1_ATGACCATCCACTTTA
6466	e16_ji1_ATGACCATCCCGAGGT
6467	e16_ji1_ATGACCATCCCTATTA
6468	e16_ji1_ATGACCATCCTGTTAT
6469	e16_ji1_ATGACCATCTGAGAAA
6470	e16_ji1_ATGAGGGAGGGCCTCT
6471	e16_ji1_ATGAGGGCAACCGATT
6472	e16_ji1_ATGAGGGCACGGCACT
6473	e16_ji1_ATGAGGGTCACAGTGT
6474	e16_ji1_ATGAGTCAGCGTTCAT
6475	e16_ji1_ATGAGTCAGTTTCTTC
6476	e16_ji1_ATGAGTCCAGGGAATC
6477	e16_ji1_ATGAGTCCATTGTAGC
6478	e16_ji1_ATGAGTCGTGCTTATG
6479	e16_ji1_ATGAGTCTCGCGGTAC
6480	e16_ji1_ATGATCGAGAAACCCG
6481	e16_ji1_ATGATCGAGACATCCT
6482	e16_ji1_ATGATCGAGACGTCGA
6483	e16_ji1_ATGATCGAGGTGTGAC
6484	e16_ji1_ATGATCGAGTTGGCTT
6485	e16_ji1_ATGATCGCATGCAGCC
6486	e16_ji1_ATGATCGGTCGCACAC
6487	e16_ji1_ATGATCGTCTGAATCG
6488	e16_ji1_ATGCATGAGGATACGC
6489	e16_ji1_ATGCATGAGGGAGGCA
6490	e16_ji1_ATGCATGCAACCAATC
6491	e16_ji1_ATGCATGCAACGATCT
6492	e16_ji1_ATGCATGCAAGTTCCA
6493	e16_ji1_ATGCATGCACAAGCTT
6494	e16_ji1_ATGCATGTCCCACAGG
6495	e16_ji1_ATGCATGTCCGGTAGC
6496	e16_ji1_ATGCATGTCTCTCCGA
6497	e16_ji1_ATGCCTCAGAGGATCC
6498	e16_ji1_ATGCCTCAGCAACAGC
6499	e16_ji1_ATGCCTCAGCGTACAG
6500	e16_ji1_ATGCCTCCAGCTGTGC
6501	e16_ji1_ATGCCTCCATCAGCAT
6502	e16_ji1_ATGCCTCCATGCGTGC
6503	e16_ji1_ATGCCTCGTCTGATAC
6504	e16_ji1_ATGCCTCGTTCGGTCG
6505	e16_ji1_ATGCCTCTCACCTTGC
6506	e16_ji1_ATGCCTCTCAGTCTTT
6507	e16_ji1_ATGCCTCTCTGGTGCG
6508	e16_ji1_ATGCCTCTCTTCGATT
6509	e16_ji1_ATGCGATAGCGTATAA
6510	e16_ji1_ATGCGATCAAACACGG
6511	e16_ji1_ATGCGATCAACACACT
6512	e16_ji1_ATGCGATCAACACGTT
6513	e16_ji1_ATGCGATGTACACTCA
6514	e16_ji1_ATGCGATGTATCGTAC
6515	e16_ji1_ATGCGATTCACTGAAC
6516	e16_ji1_ATGCGATTCCTGATAG
6517	e16_ji1_ATGGAGGAGAGCATTA
6518	e16_ji1_ATGGAGGAGTGGTGGT
6519	e16_ji1_ATGGAGGGTTACACTG
6520	e16_ji1_ATGGAGGGTTGCCAAT
6521	e16_ji1_ATGGATCAGACGACTG
6522	e16_ji1_ATGGATCAGCCTAGGA
6523	e16_ji1_ATGGATCCACACCTTC
6524	e16_ji1_ATGGATCCAGAAATCA
6525	e16_ji1_ATGGATCCAGTCAGTT
6526	e16_ji1_ATGGATCGTAACTGCT
6527	e16_ji1_ATGGATCGTCCAATCA
6528	e16_ji1_ATGGATCGTTCCACAA
6529	e16_ji1_ATGGATCTCTGTCCGT
6530	e16_ji1_ATGGGAGCAAATTAGG
6531	e16_ji1_ATGGGAGCACACGTGC
6532	e16_ji1_ATGGGAGGTGCCCACA
6533	e16_ji1_ATGGGAGGTTGCACGC
6534	e16_ji1_ATGGGTTAGAGAAGGT
6535	e16_ji1_ATGGGTTAGGAACGTC
6536	e16_ji1_ATGGGTTCAGCCCACA
6537	e16_ji1_ATGGGTTCAGGCGAAT
6538	e16_ji1_ATGGGTTCAGGTCAGA
6539	e16_ji1_ATGGGTTCAGGTCCCA
6540	e16_ji1_ATGGGTTGTCCACAGC
6541	e16_ji1_ATGGGTTGTCGTAATC
6542	e16_ji1_ATGGGTTGTCTAACTG
6543	e16_ji1_ATGGGTTGTTGGGACA
6544	e16_ji1_ATGGGTTTCCTCGCAT
6545	e16_ji1_ATGGTTGAGATACTGA
6546	e16_ji1_ATGGTTGCAAATCAAG
6547	e16_ji1_ATGGTTGGTCACTTAG
6548	e16_ji1_ATGGTTGTCAAATGCC
6549	e16_ji1_ATGGTTGTCACAATGC
6550	e16_ji1_ATGGTTGTCGTCTCAC
6551	e16_ji1_ATGGTTGTCTGACGCG
6552	e16_ji1_ATGTCCCCAACCACAT
6553	e16_ji1_ATGTCCCCAGTGACCC
6554	e16_ji1_ATGTCCCGTACAAAGT
6555	e16_ji1_ATGTCCCGTGAGTTTC
6556	e16_ji1_ATGTCCCGTTCTTGCC
6557	e16_ji1_ATGTCCCTCATGAGGG
6558	e16_ji1_ATGTCTTAGAGGATCC
6559	e16_ji1_ATGTCTTCAAGAGTTA
6560	e16_ji1_ATGTCTTCAAGATCCT
6561	e16_ji1_ATGTCTTCAAGGTCGA
6562	e16_ji1_ATGTCTTCAATTCGTG
6563	e16_ji1_ATGTCTTGTACATTGC
6564	e16_ji1_ATGTCTTGTCATCTAG
6565	e16_ji1_ATGTCTTGTTCGGCGT
6566	e16_ji1_ATGTCTTTCATTCCTA
6567	e16_ji1_ATGTCTTTCGCAGTGC
6568	e16_ji1_ATGTCTTTCGGCCCAA
6569	e16_ji1_ATTACCTAGGTCGAGT
6570	e16_ji1_ATTACCTCAAATGGTA
6571	e16_ji1_ATTACCTCAAGCCATT
6572	e16_ji1_ATTACCTGTCTCACAA
6573	e16_ji1_ATTACCTTCACCTCGT
6574	e16_ji1_ATTACCTTCCCATTTA
6575	e16_ji1_ATTACCTTCCTACGAA
6576	e16_ji1_ATTACCTTCCTAGCTC
6577	e16_ji1_ATTACCTTCGCCAACG
6578	e16_ji1_ATTACCTTCTAAACGC
6579	e16_ji1_ATTACCTTCTACTCAT
6580	e16_ji1_ATTACTCAGACTTGTC
6581	e16_ji1_ATTACTCAGTGAATAC
6582	e16_ji1_ATTACTCAGTTGCCTA
6583	e16_ji1_ATTACTCCAAGAATAC
6584	e16_ji1_ATTACTCCAGCACCCA
6585	e16_ji1_ATTACTCCAGGTCTCG
6586	e16_ji1_ATTACTCCATGTTTGG
6587	e16_ji1_ATTACTCGTCACCGAC
6588	e16_ji1_ATTACTCGTCATCCCT
6589	e16_ji1_ATTACTCGTGCATTAC
6590	e16_ji1_ATTACTCGTGGCGTAA
6591	e16_ji1_ATTACTCTCCCGGTAG
6592	e16_ji1_ATTACTCTCTTTGGAG
6593	e16_ji1_ATTATCCAGGGCGAAG
6594	e16_ji1_ATTATCCCAACCGGAA
6595	e16_ji1_ATTATCCCAATTTCGG
6596	e16_ji1_ATTATCCCATGTGACT
6597	e16_ji1_ATTATCCGTGGTCCGT
6598	e16_ji1_ATTATCCGTTCTCACC
6599	e16_ji1_ATTATCCTCACTAGCA
6600	e16_ji1_ATTCACTAGAATTGTG
6601	e16_ji1_ATTCACTAGACCAACG
6602	e16_ji1_ATTCACTAGCCTCGTG
6603	e16_ji1_ATTCACTAGGACTAAT
6604	e16_ji1_ATTCACTCAAAGGGTC
6605	e16_ji1_ATTCACTCAAGAAATC
6606	e16_ji1_ATTCACTCACACCTAA
6607	e16_ji1_ATTCACTCAGCCCAGT
6608	e16_ji1_ATTCACTCATCGTTCC
6609	e16_ji1_ATTCACTTCATACGGT
6610	e16_ji1_ATTCACTTCTTAGGAC
6611	e16_ji1_ATTCAGGAGACGACTG
6612	e16_ji1_ATTCAGGAGCAAACAT
6613	e16_ji1_ATTCAGGAGTTGCCTA
6614	e16_ji1_ATTCAGGCATACAGAA
6615	e16_ji1_ATTCAGGGTACCGGCT
6616	e16_ji1_ATTCAGGGTTTACTTC
6617	e16_ji1_ATTCAGGTCACTGGTA
6618	e16_ji1_ATTCAGGTCCTGCTAC
6619	e16_ji1_ATTCATCAGCATGCAG
6620	e16_ji1_ATTCATCAGCTCCCTT
6621	e16_ji1_ATTCATCCAAGAGGTC
6622	e16_ji1_ATTCATCGTACGGATG
6623	e16_ji1_ATTCATCGTACGTAGG
6624	e16_ji1_ATTCATCGTGCCTATA
6625	e16_ji1_ATTCATCGTTCTCGTC
6626	e16_ji1_ATTCATCTCCAGCCTT
6627	e16_ji1_ATTCATCTCCGTAGTA
6628	e16_ji1_ATTCATCTCTAGCATG
6629	e16_ji1_ATTCCATCAACTTGCA
6630	e16_ji1_ATTCCATCAGGTTCAT
6631	e16_ji1_ATTCCATGTAAGCTCT
6632	e16_ji1_ATTCCATGTGATACCT
6633	e16_ji1_ATTCCATTCCCATACC
6634	e16_ji1_ATTCCATTCCTATTGT
6635	e16_ji1_ATTCCATTCGCTTAAG
6636	e16_ji1_ATTCCATTCTTGATTC
6637	e16_ji1_ATTCCCGAGCGAACTG
6638	e16_ji1_ATTCCCGAGTTGTAGA
6639	e16_ji1_ATTCCCGGTCTCAGAT
6640	e16_ji1_ATTCCCGGTGATAGTA
6641	e16_ji1_ATTCCCGTCCATTCGC
6642	e16_ji1_ATTCCCGTCCTCGCAT
6643	e16_ji1_ATTCCCGTCTCGCTTG
6644	e16_ji1_ATTCCTAAGGCCCGTT
6645	e16_ji1_ATTCCTAAGGCTCACC
6646	e16_ji1_ATTCCTACAACGATCT
6647	e16_ji1_ATTCCTACACGAAAGC
6648	e16_ji1_ATTCCTACAGAGATTA
6649	e16_ji1_ATTCGTTCACCGTGAC
6650	e16_ji1_ATTCGTTCACGGAAGT
6651	e16_ji1_ATTCGTTCAGACAAAT
6652	e16_ji1_ATTCGTTGTCCACATA
6653	e16_ji1_ATTCGTTGTTCGGACC
6654	e16_ji1_ATTCGTTTCCTCTCTT
6655	e16_ji1_ATTCTACAGTATTCCG
6656	e16_ji1_ATTCTACCAAGAGCTG
6657	e16_ji1_ATTCTACCACACGCCA
6658	e16_ji1_ATTCTACCACGACTAT
6659	e16_ji1_ATTCTACTCGCCGAAC
6660	e16_ji1_ATTCTACTCTGGGCAC
6661	e16_ji1_ATTCTTGAGATGACAT
6662	e16_ji1_ATTCTTGAGCCTGAAG
6663	e16_ji1_ATTCTTGCAACCTAAC
6664	e16_ji1_ATTCTTGCACCGGTCA
6665	e16_ji1_ATTCTTGTCATCACAG
6666	e16_ji1_ATTCTTGTCCTGGCTT
6667	e16_ji1_ATTCTTGTCGCTATTT
6668	e16_ji1_ATTCTTGTCTTTCCAA
6669	e16_ji1_ATTGGGTAGTCCCTAA
6670	e16_ji1_ATTGGGTCAAGCTGCC
6671	e16_ji1_ATTGGGTCATGTCAGT
6672	e16_ji1_ATTGGGTGTAGGATAT
6673	e16_ji1_ATTGGGTTCAAGCCAT
6674	e16_ji1_ATTGGGTTCATTCCTA
6675	e16_ji1_ATTGGGTTCGTAATGC
6676	e16_ji1_ATTGGGTTCTGCTAGA
6677	e16_ji1_ATTGTTCAGCCTCATA
6678	e16_ji1_ATTGTTCCAGTCAGTT
6679	e16_ji1_ATTGTTCCATAACGGG
6680	e16_ji1_ATTGTTCCATACAGAA
6681	e16_ji1_ATTGTTCCATCCGTTC
6682	e16_ji1_ATTGTTCGTCGCGGTT
6683	e16_ji1_ATTGTTCGTTCCGCTT
6684	e16_ji1_ATTGTTCTCACTTCTA
6685	e16_ji1_ATTGTTCTCCACGTGG
6686	e16_ji1_ATTGTTCTCCGTGACG
6687	e16_ji1_ATTTACCAGAACCCGA
6688	e16_ji1_ATTTACCAGAACCGCA
6689	e16_ji1_ATTTACCAGACCAGCA
6690	e16_ji1_ATTTACCAGCAAATGT
6691	e16_ji1_ATTTACCAGGGTTTCT
6692	e16_ji1_ATTTACCCAAGCTCTA
6693	e16_ji1_ATTTACCGTACGGTTT
6694	e16_ji1_ATTTACCGTCCAGAAG
6695	e16_ji1_ATTTACCGTCCGACGT
6696	e16_ji1_ATTTACCTCGACGCTG
6697	e16_ji1_ATTTCACAGGTTCTAC
6698	e16_ji1_ATTTCACCAACTCCCT
6699	e16_ji1_ATTTCACCATGTTCGA
6700	e16_ji1_ATTTCACGTACTCAAC
6701	e16_ji1_ATTTCACGTCATTCCC
6702	e16_ji1_ATTTCACGTTGTTGAC
6703	e16_ji1_ATTTCACTCAACACGT
6704	e16_ji1_ATTTCACTCGCAACAT
6705	e16_ji1_ATTTCACTCTTCTAAC
6706	e16_ji1_ATTTCTGAGGCTTCCG
6707	e16_ji1_ATTTCTGCAACCCTAA
6708	e16_ji1_ATTTCTGCAAGGGCAT
6709	e16_ji1_ATTTCTGCACGTCTCT
6710	e16_ji1_ATTTCTGCACTTCTCG
6711	e16_ji1_ATTTCTGCATCCTTCG
6712	e16_ji1_ATTTCTGCATGGGCAA
6713	e16_ji1_ATTTCTGGTCTCACAA
6714	e16_ji1_ATTTCTGGTTTCGTGA
6715	e16_ji1_ATTTCTGTCCACGAAT
6716	e16_ji1_ATTTCTGTCGTCTAAG
6717	e16_ji1_ATTTCTGTCTAACGGT
6718	e16_ji1_CAAAGAAAGACGCCCT
6719	e16_ji1_CAAAGAAAGCATCAGG
6720	e16_ji1_CAAAGAAAGCATGTTC
6721	e16_ji1_CAAAGAACACATAACC
6722	e16_ji1_CAAAGAACACGCAGTC
6723	e16_ji1_CAAAGAATCTGGTCAA
6724	e16_ji1_CAACAACAGGCCTAGA
6725	e16_ji1_CAACAACCAAAGGCTG
6726	e16_ji1_CAACAACCAACTCGTA
6727	e16_ji1_CAACAACCAGGCTACC
6728	e16_ji1_CAACAACCAGTCGGAA
6729	e16_ji1_CAACAACGTGTCATTG
6730	e16_ji1_CAACAGTAGCTCTGTA
6731	e16_ji1_CAACAGTAGGCCTAAG
6732	e16_ji1_CAACAGTCACGGTGCT
6733	e16_ji1_CAACAGTCAGACCCGT
6734	e16_ji1_CAACAGTCAGCTTCGG
6735	e16_ji1_CAACAGTGTTCTCAGA
6736	e16_ji1_CAACAGTTCACAGTGT
6737	e16_ji1_CAACAGTTCCCGAAAT
6738	e16_ji1_CAACAGTTCGCATAGT
6739	e16_ji1_CAACCAAAGACATCCT
6740	e16_ji1_CAACCAAAGACTTCAC
6741	e16_ji1_CAACCAAAGGTTCAGG
6742	e16_ji1_CAACCAAAGTCAATCC
6743	e16_ji1_CAACCAACAAGTGGTG
6744	e16_ji1_CAACCAACAGAGTAAT
6745	e16_ji1_CAACCAACAGTGTGCC
6746	e16_ji1_CAACCAACATGTGCCG
6747	e16_ji1_CAACCAACATTGACCA
6748	e16_ji1_CAACCAAGTTTCGGCG
6749	e16_ji1_CAACCAAGTTTGTTCT
6750	e16_ji1_CAACCAATCAGCTAGT
6751	e16_ji1_CAACCAATCCTCTAGC
6752	e16_ji1_CAACCTCAGAATAACC
6753	e16_ji1_CAACCTCAGACCCGCT
6754	e16_ji1_CAACCTCAGAGGTCAC
6755	e16_ji1_CAACCTCAGCCTCGTG
6756	e16_ji1_CAACCTCAGGCATCAG
6757	e16_ji1_CAACCTCAGTTCATCG
6758	e16_ji1_CAACCTCCAACTTCTT
6759	e16_ji1_CAACCTCCACCCTTGT
6760	e16_ji1_CAACCTCCATAGGAGC
6761	e16_ji1_CAACCTCGTACCGTCG
6762	e16_ji1_CAACCTCGTACGTAGG
6763	e16_ji1_CAACCTCGTGGGCTCT
6764	e16_ji1_CAACCTCTCTGGTTGA
6765	e16_ji1_CAACGATAGCTGAAGC
6766	e16_ji1_CAACGATAGTCCCGAC
6767	e16_ji1_CAACGATAGTCGCCAC
6768	e16_ji1_CAACGATAGTCTAGCT
6769	e16_ji1_CAACGATCACGTCTCT
6770	e16_ji1_CAACGATCACTTGTGA
6771	e16_ji1_CAACGATGTATCCCAA
6772	e16_ji1_CAACGATGTGCGAACA
6773	e16_ji1_CAACGATGTTATAGCC
6774	e16_ji1_CAACGATGTTGCGTAT
6775	e16_ji1_CAACGATTCCATCGTC
6776	e16_ji1_CAACGATTCGGTCTAA
6777	e16_ji1_CAACGGCCACATTCGA
6778	e16_ji1_CAACGGCGTATCGTAC
6779	e16_ji1_CAACGGCGTCAAGGCA
6780	e16_ji1_CAACGGCGTGATGGCA
6781	e16_ji1_CAACGGCGTTCAGTAC
6782	e16_ji1_CAACGGCTCTCATGGA
6783	e16_ji1_CAACGGCTCTTACCGC
6784	e16_ji1_CAAGACTAGAGAAGGT
6785	e16_ji1_CAAGACTTCCATTGTT
6786	e16_ji1_CAAGACTTCCCTGTTG
6787	e16_ji1_CAAGACTTCCGCACGA
6788	e16_ji1_CAAGACTTCCTACACC
6789	e16_ji1_CAAGACTTCGTTGCCT
6790	e16_ji1_CAAGACTTCTTCTTCC
6791	e16_ji1_CAAGAGGAGATGAATC
6792	e16_ji1_CAAGAGGCAGGAACCA
6793	e16_ji1_CAAGAGGCATTGTAGC
6794	e16_ji1_CAAGAGGGTTGAGAGC
6795	e16_ji1_CAAGAGGTCACCTGTC
6796	e16_ji1_CAAGAGGTCATCCTAT
6797	e16_ji1_CAAGAGGTCTTTGATC
6798	e16_ji1_CAAGCTACAATCGCAT
6799	e16_ji1_CAAGCTACAGGACGAT
6800	e16_ji1_CAAGCTACATTCCTAT
6801	e16_ji1_CAAGCTAGTTGTAGCT
6802	e16_ji1_CAAGCTATCGAAGTGG
6803	e16_ji1_CAAGGGAAGAGAGAAC
6804	e16_ji1_CAAGGGACAAACAGGC
6805	e16_ji1_CAAGGGAGTAAGATTG
6806	e16_ji1_CAAGGGAGTACCCGAC
6807	e16_ji1_CAAGGGAGTTTGAACC
6808	e16_ji1_CAAGGGATCACTACGA
6809	e16_ji1_CAATACGAGACACACG
6810	e16_ji1_CAATACGAGACAGTCG
6811	e16_ji1_CAATACGAGATTGAGT
6812	e16_ji1_CAATACGCAGGCTACC
6813	e16_ji1_CAATACGGTACTGGGA
6814	e16_ji1_CAATACGGTGAGTAAT
6815	e16_ji1_CAATACGTCATAAGGA
6816	e16_ji1_CAATACGTCTCACCCA
6817	e16_ji1_CAATCGACAGGGAATC
6818	e16_ji1_CAATCGATCCTCGATC
6819	e16_ji1_CAATCGATCGATTGGT
6820	e16_ji1_CAATCGATCTAGTTCT
6821	e16_ji1_CAATGACAGGAGTATT
6822	e16_ji1_CAATGACAGGCGACAT
6823	e16_ji1_CAATGACAGGCTCAAG
6824	e16_ji1_CAATGACGTAGGTAGC
6825	e16_ji1_CAATGACGTAGTATAG
6826	e16_ji1_CAATGACTCAAGGCTT
6827	e16_ji1_CAATGACTCACTTGGA
6828	e16_ji1_CAATGACTCATTATCC
6829	e16_ji1_CAATGACTCGTTCTAT
6830	e16_ji1_CAATGACTCTACGGTA
6831	e16_ji1_CAATTTCAGTATTAGG
6832	e16_ji1_CAATTTCCAAGTTGGG
6833	e16_ji1_CAATTTCCACCTGCGA
6834	e16_ji1_CAATTTCGTACGATTC
6835	e16_ji1_CAATTTCGTGGCGCTT
6836	e16_ji1_CAATTTCTCGCACGGT
6837	e16_ji1_CAATTTCTCTCATAGG
6838	e16_ji1_CAATTTCTCTGATTCT
6839	e16_ji1_CACAACAAGTAAGGGA
6840	e16_ji1_CACAACACAAGTAGTA
6841	e16_ji1_CACAACACATAGAAAC
6842	e16_ji1_CACAACACATTCCTAT
6843	e16_ji1_CACAACAGTCCATCTC
6844	e16_ji1_CACAACAGTCTTGAAC
6845	e16_ji1_CACAACAGTGCTGCAC
6846	e16_ji1_CACAACAGTTCTCGTC
6847	e16_ji1_CACAACAGTTTCGATG
6848	e16_ji1_CACAACATCCTGGGAC
6849	e16_ji1_CACAACATCGATGCTA
6850	e16_ji1_CACAACATCGGCTTGG
6851	e16_ji1_CACAACATCGTCGCTT
6852	e16_ji1_CACACAAAGACCAAAT
6853	e16_ji1_CACACAAAGCATCTTG
6854	e16_ji1_CACACAACACACCGAC
6855	e16_ji1_CACACAACACACCTTC
6856	e16_ji1_CACACAACACTGGAAG
6857	e16_ji1_CACACAACAGCCATTA
6858	e16_ji1_CACACAACATAGAATG
6859	e16_ji1_CACACAAGTTGTGGCC
6860	e16_ji1_CACACAATCATCACTT
6861	e16_ji1_CACACAATCCCTTGGT
6862	e16_ji1_CACACAATCGCTATTT
6863	e16_ji1_CACACAATCTTTCCGG
6864	e16_ji1_CACAGATAGGTAAGTT
6865	e16_ji1_CACAGATCAACCTATG
6866	e16_ji1_CACAGATCACCGCTGA
6867	e16_ji1_CACAGATCAGCAGACA
6868	e16_ji1_CACAGATGTCGGTGAA
6869	e16_ji1_CACAGATGTCTTTCAT
6870	e16_ji1_CACAGATTCAATCGGT
6871	e16_ji1_CACAGATTCATTACCT
6872	e16_ji1_CACAGATTCCGAGGCT
6873	e16_ji1_CACAGATTCGAGAGCA
6874	e16_ji1_CACAGATTCGCATTGA
6875	e16_ji1_CACAGATTCGGATACT
6876	e16_ji1_CACAGATTCTCCAATT
6877	e16_ji1_CACAGGCAGTAGTCAA
6878	e16_ji1_CACAGGCGTAACAGTA
6879	e16_ji1_CACAGGCGTTTAGACC
6880	e16_ji1_CACAGGCTCCCTGGTT
6881	e16_ji1_CACAGGCTCGGCTGAC
6882	e16_ji1_CACAGGCTCTGGGTCG
6883	e16_ji1_CACATGACAGTATGAA
6884	e16_ji1_CACATGACATGGAGAC
6885	e16_ji1_CACATGATCAAGTCGT
6886	e16_ji1_CACATGATCAGGGTAG
6887	e16_ji1_CACATGATCATGAGTC
6888	e16_ji1_CACATGATCCCTCTTT
6889	e16_ji1_CACATGATCCGGACTG
6890	e16_ji1_CACATGATCTTCGTAT
6891	e16_ji1_CACCAAAAGGAAAGTG
6892	e16_ji1_CACCAAAAGGATTTAG
6893	e16_ji1_CACCAAAAGGGTAGCT
6894	e16_ji1_CACCAAAAGGTTGCCC
6895	e16_ji1_CACCAAAAGTACAGCG
6896	e16_ji1_CACCAAACAATATCCG
6897	e16_ji1_CACCAAACACCATAAC
6898	e16_ji1_CACCAAACAGCACAGA
6899	e16_ji1_CACCAAACAGCGTATT
6900	e16_ji1_CACCAAACATATGAAG
6901	e16_ji1_CACCAAACATCGTGGC
6902	e16_ji1_CACCAAACATGACAAA
6903	e16_ji1_CACCAAACATTCACAG
6904	e16_ji1_CACCAAAGTACAGTAA
6905	e16_ji1_CACCAAAGTGCAACGA
6906	e16_ji1_CACCAAAGTGCAGATG
6907	e16_ji1_CACCAAAGTGGTCCCA
6908	e16_ji1_CACCAAATCCGTATGA
6909	e16_ji1_CACCGTTAGGAGACCT
6910	e16_ji1_CACCGTTCAGCGAACA
6911	e16_ji1_CACCGTTCAGGATGAC
6912	e16_ji1_CACCGTTGTCGTCAGC
6913	e16_ji1_CACCGTTGTCTGCAAT
6914	e16_ji1_CACCGTTTCCCAGCGA
6915	e16_ji1_CACGAATCAGCTATAC
6916	e16_ji1_CACGAATCATAATCGC
6917	e16_ji1_CACGAATGTCCACTTC
6918	e16_ji1_CACGGGTAGATGCGAC
6919	e16_ji1_CACGGGTCAAACCGGA
6920	e16_ji1_CACGGGTCATCAGCGC
6921	e16_ji1_CACGGGTGTTGACGGA
6922	e16_ji1_CACGGGTTCCAACTAG
6923	e16_ji1_CACGGGTTCCGCAAAT
6924	e16_ji1_CACGGGTTCGCTGTTC
6925	e16_ji1_CACGTGGAGGGTAGCT
6926	e16_ji1_CACGTGGAGGGTTAGC
6927	e16_ji1_CACGTGGCATTCTTCA
6928	e16_ji1_CACGTGGGTAGAGTTA
6929	e16_ji1_CACGTGGGTCGATTCA
6930	e16_ji1_CACGTTCAGAGCAACC
6931	e16_ji1_CACGTTCAGCGTGCCT
6932	e16_ji1_CACGTTCAGTAGAATC
6933	e16_ji1_CACGTTCCACCCTCTA
6934	e16_ji1_CACGTTCCAGCTGGTC
6935	e16_ji1_CACGTTCCAGGCTATT
6936	e16_ji1_CACGTTCGTAATCAAG
6937	e16_ji1_CACGTTCGTATTGGCT
6938	e16_ji1_CACGTTCTCAAGCGTT
6939	e16_ji1_CACGTTCTCACGGGCT
6940	e16_ji1_CACGTTCTCCCAATAG
6941	e16_ji1_CACGTTCTCCTTCAGC
6942	e16_ji1_CACGTTCTCTAAGCGT
6943	e16_ji1_CACGTTCTCTCCCAAC
6944	e16_ji1_CACGTTCTCTGTCCCA
6945	e16_ji1_CACGTTCTCTTTACAC
6946	e16_ji1_CACTAAGAGGAAAGTG
6947	e16_ji1_CACTAAGAGGATGGCT
6948	e16_ji1_CACTAAGCAACGATCT
6949	e16_ji1_CACTAAGCACTGAGTT
6950	e16_ji1_CACTAAGCAGGCACAA
6951	e16_ji1_CACTAAGGTACTGCGC
6952	e16_ji1_CACTAAGGTGGGTATG
6953	e16_ji1_CACTAAGGTTACCTGA
6954	e16_ji1_CACTAAGTCAAGGACG
6955	e16_ji1_CACTAAGTCATCACAG
6956	e16_ji1_CACTAAGTCCACCTCA
6957	e16_ji1_CACTGAAAGCATATGA
6958	e16_ji1_CACTGAAAGCCAAGGT
6959	e16_ji1_CACTGAAAGTCAGCCC
6960	e16_ji1_CACTGAAAGTTACGGG
6961	e16_ji1_CACTGAACAGCTTTCC
6962	e16_ji1_CACTGAACAGTGTACT
6963	e16_ji1_CACTGAACATGAATAG
6964	e16_ji1_CACTGAAGTAATTGGA
6965	e16_ji1_CACTGAAGTACGTAGG
6966	e16_ji1_CACTGAAGTGAGAGGG
6967	e16_ji1_CACTGAAGTTTAGACC
6968	e16_ji1_CACTGAATCACTAGCA
6969	e16_ji1_CACTGAATCCCGAGAC
6970	e16_ji1_CACTGAATCCGATTAG
6971	e16_ji1_CACTGAATCTCACTCG
6972	e16_ji1_CACTGGGAGACCATTC
6973	e16_ji1_CACTGGGCAAACTCTG
6974	e16_ji1_CACTGGGCACCTGAAT
6975	e16_ji1_CACTGGGCAGGTAGTG
6976	e16_ji1_CACTGGGCATTAAGCC
6977	e16_ji1_CACTGGGTCCACAAGT
6978	e16_ji1_CACTGGGTCTCGCAGG
6979	e16_ji1_CACTGTCAGCCGAACA
6980	e16_ji1_CACTGTCAGGAGTACC
6981	e16_ji1_CACTGTCAGGTTCCAT
6982	e16_ji1_CACTGTCCAATAGTCC
6983	e16_ji1_CACTGTCCACACTTAG
6984	e16_ji1_CACTGTCCACGACTAT
6985	e16_ji1_CACTGTCCACTTGGCG
6986	e16_ji1_CACTGTCCATGTTCAG
6987	e16_ji1_CACTGTCTCGCTGTTC
6988	e16_ji1_CACTGTCTCGTTGTTT
6989	e16_ji1_CACTTCGAGGCTCACC
6990	e16_ji1_CACTTCGAGTGCACCC
6991	e16_ji1_CACTTCGCACTTTATC
6992	e16_ji1_CACTTCGGTAAGCTCT
6993	e16_ji1_CACTTCGGTAGACTGG
6994	e16_ji1_CACTTCGGTATGACAA
6995	e16_ji1_CACTTCGGTGATGAAT
6996	e16_ji1_CACTTCGGTTCTTGCC
6997	e16_ji1_CACTTCGTCCATAAGC
6998	e16_ji1_CAGAGCCAGAGTAACT
6999	e16_ji1_CAGAGCCGTTGCGAAG
7000	e16_ji1_CAGAGCCTCACATCAG
7001	e16_ji1_CAGAGCCTCGAGAAGC
7002	e16_ji1_CAGATACAGATGGTCG
7003	e16_ji1_CAGATACAGGCACTCC
7004	e16_ji1_CAGATACAGTAATACG
7005	e16_ji1_CAGATACCAACGATCT
7006	e16_ji1_CAGATACCAGCCTACG
7007	e16_ji1_CAGATACCATTAGGCT
7008	e16_ji1_CAGATACGTGGGAGAG
7009	e16_ji1_CAGATACTCAATCTTC
7010	e16_ji1_CAGATACTCACCATCC
7011	e16_ji1_CAGATACTCATTACTC
7012	e16_ji1_CAGATACTCTTCCGTG
7013	e16_ji1_CAGATCAAGCAATTAG
7014	e16_ji1_CAGATCAAGCCTGCCA
7015	e16_ji1_CAGATCAAGGTGCATG
7016	e16_ji1_CAGATCACAAACGGCA
7017	e16_ji1_CAGATCACAACCACAT
7018	e16_ji1_CAGATCACAGAGGCAT
7019	e16_ji1_CAGATCACAGCAGTAG
7020	e16_ji1_CAGATCACAGTTGGTT
7021	e16_ji1_CAGATCACATAGGCGA
7022	e16_ji1_CAGATCAGTGTGAGCA
7023	e16_ji1_CAGATCATCATAGGCT
7024	e16_ji1_CAGATCATCCGTATGA
7025	e16_ji1_CAGATCATCGGCCCAA
7026	e16_ji1_CAGATCATCTTACCAT
7027	e16_ji1_CAGATTGAGAGGCCAT
7028	e16_ji1_CAGATTGGTGCGGCTT
7029	e16_ji1_CAGATTGGTGGTATGG
7030	e16_ji1_CAGATTGTCAACACGT
7031	e16_ji1_CAGATTGTCCCAATAG
7032	e16_ji1_CAGATTGTCCGAGGCT
7033	e16_ji1_CAGATTGTCTAGGCCG
7034	e16_ji1_CAGATTGTCTCCAATT
7035	e16_ji1_CAGCAATAGGGTCAAC
7036	e16_ji1_CAGCAATAGTAAGACT
7037	e16_ji1_CAGCAATAGTCTAGCT
7038	e16_ji1_CAGCAATCATCAACCA
7039	e16_ji1_CAGCAATCATCACAGT
7040	e16_ji1_CAGCAATCATCGAAGG
7041	e16_ji1_CAGCAATGTACAAGTA
7042	e16_ji1_CAGCAATGTGCTATTG
7043	e16_ji1_CAGCAATTCAGCACCG
7044	e16_ji1_CAGCAATTCAGTGTCA
7045	e16_ji1_CAGCAATTCCACAAGT
7046	e16_ji1_CAGCAATTCTCATTAC
7047	e16_ji1_CAGCACGCAGCTGCCA
7048	e16_ji1_CAGCACGCATACATCG
7049	e16_ji1_CAGCAGCAGCCATCCG
7050	e16_ji1_CAGCAGCAGCTAAACA
7051	e16_ji1_CAGCAGCAGGCATCAG
7052	e16_ji1_CAGCAGCAGTGCTCAT
7053	e16_ji1_CAGCAGCAGTTGCATC
7054	e16_ji1_CAGCAGCCAAATAGCA
7055	e16_ji1_CAGCAGCCACGCTATA
7056	e16_ji1_CAGCAGCCAGTGTGCC
7057	e16_ji1_CAGCAGCTCACTGTTT
7058	e16_ji1_CAGCAGCTCCATTCGC
7059	e16_ji1_CAGCAGCTCGAGTACT
7060	e16_ji1_CAGCAGCTCGTTGCCT
7061	e16_ji1_CAGCCAGAGGATATGT
7062	e16_ji1_CAGCCAGAGTCGCCCA
7063	e16_ji1_CAGCCAGCAATCGCGC
7064	e16_ji1_CAGCCAGCAGCACGAA
7065	e16_ji1_CAGCCAGCAGGTTCGC
7066	e16_ji1_CAGCCAGCATGTCGTA
7067	e16_ji1_CAGCCAGGTCACAATC
7068	e16_ji1_CAGCCAGGTGCATTTG
7069	e16_ji1_CAGCCAGGTTAGAAAC
7070	e16_ji1_CAGCCAGTCGCACGAC
7071	e16_ji1_CAGCGTGAGCATGCAG
7072	e16_ji1_CAGCGTGAGTGACCTT
7073	e16_ji1_CAGCGTGGTCATCTAG
7074	e16_ji1_CAGCGTGTCATTTGGG
7075	e16_ji1_CAGGCCAAGACGCTCC
7076	e16_ji1_CAGGCCAAGCCAACCC
7077	e16_ji1_CAGGCCAAGCGTGCCT
7078	e16_ji1_CAGGCCAAGTCACTAC
7079	e16_ji1_CAGGCCAGTAGACTGG
7080	e16_ji1_CAGGCCAGTCATGGCC
7081	e16_ji1_CAGGCCAGTGTGAGCA
7082	e16_ji1_CAGGCCATCCATTCAT
7083	e16_ji1_CAGGCCATCCGATCTC
7084	e16_ji1_CAGGCCATCGTGGCTG
7085	e16_ji1_CAGGCCATCTTTGCTA
7086	e16_ji1_CAGGGCTCAAGGGCAT
7087	e16_ji1_CAGGGCTGTCAAGCCC
7088	e16_ji1_CAGGGCTGTCTCAGGC
7089	e16_ji1_CAGGGCTGTTACTCAG
7090	e16_ji1_CAGGGCTGTTTCTATC
7091	e16_ji1_CAGGTATAGCCTTTGA
7092	e16_ji1_CAGGTATAGTAGACCG
7093	e16_ji1_CAGGTATCATAGAAAC
7094	e16_ji1_CAGGTATTCTTCTAAC
7095	e16_ji1_CAGTGCGAGGGTACGT
7096	e16_ji1_CAGTGCGCAAGCAGGT
7097	e16_ji1_CAGTGCGCATCTGCGG
7098	e16_ji1_CAGTGCGGTGTCACAT
7099	e16_ji1_CAGTGCGTCAACCGAT
7100	e16_ji1_CAGTGCGTCCGATAGT
7101	e16_ji1_CAGTGCGTCCGCACGA
7102	e16_ji1_CAGTGCGTCTTGGCTC
7103	e16_ji1_CAGTTAGAGCCTGACC
7104	e16_ji1_CAGTTAGAGCTGTTCA
7105	e16_ji1_CAGTTAGAGGTCACTT
7106	e16_ji1_CAGTTAGCACACACTA
7107	e16_ji1_CAGTTAGCATGGCACC
7108	e16_ji1_CAGTTAGCATTCTCCG
7109	e16_ji1_CAGTTAGGTGTTGACT
7110	e16_ji1_CAGTTAGGTTAACAGA
7111	e16_ji1_CAGTTAGTCACCTCGT
7112	e16_ji1_CAGTTAGTCCTCGATC
7113	e16_ji1_CAGTTAGTCGAGTCCG
7114	e16_ji1_CAGTTCCAGACGGATC
7115	e16_ji1_CAGTTCCAGCCATGCC
7116	e16_ji1_CAGTTCCCAGCAGACA
7117	e16_ji1_CAGTTCCGTGCATGAG
7118	e16_ji1_CAGTTCCGTTAGGACG
7119	e16_ji1_CAGTTCCTCCTACCAC
7120	e16_ji1_CAGTTCCTCCTTACCG
7121	e16_ji1_CAGTTCCTCGCTTACC
7122	e16_ji1_CATAAGCAGACGCCCT
7123	e16_ji1_CATAAGCCAGAAGTGC
7124	e16_ji1_CATAAGCCATGCACTA
7125	e16_ji1_CATAAGCTCAACTGAC
7126	e16_ji1_CATAAGCTCACTTGGA
7127	e16_ji1_CATAAGCTCATTCGTT
7128	e16_ji1_CATAAGCTCCTACTGC
7129	e16_ji1_CATACAGAGACCGCCT
7130	e16_ji1_CATACAGAGGTATCTC
7131	e16_ji1_CATACAGAGTAAACAC
7132	e16_ji1_CATACAGCAATACGAA
7133	e16_ji1_CATACAGCACGGGCTT
7134	e16_ji1_CATACAGCACTACGGC
7135	e16_ji1_CATACAGGTTCGAAGG
7136	e16_ji1_CATACAGTCCACCTGT
7137	e16_ji1_CATACAGTCGAGCTGC
7138	e16_ji1_CATACCCAGCACTAGG
7139	e16_ji1_CATACCCAGTCTCGTA
7140	e16_ji1_CATACCCAGTGCCGAA
7141	e16_ji1_CATACCCCAACCGGAA
7142	e16_ji1_CATACCCCACGCGCTA
7143	e16_ji1_CATACCCCAGAGGCAT
7144	e16_ji1_CATACCCCAGAGTTCT
7145	e16_ji1_CATACCCCAGTCTGGC
7146	e16_ji1_CATACCCCATGATGCT
7147	e16_ji1_CATACCCGTAGAGACC
7148	e16_ji1_CATACCCGTCAATCTG
7149	e16_ji1_CATACCCTCAATCGGT
7150	e16_ji1_CATACCCTCCCTAGGG
7151	e16_ji1_CATACCCTCCGAAGGA
7152	e16_ji1_CATACCCTCGGTCTAA
7153	e16_ji1_CATACCCTCTCTATAC
7154	e16_ji1_CATACTTAGCGTATGG
7155	e16_ji1_CATACTTAGCTGGCCT
7156	e16_ji1_CATACTTCAACAGCTT
7157	e16_ji1_CATACTTGTCCGACGT
7158	e16_ji1_CATACTTGTGTCTAAC
7159	e16_ji1_CATACTTTCATCTATC
7160	e16_ji1_CATACTTTCCCATTTA
7161	e16_ji1_CATACTTTCTGGCTGG
7162	e16_ji1_CATAGACAGATCCCAT
7163	e16_ji1_CATAGACAGCATCAAA
7164	e16_ji1_CATAGACAGGTAGACC
7165	e16_ji1_CATAGACCAAGTTCGT
7166	e16_ji1_CATAGACCAGACATCT
7167	e16_ji1_CATAGACGTACCTATG
7168	e16_ji1_CATAGACGTCTCTCCA
7169	e16_ji1_CATAGACGTTGGTACT
7170	e16_ji1_CATAGACTCAGCTGTA
7171	e16_ji1_CATAGACTCCACCTGT
7172	e16_ji1_CATAGACTCGCCAGAC
7173	e16_ji1_CATCAAGAGAGAATCT
7174	e16_ji1_CATCAAGCAATCGCGC
7175	e16_ji1_CATCAAGCACATTCGA
7176	e16_ji1_CATCAAGCAGCACACC
7177	e16_ji1_CATCAAGGTAACACCT
7178	e16_ji1_CATCAAGGTTCCGTTC
7179	e16_ji1_CATCAAGTCCATCGTC
7180	e16_ji1_CATCAAGTCCGTGACG
7181	e16_ji1_CATCAAGTCGGTCGAC
7182	e16_ji1_CATCAAGTCTCCTGTG
7183	e16_ji1_CATCCACAGGCGCTCT
7184	e16_ji1_CATCCACAGGGTCTTT
7185	e16_ji1_CATCCACCAGCACACC
7186	e16_ji1_CATCCACCAGGTTACT
7187	e16_ji1_CATCCACGTCCTGTCT
7188	e16_ji1_CATCCACGTTGCATGT
7189	e16_ji1_CATCCACTCCGTAGGC
7190	e16_ji1_CATCCACTCGAGCCTG
7191	e16_ji1_CATCCCAAGCAGATAT
7192	e16_ji1_CATCCCAAGTAAGAGG
7193	e16_ji1_CATCCCACAAGATCCT
7194	e16_ji1_CATCCCACACGACGTC
7195	e16_ji1_CATCCCACATACTTTC
7196	e16_ji1_CATCCCAGTGAATTGA
7197	e16_ji1_CATCCCAGTGGGCTCT
7198	e16_ji1_CATCCCAGTGTACGCC
7199	e16_ji1_CATCCCATCATTTCCA
7200	e16_ji1_CATCCGTCACGCCAGT
7201	e16_ji1_CATCCGTCAGTAACCT
7202	e16_ji1_CATCCGTGTTGCAAGG
7203	e16_ji1_CATCCGTTCCACTGAA
7204	e16_ji1_CATCCGTTCGTACACA
7205	e16_ji1_CATCCGTTCTACCACC
7206	e16_ji1_CATCCGTTCTCGGTAA
7207	e16_ji1_CATCGCTAGAGTTGAT
7208	e16_ji1_CATCGCTAGGCTTAAA
7209	e16_ji1_CATCGCTAGGTAAACT
7210	e16_ji1_CATCGCTCACCTGAAT
7211	e16_ji1_CATCGCTCATCAGTGT
7212	e16_ji1_CATCGCTGTACAAAGT
7213	e16_ji1_CATCGCTGTGAATTAG
7214	e16_ji1_CATCGCTTCAAGTTGC
7215	e16_ji1_CATCGCTTCTCTCCGA
7216	e16_ji1_CATCGGGAGACAGTCG
7217	e16_ji1_CATCGGGAGACGCATG
7218	e16_ji1_CATCGGGAGCTTGTTG
7219	e16_ji1_CATCGGGCAACGGGTA
7220	e16_ji1_CATCGGGCACTCTGCT
7221	e16_ji1_CATCGGGGTGGTATGG
7222	e16_ji1_CATCGTCAGTCGTCTA
7223	e16_ji1_CATCGTCCACACCTGG
7224	e16_ji1_CATCGTCCACAGACGA
7225	e16_ji1_CATCGTCCACGGTAGA
7226	e16_ji1_CATCGTCCAGCGACCT
7227	e16_ji1_CATCGTCCATAGGTTC
7228	e16_ji1_CATCGTCTCGACATTG
7229	e16_ji1_CATGAGTAGACCAGCA
7230	e16_ji1_CATGAGTAGGGAACAA
7231	e16_ji1_CATGAGTCAGCAGATG
7232	e16_ji1_CATGAGTCAGCATCTA
7233	e16_ji1_CATGAGTCAGCGGTCT
7234	e16_ji1_CATGAGTCATACACCA
7235	e16_ji1_CATGAGTGTCCAAGAG
7236	e16_ji1_CATGAGTGTTGCCTAA
7237	e16_ji1_CATGAGTTCCCTCATG
7238	e16_ji1_CATGCAACAAGACAAT
7239	e16_ji1_CATGCAACATTGGATC
7240	e16_ji1_CATGCAAGTACCCACG
7241	e16_ji1_CATGCAAGTACGAGTG
7242	e16_ji1_CATGCAAGTGCCAAGA
7243	e16_ji1_CATGCAAGTGGGCTCT
7244	e16_ji1_CATGCAATCACCATGA
7245	e16_ji1_CATGCAATCGTGGCTG
7246	e16_ji1_CATGCCTAGGCTGAAC
7247	e16_ji1_CATGCCTAGGGTGGGA
7248	e16_ji1_CATGCCTCAACCGCCA
7249	e16_ji1_CATGCCTCAATCGTCA
7250	e16_ji1_CATGCCTCATCGCTCT
7251	e16_ji1_CATGCCTTCACTCTTA
7252	e16_ji1_CATGCCTTCAGCCCAG
7253	e16_ji1_CATGCCTTCCGAGTGC
7254	e16_ji1_CATGCGGAGATACAGT
7255	e16_ji1_CATGCGGAGGCCCACT
7256	e16_ji1_CATGCGGAGGTAGGCT
7257	e16_ji1_CATGCGGCATGTCTAG
7258	e16_ji1_CATGCGGGTAGTTCCA
7259	e16_ji1_CATGCGGGTCGCGTCA
7260	e16_ji1_CATGCGGGTGCAACAG
7261	e16_ji1_CATGCGGGTTGCGGAA
7262	e16_ji1_CATGCGGTCCACGTGG
7263	e16_ji1_CATGCTCAGACCATAA
7264	e16_ji1_CATGCTCAGATAGCAT
7265	e16_ji1_CATGCTCAGCATCCCG
7266	e16_ji1_CATGCTCCAGGACAGT
7267	e16_ji1_CATGCTCCAGGCTACC
7268	e16_ji1_CATGCTCCATGGGTTT
7269	e16_ji1_CATGCTCGTCAGTTTG
7270	e16_ji1_CATGCTCGTCGGTACC
7271	e16_ji1_CATGCTCGTGGTACAG
7272	e16_ji1_CATGCTCGTTAGGCCC
7273	e16_ji1_CATGCTCGTTGGCTAT
7274	e16_ji1_CATGCTCTCCGATGCG
7275	e16_ji1_CATGGATAGCGTGCCT
7276	e16_ji1_CATGGATAGTCGTTAC
7277	e16_ji1_CATGGATCAATCGTCA
7278	e16_ji1_CATGGATCAGCGTACC
7279	e16_ji1_CATGGATCATCATCTT
7280	e16_ji1_CATGGATCATCCGGTG
7281	e16_ji1_CATGGATGTCATAACC
7282	e16_ji1_CATGGATTCACAGTGT
7283	e16_ji1_CATGGATTCGCAGTGC
7284	e16_ji1_CATGGATTCTGGACCG
7285	e16_ji1_CATGGTAAGCTAAATG
7286	e16_ji1_CATGGTACACAGTCGC
7287	e16_ji1_CATGGTACACCCAAGC
7288	e16_ji1_CATGGTACACGTAACT
7289	e16_ji1_CATGGTACATCAGTGT
7290	e16_ji1_CATGGTACATTGAAGA
7291	e16_ji1_CATGGTAGTACGTACT
7292	e16_ji1_CATGGTAGTATTGGCT
7293	e16_ji1_CATGGTAGTCCTGTTC
7294	e16_ji1_CATGGTAGTCTAGGTT
7295	e16_ji1_CATGGTAGTGGCCTCA
7296	e16_ji1_CATGGTAGTGTGGACA
7297	e16_ji1_CATGGTATCCACTTCG
7298	e16_ji1_CATGGTATCCGATCTC
7299	e16_ji1_CATGGTATCTACACTT
7300	e16_ji1_CATGGTATCTCGTGAA
7301	e16_ji1_CATGGTATCTCTGCTG
7302	e16_ji1_CATTCATAGGCCCACT
7303	e16_ji1_CATTCATAGGCTCTAT
7304	e16_ji1_CATTCATCAGTGGTGA
7305	e16_ji1_CATTCATGTACGATCT
7306	e16_ji1_CATTCATGTAGAGCTG
7307	e16_ji1_CATTCATTCCGGCAAC
7308	e16_ji1_CATTCATTCGTGGCGT
7309	e16_ji1_CATTCATTCTCCCATG
7310	e16_ji1_CATTCATTCTTTCTAG
7311	e16_ji1_CATTCCGAGAGTCAAT
7312	e16_ji1_CATTCCGCACGGCCAT
7313	e16_ji1_CATTCCGCACTTGGGC
7314	e16_ji1_CATTCCGCAGAATGTA
7315	e16_ji1_CATTCCGCAGCTACTA
7316	e16_ji1_CATTCCGCAGTCTGGC
7317	e16_ji1_CATTCCGGTAACACCT
7318	e16_ji1_CATTCCGGTCATTCCC
7319	e16_ji1_CATTCCGTCACTGGGC
7320	e16_ji1_CATTCCGTCAGCTAGT
7321	e16_ji1_CATTCCGTCGGAGTGA
7322	e16_ji1_CATTCTAAGTTGAAAC
7323	e16_ji1_CATTCTACACGCTGTG
7324	e16_ji1_CATTCTACAGATCATC
7325	e16_ji1_CATTCTACATAGGAGC
7326	e16_ji1_CATTCTAGTCTGATCA
7327	e16_ji1_CATTCTAGTGATCGTT
7328	e16_ji1_CATTCTAGTGTAGTGG
7329	e16_ji1_CATTCTATCCACCCTA
7330	e16_ji1_CATTCTATCGAAGGAC
7331	e16_ji1_CATTCTATCTACCAGA
7332	e16_ji1_CATTCTATCTCTCCGA
7333	e16_ji1_CATTGAGAGAAATTGC
7334	e16_ji1_CATTGAGCAAAGCTAA
7335	e16_ji1_CATTGAGCACGCGGTT
7336	e16_ji1_CATTGAGGTCACAGAG
7337	e16_ji1_CATTGAGGTGAGCTCC
7338	e16_ji1_CATTGAGGTTCCACAA
7339	e16_ji1_CATTGAGTCCATTCAT
7340	e16_ji1_CATTGAGTCCCTCTCC
7341	e16_ji1_CATTGAGTCCTCTGCA
7342	e16_ji1_CATTGCCAGCTTCTAG
7343	e16_ji1_CATTGCCAGGTCCGAA
7344	e16_ji1_CATTGCCCAAGCACCC
7345	e16_ji1_CATTGCCCAATAAGGT
7346	e16_ji1_CATTGCCCATCAGCTA
7347	e16_ji1_CATTGCCCATGACGAG
7348	e16_ji1_CATTGCCCATGACTGT
7349	e16_ji1_CATTGCCGTAACAAGT
7350	e16_ji1_CATTGCCTCCATTCGC
7351	e16_ji1_CATTGCCTCCCTTTGG
7352	e16_ji1_CATTGCCTCGGTCTGG
7353	e16_ji1_CATTGCCTCTTAGCCC
7354	e16_ji1_CATTGCCTCTTCCCAG
7355	e16_ji1_CATTGTTCAGACAAGC
7356	e16_ji1_CATTGTTCATTCTGTT
7357	e16_ji1_CATTGTTGTGGTATGG
7358	e16_ji1_CATTGTTTCAGGTGTT
7359	e16_ji1_CATTGTTTCGCGGTAC
7360	e16_ji1_CATTGTTTCTGGTGGC
7361	e16_ji1_CATTTCACAGCTACTA
7362	e16_ji1_CATTTCACATACTGAC
7363	e16_ji1_CATTTCACATTACGGT
7364	e16_ji1_CATTTCAGTAAGCAAT
7365	e16_ji1_CATTTCAGTACCACGC
7366	e16_ji1_CATTTCATCATCACCC
7367	e16_ji1_CATTTCATCTGAGAAA
7368	e16_ji1_CCAAGCGAGACGGTCA
7369	e16_ji1_CCAAGCGAGTGGTGGT
7370	e16_ji1_CCAAGCGCACAGCTTA
7371	e16_ji1_CCAAGCGCAGTATGAA
7372	e16_ji1_CCAAGCGGTCATCTAG
7373	e16_ji1_CCAAGCGGTCGCTCGA
7374	e16_ji1_CCAAGCGGTCGTAATC
7375	e16_ji1_CCAAGCGTCGCACGAC
7376	e16_ji1_CCAATGAAGCATATGA
7377	e16_ji1_CCAATGAAGGAACATT
7378	e16_ji1_CCAATGACAATGAGCG
7379	e16_ji1_CCAATTTAGGACAGTC
7380	e16_ji1_CCAATTTAGGAGGGTG
7381	e16_ji1_CCAATTTCACAGCATT
7382	e16_ji1_CCAATTTGTTAGAAGT
7383	e16_ji1_CCAATTTGTTGCGGCT
7384	e16_ji1_CCAATTTTCATTGTTC
7385	e16_ji1_CCAATTTTCCAAGCTA
7386	e16_ji1_CCAATTTTCGATACGT
7387	e16_ji1_CCACAAAAGGGTTAAT
7388	e16_ji1_CCACAAAAGTACGTCT
7389	e16_ji1_CCACAAACAATAGTCC
7390	e16_ji1_CCACAAAGTCCACATA
7391	e16_ji1_CCACAAATCACAGTGT
7392	e16_ji1_CCACAAATCATCTACT
7393	e16_ji1_CCACAAATCCCTATTA
7394	e16_ji1_CCACACTAGGTCGACA
7395	e16_ji1_CCACACTCACTACGGC
7396	e16_ji1_CCACACTCAGCTCATA
7397	e16_ji1_CCACACTCATCCGCGA
7398	e16_ji1_CCACACTCATTACTCT
7399	e16_ji1_CCACACTGTGTTACTG
7400	e16_ji1_CCACACTTCATCAGTG
7401	e16_ji1_CCACACTTCTTCTCAA
7402	e16_ji1_CCACCATAGCAACTTC
7403	e16_ji1_CCACCATCACGGTCTG
7404	e16_ji1_CCACCATCACGTTCGG
7405	e16_ji1_CCACCATGTTCAAGTC
7406	e16_ji1_CCACCATGTTGCGAAG
7407	e16_ji1_CCACCATTCAACGCTA
7408	e16_ji1_CCACCATTCCTGTAGA
7409	e16_ji1_CCACCATTCGCAACAT
7410	e16_ji1_CCACGAGCAGGCGTTC
7411	e16_ji1_CCACGAGGTTACAGCT
7412	e16_ji1_CCACGAGTCACGACTA
7413	e16_ji1_CCACGAGTCGCCAGTG
7414	e16_ji1_CCACGAGTCTGACGCG
7415	e16_ji1_CCACGTTAGACGACTG
7416	e16_ji1_CCACGTTAGACTTCCA
7417	e16_ji1_CCACGTTAGAGTATAC
7418	e16_ji1_CCACGTTAGAGTGAAG
7419	e16_ji1_CCACGTTAGCATTGAA
7420	e16_ji1_CCACGTTAGTCCCTAA
7421	e16_ji1_CCACGTTCACCCTCTA
7422	e16_ji1_CCACGTTCATAACCCA
7423	e16_ji1_CCACGTTGTGATACAA
7424	e16_ji1_CCACGTTGTGTAACGG
7425	e16_ji1_CCACGTTTCCGCACTT
7426	e16_ji1_CCACGTTTCCGCTGTT
7427	e16_ji1_CCACGTTTCCGGCAGT
7428	e16_ji1_CCACGTTTCGGAAGGT
7429	e16_ji1_CCACTTGAGATCGACG
7430	e16_ji1_CCACTTGAGCGGTAAC
7431	e16_ji1_CCACTTGAGCTGGCCT
7432	e16_ji1_CCACTTGAGGGCAAGG
7433	e16_ji1_CCACTTGAGTCTAACC
7434	e16_ji1_CCACTTGCAAAGCGTG
7435	e16_ji1_CCACTTGCAAAGCTCT
7436	e16_ji1_CCACTTGCAGGACAGT
7437	e16_ji1_CCACTTGCATCGATAC
7438	e16_ji1_CCACTTGGTATCGTAC
7439	e16_ji1_CCACTTGTCTTACTGT
7440	e16_ji1_CCATAAGAGAAGCTGC
7441	e16_ji1_CCATAAGAGGCATCGA
7442	e16_ji1_CCATAAGAGTTGCATC
7443	e16_ji1_CCATAAGCAATACGAA
7444	e16_ji1_CCATAAGGTCCAGTTA
7445	e16_ji1_CCATAAGGTGCCTGCA
7446	e16_ji1_CCATAAGGTTCTCCTG
7447	e16_ji1_CCATAAGTCACATACG
7448	e16_ji1_CCATAAGTCAGTGATC
7449	e16_ji1_CCATAAGTCCTCACGT
7450	e16_ji1_CCATAAGTCGAAATCC
7451	e16_ji1_CCATCACCAAAGAGTT
7452	e16_ji1_CCATCACCACTACCGG
7453	e16_ji1_CCATCACCACTTACAG
7454	e16_ji1_CCATCACCAGGCAATG
7455	e16_ji1_CCATCACCATCACAGT
7456	e16_ji1_CCATCACGTACGATCT
7457	e16_ji1_CCATCACGTATCCCAA
7458	e16_ji1_CCATCACGTATCCTCC
7459	e16_ji1_CCATCACTCAGAATAG
7460	e16_ji1_CCATCACTCGCGAAGA
7461	e16_ji1_CCCAACTAGATGCGAC
7462	e16_ji1_CCCAACTAGGGCCCTT
7463	e16_ji1_CCCAACTCAGACCATT
7464	e16_ji1_CCCAACTCAGCAATTC
7465	e16_ji1_CCCAACTTCAAACGAA
7466	e16_ji1_CCCAACTTCGACATCA
7467	e16_ji1_CCCAACTTCGGTTCAA
7468	e16_ji1_CCCATTGAGCTCATAC
7469	e16_ji1_CCCATTGAGTCATGGG
7470	e16_ji1_CCCATTGCACGTTGGC
7471	e16_ji1_CCCATTGCAGACCATT
7472	e16_ji1_CCCATTGGTCAAATCC
7473	e16_ji1_CCCATTGGTGGACAGT
7474	e16_ji1_CCCATTGTCAGGAGAC
7475	e16_ji1_CCCATTGTCAGGCGAA
7476	e16_ji1_CCCATTGTCTGTCAGA
7477	e16_ji1_CCCGAAGAGGACTATA
7478	e16_ji1_CCCGAAGCAAATCAGA
7479	e16_ji1_CCCGAAGCACGGCGTT
7480	e16_ji1_CCCGAAGCACTGCATA
7481	e16_ji1_CCCGAAGCATTGAGGG
7482	e16_ji1_CCCGAAGGTATCGTGT
7483	e16_ji1_CCCGAAGGTCAGATTC
7484	e16_ji1_CCCGAAGGTCATCTAG
7485	e16_ji1_CCCGAAGGTCCACACG
7486	e16_ji1_CCCGAAGGTCGAGCAA
7487	e16_ji1_CCCGGAACACCCTAAA
7488	e16_ji1_CCCGGAACAGATCACT
7489	e16_ji1_CCCGGAACATAGTCGT
7490	e16_ji1_CCCGGAAGTGTTGACT
7491	e16_ji1_CCCTAACAGAATCGCG
7492	e16_ji1_CCCTAACAGTTGTCAC
7493	e16_ji1_CCCTAACCACCCTAAA
7494	e16_ji1_CCCTAACCAGACCAGA
7495	e16_ji1_CCCTAACCATACTGTG
7496	e16_ji1_CCCTAACCATCAGTCA
7497	e16_ji1_CCCTAACGTCTTCAAG
7498	e16_ji1_CCCTAACGTGGGTATG
7499	e16_ji1_CCCTAACTCTCGGTAA
7500	e16_ji1_CCCTAACTCTTCCCAG
7501	e16_ji1_CCCTCAAAGCGTGCTC
7502	e16_ji1_CCCTCAAAGCTAGAGC
7503	e16_ji1_CCCTCAACAAACTAAG
7504	e16_ji1_CCCTCAACACCAGCCA
7505	e16_ji1_CCCTCAACAGATTCGT
7506	e16_ji1_CCCTCAACATGGCCAC
7507	e16_ji1_CCCTCAAGTGTCTTGA
7508	e16_ji1_CCCTCAAGTTGCTCAA
7509	e16_ji1_CCCTCAATCTGGTGCG
7510	e16_ji1_CCCTCTCCAGTTGTCA
7511	e16_ji1_CCCTCTCGTACCAGAG
7512	e16_ji1_CCCTCTCGTAGGAAAG
7513	e16_ji1_CCCTCTCGTGTGTGTT
7514	e16_ji1_CCCTCTCGTTGCATTG
7515	e16_ji1_CCCTCTCTCACGTAGT
7516	e16_ji1_CCCTCTCTCCTTCTAA
7517	e16_ji1_CCCTGATAGAGGGTCT
7518	e16_ji1_CCCTGATAGCATCCCG
7519	e16_ji1_CCCTGATCAACCCTCT
7520	e16_ji1_CCCTGATCAAGAGGCT
7521	e16_ji1_CCCTGATCATACAGGG
7522	e16_ji1_CCCTGATTCATCTACT
7523	e16_ji1_CCCTGATTCCTACAAG
7524	e16_ji1_CCCTGATTCGCGGTAC
7525	e16_ji1_CCCTGATTCTTGGGCG
7526	e16_ji1_CCCTTAGAGCTGTTCA
7527	e16_ji1_CCCTTAGCAGGAAGTC
7528	e16_ji1_CCCTTAGGTACCGGAA
7529	e16_ji1_CCCTTAGGTCCCAAAT
7530	e16_ji1_CCCTTAGGTGTATTGC
7531	e16_ji1_CCCTTAGTCACACGAT
7532	e16_ji1_CCCTTAGTCCTCTCTT
7533	e16_ji1_CCCTTAGTCGTTAGTG
7534	e16_ji1_CCCTTAGTCTCGCGTT
7535	e16_ji1_CCGAACGAGACCCTTA
7536	e16_ji1_CCGAACGAGGACCCAA
7537	e16_ji1_CCGAACGAGGTGAGCT
7538	e16_ji1_CCGAACGCAAAGGCTG
7539	e16_ji1_CCGAACGCACAACGTT
7540	e16_ji1_CCGAACGCATCCGAAT
7541	e16_ji1_CCGAACGTCGAGTGGA
7542	e16_ji1_CCGATCTAGCAATTCC
7543	e16_ji1_CCGATCTAGTCTCGTA
7544	e16_ji1_CCGATCTCAGATCATC
7545	e16_ji1_CCGATCTCAGTTCTAG
7546	e16_ji1_CCGATCTTCTAGCCAA
7547	e16_ji1_CCGATCTTCTGTCCCA
7548	e16_ji1_CCGATGGAGGGCAACT
7549	e16_ji1_CCGATGGAGTCCCAGC
7550	e16_ji1_CCGATGGGTGTACAGG
7551	e16_ji1_CCGATGGTCAGCATTG
7552	e16_ji1_CCGATGGTCCCTTTGG
7553	e16_ji1_CCGATGGTCTGTAACG
7554	e16_ji1_CCGCAAGCACTGGACC
7555	e16_ji1_CCGCAAGCACTTGGCG
7556	e16_ji1_CCGCAAGGTACTAACC
7557	e16_ji1_CCGCAAGGTCGCCTAG
7558	e16_ji1_CCGCAAGGTGCCCGTA
7559	e16_ji1_CCGCAAGGTGTTCGTA
7560	e16_ji1_CCGGACAAGTGCTACT
7561	e16_ji1_CCGGACAGTTGTGTTG
7562	e16_ji1_CCGGACATCAGTCACA
7563	e16_ji1_CCGGACATCGGCTGAC
7564	e16_ji1_CCGGACATCGTAACAC
7565	e16_ji1_CCGGACATCGTGCTCT
7566	e16_ji1_CCGGGTAAGGCATCGA
7567	e16_ji1_CCGGGTACAACTTGCA
7568	e16_ji1_CCGGGTACAATGCAGG
7569	e16_ji1_CCGGGTACACGGCGTT
7570	e16_ji1_CCGGGTACACTTGGGC
7571	e16_ji1_CCGGGTACAGCGAGTA
7572	e16_ji1_CCGGGTATCATGCGGC
7573	e16_ji1_CCGGGTATCCCGAGGT
7574	e16_ji1_CCGGGTATCGACGATT
7575	e16_ji1_CCGGGTATCTGCGGAC
7576	e16_ji1_CCGGTAGAGAACAGGA
7577	e16_ji1_CCGGTAGAGCTCATAC
7578	e16_ji1_CCGGTAGCAAACCACT
7579	e16_ji1_CCGGTAGCAGCGCGTT
7580	e16_ji1_CCGGTAGCAGGCATTT
7581	e16_ji1_CCGGTAGGTGCTCGTG
7582	e16_ji1_CCGGTAGTCTCGTCAC
7583	e16_ji1_CCGGTGAAGAGTCACG
7584	e16_ji1_CCGGTGAAGATTTGCC
7585	e16_ji1_CCGGTGAAGGTATCTC
7586	e16_ji1_CCGGTGAAGTAAATGC
7587	e16_ji1_CCGGTGACAGTAGAAT
7588	e16_ji1_CCGGTGACATCTTTCA
7589	e16_ji1_CCGGTGAGTTAGCGGA
7590	e16_ji1_CCGGTGATCGAGTCCG
7591	e16_ji1_CCGGTGATCTAGATCG
7592	e16_ji1_CCGTAGGAGTTTGCTG
7593	e16_ji1_CCGTAGGCAGCTCCTT
7594	e16_ji1_CCGTAGGGTTCACGAT
7595	e16_ji1_CCGTAGGTCGATTGAC
7596	e16_ji1_CCGTAGGTCGTAGGGA
7597	e16_ji1_CCGTAGGTCTCACTCG
7598	e16_ji1_CCGTAGGTCTCCACTG
7599	e16_ji1_CCGTGAGAGGTTCATC
7600	e16_ji1_CCGTGAGCAAGTCCCG
7601	e16_ji1_CCGTGAGCAATTGGTC
7602	e16_ji1_CCGTGAGCATCCGTTC
7603	e16_ji1_CCGTGAGGTCATCCGG
7604	e16_ji1_CCGTGAGGTGGTCTTA
7605	e16_ji1_CCGTGAGTCCGCTTAC
7606	e16_ji1_CCGTGAGTCCTGCTAC
7607	e16_ji1_CCGTTCAAGCCTCCAG
7608	e16_ji1_CCGTTCAAGCTGGCCT
7609	e16_ji1_CCGTTCAAGGATACCG
7610	e16_ji1_CCGTTCACACCTGCGA
7611	e16_ji1_CCGTTCACACGACAAG
7612	e16_ji1_CCGTTCACACTTCATT
7613	e16_ji1_CCGTTCAGTACGCTTA
7614	e16_ji1_CCGTTCATCATAGACC
7615	e16_ji1_CCGTTCATCCAACTGA
7616	e16_ji1_CCGTTCATCCTTCACG
7617	e16_ji1_CCTAACCAGACGATAT
7618	e16_ji1_CCTAACCAGCATATGA
7619	e16_ji1_CCTAACCAGCCTATCA
7620	e16_ji1_CCTAACCAGCCTCTTC
7621	e16_ji1_CCTAACCCAAGGGCAT
7622	e16_ji1_CCTAACCGTAGACTGG
7623	e16_ji1_CCTAACCGTCATCAGT
7624	e16_ji1_CCTAACCGTGAGCTCC
7625	e16_ji1_CCTAACCGTTTCCATT
7626	e16_ji1_CCTAACCTCCTTCAGC
7627	e16_ji1_CCTAACCTCTACCAGA
7628	e16_ji1_CCTAACCTCTGATTCT
7629	e16_ji1_CCTAAGACAAAGGCAC
7630	e16_ji1_CCTAAGACACTCACTC
7631	e16_ji1_CCTAAGACAGCGTGAA
7632	e16_ji1_CCTAAGATCGATAACC
7633	e16_ji1_CCTACGTAGACATAGT
7634	e16_ji1_CCTACGTAGCTCACTA
7635	e16_ji1_CCTACGTAGGAGAGGC
7636	e16_ji1_CCTACGTAGTCTAGAA
7637	e16_ji1_CCTACGTCAAATAGCA
7638	e16_ji1_CCTACGTCACATTACG
7639	e16_ji1_CCTACGTCACCCTTAC
7640	e16_ji1_CCTACGTCATAATGCC
7641	e16_ji1_CCTACGTCATCTCCCA
7642	e16_ji1_CCTACGTGTAAGCGGT
7643	e16_ji1_CCTACGTGTACAGTCT
7644	e16_ji1_CCTACGTTCACAGTGT
7645	e16_ji1_CCTACGTTCGCCGTGA
7646	e16_ji1_CCTACGTTCTGTGCAA
7647	e16_ji1_CCTATCGAGATCCCAT
7648	e16_ji1_CCTATCGCACTTGAAC
7649	e16_ji1_CCTATCGGTATGCAAA
7650	e16_ji1_CCTATCGGTGTCCAAT
7651	e16_ji1_CCTATCGTCTCGCTCA
7652	e16_ji1_CCTCAACAGACGTCCC
7653	e16_ji1_CCTCAACAGCGCCTAC
7654	e16_ji1_CCTCAACAGGTAGTCG
7655	e16_ji1_CCTCAACAGTAAACTG
7656	e16_ji1_CCTCAACCAGGTCCGT
7657	e16_ji1_CCTCAACCATGCAGGA
7658	e16_ji1_CCTCAACTCTATGTGG
7659	e16_ji1_CCTCAACTCTCACCCA
7660	e16_ji1_CCTCAACTCTCCTACG
7661	e16_ji1_CCTCACAAGAAGTCAT
7662	e16_ji1_CCTCACAAGCAAGGAA
7663	e16_ji1_CCTCACAAGGTCATAA
7664	e16_ji1_CCTCACAAGTGCAGCA
7665	e16_ji1_CCTCACAAGTTAACGA
7666	e16_ji1_CCTCACACACACAGAG
7667	e16_ji1_CCTCACACACAGCCAC
7668	e16_ji1_CCTCACACACGCAAAG
7669	e16_ji1_CCTCACACACTACAGT
7670	e16_ji1_CCTCACAGTACCACGC
7671	e16_ji1_CCTCACAGTATCTTCT
7672	e16_ji1_CCTCACAGTATGTGTC
7673	e16_ji1_CCTCAGTAGCCGCACT
7674	e16_ji1_CCTCAGTAGGCATTTC
7675	e16_ji1_CCTCAGTCAACACGTT
7676	e16_ji1_CCTCAGTCAGAATTCC
7677	e16_ji1_CCTCAGTCAGACTGCC
7678	e16_ji1_CCTCAGTCAGTGCCTG
7679	e16_ji1_CCTCAGTCATTCTCCG
7680	e16_ji1_CCTCAGTGTAACGTTC
7681	e16_ji1_CCTCAGTGTATCCTTT
7682	e16_ji1_CCTCAGTGTCTGATCA
7683	e16_ji1_CCTCAGTGTGAACTAA
7684	e16_ji1_CCTCAGTGTTCGAGCC
7685	e16_ji1_CCTCAGTGTTGTGTTG
7686	e16_ji1_CCTCAGTTCACACCGG
7687	e16_ji1_CCTCATGAGACTGTTC
7688	e16_ji1_CCTCATGAGTCGTCTA
7689	e16_ji1_CCTCATGCAACAACAA
7690	e16_ji1_CCTCATGCAGCGTGCT
7691	e16_ji1_CCTCATGCAGCTATTG
7692	e16_ji1_CCTCATGGTACGTAGG
7693	e16_ji1_CCTCATGGTCTAGTGT
7694	e16_ji1_CCTCATGGTGATACAA
7695	e16_ji1_CCTCATGGTGCGGTAA
7696	e16_ji1_CCTCATGGTTCTATCT
7697	e16_ji1_CCTCATGTCAGGACGA
7698	e16_ji1_CCTCATGTCCCATACC
7699	e16_ji1_CCTCATGTCGCAGTGC
7700	e16_ji1_CCTCATGTCGTGTCAA
7701	e16_ji1_CCTCCAAAGGTATCTC
7702	e16_ji1_CCTCCAAAGTTGAATG
7703	e16_ji1_CCTCCAACACTACTTT
7704	e16_ji1_CCTCCAACAGAGTCAG
7705	e16_ji1_CCTCCAAGTTGTTGCA
7706	e16_ji1_CCTCCAATCACTTATC
7707	e16_ji1_CCTCCAATCCCGATCT
7708	e16_ji1_CCTCCAATCTTAATCC
7709	e16_ji1_CCTCCTCAGAGAGGGC
7710	e16_ji1_CCTCCTCAGCCATTGT
7711	e16_ji1_CCTCCTCAGGGTTAAT
7712	e16_ji1_CCTCCTCCACCGTGCA
7713	e16_ji1_CCTCCTCGTGCCTGCA
7714	e16_ji1_CCTCCTCTCATGACAC
7715	e16_ji1_CCTCCTCTCCTATGGA
7716	e16_ji1_CCTCCTCTCTCGAGTA
7717	e16_ji1_CCTCCTCTCTCTATGT
7718	e16_ji1_CCTCCTCTCTTCGATT
7719	e16_ji1_CCTCTAGAGACCACGA
7720	e16_ji1_CCTCTAGAGATTAGCA
7721	e16_ji1_CCTCTAGAGGCCCAAA
7722	e16_ji1_CCTCTAGCAGTCTGGC
7723	e16_ji1_CCTCTAGGTCAAAGCG
7724	e16_ji1_CCTCTAGTCATTACGG
7725	e16_ji1_CCTCTAGTCTTCCAGC
7726	e16_ji1_CCTCTCCAGAGAGCGG
7727	e16_ji1_CCTCTCCAGAGCAGCT
7728	e16_ji1_CCTCTCCAGCAACTTC
7729	e16_ji1_CCTCTCCAGCCGTTGC
7730	e16_ji1_CCTCTCCAGCTGAGCA
7731	e16_ji1_CCTCTCCCAAAGACTA
7732	e16_ji1_CCTCTCCCATTACGGT
7733	e16_ji1_CCTCTCCGTATGCTAC
7734	e16_ji1_CCTCTCCGTCTTTCAT
7735	e16_ji1_CCTCTCCGTGAGTAGC
7736	e16_ji1_CCTCTCCGTTGAATCC
7737	e16_ji1_CCTCTCCTCCGCTAGG
7738	e16_ji1_CCTCTCCTCGATTCCC
7739	e16_ji1_CCTGCATAGCTCGAAG
7740	e16_ji1_CCTGCATCACGTTCGG
7741	e16_ji1_CCTGCATCACTACCGG
7742	e16_ji1_CCTGCATCAGTCTTCC
7743	e16_ji1_CCTGCATCATCGCTAA
7744	e16_ji1_CCTGCATCATGCCATA
7745	e16_ji1_CCTGCATCATTCCTCG
7746	e16_ji1_CCTGCATGTTTGGCTA
7747	e16_ji1_CCTGCATTCATCACTT
7748	e16_ji1_CCTGCATTCCATCAGA
7749	e16_ji1_CCTGCATTCGTACCTC
7750	e16_ji1_CCTGTTGAGAGGGTGG
7751	e16_ji1_CCTGTTGAGTATGGAT
7752	e16_ji1_CCTGTTGCAATTGCCA
7753	e16_ji1_CCTGTTGCATGATGCT
7754	e16_ji1_CCTGTTGCATGGACAG
7755	e16_ji1_CCTGTTGTCAAAGACA
7756	e16_ji1_CCTGTTGTCGTGGCGT
7757	e16_ji1_CCTGTTGTCTCTCGAC
7758	e16_ji1_CCTTCAGAGAACTCCT
7759	e16_ji1_CCTTCAGAGCGTGTTT
7760	e16_ji1_CCTTCAGCAAGCGCTC
7761	e16_ji1_CCTTCAGCAATCAGCT
7762	e16_ji1_CCTTCAGCACGGCCAT
7763	e16_ji1_CCTTCAGCACGTCGGT
7764	e16_ji1_CCTTCAGCATCCGAGC
7765	e16_ji1_CCTTCAGCATTGTCGA
7766	e16_ji1_CCTTCAGGTGTGTACT
7767	e16_ji1_CCTTCAGTCCCTATTA
7768	e16_ji1_CCTTCAGTCGTTCTGC
7769	e16_ji1_CCTTGTGAGAAACTAC
7770	e16_ji1_CCTTGTGAGATCGCCC
7771	e16_ji1_CCTTGTGAGGATCACG
7772	e16_ji1_CCTTGTGAGGGTATAT
7773	e16_ji1_CCTTGTGAGTCATCGT
7774	e16_ji1_CCTTGTGCACAGCGCT
7775	e16_ji1_CCTTGTGCACCGAATT
7776	e16_ji1_CCTTGTGCACGTCATA
7777	e16_ji1_CCTTGTGCAGTATACC
7778	e16_ji1_CCTTGTGGTTACACAC
7779	e16_ji1_CCTTGTGGTTCTTAGG
7780	e16_ji1_CCTTGTGTCCCGTTGT
7781	e16_ji1_CCTTGTGTCGCATAGT
7782	e16_ji1_CCTTTGGCATGTCAGT
7783	e16_ji1_CCTTTGGTCAGCTCTC
7784	e16_ji1_CCTTTGGTCGGTCACG
7785	e16_ji1_CCTTTGGTCTACGGTA
7786	e16_ji1_CCTTTGGTCTTGCAGA
7787	e16_ji1_CCTTTGGTCTTTGCTA
7788	e16_ji1_CGAAGGAAGCAACAGC
7789	e16_ji1_CGAAGGAGTTCATCTT
7790	e16_ji1_CGAAGGAGTTCCATTT
7791	e16_ji1_CGAAGGATCTAGACAC
7792	e16_ji1_CGAAGTTAGACCAAAT
7793	e16_ji1_CGAAGTTCACTTTATC
7794	e16_ji1_CGAAGTTCAGGTAGTG
7795	e16_ji1_CGAAGTTCAGTGTGGA
7796	e16_ji1_CGAAGTTGTCCTCCTA
7797	e16_ji1_CGAAGTTTCAGGTAAA
7798	e16_ji1_CGAATTGAGACCATGG
7799	e16_ji1_CGAATTGAGCCACCGT
7800	e16_ji1_CGAATTGCAGTATGAA
7801	e16_ji1_CGAATTGGTGCCCTTT
7802	e16_ji1_CGAATTGTCATGCCCT
7803	e16_ji1_CGAATTGTCCCACAGG
7804	e16_ji1_CGAATTGTCCGCAAAT
7805	e16_ji1_CGAATTGTCCGTGGGT
7806	e16_ji1_CGACAGCCACACAGAG
7807	e16_ji1_CGACAGCCACACAGCC
7808	e16_ji1_CGACAGCGTATACGGG
7809	e16_ji1_CGACAGCGTTCGGCGT
7810	e16_ji1_CGACAGCTCCCGTTGT
7811	e16_ji1_CGACAGCTCCTTATAC
7812	e16_ji1_CGACAGCTCGCCTAGG
7813	e16_ji1_CGACAGCTCGTCAACA
7814	e16_ji1_CGAGAAGAGCTACTGT
7815	e16_ji1_CGAGAAGCAAGCACAG
7816	e16_ji1_CGAGAAGGTTGCTTGA
7817	e16_ji1_CGAGAAGTCAAGCCCG
7818	e16_ji1_CGAGAAGTCATGCATG
7819	e16_ji1_CGAGAAGTCCAGCTCT
7820	e16_ji1_CGAGGAAAGAGCAGCT
7821	e16_ji1_CGAGGAAAGGCATCGA
7822	e16_ji1_CGAGGAAGTATCCTTT
7823	e16_ji1_CGAGGAAGTCCATAGT
7824	e16_ji1_CGAGGAAGTTCCGCAG
7825	e16_ji1_CGAGGAATCCTATGGA
7826	e16_ji1_CGAGGAATCTCGGGAC
7827	e16_ji1_CGAGGCTAGACATGCG
7828	e16_ji1_CGAGGCTAGATCCCAT
7829	e16_ji1_CGAGGCTAGTCGGCCT
7830	e16_ji1_CGAGGCTGTAAGTCAA
7831	e16_ji1_CGAGGCTGTCGAATGG
7832	e16_ji1_CGAGGCTGTTTGCCGG
7833	e16_ji1_CGAGGCTTCGTCTCAC
7834	e16_ji1_CGAGTGCAGAAACACT
7835	e16_ji1_CGAGTGCAGCTACTAC
7836	e16_ji1_CGAGTGCTCAACTCTT
7837	e16_ji1_CGAGTGCTCCGTTGGG
7838	e16_ji1_CGAGTGCTCGCAGAGA
7839	e16_ji1_CGAGTGCTCTGCGGGT
7840	e16_ji1_CGAGTTACAGCACGAA
7841	e16_ji1_CGAGTTACAGGAGGTT
7842	e16_ji1_CGAGTTAGTATGAGCG
7843	e16_ji1_CGAGTTAGTCGTACTA
7844	e16_ji1_CGAGTTATCAACTCTT
7845	e16_ji1_CGATCGGAGCTACAAA
7846	e16_ji1_CGATCGGAGTTCACTG
7847	e16_ji1_CGATCGGGTACTGAGG
7848	e16_ji1_CGATCGGGTATCTCTT
7849	e16_ji1_CGATCGGTCCTGGCTT
7850	e16_ji1_CGATGCGAGACGCCCT
7851	e16_ji1_CGATGCGCACGGCCAT
7852	e16_ji1_CGATGCGCACTGGAAG
7853	e16_ji1_CGATGCGGTGATGAAT
7854	e16_ji1_CGATGCGGTGGAACCA
7855	e16_ji1_CGATGCGGTGTGTGTT
7856	e16_ji1_CGATGCGTCGCGAAGA
7857	e16_ji1_CGATGGCAGCTCCACG
7858	e16_ji1_CGATGGCCAATGCTCA
7859	e16_ji1_CGATGGCGTCACTAGT
7860	e16_ji1_CGATGGCGTGCAATAA
7861	e16_ji1_CGATGGCTCGACACCG
7862	e16_ji1_CGATGGCTCGACGAGA
7863	e16_ji1_CGCAGGTCACCAGACC
7864	e16_ji1_CGCAGGTCAGCCATTA
7865	e16_ji1_CGCAGGTGTATTTCCT
7866	e16_ji1_CGCAGGTGTGAGGCAT
7867	e16_ji1_CGCAGGTTCCACCTGT
7868	e16_ji1_CGCAGGTTCGGTAGAG
7869	e16_ji1_CGCAGGTTCTGTAAGC
7870	e16_ji1_CGCATAACAACACGAG
7871	e16_ji1_CGCATAAGTGCCTGAC
7872	e16_ji1_CGCATAATCTTCTGGC
7873	e16_ji1_CGCATGGCACGTATAC
7874	e16_ji1_CGCATGGCAGTACTAC
7875	e16_ji1_CGCATGGCATGTGGTT
7876	e16_ji1_CGCATGGGTCTACGTA
7877	e16_ji1_CGCATGGGTGCTAGCC
7878	e16_ji1_CGCATGGGTTATTCTC
7879	e16_ji1_CGCATGGGTTCATCGA
7880	e16_ji1_CGCCAGAAGATGAACT
7881	e16_ji1_CGCCAGAAGCATCGAG
7882	e16_ji1_CGCCAGAAGCGTTCCG
7883	e16_ji1_CGCCAGAAGTTCGCAT
7884	e16_ji1_CGCCAGACACATTGTG
7885	e16_ji1_CGCCAGACAGTCACGC
7886	e16_ji1_CGCCAGACAGTTGTTG
7887	e16_ji1_CGCCAGACATCCAACA
7888	e16_ji1_CGCCAGACATTGACTG
7889	e16_ji1_CGCCAGAGTAGCTTTG
7890	e16_ji1_CGCCAGAGTTCCCAAA
7891	e16_ji1_CGCCAGATCCAGCCTT
7892	e16_ji1_CGCCAGATCTAAACGC
7893	e16_ji1_CGCCATTAGAGCAACC
7894	e16_ji1_CGCCATTAGCCTAGGA
7895	e16_ji1_CGCCATTAGCTTTCCC
7896	e16_ji1_CGCCATTAGGACCCAA
7897	e16_ji1_CGCCATTAGTCACACT
7898	e16_ji1_CGCCATTAGTGGCCTC
7899	e16_ji1_CGCCATTCAACATCGT
7900	e16_ji1_CGCCATTCACGCGCAT
7901	e16_ji1_CGCCATTCACGGTCTG
7902	e16_ji1_CGCCATTTCTTGGTGA
7903	e16_ji1_CGCCATTTCTTTGCTA
7904	e16_ji1_CGCGTGAAGAATACAC
7905	e16_ji1_CGCGTGAAGTAGTCAA
7906	e16_ji1_CGCGTGAAGTGAGTTA
7907	e16_ji1_CGCGTGACAGTGTGGA
7908	e16_ji1_CGCGTGACATCGCTCT
7909	e16_ji1_CGCGTGATCTAGGAAA
7910	e16_ji1_CGCGTGATCTTGTTAC
7911	e16_ji1_CGGAACCAGAGTCTGG
7912	e16_ji1_CGGAACCAGGTTGACG
7913	e16_ji1_CGGAACCGTGTAAACA
7914	e16_ji1_CGGAACCGTGTCCACG
7915	e16_ji1_CGGAACCGTTTAGAGA
7916	e16_ji1_CGGAACCTCGAGGCAA
7917	e16_ji1_CGGAATTAGACCAGCA
7918	e16_ji1_CGGAATTAGCAAATCA
7919	e16_ji1_CGGAATTAGTATGATG
7920	e16_ji1_CGGAATTCACTATCCC
7921	e16_ji1_CGGAATTGTGCTAGCC
7922	e16_ji1_CGGACACAGCCTATCA
7923	e16_ji1_CGGACACAGGAGACCT
7924	e16_ji1_CGGACACAGGGCAACT
7925	e16_ji1_CGGACACAGTTACTCG
7926	e16_ji1_CGGACACCACAAAGTA
7927	e16_ji1_CGGACACCACATGGTT
7928	e16_ji1_CGGACACCAGGTTCAT
7929	e16_ji1_CGGACACGTACAAGTA
7930	e16_ji1_CGGACACGTGTAAACA
7931	e16_ji1_CGGACACTCGTTACCC
7932	e16_ji1_CGGAGAAAGACCTTTG
7933	e16_ji1_CGGAGAAAGCAAGTGC
7934	e16_ji1_CGGAGAATCACCGGGT
7935	e16_ji1_CGGCAGTAGTCACGAG
7936	e16_ji1_CGGCAGTAGTTCCGTA
7937	e16_ji1_CGGCAGTCAAGTCCAT
7938	e16_ji1_CGGCAGTCAGACCCGT
7939	e16_ji1_CGGCAGTGTCATCTAG
7940	e16_ji1_CGGCAGTTCACACGAT
7941	e16_ji1_CGGGACTAGCTAGAGC
7942	e16_ji1_CGGGACTAGGTCCAGA
7943	e16_ji1_CGGGACTCACAGTCCG
7944	e16_ji1_CGGGACTGTAAGATAC
7945	e16_ji1_CGGGACTGTAGAGTTA
7946	e16_ji1_CGGGACTGTAGTTACC
7947	e16_ji1_CGGGCATAGGCATGCA
7948	e16_ji1_CGGGCATAGTGATAAC
7949	e16_ji1_CGGGCATCAACACGAG
7950	e16_ji1_CGGGCATCAGGCACTC
7951	e16_ji1_CGGGCATGTGTGTGTT
7952	e16_ji1_CGGGCATGTTGCGAAG
7953	e16_ji1_CGGGCATTCAACGCTA
7954	e16_ji1_CGGGTCAAGAGCTTTC
7955	e16_ji1_CGGGTCAAGCCGATAG
7956	e16_ji1_CGGGTCAAGGAGTATT
7957	e16_ji1_CGGGTCAAGGTAACTA
7958	e16_ji1_CGGGTCACAAAGTATG
7959	e16_ji1_CGGGTCATCTTGGTGA
7960	e16_ji1_CGGTCAGAGAAAGTCT
7961	e16_ji1_CGGTCAGAGGTTGGAC
7962	e16_ji1_CGGTCAGGTAAGCAAT
7963	e16_ji1_CGGTCAGGTGCACAAG
7964	e16_ji1_CGGTCAGTCGCAGTTA
7965	e16_ji1_CGTAAGTAGGTAGCCA
7966	e16_ji1_CGTAAGTCACAGTATC
7967	e16_ji1_CGTAAGTCAGCATGCC
7968	e16_ji1_CGTAAGTCATACGCAT
7969	e16_ji1_CGTAAGTGTTCGAGCC
7970	e16_ji1_CGTAAGTTCTTGGGCG
7971	e16_ji1_CGTAATGAGATGACCG
7972	e16_ji1_CGTAATGAGCGTTCCG
7973	e16_ji1_CGTAATGAGTCATACC
7974	e16_ji1_CGTAATGCATGAAAGT
7975	e16_ji1_CGTAATGGTTTCCAAG
7976	e16_ji1_CGTAATGTCAACCTCC
7977	e16_ji1_CGTAGTAAGACACACG
7978	e16_ji1_CGTAGTAAGTCCTGCG
7979	e16_ji1_CGTAGTACACCAATTG
7980	e16_ji1_CGTAGTACACCCTCTA
7981	e16_ji1_CGTAGTACACTATGTG
7982	e16_ji1_CGTAGTAGTTTCGTTT
7983	e16_ji1_CGTAGTATCAGTGTTG
7984	e16_ji1_CGTCAAAAGCATGGGT
7985	e16_ji1_CGTCAAAAGCGATTCT
7986	e16_ji1_CGTCAAAAGGAGAGGC
7987	e16_ji1_CGTCAAACAACGAGGT
7988	e16_ji1_CGTCAAACAACGATCT
7989	e16_ji1_CGTCAAACAAGACCGA
7990	e16_ji1_CGTCAAACATCTAGAC
7991	e16_ji1_CGTCAAAGTGTCTTGA
7992	e16_ji1_CGTCAAATCCGCATAA
7993	e16_ji1_CGTCCATAGCCGATAG
7994	e16_ji1_CGTCCATAGGATTCCT
7995	e16_ji1_CGTCCATCACAATGCT
7996	e16_ji1_CGTCCATCAGGTTTAC
7997	e16_ji1_CGTCCATCATCTCATT
7998	e16_ji1_CGTCCATGTTAATCGC
7999	e16_ji1_CGTGAATAGCACTCAT
8000	e16_ji1_CGTGAATAGCTCTGTA
8001	e16_ji1_CGTGAATAGGAACTCG
8002	e16_ji1_CGTGAATAGTGCAACG
8003	e16_ji1_CGTGAATCACACTGGC
8004	e16_ji1_CGTGAATGTCTCGGAC
8005	e16_ji1_CGTGAATGTCTTCATT
8006	e16_ji1_CGTGAATGTGTGGACA
8007	e16_ji1_CGTGAATGTTCTCTCG
8008	e16_ji1_CGTGAATTCTCTGAGA
8009	e16_ji1_CGTGATAAGCGCTGCT
8010	e16_ji1_CGTGATAAGCTTTCTT
8011	e16_ji1_CGTGATAAGTATGAGT
8012	e16_ji1_CGTGATACAGGGTCTC
8013	e16_ji1_CGTGATAGTACCACGC
8014	e16_ji1_CGTGATAGTATCGCAT
8015	e16_ji1_CGTGATAGTCAGGTGA
8016	e16_ji1_CGTGATAGTTCAAACC
8017	e16_ji1_CGTGCTTCAGGTGACA
8018	e16_ji1_CGTGCTTGTACGAGTG
8019	e16_ji1_CGTGCTTGTGACAGCA
8020	e16_ji1_CGTGCTTTCCACACCT
8021	e16_ji1_CGTGTCTCACCCATAA
8022	e16_ji1_CGTGTCTTCGTCGACG
8023	e16_ji1_CGTTAGAAGATGTAGT
8024	e16_ji1_CGTTAGAAGGCTTAAA
8025	e16_ji1_CGTTAGAGTCAACCAT
8026	e16_ji1_CGTTAGATCGACATAC
8027	e16_ji1_CGTTAGATCGATGCTA
8028	e16_ji1_CGTTAGATCGCTCATC
8029	e16_ji1_CGTTCTGAGTGGTTGG
8030	e16_ji1_CGTTCTGCACTAACGT
8031	e16_ji1_CGTTCTGCAGCACAAG
8032	e16_ji1_CGTTCTGGTACTAACC
8033	e16_ji1_CGTTCTGGTCTCTCTG
8034	e16_ji1_CGTTCTGGTTCCGTTC
8035	e16_ji1_CGTTCTGGTTGGCTAT
8036	e16_ji1_CGTTCTGTCATGGGAG
8037	e16_ji1_CGTTCTGTCCCTCTCC
8038	e16_ji1_CGTTCTGTCGACGCGT
8039	e16_ji1_CGTTCTGTCGAGCACC
8040	e16_ji1_CGTTCTGTCTTAGCCC
8041	e16_ji1_CGTTGGGAGCGCATCC
8042	e16_ji1_CGTTGGGAGTCATCGT
8043	e16_ji1_CGTTGGGAGTCCTACA
8044	e16_ji1_CGTTGGGCAATTGCAC
8045	e16_ji1_CGTTGGGTCATGGCCG
8046	e16_ji1_CGTTGGGTCTCTGCTG
8047	e16_ji1_CTAACCCAGCCGATCC
8048	e16_ji1_CTAACCCAGGGTGAAA
8049	e16_ji1_CTAACCCCACCCTATC
8050	e16_ji1_CTAACCCCAGACCATT
8051	e16_ji1_CTAACCCCAGACCCGT
8052	e16_ji1_CTAACCCGTTCGGGTC
8053	e16_ji1_CTAACCCTCACCCTGT
8054	e16_ji1_CTAACCCTCGTCGACG
8055	e16_ji1_CTAACCCTCGTTAGTG
8056	e16_ji1_CTAACCCTCTAACACG
8057	e16_ji1_CTAACTTAGAAGGTAG
8058	e16_ji1_CTAACTTAGCATCCTA
8059	e16_ji1_CTAACTTAGCGCTGCT
8060	e16_ji1_CTAACTTAGCTGAAAT
8061	e16_ji1_CTAACTTCAAGAAATC
8062	e16_ji1_CTAACTTCAAGTGGCA
8063	e16_ji1_CTAACTTCACATATGC
8064	e16_ji1_CTAACTTCATTGCAAC
8065	e16_ji1_CTAACTTGTAAGAACT
8066	e16_ji1_CTAACTTGTGCCGTAC
8067	e16_ji1_CTAACTTGTTGGGACA
8068	e16_ji1_CTAAGTGAGAAGCGGG
8069	e16_ji1_CTAAGTGAGGGAGTGG
8070	e16_ji1_CTAAGTGAGTGGAATT
8071	e16_ji1_CTAAGTGCAGAAGTTA
8072	e16_ji1_CTACAGAAGCCACCGT
8073	e16_ji1_CTACAGAAGTACCGGA
8074	e16_ji1_CTACAGACACCTATCC
8075	e16_ji1_CTACAGACAGCTTCGG
8076	e16_ji1_CTACAGACAGTAACAA
8077	e16_ji1_CTACAGACATCAGCGC
8078	e16_ji1_CTACAGACATGGGTTT
8079	e16_ji1_CTACAGAGTAGGAGGG
8080	e16_ji1_CTACAGAGTCAACGCC
8081	e16_ji1_CTACAGATCCCTCGAT
8082	e16_ji1_CTACAGATCCTCTAAT
8083	e16_ji1_CTACAGATCTCTGCCA
8084	e16_ji1_CTACATTAGGTCGCCT
8085	e16_ji1_CTACATTCAGGAATAT
8086	e16_ji1_CTACATTGTTCGTGCG
8087	e16_ji1_CTACATTTCAGAGTGG
8088	e16_ji1_CTACATTTCCTGGCTT
8089	e16_ji1_CTACCCAAGATCACCT
8090	e16_ji1_CTACCCAAGCAGGCAT
8091	e16_ji1_CTACCCAAGTGTTCAC
8092	e16_ji1_CTACCCACACAATGCT
8093	e16_ji1_CTACCCAGTGTCCACG
8094	e16_ji1_CTACCCAGTTCAGCTA
8095	e16_ji1_CTACCCATCACAATGC
8096	e16_ji1_CTACCTGAGAACCGCA
8097	e16_ji1_CTACCTGAGCACCAGA
8098	e16_ji1_CTACCTGAGCTGCCTG
8099	e16_ji1_CTACCTGAGGTTAAAC
8100	e16_ji1_CTACCTGAGTCACTGT
8101	e16_ji1_CTACCTGGTAATGCGG
8102	e16_ji1_CTACCTGGTAGCGAGT
8103	e16_ji1_CTACCTGGTATGTCCA
8104	e16_ji1_CTACCTGGTCCATAGT
8105	e16_ji1_CTACCTGGTGCGAACA
8106	e16_ji1_CTACCTGTCACTGAAC
8107	e16_ji1_CTACCTGTCTCGGGAC
8108	e16_ji1_CTACGGGAGCGTTACT
8109	e16_ji1_CTACGGGCAACTGGTT
8110	e16_ji1_CTACGGGCACCCAACG
8111	e16_ji1_CTACGGGCACTTGTCC
8112	e16_ji1_CTACGGGCAGGTGACA
8113	e16_ji1_CTACGGGCATTCTGTT
8114	e16_ji1_CTACGGGGTGATGAAT
8115	e16_ji1_CTACGGGTCGACATTG
8116	e16_ji1_CTACGGGTCGGAGTAG
8117	e16_ji1_CTACTATCACTCTAGA
8118	e16_ji1_CTACTATCACTTCCTG
8119	e16_ji1_CTACTATGTCATCGCG
8120	e16_ji1_CTACTATTCAAATGCC
8121	e16_ji1_CTACTATTCAACTTTC
8122	e16_ji1_CTACTATTCCTCATAT
8123	e16_ji1_CTACTATTCTAATTCC
8124	e16_ji1_CTAGACAAGAGCATTA
8125	e16_ji1_CTAGACACAAGGCTTT
8126	e16_ji1_CTAGACACACAATCTG
8127	e16_ji1_CTAGACAGTCACTGAT
8128	e16_ji1_CTAGACAGTTAGCTAC
8129	e16_ji1_CTAGACAGTTTCCAAG
8130	e16_ji1_CTAGACATCGGTTGTA
8131	e16_ji1_CTAGGTAAGAGCATAT
8132	e16_ji1_CTAGGTAAGAGTACCG
8133	e16_ji1_CTAGGTAAGTCTGGTT
8134	e16_ji1_CTAGGTACAACCGTAT
8135	e16_ji1_CTAGGTACAAGCACCC
8136	e16_ji1_CTAGGTAGTTATCTGG
8137	e16_ji1_CTAGGTATCCTGCTAC
8138	e16_ji1_CTAGGTATCGCGATCG
8139	e16_ji1_CTAGGTATCGGTCAGC
8140	e16_ji1_CTATAGGCAATCGCGC
8141	e16_ji1_CTATAGGCACCAAAGG
8142	e16_ji1_CTATAGGCACGCTGTG
8143	e16_ji1_CTATAGGCAGTATGAA
8144	e16_ji1_CTATAGGCATGTTCAG
8145	e16_ji1_CTATAGGGTATCACGT
8146	e16_ji1_CTATAGGTCCCTGTTG
8147	e16_ji1_CTATAGGTCCGACGGT
8148	e16_ji1_CTATAGGTCTGAATCG
8149	e16_ji1_CTATCCGCAATCTCTT
8150	e16_ji1_CTATCCGCAGCCTACG
8151	e16_ji1_CTATCCGCAGGATGAC
8152	e16_ji1_CTATCCGCATACTTTC
8153	e16_ji1_CTATCCGGTTGTGCAT
8154	e16_ji1_CTATCTAAGCAGGTCA
8155	e16_ji1_CTATCTAAGTTAGAAC
8156	e16_ji1_CTATCTACATGACACT
8157	e16_ji1_CTATCTAGTGAGATTA
8158	e16_ji1_CTATCTATCCGAACGC
8159	e16_ji1_CTATCTATCGCAGAGA
8160	e16_ji1_CTCAACCAGACCGCCT
8161	e16_ji1_CTCAACCAGATACGAT
8162	e16_ji1_CTCAACCAGCAGGCAT
8163	e16_ji1_CTCAACCCAAACCATC
8164	e16_ji1_CTCAACCCACAAGTTC
8165	e16_ji1_CTCAACCCACACTTAG
8166	e16_ji1_CTCAACCCACGCTGCA
8167	e16_ji1_CTCAACCGTGGGCTCT
8168	e16_ji1_CTCAACCGTTTGGCTA
8169	e16_ji1_CTCAACCTCCCAAGTA
8170	e16_ji1_CTCAAGACAAACACCT
8171	e16_ji1_CTCAAGACAAGCAATA
8172	e16_ji1_CTCAAGACAGGCTTGC
8173	e16_ji1_CTCAAGAGTGATCGTT
8174	e16_ji1_CTCAAGATCATCAGTG
8175	e16_ji1_CTCAAGATCGCCCAGA
8176	e16_ji1_CTCAATTAGATTAGAC
8177	e16_ji1_CTCAATTAGGCGATAC
8178	e16_ji1_CTCAATTCACAACGAG
8179	e16_ji1_CTCAATTCATGTTCAG
8180	e16_ji1_CTCAATTGTGCATCTA
8181	e16_ji1_CTCAATTGTGTGCCTG
8182	e16_ji1_CTCAATTGTTCTTCAT
8183	e16_ji1_CTCAATTTCGAGAAAT
8184	e16_ji1_CTCACTGAGCACGATG
8185	e16_ji1_CTCACTGAGCGTACAG
8186	e16_ji1_CTCACTGCAATGGCCC
8187	e16_ji1_CTCACTGCACGACGTC
8188	e16_ji1_CTCACTGCAGCGACCT
8189	e16_ji1_CTCACTGCAGTTCCAA
8190	e16_ji1_CTCACTGGTAACACCT
8191	e16_ji1_CTCACTGGTGTCTCCT
8192	e16_ji1_CTCACTGTCATAGAGA
8193	e16_ji1_CTCACTGTCGTCAGAT
8194	e16_ji1_CTCAGAAAGGGTCAAC
8195	e16_ji1_CTCAGAACAATACCCA
8196	e16_ji1_CTCAGAACAATTAGGA
8197	e16_ji1_CTCAGAACAGCGTACC
8198	e16_ji1_CTCAGAACAGCTCTGG
8199	e16_ji1_CTCAGAACAGGTTCAT
8200	e16_ji1_CTCAGAAGTTCAATCG
8201	e16_ji1_CTCAGAAGTTTGGCTA
8202	e16_ji1_CTCAGAATCACAGTGT
8203	e16_ji1_CTCAGAATCGCTTACC
8204	e16_ji1_CTCAGAATCTAGCCAA
8205	e16_ji1_CTCAGGGAGGTTCATC
8206	e16_ji1_CTCAGGGAGTATGAAC
8207	e16_ji1_CTCAGGGCACACAGCC
8208	e16_ji1_CTCAGGGGTAGATTAG
8209	e16_ji1_CTCAGGGGTCAGATTC
8210	e16_ji1_CTCAGGGGTGGACTAG
8211	e16_ji1_CTCAGGGGTGGTCTGC
8212	e16_ji1_CTCAGGGGTTGTGTTG
8213	e16_ji1_CTCAGGGTCATTGCTT
8214	e16_ji1_CTCAGTCAGAGAAGGT
8215	e16_ji1_CTCAGTCAGATTACCC
8216	e16_ji1_CTCAGTCAGCATGGGT
8217	e16_ji1_CTCAGTCAGGCCTGAA
8218	e16_ji1_CTCAGTCCACAAAGCG
8219	e16_ji1_CTCAGTCCAGCAATTC
8220	e16_ji1_CTCAGTCCAGGCGATA
8221	e16_ji1_CTCAGTCCATTCTCCG
8222	e16_ji1_CTCAGTCGTCGTTGGC
8223	e16_ji1_CTCAGTCGTTAAGACA
8224	e16_ji1_CTCAGTCGTTCCACAA
8225	e16_ji1_CTCAGTCTCCGTGACG
8226	e16_ji1_CTCATCGAGGCACAAC
8227	e16_ji1_CTCATCGAGTTGGAGC
8228	e16_ji1_CTCATCGCATCAGTCA
8229	e16_ji1_CTCATCGGTCCGGTCA
8230	e16_ji1_CTCATCGTCGACACTA
8231	e16_ji1_CTCATGCAGCGTTAGG
8232	e16_ji1_CTCATGCAGGCATGCA
8233	e16_ji1_CTCATGCAGTCTTCGA
8234	e16_ji1_CTCATGCCACTAGGTT
8235	e16_ji1_CTCATGCCAGCTGTTA
8236	e16_ji1_CTCATGCCATGCTGCG
8237	e16_ji1_CTCATGCGTAAGAACT
8238	e16_ji1_CTCATGCGTACGGTTT
8239	e16_ji1_CTCATGCGTATGCGGA
8240	e16_ji1_CTCATGCTCAAACCCA
8241	e16_ji1_CTCATGCTCACCTTGC
8242	e16_ji1_CTCATTAAGACTACCT
8243	e16_ji1_CTCATTAAGGAATCGC
8244	e16_ji1_CTCATTAAGTCATGCT
8245	e16_ji1_CTCATTAGTATGCGTT
8246	e16_ji1_CTCATTATCAACACCA
8247	e16_ji1_CTCATTATCACGAACT
8248	e16_ji1_CTCATTATCCATTGGA
8249	e16_ji1_CTCATTATCCCTTCCC
8250	e16_ji1_CTCATTATCCGTACGG
8251	e16_ji1_CTCATTATCTCTCGCA
8252	e16_ji1_CTCATTATCTGCTTAT
8253	e16_ji1_CTCCAACAGGGAGGGT
8254	e16_ji1_CTCCAACAGGTGCGAT
8255	e16_ji1_CTCCAACCAACAGTGG
8256	e16_ji1_CTCCAACCAAGTCCCG
8257	e16_ji1_CTCCAACCAAGTGGTG
8258	e16_ji1_CTCCAACCACGGTGCT
8259	e16_ji1_CTCCAACCAGCGTTGC
8260	e16_ji1_CTCCAACGTGAACCGA
8261	e16_ji1_CTCCAACGTTGCTCCT
8262	e16_ji1_CTCCAACTCAAGGTGG
8263	e16_ji1_CTCCAACTCATTACGG
8264	e16_ji1_CTCCACAAGCGTGAAC
8265	e16_ji1_CTCCACAAGTGACACG
8266	e16_ji1_CTCCACAAGTTCATGC
8267	e16_ji1_CTCCACACAGACAAGC
8268	e16_ji1_CTCCACACATTGAAGA
8269	e16_ji1_CTCCACAGTCGCATCG
8270	e16_ji1_CTCCACATCACTAGCA
8271	e16_ji1_CTCCACATCCTGCTAC
8272	e16_ji1_CTCCACATCGGTTAGT
8273	e16_ji1_CTCCACATCTATTCGT
8274	e16_ji1_CTCCACATCTCGACGG
8275	e16_ji1_CTCCATGAGACCCTTA
8276	e16_ji1_CTCCATGCAATGCAGG
8277	e16_ji1_CTCCATGCAATTTCTC
8278	e16_ji1_CTCCATGCACATAGCT
8279	e16_ji1_CTCCATGCACTTGACA
8280	e16_ji1_CTCCATGGTCTTTATC
8281	e16_ji1_CTCCATGGTGATCATC
8282	e16_ji1_CTCCATGGTGCGCTCA
8283	e16_ji1_CTCCATGGTGCTCCGA
8284	e16_ji1_CTCCATGGTTGTACGT
8285	e16_ji1_CTCCATGGTTGTGGAG
8286	e16_ji1_CTCCATGGTTTAGACC
8287	e16_ji1_CTCCATGTCGACGAGA
8288	e16_ji1_CTCCATGTCGCGGACT
8289	e16_ji1_CTCCCAAAGCAAGTGC
8290	e16_ji1_CTCCCAAAGCAGTCTT
8291	e16_ji1_CTCCCAAAGTAATACG
8292	e16_ji1_CTCCCAACACCGTCTT
8293	e16_ji1_CTCCCAACACCTCGTT
8294	e16_ji1_CTCCCAAGTAGTCTTG
8295	e16_ji1_CTCCCAAGTCTACATG
8296	e16_ji1_CTCCCAAGTGGAACCA
8297	e16_ji1_CTCCCAATCCCAACTC
8298	e16_ji1_CTCCCAATCGTAGCTA
8299	e16_ji1_CTCCCAATCTAAGCCA
8300	e16_ji1_CTCCCTCAGATTTGCC
8301	e16_ji1_CTCCCTCAGGAAGAAC
8302	e16_ji1_CTCCCTCAGGCACCAA
8303	e16_ji1_CTCCCTCCACAGCTGC
8304	e16_ji1_CTCCCTCCACATGACT
8305	e16_ji1_CTCCCTCCATCCTATT
8306	e16_ji1_CTCCCTCGTGGTCTAT
8307	e16_ji1_CTCCCTCTCACGAGGA
8308	e16_ji1_CTCCCTCTCACGGTCG
8309	e16_ji1_CTCCCTCTCGACATCA
8310	e16_ji1_CTCCGATCACGTCATA
8311	e16_ji1_CTCCGATCAGCTACCG
8312	e16_ji1_CTCCGATCATGGATCT
8313	e16_ji1_CTCCGATTCCACCTCA
8314	e16_ji1_CTCCGATTCTGAGATC
8315	e16_ji1_CTCCTCCAGAAACTCA
8316	e16_ji1_CTCCTCCAGACCATTC
8317	e16_ji1_CTCCTCCAGGCCACCT
8318	e16_ji1_CTCCTCCCAAGTATCC
8319	e16_ji1_CTCCTCCCACTCCTTG
8320	e16_ji1_CTCCTCCGTTGGAGAC
8321	e16_ji1_CTCCTCCTCGAACGCC
8322	e16_ji1_CTCCTTTCATCCGAGC
8323	e16_ji1_CTCCTTTCATTGACTG
8324	e16_ji1_CTCCTTTGTCCTGGGT
8325	e16_ji1_CTCCTTTTCTCGTGGG
8326	e16_ji1_CTCGAGGAGCATCCTA
8327	e16_ji1_CTCGAGGAGCTCGTGC
8328	e16_ji1_CTCGAGGAGTTGCCCG
8329	e16_ji1_CTCGAGGCACGCACCA
8330	e16_ji1_CTCGAGGCACTAGTAC
8331	e16_ji1_CTCGAGGGTATTTCGG
8332	e16_ji1_CTCGAGGGTCAACGCC
8333	e16_ji1_CTCGAGGGTGGGTCAA
8334	e16_ji1_CTCGAGGTCGGAGCAA
8335	e16_ji1_CTCGAGGTCGGATACT
8336	e16_ji1_CTCGAGGTCTGAATCG
8337	e16_ji1_CTCTCAGAGATACAGT
8338	e16_ji1_CTCTCAGAGCTAGAAT
8339	e16_ji1_CTCTCAGAGGTAGACC
8340	e16_ji1_CTCTCAGGTCACCGCA
8341	e16_ji1_CTCTCAGGTCCAACGC
8342	e16_ji1_CTCTCAGGTGATCATC
8343	e16_ji1_CTCTCAGGTGGTCAAG
8344	e16_ji1_CTCTCAGGTTACGGAG
8345	e16_ji1_CTCTCAGTCACCGGGT
8346	e16_ji1_CTCTCAGTCCATTCGC
8347	e16_ji1_CTCTCAGTCCGAACGC
8348	e16_ji1_CTCTCAGTCTTTGATC
8349	e16_ji1_CTCTCGAAGATCCGAG
8350	e16_ji1_CTCTCGAAGTGCACTT
8351	e16_ji1_CTCTCGACAGCCTTCT
8352	e16_ji1_CTCTCGACAGTAACCT
8353	e16_ji1_CTCTCGACATCCTAAG
8354	e16_ji1_CTCTCGAGTAGACAGC
8355	e16_ji1_CTCTCGAGTTCATCTT
8356	e16_ji1_CTCTCGATCGATTGAC
8357	e16_ji1_CTCTGGTAGCGGTAAC
8358	e16_ji1_CTCTGGTAGGATTCAA
8359	e16_ji1_CTCTGGTAGGTTATAG
8360	e16_ji1_CTCTGGTCAGCAAGAC
8361	e16_ji1_CTCTGGTCAGCTGTCG
8362	e16_ji1_CTCTGGTGTTACACAC
8363	e16_ji1_CTCTGGTTCTTCTCAA
8364	e16_ji1_CTGAATGAGCCTTTGA
8365	e16_ji1_CTGAATGCAGACCATT
8366	e16_ji1_CTGAATGTCGCTCATC
8367	e16_ji1_CTGAGCGAGGGCAAGG
8368	e16_ji1_CTGAGCGCAAGATGTA
8369	e16_ji1_CTGAGCGCATGCGGTC
8370	e16_ji1_CTGAGCGCATGGACAG
8371	e16_ji1_CTGAGGCAGCCTCAAT
8372	e16_ji1_CTGAGGCAGCGTCTGC
8373	e16_ji1_CTGAGGCAGGATCATA
8374	e16_ji1_CTGAGGCAGGTAAGTT
8375	e16_ji1_CTGAGGCCAAATAGCA
8376	e16_ji1_CTGAGGCCAGCTACTA
8377	e16_ji1_CTGAGGCCATGGGAAC
8378	e16_ji1_CTGAGGCTCGCACGAC
8379	e16_ji1_CTGAGGCTCGGATTAC
8380	e16_ji1_CTGATCCAGTAGGAAG
8381	e16_ji1_CTGATCCCAAGACAAT
8382	e16_ji1_CTGATCCCACTCCCTA
8383	e16_ji1_CTGATCCCAGGACAGT
8384	e16_ji1_CTGATCCCAGTGTACT
8385	e16_ji1_CTGATCCCATCCCACT
8386	e16_ji1_CTGATCCGTTAAACCC
8387	e16_ji1_CTGATCCTCACCTCTG
8388	e16_ji1_CTGATCCTCCAACCAA
8389	e16_ji1_CTGATCCTCCGCTTAC
8390	e16_ji1_CTGATCCTCCTAGCGG
8391	e16_ji1_CTGATCCTCGTGGCTG
8392	e16_ji1_CTGATCCTCTCTGACC
8393	e16_ji1_CTGATCCTCTGGGAGA
8394	e16_ji1_CTGATCCTCTTAAGGC
8395	e16_ji1_CTGCAGGAGGCTAACG
8396	e16_ji1_CTGCAGGAGTGATTCC
8397	e16_ji1_CTGCAGGCAGGGACTA
8398	e16_ji1_CTGCAGGCATCGCCTT
8399	e16_ji1_CTGCAGGGTACACGCC
8400	e16_ji1_CTGCAGGGTAGTCTGT
8401	e16_ji1_CTGCAGGGTATTGGCT
8402	e16_ji1_CTGCAGGGTGAATAAC
8403	e16_ji1_CTGCAGGGTTGTTGCA
8404	e16_ji1_CTGCAGGTCACTGTTT
8405	e16_ji1_CTGCAGGTCTGAGTCA
8406	e16_ji1_CTGCATCAGCACTTTG
8407	e16_ji1_CTGCATCAGGGCAGGA
8408	e16_ji1_CTGCATCAGTATGTAG
8409	e16_ji1_CTGCATCTCACATACG
8410	e16_ji1_CTGCATCTCGCGTTTC
8411	e16_ji1_CTGCCATAGCTGACTT
8412	e16_ji1_CTGCCATAGGAACGTC
8413	e16_ji1_CTGCCATCAGCAAGAC
8414	e16_ji1_CTGCCATCATACAGAA
8415	e16_ji1_CTGCCATGTTCAAACC
8416	e16_ji1_CTGCCATTCCACGGAC
8417	e16_ji1_CTGCCATTCCTCCACA
8418	e16_ji1_CTGCCTACAACTGATC
8419	e16_ji1_CTGCCTACAGAGAGGG
8420	e16_ji1_CTGCCTACAGATCCAT
8421	e16_ji1_CTGCCTACAGCAGAAC
8422	e16_ji1_CTGCCTAGTCCTCCAT
8423	e16_ji1_CTGCCTATCGCCACTT
8424	e16_ji1_CTGCCTATCTGTGCTC
8425	e16_ji1_CTGCGAGAGCCTCCAG
8426	e16_ji1_CTGCGAGCAAGCTGTT
8427	e16_ji1_CTGCGAGCACCAGCGT
8428	e16_ji1_CTGCGAGCATGGCCCA
8429	e16_ji1_CTGCGAGGTGCATTAC
8430	e16_ji1_CTGCGAGGTTCTCTCG
8431	e16_ji1_CTGCGAGTCGACGCTG
8432	e16_ji1_CTGCTCAAGAGTCACG
8433	e16_ji1_CTGCTCACAAATCAAG
8434	e16_ji1_CTGCTCACAATAAGGT
8435	e16_ji1_CTGCTCAGTGTTCCTC
8436	e16_ji1_CTGCTCATCGACGCGT
8437	e16_ji1_CTGGACGAGAAACCCG
8438	e16_ji1_CTGGACGAGGCACTAG
8439	e16_ji1_CTGGACGAGGTACTGG
8440	e16_ji1_CTGGACGCAACGACAG
8441	e16_ji1_CTGGACGCACTCCGGA
8442	e16_ji1_CTGGACGCAGATTAAG
8443	e16_ji1_CTGGACGCATTCATCT
8444	e16_ji1_CTGGACGGTGGATTTC
8445	e16_ji1_CTGGACGTCAGGTGTT
8446	e16_ji1_CTGGACGTCATCGCAA
8447	e16_ji1_CTGGACGTCCCGATCT
8448	e16_ji1_CTGGACGTCGGCTTGG
8449	e16_ji1_CTGGCAGAGCCTCTTC
8450	e16_ji1_CTGGCAGAGTCTGCAT
8451	e16_ji1_CTGGCAGCAAACAGGC
8452	e16_ji1_CTGGCAGCAAGGGTCA
8453	e16_ji1_CTGGCAGCAATCTCGA
8454	e16_ji1_CTGGCAGCAGAACGCA
8455	e16_ji1_CTGGCAGGTATCGTGT
8456	e16_ji1_CTGGCAGTCGTTCTGC
8457	e16_ji1_CTGGTCTAGACATCCT
8458	e16_ji1_CTGGTCTAGCGAAACC
8459	e16_ji1_CTGGTCTCAAGAAATC
8460	e16_ji1_CTGGTCTCACGATAGG
8461	e16_ji1_CTGGTCTCACGTTCGG
8462	e16_ji1_CTGGTCTCAGAAGTGC
8463	e16_ji1_CTGGTCTCAGCGTTTA
8464	e16_ji1_CTGGTCTCATATCTGG
8465	e16_ji1_CTGGTCTGTCCACACG
8466	e16_ji1_CTGGTCTTCCGTGACG
8467	e16_ji1_CTGGTCTTCTTGTTAC
8468	e16_ji1_CTGTACCAGTTGGCTT
8469	e16_ji1_CTGTACCCACACCGCA
8470	e16_ji1_CTGTACCCACAGTATC
8471	e16_ji1_CTGTACCCAGACGGAT
8472	e16_ji1_CTGTACCCAGGAACCA
8473	e16_ji1_CTGTACCCATCCTAAG
8474	e16_ji1_CTGTACCGTCCTACGG
8475	e16_ji1_CTGTACCGTTATTCTC
8476	e16_ji1_CTGTACCTCATACGAC
8477	e16_ji1_CTGTAGAAGAGAGCCT
8478	e16_ji1_CTGTAGAAGCTACAAA
8479	e16_ji1_CTGTAGAAGTCACTAC
8480	e16_ji1_CTGTAGACAGTCACGC
8481	e16_ji1_CTGTAGAGTAGTTACC
8482	e16_ji1_CTGTAGAGTGAACTAA
8483	e16_ji1_CTGTAGAGTTTCTATC
8484	e16_ji1_CTGTAGATCGGTCAGC
8485	e16_ji1_CTGTAGATCTCAATCT
8486	e16_ji1_CTGTATTAGTCATTGC
8487	e16_ji1_CTGTATTCAGACCAAG
8488	e16_ji1_CTGTATTCAGGTTACT
8489	e16_ji1_CTGTATTCATAATGCC
8490	e16_ji1_CTGTATTCATCGGCCA
8491	e16_ji1_CTGTATTTCTATTTCG
8492	e16_ji1_CTGTCGTCAGTGGCTC
8493	e16_ji1_CTGTCGTGTCACGTGC
8494	e16_ji1_CTGTCGTGTGTATTGC
8495	e16_ji1_CTGTCGTTCAGGACGA
8496	e16_ji1_CTGTGAAAGAGGTATT
8497	e16_ji1_CTGTGAACAAGCAATA
8498	e16_ji1_CTGTGAACAATGCAGG
8499	e16_ji1_CTGTGAACACCGTGAC
8500	e16_ji1_CTGTGAACATCTCAAG
8501	e16_ji1_CTGTGAATCCAAGGGA
8502	e16_ji1_CTGTGGGAGTATGAAC
8503	e16_ji1_CTGTGGGAGTGGAAAG
8504	e16_ji1_CTGTGGGCAACCGCCA
8505	e16_ji1_CTGTGGGCAATCAGCT
8506	e16_ji1_CTGTGGGCAGATACTC
8507	e16_ji1_CTGTGGGCATCCGTGG
8508	e16_ji1_CTGTGGGGTGCGAGTA
8509	e16_ji1_CTGTGGGTCATTCCTA
8510	e16_ji1_CTTACCGAGCAGGCAT
8511	e16_ji1_CTTACCGCACGTTCGG
8512	e16_ji1_CTTACCGCAGCTGAGA
8513	e16_ji1_CTTACCGCATGACGTT
8514	e16_ji1_CTTACCGTCACTTGTT
8515	e16_ji1_CTTACCGTCGCTTTAT
8516	e16_ji1_CTTAGGAAGAGCATCG
8517	e16_ji1_CTTAGGAAGGAGGGTG
8518	e16_ji1_CTTAGGACAAAGCTCT
8519	e16_ji1_CTTAGGACACATCATG
8520	e16_ji1_CTTAGGAGTACAGTCT
8521	e16_ji1_CTTAGGAGTAGCTTGT
8522	e16_ji1_CTTAGGAGTTGATGTC
8523	e16_ji1_CTTAGGATCCCTCTTT
8524	e16_ji1_CTTCAATAGACTCCGC
8525	e16_ji1_CTTCAATAGCCATCCG
8526	e16_ji1_CTTCAATAGCTTGTTG
8527	e16_ji1_CTTCAATAGGACAGTC
8528	e16_ji1_CTTCAATAGTCACGAG
8529	e16_ji1_CTTCAATAGTTCATGC
8530	e16_ji1_CTTCAATCAAGTAGTA
8531	e16_ji1_CTTCAATCACCAGTTA
8532	e16_ji1_CTTCAATCACTGAGTT
8533	e16_ji1_CTTCAATCATTGCAAC
8534	e16_ji1_CTTCAATGTGCCTATA
8535	e16_ji1_CTTCAATGTGCGTCGT
8536	e16_ji1_CTTCAATGTTCAAGGG
8537	e16_ji1_CTTCAATTCCAACACA
8538	e16_ji1_CTTCAATTCCGCGAGT
8539	e16_ji1_CTTCAATTCTTCCAGC
8540	e16_ji1_CTTCCGAAGAATCTAG
8541	e16_ji1_CTTCCGAAGGAACATT
8542	e16_ji1_CTTCCGAAGGTTGCCC
8543	e16_ji1_CTTCCGACAAGCCCAC
8544	e16_ji1_CTTCCGACACGAGGAT
8545	e16_ji1_CTTCCGACATTGCTGA
8546	e16_ji1_CTTCCGAGTCTGATAC
8547	e16_ji1_CTTCCGAGTGTCTAAC
8548	e16_ji1_CTTCCGATCCCGAGGT
8549	e16_ji1_CTTCCGATCTCAACCC
8550	e16_ji1_CTTCCGATCTCGGCTT
8551	e16_ji1_CTTCCTTAGTTGGAGC
8552	e16_ji1_CTTCCTTCACGTTCGG
8553	e16_ji1_CTTCCTTGTGTCCTAA
8554	e16_ji1_CTTCCTTGTTCGGTCG
8555	e16_ji1_CTTCCTTGTTGTTTGG
8556	e16_ji1_CTTCCTTTCCAAACCA
8557	e16_ji1_CTTCCTTTCCGCGATG
8558	e16_ji1_CTTCCTTTCGACGCGT
8559	e16_ji1_CTTCCTTTCTCGTCGT
8560	e16_ji1_CTTCCTTTCTGTCCGT
8561	e16_ji1_CTTCGGTAGCATGGGT
8562	e16_ji1_CTTCGGTGTCCATCTC
8563	e16_ji1_CTTCGGTGTCTAGGTT
8564	e16_ji1_CTTCGGTTCCTCTAGC
8565	e16_ji1_CTTCGGTTCTTCTGTA
8566	e16_ji1_CTTCTAAAGCATGCAG
8567	e16_ji1_CTTCTAAAGCGTACAG
8568	e16_ji1_CTTCTAACACACCGAC
8569	e16_ji1_CTTCTAACATCCGAAT
8570	e16_ji1_CTTCTAAGTACCAATC
8571	e16_ji1_CTTCTAATCCACTTCG
8572	e16_ji1_CTTCTAATCTGTCGCT
8573	e16_ji1_CTTCTCTCACACACGC
8574	e16_ji1_CTTCTCTCAGGGTCTC
8575	e16_ji1_CTTCTCTCATATAGCC
8576	e16_ji1_CTTCTCTGTAGGTGCA
8577	e16_ji1_CTTCTCTTCATCTCTA
8578	e16_ji1_CTTCTCTTCATGCATG
8579	e16_ji1_CTTCTCTTCATTACTC
8580	e16_ji1_CTTCTCTTCGCTTAAG
8581	e16_ji1_CTTGAGAAGGGACAGG
8582	e16_ji1_CTTGAGAAGTACAGCG
8583	e16_ji1_CTTGAGAAGTCCTACA
8584	e16_ji1_CTTGAGACAATGGCAG
8585	e16_ji1_CTTGAGAGTCTGTGAT
8586	e16_ji1_CTTGAGAGTTCCGGTG
8587	e16_ji1_CTTGAGATCTCATTGT
8588	e16_ji1_CTTGAGATCTCCTGTG
8589	e16_ji1_CTTGATTAGCAGGGAG
8590	e16_ji1_CTTGATTAGGTCATAA
8591	e16_ji1_CTTGATTCAGGGATAC
8592	e16_ji1_CTTGATTCATCCTTGC
8593	e16_ji1_CTTGATTGTGTGAGCA
8594	e16_ji1_CTTGATTTCTGTTGGA
8595	e16_ji1_CTTTCAAAGATACATG
8596	e16_ji1_CTTTCAAGTAGCGCCT
8597	e16_ji1_CTTTCAAGTTATTCCT
8598	e16_ji1_CTTTCAAGTTCCATTT
8599	e16_ji1_CTTTCAATCAGACCTA
8600	e16_ji1_CTTTCAATCGCCTATC
8601	e16_ji1_CTTTCAATCGTCTACC
8602	e16_ji1_CTTTCGGAGTCCTACA
8603	e16_ji1_CTTTCGGCACCATATG
8604	e16_ji1_CTTTCGGGTCGAGATG
8605	e16_ji1_CTTTCGGGTGCCCAGT
8606	e16_ji1_CTTTCGGGTGCTCGTG
8607	e16_ji1_CTTTCGGGTGTAACGG
8608	e16_ji1_CTTTCGGTCGGATTAC
8609	e16_ji1_CTTTCGGTCTGAGAAA
8610	e16_ji1_CTTTCGGTCTTGGAAC
8611	e16_ji1_CTTTCGGTCTTTCTAG
8612	e16_ji1_GAAACCTAGATAACAC
8613	e16_ji1_GAAACCTAGATCCTAC
8614	e16_ji1_GAAACCTAGGCAGCTA
8615	e16_ji1_GAAACCTCAACAACAA
8616	e16_ji1_GAAACCTCACTGCGAC
8617	e16_ji1_GAAACCTGTCCAAAGG
8618	e16_ji1_GAAACCTGTTGTGCAT
8619	e16_ji1_GAAACCTTCCACCTCA
8620	e16_ji1_GAAACCTTCCGCTAGG
8621	e16_ji1_GAAATGACAACACAAA
8622	e16_ji1_GAAATGACAGCATACT
8623	e16_ji1_GAAATGACATACTGAC
8624	e16_ji1_GAAATGAGTATGATCC
8625	e16_ji1_GAAATGAGTTTCGATG
8626	e16_ji1_GAAATGATCAAGAATG
8627	e16_ji1_GAAATGATCATTTGTC
8628	e16_ji1_GAACACTAGGACAACC
8629	e16_ji1_GAACACTAGGTTGGAC
8630	e16_ji1_GAACACTAGTAACAGT
8631	e16_ji1_GAACACTAGTCCGCGT
8632	e16_ji1_GAACACTAGTTGCTGT
8633	e16_ji1_GAACACTCAATCGAAA
8634	e16_ji1_GAACACTCATCGGCCA
8635	e16_ji1_GAACACTGTATGTCTG
8636	e16_ji1_GAACACTGTGGGACAT
8637	e16_ji1_GAACGTTAGCGGTAAC
8638	e16_ji1_GAACGTTAGCGTGCCT
8639	e16_ji1_GAACGTTAGGTTAAAC
8640	e16_ji1_GAACGTTCACGCTGCA
8641	e16_ji1_GAACGTTCACGGGCTT
8642	e16_ji1_GAACGTTCACTTGAAC
8643	e16_ji1_GAACGTTCAGGACTTT
8644	e16_ji1_GAACGTTGTTCGGCGT
8645	e16_ji1_GAACGTTTCAAAGAAC
8646	e16_ji1_GAACGTTTCAGCAGAG
8647	e16_ji1_GAACGTTTCATCTCTA
8648	e16_ji1_GAACTGTAGAAGTATC
8649	e16_ji1_GAACTGTAGACTACGG
8650	e16_ji1_GAACTGTCACTCACTC
8651	e16_ji1_GAACTGTGTAGCTGAG
8652	e16_ji1_GAACTGTGTCTTCGAA
8653	e16_ji1_GAACTGTTCGACACTA
8654	e16_ji1_GAACTGTTCTCTGACC
8655	e16_ji1_GAAGAATAGTGCACCC
8656	e16_ji1_GAAGAATCAGGTACGA
8657	e16_ji1_GAAGAATGTATAGGGC
8658	e16_ji1_GAAGCCCAGGAGGCAG
8659	e16_ji1_GAAGCCCAGTAACCTC
8660	e16_ji1_GAAGCCCAGTAGGTTA
8661	e16_ji1_GAAGCCCCAACTTCTT
8662	e16_ji1_GAAGCCCCACACACTA
8663	e16_ji1_GAAGCCCGTGACCGAA
8664	e16_ji1_GAAGCCCGTGTCACAT
8665	e16_ji1_GAAGCCCTCAGCCCAG
8666	e16_ji1_GAAGCCCTCAGGACGA
8667	e16_ji1_GAAGCGAAGTGTTGTC
8668	e16_ji1_GAAGCGACATTACGGT
8669	e16_ji1_GAAGCGATCCATACTT
8670	e16_ji1_GAAGGACAGAGTGGCT
8671	e16_ji1_GAAGGACAGGCCACCT
8672	e16_ji1_GAAGGACCAACTAGAA
8673	e16_ji1_GAAGGACCAGGTTCGC
8674	e16_ji1_GAAGGACCATGTGGTT
8675	e16_ji1_GAAGGACGTCACTCGG
8676	e16_ji1_GAAGGACGTCGCATGC
8677	e16_ji1_GAAGGACGTGTGTCGC
8678	e16_ji1_GAAGGACTCCCATTCG
8679	e16_ji1_GAAGGGTCACTTCCTG
8680	e16_ji1_GAAGGGTTCGGCATTA
8681	e16_ji1_GAAGGGTTCGTAGTGT
8682	e16_ji1_GAAGTAAAGAGTGACC
8683	e16_ji1_GAAGTAACAATGCTCA
8684	e16_ji1_GAAGTAACAGACAAAT
8685	e16_ji1_GAAGTAACATCGGATT
8686	e16_ji1_GAAGTAAGTACTAACC
8687	e16_ji1_GAAGTAAGTTGCCGCA
8688	e16_ji1_GAAGTAATCAAACGTC
8689	e16_ji1_GAAGTAATCTCATGCC
8690	e16_ji1_GAATAGAAGCTCATAC
8691	e16_ji1_GAATAGAAGTCCCAGC
8692	e16_ji1_GAATAGAAGTTGAAGT
8693	e16_ji1_GAATAGACAACTGCTA
8694	e16_ji1_GAATAGACACTAGGCC
8695	e16_ji1_GAATAGACATTACTCT
8696	e16_ji1_GAATAGATCAAAGGTA
8697	e16_ji1_GAATAGATCAATGCAC
8698	e16_ji1_GAATAGATCAGCTAGT
8699	e16_ji1_GAATAGATCCTAAACG
8700	e16_ji1_GAATAGATCGGTGTAT
8701	e16_ji1_GAATCACAGATTGAGT
8702	e16_ji1_GAATCACCACAGTCGC
8703	e16_ji1_GAATCACCACGACTAT
8704	e16_ji1_GAATCACCATCTGTTT
8705	e16_ji1_GAATCACGTCTGATAC
8706	e16_ji1_GAATCACGTTTATGCG
8707	e16_ji1_GAATCACTCTCGGCTT
8708	e16_ji1_GAATCGTAGTTGTAGA
8709	e16_ji1_GAATCGTCAAAGGGTC
8710	e16_ji1_GAATCGTCAATTCTTC
8711	e16_ji1_GAATCGTCAGCACCCA
8712	e16_ji1_GAATCGTGTAAGTTAG
8713	e16_ji1_GAATCGTGTACGGATG
8714	e16_ji1_GAATCGTTCGGTTGTA
8715	e16_ji1_GACACGCAGCAAATCA
8716	e16_ji1_GACACGCCAATCCAGT
8717	e16_ji1_GACACGCCACAGAGCA
8718	e16_ji1_GACACGCCACCTGCAG
8719	e16_ji1_GACACGCCACGCGTGT
8720	e16_ji1_GACACGCCATTGCAAC
8721	e16_ji1_GACACGCGTAGGACTG
8722	e16_ji1_GACACGCGTGAATAAC
8723	e16_ji1_GACACGCGTTACCTTT
8724	e16_ji1_GACACGCGTTCACCGG
8725	e16_ji1_GACACGCTCAGCTTGA
8726	e16_ji1_GACACGCTCTGGCCAG
8727	e16_ji1_GACAGCCAGGCGAACT
8728	e16_ji1_GACAGCCAGGTAAGAG
8729	e16_ji1_GACAGCCCACTCCTGT
8730	e16_ji1_GACAGCCCAGATTTCG
8731	e16_ji1_GACAGCCGTAAGGCTG
8732	e16_ji1_GACATCAAGCGGTATG
8733	e16_ji1_GACATCACATCGGCCA
8734	e16_ji1_GACATCAGTCCACATA
8735	e16_ji1_GACATCAGTGTATCCA
8736	e16_ji1_GACATCATCATTTACC
8737	e16_ji1_GACATCATCTAGTTCT
8738	e16_ji1_GACCAATAGGCCTAAG
8739	e16_ji1_GACCAATCAGCTTCCT
8740	e16_ji1_GACCAATGTCATACCA
8741	e16_ji1_GACCAATTCCTTGGAA
8742	e16_ji1_GACCAATTCGAAGCCC
8743	e16_ji1_GACCAATTCGCTTTAT
8744	e16_ji1_GACCAATTCGTACCTC
8745	e16_ji1_GACCAATTCTGATTCT
8746	e16_ji1_GACCCAGAGCTCGGCT
8747	e16_ji1_GACCCAGCAAGCTCTA
8748	e16_ji1_GACCCAGCAATACGCT
8749	e16_ji1_GACCCAGGTTTCGGCG
8750	e16_ji1_GACCCAGTCAGGAAGC
8751	e16_ji1_GACCCAGTCCATTTCA
8752	e16_ji1_GACCCTTAGGCTTAAA
8753	e16_ji1_GACCCTTAGTGTTGAA
8754	e16_ji1_GACCCTTCACAGAGAC
8755	e16_ji1_GACCCTTCACTGGCGT
8756	e16_ji1_GACCCTTCATCGATAC
8757	e16_ji1_GACCCTTGTAGTCACT
8758	e16_ji1_GACCCTTGTATGTCAC
8759	e16_ji1_GACCCTTTCTCGCAGG
8760	e16_ji1_GACCGTGCATTCTGTT
8761	e16_ji1_GACCGTGGTAACATGA
8762	e16_ji1_GACCGTGGTACCTATG
8763	e16_ji1_GACCGTGGTGACTATC
8764	e16_ji1_GACCGTGTCGACTCCT
8765	e16_ji1_GACCGTGTCGGCAGTC
8766	e16_ji1_GACCGTGTCGTGCACG
8767	e16_ji1_GACCTTCAGACCAAGC
8768	e16_ji1_GACCTTCAGCGGTAGT
8769	e16_ji1_GACCTTCGTAACTTCG
8770	e16_ji1_GACCTTCGTATTCTCT
8771	e16_ji1_GACCTTCGTCTGTGGC
8772	e16_ji1_GACCTTCGTGGTAACG
8773	e16_ji1_GACCTTCTCCCATAGA
8774	e16_ji1_GACCTTCTCCCGTTGT
8775	e16_ji1_GACCTTCTCGCTGATA
8776	e16_ji1_GACCTTCTCTAGAGCT
8777	e16_ji1_GACCTTCTCTGTGCAA
8778	e16_ji1_GACGCTGCACTACTTT
8779	e16_ji1_GACGCTGCAGCGTAGA
8780	e16_ji1_GACGCTGCAGTCTGGC
8781	e16_ji1_GACGCTGGTAGGTGCA
8782	e16_ji1_GACGCTGGTGGATCAG
8783	e16_ji1_GACGCTGGTTGGCCGT
8784	e16_ji1_GACGCTGTCTCCCAAC
8785	e16_ji1_GACGTTACAACAAGAT
8786	e16_ji1_GACGTTACAGTAGGAC
8787	e16_ji1_GACGTTACATAACAGA
8788	e16_ji1_GACGTTAGTAATGTGA
8789	e16_ji1_GACGTTAGTACTAGCT
8790	e16_ji1_GACGTTAGTCACCTTC
8791	e16_ji1_GACGTTAGTCCTGTTC
8792	e16_ji1_GACGTTAGTTGCTGAT
8793	e16_ji1_GACGTTAGTTGCTTGA
8794	e16_ji1_GACGTTATCCCAAGCG
8795	e16_ji1_GACTATGAGATCCTAC
8796	e16_ji1_GACTATGAGCGCATCC
8797	e16_ji1_GACTATGCAAACGGCA
8798	e16_ji1_GACTATGCACATGGTT
8799	e16_ji1_GACTATGCACCCTCTA
8800	e16_ji1_GACTATGGTAGTCCTA
8801	e16_ji1_GACTATGTCACACCGG
8802	e16_ji1_GACTCAACACCCAAGC
8803	e16_ji1_GACTCAACATTCCTAT
8804	e16_ji1_GACTCAAGTTGTATGC
8805	e16_ji1_GACTCAATCAGTCCGG
8806	e16_ji1_GACTCTCAGAGTCGAC
8807	e16_ji1_GACTCTCCAAGTATAG
8808	e16_ji1_GACTCTCCAATAGAGT
8809	e16_ji1_GACTCTCCAGAACGCA
8810	e16_ji1_GACTCTCCATGACTGT
8811	e16_ji1_GACTCTCTCACACCGG
8812	e16_ji1_GACTCTCTCCGTATAG
8813	e16_ji1_GACTGATAGGTGAGCT
8814	e16_ji1_GACTGATAGTAAACAC
8815	e16_ji1_GACTGATCAATTCTCT
8816	e16_ji1_GACTGATCAGAGGCAT
8817	e16_ji1_GACTGATCAGCATGCC
8818	e16_ji1_GACTGATCAGCTGGTC
8819	e16_ji1_GACTGATGTTTGTTGG
8820	e16_ji1_GACTGATTCGCTCCTA
8821	e16_ji1_GACTTCCAGAAGTATC
8822	e16_ji1_GACTTCCAGCAATAGT
8823	e16_ji1_GACTTCCAGTGATGGC
8824	e16_ji1_GACTTCCCAGCATACT
8825	e16_ji1_GACTTCCCATCATGAC
8826	e16_ji1_GACTTCCGTCTCGGGT
8827	e16_ji1_GACTTCCTCATGAGTC
8828	e16_ji1_GAGAAATAGAATCTAG
8829	e16_ji1_GAGAAATAGGCTTAGG
8830	e16_ji1_GAGAAATAGGTGGCTA
8831	e16_ji1_GAGAAATCAAGAGGCT
8832	e16_ji1_GAGAAATTCACTTATC
8833	e16_ji1_GAGACCCAGCATCAGG
8834	e16_ji1_GAGACCCAGGAAACGA
8835	e16_ji1_GAGACCCCAATCGCCG
8836	e16_ji1_GAGACCCCATAGGTAA
8837	e16_ji1_GAGACCCTCAAAGACA
8838	e16_ji1_GAGACCCTCCCGAAAT
8839	e16_ji1_GAGACCCTCTGAGCAT
8840	e16_ji1_GAGACCCTCTGGCTGG
8841	e16_ji1_GAGACTTAGACTCTTG
8842	e16_ji1_GAGACTTAGAGTCTTC
8843	e16_ji1_GAGACTTAGATGCTTC
8844	e16_ji1_GAGACTTAGGGTGAGG
8845	e16_ji1_GAGACTTCAAGCTACT
8846	e16_ji1_GAGACTTCAATGCTCA
8847	e16_ji1_GAGACTTCAGGACTTT
8848	e16_ji1_GAGACTTGTAGCCAGA
8849	e16_ji1_GAGACTTGTGCTCGTG
8850	e16_ji1_GAGAGGTAGCAAATCA
8851	e16_ji1_GAGAGGTAGTCTGCAT
8852	e16_ji1_GAGAGGTCAAAGCAAT
8853	e16_ji1_GAGAGGTGTCGTACTA
8854	e16_ji1_GAGAGGTTCAACGTGT
8855	e16_ji1_GAGATGGAGTACTGTC
8856	e16_ji1_GAGATGGCAAACTAAG
8857	e16_ji1_GAGATGGCAAGCACCC
8858	e16_ji1_GAGATGGCATGCGGTC
8859	e16_ji1_GAGATGGGTACCAATC
8860	e16_ji1_GAGATGGTCCGTGACG
8861	e16_ji1_GAGATGGTCGATCCAA
8862	e16_ji1_GAGCCTGAGCCAGACA
8863	e16_ji1_GAGCCTGAGCGTCAAG
8864	e16_ji1_GAGCCTGAGTACAGCG
8865	e16_ji1_GAGCCTGCAAACCGGA
8866	e16_ji1_GAGCCTGCAAGTGCTT
8867	e16_ji1_GAGCCTGCAGGCTATT
8868	e16_ji1_GAGCCTGGTTCGAAGG
8869	e16_ji1_GAGCCTGTCCACCCTA
8870	e16_ji1_GAGCCTGTCTCTCGCA
8871	e16_ji1_GAGCCTGTCTCTGGTC
8872	e16_ji1_GAGCTGCAGAGCCCAA
8873	e16_ji1_GAGCTGCAGCCACTCG
8874	e16_ji1_GAGCTGCAGTAGTGCG
8875	e16_ji1_GAGCTGCCAAGAGTTA
8876	e16_ji1_GAGCTGCCATGTGACT
8877	e16_ji1_GAGCTGCGTTTGGGTT
8878	e16_ji1_GAGCTGCTCTGTAAGC
8879	e16_ji1_GAGGCAAAGAAACACT
8880	e16_ji1_GAGGCAAAGGCCACCT
8881	e16_ji1_GAGGCAACATGATGCT
8882	e16_ji1_GAGGCAAGTGCCTAAT
8883	e16_ji1_GAGGCAAGTTAGGGTG
8884	e16_ji1_GAGGCAAGTTCTGAGT
8885	e16_ji1_GAGGCAATCCAAGCCG
8886	e16_ji1_GAGGCCTAGAAGTCAT
8887	e16_ji1_GAGGCCTAGACCACGA
8888	e16_ji1_GAGGCCTAGCCTCAGC
8889	e16_ji1_GAGGCCTCACCCGTAG
8890	e16_ji1_GAGGCCTCACGCTGTG
8891	e16_ji1_GAGGCCTCAGAGGCTA
8892	e16_ji1_GAGGCCTCAGTGTATC
8893	e16_ji1_GAGGCCTTCATTTGTC
8894	e16_ji1_GAGGCCTTCGCATTGA
8895	e16_ji1_GAGGGATAGCGCCTCA
8896	e16_ji1_GAGGGATCAAGTACCT
8897	e16_ji1_GAGGGTAAGGGAGAAT
8898	e16_ji1_GAGGGTAAGGTAAGAG
8899	e16_ji1_GAGGGTACAAGACCGA
8900	e16_ji1_GAGGGTACATTCAGCA
8901	e16_ji1_GAGGGTAGTCTGTCAA
8902	e16_ji1_GAGGGTATCGGTAGAG
8903	e16_ji1_GAGGGTATCGTCAGAT
8904	e16_ji1_GAGGGTATCGTGCTCT
8905	e16_ji1_GAGGGTATCGTGGAAG
8906	e16_ji1_GAGTCATAGAGAGTGA
8907	e16_ji1_GAGTCATCAGGTTCGC
8908	e16_ji1_GAGTCATCATTGTACG
8909	e16_ji1_GAGTCATGTGGTCTGC
8910	e16_ji1_GAGTCATGTTATTCCT
8911	e16_ji1_GAGTCATTCGACGATT
8912	e16_ji1_GAGTCATTCGACGCTG
8913	e16_ji1_GAGTCTACAAACGGCA
8914	e16_ji1_GAGTCTACACGGTCTG
8915	e16_ji1_GAGTCTATCGGATAAA
8916	e16_ji1_GAGTCTATCTGAGGCC
8917	e16_ji1_GAGTGAGAGCGTGTCC
8918	e16_ji1_GAGTGAGCAGAGGAAA
8919	e16_ji1_GAGTGAGCATTCACAG
8920	e16_ji1_GAGTGAGTCGAACCAT
8921	e16_ji1_GAGTGAGTCTGAGAGG
8922	e16_ji1_GAGTGTTAGAACGCGT
8923	e16_ji1_GAGTGTTAGCGTGCTC
8924	e16_ji1_GAGTGTTAGGGTGGGA
8925	e16_ji1_GAGTGTTGTACTAACC
8926	e16_ji1_GAGTGTTTCACATACG
8927	e16_ji1_GAGTGTTTCAGACCTA
8928	e16_ji1_GAGTGTTTCATTTGCT
8929	e16_ji1_GAGTGTTTCCTTATAC
8930	e16_ji1_GAGTTACAGCATGCGA
8931	e16_ji1_GAGTTACCAGGCATGA
8932	e16_ji1_GAGTTACTCAATCTTC
8933	e16_ji1_GAGTTACTCCGATGCG
8934	e16_ji1_GAGTTACTCTTGGATG
8935	e16_ji1_GAGTTGTAGGTTGCCC
8936	e16_ji1_GAGTTGTCAGGCGATA
8937	e16_ji1_GAGTTGTTCGTGCGAC
8938	e16_ji1_GAGTTGTTCTGTCGTC
8939	e16_ji1_GAGTTTGAGAAATTGC
8940	e16_ji1_GAGTTTGAGTCCCGGT
8941	e16_ji1_GAGTTTGAGTGATTCC
8942	e16_ji1_GAGTTTGCAAGCACCC
8943	e16_ji1_GAGTTTGCACATCATG
8944	e16_ji1_GAGTTTGGTACCGCGT
8945	e16_ji1_GAGTTTGGTGCTAGCC
8946	e16_ji1_GAGTTTGGTTCGGCGT
8947	e16_ji1_GAGTTTGTCAAGTTGC
8948	e16_ji1_GAGTTTGTCATTCTTG
8949	e16_ji1_GAGTTTGTCTAATTCC
8950	e16_ji1_GAGTTTGTCTGCGATA
8951	e16_ji1_GATAGAAAGTAAGCAT
8952	e16_ji1_GATAGAACAAAGGCAC
8953	e16_ji1_GATAGAACAGGGCTTC
8954	e16_ji1_GATAGAACATGAGATA
8955	e16_ji1_GATAGAACATGTCGTA
8956	e16_ji1_GATAGAAGTAGGTTTC
8957	e16_ji1_GATAGAAGTTCACCGG
8958	e16_ji1_GATAGAATCAGATTGC
8959	e16_ji1_GATAGAATCCATACTT
8960	e16_ji1_GATAGAATCTCCTGAC
8961	e16_ji1_GATAGCTAGAGGTATT
8962	e16_ji1_GATAGCTAGTAATCCC
8963	e16_ji1_GATAGCTAGTCCTGCG
8964	e16_ji1_GATAGCTAGTTACTCG
8965	e16_ji1_GATAGCTCACTTCCTG
8966	e16_ji1_GATAGCTCAGGTTCCG
8967	e16_ji1_GATAGCTCATAGATCC
8968	e16_ji1_GATAGCTCATCCTCAC
8969	e16_ji1_GATAGCTGTGACTCGC
8970	e16_ji1_GATAGCTGTGCCGTAC
8971	e16_ji1_GATAGCTGTGTTTACG
8972	e16_ji1_GATAGCTGTTAAACCC
8973	e16_ji1_GATAGCTTCCTCTCTT
8974	e16_ji1_GATCACAAGGCCTAAG
8975	e16_ji1_GATCACACATGACACT
8976	e16_ji1_GATCACAGTCAAAGAT
8977	e16_ji1_GATCAGTCAGGCCCTA
8978	e16_ji1_GATCAGTGTTAGCTAC
8979	e16_ji1_GATCAGTTCGTACACA
8980	e16_ji1_GATCATGAGGTCATAA
8981	e16_ji1_GATCATGCAACTACGT
8982	e16_ji1_GATCATGCAAGGGCAT
8983	e16_ji1_GATCATGCACGCTGAC
8984	e16_ji1_GATCATGCACTACAGT
8985	e16_ji1_GATCATGCAGACACCC
8986	e16_ji1_GATCATGCAGAGTTGG
8987	e16_ji1_GATCATGCAGTCAGAG
8988	e16_ji1_GATCATGCATCGGAGA
8989	e16_ji1_GATCATGCATCTGGGC
8990	e16_ji1_GATCATGCATCTTCGC
8991	e16_ji1_GATCATGGTAAGATTG
8992	e16_ji1_GATCATGGTAGGCAAC
8993	e16_ji1_GATCATGGTCCATAGT
8994	e16_ji1_GATCATGTCCTTATCA
8995	e16_ji1_GATCCCTAGGGTAGCT
8996	e16_ji1_GATCCCTAGGTCGAGT
8997	e16_ji1_GATCCCTAGGTTCATC
8998	e16_ji1_GATCCCTCAAGTGGCA
8999	e16_ji1_GATCCCTTCTACTATC
9000	e16_ji1_GATCCCTTCTGGCCGA
9001	e16_ji1_GATCGTAAGATTGTGA
9002	e16_ji1_GATCGTAAGCGAAACC
9003	e16_ji1_GATCGTAAGCGTGTCC
9004	e16_ji1_GATCGTAAGTCTTCCC
9005	e16_ji1_GATCGTAAGTTAGAAC
9006	e16_ji1_GATCGTACAGGCGAAT
9007	e16_ji1_GATCGTACATTGACTG
9008	e16_ji1_GATCGTATCAAAGACA
9009	e16_ji1_GATCGTATCCGATGCG
9010	e16_ji1_GATCGTATCTATACTC
9011	e16_ji1_GATGACTAGACGCAGT
9012	e16_ji1_GATGACTAGATGCTAA
9013	e16_ji1_GATGACTGTTTGGAGG
9014	e16_ji1_GATGAGGCACGTAGAG
9015	e16_ji1_GATGAGGCAGGGAATC
9016	e16_ji1_GATGAGGGTTAAACCC
9017	e16_ji1_GATGAGGTCAAGTCGT
9018	e16_ji1_GATGAGGTCTGGTCAA
9019	e16_ji1_GATGATCAGGTAACTA
9020	e16_ji1_GATGATCCAAGCACCC
9021	e16_ji1_GATGATCCAGCACACC
9022	e16_ji1_GATGATCTCACAACCA
9023	e16_ji1_GATGCTACACTGTCCT
9024	e16_ji1_GATGCTACATACAGCT
9025	e16_ji1_GATGCTATCCGATGCG
9026	e16_ji1_GATGGAGAGGTCATCT
9027	e16_ji1_GATGGAGCAAATGGCG
9028	e16_ji1_GATGGAGCAATTAGGA
9029	e16_ji1_GATGGAGCACCTGTCT
9030	e16_ji1_GATGGAGGTCACTTAG
9031	e16_ji1_GATGGAGTCAAGCTTG
9032	e16_ji1_GATGGAGTCCTGTTGC
9033	e16_ji1_GATGTTGAGGAGGCAG
9034	e16_ji1_GATGTTGAGGTCCGAA
9035	e16_ji1_GATGTTGCAAGGTCGA
9036	e16_ji1_GATGTTGCACCTGAAT
9037	e16_ji1_GATGTTGGTGTATTCG
9038	e16_ji1_GATGTTGTCATCCTGC
9039	e16_ji1_GATGTTGTCCAATCCC
9040	e16_ji1_GATGTTGTCGTCAAAC
9041	e16_ji1_GATTCGAAGCCGATAG
9042	e16_ji1_GATTCGAAGCGCTGCT
9043	e16_ji1_GATTCGACATCATCCC
9044	e16_ji1_GATTCGACATGGCACC
9045	e16_ji1_GATTCGAGTAGCCCTG
9046	e16_ji1_GATTCGAGTTACGCCG
9047	e16_ji1_GATTCGATCCGGCAGT
9048	e16_ji1_GATTCGATCCTACACC
9049	e16_ji1_GATTCTTAGTATTCCG
9050	e16_ji1_GATTCTTCAGCCTTCT
9051	e16_ji1_GATTCTTCAGCTATAC
9052	e16_ji1_GATTCTTGTACTCGTA
9053	e16_ji1_GATTCTTGTCTCTCTG
9054	e16_ji1_GATTCTTGTTGGGTTT
9055	e16_ji1_GATTCTTTCACCTACC
9056	e16_ji1_GATTCTTTCCCACAGG
9057	e16_ji1_GATTCTTTCGCCAGTG
9058	e16_ji1_GATTGGTAGACGCTCC
9059	e16_ji1_GATTGGTAGGGCAGAG
9060	e16_ji1_GATTGGTAGTCATAGA
9061	e16_ji1_GATTGGTCAACTGATC
9062	e16_ji1_GATTGGTGTAACACGG
9063	e16_ji1_GATTGGTGTATCCCTC
9064	e16_ji1_GATTGGTGTGTGTACT
9065	e16_ji1_GATTTCTAGCGTCTCG
9066	e16_ji1_GATTTCTAGCTTTCTT
9067	e16_ji1_GATTTCTAGGCGCTTC
9068	e16_ji1_GATTTCTAGTCATTGC
9069	e16_ji1_GATTTCTCACAGAGAC
9070	e16_ji1_GATTTCTGTATAATGG
9071	e16_ji1_GATTTCTGTCACAGAG
9072	e16_ji1_GATTTCTGTCGCCTAG
9073	e16_ji1_GATTTCTGTGCACGCT
9074	e16_ji1_GATTTCTGTGTGACCC
9075	e16_ji1_GATTTCTGTTTAGACC
9076	e16_ji1_GATTTCTTCACTGAAC
9077	e16_ji1_GATTTCTTCTCCGCAT
9078	e16_ji1_GCAACATAGAAAGTCT
9079	e16_ji1_GCAACATAGACGGTCA
9080	e16_ji1_GCAACATAGAGTATAC
9081	e16_ji1_GCAACATTCGGATACT
9082	e16_ji1_GCAACATTCTGGCCTT
9083	e16_ji1_GCAACCGAGCTGAAAT
9084	e16_ji1_GCAACCGAGGAGAGGC
9085	e16_ji1_GCAACCGAGGTGATAT
9086	e16_ji1_GCAACCGAGTTGGGAC
9087	e16_ji1_GCAACCGCACCACATA
9088	e16_ji1_GCAACCGCATCGCTGG
9089	e16_ji1_GCAACCGTCAAGCCAT
9090	e16_ji1_GCAACCGTCTCCACTG
9091	e16_ji1_GCAACCGTCTCTATGT
9092	e16_ji1_GCACATAAGCAAACAT
9093	e16_ji1_GCACATAAGCCGTTGC
9094	e16_ji1_GCACATAAGCTGTACT
9095	e16_ji1_GCACATACAGCATACT
9096	e16_ji1_GCACATAGTTTATGCG
9097	e16_ji1_GCACATAGTTTCACTT
9098	e16_ji1_GCACATATCAAATAGG
9099	e16_ji1_GCACATATCGTAACAC
9100	e16_ji1_GCACATATCGTAGCCG
9101	e16_ji1_GCACGGTGTGAACCGA
9102	e16_ji1_GCACGGTGTGTCTTCC
9103	e16_ji1_GCACGGTTCCGCGATG
9104	e16_ji1_GCACGTGCACGCTGTG
9105	e16_ji1_GCACGTGCATTGACCA
9106	e16_ji1_GCACGTGTCCGCCTAT
9107	e16_ji1_GCACTAAAGGCTCCCA
9108	e16_ji1_GCACTAAAGTTGGACG
9109	e16_ji1_GCACTAACACATAACC
9110	e16_ji1_GCACTAACATCCGTGG
9111	e16_ji1_GCACTAATCTCTGCTG
9112	e16_ji1_GCAGCCAAGAACGTGC
9113	e16_ji1_GCAGCCAAGCCTAACT
9114	e16_ji1_GCAGCCACAAGCACCC
9115	e16_ji1_GCAGCCAGTACTAAGA
9116	e16_ji1_GCAGCCAGTCACTAGT
9117	e16_ji1_GCAGCCATCATAGCAC
9118	e16_ji1_GCAGCCATCTCAGTCC
9119	e16_ji1_GCAGCTGGTTCCCACT
9120	e16_ji1_GCAGCTGTCATTTGCT
9121	e16_ji1_GCAGGCTAGCATGTTC
9122	e16_ji1_GCAGGCTAGGGTATAT
9123	e16_ji1_GCAGGCTCAAAGGCGT
9124	e16_ji1_GCAGGCTCAAATACGA
9125	e16_ji1_GCAGGCTCACAACCGC
9126	e16_ji1_GCAGGCTCATTACGGT
9127	e16_ji1_GCAGGCTGTACCGTGC
9128	e16_ji1_GCAGGCTGTGTGTCCG
9129	e16_ji1_GCAGGCTTCCATTGGA
9130	e16_ji1_GCAGGCTTCGCAAGAG
9131	e16_ji1_GCAGGCTTCTAGTCAG
9132	e16_ji1_GCAGGCTTCTCATAGG
9133	e16_ji1_GCAGGCTTCTCCAAGA
9134	e16_ji1_GCAGGCTTCTCTCAAT
9135	e16_ji1_GCAGGCTTCTTGGTCC
9136	e16_ji1_GCAGTTAAGACGCATG
9137	e16_ji1_GCAGTTAAGGATATAC
9138	e16_ji1_GCAGTTAAGGGAGGCA
9139	e16_ji1_GCAGTTAAGGGAGGTG
9140	e16_ji1_GCAGTTACACCCTTGT
9141	e16_ji1_GCAGTTACAGGTTCGC
9142	e16_ji1_GCAGTTAGTCCTCCTA
9143	e16_ji1_GCAGTTATCCCGTAAA
9144	e16_ji1_GCAGTTATCCTCAGGG
9145	e16_ji1_GCATCGGAGAGGATCC
9146	e16_ji1_GCATCGGAGCCTCTTC
9147	e16_ji1_GCATCGGAGCTCGAAG
9148	e16_ji1_GCATCGGAGGTTGGAC
9149	e16_ji1_GCATCGGGTCTCAAGT
9150	e16_ji1_GCATCTCAGCAGGCAT
9151	e16_ji1_GCATCTCAGGCTTAAA
9152	e16_ji1_GCATCTCAGTCTAGAA
9153	e16_ji1_GCATCTCCAATAGTCC
9154	e16_ji1_GCATCTCGTCGCTTGG
9155	e16_ji1_GCATCTCTCGCTTGCT
9156	e16_ji1_GCATGATAGCAATTCC
9157	e16_ji1_GCATGATCAAGTCCAT
9158	e16_ji1_GCATGATCATATCTCT
9159	e16_ji1_GCATGATGTATTGACC
9160	e16_ji1_GCATGATGTGGCACTC
9161	e16_ji1_GCATGATTCACGGAGA
9162	e16_ji1_GCATGATTCAGTCAGT
9163	e16_ji1_GCATTAGAGCCGTAAG
9164	e16_ji1_GCATTAGCAACAGCCC
9165	e16_ji1_GCATTAGCAACGATTC
9166	e16_ji1_GCATTAGCAAGCGATG
9167	e16_ji1_GCATTAGGTCCACTCT
9168	e16_ji1_GCATTAGTCAAGAATG
9169	e16_ji1_GCATTAGTCAAGTCTG
9170	e16_ji1_GCATTAGTCACCCTTG
9171	e16_ji1_GCATTAGTCGACATCA
9172	e16_ji1_GCATTAGTCTCAAAGC
9173	e16_ji1_GCCAACGAGAATCTAG
9174	e16_ji1_GCCAACGAGACCAACG
9175	e16_ji1_GCCAACGAGACTTCAC
9176	e16_ji1_GCCAACGAGCGTGTTT
9177	e16_ji1_GCCAACGAGTGTGTTC
9178	e16_ji1_GCCAACGGTCCTGGGT
9179	e16_ji1_GCCAACGGTCGAAGCA
9180	e16_ji1_GCCAACGTCCGACAGC
9181	e16_ji1_GCCAACGTCTGAGGCC
9182	e16_ji1_GCCAGCAAGCTGAAGC
9183	e16_ji1_GCCAGCACAGCGTACC
9184	e16_ji1_GCCAGCACAGGAGGTT
9185	e16_ji1_GCCAGCACATGTGCCG
9186	e16_ji1_GCCAGCAGTCGGTGTC
9187	e16_ji1_GCCAGCAGTGGCTGAA
9188	e16_ji1_GCCAGCATCAACACCA
9189	e16_ji1_GCCAGCATCAATCTTC
9190	e16_ji1_GCCAGCATCCCTCATG
9191	e16_ji1_GCCAGCATCGGCACTG
9192	e16_ji1_GCCAGGTAGCTGTTAC
9193	e16_ji1_GCCAGGTCAAAGGGCT
9194	e16_ji1_GCCAGGTCACATGACT
9195	e16_ji1_GCCAGGTCAGTTACCA
9196	e16_ji1_GCCAGGTCATTCAGCA
9197	e16_ji1_GCCAGGTGTAGCCCTG
9198	e16_ji1_GCCAGGTGTCCAAGAG
9199	e16_ji1_GCCAGGTGTTGGGTTT
9200	e16_ji1_GCCAGTGCAGTAGAAT
9201	e16_ji1_GCCAGTGGTATACAGA
9202	e16_ji1_GCCAGTGTCCATACTT
9203	e16_ji1_GCCATGGAGGTGATAT
9204	e16_ji1_GCCATGGAGGTGCCAA
9205	e16_ji1_GCCATGGAGTCACACT
9206	e16_ji1_GCCATGGCAGAACATA
9207	e16_ji1_GCCATGGGTGTGACCC
9208	e16_ji1_GCCATGGTCGGTCATA
9209	e16_ji1_GCCATTCAGATAACAC
9210	e16_ji1_GCCATTCAGGATAATC
9211	e16_ji1_GCCATTCAGGCACTAG
9212	e16_ji1_GCCATTCAGTAGAGTT
9213	e16_ji1_GCCATTCCAAACTGCT
9214	e16_ji1_GCCATTCCAACCCTAA
9215	e16_ji1_GCCATTCCATCAGCAT
9216	e16_ji1_GCCATTCGTATCACGT
9217	e16_ji1_GCCATTCTCATTCCTA
9218	e16_ji1_GCCATTCTCCTAGCCT
9219	e16_ji1_GCCATTCTCTTCGCTG
9220	e16_ji1_GCCATTCTCTTTCCAA
9221	e16_ji1_GCCCAGAAGATCCGAG
9222	e16_ji1_GCCCAGAAGCCTATCA
9223	e16_ji1_GCCCAGAGTGAAGCGT
9224	e16_ji1_GCCCAGATCTAGATCG
9225	e16_ji1_GCCCGAAAGTGCCTCG
9226	e16_ji1_GCCCGAACAACTCGAT
9227	e16_ji1_GCCCGAACACACCGAC
9228	e16_ji1_GCCCGAAGTACAGCGA
9229	e16_ji1_GCCCGAAGTACATACC
9230	e16_ji1_GCCCGAATCAGAACCT
9231	e16_ji1_GCCCGAATCTAGTCAG
9232	e16_ji1_GCCGATGAGGTTCACT
9233	e16_ji1_GCCGATGGTATCTCTT
9234	e16_ji1_GCCGATGTCCGCTGTT
9235	e16_ji1_GCCGATGTCCTGTTGC
9236	e16_ji1_GCCGTGAAGAGTGTTA
9237	e16_ji1_GCCGTGACACTCATAG
9238	e16_ji1_GCCGTGACACTGGACC
9239	e16_ji1_GCCGTGACAGCTCTGG
9240	e16_ji1_GCCGTGACATCGATCA
9241	e16_ji1_GCCGTGACATGTTCAG
9242	e16_ji1_GCCGTGAGTCGCGGTT
9243	e16_ji1_GCCGTGAGTGCGAGTA
9244	e16_ji1_GCCGTGAGTGGTAACG
9245	e16_ji1_GCCGTGATCCACCTCA
9246	e16_ji1_GCCGTGATCCGAGCTG
9247	e16_ji1_GCCGTGATCTGCATGA
9248	e16_ji1_GCCTGTTAGAAATCCA
9249	e16_ji1_GCCTGTTCACATAGCT
9250	e16_ji1_GCCTGTTGTGCTCTTC
9251	e16_ji1_GCCTGTTGTTCGAGCC
9252	e16_ji1_GCCTGTTTCGCTCATC
9253	e16_ji1_GCGAGAAAGAAATTCG
9254	e16_ji1_GCGAGAAAGCATCGAG
9255	e16_ji1_GCGAGAAAGGCGACAT
9256	e16_ji1_GCGAGAACAAACCATC
9257	e16_ji1_GCGAGAACAAGGACAC
9258	e16_ji1_GCGAGAACACTCCTTG
9259	e16_ji1_GCGAGAACAGGTTCAT
9260	e16_ji1_GCGAGAAGTTACGTAC
9261	e16_ji1_GCGAGAATCTAGTCAG
9262	e16_ji1_GCGATCGAGACCAGAC
9263	e16_ji1_GCGATCGAGCAGCCTC
9264	e16_ji1_GCGATCGAGGAACTAT
9265	e16_ji1_GCGATCGAGTGGACGT
9266	e16_ji1_GCGATCGGTCACGTGC
9267	e16_ji1_GCGATCGGTGCTCTCT
9268	e16_ji1_GCGATCGTCGCATAGT
9269	e16_ji1_GCGGAAACAAATGATG
9270	e16_ji1_GCGGAAACAATACGAA
9271	e16_ji1_GCGGAAACAGTCGCTG
9272	e16_ji1_GCGGAAACAGTCTCTC
9273	e16_ji1_GCGGAAACATGAATCC
9274	e16_ji1_GCGGAAACATTGACCA
9275	e16_ji1_GCGGAAAGTCATGGCC
9276	e16_ji1_GCGGAAAGTGGTGATG
9277	e16_ji1_GCGGAAAGTTGCAACT
9278	e16_ji1_GCGGAAATCCGCCTAT
9279	e16_ji1_GCGGAAATCGCGGTAC
9280	e16_ji1_GCGGAAATCGTTGTAG
9281	e16_ji1_GCGGATCAGAGCATTA
9282	e16_ji1_GCGGATCAGCTGTTAC
9283	e16_ji1_GCGGATCAGGAATTAC
9284	e16_ji1_GCGGATCAGGGCAAGG
9285	e16_ji1_GCGGATCTCCGACATA
9286	e16_ji1_GCGTGCAAGGCCACTC
9287	e16_ji1_GCGTGCAAGGCCTTGC
9288	e16_ji1_GCGTGCAGTTAACCTG
9289	e16_ji1_GCGTGCAGTTCGTAAC
9290	e16_ji1_GCGTGCATCAACGAGG
9291	e16_ji1_GCGTGCATCCGTCACT
9292	e16_ji1_GCGTTTCAGACGTCGA
9293	e16_ji1_GCGTTTCAGTTACTCG
9294	e16_ji1_GCGTTTCCACGCTATA
9295	e16_ji1_GCGTTTCCATAGTCGT
9296	e16_ji1_GCTACAAAGGCCTGCT
9297	e16_ji1_GCTACAAAGTTGCATC
9298	e16_ji1_GCTACAACACAGTGTT
9299	e16_ji1_GCTACAAGTCCACACG
9300	e16_ji1_GCTACAAGTGATTCTG
9301	e16_ji1_GCTACAATCCAAGCTA
9302	e16_ji1_GCTACAATCGGTAAGG
9303	e16_ji1_GCTACCTAGACCATAA
9304	e16_ji1_GCTACCTAGCATGGGT
9305	e16_ji1_GCTACCTTCCACAAGT
9306	e16_ji1_GCTCAAACAACGATCT
9307	e16_ji1_GCTCAAACAACGCCCA
9308	e16_ji1_GCTCAAACAACTTCTT
9309	e16_ji1_GCTCAAACACACCGAC
9310	e16_ji1_GCTCAAACACTCATAG
9311	e16_ji1_GCTCAAACAGTAGAAT
9312	e16_ji1_GCTCAAAGTGTTCCAA
9313	e16_ji1_GCTCAAATCTCAACCC
9314	e16_ji1_GCTGAATCAAGGTACG
9315	e16_ji1_GCTGAATCATCAGTGT
9316	e16_ji1_GCTGAATGTAACATGA
9317	e16_ji1_GCTGAATGTGTCCAAT
9318	e16_ji1_GCTGAATGTTACTCAG
9319	e16_ji1_GCTGAATGTTTAGACC
9320	e16_ji1_GCTGAATTCAACCTCC
9321	e16_ji1_GCTGCAGAGATTGACA
9322	e16_ji1_GCTGCAGAGTCGTCTA
9323	e16_ji1_GCTGCAGCAAGGATGC
9324	e16_ji1_GCTGCAGCACGGTGCT
9325	e16_ji1_GCTGCAGGTATACGGG
9326	e16_ji1_GCTGCAGGTCAAAGTA
9327	e16_ji1_GCTGCAGGTGTCCATA
9328	e16_ji1_GCTGCAGTCCCAACTC
9329	e16_ji1_GCTGGGTAGATGGTAT
9330	e16_ji1_GCTGGGTCACACCAGC
9331	e16_ji1_GCTGGGTCACTAGTAC
9332	e16_ji1_GCTGGGTCATGGGTCC
9333	e16_ji1_GCTGGGTTCCACCCTA
9334	e16_ji1_GCTGGGTTCGAGATAA
9335	e16_ji1_GCTGGGTTCGAGCTGC
9336	e16_ji1_GCTGGGTTCTGGGCGT
9337	e16_ji1_GCTTCACGTAAGTTGA
9338	e16_ji1_GCTTCACGTCCGGATC
9339	e16_ji1_GCTTCACGTGTCTTAG
9340	e16_ji1_GCTTCACTCGAGTGAG
9341	e16_ji1_GCTTCACTCTGCGAGC
9342	e16_ji1_GCTTCACTCTTTGCGC
9343	e16_ji1_GCTTGGGAGACGACTG
9344	e16_ji1_GCTTGGGAGATAGTGT
9345	e16_ji1_GCTTGGGAGCCTCTTC
9346	e16_ji1_GCTTGGGAGCGACAGT
9347	e16_ji1_GCTTGGGCAGGTTCCG
9348	e16_ji1_GCTTGGGGTATGTCTG
9349	e16_ji1_GCTTTCGAGAGTCGAC
9350	e16_ji1_GCTTTCGAGTACAGCG
9351	e16_ji1_GCTTTCGCATAATGCC
9352	e16_ji1_GCTTTCGGTAACTGCT
9353	e16_ji1_GCTTTCGGTTATCTGG
9354	e16_ji1_GCTTTCGGTTCGTAAC
9355	e16_ji1_GCTTTCGTCATGAGGG
9356	e16_ji1_GCTTTCGTCCCAGGCA
9357	e16_ji1_GGAACCCAGCACCCAC
9358	e16_ji1_GGAACCCCAAGTGGAC
9359	e16_ji1_GGAACCCCACAATGAA
9360	e16_ji1_GGAACCCCAGCCGGTT
9361	e16_ji1_GGAACCCGTAAGCAAT
9362	e16_ji1_GGAACCCGTTCTTGTT
9363	e16_ji1_GGAACCCTCATACGAC
9364	e16_ji1_GGAACCCTCTACGCGG
9365	e16_ji1_GGAACCCTCTTAGCCC
9366	e16_ji1_GGAAGTGAGAAACTGT
9367	e16_ji1_GGAAGTGAGTTTCTTC
9368	e16_ji1_GGAAGTGCAGCCGTCA
9369	e16_ji1_GGAAGTGCATATGCGT
9370	e16_ji1_GGAAGTGGTTTACCTT
9371	e16_ji1_GGAAGTGTCATCGCTC
9372	e16_ji1_GGAAGTGTCTTGAGCA
9373	e16_ji1_GGAATCTCATCGATAC
9374	e16_ji1_GGAATCTGTCGTGCCA
9375	e16_ji1_GGAATCTGTGACCTGC
9376	e16_ji1_GGAATCTGTTCTGACA
9377	e16_ji1_GGAATCTTCATGCGGC
9378	e16_ji1_GGAATCTTCCCTTGGT
9379	e16_ji1_GGAATCTTCCGGGACT
9380	e16_ji1_GGAATCTTCCGTAGGC
9381	e16_ji1_GGAATGGCAGAGTAAT
9382	e16_ji1_GGAATGGGTCTGTGGC
9383	e16_ji1_GGAATGGTCAGCTGAT
9384	e16_ji1_GGAATGGTCTCCAATT
9385	e16_ji1_GGACGTCCACCAAATC
9386	e16_ji1_GGACGTCCAGAGTAAT
9387	e16_ji1_GGACGTCGTTGGACCC
9388	e16_ji1_GGACGTCTCAACGAGG
9389	e16_ji1_GGACGTCTCGCTTAAG
9390	e16_ji1_GGACGTCTCGCTTACC
9391	e16_ji1_GGAGAACAGTTTCGAC
9392	e16_ji1_GGAGAACCATCCGCGA
9393	e16_ji1_GGAGAACGTCCCTGAG
9394	e16_ji1_GGAGAACGTCGGCACT
9395	e16_ji1_GGAGATGAGTGCAACG
9396	e16_ji1_GGAGATGCACCACATA
9397	e16_ji1_GGAGATGCACCGTGAC
9398	e16_ji1_GGAGATGGTACGGATG
9399	e16_ji1_GGAGATGGTAGCACGA
9400	e16_ji1_GGAGATGGTTCGGACC
9401	e16_ji1_GGAGCAAAGAGTCTGG
9402	e16_ji1_GGAGCAAAGATCGGTG
9403	e16_ji1_GGAGCAAAGCGAAACC
9404	e16_ji1_GGAGCAAAGGCATCTT
9405	e16_ji1_GGAGCAAGTATTAAGG
9406	e16_ji1_GGAGCAAGTCGTATGT
9407	e16_ji1_GGAGGATAGCGTGAAC
9408	e16_ji1_GGAGGATAGGTAGATT
9409	e16_ji1_GGAGGATCAATAAGGT
9410	e16_ji1_GGAGGATCAATCACGT
9411	e16_ji1_GGAGGATGTAACATCC
9412	e16_ji1_GGAGGATTCGTCCTCA
9413	e16_ji1_GGAGGTAAGACCCGCT
9414	e16_ji1_GGAGGTAAGGTAGTAT
9415	e16_ji1_GGAGGTAGTCGTACTA
9416	e16_ji1_GGAGGTAGTTCACCGG
9417	e16_ji1_GGAGGTATCCCGTAAA
9418	e16_ji1_GGATCTAAGCCTTCTC
9419	e16_ji1_GGATCTAAGGTTGAGC
9420	e16_ji1_GGATCTAAGTCACGAG
9421	e16_ji1_GGATCTACACGTAGAG
9422	e16_ji1_GGATCTACAGACGCTC
9423	e16_ji1_GGATCTACAGAGGAAA
9424	e16_ji1_GGATCTAGTACAAAGT
9425	e16_ji1_GGATCTAGTACCCACG
9426	e16_ji1_GGATCTAGTCAGCGTC
9427	e16_ji1_GGATCTATCACCATAG
9428	e16_ji1_GGATCTATCCAATGCA
9429	e16_ji1_GGATCTATCGTAATGC
9430	e16_ji1_GGATGTTAGAAACTGT
9431	e16_ji1_GGATGTTAGCGACATG
9432	e16_ji1_GGATGTTAGCGTCAGA
9433	e16_ji1_GGATGTTAGGCATGGT
9434	e16_ji1_GGATGTTAGTTGGCTT
9435	e16_ji1_GGATGTTGTTTCCAAG
9436	e16_ji1_GGATGTTTCCATGAGT
9437	e16_ji1_GGATGTTTCCATTTCA
9438	e16_ji1_GGCACGTAGACGAAGA
9439	e16_ji1_GGCACGTAGCTATCTG
9440	e16_ji1_GGCACGTAGGACTTCT
9441	e16_ji1_GGCACGTAGGTTCAGG
9442	e16_ji1_GGCACGTAGTGAGGCT
9443	e16_ji1_GGCACGTCAAGTGGCA
9444	e16_ji1_GGCACGTCACCAAATC
9445	e16_ji1_GGCACGTCAGGCTCTG
9446	e16_ji1_GGCACGTGTAACGCGA
9447	e16_ji1_GGCACGTGTGTCTTGA
9448	e16_ji1_GGCACGTTCGAGTGGA
9449	e16_ji1_GGCAGTCAGCCTCCAG
9450	e16_ji1_GGCAGTCAGTATTAGG
9451	e16_ji1_GGCAGTCCAAACTAAG
9452	e16_ji1_GGCAGTCCAAAGAACT
9453	e16_ji1_GGCAGTCCACTAACCA
9454	e16_ji1_GGCAGTCCAGGTGAGT
9455	e16_ji1_GGCAGTCCATGAGGGT
9456	e16_ji1_GGCAGTCGTATCCTCC
9457	e16_ji1_GGCAGTCGTCCAGCAC
9458	e16_ji1_GGCAGTCGTCTTCGAA
9459	e16_ji1_GGCAGTCTCGTTCATT
9460	e16_ji1_GGCGTCACACTGGCCA
9461	e16_ji1_GGCGTCACAGCTATTG
9462	e16_ji1_GGCGTCATCAATCAGC
9463	e16_ji1_GGCGTCATCGTAGTGT
9464	e16_ji1_GGCTGTGAGTGATTCC
9465	e16_ji1_GGCTGTGCACCCAAGC
9466	e16_ji1_GGCTGTGCAGAAGCTG
9467	e16_ji1_GGCTGTGCATCCTTGC
9468	e16_ji1_GGCTGTGCATGGTACT
9469	e16_ji1_GGCTGTGTCAAGCCGC
9470	e16_ji1_GGCTGTGTCCTCACTG
9471	e16_ji1_GGCTTGGCAGCAGAAC
9472	e16_ji1_GGCTTGGCATGGCACC
9473	e16_ji1_GGCTTGGGTACAGGTG
9474	e16_ji1_GGCTTGGGTTAATCGC
9475	e16_ji1_GGCTTGGGTTTACTGG
9476	e16_ji1_GGCTTGGGTTTCGTTT
9477	e16_ji1_GGCTTTCAGAGAGGTA
9478	e16_ji1_GGCTTTCAGCACTCTA
9479	e16_ji1_GGCTTTCAGGCACGAT
9480	e16_ji1_GGCTTTCAGGCTTTCA
9481	e16_ji1_GGCTTTCAGTGCTAGG
9482	e16_ji1_GGCTTTCCACCTGATA
9483	e16_ji1_GGCTTTCCATAGGTTC
9484	e16_ji1_GGCTTTCTCAGCCTCT
9485	e16_ji1_GGCTTTCTCCCAATAG
9486	e16_ji1_GGCTTTCTCTACGCAA
9487	e16_ji1_GGGAAGTAGCAAGGAA
9488	e16_ji1_GGGAAGTAGTTTGTCG
9489	e16_ji1_GGGAAGTCAAGGACAC
9490	e16_ji1_GGGAAGTCACACCGAC
9491	e16_ji1_GGGAAGTGTCAGGTAG
9492	e16_ji1_GGGAAGTGTGCTATTG
9493	e16_ji1_GGGAAGTGTTTGAAAG
9494	e16_ji1_GGGAAGTTCCGAGGCT
9495	e16_ji1_GGGACAAAGGAGGTTC
9496	e16_ji1_GGGACAACAGGCCTGT
9497	e16_ji1_GGGACAAGTTGGGCCT
9498	e16_ji1_GGGACAATCCATTGTT
9499	e16_ji1_GGGACCTAGAATTGCA
9500	e16_ji1_GGGACCTAGCTTAAGA
9501	e16_ji1_GGGACCTCAGCAGTAG
9502	e16_ji1_GGGACCTCAGCTTCCT
9503	e16_ji1_GGGACCTCATCGTTCC
9504	e16_ji1_GGGACCTCATCTAACG
9505	e16_ji1_GGGACCTCATTCTGTT
9506	e16_ji1_GGGACCTGTAACATGA
9507	e16_ji1_GGGACCTGTGTAGGAC
9508	e16_ji1_GGGACTCCAGTTTGGT
9509	e16_ji1_GGGACTCGTCAAGCCC
9510	e16_ji1_GGGACTCTCAAGTGTC
9511	e16_ji1_GGGACTCTCGTTCTGC
9512	e16_ji1_GGGACTCTCTTCGTGC
9513	e16_ji1_GGGAGATAGGTAAGTT
9514	e16_ji1_GGGAGATCAAGTGGGT
9515	e16_ji1_GGGAGATCAGGTTCGC
9516	e16_ji1_GGGAGATCAGTCAGTT
9517	e16_ji1_GGGAGATGTAGGAGGG
9518	e16_ji1_GGGAGATGTCTCGACG
9519	e16_ji1_GGGAGATTCGCTCCTA
9520	e16_ji1_GGGAGTACAAGCCATT
9521	e16_ji1_GGGAGTAGTGTCCTAA
9522	e16_ji1_GGGATCCAGACGCCAA
9523	e16_ji1_GGGATCCAGCCTGTCG
9524	e16_ji1_GGGATCCAGTACAACA
9525	e16_ji1_GGGATCCCAGGTTCCG
9526	e16_ji1_GGGATCCCATCTGGGC
9527	e16_ji1_GGGATCCGTGAACCGA
9528	e16_ji1_GGGATCCTCACTGAAC
9529	e16_ji1_GGGATCCTCGCCGAAC
9530	e16_ji1_GGGATCCTCTCTCGCA
9531	e16_ji1_GGGATGAAGATTTGCC
9532	e16_ji1_GGGATGACAGCCTATA
9533	e16_ji1_GGGATGACATGAATCC
9534	e16_ji1_GGGATGAGTTGTGGCC
9535	e16_ji1_GGGATGATCCGATCTC
9536	e16_ji1_GGGATGATCTGCTTAT
9537	e16_ji1_GGGCCATAGCACACAG
9538	e16_ji1_GGGCCATAGCCATTTG
9539	e16_ji1_GGGCCATGTCTTCATT
9540	e16_ji1_GGGCCATGTGCATACT
9541	e16_ji1_GGGCCATTCACTCCGT
9542	e16_ji1_GGGCCATTCCACAAGT
9543	e16_ji1_GGGCCATTCGGCCCAA
9544	e16_ji1_GGGCCATTCTCCTGAC
9545	e16_ji1_GGGCCATTCTTGCGCT
9546	e16_ji1_GGGCGTTGTGGCAACA
9547	e16_ji1_GGGCGTTGTTTCGTGA
9548	e16_ji1_GGGCGTTTCAACCTCC
9549	e16_ji1_GGGCGTTTCCAGCAAT
9550	e16_ji1_GGGCTACAGGAGTATT
9551	e16_ji1_GGGCTACAGTAATCCC
9552	e16_ji1_GGGCTACAGTTGCTGT
9553	e16_ji1_GGGCTACGTTCAGGTT
9554	e16_ji1_GGGCTACTCACGGGCT
9555	e16_ji1_GGGCTACTCCGTCCTA
9556	e16_ji1_GGGCTACTCCTCTAAT
9557	e16_ji1_GGGCTCAAGTACCCTA
9558	e16_ji1_GGGCTCAAGTGGATAT
9559	e16_ji1_GGGCTCACAACCAGAG
9560	e16_ji1_GGGCTCACAACCGGAA
9561	e16_ji1_GGGCTCACACCGTCTT
9562	e16_ji1_GGGCTCACAGCGTACC
9563	e16_ji1_GGGCTCACATAACGGG
9564	e16_ji1_GGGCTCACATAAGCAA
9565	e16_ji1_GGGCTCACATTACTCT
9566	e16_ji1_GGGCTCATCACGGTCG
9567	e16_ji1_GGGCTCATCTATACTC
9568	e16_ji1_GGGTAGACAACCACGC
9569	e16_ji1_GGGTAGACATCGAGCC
9570	e16_ji1_GGGTAGAGTTACCTTT
9571	e16_ji1_GGGTAGATCTAACGCA
9572	e16_ji1_GGGTAGATCTTGCAAG
9573	e16_ji1_GGGTATTAGGTAAGAG
9574	e16_ji1_GGGTATTAGTCCCGAC
9575	e16_ji1_GGGTATTAGTGAATAC
9576	e16_ji1_GGGTATTGTACAGAAT
9577	e16_ji1_GGGTATTGTGTGGACA
9578	e16_ji1_GGGTATTTCGACGTCG
9579	e16_ji1_GGGTATTTCTTAGCCC
9580	e16_ji1_GGGTCACAGAAGTATC
9581	e16_ji1_GGGTCACCAAATCAGA
9582	e16_ji1_GGGTCACCACCTATCC
9583	e16_ji1_GGGTCACGTACGATTC
9584	e16_ji1_GGGTCACGTCCAGGTC
9585	e16_ji1_GGGTCACGTGACACGA
9586	e16_ji1_GGGTCACGTTATGTGC
9587	e16_ji1_GGGTCACTCCGGCTTT
9588	e16_ji1_GGGTCACTCCGTTTCG
9589	e16_ji1_GGGTCTGAGCACACCC
9590	e16_ji1_GGGTCTGAGCCGCACT
9591	e16_ji1_GGGTCTGGTATCGCGC
9592	e16_ji1_GGGTCTGGTCCTTGTC
9593	e16_ji1_GGGTCTGGTGGTTTAC
9594	e16_ji1_GGGTCTGGTTACGGAG
9595	e16_ji1_GGGTGAAAGAGGATCC
9596	e16_ji1_GGGTGTCAGTATTGCC
9597	e16_ji1_GGGTGTCCACAACGCC
9598	e16_ji1_GGGTGTCCAGTAACCT
9599	e16_ji1_GGGTGTCGTAACATAG
9600	e16_ji1_GGGTGTCGTCGATTAC
9601	e16_ji1_GGGTGTCTCATTGCCC
9602	e16_ji1_GGGTGTCTCCAATCTT
9603	e16_ji1_GGGTTATAGCAACAAT
9604	e16_ji1_GGGTTATAGTCACTGT
9605	e16_ji1_GGGTTATCAATAACCC
9606	e16_ji1_GGGTTATCACCAGTTA
9607	e16_ji1_GGGTTATCACGCTGTG
9608	e16_ji1_GGGTTATCACGGATCC
9609	e16_ji1_GGGTTATCAGGTGTTT
9610	e16_ji1_GGGTTATGTACTCGTA
9611	e16_ji1_GGGTTATGTCGCAGTC
9612	e16_ji1_GGGTTATGTGCCTTCT
9613	e16_ji1_GGGTTATGTGTGACCC
9614	e16_ji1_GGGTTTAAGTTCCGTA
9615	e16_ji1_GGGTTTACAAATGAGT
9616	e16_ji1_GGGTTTACAACCAATC
9617	e16_ji1_GGGTTTACAGAACGCA
9618	e16_ji1_GGGTTTAGTACTAGCT
9619	e16_ji1_GGGTTTAGTATCTTCT
9620	e16_ji1_GGGTTTAGTCTAGATC
9621	e16_ji1_GGGTTTAGTGGAAATT
9622	e16_ji1_GGGTTTATCCCGTGTT
9623	e16_ji1_GGTAACTAGCTACTAC
9624	e16_ji1_GGTAACTAGGATACGC
9625	e16_ji1_GGTAACTAGTCAGCCC
9626	e16_ji1_GGTAACTCATCTAGAC
9627	e16_ji1_GGTAACTGTCTGATCA
9628	e16_ji1_GGTAACTGTGAGTTGG
9629	e16_ji1_GGTAACTGTTCCATTT
9630	e16_ji1_GGTAACTTCAAGTAAG
9631	e16_ji1_GGTAATCCAGCGCGTT
9632	e16_ji1_GGTAATCCATGACACT
9633	e16_ji1_GGTAATCGTAGTTAGA
9634	e16_ji1_GGTAATCGTGCAATAA
9635	e16_ji1_GGTAATCGTTCTAACG
9636	e16_ji1_GGTAATCGTTGTGCAT
9637	e16_ji1_GGTAATCTCCCGAACG
9638	e16_ji1_GGTAGAGAGGCCTGCT
9639	e16_ji1_GGTAGAGTCGCACGAC
9640	e16_ji1_GGTAGAGTCTACACTT
9641	e16_ji1_GGTCACGAGGTGGTTG
9642	e16_ji1_GGTCACGAGTCGCCCA
9643	e16_ji1_GGTCACGAGTGCACTT
9644	e16_ji1_GGTCACGCAACCCTAA
9645	e16_ji1_GGTCACGCACGACGAA
9646	e16_ji1_GGTCACGCACTTGAAC
9647	e16_ji1_GGTCACGGTCCAGCAC
9648	e16_ji1_GGTCACGGTGTCATGT
9649	e16_ji1_GGTCACGTCAGCTAGT
9650	e16_ji1_GGTCACGTCGAGCCAC
9651	e16_ji1_GGTCACGTCTGACCCT
9652	e16_ji1_GGTCACGTCTTCCAGC
9653	e16_ji1_GGTCTGGAGACGTCGA
9654	e16_ji1_GGTCTGGAGAGCCTGA
9655	e16_ji1_GGTCTGGCAGGCATTT
9656	e16_ji1_GGTCTGGCATGTTTGG
9657	e16_ji1_GGTCTGGGTCACAATC
9658	e16_ji1_GGTCTGGTCGCGGACT
9659	e16_ji1_GGTGAAGAGACACACG
9660	e16_ji1_GGTGAAGAGTCATTGC
9661	e16_ji1_GGTGAAGCAACTGAAA
9662	e16_ji1_GGTGAAGCATTGACAC
9663	e16_ji1_GGTGAAGGTTATGTGC
9664	e16_ji1_GGTGAAGTCAGTCCGG
9665	e16_ji1_GGTGAAGTCCAAGCCG
9666	e16_ji1_GGTGAAGTCCGCGATG
9667	e16_ji1_GGTGAAGTCTCTCTAA
9668	e16_ji1_GGTGATTAGTAAGGGA
9669	e16_ji1_GGTGATTAGTTCCGGC
9670	e16_ji1_GGTGATTCAATCGAAA
9671	e16_ji1_GGTGATTGTGTGCCTG
9672	e16_ji1_GGTGATTTCCTCTGCA
9673	e16_ji1_GGTGGCTAGATAACGT
9674	e16_ji1_GGTGGCTAGCAAATGT
9675	e16_ji1_GGTGGCTAGTATGACA
9676	e16_ji1_GGTGGCTAGTTCCGTA
9677	e16_ji1_GGTGGCTCAACACGTT
9678	e16_ji1_GGTGGCTCACGCACCA
9679	e16_ji1_GGTGGCTCAGAACGCA
9680	e16_ji1_GGTGGCTGTCGATTCA
9681	e16_ji1_GGTGGCTTCATTCACT
9682	e16_ji1_GGTGGCTTCTCGGCTT
9683	e16_ji1_GGTGTCGAGAGAGTTT
9684	e16_ji1_GGTGTCGAGCCTTGAT
9685	e16_ji1_GGTGTCGAGTCGAAGC
9686	e16_ji1_GGTGTTAAGCCTCATA
9687	e16_ji1_GGTGTTAAGTGCACAG
9688	e16_ji1_GGTGTTACACCTCTGT
9689	e16_ji1_GGTGTTATCGATACGT
9690	e16_ji1_GGTTAACAGCCTGTGC
9691	e16_ji1_GGTTAACCAAGTATCC
9692	e16_ji1_GGTTAACCAGTTAGGG
9693	e16_ji1_GGTTAACGTAACGTTC
9694	e16_ji1_GGTTAACGTACGATCT
9695	e16_ji1_GGTTCTCAGCCAAGTG
9696	e16_ji1_GGTTCTCAGTAAACAC
9697	e16_ji1_GGTTCTCCACATTACG
9698	e16_ji1_GGTTCTCCACCCAATA
9699	e16_ji1_GGTTCTCTCCTACGAA
9700	e16_ji1_GGTTGTAAGGTAATCA
9701	e16_ji1_GGTTGTACAAGACTGG
9702	e16_ji1_GGTTGTAGTACGTAGG
9703	e16_ji1_GGTTGTAGTCTGGTTA
9704	e16_ji1_GGTTGTAGTTACGTAC
9705	e16_ji1_GGTTGTATCACTGTTT
9706	e16_ji1_GGTTGTATCGCGATCG
9707	e16_ji1_GTAACACAGGATTACA
9708	e16_ji1_GTAACACGTCACATTG
9709	e16_ji1_GTAACACGTTGCTCAA
9710	e16_ji1_GTAACACTCGCAATGT
9711	e16_ji1_GTAACACTCTATCACT
9712	e16_ji1_GTAACACTCTTTCCGG
9713	e16_ji1_GTAACCAAGTGCAACG
9714	e16_ji1_GTAACCACACAATCTG
9715	e16_ji1_GTAACCACACCAGCCA
9716	e16_ji1_GTAACCAGTTCTTGCC
9717	e16_ji1_GTAACCATCATGCTAG
9718	e16_ji1_GTAACCATCGTAGTCA
9719	e16_ji1_GTAAGTCAGCATCGAG
9720	e16_ji1_GTAAGTCAGCCTCATA
9721	e16_ji1_GTAAGTCAGCTCGCAC
9722	e16_ji1_GTAAGTCCATATACCG
9723	e16_ji1_GTAAGTCCATCCCGTT
9724	e16_ji1_GTAAGTCTCAGTGTCA
9725	e16_ji1_GTAAGTCTCGTTCATT
9726	e16_ji1_GTAATCGAGCTGCCTG
9727	e16_ji1_GTAATCGCACATACGT
9728	e16_ji1_GTAATCGCACGAGGTA
9729	e16_ji1_GTAATCGGTAGACACG
9730	e16_ji1_GTAATCGTCAACTTTC
9731	e16_ji1_GTAATCGTCATGAAAG
9732	e16_ji1_GTAATCGTCGAGAGCA
9733	e16_ji1_GTAATCGTCGCAGATT
9734	e16_ji1_GTAATCGTCTTTCGAT
9735	e16_ji1_GTAATGCAGGACCCAA
9736	e16_ji1_GTAATGCAGTGGAAAG
9737	e16_ji1_GTAATGCCAAACTCTG
9738	e16_ji1_GTAATGCCAGCATCTA
9739	e16_ji1_GTAATGCGTCCAAAGG
9740	e16_ji1_GTAATGCGTCGCCACA
9741	e16_ji1_GTAATGCGTCTCACGG
9742	e16_ji1_GTAATGCTCTGCACCT
9743	e16_ji1_GTACAACAGGCACTCC
9744	e16_ji1_GTACAACCACGGTGTC
9745	e16_ji1_GTACAACCATAACTCG
9746	e16_ji1_GTACAACTCACATACG
9747	e16_ji1_GTACAACTCACCGGTG
9748	e16_ji1_GTACAGTAGAGTATAC
9749	e16_ji1_GTACAGTAGGATCATA
9750	e16_ji1_GTACAGTAGTAGGATT
9751	e16_ji1_GTACAGTCACAAGCAG
9752	e16_ji1_GTACAGTGTCCAGCAC
9753	e16_ji1_GTACAGTGTTAATGAG
9754	e16_ji1_GTACAGTTCTAGGCAT
9755	e16_ji1_GTACAGTTCTCAGGCG
9756	e16_ji1_GTACAGTTCTGACGCG
9757	e16_ji1_GTAGAAACACCAGCGT
9758	e16_ji1_GTAGAAACAGAGTCTT
9759	e16_ji1_GTAGAAATCATTACCT
9760	e16_ji1_GTAGAAATCCCTGTTG
9761	e16_ji1_GTAGAGGAGGACAACC
9762	e16_ji1_GTAGAGGAGTAGACAT
9763	e16_ji1_GTAGAGGGTCCCTCAT
9764	e16_ji1_GTAGAGGGTCGACGCT
9765	e16_ji1_GTAGAGGGTCTCCCTA
9766	e16_ji1_GTAGAGGGTTCCTACC
9767	e16_ji1_GTAGAGGTCCATACTT
9768	e16_ji1_GTAGATCAGAGTCGAC
9769	e16_ji1_GTAGATCCAACGATCT
9770	e16_ji1_GTAGATCGTGTCATGT
9771	e16_ji1_GTAGATCTCCGAAATC
9772	e16_ji1_GTAGCTAAGACAACTA
9773	e16_ji1_GTAGCTACACTACTTT
9774	e16_ji1_GTAGCTACATAACGGG
9775	e16_ji1_GTAGCTACATTGTAGC
9776	e16_ji1_GTAGCTAGTTTCGATG
9777	e16_ji1_GTAGCTATCAGGTAAA
9778	e16_ji1_GTAGGAGCACCCAATA
9779	e16_ji1_GTAGGAGCATTCGATG
9780	e16_ji1_GTAGGAGGTCGAGCTC
9781	e16_ji1_GTAGGAGTCCACGTAA
9782	e16_ji1_GTAGGAGTCGACATAC
9783	e16_ji1_GTAGGAGTCGGCTCTT
9784	e16_ji1_GTAGGTTAGACTCTAC
9785	e16_ji1_GTAGGTTAGCCAGAGT
9786	e16_ji1_GTAGGTTCAGAGACTG
9787	e16_ji1_GTAGGTTGTTCAGGTT
9788	e16_ji1_GTAGGTTGTTTACGAC
9789	e16_ji1_GTAGGTTTCACCCTGT
9790	e16_ji1_GTAGGTTTCACGATCA
9791	e16_ji1_GTAGGTTTCCGGTAAT
9792	e16_ji1_GTAGTACCAAACGAGC
9793	e16_ji1_GTAGTACCAGCAGTGA
9794	e16_ji1_GTAGTACCAGTTTGGT
9795	e16_ji1_GTAGTACGTGGACAGT
9796	e16_ji1_GTAGTACTCATCACCC
9797	e16_ji1_GTAGTACTCTACCAGA
9798	e16_ji1_GTATTGGAGCGACATG
9799	e16_ji1_GTATTGGAGTTATGGA
9800	e16_ji1_GTATTGGCACAGTATC
9801	e16_ji1_GTATTGGCACGCGCAT
9802	e16_ji1_GTATTGGCAGGGAGAG
9803	e16_ji1_GTATTGGGTGCCGGTT
9804	e16_ji1_GTATTGGGTGCTCTCT
9805	e16_ji1_GTATTGGTCGATCCAA
9806	e16_ji1_GTATTTCAGGATGGCT
9807	e16_ji1_GTATTTCAGTTCTCTT
9808	e16_ji1_GTATTTCCATTCTCCG
9809	e16_ji1_GTATTTCGTGCCGAAA
9810	e16_ji1_GTATTTCGTTCCACAA
9811	e16_ji1_GTATTTCTCAGACAAA
9812	e16_ji1_GTATTTCTCCTCACCA
9813	e16_ji1_GTATTTCTCTAGAGCT
9814	e16_ji1_GTATTTCTCTGAGTCA
9815	e16_ji1_GTCAAACAGGGAGGAC
9816	e16_ji1_GTCAAACAGGTCGCCT
9817	e16_ji1_GTCAAACCAACCGACC
9818	e16_ji1_GTCAAACGTAGCGATG
9819	e16_ji1_GTCAAACGTCACTCAA
9820	e16_ji1_GTCAAACGTCCTTGTC
9821	e16_ji1_GTCAAACGTGAATAAC
9822	e16_ji1_GTCAAACGTTCTAAGC
9823	e16_ji1_GTCAAACTCCGCAGTG
9824	e16_ji1_GTCAAACTCCTTATCA
9825	e16_ji1_GTCAAACTCTAGCAAC
9826	e16_ji1_GTCAAGTCAATACGCT
9827	e16_ji1_GTCAAGTCACCACATA
9828	e16_ji1_GTCAAGTCAGAACATA
9829	e16_ji1_GTCAAGTCAGTGGCTC
9830	e16_ji1_GTCAAGTGTCGTAATC
9831	e16_ji1_GTCAAGTTCGGCATCG
9832	e16_ji1_GTCAAGTTCGTTCGCT
9833	e16_ji1_GTCACGGGTCCGGACT
9834	e16_ji1_GTCACGGGTCTGTGTA
9835	e16_ji1_GTCACGGTCGATTCCC
9836	e16_ji1_GTCACGGTCTCTAAGG
9837	e16_ji1_GTCACTCAGGCACAAC
9838	e16_ji1_GTCACTCAGGCCCGTT
9839	e16_ji1_GTCACTCAGTATTGCC
9840	e16_ji1_GTCACTCCACCCAACG
9841	e16_ji1_GTCACTCCACGCAAAG
9842	e16_ji1_GTCACTCCAGCGACCT
9843	e16_ji1_GTCACTCGTGGAGGTT
9844	e16_ji1_GTCACTCGTGTACAGG
9845	e16_ji1_GTCACTCTCCACGGAC
9846	e16_ji1_GTCACTCTCGCCAATA
9847	e16_ji1_GTCAGCGAGCTCGAAG
9848	e16_ji1_GTCAGCGCAGGTCTCG
9849	e16_ji1_GTCAGCGTCCTAGCCT
9850	e16_ji1_GTCAGCGTCTTCGTAT
9851	e16_ji1_GTCATCCAGAATCCCT
9852	e16_ji1_GTCATCCAGCAGGCAT
9853	e16_ji1_GTCATCCAGGTACAGC
9854	e16_ji1_GTCATCCCACATTGTG
9855	e16_ji1_GTCATCCCACGATTCA
9856	e16_ji1_GTCATCCGTCCTATAG
9857	e16_ji1_GTCATCCGTCTCCTGT
9858	e16_ji1_GTCATCCGTTGGGACA
9859	e16_ji1_GTCATCCTCGTAGTCA
9860	e16_ji1_GTCATGAAGCCTTTCC
9861	e16_ji1_GTCATGAAGGGATGTC
9862	e16_ji1_GTCATGAAGGTCACCC
9863	e16_ji1_GTCATGACACATACTG
9864	e16_ji1_GTCATGAGTAACATGA
9865	e16_ji1_GTCATGAGTATTGGCT
9866	e16_ji1_GTCATGAGTCGCTGCA
9867	e16_ji1_GTCATGAGTGACGCCT
9868	e16_ji1_GTCATGATCTCTCAAT
9869	e16_ji1_GTCATGATCTGGGCGT
9870	e16_ji1_GTCATTTAGTATGATG
9871	e16_ji1_GTCATTTAGTCGAATA
9872	e16_ji1_GTCATTTCAGTATACC
9873	e16_ji1_GTCATTTGTACCAGAG
9874	e16_ji1_GTCATTTGTTGGGAAC
9875	e16_ji1_GTCATTTTCAGAGCGA
9876	e16_ji1_GTCATTTTCGAACCTA
9877	e16_ji1_GTCCACTAGACGACTG
9878	e16_ji1_GTCCACTAGACGCCAA
9879	e16_ji1_GTCCACTAGTGTAGAT
9880	e16_ji1_GTCCACTCAAGGCTTT
9881	e16_ji1_GTCCACTCACACGGTC
9882	e16_ji1_GTCCACTCAGAGGCTA
9883	e16_ji1_GTCCACTCATCCTATT
9884	e16_ji1_GTCCACTGTATCCCAA
9885	e16_ji1_GTCCACTGTCTAGGTT
9886	e16_ji1_GTCCACTGTCTTCATT
9887	e16_ji1_GTCCACTGTGCAGTGA
9888	e16_ji1_GTCCACTGTTCTCGCT
9889	e16_ji1_GTCCACTGTTTCGTAG
9890	e16_ji1_GTCCACTTCATGCATG
9891	e16_ji1_GTCCACTTCCGTATAG
9892	e16_ji1_GTCCACTTCCTACTGC
9893	e16_ji1_GTCCACTTCTTACGTT
9894	e16_ji1_GTCCCATAGCAATAGT
9895	e16_ji1_GTCCCATAGCAGGGAG
9896	e16_ji1_GTCCCATAGCCTTTGA
9897	e16_ji1_GTCCCATAGGGCTAAC
9898	e16_ji1_GTCCCATAGTATAACG
9899	e16_ji1_GTCCCATCAATAGTAG
9900	e16_ji1_GTCCCATGTGCTGCAC
9901	e16_ji1_GTCCCATTCCGCAACG
9902	e16_ji1_GTCCTCAAGGAGGCAG
9903	e16_ji1_GTCCTCAAGTTCTACG
9904	e16_ji1_GTCCTCACAGTGTGCC
9905	e16_ji1_GTCCTCAGTCACCCTT
9906	e16_ji1_GTCCTCAGTCCGTACG
9907	e16_ji1_GTCCTCAGTTCAAACC
9908	e16_ji1_GTCGAATAGTGTTCCA
9909	e16_ji1_GTCGAATCACTGGACC
9910	e16_ji1_GTCGAATGTTCCATTT
9911	e16_ji1_GTCGAATTCCGAAGGA
9912	e16_ji1_GTCGAATTCGGAATGG
9913	e16_ji1_GTCGCGACAAAGAGTT
9914	e16_ji1_GTCGCGACACAATCTG
9915	e16_ji1_GTCGCGACACCAGCCA
9916	e16_ji1_GTCGCGAGTATCGTAC
9917	e16_ji1_GTCGCGAGTCCAGCCA
9918	e16_ji1_GTCGCGATCTGGTTGA
9919	e16_ji1_GTCGTAAGTACCTATG
9920	e16_ji1_GTCGTAAGTCTGATAC
9921	e16_ji1_GTCGTAAGTGTTGCCG
9922	e16_ji1_GTCGTAAGTTTACTTC
9923	e16_ji1_GTCGTAATCACCGACG
9924	e16_ji1_GTCGTAATCTTGGTCC
9925	e16_ji1_GTCGTTCAGAGTGACC
9926	e16_ji1_GTCGTTCAGGAAAGTG
9927	e16_ji1_GTCGTTCCAGTCAGCC
9928	e16_ji1_GTCGTTCGTCCAGCCA
9929	e16_ji1_GTCGTTCGTCTCGACG
9930	e16_ji1_GTCGTTCGTTTGACAC
9931	e16_ji1_GTCTACCAGAGAGGTA
9932	e16_ji1_GTCTACCAGGCTTCCG
9933	e16_ji1_GTCTACCCACATACGT
9934	e16_ji1_GTCTACCCATAATGCC
9935	e16_ji1_GTCTACCCATGACTAC
9936	e16_ji1_GTCTACCGTCGAGTTT
9937	e16_ji1_GTCTACCGTGGTTTGT
9938	e16_ji1_GTCTACCGTTAGGAGC
9939	e16_ji1_GTCTACCGTTGTGTTG
9940	e16_ji1_GTCTACCTCAGTCCGG
9941	e16_ji1_GTCTACCTCATTGCGA
9942	e16_ji1_GTCTACCTCCGTGTAA
9943	e16_ji1_GTCTAGATCTGCTTAT
9944	e16_ji1_GTCTCACAGCCATATC
9945	e16_ji1_GTCTCACAGCCGTTGC
9946	e16_ji1_GTCTCACAGGCTCACC
9947	e16_ji1_GTCTCACAGTTTAGGA
9948	e16_ji1_GTCTCACCAACCAGAG
9949	e16_ji1_GTCTCACCACCAGTTA
9950	e16_ji1_GTCTCACCACCTGATA
9951	e16_ji1_GTCTCACCACTACTTT
9952	e16_ji1_GTCTCACGTACCCGCA
9953	e16_ji1_GTCTCACGTATGAAAC
9954	e16_ji1_GTCTCACGTATGACAA
9955	e16_ji1_GTCTCACGTTCGAAGG
9956	e16_ji1_GTCTCACTCCCTCTCC
9957	e16_ji1_GTCTCACTCTTCACGC
9958	e16_ji1_GTCTGTCAGACATAGT
9959	e16_ji1_GTCTGTCCACATAACC
9960	e16_ji1_GTCTGTCCAGCACCCA
9961	e16_ji1_GTCTGTCCAGCGTAGA
9962	e16_ji1_GTCTGTCCATCCCACT
9963	e16_ji1_GTCTGTCGTATACCTG
9964	e16_ji1_GTCTGTCTCAACCTTT
9965	e16_ji1_GTCTGTCTCAGACTGT
9966	e16_ji1_GTCTTTAAGCTTGTGT
9967	e16_ji1_GTCTTTACAGAGTAAT
9968	e16_ji1_GTCTTTACAGGCTATT
9969	e16_ji1_GTCTTTACATGTGCCG
9970	e16_ji1_GTCTTTAGTCGCATCG
9971	e16_ji1_GTCTTTAGTTCTCCTG
9972	e16_ji1_GTCTTTAGTTTAGACC
9973	e16_ji1_GTCTTTATCACTGTCC
9974	e16_ji1_GTCTTTATCGTGTTCC
9975	e16_ji1_GTCTTTATCTCGGCTT
9976	e16_ji1_GTGACGCAGGCCATAG
9977	e16_ji1_GTGACGCCAGCTATTG
9978	e16_ji1_GTGACGCCATACCAGT
9979	e16_ji1_GTGACGCCATCTTAGG
9980	e16_ji1_GTGACGCTCTCTCCGA
9981	e16_ji1_GTGAGCCAGGGTAATT
9982	e16_ji1_GTGAGCCAGTAGACCG
9983	e16_ji1_GTGAGCCAGTAGTGCG
9984	e16_ji1_GTGAGCCAGTCATACC
9985	e16_ji1_GTGAGCCCAGGCGAAT
9986	e16_ji1_GTGAGCCCATTGCAAC
9987	e16_ji1_GTGAGGAAGTGGCCTC
9988	e16_ji1_GTGAGGACACAGCCAC
9989	e16_ji1_GTGAGGACAGGTTACT
9990	e16_ji1_GTGAGGACATACATCG
9991	e16_ji1_GTGAGGAGTGGGCTTC
9992	e16_ji1_GTGAGGAGTTAAGACA
9993	e16_ji1_GTGAGGATCGACCTAA
9994	e16_ji1_GTGAGGATCTATTTCG
9995	e16_ji1_GTGAGTTAGACCTCCG
9996	e16_ji1_GTGAGTTAGCATGCAG
9997	e16_ji1_GTGAGTTTCATGGGAG
9998	e16_ji1_GTGATGTCACAGAAGC
9999	e16_ji1_GTGATGTTCCATTTAC
10000	e16_ji1_GTGATGTTCTACTGAG
10001	e16_ji1_GTGCACGAGCCATTGT
10002	e16_ji1_GTGCACGAGGTAAAGG
10003	e16_ji1_GTGCACGAGGTAGTAT
10004	e16_ji1_GTGCACGAGTTCATGC
10005	e16_ji1_GTGCACGCAACAGATA
10006	e16_ji1_GTGCACGCACCTATCC
10007	e16_ji1_GTGCACGCAGTTACCA
10008	e16_ji1_GTGCACGGTATCCCTC
10009	e16_ji1_GTGCACGTCAGTGTCA
10010	e16_ji1_GTGCAGCGTGCACATT
10011	e16_ji1_GTGCAGCGTTCTGACA
10012	e16_ji1_GTGCAGCTCCGTCCTA
10013	e16_ji1_GTGCAGCTCGCCAATA
10014	e16_ji1_GTGCAGCTCTACGCAA
10015	e16_ji1_GTGCAGCTCTCGCTTG
10016	e16_ji1_GTGCGTGAGCACTCTA
10017	e16_ji1_GTGCGTGAGGTCACTT
10018	e16_ji1_GTGCGTGAGGTCCCTG
10019	e16_ji1_GTGCGTGCACATGGTT
10020	e16_ji1_GTGCGTGGTCACCCTT
10021	e16_ji1_GTGCGTGTCGCTCATC
10022	e16_ji1_GTGCTGGAGTAAGCAT
10023	e16_ji1_GTGCTGGAGTGTTCCA
10024	e16_ji1_GTGCTGGCACACACTA
10025	e16_ji1_GTGCTGGCAGAAATCA
10026	e16_ji1_GTGCTGGGTTGAGTCT
10027	e16_ji1_GTGCTGGGTTGTGCCG
10028	e16_ji1_GTGCTGGGTTTACTGG
10029	e16_ji1_GTGCTGGTCGTGGTAT
10030	e16_ji1_GTGCTTCAGATCGCCC
10031	e16_ji1_GTGCTTCAGTTCAACC
10032	e16_ji1_GTGCTTCCAACCGCCA
10033	e16_ji1_GTGCTTCGTGGCACTC
10034	e16_ji1_GTGCTTCTCCTCACTG
10035	e16_ji1_GTGCTTCTCGATTGAC
10036	e16_ji1_GTGCTTCTCTAGGCCG
10037	e16_ji1_GTGGAAGCAATGTCAC
10038	e16_ji1_GTGGAAGCACTACGGC
10039	e16_ji1_GTGGAAGGTAGGTACG
10040	e16_ji1_GTGGAAGTCTTTCAGT
10041	e16_ji1_GTGGAGAAGCTCTTCC
10042	e16_ji1_GTGGAGACACTGTGAT
10043	e16_ji1_GTGGAGACAGACGCTC
10044	e16_ji1_GTGGAGACAGCTCGGT
10045	e16_ji1_GTGGAGAGTGGAACCA
10046	e16_ji1_GTGGAGATCCGCTTAC
10047	e16_ji1_GTGGCGTAGGTAACTA
10048	e16_ji1_GTGGCGTCAACATCGT
10049	e16_ji1_GTGGCGTCAACGATCT
10050	e16_ji1_GTGGCGTTCAAGCCGC
10051	e16_ji1_GTGGCGTTCATGCAGT
10052	e16_ji1_GTGGCGTTCCACGGGT
10053	e16_ji1_GTGGCGTTCGAACCAT
10054	e16_ji1_GTGGGAACACGCCAGT
10055	e16_ji1_GTGGGAACATGACTAC
10056	e16_ji1_GTGGGAAGTCATAAAG
10057	e16_ji1_GTGGGAAGTCGAGCTC
10058	e16_ji1_GTGGGAATCGCTGTTC
10059	e16_ji1_GTGGTTAAGAGTGACC
10060	e16_ji1_GTGGTTAAGGTCTACT
10061	e16_ji1_GTGGTTACAACTCGAT
10062	e16_ji1_GTGGTTACACGCGTCA
10063	e16_ji1_GTGGTTACACTGGATT
10064	e16_ji1_GTGGTTACAGGTCCCA
10065	e16_ji1_GTGGTTACATAGAGGC
10066	e16_ji1_GTGGTTACATGAAGCG
10067	e16_ji1_GTGGTTAGTCTTCCGT
10068	e16_ji1_GTGGTTAGTGCAACAG
10069	e16_ji1_GTGGTTAGTGTATTCG
10070	e16_ji1_GTGGTTAGTTAAAGTG
10071	e16_ji1_GTGGTTAGTTGCCATA
10072	e16_ji1_GTGGTTATCATTGAGC
10073	e16_ji1_GTGGTTATCGCGTCGA
10074	e16_ji1_GTGTAACAGACCATAA
10075	e16_ji1_GTGTAACAGATACAGT
10076	e16_ji1_GTGTAACAGTGAGCCA
10077	e16_ji1_GTGTAACAGTGGCGAT
10078	e16_ji1_GTGTAACCACTTGTCC
10079	e16_ji1_GTGTCCTAGAGTGTGC
10080	e16_ji1_GTGTCCTAGCACCGAA
10081	e16_ji1_GTGTCCTAGGTATTGA
10082	e16_ji1_GTGTCCTCATGTGTCA
10083	e16_ji1_GTGTCCTGTTGGACCC
10084	e16_ji1_GTGTCCTTCGTTATCT
10085	e16_ji1_GTGTCCTTCTGCTCTG
10086	e16_ji1_GTGTGATAGTCATGAA
10087	e16_ji1_GTGTGATTCCCGGTAG
10088	e16_ji1_GTGTGGCAGCCTCGTG
10089	e16_ji1_GTGTGGCCACACTGGC
10090	e16_ji1_GTGTGGCCAGCCCAGT
10091	e16_ji1_GTGTGGCTCAAGCCCG
10092	e16_ji1_GTGTGGCTCCTTCTTC
10093	e16_ji1_GTGTGGCTCTCGAACA
10094	e16_ji1_GTGTGGCTCTTCCTAA
10095	e16_ji1_GTGTTAGAGTGGACGT
10096	e16_ji1_GTGTTAGCATCCCGTT
10097	e16_ji1_GTGTTAGCATTGCAAC
10098	e16_ji1_GTGTTAGGTCCTTAAG
10099	e16_ji1_GTGTTAGTCAGGAACG
10100	e16_ji1_GTGTTAGTCTTCTGTA
10101	e16_ji1_GTGTTCCAGCGCCCAT
10102	e16_ji1_GTGTTCCAGGCCACCT
10103	e16_ji1_GTGTTCCGTCCTGTCT
10104	e16_ji1_GTGTTCCGTTGGTAGG
10105	e16_ji1_GTGTTCCTCTCGTCGT
10106	e16_ji1_GTTACAGAGCAAGCCA
10107	e16_ji1_GTTACAGCAACGGCCT
10108	e16_ji1_GTTACAGCAGGAACCA
10109	e16_ji1_GTTACAGCATCGATCA
10110	e16_ji1_GTTACAGGTCCGAAGA
10111	e16_ji1_GTTACAGGTCGCATTA
10112	e16_ji1_GTTACAGGTGTATACC
10113	e16_ji1_GTTACAGTCACGAACT
10114	e16_ji1_GTTACAGTCAGATGCT
10115	e16_ji1_GTTACAGTCGGCGATC
10116	e16_ji1_GTTACCCAGCATTTGC
10117	e16_ji1_GTTACCCAGTAAACAC
10118	e16_ji1_GTTACCCCAAATGAAC
10119	e16_ji1_GTTACCCCATCCTGTC
10120	e16_ji1_GTTACCCGTCATTGCA
10121	e16_ji1_GTTACCCTCACCGCTT
10122	e16_ji1_GTTACCCTCCGAGTGC
10123	e16_ji1_GTTACCCTCGGAGATG
10124	e16_ji1_GTTACGAAGAAACTCA
10125	e16_ji1_GTTACGAAGATAGTGT
10126	e16_ji1_GTTACGAAGCAGGGAG
10127	e16_ji1_GTTACGAAGCGAGAAA
10128	e16_ji1_GTTACGACAACTCCAA
10129	e16_ji1_GTTACGAGTACCCGAC
10130	e16_ji1_GTTACGAGTAGTTCCA
10131	e16_ji1_GTTACGATCAAAGCCT
10132	e16_ji1_GTTACGATCACGTCCT
10133	e16_ji1_GTTACGATCGCTACGG
10134	e16_ji1_GTTAGACAGCTGACTT
10135	e16_ji1_GTTAGACAGTAGGAAG
10136	e16_ji1_GTTAGACAGTGAGCCA
10137	e16_ji1_GTTAGACCACCGCTGA
10138	e16_ji1_GTTAGACCACTATGTG
10139	e16_ji1_GTTAGACCACTGAATC
10140	e16_ji1_GTTAGACCATCCGGCA
10141	e16_ji1_GTTAGACGTAACATAG
10142	e16_ji1_GTTAGACGTCAAACGG
10143	e16_ji1_GTTAGACTCCAGGACC
10144	e16_ji1_GTTAGTGAGTCACGCC
10145	e16_ji1_GTTAGTGAGTGATTCC
10146	e16_ji1_GTTAGTGCAACTGGTT
10147	e16_ji1_GTTAGTGCATACCACA
10148	e16_ji1_GTTAGTGGTCTAACGT
10149	e16_ji1_GTTAGTGGTGGCCCAT
10150	e16_ji1_GTTATGGCAATGCAGG
10151	e16_ji1_GTTATGGCATGCCGCA
10152	e16_ji1_GTTATGGGTATCGTTG
10153	e16_ji1_GTTATGGGTGCGACAA
10154	e16_ji1_GTTATGGTCCACACAA
10155	e16_ji1_GTTATGGTCCGAAGGA
10156	e16_ji1_GTTATGGTCCTAACAG
10157	e16_ji1_GTTCATTAGCGGATCA
10158	e16_ji1_GTTCATTCAGTTGAAA
10159	e16_ji1_GTTCATTGTACACGCC
10160	e16_ji1_GTTCATTGTATACAGA
10161	e16_ji1_GTTCATTGTGCAGGAT
10162	e16_ji1_GTTCATTTCAAGAATG
10163	e16_ji1_GTTCATTTCAGGAAGC
10164	e16_ji1_GTTCCGTAGTCATAGA
10165	e16_ji1_GTTCCGTCAGCCCACA
10166	e16_ji1_GTTCCGTGTCACCCTT
10167	e16_ji1_GTTCCGTGTGGACAGT
10168	e16_ji1_GTTCCGTTCCATCACC
10169	e16_ji1_GTTCCGTTCCTCTAGC
10170	e16_ji1_GTTCCGTTCTGCTTAT
10171	e16_ji1_GTTCGCTAGCATCTTG
10172	e16_ji1_GTTCGCTAGGGAGTGG
10173	e16_ji1_GTTCGCTCAGCCTTCT
10174	e16_ji1_GTTCGCTGTCTGTAAC
10175	e16_ji1_GTTCGCTGTGAGTTTC
10176	e16_ji1_GTTCGCTGTGTTGAGG
10177	e16_ji1_GTTCGCTTCGTAACCA
10178	e16_ji1_GTTCTATAGTCCCAAT
10179	e16_ji1_GTTCTATAGTGGCCTC
10180	e16_ji1_GTTCTATCACAGTACT
10181	e16_ji1_GTTCTATCACCCAACG
10182	e16_ji1_GTTCTATCAGAAATCA
10183	e16_ji1_GTTCTATCAGGTGTTT
10184	e16_ji1_GTTGAACAGCTATCCA
10185	e16_ji1_GTTGAACCACAAACGG
10186	e16_ji1_GTTGAACGTACAAACA
10187	e16_ji1_GTTGAACGTATCCTCC
10188	e16_ji1_GTTGAACTCCCTATTA
10189	e16_ji1_GTTGCGGAGACATAAC
10190	e16_ji1_GTTGCGGAGCCGCACT
10191	e16_ji1_GTTGCGGAGCGCTGCT
10192	e16_ji1_GTTGCGGAGGCTCTAT
10193	e16_ji1_GTTGCGGCATGAGATA
10194	e16_ji1_GTTGCGGCATGTGGTT
10195	e16_ji1_GTTGCGGGTAAGGCTG
10196	e16_ji1_GTTGCGGGTTTCGTTT
10197	e16_ji1_GTTGCTCCAATCGCAT
10198	e16_ji1_GTTGCTCGTCTCTCCA
10199	e16_ji1_GTTGCTCTCCACTGGG
10200	e16_ji1_GTTGCTCTCGTTCCCA
10201	e16_ji1_GTTGTAGAGTCTGGTT
10202	e16_ji1_GTTGTAGCAGTATACC
10203	e16_ji1_GTTGTAGGTCAGCGTC
10204	e16_ji1_GTTGTAGGTGGTCCGT
10205	e16_ji1_GTTGTAGTCACCCTGT
10206	e16_ji1_GTTGTAGTCGGTAACT
10207	e16_ji1_GTTGTCCAGCACTCAT
10208	e16_ji1_GTTGTCCAGGAGTACC
10209	e16_ji1_GTTGTCCAGTAACAGT
10210	e16_ji1_GTTGTCCCACCCAACG
10211	e16_ji1_GTTGTCCCACCGTCTT
10212	e16_ji1_GTTGTCCGTACCTTCC
10213	e16_ji1_GTTGTCCGTAGCGAGT
10214	e16_ji1_GTTGTCCGTTCTTAGG
10215	e16_ji1_GTTGTCCTCATGCCAA
10216	e16_ji1_GTTGTCCTCCGCCTAT
10217	e16_ji1_GTTGTGAAGAGTGTTA
10218	e16_ji1_GTTGTGACACTTGGGC
10219	e16_ji1_GTTGTGAGTCTCTCCA
10220	e16_ji1_GTTGTGATCCATGATG
10221	e16_ji1_GTTTACTCAGGATGAC
10222	e16_ji1_GTTTACTGTAGCGATG
10223	e16_ji1_GTTTGGAAGAAGCGCT
10224	e16_ji1_GTTTGGAAGTTGAAGT
10225	e16_ji1_GTTTGGACACTGCATA
10226	e16_ji1_GTTTGGACAGGCGTTC
10227	e16_ji1_GTTTGGAGTACTAGCT
10228	e16_ji1_GTTTGGATCATTCGGA
10229	e16_ji1_TAACACGAGAAGTATC
10230	e16_ji1_TAACACGAGTTTCTTC
10231	e16_ji1_TAACACGCAAGACAAT
10232	e16_ji1_TAACACGGTGTCTCCT
10233	e16_ji1_TAACACGTCAGTCCGG
10234	e16_ji1_TAACACGTCGGTCACG
10235	e16_ji1_TAACACGTCTGACAGT
10236	e16_ji1_TAACCAGCATTGAGGG
10237	e16_ji1_TAACCAGGTCTACAAC
10238	e16_ji1_TAACCAGTCATCACCC
10239	e16_ji1_TAACGACGTAGGCAAC
10240	e16_ji1_TAACGACGTATTCCTT
10241	e16_ji1_TAACGACGTCGAGCTC
10242	e16_ji1_TAACGACGTTTCGTAG
10243	e16_ji1_TAACGACTCCTAGCCT
10244	e16_ji1_TAACTTCAGCATATGA
10245	e16_ji1_TAACTTCCACATCCCT
10246	e16_ji1_TAACTTCCAGAGGAAA
10247	e16_ji1_TAACTTCCAGCGTTTA
10248	e16_ji1_TAACTTCTCACGGGCT
10249	e16_ji1_TAACTTCTCCCATACC
10250	e16_ji1_TAACTTCTCCGTGTGG
10251	e16_ji1_TAACTTCTCGTAGCCG
10252	e16_ji1_TAAGCACAGAAGGTAG
10253	e16_ji1_TAAGCACAGACGGATC
10254	e16_ji1_TAAGCACCACAGCTTA
10255	e16_ji1_TAAGCACCAGAATTCC
10256	e16_ji1_TAAGCACCAGTATGAA
10257	e16_ji1_TAAGCACGTAATCAGA
10258	e16_ji1_TAAGCACGTCATGCAT
10259	e16_ji1_TAAGCACGTCCATAGT
10260	e16_ji1_TAAGCACTCCTCTCTT
10261	e16_ji1_TAAGCACTCGGACTTA
10262	e16_ji1_TAAGCACTCTACCAGA
10263	e16_ji1_TAAGCCACAACAGCCC
10264	e16_ji1_TAAGCCACACTGTTCC
10265	e16_ji1_TAAGCCATCAAATGCC
10266	e16_ji1_TAAGCCATCACCTTAT
10267	e16_ji1_TAAGCCATCTTAGCAG
10268	e16_ji1_TAAGCGTAGGAGGGTG
10269	e16_ji1_TAAGCGTAGGATCACG
10270	e16_ji1_TAAGCGTCAAGAGAGA
10271	e16_ji1_TAAGCGTCAAGTGGAC
10272	e16_ji1_TAAGTCGAGGAAGAAC
10273	e16_ji1_TAAGTCGAGGCCACCT
10274	e16_ji1_TAAGTCGCAGGCTATT
10275	e16_ji1_TAAGTCGGTAAGTAGT
10276	e16_ji1_TAAGTCGGTCACCGCA
10277	e16_ji1_TAAGTCGGTGCACGCT
10278	e16_ji1_TAATCTCAGGATACGC
10279	e16_ji1_TAATCTCAGGTAACTA
10280	e16_ji1_TAATCTCAGGTCTGGA
10281	e16_ji1_TAATCTCGTCAACCTA
10282	e16_ji1_TAATCTCGTTTCGTTT
10283	e16_ji1_TAATCTCTCAAGGACG
10284	e16_ji1_TAATCTCTCCCTCTCC
10285	e16_ji1_TAATTCCAGTATTAGG
10286	e16_ji1_TAATTCCAGTGCAAAT
10287	e16_ji1_TAATTCCCACATTACG
10288	e16_ji1_TAATTCCCACTTTATC
10289	e16_ji1_TAATTCCCAGTATGAA
10290	e16_ji1_TAATTCCGTACAATAG
10291	e16_ji1_TAATTCCGTCATAACC
10292	e16_ji1_TAATTCCGTCGAACGA
10293	e16_ji1_TAATTCCTCATCTATC
10294	e16_ji1_TAATTCCTCGGTCTGG
10295	e16_ji1_TACAACGAGAGGGTCT
10296	e16_ji1_TACAACGAGGGACCAT
10297	e16_ji1_TACAACGCAAATCAAG
10298	e16_ji1_TACAACGCAATCGCGC
10299	e16_ji1_TACAACGCACATAACC
10300	e16_ji1_TACAACGGTACACGTT
10301	e16_ji1_TACAACGGTTCGATTG
10302	e16_ji1_TACAACGGTTGCCAAT
10303	e16_ji1_TACAACGGTTTCGGCG
10304	e16_ji1_TACAACGTCACCCTTG
10305	e16_ji1_TACAACGTCATGGAGG
10306	e16_ji1_TACAACGTCCCATTTA
10307	e16_ji1_TACAACGTCGTGCGAC
10308	e16_ji1_TACACCCAGCCTCAAT
10309	e16_ji1_TACACCCAGCTCGAAG
10310	e16_ji1_TACACCCAGTTGCGCC
10311	e16_ji1_TACACCCAGTTTCGGT
10312	e16_ji1_TACACCCCACCCTTAC
10313	e16_ji1_TACACCCCACTAGAGG
10314	e16_ji1_TACACCCCACTCGATA
10315	e16_ji1_TACACCCCACTTTATC
10316	e16_ji1_TACACCCCATGTCTAG
10317	e16_ji1_TACACCCCATTGTCGA
10318	e16_ji1_TACACCCGTCGTCTCT
10319	e16_ji1_TACACCCGTCTAGTGT
10320	e16_ji1_TACAGGTAGACTACGG
10321	e16_ji1_TACAGGTAGCACTCCG
10322	e16_ji1_TACAGGTAGGCGTCCT
10323	e16_ji1_TACAGGTCAAATTGCC
10324	e16_ji1_TACAGGTCAAGTCCCG
10325	e16_ji1_TACAGGTCACCTTCGT
10326	e16_ji1_TACAGGTGTTAAGACA
10327	e16_ji1_TACAGGTGTTACGCCG
10328	e16_ji1_TACAGGTGTTTACACG
10329	e16_ji1_TACATTCAGGCACTAG
10330	e16_ji1_TACATTCAGTCCGCCA
10331	e16_ji1_TACATTCCAGTCGCTG
10332	e16_ji1_TACATTCGTGTAAATG
10333	e16_ji1_TACATTCTCACTGCTC
10334	e16_ji1_TACATTCTCCTTCTTC
10335	e16_ji1_TACATTCTCGATGGAG
10336	e16_ji1_TACATTCTCTATCCAT
10337	e16_ji1_TACATTCTCTCTCTTC
10338	e16_ji1_TACCCACAGCTAGATA
10339	e16_ji1_TACCCACAGTGGGAAA
10340	e16_ji1_TACCCACAGTTGGCTT
10341	e16_ji1_TACCCACGTACCTTCC
10342	e16_ji1_TACCCACGTCGCACAC
10343	e16_ji1_TACCCACTCATCCTGC
10344	e16_ji1_TACCCACTCCACTTTA
10345	e16_ji1_TACCCACTCGCTAAAC
10346	e16_ji1_TACCCACTCGGAGATG
10347	e16_ji1_TACCCACTCTTTGCTA
10348	e16_ji1_TACCCGTAGACGCTCC
10349	e16_ji1_TACCCGTAGTCACGCC
10350	e16_ji1_TACCCGTCAAATGCTC
10351	e16_ji1_TACCCGTCAACAGCCC
10352	e16_ji1_TACCCGTCACTAGGTT
10353	e16_ji1_TACCCGTCAGAAACCG
10354	e16_ji1_TACCCGTCATCTCGTC
10355	e16_ji1_TACCCGTGTTCCACAA
10356	e16_ji1_TACCCGTTCAAGAGTA
10357	e16_ji1_TACCCGTTCCACTAGA
10358	e16_ji1_TACCCGTTCCGTAGGC
10359	e16_ji1_TACCCGTTCGAGCCAC
10360	e16_ji1_TACCGAAAGATAACGT
10361	e16_ji1_TACCGAAAGCAGGTCA
10362	e16_ji1_TACCGAAAGGCCCGTT
10363	e16_ji1_TACCGAAAGTAAACAC
10364	e16_ji1_TACCGAAAGTGCAACG
10365	e16_ji1_TACCGAACAACCTAAC
10366	e16_ji1_TACCGAACATGATAGA
10367	e16_ji1_TACCGAAGTGCTGTCG
10368	e16_ji1_TACCGAATCAACCTCC
10369	e16_ji1_TACCGAATCACTTGTT
10370	e16_ji1_TACCGAATCTCCATAT
10371	e16_ji1_TACCGGGCAGGACATG
10372	e16_ji1_TACCGGGCATTGGATC
10373	e16_ji1_TACCGGGGTGTCCGTG
10374	e16_ji1_TACCGGGGTTACCGTA
10375	e16_ji1_TACCGGGTCATAAGGA
10376	e16_ji1_TACCGGGTCATCTGTT
10377	e16_ji1_TACCGGGTCGAAGCCC
10378	e16_ji1_TACCGGGTCGGCTTCT
10379	e16_ji1_TACCGGGTCTGGTTGA
10380	e16_ji1_TACCTCGAGGCTATCT
10381	e16_ji1_TACCTCGCAATTCACG
10382	e16_ji1_TACCTCGCATTGTAGC
10383	e16_ji1_TACCTCGTCAAACGAA
10384	e16_ji1_TACCTCGTCGGCACTG
10385	e16_ji1_TACCTCGTCTGATTCT
10386	e16_ji1_TACCTGCAGATGCAGC
10387	e16_ji1_TACCTGCAGGTCATCT
10388	e16_ji1_TACCTGCCACATTCTT
10389	e16_ji1_TACCTGCCAGCTTCCT
10390	e16_ji1_TACCTGCCATTCCTAT
10391	e16_ji1_TACCTGCGTCGTGGTC
10392	e16_ji1_TACCTGCTCAAGTCGT
10393	e16_ji1_TACCTGCTCGTTATCT
10394	e16_ji1_TACCTGCTCTCCAAGA
10395	e16_ji1_TACCTGCTCTGCGTCT
10396	e16_ji1_TACCTGCTCTTCTAAC
10397	e16_ji1_TACGCTCAGCACCTGC
10398	e16_ji1_TACGCTCAGTCATGGG
10399	e16_ji1_TACGCTCCACGCTTAA
10400	e16_ji1_TACGCTCCACTGCATA
10401	e16_ji1_TACGCTCCAGCATTGT
10402	e16_ji1_TACGCTCCAGTGGCTC
10403	e16_ji1_TACGCTCTCACTCTTA
10404	e16_ji1_TACGCTCTCAGATGCT
10405	e16_ji1_TACGCTCTCCGACATA
10406	e16_ji1_TACGCTCTCCGAGTGC
10407	e16_ji1_TACGCTCTCGCCAGTG
10408	e16_ji1_TACGGGCAGGAGTCTG
10409	e16_ji1_TACGGGCAGTGATTCC
10410	e16_ji1_TACGGGCCAAAGCTCT
10411	e16_ji1_TACGGGCCACAATCTG
10412	e16_ji1_TACGGGCGTAGCTCGC
10413	e16_ji1_TACGGGCGTCGCTTAA
10414	e16_ji1_TACGGGCGTTTCGCTC
10415	e16_ji1_TACGGGCTCGAACTCA
10416	e16_ji1_TACGGTAAGACTCATC
10417	e16_ji1_TACGGTAAGAGCCGAT
10418	e16_ji1_TACGGTAAGTACAGCG
10419	e16_ji1_TACGGTAAGTGGACGT
10420	e16_ji1_TACGGTACACCAATTG
10421	e16_ji1_TACGGTACACCAGCCA
10422	e16_ji1_TACGGTACACGCTGAC
10423	e16_ji1_TACGGTACAGTGCCTG
10424	e16_ji1_TACGGTAGTAGCGCCT
10425	e16_ji1_TACGGTAGTAGTATAG
10426	e16_ji1_TACGGTAGTTCCTACC
10427	e16_ji1_TACGTCCAGAACCGCA
10428	e16_ji1_TACGTCCAGACCACGA
10429	e16_ji1_TACGTCCAGGTCATTC
10430	e16_ji1_TACGTCCCAGTCTTCC
10431	e16_ji1_TACGTCCGTATCAGGG
10432	e16_ji1_TACGTCCGTCGCTTAA
10433	e16_ji1_TACTGCCCACTAACGT
10434	e16_ji1_TACTGCCCAGGTGACA
10435	e16_ji1_TACTGCCCATCTATCT
10436	e16_ji1_TACTGCCGTATCCCTC
10437	e16_ji1_TACTGCCGTATGGGAC
10438	e16_ji1_TACTGCCGTGGAACAC
10439	e16_ji1_TACTGCCGTGGTTTGT
10440	e16_ji1_TACTGCCTCACTTCTA
10441	e16_ji1_TACTGCCTCCCAGCGA
10442	e16_ji1_TACTGCCTCGAGAGCA
10443	e16_ji1_TACTGCCTCTCGAGTA
10444	e16_ji1_TACTTACAGCCTCATA
10445	e16_ji1_TACTTACAGGCTTTCA
10446	e16_ji1_TACTTACCAAATGATG
10447	e16_ji1_TACTTACCAGCCTTCT
10448	e16_ji1_TACTTACCAGCTTCCT
10449	e16_ji1_TACTTACCAGGATTCT
10450	e16_ji1_TACTTACGTAGCTAAA
10451	e16_ji1_TACTTACGTCAGGTAG
10452	e16_ji1_TACTTACGTGCAATGG
10453	e16_ji1_TACTTACGTGTCTAAC
10454	e16_ji1_TACTTACGTTAAGTCC
10455	e16_ji1_TACTTCAAGGCTTAAA
10456	e16_ji1_TACTTCAAGGTCACTT
10457	e16_ji1_TACTTCAAGTTCTCTT
10458	e16_ji1_TACTTCACAATCTAGC
10459	e16_ji1_TACTTCATCTCTGCTG
10460	e16_ji1_TACTTCATCTTGGCTC
10461	e16_ji1_TACTTGTAGACCTCAT
10462	e16_ji1_TACTTGTAGCGTGCCT
10463	e16_ji1_TACTTGTCACGGGCTT
10464	e16_ji1_TACTTGTCAGTTAGGG
10465	e16_ji1_TACTTGTGTCCCGTGA
10466	e16_ji1_TACTTGTGTGGTGATG
10467	e16_ji1_TACTTGTGTGTCTTAG
10468	e16_ji1_TACTTGTGTTGCGGAA
10469	e16_ji1_TACTTGTTCCTAAGTG
10470	e16_ji1_TAGACCAAGCTAATGA
10471	e16_ji1_TAGACCACATGTTACG
10472	e16_ji1_TAGACCAGTCCAACGC
10473	e16_ji1_TAGACCAGTGAGTAGC
10474	e16_ji1_TAGACCAGTTTCGACA
10475	e16_ji1_TAGACCATCAACGCTA
10476	e16_ji1_TAGACCATCACAATGC
10477	e16_ji1_TAGACCATCAGCGGAA
10478	e16_ji1_TAGACCATCATCACCC
10479	e16_ji1_TAGACCATCCCATAGA
10480	e16_ji1_TAGACCATCGCTGCGA
10481	e16_ji1_TAGACCATCTAGATCG
10482	e16_ji1_TAGACCATCTGGCTGG
10483	e16_ji1_TAGACTGAGGAAGTGA
10484	e16_ji1_TAGACTGAGTCTCCTC
10485	e16_ji1_TAGACTGGTCCTGTCT
10486	e16_ji1_TAGACTGGTGTTGACT
10487	e16_ji1_TAGAGTCAGACTCTTG
10488	e16_ji1_TAGAGTCAGAGATCGC
10489	e16_ji1_TAGAGTCAGTATGATG
10490	e16_ji1_TAGAGTCAGTTGAAGT
10491	e16_ji1_TAGAGTCCAGTCTCTC
10492	e16_ji1_TAGAGTCGTCGCCACA
10493	e16_ji1_TAGAGTCGTGCGGTAA
10494	e16_ji1_TAGAGTCGTTTACACG
10495	e16_ji1_TAGAGTCTCACGAGGA
10496	e16_ji1_TAGAGTCTCGATGCAT
10497	e16_ji1_TAGATCGAGATTTGCC
10498	e16_ji1_TAGATCGGTAAGAACT
10499	e16_ji1_TAGATCGGTTAAGAAC
10500	e16_ji1_TAGATCGTCTTGAACG
10501	e16_ji1_TAGCACAAGAGTCGAC
10502	e16_ji1_TAGCACAAGGTAATCA
10503	e16_ji1_TAGCACACACTTTATC
10504	e16_ji1_TAGCACACATCAGCAT
10505	e16_ji1_TAGCACAGTAAGATAC
10506	e16_ji1_TAGGAGGAGTCATGCT
10507	e16_ji1_TAGGAGGCATTCACAG
10508	e16_ji1_TAGGAGGGTCTCACAA
10509	e16_ji1_TAGGAGGTCCATCTAT
10510	e16_ji1_TAGGGTTAGGTGTGAC
10511	e16_ji1_TAGGGTTAGTATGATG
10512	e16_ji1_TAGGGTTCAACAAGTA
10513	e16_ji1_TAGGGTTCAACACGAG
10514	e16_ji1_TAGGGTTCACTTCATT
10515	e16_ji1_TAGGGTTCAGTCGAGA
10516	e16_ji1_TAGGGTTCATATGCGT
10517	e16_ji1_TAGGGTTGTGCCTATA
10518	e16_ji1_TAGGGTTGTGTAGGAC
10519	e16_ji1_TAGGGTTGTTAAGACA
10520	e16_ji1_TAGGGTTGTTGGAGGT
10521	e16_ji1_TAGGGTTTCAATCGGT
10522	e16_ji1_TAGGTACAGGCGAACT
10523	e16_ji1_TAGGTACCATACTGTG
10524	e16_ji1_TAGGTACCATATGCGT
10525	e16_ji1_TAGGTACCATCGTGGC
10526	e16_ji1_TAGGTACGTCCATAGT
10527	e16_ji1_TAGGTACTCGGCCCAA
10528	e16_ji1_TAGGTTGAGGTCGACA
10529	e16_ji1_TAGGTTGCAAGCGGAT
10530	e16_ji1_TAGGTTGCACCCTCTA
10531	e16_ji1_TAGGTTGCAGGTCTCG
10532	e16_ji1_TAGGTTGTCCCGAGAC
10533	e16_ji1_TAGGTTGTCTAAGAAG
10534	e16_ji1_TAGTGCAAGATTGACA
10535	e16_ji1_TAGTGCAAGTAGACAT
10536	e16_ji1_TAGTGCACAATCGCAT
10537	e16_ji1_TAGTGCACACGTAGAG
10538	e16_ji1_TAGTGCATCAAGGACG
10539	e16_ji1_TAGTGCATCACTTCTA
10540	e16_ji1_TATACCTAGAACCGCA
10541	e16_ji1_TATACCTAGTAGTGCG
10542	e16_ji1_TATACCTAGTTGCGCC
10543	e16_ji1_TATACCTCACAAATCC
10544	e16_ji1_TATACCTCACACGGAA
10545	e16_ji1_TATACCTCATGATAGA
10546	e16_ji1_TATACCTGTATACCCA
10547	e16_ji1_TATACCTGTCTGTTAG
10548	e16_ji1_TATACCTGTGAGTTTC
10549	e16_ji1_TATACCTGTGTCGATT
10550	e16_ji1_TATACCTTCATCCTAT
10551	e16_ji1_TATACCTTCGATTGAC
10552	e16_ji1_TATATCCAGCCTCCAG
10553	e16_ji1_TATATCCAGGATTCAA
10554	e16_ji1_TATATCCAGTCACACT
10555	e16_ji1_TATATCCGTGAGTAAT
10556	e16_ji1_TATATCCTCAGCGCAC
10557	e16_ji1_TATATCCTCCTCTGCA
10558	e16_ji1_TATATCCTCTTAGCAG
10559	e16_ji1_TATCAGGCATAGAATG
10560	e16_ji1_TATCAGGGTAACCCTA
10561	e16_ji1_TATCAGGGTGTACGCC
10562	e16_ji1_TATCAGGTCCACGTGG
10563	e16_ji1_TATCAGGTCCACTGAA
10564	e16_ji1_TATCAGGTCGGCATAT
10565	e16_ji1_TATCCTAGTAGTCTGT
10566	e16_ji1_TATCCTAGTGTGGTCC
10567	e16_ji1_TATCCTATCGGCTGTG
10568	e16_ji1_TATCGCCAGAAGATCT
10569	e16_ji1_TATCGCCAGGGCAGTT
10570	e16_ji1_TATCGCCCATCCAATG
10571	e16_ji1_TATCGCCGTATCACGT
10572	e16_ji1_TATCGCCTCCGGCAAC
10573	e16_ji1_TATCGCCTCGACACTA
10574	e16_ji1_TATCGCCTCTATTGTC
10575	e16_ji1_TATCTGTCACCCTGTT
10576	e16_ji1_TATCTGTCACGCGCTA
10577	e16_ji1_TATCTGTCAGCTGAAG
10578	e16_ji1_TATCTGTGTCAGGAGT
10579	e16_ji1_TATCTGTGTCCTATAG
10580	e16_ji1_TATCTGTTCCGAGGCT
10581	e16_ji1_TATCTTGCAGCACGAA
10582	e16_ji1_TATCTTGCATTGCCGG
10583	e16_ji1_TATCTTGGTCATTCCC
10584	e16_ji1_TATCTTGTCTTCACGC
10585	e16_ji1_TATGTTCAGACATAAC
10586	e16_ji1_TATGTTCAGCAATAGT
10587	e16_ji1_TATGTTCAGCCGGATA
10588	e16_ji1_TATGTTCAGCGAGAAA
10589	e16_ji1_TATGTTCCAACTGTGT
10590	e16_ji1_TATGTTCCACACCTAA
10591	e16_ji1_TATGTTCCACATAGCT
10592	e16_ji1_TATGTTCCACTCAGAT
10593	e16_ji1_TATGTTCGTCTACTGA
10594	e16_ji1_TATGTTCTCCCATACC
10595	e16_ji1_TATGTTCTCGACCCAG
10596	e16_ji1_TATGTTCTCGAGAAAT
10597	e16_ji1_TATGTTCTCTCTGGTC
10598	e16_ji1_TATTCCACACCCTAAA
10599	e16_ji1_TATTCCACACTACCGG
10600	e16_ji1_TATTCCACATTATGCG
10601	e16_ji1_TATTCCAGTCCTCATC
10602	e16_ji1_TATTCCAGTGAACTAA
10603	e16_ji1_TATTCCATCGCGGTAC
10604	e16_ji1_TATTCCATCGCTACGG
10605	e16_ji1_TATTCCATCGCTGATA
10606	e16_ji1_TATTGCTAGCACACCC
10607	e16_ji1_TATTGCTCACCGCTAG
10608	e16_ji1_TATTGCTCAGCCCAGT
10609	e16_ji1_TATTGCTGTACCTAGT
10610	e16_ji1_TATTGCTGTCATCTAG
10611	e16_ji1_TATTGCTGTCCCGGTA
10612	e16_ji1_TATTGCTGTTAGAAGT
10613	e16_ji1_TATTGCTGTTTGCAGT
10614	e16_ji1_TATTGCTTCGAGCCAC
10615	e16_ji1_TATTGGGAGAATTCAG
10616	e16_ji1_TATTGGGCAATATCCG
10617	e16_ji1_TATTGGGCACGTCTCT
10618	e16_ji1_TATTGGGGTGACTATC
10619	e16_ji1_TATTGGGGTTCATCTT
10620	e16_ji1_TATTGGGTCAGTGTTG
10621	e16_ji1_TATTGGGTCTTCTAAC
10622	e16_ji1_TATTTCGAGAGAATCT
10623	e16_ji1_TATTTCGAGTTAACGA
10624	e16_ji1_TATTTCGCAACACTAC
10625	e16_ji1_TATTTCGCAACCAACT
10626	e16_ji1_TATTTCGCATACTGTG
10627	e16_ji1_TATTTCGCATCCGAGC
10628	e16_ji1_TATTTCGGTCTACTGA
10629	e16_ji1_TATTTCGGTGACACAG
10630	e16_ji1_TATTTCGGTGTCCCTT
10631	e16_ji1_TATTTCGTCCAGCAAT
10632	e16_ji1_TATTTCGTCCTTCTTC
10633	e16_ji1_TATTTCGTCGTCTAAG
10634	e16_ji1_TCAAGACAGACCCTTA
10635	e16_ji1_TCAAGACAGACTTCGT
10636	e16_ji1_TCAAGACAGCAAATCA
10637	e16_ji1_TCAAGACCAGACATCT
10638	e16_ji1_TCAAGACCAGCATCTA
10639	e16_ji1_TCAAGACCATCACGGC
10640	e16_ji1_TCAAGACCATCGTGCG
10641	e16_ji1_TCAAGACGTAACGATA
10642	e16_ji1_TCAAGACGTCCGATCG
10643	e16_ji1_TCAAGACGTTGTAAAG
10644	e16_ji1_TCAAGACTCATCGCCT
10645	e16_ji1_TCAAGACTCGCATTGA
10646	e16_ji1_TCAAGCAAGGTACAGC
10647	e16_ji1_TCAAGCACAACAGCTT
10648	e16_ji1_TCAAGCACAACCAATC
10649	e16_ji1_TCAAGCACAGACAATA
10650	e16_ji1_TCAAGCAGTAACGATA
10651	e16_ji1_TCAAGCAGTAGTTACC
10652	e16_ji1_TCAAGCAGTATTCTCT
10653	e16_ji1_TCAAGCAGTCCTCCTA
10654	e16_ji1_TCAAGCATCGCTAGCG
10655	e16_ji1_TCAAGCATCTTAGCCC
10656	e16_ji1_TCAAGTGAGAACCCGA
10657	e16_ji1_TCAAGTGAGACCACGA
10658	e16_ji1_TCAAGTGAGGTCACAG
10659	e16_ji1_TCAAGTGCACGCTTAA
10660	e16_ji1_TCAAGTGGTGGCGCTT
10661	e16_ji1_TCAAGTGGTTGCTCGG
10662	e16_ji1_TCAAGTGTCAGTCCGG
10663	e16_ji1_TCAAGTGTCCATCTAT
10664	e16_ji1_TCAAGTGTCTACGGTA
10665	e16_ji1_TCAATCTAGGAAGTAG
10666	e16_ji1_TCAATCTAGGCCCGTT
10667	e16_ji1_TCAATCTAGGCCTTCG
10668	e16_ji1_TCAATCTAGGGAACAA
10669	e16_ji1_TCAATCTAGTAGTCAA
10670	e16_ji1_TCAATCTCAAAGGAGA
10671	e16_ji1_TCAATCTCACGAAGAC
10672	e16_ji1_TCAATCTCACGCCACA
10673	e16_ji1_TCAATCTCAGTAGATA
10674	e16_ji1_TCAATCTGTAAGATCA
10675	e16_ji1_TCAATCTGTAGTCGTT
10676	e16_ji1_TCAATCTGTATCGCTA
10677	e16_ji1_TCAATCTTCAAGCCCG
10678	e16_ji1_TCAATCTTCTCATTTG
10679	e16_ji1_TCAATCTTCTCCAATT
10680	e16_ji1_TCAATTCAGAGGCCAT
10681	e16_ji1_TCAATTCAGCCGCTTG
10682	e16_ji1_TCAATTCAGCTCTGTA
10683	e16_ji1_TCAATTCCAATACCCA
10684	e16_ji1_TCAATTCCACCCTCTA
10685	e16_ji1_TCAATTCGTCCAGCCA
10686	e16_ji1_TCAATTCGTCTTTCTA
10687	e16_ji1_TCAATTCGTGGCACTC
10688	e16_ji1_TCAATTCGTGGCTTGC
10689	e16_ji1_TCAATTCGTTGCTAGT
10690	e16_ji1_TCAATTCTCCGCTAGG
10691	e16_ji1_TCAATTCTCCTTTGAT
10692	e16_ji1_TCAATTCTCGAGCCTG
10693	e16_ji1_TCAATTCTCGGATACT
10694	e16_ji1_TCAATTCTCGGTCATA
10695	e16_ji1_TCAATTCTCTCCTGCA
10696	e16_ji1_TCACAAGAGAGGTTTA
10697	e16_ji1_TCACAAGAGATAACGT
10698	e16_ji1_TCACAAGAGCCGTTGC
10699	e16_ji1_TCACAAGCAAGTGTCT
10700	e16_ji1_TCACAAGGTAGTGGCA
10701	e16_ji1_TCACAAGGTGGCTGCT
10702	e16_ji1_TCACAAGTCAGACATC
10703	e16_ji1_TCACAAGTCTGCTTAT
10704	e16_ji1_TCACAAGTCTTGGTGA
10705	e16_ji1_TCACAAGTCTTTGCAT
10706	e16_ji1_TCACACCAGATCCCGC
10707	e16_ji1_TCACACCAGCGCCGTT
10708	e16_ji1_TCACACCAGGAGCAAA
10709	e16_ji1_TCACACCAGGGTTTCT
10710	e16_ji1_TCACACCAGGTGGTTG
10711	e16_ji1_TCACACCCACAGCATT
10712	e16_ji1_TCACACCCACATATCG
10713	e16_ji1_TCACACCCAGCCATTA
10714	e16_ji1_TCACACCCATATCTCT
10715	e16_ji1_TCACACCCATCACCAA
10716	e16_ji1_TCACACCCATGACCCG
10717	e16_ji1_TCACACCGTAGGTGCA
10718	e16_ji1_TCACACCGTCACTAGT
10719	e16_ji1_TCACACCGTTCCCAAA
10720	e16_ji1_TCACACCGTTTCGCTC
10721	e16_ji1_TCACACCTCCACAGGC
10722	e16_ji1_TCACATTAGGGATCTG
10723	e16_ji1_TCACATTCACGCAAAG
10724	e16_ji1_TCACATTCACTTTAGG
10725	e16_ji1_TCACATTGTACAGTCT
10726	e16_ji1_TCACATTGTCCAGTTA
10727	e16_ji1_TCACATTGTCCTACGG
10728	e16_ji1_TCACATTGTTCAGCTA
10729	e16_ji1_TCACATTGTTGGTGTT
10730	e16_ji1_TCACATTTCATGCCCT
10731	e16_ji1_TCACATTTCATTACGG
10732	e16_ji1_TCACGCTAGATCACTC
10733	e16_ji1_TCACGCTAGCAATTCC
10734	e16_ji1_TCACGCTAGCTAGAGC
10735	e16_ji1_TCACGCTCAAGGGTCA
10736	e16_ji1_TCACGCTCAATACCTG
10737	e16_ji1_TCACGCTCAATACGAA
10738	e16_ji1_TCACGCTCAGTTGTTG
10739	e16_ji1_TCACGCTCATCCGGCA
10740	e16_ji1_TCACGCTGTCCACAGC
10741	e16_ji1_TCACGCTGTGACATCT
10742	e16_ji1_TCACGCTTCATCGCTC
10743	e16_ji1_TCACGCTTCCACTAGA
10744	e16_ji1_TCACGCTTCCCTGTTG
10745	e16_ji1_TCACGCTTCCCTTGGT
10746	e16_ji1_TCACGGGAGCCTTGAT
10747	e16_ji1_TCACGGGAGTCATCGT
10748	e16_ji1_TCACGGGCAAGGGTCA
10749	e16_ji1_TCACGGGCAAGTATAG
10750	e16_ji1_TCACGGGGTCCTCAGG
10751	e16_ji1_TCACGGGTCACCCTGT
10752	e16_ji1_TCACGGGTCATAGAGA
10753	e16_ji1_TCACGGGTCATTTCCA
10754	e16_ji1_TCACGGGTCTCGTGGG
10755	e16_ji1_TCACTATAGCAACTTC
10756	e16_ji1_TCACTATAGTGATAGT
10757	e16_ji1_TCACTATCAGCACCCA
10758	e16_ji1_TCACTATCAGCGATTT
10759	e16_ji1_TCACTATCAGGCCCTA
10760	e16_ji1_TCACTATCAGTCAGAG
10761	e16_ji1_TCACTATCATCAGCTA
10762	e16_ji1_TCACTATGTAACCAGG
10763	e16_ji1_TCACTATGTTTCACAG
10764	e16_ji1_TCACTATTCTATACTC
10765	e16_ji1_TCACTCGAGCAGAAAG
10766	e16_ji1_TCACTCGAGTCTCCTC
10767	e16_ji1_TCACTCGCAGCGGATA
10768	e16_ji1_TCACTCGTCACGAGGA
10769	e16_ji1_TCACTCGTCGATACTG
10770	e16_ji1_TCACTCGTCGCAGATT
10771	e16_ji1_TCAGCAACAAACCGGA
10772	e16_ji1_TCAGCAACAGAGCGTA
10773	e16_ji1_TCAGCAAGTAAGCAAT
10774	e16_ji1_TCAGCAATCACTGTTT
10775	e16_ji1_TCAGCCTAGAAAGTCT
10776	e16_ji1_TCAGCCTCAGGGTCTC
10777	e16_ji1_TCAGGGCAGCCACAAG
10778	e16_ji1_TCAGGGCAGGTTCTTG
10779	e16_ji1_TCAGGGCAGTTACGAA
10780	e16_ji1_TCAGGGCAGTTCGGTT
10781	e16_ji1_TCAGGGCCACAATTCG
10782	e16_ji1_TCAGGGCCATCCTTGC
10783	e16_ji1_TCAGGGCGTACCTAGT
10784	e16_ji1_TCAGGGCGTGGACTGA
10785	e16_ji1_TCAGGGCTCACTGCTC
10786	e16_ji1_TCAGGGCTCGGAAGGT
10787	e16_ji1_TCAGGTAAGCAGGCAT
10788	e16_ji1_TCAGGTAAGTTCTACG
10789	e16_ji1_TCAGGTACACTAACGT
10790	e16_ji1_TCAGGTAGTCCTACGG
10791	e16_ji1_TCAGGTATCCTGTTGC
10792	e16_ji1_TCAGTCCAGAAATGGG
10793	e16_ji1_TCAGTCCAGCAGCCTC
10794	e16_ji1_TCAGTCCAGGTCCCGT
10795	e16_ji1_TCAGTCCAGGTGGTTG
10796	e16_ji1_TCAGTCCCAAGGCGTA
10797	e16_ji1_TCAGTCCCAGCAGTGA
10798	e16_ji1_TCAGTCCGTAGAGGAA
10799	e16_ji1_TCAGTCCGTCCCGCAA
10800	e16_ji1_TCAGTCCGTTATGACC
10801	e16_ji1_TCAGTCCGTTTACGAC
10802	e16_ji1_TCAGTCCTCTGATTCT
10803	e16_ji1_TCAGTCCTCTTCGACC
10804	e16_ji1_TCAGTGAAGATGCTAA
10805	e16_ji1_TCAGTGAAGTTACGAA
10806	e16_ji1_TCAGTGACATTCTCCG
10807	e16_ji1_TCAGTGAGTAGCACAG
10808	e16_ji1_TCAGTGATCCCGAACG
10809	e16_ji1_TCAGTGATCGGTGAAG
10810	e16_ji1_TCAGTGATCGTAACAC
10811	e16_ji1_TCAGTTTAGACGTCCC
10812	e16_ji1_TCAGTTTAGGCCTGAA
10813	e16_ji1_TCAGTTTGTAGACAAT
10814	e16_ji1_TCAGTTTTCAAGAGTA
10815	e16_ji1_TCAGTTTTCCCGAATA
10816	e16_ji1_TCAGTTTTCGAAATCC
10817	e16_ji1_TCAGTTTTCGGACTTA
10818	e16_ji1_TCAGTTTTCGTTCCCA
10819	e16_ji1_TCATACTAGGAATGTT
10820	e16_ji1_TCATACTAGGCCTTCG
10821	e16_ji1_TCATACTCAACGATTC
10822	e16_ji1_TCATACTCACGCGGTT
10823	e16_ji1_TCATACTCAGAAGCGT
10824	e16_ji1_TCATACTCAGATACCT
10825	e16_ji1_TCATACTCAGGGCTTC
10826	e16_ji1_TCATACTCATGTGACT
10827	e16_ji1_TCATACTGTACAAGCG
10828	e16_ji1_TCATACTGTCCAATCA
10829	e16_ji1_TCATACTGTGTCTAAC
10830	e16_ji1_TCATACTGTTCGGGTC
10831	e16_ji1_TCATACTGTTCGTAAC
10832	e16_ji1_TCATACTTCTCTTGCG
10833	e16_ji1_TCATACTTCTTGGTCC
10834	e16_ji1_TCATATCAGAGGATGA
10835	e16_ji1_TCATATCAGGTTGGAC
10836	e16_ji1_TCATATCCACAACGTT
10837	e16_ji1_TCATATCCACCTCGTT
10838	e16_ji1_TCATATCCACCTGATA
10839	e16_ji1_TCATATCGTATGATCC
10840	e16_ji1_TCATATCGTGAGTCAG
10841	e16_ji1_TCATATCGTGTCCAAT
10842	e16_ji1_TCATATCTCACATTGG
10843	e16_ji1_TCATATCTCATTACGG
10844	e16_ji1_TCATATCTCCTACCAC
10845	e16_ji1_TCATATCTCTCGGTAA
10846	e16_ji1_TCATCATCACCATATG
10847	e16_ji1_TCATCATCACTACGGC
10848	e16_ji1_TCATCATCAGCTGGTC
10849	e16_ji1_TCATCATGTCAGTTTG
10850	e16_ji1_TCATCATGTCTCTCTG
10851	e16_ji1_TCATCATGTTAGAAAC
10852	e16_ji1_TCATCATGTTGCCTAA
10853	e16_ji1_TCATCATTCATTGCCC
10854	e16_ji1_TCATCATTCCTGGGTG
10855	e16_ji1_TCATCATTCGCACGGT
10856	e16_ji1_TCATCATTCTTGGATG
10857	e16_ji1_TCATCCGAGCTTAAGA
10858	e16_ji1_TCATCCGAGGATTTAG
10859	e16_ji1_TCATCCGCACAATTCG
10860	e16_ji1_TCATCCGCATGACACT
10861	e16_ji1_TCATCCGCATTCCTCG
10862	e16_ji1_TCATCCGGTATCGCGC
10863	e16_ji1_TCATCCGGTCCCTCAT
10864	e16_ji1_TCATCCGGTTCTCAGA
10865	e16_ji1_TCATCCGTCCTCAGGG
10866	e16_ji1_TCATCCGTCCTTCGAC
10867	e16_ji1_TCATGAGAGAGTTGCG
10868	e16_ji1_TCATGAGAGATTACCC
10869	e16_ji1_TCATGAGCACAAGCAG
10870	e16_ji1_TCATGAGCACGAGGTA
10871	e16_ji1_TCATGAGGTAGTCCTA
10872	e16_ji1_TCATGAGGTATGAGCG
10873	e16_ji1_TCATGAGGTATTGACC
10874	e16_ji1_TCATGAGGTGGCTTAT
10875	e16_ji1_TCATGAGGTTCAACGT
10876	e16_ji1_TCATGAGGTTGAGAGC
10877	e16_ji1_TCATGAGGTTGCTCGG
10878	e16_ji1_TCATGAGTCACCATCC
10879	e16_ji1_TCATGAGTCACCTGGG
10880	e16_ji1_TCATGAGTCCTCTCGA
10881	e16_ji1_TCATGCCAGACTAAGT
10882	e16_ji1_TCATGCCAGCTGGCTC
10883	e16_ji1_TCATGCCAGTGAATAC
10884	e16_ji1_TCATGCCCAGCTGCCA
10885	e16_ji1_TCATGCCGTTAGTTCG
10886	e16_ji1_TCATGCCTCGTAGAGG
10887	e16_ji1_TCATGCCTCTACTTCA
10888	e16_ji1_TCATGCCTCTTCCCAG
10889	e16_ji1_TCATGGAAGGACTTCT
10890	e16_ji1_TCATGGACAATACGCT
10891	e16_ji1_TCATGGACACAGGATG
10892	e16_ji1_TCATGGACAGGCTACC
10893	e16_ji1_TCATGGAGTCTCCCTA
10894	e16_ji1_TCATGGAGTCTTTATC
10895	e16_ji1_TCATGTTAGATGACAT
10896	e16_ji1_TCATGTTAGCAGCGAT
10897	e16_ji1_TCATGTTAGTTACGTC
10898	e16_ji1_TCATGTTCACCAGCGT
10899	e16_ji1_TCATGTTTCCGGCAAC
10900	e16_ji1_TCATGTTTCCTTGACC
10901	e16_ji1_TCATTACAGACCACGA
10902	e16_ji1_TCATTACAGAGGCCAT
10903	e16_ji1_TCATTACAGGTAAAGG
10904	e16_ji1_TCATTACCAGCCGTTG
10905	e16_ji1_TCATTACGTGTGTCCG
10906	e16_ji1_TCATTACGTTTCACTT
10907	e16_ji1_TCATTACTCATCTATC
10908	e16_ji1_TCATTACTCCCGAACG
10909	e16_ji1_TCATTACTCTACCCAC
10910	e16_ji1_TCATTACTCTCATAGG
10911	e16_ji1_TCATTACTCTCCACTG
10912	e16_ji1_TCATTACTCTGTAACG
10913	e16_ji1_TCATTCAAGACTCATC
10914	e16_ji1_TCATTCAAGCCAAGGT
10915	e16_ji1_TCATTCAAGGCTAAAT
10916	e16_ji1_TCATTCACAGCCTTCT
10917	e16_ji1_TCATTCACAGTAGAAT
10918	e16_ji1_TCATTCACATAATCCG
10919	e16_ji1_TCATTCACATAGCTGT
10920	e16_ji1_TCATTCACATAGGAGC
10921	e16_ji1_TCATTCACATTGCCTC
10922	e16_ji1_TCATTCAGTAGCCCTG
10923	e16_ji1_TCATTCAGTGGCTGCT
10924	e16_ji1_TCATTCAGTTCCTTGC
10925	e16_ji1_TCATTCAGTTTCGCTC
10926	e16_ji1_TCATTCATCGACCATA
10927	e16_ji1_TCATTCATCGACGCTG
10928	e16_ji1_TCATTCATCGCCGAGT
10929	e16_ji1_TCATTGTAGTAGCAAT
10930	e16_ji1_TCATTGTCAGGACATG
10931	e16_ji1_TCATTGTGTCTACAGT
10932	e16_ji1_TCATTGTGTGCCCAGT
10933	e16_ji1_TCATTGTTCTCTCGAC
10934	e16_ji1_TCATTTGAGGTCACCC
10935	e16_ji1_TCATTTGAGTAATACG
10936	e16_ji1_TCATTTGAGTGCACAG
10937	e16_ji1_TCATTTGCAAATAAGC
10938	e16_ji1_TCATTTGCAATTTCCT
10939	e16_ji1_TCATTTGCACTCCTGT
10940	e16_ji1_TCATTTGCATCCAACA
10941	e16_ji1_TCATTTGGTACATACC
10942	e16_ji1_TCATTTGGTGCTATTG
10943	e16_ji1_TCATTTGGTGTATACC
10944	e16_ji1_TCATTTGTCCGCACTT
10945	e16_ji1_TCATTTGTCCGCTAGG
10946	e16_ji1_TCCACCAAGTCATTGC
10947	e16_ji1_TCCACCACAATTCTCT
10948	e16_ji1_TCCACCACAGCGACAA
10949	e16_ji1_TCCACCAGTCTTCTAT
10950	e16_ji1_TCCACCAGTGTGAATA
10951	e16_ji1_TCCACCAGTTGCCAAT
10952	e16_ji1_TCCACCATCATACGAC
10953	e16_ji1_TCCACCATCATCTATC
10954	e16_ji1_TCCACCATCCCGAAAT
10955	e16_ji1_TCCACCATCGCCATAA
10956	e16_ji1_TCCACCATCGTCCATC
10957	e16_ji1_TCCACGTCAGAGTAAT
10958	e16_ji1_TCCAGAAAGACCACGA
10959	e16_ji1_TCCAGAACAATGTTGC
10960	e16_ji1_TCCAGAACAGAGGACT
10961	e16_ji1_TCCAGAACATGGGAAC
10962	e16_ji1_TCCAGAATCCTCACTG
10963	e16_ji1_TCCAGAATCTGCATAG
10964	e16_ji1_TCCATCGAGACAAGCC
10965	e16_ji1_TCCATCGAGACTACCT
10966	e16_ji1_TCCATCGAGCTCGAAG
10967	e16_ji1_TCCATCGGTCCACTTC
10968	e16_ji1_TCCATCGGTTCTGACA
10969	e16_ji1_TCCATCGTCAATCCAG
10970	e16_ji1_TCCATGCAGAGTCAGC
10971	e16_ji1_TCCATGCAGCGAGAAA
10972	e16_ji1_TCCATGCAGTAAACAC
10973	e16_ji1_TCCATGCCAAATGGAT
10974	e16_ji1_TCCATGCCACTTGAGT
10975	e16_ji1_TCCATGCCAGCACACC
10976	e16_ji1_TCCATGCGTACGCTAT
10977	e16_ji1_TCCCACAAGCTTCTAG
10978	e16_ji1_TCCCACAAGTCTAACC
10979	e16_ji1_TCCCACAGTATTTCTC
10980	e16_ji1_TCCCACAGTCGTTGGC
10981	e16_ji1_TCCCACAGTGGCTTAT
10982	e16_ji1_TCCCACAGTTCAGCGC
10983	e16_ji1_TCCCACATCAGGTGTT
10984	e16_ji1_TCCCAGTAGGTCGTGA
10985	e16_ji1_TCCCAGTAGTCCTACA
10986	e16_ji1_TCCCAGTCACGTAGTT
10987	e16_ji1_TCCCAGTGTCGGTAAG
10988	e16_ji1_TCCCAGTTCACGGTCG
10989	e16_ji1_TCCCAGTTCACTTATC
10990	e16_ji1_TCCCAGTTCGTAGTGT
10991	e16_ji1_TCCCATGCATAAGATG
10992	e16_ji1_TCCCATGGTATCTCTT
10993	e16_ji1_TCCCATGTCCATCAGA
10994	e16_ji1_TCCGAAAAGCGAGTCA
10995	e16_ji1_TCCGAAAAGTCCCAGC
10996	e16_ji1_TCCGAAAAGTCTTCCC
10997	e16_ji1_TCCGAAACACGAGGAT
10998	e16_ji1_TCCGAAACATGGTACT
10999	e16_ji1_TCCGAAACATTCTCTA
11000	e16_ji1_TCCGAAAGTATCGCGC
11001	e16_ji1_TCCGAAATCACCATAG
11002	e16_ji1_TCCGAAATCTGCCCTA
11003	e16_ji1_TCCGATCCACGTCGTG
11004	e16_ji1_TCCGATCCAGCACCCA
11005	e16_ji1_TCCGATCCAGCTCTGG
11006	e16_ji1_TCCGATCGTTTGTTCT
11007	e16_ji1_TCCGATCTCTCATAGG
11008	e16_ji1_TCCGGGAAGACATCCT
11009	e16_ji1_TCCGGGAAGCGACTAG
11010	e16_ji1_TCCGGGAAGTAGCTCT
11011	e16_ji1_TCCGGGACAGCATTGT
11012	e16_ji1_TCCGGGAGTGAATTAG
11013	e16_ji1_TCCGGGATCGCAATTG
11014	e16_ji1_TCCGGGATCTCGTCAC
11015	e16_ji1_TCCGGGATCTGGTCAA
11016	e16_ji1_TCCGGGATCTTGGCTC
11017	e16_ji1_TCCGTGTCAAGCTGCC
11018	e16_ji1_TCCGTGTTCATGCCAA
11019	e16_ji1_TCCTAATAGAATTTGG
11020	e16_ji1_TCCTAATAGCTACGTT
11021	e16_ji1_TCCTAATAGTTGCGAG
11022	e16_ji1_TCCTAATCAACGCCCA
11023	e16_ji1_TCCTAATCACCAACAT
11024	e16_ji1_TCCTAATCACTAGAGG
11025	e16_ji1_TCCTAATCACTCATAG
11026	e16_ji1_TCCTAATCATGGCTGC
11027	e16_ji1_TCCTAATGTAGCGATG
11028	e16_ji1_TCCTAATTCTGCTTTA
11029	e16_ji1_TCCTCCCAGGAAACGA
11030	e16_ji1_TCCTCCCAGTAAATGC
11031	e16_ji1_TCCTCCCAGTTAACGA
11032	e16_ji1_TCCTCCCCAATACGCT
11033	e16_ji1_TCCTCCCCACTGGCCA
11034	e16_ji1_TCCTCCCGTATCTTCT
11035	e16_ji1_TCCTCCCGTTTGGAGG
11036	e16_ji1_TCCTCCCTCACGTAGT
11037	e16_ji1_TCCTCCCTCGCACGGT
11038	e16_ji1_TCCTCCCTCTTGGAAC
11039	e16_ji1_TCCTCGACAAGCGCAA
11040	e16_ji1_TCCTCGACACAGAAGC
11041	e16_ji1_TCCTCGAGTAGACGTG
11042	e16_ji1_TCCTCGAGTAGCGCCT
11043	e16_ji1_TCCTCGAGTTACAGCT
11044	e16_ji1_TCCTCGAGTTCCGTTC
11045	e16_ji1_TCCTCGATCAAACCTG
11046	e16_ji1_TCCTCGATCATGAAAG
11047	e16_ji1_TCCTCGATCCAGCTCT
11048	e16_ji1_TCCTCGATCGCTAGCG
11049	e16_ji1_TCCTCTTAGGCACCAA
11050	e16_ji1_TCCTCTTAGGTGCCTC
11051	e16_ji1_TCCTCTTGTAACAAGT
11052	e16_ji1_TCCTCTTGTACGAGCA
11053	e16_ji1_TCCTCTTGTGGCCACT
11054	e16_ji1_TCCTCTTGTTGTCCCT
11055	e16_ji1_TCCTGCAAGTGCTAGG
11056	e16_ji1_TCCTGCACAAAGAACT
11057	e16_ji1_TCCTGCACAAATCAAG
11058	e16_ji1_TCCTGCACAAGTATAG
11059	e16_ji1_TCCTGCACAGTTGTCA
11060	e16_ji1_TCCTGCAGTACGCTTA
11061	e16_ji1_TCCTGCAGTGTGTACT
11062	e16_ji1_TCCTGCAGTTCTAAGC
11063	e16_ji1_TCCTGCATCAATGCAC
11064	e16_ji1_TCCTGCATCACGACTA
11065	e16_ji1_TCCTGCATCGTAGCCG
11066	e16_ji1_TCCTGCATCTAACGGT
11067	e16_ji1_TCCTTCTAGACTTAAG
11068	e16_ji1_TCCTTCTAGGTAAACT
11069	e16_ji1_TCCTTCTCAAGTGACG
11070	e16_ji1_TCCTTCTCATTACTCT
11071	e16_ji1_TCCTTCTGTGGGTTGA
11072	e16_ji1_TCCTTCTGTTGTTTGG
11073	e16_ji1_TCCTTCTTCGGCATTA
11074	e16_ji1_TCCTTCTTCTCCTACG
11075	e16_ji1_TCCTTCTTCTGGACTA
11076	e16_ji1_TCCTTTCAGACGGTCA
11077	e16_ji1_TCCTTTCAGTGGTTGG
11078	e16_ji1_TCCTTTCAGTGTTGTC
11079	e16_ji1_TCCTTTCCATCATCCC
11080	e16_ji1_TCCTTTCGTAGCTTAC
11081	e16_ji1_TCCTTTCTCACAGAGG
11082	e16_ji1_TCCTTTCTCCATCTGC
11083	e16_ji1_TCCTTTCTCGACGTCG
11084	e16_ji1_TCCTTTCTCGGCTGTG
11085	e16_ji1_TCGAACAAGCGCCTAC
11086	e16_ji1_TCGAACAAGGTCATTC
11087	e16_ji1_TCGAACAAGTAACAGT
11088	e16_ji1_TCGAACACAACACGTT
11089	e16_ji1_TCGAACACAACCGACC
11090	e16_ji1_TCGAACACAACCTATG
11091	e16_ji1_TCGAACACAACTCCCT
11092	e16_ji1_TCGAACACACCCAACG
11093	e16_ji1_TCGAACACACTCTGCT
11094	e16_ji1_TCGAACATCGAGTGGA
11095	e16_ji1_TCGAACATCGCTTTAT
11096	e16_ji1_TCGAAGTAGCCAACCC
11097	e16_ji1_TCGAAGTCACGTGTGC
11098	e16_ji1_TCGAAGTGTACCGGCT
11099	e16_ji1_TCGAAGTGTTCTCCTG
11100	e16_ji1_TCGAAGTTCCTTCAGC
11101	e16_ji1_TCGAAGTTCGACATAC
11102	e16_ji1_TCGAAGTTCGATCCAA
11103	e16_ji1_TCGAAGTTCTGCCTCA
11104	e16_ji1_TCGACCTCACTCGATA
11105	e16_ji1_TCGACCTGTAGCTTTG
11106	e16_ji1_TCGACCTGTATGACAA
11107	e16_ji1_TCGACCTGTCGCATCG
11108	e16_ji1_TCGACCTGTCTGATAC
11109	e16_ji1_TCGACCTTCATGGTAC
11110	e16_ji1_TCGACCTTCCGCATAA
11111	e16_ji1_TCGACCTTCTGCCTGT
11112	e16_ji1_TCGACCTTCTGCTTTA
11113	e16_ji1_TCGACGGAGCCAACCC
11114	e16_ji1_TCGACGGCACATGACT
11115	e16_ji1_TCGACGGCACTACACA
11116	e16_ji1_TCGACGGCATCTGTTT
11117	e16_ji1_TCGACGGGTAGGTTTC
11118	e16_ji1_TCGACGGGTTGCGAAG
11119	e16_ji1_TCGATTTAGCATGCGA
11120	e16_ji1_TCGATTTAGGAAGAAC
11121	e16_ji1_TCGATTTAGGCGAACT
11122	e16_ji1_TCGATTTAGTTCCAGT
11123	e16_ji1_TCGATTTAGTTCCGGC
11124	e16_ji1_TCGATTTCAACACAGG
11125	e16_ji1_TCGATTTCAATATCCG
11126	e16_ji1_TCGATTTCATCCGAGC
11127	e16_ji1_TCGATTTTCCAGTTCC
11128	e16_ji1_TCGATTTTCGGACTTA
11129	e16_ji1_TCGCACTCAAGATGTA
11130	e16_ji1_TCGCACTGTTCTATCT
11131	e16_ji1_TCGCACTTCCGATGCG
11132	e16_ji1_TCGCACTTCCTTCGAC
11133	e16_ji1_TCGCAGGAGCAGGGAG
11134	e16_ji1_TCGCAGGCAACACAAA
11135	e16_ji1_TCGCAGGCAATTCTTC
11136	e16_ji1_TCGCAGGCACCATATG
11137	e16_ji1_TCGCAGGGTACAGGTG
11138	e16_ji1_TCGCAGGGTCCCGTGA
11139	e16_ji1_TCGCAGGTCTCCTACG
11140	e16_ji1_TCGCAGGTCTGTCGTC
11141	e16_ji1_TCGCTCAAGAGTCTTC
11142	e16_ji1_TCGCTCAAGTATAGAC
11143	e16_ji1_TCGCTCAAGTCAATCC
11144	e16_ji1_TCGCTCACACCCTGTT
11145	e16_ji1_TCGCTCATCCACTGGG
11146	e16_ji1_TCGCTCATCTCCTGTG
11147	e16_ji1_TCGCTTGAGACGCTCC
11148	e16_ji1_TCGCTTGAGTAGGAAG
11149	e16_ji1_TCGCTTGCACGGGCTT
11150	e16_ji1_TCGCTTGCAGCATGCC
11151	e16_ji1_TCGCTTGGTCCAGTTA
11152	e16_ji1_TCGCTTGTCTGGTCAA
11153	e16_ji1_TCGGATAAGTATGTAG
11154	e16_ji1_TCGGATACATCCAATG
11155	e16_ji1_TCGGATAGTGCGCTCA
11156	e16_ji1_TCGGATAGTGTACAGG
11157	e16_ji1_TCGGATAGTTCAAGTC
11158	e16_ji1_TCGGATATCGTCCTCA
11159	e16_ji1_TCGGGACAGGGCATGT
11160	e16_ji1_TCGGGACCAACCGATT
11161	e16_ji1_TCGGGACCAGTCCCGA
11162	e16_ji1_TCGGGACCATGGGCAA
11163	e16_ji1_TCGGGACCATTAGGAA
11164	e16_ji1_TCGGGACGTAATCAGA
11165	e16_ji1_TCGGGACGTCGACTTA
11166	e16_ji1_TCGGGCAAGTTCTACG
11167	e16_ji1_TCGGGCACACCGTACG
11168	e16_ji1_TCGGGCAGTCCTGGTG
11169	e16_ji1_TCGGGCATCAACTCTT
11170	e16_ji1_TCGGGCATCCCAGGAC
11171	e16_ji1_TCGGGTGGTTAGAGTA
11172	e16_ji1_TCGGGTGGTTTGTGGT
11173	e16_ji1_TCGGGTGTCATTCTTG
11174	e16_ji1_TCGGTCTAGACCAACG
11175	e16_ji1_TCGGTCTAGATGCTTC
11176	e16_ji1_TCGGTCTAGGTGAGAA
11177	e16_ji1_TCGGTCTCACCAACAT
11178	e16_ji1_TCGGTCTGTATCAGCT
11179	e16_ji1_TCGGTCTGTCGGATTT
11180	e16_ji1_TCGGTCTTCCCTTTGG
11181	e16_ji1_TCGTAGAAGCGGGTTA
11182	e16_ji1_TCGTAGACAAGACGGT
11183	e16_ji1_TCGTAGACAGGTTCGC
11184	e16_ji1_TCGTAGAGTCAAATCC
11185	e16_ji1_TCGTAGAGTGACACGA
11186	e16_ji1_TCGTAGATCTGGTCAA
11187	e16_ji1_TCGTCCACAAATCCCA
11188	e16_ji1_TCGTCCACAACCGATT
11189	e16_ji1_TCGTCCACAATTGCCA
11190	e16_ji1_TCGTCCAGTTGAAGTA
11191	e16_ji1_TCGTCCAGTTTCTTAC
11192	e16_ji1_TCGTCCATCCAGCTCT
11193	e16_ji1_TCGTCCATCCAGTACA
11194	e16_ji1_TCGTCCATCTACGGTA
11195	e16_ji1_TCGTCCATCTGGACCG
11196	e16_ji1_TCGTGCTAGACTTGTC
11197	e16_ji1_TCGTGCTCACTACCGG
11198	e16_ji1_TCGTGCTCACTGTCCT
11199	e16_ji1_TCGTGCTCACTTCAGA
11200	e16_ji1_TCGTGCTGTACGAAAT
11201	e16_ji1_TCGTGCTGTTGACTGT
11202	e16_ji1_TCGTGCTTCAGCCCAG
11203	e16_ji1_TCGTGGGAGGAGACCT
11204	e16_ji1_TCGTGGGTCACTGGTA
11205	e16_ji1_TCTAACTAGGTTGTTC
11206	e16_ji1_TCTAACTAGTCTTGGT
11207	e16_ji1_TCTAACTCATAATCCG
11208	e16_ji1_TCTAACTCATACCAGT
11209	e16_ji1_TCTAACTGTCAGTCTA
11210	e16_ji1_TCTAACTGTTCTCACC
11211	e16_ji1_TCTAACTTCAAATAGG
11212	e16_ji1_TCTAACTTCCATACAG
11213	e16_ji1_TCTAACTTCCTAGCCT
11214	e16_ji1_TCTACATCAATACAGA
11215	e16_ji1_TCTACATCAGGTTTAC
11216	e16_ji1_TCTACATCATCCGATA
11217	e16_ji1_TCTACATCATTCACAG
11218	e16_ji1_TCTACATGTACGGCAA
11219	e16_ji1_TCTACATGTGGGTATG
11220	e16_ji1_TCTACATGTGTCCGTG
11221	e16_ji1_TCTACATGTTGGCCTG
11222	e16_ji1_TCTACATTCCCTCGTA
11223	e16_ji1_TCTACATTCCTTATGT
11224	e16_ji1_TCTACCGAGACCAGAC
11225	e16_ji1_TCTACCGAGGCTATCT
11226	e16_ji1_TCTACCGAGTCAACAA
11227	e16_ji1_TCTACCGCAAGATTGA
11228	e16_ji1_TCTACCGCACGCTGCA
11229	e16_ji1_TCTACCGGTTGCTCAA
11230	e16_ji1_TCTACCGTCGGCGATC
11231	e16_ji1_TCTATACAGACTCTTG
11232	e16_ji1_TCTATACAGCGAATGC
11233	e16_ji1_TCTATACAGCGCCTAC
11234	e16_ji1_TCTATACAGTTCATCG
11235	e16_ji1_TCTATACCACATATCG
11236	e16_ji1_TCTATACGTGCACGCT
11237	e16_ji1_TCTATACGTTCCGCAG
11238	e16_ji1_TCTATACGTTTAGTCG
11239	e16_ji1_TCTATACTCAGCGCGT
11240	e16_ji1_TCTATACTCCACAGCG
11241	e16_ji1_TCTATACTCTTCCCAG
11242	e16_ji1_TCTATCAAGGTAAAGG
11243	e16_ji1_TCTATCAAGGTACTGG
11244	e16_ji1_TCTATCAAGGTCCCGT
11245	e16_ji1_TCTATCACACGATAGG
11246	e16_ji1_TCTATCACAGAGTGAC
11247	e16_ji1_TCTATCACATCGCTAA
11248	e16_ji1_TCTATCACATCGTTCC
11249	e16_ji1_TCTATCAGTACCAATC
11250	e16_ji1_TCTATCAGTATTCCGA
11251	e16_ji1_TCTATCAGTCTTCCGT
11252	e16_ji1_TCTATCAGTTCCGCTT
11253	e16_ji1_TCTATCATCCCAAGCG
11254	e16_ji1_TCTATCATCGAGCTGC
11255	e16_ji1_TCTATCATCTCGTGAA
11256	e16_ji1_TCTCACGAGGGCAGTT
11257	e16_ji1_TCTCACGCAAGCTACT
11258	e16_ji1_TCTCACGCACTTCATT
11259	e16_ji1_TCTCACGCAGCTGCCA
11260	e16_ji1_TCTCACGGTACGAAAT
11261	e16_ji1_TCTCACGGTTCCAGGC
11262	e16_ji1_TCTCACGTCCTGTAAG
11263	e16_ji1_TCTCAGCCAGGTGAGT
11264	e16_ji1_TCTCAGCTCACTGAAC
11265	e16_ji1_TCTCAGCTCATCGTAG
11266	e16_ji1_TCTCAGCTCTATGCCC
11267	e16_ji1_TCTCAGCTCTCGCTCA
11268	e16_ji1_TCTCCGAAGACCAGAC
11269	e16_ji1_TCTCCGAAGATGAACT
11270	e16_ji1_TCTCCGAAGCATACTC
11271	e16_ji1_TCTCCGAAGGTACCTT
11272	e16_ji1_TCTCCGACAAATGGTA
11273	e16_ji1_TCTCCGAGTACGTTCA
11274	e16_ji1_TCTCCGAGTATACGGG
11275	e16_ji1_TCTCCGATCACCTCGT
11276	e16_ji1_TCTCTGGGTCAAACGG
11277	e16_ji1_TCTCTGGGTGGGCTTC
11278	e16_ji1_TCTCTGGGTTGCGTAT
11279	e16_ji1_TCTCTGGGTTTCGTGA
11280	e16_ji1_TCTCTGGTCCGAGGCT
11281	e16_ji1_TCTGCCAAGTGCACAG
11282	e16_ji1_TCTGCCACACTTTATC
11283	e16_ji1_TCTGCCACAGGGTTGA
11284	e16_ji1_TCTGCCACATGACTGT
11285	e16_ji1_TCTGCCACATTATGCG
11286	e16_ji1_TCTGCCAGTGACAGCA
11287	e16_ji1_TCTGCCAGTGTGTCCG
11288	e16_ji1_TCTGCCATCCGACAGC
11289	e16_ji1_TCTGGCTAGAAATTGC
11290	e16_ji1_TCTGGCTAGGTGGCTA
11291	e16_ji1_TCTGGCTGTAGTCGTT
11292	e16_ji1_TCTGGCTGTGTTAGCT
11293	e16_ji1_TCTGGCTGTGTTGAGG
11294	e16_ji1_TCTGGCTTCCCTTCCC
11295	e16_ji1_TCTGGCTTCCCTTGGT
11296	e16_ji1_TCTGGCTTCCGCAGTG
11297	e16_ji1_TCTGTCGAGCGAGTAC
11298	e16_ji1_TCTGTCGAGCTCCCTT
11299	e16_ji1_TCTGTCGAGCTGTGCC
11300	e16_ji1_TCTGTCGAGGCCCGTT
11301	e16_ji1_TCTGTCGCAACTGATC
11302	e16_ji1_TCTGTCGCACAGCGCT
11303	e16_ji1_TCTGTCGCACATACGT
11304	e16_ji1_TCTGTCGCACTCCTGT
11305	e16_ji1_TCTGTCGCAGTCGAGA
11306	e16_ji1_TCTGTCGGTCTTCGAA
11307	e16_ji1_TCTGTCGTCACACCGG
11308	e16_ji1_TCTGTCGTCTCTGAGA
11309	e16_ji1_TCTTAGTAGCGGTATG
11310	e16_ji1_TCTTAGTAGTTACGGG
11311	e16_ji1_TCTTAGTCACGCGTGT
11312	e16_ji1_TCTTAGTCAGGTGGAT
11313	e16_ji1_TCTTAGTTCCAGCCTT
11314	e16_ji1_TCTTAGTTCGAACTCA
11315	e16_ji1_TCTTAGTTCGTCGCTT
11316	e16_ji1_TCTTCCTAGCTTCTAG
11317	e16_ji1_TCTTCCTAGTTACGAA
11318	e16_ji1_TCTTCCTCACGGTCTG
11319	e16_ji1_TCTTCCTCATGACTCA
11320	e16_ji1_TCTTCCTGTAAGGTCG
11321	e16_ji1_TCTTCCTGTATGGAAT
11322	e16_ji1_TCTTCCTTCCACGTGG
11323	e16_ji1_TCTTCCTTCTTCCAGC
11324	e16_ji1_TCTTGCGAGAATCGTA
11325	e16_ji1_TCTTGCGAGACCAGAC
11326	e16_ji1_TCTTGCGAGTCACTAC
11327	e16_ji1_TCTTGCGCAAGGATGC
11328	e16_ji1_TCTTGCGCAATAACCC
11329	e16_ji1_TCTTGCGCAGTTACCA
11330	e16_ji1_TCTTGCGGTGGCTCTG
11331	e16_ji1_TCTTGCGTCATTTGCT
11332	e16_ji1_TCTTTGAAGCATGAAT
11333	e16_ji1_TCTTTGAAGCCAAGGT
11334	e16_ji1_TCTTTGAAGTGTTCAC
11335	e16_ji1_TCTTTGAAGTTACTCG
11336	e16_ji1_TCTTTGACAAATACAG
11337	e16_ji1_TCTTTGACACGACGCT
11338	e16_ji1_TCTTTGACATCATCCC
11339	e16_ji1_TGAACGTAGAATCGCG
11340	e16_ji1_TGAACGTCAATGAGCG
11341	e16_ji1_TGAACGTCATACATCG
11342	e16_ji1_TGAACGTTCCATTGTT
11343	e16_ji1_TGAACGTTCGCATAGT
11344	e16_ji1_TGAATCGAGGTCACAG
11345	e16_ji1_TGAATCGCAAAGGATT
11346	e16_ji1_TGAATCGCAATCAGCT
11347	e16_ji1_TGAATCGCATGTGCCG
11348	e16_ji1_TGAATCGGTCGGCCTA
11349	e16_ji1_TGAATCGTCACCTCTG
11350	e16_ji1_TGAATCGTCGGTCACG
11351	e16_ji1_TGAATGCCACACCTAA
11352	e16_ji1_TGAATGCCATCTCCCA
11353	e16_ji1_TGAATGCCATTGCTTT
11354	e16_ji1_TGAATGCGTAGTGATA
11355	e16_ji1_TGAATGCTCACTGTTT
11356	e16_ji1_TGACAGTCAAAGGTTA
11357	e16_ji1_TGACAGTCAAGCAATA
11358	e16_ji1_TGACAGTCACGCTGTG
11359	e16_ji1_TGACAGTTCCCTGGTT
11360	e16_ji1_TGACAGTTCGCATGAT
11361	e16_ji1_TGACAGTTCGGAGTGA
11362	e16_ji1_TGACCCTAGGGACACT
11363	e16_ji1_TGACCCTAGTTTCAGC
11364	e16_ji1_TGACCCTCAAGCGCTC
11365	e16_ji1_TGACCCTCACTAGGCC
11366	e16_ji1_TGACCCTCATTGGCAT
11367	e16_ji1_TGACCCTGTAGTGTGG
11368	e16_ji1_TGACCCTTCAACGTGT
11369	e16_ji1_TGACCCTTCACATCAG
11370	e16_ji1_TGACCCTTCAGTGTTG
11371	e16_ji1_TGACCCTTCGTCAAAC
11372	e16_ji1_TGACCCTTCTTCTTCC
11373	e16_ji1_TGACGCGAGCACTGGA
11374	e16_ji1_TGACGCGAGCCACTCG
11375	e16_ji1_TGACGCGCAAAGGGCT
11376	e16_ji1_TGACGCGCACTTCATT
11377	e16_ji1_TGACGCGGTACTTGTG
11378	e16_ji1_TGACTCCAGCTGACCC
11379	e16_ji1_TGACTCCAGCTGTACT
11380	e16_ji1_TGACTCCAGGCTAGCA
11381	e16_ji1_TGACTCCAGGTTGCCC
11382	e16_ji1_TGACTCCCATCCGAGC
11383	e16_ji1_TGACTCCGTCCCGCAA
11384	e16_ji1_TGACTCCGTGCTGATT
11385	e16_ji1_TGACTCCTCCCAATAG
11386	e16_ji1_TGACTCCTCGAATCCA
11387	e16_ji1_TGACTCCTCTGTCCGT
11388	e16_ji1_TGAGACTAGGATGGCT
11389	e16_ji1_TGAGACTCACCAGTAT
11390	e16_ji1_TGAGACTCAGTTCACA
11391	e16_ji1_TGAGACTTCATTTCGT
11392	e16_ji1_TGAGCATAGATGGCGT
11393	e16_ji1_TGAGCATAGATTGCGG
11394	e16_ji1_TGAGCATAGCAATTCC
11395	e16_ji1_TGAGCATAGGTATCTC
11396	e16_ji1_TGAGCATGTCATTCCC
11397	e16_ji1_TGAGCATGTTACACAC
11398	e16_ji1_TGAGCATGTTGGGCCT
11399	e16_ji1_TGAGCATTCAGGGATG
11400	e16_ji1_TGAGCATTCCATTCAT
11401	e16_ji1_TGAGCATTCTTACCAT
11402	e16_ji1_TGAGCGCCACTATCCC
11403	e16_ji1_TGAGGAGAGCACTCCG
11404	e16_ji1_TGAGGAGAGTACAACA
11405	e16_ji1_TGAGGAGGTCAACGCC
11406	e16_ji1_TGAGGGAAGATAACAC
11407	e16_ji1_TGAGGGAAGCGAGGAG
11408	e16_ji1_TGAGGGAAGGAGAATG
11409	e16_ji1_TGAGGGAAGGCGCTTC
11410	e16_ji1_TGAGGGACAATAACCC
11411	e16_ji1_TGAGGGACAATATCCG
11412	e16_ji1_TGAGGGACAGGTTCGC
11413	e16_ji1_TGAGGGAGTACGATCT
11414	e16_ji1_TGAGGTTAGATGTTAG
11415	e16_ji1_TGAGGTTGTTCACGAT
11416	e16_ji1_TGAGGTTTCAAAGGAT
11417	e16_ji1_TGAGGTTTCACGGGAA
11418	e16_ji1_TGAGGTTTCTCGGTCT
11419	e16_ji1_TGAGTCAAGAAGTCAT
11420	e16_ji1_TGAGTCAAGATGCGAC
11421	e16_ji1_TGAGTCAAGGTCGACA
11422	e16_ji1_TGAGTCACAAAGCGTG
11423	e16_ji1_TGAGTCACAATGAGCG
11424	e16_ji1_TGAGTCAGTTCACCGG
11425	e16_ji1_TGATCAGCATAAGCGG
11426	e16_ji1_TGATCAGTCACCCATC
11427	e16_ji1_TGATCTTAGCCTCTGG
11428	e16_ji1_TGATCTTAGCGCCTAC
11429	e16_ji1_TGATCTTGTCACGCTG
11430	e16_ji1_TGATCTTGTCCTACGG
11431	e16_ji1_TGATCTTGTGTTCCAA
11432	e16_ji1_TGATCTTTCGGCATTA
11433	e16_ji1_TGATCTTTCTCTAGGA
11434	e16_ji1_TGATCTTTCTGGGATT
11435	e16_ji1_TGATGCAAGACTCGAG
11436	e16_ji1_TGATGCAAGACTGTTC
11437	e16_ji1_TGATGCACACAGCTTA
11438	e16_ji1_TGATGCACACATGTTG
11439	e16_ji1_TGATGCACAGAAATCA
11440	e16_ji1_TGATGCACAGAGTAAT
11441	e16_ji1_TGATGCACATGGTACT
11442	e16_ji1_TGATGCAGTGAGGCAT
11443	e16_ji1_TGATGCAGTTAGGGAC
11444	e16_ji1_TGATGCAGTTTCACAG
11445	e16_ji1_TGATGCATCAAAGACA
11446	e16_ji1_TGATGCATCAGTGGGA
11447	e16_ji1_TGATGCATCGGTCATA
11448	e16_ji1_TGATGCATCTCATTAC
11449	e16_ji1_TGATGCATCTTCTAAC
11450	e16_ji1_TGATGGTCATGGATCT
11451	e16_ji1_TGATGGTGTGCGTTTA
11452	e16_ji1_TGATGGTTCACTGAAC
11453	e16_ji1_TGATGGTTCTGCGGCA
11454	e16_ji1_TGATTCTAGGCTTAGG
11455	e16_ji1_TGATTCTCAGACCAAG
11456	e16_ji1_TGATTCTCAGGACTTT
11457	e16_ji1_TGATTCTCAGTAGATA
11458	e16_ji1_TGATTCTGTCATAAAG
11459	e16_ji1_TGATTCTGTCATCGGC
11460	e16_ji1_TGATTCTGTGGACAGT
11461	e16_ji1_TGATTCTGTTGGCTAT
11462	e16_ji1_TGATTCTGTTTGGCTA
11463	e16_ji1_TGATTCTTCGCCATAA
11464	e16_ji1_TGATTTCAGAGGTTTA
11465	e16_ji1_TGATTTCAGATTGATG
11466	e16_ji1_TGATTTCCAAGACCTT
11467	e16_ji1_TGATTTCCAAGCCTGC
11468	e16_ji1_TGATTTCCAGTGCGCT
11469	e16_ji1_TGATTTCGTACCTTCC
11470	e16_ji1_TGATTTCTCGGTGTTA
11471	e16_ji1_TGCACGGAGCAGTCTT
11472	e16_ji1_TGCACGGAGGTTGGAC
11473	e16_ji1_TGCACGGCAACCGATT
11474	e16_ji1_TGCACGGCAGTCCGTG
11475	e16_ji1_TGCACGGGTACCTATG
11476	e16_ji1_TGCACGGGTGACAACG
11477	e16_ji1_TGCACGGTCATCGCTC
11478	e16_ji1_TGCACGGTCTAGTTCT
11479	e16_ji1_TGCAGATAGAGAGCAA
11480	e16_ji1_TGCAGATAGGTTTGAA
11481	e16_ji1_TGCAGATAGTAGCTCT
11482	e16_ji1_TGCAGATAGTATCCTG
11483	e16_ji1_TGCAGATCACTCCACT
11484	e16_ji1_TGCAGATCAGCATACT
11485	e16_ji1_TGCAGATCAGTCTCTC
11486	e16_ji1_TGCAGGCAGCTCGACC
11487	e16_ji1_TGCAGGCAGGGTCAAC
11488	e16_ji1_TGCAGGCCAGCATGCC
11489	e16_ji1_TGCAGGCGTTCGTAAC
11490	e16_ji1_TGCAGGCGTTGTGTTG
11491	e16_ji1_TGCAGGCTCCTAGCCT
11492	e16_ji1_TGCAGGCTCGGCATTA
11493	e16_ji1_TGCAGTACAATAGTAG
11494	e16_ji1_TGCAGTACACGGTGAA
11495	e16_ji1_TGCAGTACATCGTTCC
11496	e16_ji1_TGCAGTAGTACTAGCT
11497	e16_ji1_TGCAGTATCCCTATTA
11498	e16_ji1_TGCAGTATCGTTGTTT
11499	e16_ji1_TGCATCCAGTTATGGA
11500	e16_ji1_TGCATCCCATGAAAGT
11501	e16_ji1_TGCATCCGTCCGGACT
11502	e16_ji1_TGCATCCGTGAGTAAT
11503	e16_ji1_TGCATCCGTGCAGATG
11504	e16_ji1_TGCATCCGTTCTGAGT
11505	e16_ji1_TGCATCCTCCTACCAC
11506	e16_ji1_TGCATCCTCGGTTCAA
11507	e16_ji1_TGCATCCTCTTCCCAG
11508	e16_ji1_TGCATGAAGTAGTCAA
11509	e16_ji1_TGCATGACACAGAGAC
11510	e16_ji1_TGCATGACACCTGCTT
11511	e16_ji1_TGCATGACAGGCATGA
11512	e16_ji1_TGCATGAGTGAGGAAA
11513	e16_ji1_TGCATGATCTAACACG
11514	e16_ji1_TGCCGAGAGCAGATAT
11515	e16_ji1_TGCCGAGAGGTAAACT
11516	e16_ji1_TGCCGAGAGTCCCTAA
11517	e16_ji1_TGCCGAGCATAGACTC
11518	e16_ji1_TGCCGAGGTACTAACC
11519	e16_ji1_TGCCGAGTCTGACAGT
11520	e16_ji1_TGCGACGAGGCTCTAT
11521	e16_ji1_TGCGACGAGGGTCAAC
11522	e16_ji1_TGCGACGCAATGAGCG
11523	e16_ji1_TGCGACGCACCAGTAT
11524	e16_ji1_TGCGACGCAGAGATTA
11525	e16_ji1_TGCGACGCATCAGTGT
11526	e16_ji1_TGCGACGGTAAGGCTG
11527	e16_ji1_TGCGACGGTTGACGGA
11528	e16_ji1_TGCGACGTCAGCGGAA
11529	e16_ji1_TGCGACGTCCCTCATG
11530	e16_ji1_TGCGACGTCTCGGGAC
11531	e16_ji1_TGCGACGTCTGCCTGT
11532	e16_ji1_TGCGATAAGGCGTTAG
11533	e16_ji1_TGCGATAAGTGCACAG
11534	e16_ji1_TGCGATAAGTTACGTC
11535	e16_ji1_TGCGATACAACCCTCT
11536	e16_ji1_TGCGATACACACCTGG
11537	e16_ji1_TGCGATAGTACAAGCG
11538	e16_ji1_TGCGATAGTACCCAGC
11539	e16_ji1_TGCGATAGTCACTTCC
11540	e16_ji1_TGCGATATCTTACCAT
11541	e16_ji1_TGCGGCAAGGTCTGGA
11542	e16_ji1_TGCGGCACAACAGAGC
11543	e16_ji1_TGCGGCAGTCGTGATT
11544	e16_ji1_TGCGGCAGTTGTCCCT
11545	e16_ji1_TGCGGCATCACTTGGA
11546	e16_ji1_TGCGGCATCTCCTGCA
11547	e16_ji1_TGCGGGTAGACAACAT
11548	e16_ji1_TGCGGGTAGGGAACAA
11549	e16_ji1_TGCGGGTCAGTAACCT
11550	e16_ji1_TGCGGGTCATTGAGCT
11551	e16_ji1_TGCGGGTGTTACTCAG
11552	e16_ji1_TGCGGGTGTTTAGTCG
11553	e16_ji1_TGCGGGTTCAGAGTGG
11554	e16_ji1_TGCGGGTTCATACAGC
11555	e16_ji1_TGCTCCAAGCACCCAC
11556	e16_ji1_TGCTCCAAGCGCATCC
11557	e16_ji1_TGCTCCAAGGCATGCA
11558	e16_ji1_TGCTCCACACTGTGTA
11559	e16_ji1_TGCTCCAGTATCAAGA
11560	e16_ji1_TGCTCCATCAACGAGG
11561	e16_ji1_TGCTCCATCACGAGGA
11562	e16_ji1_TGCTCGTAGCCGAATG
11563	e16_ji1_TGCTCGTCAGTAGGAC
11564	e16_ji1_TGCTCGTGTGAGCTCC
11565	e16_ji1_TGCTCGTGTGCTGATT
11566	e16_ji1_TGCTCGTTCTGCGTCT
11567	e16_ji1_TGCTGAACAATACGCT
11568	e16_ji1_TGCTGAACAGGACGAT
11569	e16_ji1_TGCTGAATCATTCTTG
11570	e16_ji1_TGCTGAATCGTCCTTG
11571	e16_ji1_TGCTTCGAGCACGTCC
11572	e16_ji1_TGCTTCGCAAGTGCAG
11573	e16_ji1_TGCTTCGCAATCCAGT
11574	e16_ji1_TGCTTCGGTAACGATA
11575	e16_ji1_TGCTTCGTCACATTGG
11576	e16_ji1_TGCTTCGTCATGTCTT
11577	e16_ji1_TGCTTCGTCATTGCGA
11578	e16_ji1_TGCTTCGTCCGTGTCT
11579	e16_ji1_TGCTTGCAGCGCCTCA
11580	e16_ji1_TGCTTGCAGGACTTCT
11581	e16_ji1_TGCTTGCAGGTCCCGT
11582	e16_ji1_TGCTTGCAGTTGCCCG
11583	e16_ji1_TGCTTGCCAACACAAA
11584	e16_ji1_TGCTTGCCAACCACAT
11585	e16_ji1_TGCTTGCCAGCACGAA
11586	e16_ji1_TGCTTGCGTACCAGAG
11587	e16_ji1_TGCTTGCGTGGCACTC
11588	e16_ji1_TGCTTGCTCCTGATAG
11589	e16_ji1_TGCTTGCTCGCGTCGA
11590	e16_ji1_TGGAACTAGCATCCTA
11591	e16_ji1_TGGAACTAGGGCAATC
11592	e16_ji1_TGGAACTCAACTGCCG
11593	e16_ji1_TGGAACTCACCCTAAA
11594	e16_ji1_TGGAACTCAGACCATT
11595	e16_ji1_TGGAACTCAGCGGTCT
11596	e16_ji1_TGGAACTCAGTCCGTG
11597	e16_ji1_TGGAACTGTAGTCACT
11598	e16_ji1_TGGAACTTCCCGTGAG
11599	e16_ji1_TGGAACTTCCGCTTAC
11600	e16_ji1_TGGAACTTCCGTGTCT
11601	e16_ji1_TGGAACTTCTCATGCC
11602	e16_ji1_TGGAGAGAGATTGTGA
11603	e16_ji1_TGGAGAGAGCATGTTC
11604	e16_ji1_TGGAGAGAGCCTATTG
11605	e16_ji1_TGGAGAGAGCTAAATG
11606	e16_ji1_TGGAGAGGTCAGACGA
11607	e16_ji1_TGGAGGAAGAGTGGCT
11608	e16_ji1_TGGAGGAAGGATATGT
11609	e16_ji1_TGGAGGAAGTGATGGC
11610	e16_ji1_TGGAGGACACACGGAA
11611	e16_ji1_TGGAGGACAGCACACC
11612	e16_ji1_TGGAGGAGTCATGCAT
11613	e16_ji1_TGGAGGAGTCTTGAAC
11614	e16_ji1_TGGAGGAGTGCCGAAA
11615	e16_ji1_TGGAGGATCATGAGAA
11616	e16_ji1_TGGAGGATCATTACCT
11617	e16_ji1_TGGAGGATCCGGCAGT
11618	e16_ji1_TGGAGGATCCTGTACC
11619	e16_ji1_TGGATCAAGAATCTAG
11620	e16_ji1_TGGATCAGTGTTAAAG
11621	e16_ji1_TGGATCAGTTACGCCG
11622	e16_ji1_TGGATCATCATCCTGC
11623	e16_ji1_TGGATCATCCATGATG
11624	e16_ji1_TGGATGTAGTCAGCCC
11625	e16_ji1_TGGATGTGTCCAGCAC
11626	e16_ji1_TGGATGTGTCTACACA
11627	e16_ji1_TGGATGTTCGATGCAT
11628	e16_ji1_TGGATGTTCTACCACC
11629	e16_ji1_TGGATGTTCTTAGCAG
11630	e16_ji1_TGGCGTGAGGTGGGTT
11631	e16_ji1_TGGCGTGGTAACTGCT
11632	e16_ji1_TGGCGTGGTATGCGTT
11633	e16_ji1_TGGGAAGCAACCCTCT
11634	e16_ji1_TGGGAAGGTCCCTCAT
11635	e16_ji1_TGGGAAGTCCATAAGC
11636	e16_ji1_TGGGAAGTCGTCCTTG
11637	e16_ji1_TGGGAAGTCGTCGACG
11638	e16_ji1_TGGGAGACATCGAAGG
11639	e16_ji1_TGGGAGATCGCCAGTG
11640	e16_ji1_TGGGAGATCGTAACTG
11641	e16_ji1_TGGGAGATCTTGGATG
11642	e16_ji1_TGGGATTAGAGGGTGG
11643	e16_ji1_TGGGATTAGGTAAACT
11644	e16_ji1_TGGGATTCAAATACGA
11645	e16_ji1_TGGGATTCACTCCACT
11646	e16_ji1_TGGGATTTCCCAACTC
11647	e16_ji1_TGGGCGTCAAAGAGTT
11648	e16_ji1_TGGGCGTGTCGCGGTT
11649	e16_ji1_TGGGCGTTCATGCAGT
11650	e16_ji1_TGGGCTGCAAAGTATG
11651	e16_ji1_TGGGCTGCAGATTTCG
11652	e16_ji1_TGGGCTGGTACCACGC
11653	e16_ji1_TGGGCTGGTACGATCT
11654	e16_ji1_TGGGCTGGTATAGGGC
11655	e16_ji1_TGGGCTGGTCTGTCAA
11656	e16_ji1_TGGGCTGGTTCCTAGA
11657	e16_ji1_TGGGCTGTCAAACCTG
11658	e16_ji1_TGGGCTGTCCAATCCC
11659	e16_ji1_TGGGCTGTCCTTCGAC
11660	e16_ji1_TGGGCTGTCTAGTTCT
11661	e16_ji1_TGGGTTAAGATAGCTA
11662	e16_ji1_TGGGTTACACTTCAAG
11663	e16_ji1_TGGGTTACAGCGTGCT
11664	e16_ji1_TGGGTTACAGGCGATA
11665	e16_ji1_TGGGTTAGTACCGTCG
11666	e16_ji1_TGGGTTAGTCACCACG
11667	e16_ji1_TGGGTTAGTTGGTACT
11668	e16_ji1_TGGGTTAGTTGTTGCA
11669	e16_ji1_TGGGTTATCATTACCT
11670	e16_ji1_TGGGTTATCCCTTTGG
11671	e16_ji1_TGGTACAAGCGTCTGC
11672	e16_ji1_TGGTACACAAACTAGA
11673	e16_ji1_TGGTACACATTCACCC
11674	e16_ji1_TGGTACACATTGACTG
11675	e16_ji1_TGGTACAGTACCTTCC
11676	e16_ji1_TGGTACAGTACGTGTT
11677	e16_ji1_TGGTACAGTGGCGTAA
11678	e16_ji1_TGGTACATCAGCTGAT
11679	e16_ji1_TGGTACATCCATTTGT
11680	e16_ji1_TGGTACATCGCCTTTG
11681	e16_ji1_TGGTACATCTTGCGCT
11682	e16_ji1_TGGTAGTAGGTGAGCT
11683	e16_ji1_TGGTAGTAGTATGAAC
11684	e16_ji1_TGGTAGTCAAGAAATC
11685	e16_ji1_TGGTAGTCAATAACCC
11686	e16_ji1_TGGTAGTTCACGATCA
11687	e16_ji1_TGGTAGTTCTGCGGAC
11688	e16_ji1_TGGTGATAGATGAAGG
11689	e16_ji1_TGGTGATAGGATATAC
11690	e16_ji1_TGGTGATCACAGTCAT
11691	e16_ji1_TGGTGATCACTCGATA
11692	e16_ji1_TGGTGATGTTGCATGT
11693	e16_ji1_TGGTGATTCATTCCTA
11694	e16_ji1_TGGTGATTCTCCTACG
11695	e16_ji1_TGGTGATTCTTCTCAA
11696	e16_ji1_TGGTGATTCTTGTTAC
11697	e16_ji1_TGGTTAGAGATGAACT
11698	e16_ji1_TGGTTAGAGCATCAGG
11699	e16_ji1_TGGTTAGCACGACAAG
11700	e16_ji1_TGGTTAGCAGATCCAT
11701	e16_ji1_TGGTTAGGTCCGATCG
11702	e16_ji1_TGGTTAGGTGGTCTTA
11703	e16_ji1_TGGTTAGTCCATCACC
11704	e16_ji1_TGTAACGAGCTTCATG
11705	e16_ji1_TGTAACGAGTCTGCGC
11706	e16_ji1_TGTAACGCAATCGCCG
11707	e16_ji1_TGTAACGGTCGCTTGG
11708	e16_ji1_TGTAACGGTGCTATTG
11709	e16_ji1_TGTAACGTCCGCCTAT
11710	e16_ji1_TGTAACGTCTCTGCCA
11711	e16_ji1_TGTAAGCAGGTCATAA
11712	e16_ji1_TGTAAGCAGTGCCCGT
11713	e16_ji1_TGTAAGCCATGGCGCT
11714	e16_ji1_TGTAAGCGTAGGTCAG
11715	e16_ji1_TGTAAGCGTCACTAGT
11716	e16_ji1_TGTAAGCGTCCCTCAT
11717	e16_ji1_TGTAAGCTCACTCACC
11718	e16_ji1_TGTAAGCTCAGCTGTA
11719	e16_ji1_TGTAAGCTCCGTAGTA
11720	e16_ji1_TGTAAGCTCGATACGT
11721	e16_ji1_TGTACAGCAAGATCCT
11722	e16_ji1_TGTACAGCACTTGAGT
11723	e16_ji1_TGTACAGGTCCAACGC
11724	e16_ji1_TGTACAGGTTCGAACT
11725	e16_ji1_TGTAGACAGGTAACTA
11726	e16_ji1_TGTAGACCATCCGGCA
11727	e16_ji1_TGTAGACCATTGGCAT
11728	e16_ji1_TGTAGACGTGTCCCTT
11729	e16_ji1_TGTAGACTCCCATTTA
11730	e16_ji1_TGTCAGACACACGGAA
11731	e16_ji1_TGTCAGATCAAGATAG
11732	e16_ji1_TGTCAGATCATCACCC
11733	e16_ji1_TGTCAGATCCATCGTC
11734	e16_ji1_TGTCAGATCGAAACAA
11735	e16_ji1_TGTCAGATCGTTCGCT
11736	e16_ji1_TGTCCACAGAGGTATT
11737	e16_ji1_TGTCCACAGCCGGAAT
11738	e16_ji1_TGTCCACCAGAAGCTG
11739	e16_ji1_TGTCCACTCGACGACC
11740	e16_ji1_TGTCCACTCTAGGCCG
11741	e16_ji1_TGTCCCAAGTTGCTGT
11742	e16_ji1_TGTCCTGCAATGCTCA
11743	e16_ji1_TGTCCTGCAGCAGTCC
11744	e16_ji1_TGTCCTGCATCCAACA
11745	e16_ji1_TGTCCTGGTAGCGTAG
11746	e16_ji1_TGTCCTGGTGGCTTAT
11747	e16_ji1_TGTGAGTAGACTAAGT
11748	e16_ji1_TGTGAGTGTAGGCTGA
11749	e16_ji1_TGTGAGTTCTACGGGC
11750	e16_ji1_TGTGATGCAACTGCCG
11751	e16_ji1_TGTGATGCATCTCATT
11752	e16_ji1_TGTGATGCATGGCACC
11753	e16_ji1_TGTGATGGTGAGACCA
11754	e16_ji1_TGTGATGGTGAGGAAA
11755	e16_ji1_TGTGATGGTTGCCGCA
11756	e16_ji1_TGTGATGGTTTACCAG
11757	e16_ji1_TGTGATGTCACACCGG
11758	e16_ji1_TGTGATGTCGATACGT
11759	e16_ji1_TGTGCGGAGAGTTCGG
11760	e16_ji1_TGTGCGGAGATGATTG
11761	e16_ji1_TGTGCGGCAAGAGAGA
11762	e16_ji1_TGTGCGGCAGCGTAGA
11763	e16_ji1_TGTGCGGGTCGCTCGA
11764	e16_ji1_TGTGCGGTCCCACAGG
11765	e16_ji1_TGTGGCGAGGTGAGCT
11766	e16_ji1_TGTGGCGCATCTGGGC
11767	e16_ji1_TGTGGCGCATGACAGG
11768	e16_ji1_TGTGGCGGTGATAGTA
11769	e16_ji1_TGTGGCGTCCGTGTGG
11770	e16_ji1_TGTGTGACATACAGGG
11771	e16_ji1_TGTGTGACATCTCAAG
11772	e16_ji1_TGTTACTAGCATGAAT
11773	e16_ji1_TGTTACTAGTATGGCG
11774	e16_ji1_TGTTACTCACATGTTG
11775	e16_ji1_TGTTACTCAGTTGTTG
11776	e16_ji1_TGTTACTGTAGCGTTT
11777	e16_ji1_TGTTACTGTGGAAGTC
11778	e16_ji1_TGTTACTTCATTCCTA
11779	e16_ji1_TGTTCATAGCATACTC
11780	e16_ji1_TGTTCATAGGAGATAG
11781	e16_ji1_TGTTCATAGGGTAGCT
11782	e16_ji1_TGTTCATAGTACTGTC
11783	e16_ji1_TGTTCATAGTTGGGAC
11784	e16_ji1_TGTTCATCACGTCATA
11785	e16_ji1_TGTTCATGTATAGCTC
11786	e16_ji1_TGTTCATGTCTTGCGG
11787	e16_ji1_TGTTCATTCATCCCGT
11788	e16_ji1_TGTTCCGCACCGTGCA
11789	e16_ji1_TGTTCCGCATCCGATA
11790	e16_ji1_TGTTCCGGTACTGAGG
11791	e16_ji1_TGTTCTACACAAATAG
11792	e16_ji1_TGTTCTACACCATAAC
11793	e16_ji1_TGTTCTAGTCCTACGG
11794	e16_ji1_TGTTCTAGTTCAGTAC
11795	e16_ji1_TGTTCTAGTTGAGTCT
11796	e16_ji1_TGTTCTATCGGCATTA
11797	e16_ji1_TGTTCTATCTGGTGCG
11798	e16_ji1_TGTTGAGAGCTCATAC
11799	e16_ji1_TGTTGAGTCAAACGAA
11800	e16_ji1_TGTTGGAAGGCTGTAG
11801	e16_ji1_TGTTGGAGTCCACATA
11802	e16_ji1_TGTTGGAGTCGGTGTC
11803	e16_ji1_TGTTGGAGTTGCTCCT
11804	e16_ji1_TGTTGGATCTTCGATT
11805	e16_ji1_TGTTTGTAGCTCCATA
11806	e16_ji1_TGTTTGTCACGCTATA
11807	e16_ji1_TGTTTGTCATGCCGGT
11808	e16_ji1_TGTTTGTTCGGACTGC
11809	e16_ji1_TTAATCCAGCTCCGAC
11810	e16_ji1_TTAATCCAGTCACAGG
11811	e16_ji1_TTAATCCAGTGCACCC
11812	e16_ji1_TTAATCCAGTTACGAA
11813	e16_ji1_TTAATCCAGTTGCATC
11814	e16_ji1_TTAATCCGTGCTGCAC
11815	e16_ji1_TTAATCCGTTCAACGT
11816	e16_ji1_TTAATCCTCCACAGGC
11817	e16_ji1_TTAATCCTCTAGTGTG
11818	e16_ji1_TTACAGGAGAAGTATC
11819	e16_ji1_TTACAGGAGACCCGCT
11820	e16_ji1_TTACAGGAGTATGAAC
11821	e16_ji1_TTACAGGGTATACCCA
11822	e16_ji1_TTACAGGGTTAACCTG
11823	e16_ji1_TTACAGGGTTCTCACC
11824	e16_ji1_TTACAGGTCCGATGCG
11825	e16_ji1_TTACAGGTCTCCATAT
11826	e16_ji1_TTACCATAGGTCATCT
11827	e16_ji1_TTACCATCACTTTATC
11828	e16_ji1_TTACCATGTCAGTCCG
11829	e16_ji1_TTACCATGTCCCTAAA
11830	e16_ji1_TTACCATGTGTAGCAG
11831	e16_ji1_TTACCATTCCCAGTGG
11832	e16_ji1_TTACCATTCGATTGGT
11833	e16_ji1_TTACCATTCGGAAACG
11834	e16_ji1_TTACCATTCGGCAGTC
11835	e16_ji1_TTACCATTCGTTAGAC
11836	e16_ji1_TTACCGCCAACACGTT
11837	e16_ji1_TTACCGCCATGACGTT
11838	e16_ji1_TTACCGCCATGAGATA
11839	e16_ji1_TTACCGCTCACTGAAC
11840	e16_ji1_TTACCGCTCCCAACTC
11841	e16_ji1_TTACCGCTCGGCTATA
11842	e16_ji1_TTACCGCTCTCGCGTT
11843	e16_ji1_TTACGCCAGCGTCTGC
11844	e16_ji1_TTACGCCAGCTAAACA
11845	e16_ji1_TTACGCCAGGAGAGTA
11846	e16_ji1_TTACGCCCACCCAATA
11847	e16_ji1_TTACGCCCACCCTATC
11848	e16_ji1_TTACGCCCATTCACCC
11849	e16_ji1_TTACGCCGTAGATGTA
11850	e16_ji1_TTACGCCGTCCGTACG
11851	e16_ji1_TTACGCCGTCCTTTGC
11852	e16_ji1_TTACGCCGTGGTTCTA
11853	e16_ji1_TTACGCCTCAAGAGTA
11854	e16_ji1_TTACGCCTCCATCTGC
11855	e16_ji1_TTACGCCTCCGAGATT
11856	e16_ji1_TTACGTTAGGGCCTCT
11857	e16_ji1_TTACGTTAGTAAGCAT
11858	e16_ji1_TTACGTTCAAGTGCTT
11859	e16_ji1_TTACGTTCACATGAAA
11860	e16_ji1_TTACGTTCAGCGTTGC
11861	e16_ji1_TTACGTTCATCACCAA
11862	e16_ji1_TTACGTTCATCGCTGG
11863	e16_ji1_TTACGTTTCAGCCTTC
11864	e16_ji1_TTACGTTTCATTTCCA
11865	e16_ji1_TTACTGTAGTGTGTTC
11866	e16_ji1_TTACTGTCAACCGCCA
11867	e16_ji1_TTACTGTCAATGTCTG
11868	e16_ji1_TTACTGTGTAACTGCT
11869	e16_ji1_TTACTGTGTCAATCTG
11870	e16_ji1_TTACTGTGTCCAACGC
11871	e16_ji1_TTACTGTGTGGACTAG
11872	e16_ji1_TTACTGTTCATCGCTC
11873	e16_ji1_TTACTGTTCATTTGGG
11874	e16_ji1_TTACTGTTCCAATCCC
11875	e16_ji1_TTACTGTTCCTACCAC
11876	e16_ji1_TTACTGTTCGCCTAGG
11877	e16_ji1_TTACTGTTCGTAACCA
11878	e16_ji1_TTAGGCAAGAAACACT
11879	e16_ji1_TTAGGCAGTGCATCTA
11880	e16_ji1_TTAGGCAGTTAAGCAA
11881	e16_ji1_TTAGGCAGTTCATCGA
11882	e16_ji1_TTAGGCATCCTCTCTT
11883	e16_ji1_TTAGGGTAGCTCCACG
11884	e16_ji1_TTAGGGTCACGGATCC
11885	e16_ji1_TTAGGGTCACGGGTAA
11886	e16_ji1_TTAGGGTGTACCGTCG
11887	e16_ji1_TTAGGGTTCCACCCTA
11888	e16_ji1_TTAGGGTTCCGCATAA
11889	e16_ji1_TTAGTCTAGAGCTGAC
11890	e16_ji1_TTAGTCTAGCCATCCG
11891	e16_ji1_TTAGTCTAGCCGCACT
11892	e16_ji1_TTAGTCTAGGACGGAG
11893	e16_ji1_TTAGTCTAGTCTGTAC
11894	e16_ji1_TTAGTCTCAATCCTAG
11895	e16_ji1_TTAGTCTCACACCGAC
11896	e16_ji1_TTAGTCTCACATGACT
11897	e16_ji1_TTAGTCTCAGCAGTTT
11898	e16_ji1_TTAGTCTTCCTTTGAT
11899	e16_ji1_TTATTGCAGAGTCCGA
11900	e16_ji1_TTATTGCAGGATTCAA
11901	e16_ji1_TTATTGCCAATTCTCT
11902	e16_ji1_TTATTGCCAGCAGTTT
11903	e16_ji1_TTATTGCCATCCGTTC
11904	e16_ji1_TTATTGCGTAAGTTGA
11905	e16_ji1_TTATTGCGTGATCATC
11906	e16_ji1_TTATTGCTCATCACTT
11907	e16_ji1_TTATTGCTCATTCCTA
11908	e16_ji1_TTATTGCTCCGTCCTA
11909	e16_ji1_TTCAATCAGTGATAGT
11910	e16_ji1_TTCAATCCAAGCAGGT
11911	e16_ji1_TTCAATCGTAGTTCCA
11912	e16_ji1_TTCAATCGTCTTCAAG
11913	e16_ji1_TTCAATCTCCAATGCA
11914	e16_ji1_TTCAATCTCGTTCCTG
11915	e16_ji1_TTCACCGAGACCAGAC
11916	e16_ji1_TTCACCGAGCAAATCA
11917	e16_ji1_TTCACCGAGCAGCACA
11918	e16_ji1_TTCACCGAGCATACTC
11919	e16_ji1_TTCACCGCAACTAGAA
11920	e16_ji1_TTCACCGCAAGACGGT
11921	e16_ji1_TTCACCGCAAGAGTTA
11922	e16_ji1_TTCACCGCACTCACTC
11923	e16_ji1_TTCACCGCATGGCCAC
11924	e16_ji1_TTCACCGGTCACAGTT
11925	e16_ji1_TTCACCGGTTGAGAGC
11926	e16_ji1_TTCACCGTCCGGACGT
11927	e16_ji1_TTCACCGTCGGTAGAG
11928	e16_ji1_TTCACGCAGAGTCAGC
11929	e16_ji1_TTCACGCCACAATGTC
11930	e16_ji1_TTCACGCCAGGAACCA
11931	e16_ji1_TTCACGCCATTGCCGG
11932	e16_ji1_TTCACGCGTGCCGTTG
11933	e16_ji1_TTCACGCTCAAGCGTT
11934	e16_ji1_TTCACGCTCAGCCCAG
11935	e16_ji1_TTCACGCTCAGCTGTA
11936	e16_ji1_TTCACGCTCATTCTTG
11937	e16_ji1_TTCACGCTCTGGACTA
11938	e16_ji1_TTCAGGACAAACTGCT
11939	e16_ji1_TTCAGGACAGCATCTA
11940	e16_ji1_TTCAGGACATTATGCG
11941	e16_ji1_TTCAGGAGTTGGTGTT
11942	e16_ji1_TTCAGGATCAGGCGAA
11943	e16_ji1_TTCATGTAGACATATG
11944	e16_ji1_TTCATGTCAAGTTGGG
11945	e16_ji1_TTCATGTCACCAGTTA
11946	e16_ji1_TTCATGTCATCAGCAT
11947	e16_ji1_TTCATGTGTCATCCCT
11948	e16_ji1_TTCATGTGTCTACAAC
11949	e16_ji1_TTCATGTGTGTCATCA
11950	e16_ji1_TTCATGTTCGGTCTGG
11951	e16_ji1_TTCATTGAGAATACAC
11952	e16_ji1_TTCATTGAGGTTCCAT
11953	e16_ji1_TTCATTGCAACAACAA
11954	e16_ji1_TTCATTGCAGCATACT
11955	e16_ji1_TTCATTGCAGGGCTTC
11956	e16_ji1_TTCATTGCATTCATCT
11957	e16_ji1_TTCATTGGTCCAGGTC
11958	e16_ji1_TTCCAATAGAACCCGA
11959	e16_ji1_TTCCAATAGCCGGAAT
11960	e16_ji1_TTCCAATCATACTGAC
11961	e16_ji1_TTCCAATGTAGCTAAA
11962	e16_ji1_TTCCAATGTGAACCGA
11963	e16_ji1_TTCCACGAGACCTTTG
11964	e16_ji1_TTCCACGAGTACCATC
11965	e16_ji1_TTCCACGCAAACGTGG
11966	e16_ji1_TTCCACGCACTGGCGT
11967	e16_ji1_TTCCACGGTGGCTAGA
11968	e16_ji1_TTCCACGTCCAGGACC
11969	e16_ji1_TTCCGGTAGTGCGCTC
11970	e16_ji1_TTCCGGTCAATCTGCA
11971	e16_ji1_TTCCGGTCATGAATCC
11972	e16_ji1_TTCCGGTGTACAACGG
11973	e16_ji1_TTCCGGTGTATCGAAA
11974	e16_ji1_TTCCGGTGTCGTTTCC
11975	e16_ji1_TTCCGGTGTGGACCTC
11976	e16_ji1_TTCCGGTTCCACGTGG
11977	e16_ji1_TTCCGGTTCCAGCACG
11978	e16_ji1_TTCCGGTTCTCGACGG
11979	e16_ji1_TTCCGGTTCTTGAACG
11980	e16_ji1_TTCCGGTTCTTTGCAT
11981	e16_ji1_TTCCGTGAGAGCATCG
11982	e16_ji1_TTCCGTGAGCTCCGAC
11983	e16_ji1_TTCCGTGAGTACAGAT
11984	e16_ji1_TTCCGTGCAATCGAAA
11985	e16_ji1_TTCCGTGCAGTCTGGC
11986	e16_ji1_TTCCGTGCATCACAGT
11987	e16_ji1_TTCCGTGCATGGAGAC
11988	e16_ji1_TTCCGTGCATTGGCAT
11989	e16_ji1_TTCCGTGGTATTAAGG
11990	e16_ji1_TTCCGTGGTCACTCGG
11991	e16_ji1_TTCCGTGTCCACCTGT
11992	e16_ji1_TTCCGTGTCCGAGAAG
11993	e16_ji1_TTCCTAAAGAAGCCAC
11994	e16_ji1_TTCCTAAAGGAACTCG
11995	e16_ji1_TTCCTAACAAGCTACT
11996	e16_ji1_TTCCTAACACAGCATT
11997	e16_ji1_TTCCTAAGTTGCCGCA
11998	e16_ji1_TTCCTAATCCCGAACG
11999	e16_ji1_TTCCTAATCTAAACGC
12000	e16_ji1_TTCCTCTAGCACTCTA
12001	e16_ji1_TTCCTCTAGTCAGCGA
12002	e16_ji1_TTCCTCTCAAACCACT
12003	e16_ji1_TTCCTCTCAAGGTCGA
12004	e16_ji1_TTCCTCTCACCAGGTC
12005	e16_ji1_TTCCTCTCACCTGATA
12006	e16_ji1_TTCCTCTCACGTGTGC
12007	e16_ji1_TTCCTCTGTAGCTAAA
12008	e16_ji1_TTCCTCTGTCCCTAAA
12009	e16_ji1_TTCCTCTGTGCTCGTG
12010	e16_ji1_TTCCTCTGTTGTACGT
12011	e16_ji1_TTCCTCTTCAAGCTTG
12012	e16_ji1_TTCCTCTTCAATCCGA
12013	e16_ji1_TTCCTCTTCAGCATTG
12014	e16_ji1_TTCCTCTTCCTTTAGT
12015	e16_ji1_TTCCTCTTCGCTAAAC
12016	e16_ji1_TTCCTTCAGTCGCCAC
12017	e16_ji1_TTCCTTCCAAGCTACT
12018	e16_ji1_TTCCTTCCAGGACTAG
12019	e16_ji1_TTCCTTCGTCGTACAT
12020	e16_ji1_TTCCTTCGTCTCAGAT
12021	e16_ji1_TTCCTTCGTGTTCATG
12022	e16_ji1_TTCCTTCTCCCATACC
12023	e16_ji1_TTCCTTCTCCCATTTA
12024	e16_ji1_TTCGATTAGACGTCCC
12025	e16_ji1_TTCGATTAGGGCTAAC
12026	e16_ji1_TTCGATTAGTAGCTCT
12027	e16_ji1_TTCGATTAGTATAGAC
12028	e16_ji1_TTCGATTAGTGGTCAG
12029	e16_ji1_TTCGATTCAATCCTTT
12030	e16_ji1_TTCGATTCAGCATACT
12031	e16_ji1_TTCGATTGTCCAGGTC
12032	e16_ji1_TTCGATTGTTCTAACG
12033	e16_ji1_TTCGATTTCACCCTGT
12034	e16_ji1_TTCGATTTCACTGTCC
12035	e16_ji1_TTCGATTTCAGACCTA
12036	e16_ji1_TTCGATTTCCGTCACT
12037	e16_ji1_TTCGATTTCCTCTAGC
12038	e16_ji1_TTCGATTTCTCCCAAC
12039	e16_ji1_TTCGCTGAGGACAAGA
12040	e16_ji1_TTCGCTGCAATAGTAG
12041	e16_ji1_TTCGCTGCAATGTCAC
12042	e16_ji1_TTCGCTGCACAGCTGC
12043	e16_ji1_TTCGCTGCACCATATG
12044	e16_ji1_TTCGCTGGTTCAGTAC
12045	e16_ji1_TTCGCTGTCCTCTGCA
12046	e16_ji1_TTCGGTCAGGTGATAT
12047	e16_ji1_TTCGGTCCAGTATTCG
12048	e16_ji1_TTCGGTCCATAGAATG
12049	e16_ji1_TTCGGTCGTGCTGTCG
12050	e16_ji1_TTCGGTCGTTATGTGC
12051	e16_ji1_TTCGGTCGTTGCATCA
12052	e16_ji1_TTCTAACAGCTGGTGA
12053	e16_ji1_TTCTAACCAAGAGTGC
12054	e16_ji1_TTCTAACCATGGAGAC
12055	e16_ji1_TTCTAACCATTCGATG
12056	e16_ji1_TTCTAACGTCCAATCA
12057	e16_ji1_TTCTAACGTCTGGTTA
12058	e16_ji1_TTCTAACGTGCACATT
12059	e16_ji1_TTCTAACGTTCTCTAT
12060	e16_ji1_TTCTAACTCGACACCG
12061	e16_ji1_TTCTAGTAGACAACAT
12062	e16_ji1_TTCTAGTAGCCGAACA
12063	e16_ji1_TTCTAGTAGCTTTCCC
12064	e16_ji1_TTCTAGTCAACATACC
12065	e16_ji1_TTCTAGTGTATCTTCT
12066	e16_ji1_TTCTAGTTCAGTGTTG
12067	e16_ji1_TTCTAGTTCATTTGGG
12068	e16_ji1_TTCTAGTTCCTACACC
12069	e16_ji1_TTCTAGTTCGACCAAT
12070	e16_ji1_TTCTCTCAGACCACGA
12071	e16_ji1_TTCTCTCAGATACGAT
12072	e16_ji1_TTCTCTCAGCGTCTCG
12073	e16_ji1_TTCTCTCAGGCCCGTT
12074	e16_ji1_TTCTCTCAGTGCAAAT
12075	e16_ji1_TTCTCTCCAGAACTTC
12076	e16_ji1_TTCTCTCCAGATACCT
12077	e16_ji1_TTCTCTCCAGCTACCG
12078	e16_ji1_TTCTCTCCAGGACAGT
12079	e16_ji1_TTCTCTCGTCGGATTT
12080	e16_ji1_TTCTCTCTCAGACCGC
12081	e16_ji1_TTCTCTCTCAGCTGTA
12082	e16_ji1_TTCTCTCTCCACCCTA
12083	e16_ji1_TTCTCTCTCCTTATGT
12084	e16_ji1_TTCTCTCTCGGTAACT
12085	e16_ji1_TTCTCTCTCTACTGCC
12086	e16_ji1_TTCTGTAAGTCGCCAC
12087	e16_ji1_TTCTGTACAACGCCCA
12088	e16_ji1_TTCTGTACAATAGGAT
12089	e16_ji1_TTCTGTACACGACGCT
12090	e16_ji1_TTCTGTAGTAGGCTGA
12091	e16_ji1_TTCTGTAGTCCCACGA
12092	e16_ji1_TTCTGTATCATGTCTT
12093	e16_ji1_TTCTTCCAGGTCGAGT
12094	e16_ji1_TTCTTCCAGTGGATTA
12095	e16_ji1_TTCTTCCCAGCAGATG
12096	e16_ji1_TTCTTCCCAGCGATTT
12097	e16_ji1_TTCTTCCCATGCTGCG
12098	e16_ji1_TTCTTCCCATGTTCAG
12099	e16_ji1_TTCTTCCGTACGATTC
12100	e16_ji1_TTCTTCCGTAGGCTGA
12101	e16_ji1_TTCTTCCGTGCGAACA
12102	e16_ji1_TTCTTCCGTTGTATGC
12103	e16_ji1_TTCTTCCTCAAGCCGC
12104	e16_ji1_TTCTTCCTCCTTCAGC
12105	e16_ji1_TTCTTCCTCGAGTCTA
12106	e16_ji1_TTCTTCCTCGCCAGAC
12107	e16_ji1_TTCTTCCTCTTGGTCC
12108	e16_ji1_TTCTTGAAGAGGACTC
12109	e16_ji1_TTCTTGACAACCAGAG
12110	e16_ji1_TTCTTGACACTGCATA
12111	e16_ji1_TTCTTGAGTCTTCGAA
12112	e16_ji1_TTGAACGAGCCGCTTG
12113	e16_ji1_TTGAACGCACTACTTT
12114	e16_ji1_TTGAACGCAGCAATTC
12115	e16_ji1_TTGAACGCATTGCAAC
12116	e16_ji1_TTGAACGTCCCGATCT
12117	e16_ji1_TTGAACGTCTGGGTCG
12118	e16_ji1_TTGACCCCACCGGCTA
12119	e16_ji1_TTGACCCCACTGTCGG
12120	e16_ji1_TTGACCCGTAACTGCT
12121	e16_ji1_TTGACCCGTATAGCTC
12122	e16_ji1_TTGACCCGTCACTACA
12123	e16_ji1_TTGACCCGTCCGATCG
12124	e16_ji1_TTGACCCGTTATAGAG
12125	e16_ji1_TTGACCCGTTCCAAAC
12126	e16_ji1_TTGACCCGTTCCTACC
12127	e16_ji1_TTGACCCTCAGACAAA
12128	e16_ji1_TTGACCCTCCAGCTCT
12129	e16_ji1_TTGACCCTCCCGTTCA
12130	e16_ji1_TTGACCCTCGATACAC
12131	e16_ji1_TTGAGTGAGATAGCTA
12132	e16_ji1_TTGAGTGCAACTCGAT
12133	e16_ji1_TTGAGTGCACAGAGCA
12134	e16_ji1_TTGAGTGGTCGGCACT
12135	e16_ji1_TTGAGTGTCCCATAGA
12136	e16_ji1_TTGATGGAGCCACAAG
12137	e16_ji1_TTGATGGAGTATAACG
12138	e16_ji1_TTGATGGCACGATTCA
12139	e16_ji1_TTGATGGCAGGAGGTT
12140	e16_ji1_TTGATGGTCCGCTAGG
12141	e16_ji1_TTGATGGTCCTGGCTT
12142	e16_ji1_TTGATGGTCTCACCCA
12143	e16_ji1_TTGCATTAGAATAGTC
12144	e16_ji1_TTGCATTAGACCTCAT
12145	e16_ji1_TTGCATTAGCCAACCC
12146	e16_ji1_TTGCATTAGCCAGACA
12147	e16_ji1_TTGCATTCAACGCCCA
12148	e16_ji1_TTGCATTCACAACGCC
12149	e16_ji1_TTGCATTGTACGAGCA
12150	e16_ji1_TTGCATTGTGTCTTGA
12151	e16_ji1_TTGCATTGTTCCGGTG
12152	e16_ji1_TTGCATTTCATCGTAG
12153	e16_ji1_TTGCATTTCCTGGCTT
12154	e16_ji1_TTGCCTGAGACGATAT
12155	e16_ji1_TTGCCTGAGACTTCCA
12156	e16_ji1_TTGCCTGAGCAGCACA
12157	e16_ji1_TTGCCTGCACACCGAC
12158	e16_ji1_TTGCCTGGTAGAGTTA
12159	e16_ji1_TTGCCTGGTTGGACCC
12160	e16_ji1_TTGCCTGTCCGGACGT
12161	e16_ji1_TTGCCTGTCGGAATGG
12162	e16_ji1_TTGCCTGTCTTTGGAG
12163	e16_ji1_TTGCGTCAGCATGATA
12164	e16_ji1_TTGCGTCCACTTACAG
12165	e16_ji1_TTGCGTCCATCGATGT
12166	e16_ji1_TTGCGTCTCCGGCTTT
12167	e16_ji1_TTGCGTCTCTGACCCT
12168	e16_ji1_TTGCTGCAGAGTCAGC
12169	e16_ji1_TTGCTGCAGATGTTGA
12170	e16_ji1_TTGCTGCAGCCTCAAT
12171	e16_ji1_TTGCTGCAGGGCGAAG
12172	e16_ji1_TTGCTGCAGGGTCAAC
12173	e16_ji1_TTGCTGCAGTCTCGTA
12174	e16_ji1_TTGCTGCAGTGAGGTC
12175	e16_ji1_TTGCTGCCAAATACAG
12176	e16_ji1_TTGCTGCGTAACCAGG
12177	e16_ji1_TTGCTGCGTCTGCAAT
12178	e16_ji1_TTGCTGCTCTAACGCA
12179	e16_ji1_TTGGATGAGAGCATTA
12180	e16_ji1_TTGGATGCACTACCGG
12181	e16_ji1_TTGGATGGTCCTGTCT
12182	e16_ji1_TTGGATGTCATCGCAA
12183	e16_ji1_TTGGATGTCCAAGCCG
12184	e16_ji1_TTGGATGTCCGGGACT
12185	e16_ji1_TTGGATGTCGAACTCA
12186	e16_ji1_TTGGGATAGCTGGCTC
12187	e16_ji1_TTGGGATCAAGGTTGG
12188	e16_ji1_TTGGGATCAATAGTCC
12189	e16_ji1_TTGGGATCAGAAATTG
12190	e16_ji1_TTGGGATCATCATTGG
12191	e16_ji1_TTGGGATCATCTCATT
12192	e16_ji1_TTGGGATGTAGACGTG
12193	e16_ji1_TTGGGATTCTGAATGC
12194	e16_ji1_TTGGGCGCATGACGAG
12195	e16_ji1_TTGGGCGCATTCACCC
12196	e16_ji1_TTGGGCGGTTGCTCAA
12197	e16_ji1_TTGGGCGTCACAACCA
12198	e16_ji1_TTGGGTAAGTCATAGA
12199	e16_ji1_TTGGGTAGTTAGGCCC
12200	e16_ji1_TTGGGTATCCCATTTA
12201	e16_ji1_TTGGTTTAGAACCGCA
12202	e16_ji1_TTGGTTTAGCTCCGAC
12203	e16_ji1_TTGGTTTCAAATGGAT
12204	e16_ji1_TTGGTTTCAATAGGAT
12205	e16_ji1_TTGGTTTCACTACACA
12206	e16_ji1_TTGGTTTGTACCTTCC
12207	e16_ji1_TTGGTTTGTCAACCAT
12208	e16_ji1_TTGGTTTGTCTAATCG
12209	e16_ji1_TTGGTTTGTGTAAACA
12210	e16_ji1_TTGGTTTTCACCTCAC
12211	e16_ji1_TTGTGGAAGAGGTTAT
12212	e16_ji1_TTGTGGAAGGGACAGG
12213	e16_ji1_TTGTGGACATCTGCGG
12214	e16_ji1_TTGTGGAGTAACTTCG
12215	e16_ji1_TTGTGGAGTACCATAC
12216	e16_ji1_TTGTGTTAGTCAGCCC
12217	e16_ji1_TTGTGTTCACCTGTCT
12218	e16_ji1_TTGTGTTCAGAAGCGT
12219	e16_ji1_TTGTGTTGTCTTGAGT
12220	e16_ji1_TTGTGTTGTTTGAACC
12221	e16_ji1_TTGTTCAAGTACCATC
12222	e16_ji1_TTGTTCAGTAGCACGA
12223	e16_ji1_TTGTTCAGTCAGGAGT
12224	e16_ji1_TTGTTCAGTCGTCGGT
12225	e16_ji1_TTGTTCAGTGAGAACC
12226	e16_ji1_TTGTTCATCATGCTAG
12227	e16_ji1_TTGTTGTAGAAGCCAC
12228	e16_ji1_TTGTTGTAGCGACTTT
12229	e16_ji1_TTGTTGTAGGGTTTCT
12230	e16_ji1_TTGTTGTAGGTGATAT
12231	e16_ji1_TTGTTGTAGTCACACT
12232	e16_ji1_TTGTTGTCAGAGGCTA
12233	e16_ji1_TTGTTGTCATCACAGT
12234	e16_ji1_TTGTTGTTCCATATGG
12235	e16_ji1_TTGTTGTTCCGGCAAC
12236	e16_ji1_TTGTTGTTCTCCACTG
12237	e16_ji1_TTGTTTGAGACGACGT
12238	e16_ji1_TTGTTTGAGTCTTGGT
12239	e16_ji1_TTGTTTGCATTCTTCA
12240	e16_ji1_TTGTTTGGTAGCCAGA
12241	e16_ji1_TTGTTTGGTCCTTTGC
12242	e16_ji1_TTGTTTGGTGAAAGTT
12243	e16_ji1_TTGTTTGGTGCAAGAC
12244	e16_ji1_TTGTTTGGTGCCCACA
12245	e16_ji1_TTGTTTGTCTACCACC
12246	e16_ji1_TTTACCAAGAACGTGC
12247	e16_ji1_TTTACCAAGGTATCTC
12248	e16_ji1_TTTACCACAAATAAGC
12249	e16_ji1_TTTACCACAATCAAGA
12250	e16_ji1_TTTACCACACCTGCGA
12251	e16_ji1_TTTACCACACGTACTA
12252	e16_ji1_TTTACCACAGCACGAA
12253	e16_ji1_TTTACCAGTGAGGATC
12254	e16_ji1_TTTACCAGTGCTCTCT
12255	e16_ji1_TTTACCATCAACGAGG
12256	e16_ji1_TTTACCATCGAGTTGT
12257	e16_ji1_TTTACCATCGTCGACG
12258	e16_ji1_TTTACCATCTTTCGAT
12259	e16_ji1_TTTACGTAGTATCCTG
12260	e16_ji1_TTTACGTCACTAACGT
12261	e16_ji1_TTTACGTCAGCTACTA
12262	e16_ji1_TTTACGTCAGGTCAGA
12263	e16_ji1_TTTACGTGTAACCAGG
12264	e16_ji1_TTTACGTTCCGGTAAT
12265	e16_ji1_TTTACGTTCTGCCCTA
12266	e16_ji1_TTTACTGAGCCATCCG
12267	e16_ji1_TTTACTGAGGATTACA
12268	e16_ji1_TTTACTGCAATTGTGC
12269	e16_ji1_TTTACTGCATCGGATT
12270	e16_ji1_TTTACTGGTACGTACT
12271	e16_ji1_TTTACTGGTTCGTGCG
12272	e16_ji1_TTTACTGGTTTGCAGT
12273	e16_ji1_TTTACTGTCACGATCA
12274	e16_ji1_TTTACTGTCCGGTAAT
12275	e16_ji1_TTTACTGTCTGCCTCA
12276	e16_ji1_TTTAGTCAGGTTGTTC
12277	e16_ji1_TTTAGTCCACTCAAGT
12278	e16_ji1_TTTAGTCCAGAGTTCT
12279	e16_ji1_TTTAGTCCAGGTGTTT
12280	e16_ji1_TTTAGTCGTATAATGG
12281	e16_ji1_TTTAGTCTCTAGAACC
12282	e16_ji1_TTTAGTCTCTCTCGAC
12283	e16_ji1_TTTATGCAGAAGCGCT
12284	e16_ji1_TTTATGCAGACCATTC
12285	e16_ji1_TTTATGCAGCTTCATG
12286	e16_ji1_TTTATGCAGGCCTTGC
12287	e16_ji1_TTTATGCCAGCTTTCC
12288	e16_ji1_TTTATGCGTTCGGACC
12289	e16_ji1_TTTATGCGTTGGCCGT
12290	e16_ji1_TTTATGCTCAAGAATG
12291	e16_ji1_TTTATGCTCCAGCACG
12292	e16_ji1_TTTCACAAGACGACGT
12293	e16_ji1_TTTCACAAGATCACTC
12294	e16_ji1_TTTCACAAGGCTAACG
12295	e16_ji1_TTTCACACAACCGCTG
12296	e16_ji1_TTTCACACATCGATCA
12297	e16_ji1_TTTCACACATCGCTAA
12298	e16_ji1_TTTCACACATGACAAA
12299	e16_ji1_TTTCACAGTCGACTTA
12300	e16_ji1_TTTCACAGTCTACAGT
12301	e16_ji1_TTTCACAGTTGGGTTT
12302	e16_ji1_TTTCACATCAAGCCCG
12303	e16_ji1_TTTCACATCCCTTGTG
12304	e16_ji1_TTTCACATCTAGTTCT
12305	e16_ji1_TTTCACATCTTCGTAT
12306	e16_ji1_TTTCAGTAGACAACAT
12307	e16_ji1_TTTCAGTAGATCCCAT
12308	e16_ji1_TTTCAGTAGCGATTCT
12309	e16_ji1_TTTCAGTGTAGGTACG
12310	e16_ji1_TTTCAGTTCAAACCCA
12311	e16_ji1_TTTCAGTTCACGTAGT
12312	e16_ji1_TTTCATGAGGTTGAGC
12313	e16_ji1_TTTCATGAGTCTTCGA
12314	e16_ji1_TTTCATGCACCTGCGA
12315	e16_ji1_TTTCATGCAGAGTCTT
12316	e16_ji1_TTTCATGCATTACTCT
12317	e16_ji1_TTTCATGGTACCATAC
12318	e16_ji1_TTTCATGGTGAACCGA
12319	e16_ji1_TTTCATGTCCTTATGT
12320	e16_ji1_TTTCATGTCGAGTCTA
12321	e16_ji1_TTTCCTCCAAATCAAG
12322	e16_ji1_TTTCCTCCAACGACAG
12323	e16_ji1_TTTCCTCCAAGCGCAA
12324	e16_ji1_TTTCCTCGTCACCGCA
12325	e16_ji1_TTTCCTCGTCGAAGCA
12326	e16_ji1_TTTCCTCTCGAAACAA
12327	e16_ji1_TTTCCTCTCGACCATA
12328	e16_ji1_TTTCCTCTCGGATAAA
12329	e16_ji1_TTTCCTCTCTAGCATG
12330	e16_ji1_TTTCGATAGCTCCACG
12331	e16_ji1_TTTCGATAGTATGTAG
12332	e16_ji1_TTTCGATCAAGAATAC
12333	e16_ji1_TTTCGATCACCTGCTT
12334	e16_ji1_TTTCGATGTGTCCACG
12335	e16_ji1_TTTCGATGTTCCTTGC
12336	e16_ji1_TTTCGATTCATGGAGG
12337	e16_ji1_TTTCGATTCCCGATCT
12338	e16_ji1_TTTCGATTCGTAGAGG
12339	e16_ji1_TTTGACTCAAGCGAAC
12340	e16_ji1_TTTGACTGTTCAATCG
12341	e16_ji1_TTTGACTTCCCAGTGG
12342	e16_ji1_TTTGACTTCCCATAAG
12343	e16_ji1_TTTGACTTCCGTTGGG
12344	e16_ji1_TTTGATCCACAAGCTT
12345	e16_ji1_TTTGATCCAGAACTTC
12346	e16_ji1_TTTGATCGTGTTAAAG
12347	e16_ji1_TTTGATCGTGTTGCCG
12348	e16_ji1_TTTGATCTCAATGCAC
12349	e16_ji1_TTTGATCTCTTGTGCC
12350	e16_ji1_TTTGGAGAGCACTCGC
12351	e16_ji1_TTTGGAGAGGAATCGC
12352	e16_ji1_TTTGGAGAGTGTTCCA
12353	e16_ji1_TTTGGAGCAGCTCATA
12354	e16_ji1_TTTGGAGCATCGCTGG
12355	e16_ji1_TTTGGAGGTCCCTAAA
12356	e16_ji1_TTTGGAGGTCTCTCCA
12357	e16_ji1_TTTGGAGGTTAGAAAC
12358	e16_ji1_TTTGGAGTCACCTCGT
12359	e16_ji1_TTTGGTTAGTCTAGAA
12360	e16_ji1_TTTGGTTAGTGGTGGT
12361	e16_ji1_TTTGGTTCAACCGCTG
12362	e16_ji1_TTTGGTTCAGACACAG
12363	e16_ji1_TTTGGTTGTTGAGTCT
12364	e16_ji1_TTTGGTTTCCGTACGG
12365	e16_ji1_TTTGGTTTCTGTAAGC
12366	e16_ji1_TTTGGTTTCTTTGCTA
12367	e16_ji1_TTTGTTGAGCCACCGT
12368	e16_ji1_TTTGTTGCAAGCCTGC
12369	e16_ji1_TTTGTTGCACATAACC
12370	e16_ji1_TTTGTTGCAGATTTCG
12371	e16_ji1_TTTGTTGCATCTCGTC
12372	e16_ji1_TTTGTTGGTAGTCCTA
12373	e16_ji1_TTTGTTGTCAAACCCA
12374	e16_ji1_TTTGTTGTCAGACCTA
12375	e16_ji1_TTTGTTGTCATACGGT
12376	e16_ji1_TTTGTTGTCTAAGAAG
12377	e16_ji1_TTTGTTGTCTCCGAAA
12378	e16_ji1_TTTGTTGTCTCTGCTG
12379	e16_c1_AAACCCAAGACTCATC
12380	e16_c1_AAACCCAGTCAAAGAT
12381	e16_c1_AAACCCAGTTATTCCT
12382	e16_c1_AAACCCATCCTGGGAC
12383	e16_c1_AAACGAAAGACGAGCT
12384	e16_c1_AAACGAACACTTCAAG
12385	e16_c1_AAACGCTCATCTGTTT
12386	e16_c1_AAACGCTTCCATAGAC
12387	e16_c1_AAAGAACAGCAGCCTC
12388	e16_c1_AAAGAACCATCCTATT
12389	e16_c1_AAAGAACGTCGAGCTC
12390	e16_c1_AAAGAACTCTTTCCGG
12391	e16_c1_AAAGGATCACTCCCTA
12392	e16_c1_AAAGGATTCGGCCCAA
12393	e16_c1_AAAGGGCCATATGGCT
12394	e16_c1_AAAGGTACAAATTGCC
12395	e16_c1_AAAGGTACACCGTGCA
12396	e16_c1_AAAGGTACATCGTCCT
12397	e16_c1_AAAGGTAGTACGAAAT
12398	e16_c1_AAAGGTAGTCGCATTA
12399	e16_c1_AAAGGTATCAGTGTCA
12400	e16_c1_AAAGTCCGTAACGTTC
12401	e16_c1_AAAGTCCTCTTCTGTA
12402	e16_c1_AAAGTGAAGCTCCATA
12403	e16_c1_AAAGTGACATACTGAC
12404	e16_c1_AAAGTGATCCGAGGCT
12405	e16_c1_AAATGGACAATTCTCT
12406	e16_c1_AAATGGATCACCGGTG
12407	e16_c1_AACAAAGGTAACCCTA
12408	e16_c1_AACAAAGGTCGCATTA
12409	e16_c1_AACAAAGTCGCAACAT
12410	e16_c1_AACAACCAGCAGCCTC
12411	e16_c1_AACAACCAGCGACTGA
12412	e16_c1_AACAACCAGTTAGTAG
12413	e16_c1_AACAACCCAAGTGGGT
12414	e16_c1_AACAACCCACAGTCAT
12415	e16_c1_AACAACCTCAGACCTA
12416	e16_c1_AACAAGAAGTATGGCG
12417	e16_c1_AACAAGAGTACGGTTT
12418	e16_c1_AACAAGATCCACACCT
12419	e16_c1_AACAAGATCCGCACGA
12420	e16_c1_AACACACAGGTTCACT
12421	e16_c1_AACACACCAACTCGAT
12422	e16_c1_AACACACGTGCCTAAT
12423	e16_c1_AACACACTCGCGCCAA
12424	e16_c1_AACAGGGCAGCGGATA
12425	e16_c1_AACAGGGGTATCGGTT
12426	e16_c1_AACAGGGGTCAAATCC
12427	e16_c1_AACAGGGTCAAGCCGC
12428	e16_c1_AACAGGGTCGATACGT
12429	e16_c1_AACCACAAGTGCCAGA
12430	e16_c1_AACCACAGTAATCAAG
12431	e16_c1_AACCATGAGAGTGTGC
12432	e16_c1_AACCATGGTGAATTGA
12433	e16_c1_AACCCAAAGGGCGAAG
12434	e16_c1_AACCCAACAAATTAGG
12435	e16_c1_AACCCAACAAGGTCGA
12436	e16_c1_AACCCAAGTTTACACG
12437	e16_c1_AACCTGAAGATGCAGC
12438	e16_c1_AACCTGAAGGTCCAGA
12439	e16_c1_AACCTGATCGCACGAC
12440	e16_c1_AACCTTTAGTTGTCGT
12441	e16_c1_AACCTTTCAGAACTCT
12442	e16_c1_AACCTTTGTACGGTTT
12443	e16_c1_AACCTTTGTCGATTAC
12444	e16_c1_AACCTTTGTGGAAATT
12445	e16_c1_AACCTTTTCAACCTCC
12446	e16_c1_AACCTTTTCATAAGGA
12447	e16_c1_AACCTTTTCCGCTAGG
12448	e16_c1_AACGAAACATGACTGT
12449	e16_c1_AACGAAAGTAGTGGCA
12450	e16_c1_AACGGGAAGCACCGTC
12451	e16_c1_AACGGGAAGCCGGAAT
12452	e16_c1_AACGGGACAAATAGCA
12453	e16_c1_AACGGGACATCGGAGA
12454	e16_c1_AACGGGAGTTCAGCGC
12455	e16_c1_AACGGGATCAGACCTA
12456	e16_c1_AACGTCAGTGAATGAT
12457	e16_c1_AACGTCATCGTTGCCT
12458	e16_c1_AACTTCTAGTGAGGCT
12459	e16_c1_AACTTCTAGTTGCCTA
12460	e16_c1_AACTTCTCAGGGATAC
12461	e16_c1_AAGAACAGTAACCCTA
12462	e16_c1_AAGACAAAGGAGGCAG
12463	e16_c1_AAGACAATCACTGGTA
12464	e16_c1_AAGACAATCATTCGTT
12465	e16_c1_AAGACAATCGTGGACC
12466	e16_c1_AAGACTCTCCATACTT
12467	e16_c1_AAGATAGAGCTGGTGA
12468	e16_c1_AAGATAGCAGGAATCG
12469	e16_c1_AAGATAGCATTCTCCG
12470	e16_c1_AAGATAGGTGTCTCCT
12471	e16_c1_AAGCATCAGACCATAA
12472	e16_c1_AAGCATCAGATGTAGT
12473	e16_c1_AAGCATCAGGCCTAGA
12474	e16_c1_AAGCATCAGTATTAGG
12475	e16_c1_AAGCATCTCGCACTCT
12476	e16_c1_AAGCATCTCTCATTAC
12477	e16_c1_AAGCCATAGGGCAAGG
12478	e16_c1_AAGCCATAGTCACTCA
12479	e16_c1_AAGCCATCAGTGACCC
12480	e16_c1_AAGCCATTCGTAGCCG
12481	e16_c1_AAGCGAGAGGCGCTTC
12482	e16_c1_AAGCGAGAGGTAGTCG
12483	e16_c1_AAGCGAGGTATGCGTT
12484	e16_c1_AAGCGAGTCAAGGACG
12485	e16_c1_AAGCGTTCACTGCGAC
12486	e16_c1_AAGCGTTCATGTGACT
12487	e16_c1_AAGCGTTTCCGCTAGG
12488	e16_c1_AAGCGTTTCGGTTGTA
12489	e16_c1_AAGGAATAGCGCAATG
12490	e16_c1_AAGGAATCATCCTATT
12491	e16_c1_AAGGAATGTACACTCA
12492	e16_c1_AAGGAATGTTGAATCC
12493	e16_c1_AAGGAATTCCTCTCTT
12494	e16_c1_AAGGAATTCTGGCCAG
12495	e16_c1_AAGGTAAAGGTCGTGA
12496	e16_c1_AAGGTAAGTTGGGAAC
12497	e16_c1_AAGGTAATCTGGCTGG
12498	e16_c1_AAGTACCGTATTCCGA
12499	e16_c1_AAGTACCGTCCTATAG
12500	e16_c1_AAGTACCTCCGACGGT
12501	e16_c1_AAGTCGTAGCGAACTG
12502	e16_c1_AAGTCGTAGGAGTATT
12503	e16_c1_AAGTCGTAGGTTCTAC
12504	e16_c1_AAGTCGTAGTTGTAAG
12505	e16_c1_AAGTGAAAGTGCGTCC
12506	e16_c1_AAGTGAAAGTGTCATC
12507	e16_c1_AAGTGAACACAACGTT
12508	e16_c1_AAGTGAACATTGGGAG
12509	e16_c1_AAGTGAATCGTAACAC
12510	e16_c1_AAGTTCGGTCTACGAT
12511	e16_c1_AATAGAGCAAGTTCGT
12512	e16_c1_AATAGAGGTACCCAGC
12513	e16_c1_AATAGAGGTTCCGTTC
12514	e16_c1_AATCGTGAGTCATGCT
12515	e16_c1_AATCGTGAGTTCTACG
12516	e16_c1_AATCGTGCAGCAGATG
12517	e16_c1_AATCGTGCAGTAGATA
12518	e16_c1_AATCGTGGTCACTAGT
12519	e16_c1_AATGAAGAGCAGTAAT
12520	e16_c1_AATGAAGAGGATTACA
12521	e16_c1_AATGAAGAGTCGGGAT
12522	e16_c1_AATGAAGTCTGTACAG
12523	e16_c1_AATGACCAGAGTGTGC
12524	e16_c1_AATGACCGTCAAACGG
12525	e16_c1_AATGACCGTCAGTCGC
12526	e16_c1_AATGACCTCCCAAGTA
12527	e16_c1_AATGACCTCTCAACCC
12528	e16_c1_AATGCCAAGGCTAAAT
12529	e16_c1_AATGCCAGTAGCTGAG
12530	e16_c1_AATGCCAGTCGGAAAC
12531	e16_c1_AATGGAAAGGTACCTT
12532	e16_c1_AATGGAAGTCTACAGT
12533	e16_c1_AATGGCTAGGTCACAG
12534	e16_c1_AATGGCTCAGATAAAC
12535	e16_c1_AATGGCTGTTTGCCGG
12536	e16_c1_AATGGCTTCACATTGG
12537	e16_c1_AATTCCTAGCCACTCG
12538	e16_c1_AATTCCTAGCTATCTG
12539	e16_c1_AATTCCTCAAAGGCTG
12540	e16_c1_AATTCCTCAGACCTAT
12541	e16_c1_AATTCCTTCTATGTGG
12542	e16_c1_AATTTCCAGATAGTGT
12543	e16_c1_AATTTCCAGCAGCAGT
12544	e16_c1_AATTTCCGTAGCCAGA
12545	e16_c1_AATTTCCGTCGCACAC
12546	e16_c1_AATTTCCTCATAGCAC
12547	e16_c1_AATTTCCTCATCACCC
12548	e16_c1_AATTTCCTCGCCAACG
12549	e16_c1_AATTTCCTCGGCTGGT
12550	e16_c1_ACAAAGAAGCCAGAGT
12551	e16_c1_ACAAAGAAGGAACTAT
12552	e16_c1_ACAAAGAGTTCGAAGG
12553	e16_c1_ACAAAGATCTGGTGCG
12554	e16_c1_ACAACCAGTACGGCAA
12555	e16_c1_ACAACCATCGACCACG
12556	e16_c1_ACAACCATCTGCGGGT
12557	e16_c1_ACAAGCTCACCCTTGT
12558	e16_c1_ACAAGCTTCGCCGAGT
12559	e16_c1_ACAAGCTTCTATACGG
12560	e16_c1_ACACAGTAGGGCCCTT
12561	e16_c1_ACACAGTCAAAGGCGT
12562	e16_c1_ACACAGTGTATCGCGC
12563	e16_c1_ACACAGTGTGGGTTGA
12564	e16_c1_ACACAGTTCCAAACCA
12565	e16_c1_ACACCAACACGCGCTA
12566	e16_c1_ACACCAACATCGGATT
12567	e16_c1_ACACCAATCGTCGACG
12568	e16_c1_ACACCAATCTGTAACG
12569	e16_c1_ACACGCGAGCTGTTAC
12570	e16_c1_ACACGCGGTACCTGTA
12571	e16_c1_ACACTGACACCGTCGA
12572	e16_c1_ACACTGAGTTCAGGTT
12573	e16_c1_ACACTGAGTTCGAGCC
12574	e16_c1_ACACTGATCCCAAGTA
12575	e16_c1_ACACTGATCGACACCG
12576	e16_c1_ACAGAAACAGAGAAAG
12577	e16_c1_ACAGAAACAGAGTTCT
12578	e16_c1_ACAGAAACATACATCG
12579	e16_c1_ACAGAAATCTACGGTA
12580	e16_c1_ACAGCCGGTCCCTGTT
12581	e16_c1_ACAGCCGTCATGACAC
12582	e16_c1_ACAGGGAAGCTCCCTT
12583	e16_c1_ACAGGGAAGTAGCCAG
12584	e16_c1_ACAGGGACACCAAAGG
12585	e16_c1_ACAGGGACAGTATTCG
12586	e16_c1_ACAGGGAGTCACAGAG
12587	e16_c1_ACATCCCAGACTAAGT
12588	e16_c1_ACATCCCAGGGAGATA
12589	e16_c1_ACATCCCAGTTACGGG
12590	e16_c1_ACATCCCCAGGATCTT
12591	e16_c1_ACATCCCTCTAAGAAG
12592	e16_c1_ACATCGATCAGTCACA
12593	e16_c1_ACATCGATCCGGCTTT
12594	e16_c1_ACATGCAGTGTTAACC
12595	e16_c1_ACATTTCAGACGAAGA
12596	e16_c1_ACATTTCAGCTCCACG
12597	e16_c1_ACATTTCGTTGTGTAC
12598	e16_c1_ACCAAACAGTGTTGTC
12599	e16_c1_ACCAAACTCAAGCCGC
12600	e16_c1_ACCAAACTCCATAGAC
12601	e16_c1_ACCAAACTCGTCCTCA
12602	e16_c1_ACCAACAAGCTAGAGC
12603	e16_c1_ACCAACAGTAAGTCAA
12604	e16_c1_ACCAACAGTACCACGC
12605	e16_c1_ACCAACATCATTCATC
12606	e16_c1_ACCACAAGTCTACATG
12607	e16_c1_ACCACAATCGTAGGAG
12608	e16_c1_ACCATTTAGGAGAGTA
12609	e16_c1_ACCATTTGTCGCTCGA
12610	e16_c1_ACCATTTGTGTCTTAG
12611	e16_c1_ACCATTTTCCGGACGT
12612	e16_c1_ACCCAAAAGAAGTGTT
12613	e16_c1_ACCCAAAAGAGCACTG
12614	e16_c1_ACCCAAAGTCGAATTC
12615	e16_c1_ACCCAAATCCTACGGG
12616	e16_c1_ACCCTCAAGCCTCTCT
12617	e16_c1_ACCCTCACATTAAAGG
12618	e16_c1_ACCCTCAGTCGTATTG
12619	e16_c1_ACCCTCAGTTCTCCTG
12620	e16_c1_ACCCTCATCGAACGCC
12621	e16_c1_ACCCTTGTCCATATGG
12622	e16_c1_ACCGTTCGTAGTCTGT
12623	e16_c1_ACCGTTCGTATGTGTC
12624	e16_c1_ACCGTTCGTTGTGGAG
12625	e16_c1_ACCGTTCTCATTCATC
12626	e16_c1_ACCGTTCTCTGAGTCA
12627	e16_c1_ACCTACCCAAGGTACG
12628	e16_c1_ACCTACCTCTAGCCAA
12629	e16_c1_ACCTGAACATCGAGCC
12630	e16_c1_ACCTGTCAGTATAACG
12631	e16_c1_ACCTGTCGTCGCACAC
12632	e16_c1_ACCTGTCGTGCTCTCT
12633	e16_c1_ACCTGTCTCGAACTCA
12634	e16_c1_ACCTGTCTCGGAGATG
12635	e16_c1_ACCTGTCTCTCACCCA
12636	e16_c1_ACGATCAGTCCAAATC
12637	e16_c1_ACGATCATCAACGTGT
12638	e16_c1_ACGATCATCCCTCTAG
12639	e16_c1_ACGATCATCCGCTGTT
12640	e16_c1_ACGATGTAGACTTCGT
12641	e16_c1_ACGATGTAGCCTTTGA
12642	e16_c1_ACGCACGAGTAACGTA
12643	e16_c1_ACGCACGCAGAAGCGT
12644	e16_c1_ACGCACGCATTGGCAT
12645	e16_c1_ACGGAAGAGATACAGT
12646	e16_c1_ACGGAAGAGGCCGCTT
12647	e16_c1_ACGGAAGAGTTAACAG
12648	e16_c1_ACGGAAGGTCCAAATC
12649	e16_c1_ACGGGTCAGAGCCATG
12650	e16_c1_ACGGGTCCAAGTATCC
12651	e16_c1_ACGGGTCCATAAGCGG
12652	e16_c1_ACGGTCGTCCCAGCGA
12653	e16_c1_ACGGTCGTCCGATGCG
12654	e16_c1_ACGGTTACAATCAGCT
12655	e16_c1_ACGGTTAGTCTAGGCC
12656	e16_c1_ACGGTTATCACTTCTA
12657	e16_c1_ACGTAACAGTTGTACC
12658	e16_c1_ACGTACAGTCACAGAG
12659	e16_c1_ACGTACAGTGGCTGAA
12660	e16_c1_ACGTAGTAGCTTAAGA
12661	e16_c1_ACGTAGTAGTTCGCAT
12662	e16_c1_ACGTAGTGTTAAGTCC
12663	e16_c1_ACGTAGTGTTGCGGCT
12664	e16_c1_ACGTAGTTCCAAGGGA
12665	e16_c1_ACGTCCTAGTCACAGG
12666	e16_c1_ACGTCCTCAGTCGAGA
12667	e16_c1_ACGTCCTTCCGTAGGC
12668	e16_c1_ACGTCCTTCTCGCAGG
12669	e16_c1_ACTACGAAGTGTTCCA
12670	e16_c1_ACTACGAGTGCAATGG
12671	e16_c1_ACTATCTAGACTCGAG
12672	e16_c1_ACTATCTAGGTAGACC
12673	e16_c1_ACTATCTCAGTGTGGA
12674	e16_c1_ACTATCTGTGCGTTTA
12675	e16_c1_ACTATGGAGACGAGCT
12676	e16_c1_ACTATGGAGCAGCCCT
12677	e16_c1_ACTATGGAGCGAGTCA
12678	e16_c1_ACTATGGAGTCAACAA
12679	e16_c1_ACTATGGTCGCCGAAC
12680	e16_c1_ACTATGGTCTAGTTCT
12681	e16_c1_ACTATTCGTACGGATG
12682	e16_c1_ACTCCCAGTCGCTGCA
12683	e16_c1_ACTCCCAGTGTGCTTA
12684	e16_c1_ACTCTCGAGCCTATTG
12685	e16_c1_ACTCTCGAGTTTCTTC
12686	e16_c1_ACTCTCGCAATAACGA
12687	e16_c1_ACTCTCGGTACTCGCG
12688	e16_c1_ACTCTCGTCATCGTAG
12689	e16_c1_ACTGATGAGAAGTGTT
12690	e16_c1_ACTGATGAGGCTATCT
12691	e16_c1_ACTGATGAGTCACTGT
12692	e16_c1_ACTGATGAGTGGTTCT
12693	e16_c1_ACTGATGTCAGTCAGT
12694	e16_c1_ACTGATGTCCATTTGT
12695	e16_c1_ACTGATGTCGTCACCT
12696	e16_c1_ACTGCAACAGAGCCCT
12697	e16_c1_ACTGCAATCTCTCCGA
12698	e16_c1_ACTGTCCCACAACGAG
12699	e16_c1_ACTGTCCCACTAGGTT
12700	e16_c1_ACTGTCCGTATGGGAC
12701	e16_c1_ACTGTCCTCAAGAGGC
12702	e16_c1_ACTGTGAGTGAATATG
12703	e16_c1_ACTTAGGAGCTTTGTG
12704	e16_c1_ACTTATCGTAGAGACC
12705	e16_c1_ACTTATCGTGCAATGG
12706	e16_c1_ACTTATCTCACCTCTG
12707	e16_c1_ACTTATCTCGTTCAGA
12708	e16_c1_ACTTCCGAGCGGACAT
12709	e16_c1_ACTTCCGAGGGTTGCA
12710	e16_c1_ACTTCCGGTTTGGAGG
12711	e16_c1_ACTTCCGTCAAACCCA
12712	e16_c1_ACTTCCGTCTGTCCCA
12713	e16_c1_ACTTTGTCATCGGAGA
12714	e16_c1_ACTTTGTCATGCGGTC
12715	e16_c1_ACTTTGTGTTCTCGTC
12716	e16_c1_AGAAATGAGCACACCC
12717	e16_c1_AGAAATGAGTGAACAT
12718	e16_c1_AGAAATGCAGGTGGAT
12719	e16_c1_AGAAATGGTTTCGTAG
12720	e16_c1_AGAACAACAGCTAACT
12721	e16_c1_AGAACAAGTCTCGGAC
12722	e16_c1_AGAACCTAGCGAACTG
12723	e16_c1_AGAACCTAGGCCTAAG
12724	e16_c1_AGAACCTAGTTCGGTT
12725	e16_c1_AGAACCTCAGAGCTAG
12726	e16_c1_AGAACCTGTTCTCGTC
12727	e16_c1_AGAACCTTCAGGACGA
12728	e16_c1_AGAAGCGCAAGAGTAT
12729	e16_c1_AGAAGCGCACCCAAGC
12730	e16_c1_AGAAGCGGTCTGATCA
12731	e16_c1_AGAAGCGGTGTCGCTG
12732	e16_c1_AGAAGTAAGCGCTTCG
12733	e16_c1_AGAAGTAGTGCCTAAT
12734	e16_c1_AGAAGTATCATTTCCA
12735	e16_c1_AGAAGTATCCGGGACT
12736	e16_c1_AGACAAAAGTAGACCG
12737	e16_c1_AGACAAAGTGAATAAC
12738	e16_c1_AGACAAATCGGCACTG
12739	e16_c1_AGACACTAGGCGTTGA
12740	e16_c1_AGACACTAGGGTACAC
12741	e16_c1_AGACACTAGGGTACGT
12742	e16_c1_AGACACTCAGGACAGT
12743	e16_c1_AGACACTGTATCCCAA
12744	e16_c1_AGACACTTCACCGGGT
12745	e16_c1_AGACACTTCCACGTCT
12746	e16_c1_AGACAGGAGGACGCTA
12747	e16_c1_AGACAGGAGTGCACTT
12748	e16_c1_AGACCATTCGTTGTAG
12749	e16_c1_AGACCCGAGCAGTCTT
12750	e16_c1_AGACCCGCAGTAGATA
12751	e16_c1_AGACCCGGTCACGACC
12752	e16_c1_AGACTCAGTAGTGATA
12753	e16_c1_AGACTCAGTGACTGTT
12754	e16_c1_AGACTCATCAATCGGT
12755	e16_c1_AGACTCATCCGTCAAA
12756	e16_c1_AGACTCATCCGTCCTA
12757	e16_c1_AGACTCATCGGAGTAG
12758	e16_c1_AGAGAATAGCTTCTAG
12759	e16_c1_AGAGAATAGTTGCTGT
12760	e16_c1_AGAGAATCAGAGTCTT
12761	e16_c1_AGAGAATCAGCGGATA
12762	e16_c1_AGAGAATTCGGAATTC
12763	e16_c1_AGAGAGCAGGAGCTGT
12764	e16_c1_AGAGAGCGTGACGCCT
12765	e16_c1_AGAGAGCGTTCGGTCG
12766	e16_c1_AGAGAGCTCACTACTT
12767	e16_c1_AGAGCAGAGCCTTGAT
12768	e16_c1_AGAGCAGAGGCATCGA
12769	e16_c1_AGAGCAGGTCGTTGCG
12770	e16_c1_AGAGCCCAGAAGGGAT
12771	e16_c1_AGAGCCCAGCAGTAAT
12772	e16_c1_AGAGCCCCAGAAGCGT
12773	e16_c1_AGAGCCCCAGACCCGT
12774	e16_c1_AGAGCCCGTGGTCTAT
12775	e16_c1_AGAGCCCGTTGCAACT
12776	e16_c1_AGATAGAAGAAGTATC
12777	e16_c1_AGATAGACACAGCTGC
12778	e16_c1_AGATAGAGTCCGATCG
12779	e16_c1_AGATAGATCAGCGCGT
12780	e16_c1_AGATCCAAGGTAGATT
12781	e16_c1_AGATCCACACGCTGAC
12782	e16_c1_AGATCCACACTCACTC
12783	e16_c1_AGATCCAGTGACTATC
12784	e16_c1_AGATGAACAATCGCGC
12785	e16_c1_AGATGAACACCTATCC
12786	e16_c1_AGATGAAGTAGGCAGT
12787	e16_c1_AGATGAATCAGTAGGG
12788	e16_c1_AGATGAATCTTAGCAG
12789	e16_c1_AGATGCTCACAACGAG
12790	e16_c1_AGATGCTCAGTTACCA
12791	e16_c1_AGATGCTCATGAGATA
12792	e16_c1_AGATGCTTCTTGCGCT
12793	e16_c1_AGCATCAGTGTACATC
12794	e16_c1_AGCATCAGTTACACAC
12795	e16_c1_AGCATCATCAGCGCGT
12796	e16_c1_AGCCAATCACTGCGTG
12797	e16_c1_AGCCAATGTACGGCAA
12798	e16_c1_AGCCAATTCGTGCGAC
12799	e16_c1_AGCCACGCACTAGTAC
12800	e16_c1_AGCCAGCAGCTCCGAC
12801	e16_c1_AGCCAGCAGGCTGGAT
12802	e16_c1_AGCCAGCCAACCACAT
12803	e16_c1_AGCCAGCGTCCAAGAG
12804	e16_c1_AGCCAGCGTCGTTGCG
12805	e16_c1_AGCCAGCGTGGACCAA
12806	e16_c1_AGCGATTAGTGCTACT
12807	e16_c1_AGCGATTCATGTTCAG
12808	e16_c1_AGCGATTGTGATAGTA
12809	e16_c1_AGCGCCAAGGTGATCG
12810	e16_c1_AGCGCTGAGAAACTGT
12811	e16_c1_AGCGCTGGTACAGAAT
12812	e16_c1_AGCGCTGTCAAACGTC
12813	e16_c1_AGCGTATAGAGCATAT
12814	e16_c1_AGCGTATAGCGTTCAT
12815	e16_c1_AGCGTATGTACCTGTA
12816	e16_c1_AGCGTCGAGGACATCG
12817	e16_c1_AGCGTCGAGGGTACAC
12818	e16_c1_AGCGTCGCAGCGGTTC
12819	e16_c1_AGCGTCGCAGGTGGAT
12820	e16_c1_AGCGTCGCATCCTCAC
12821	e16_c1_AGCTACATCACTTGTT
12822	e16_c1_AGCTCAACAGTCAACT
12823	e16_c1_AGCTCAATCGAGTCCG
12824	e16_c1_AGCTTCCAGAGATTCA
12825	e16_c1_AGCTTCCGTACCCGAC
12826	e16_c1_AGCTTCCGTATTGCCA
12827	e16_c1_AGGAAATAGGCCTAAG
12828	e16_c1_AGGAAATCAGTAGATA
12829	e16_c1_AGGAAATGTACACGCC
12830	e16_c1_AGGAAATGTGCTCTCT
12831	e16_c1_AGGAAATTCTGGGAGA
12832	e16_c1_AGGAATAAGACTGAGC
12833	e16_c1_AGGAATAAGTTGCTCA
12834	e16_c1_AGGAATACAAGGGTCA
12835	e16_c1_AGGAATACAGATCACT
12836	e16_c1_AGGAATACAGTCAACT
12837	e16_c1_AGGAATACAGTCGTTA
12838	e16_c1_AGGAATAGTTGCTGAT
12839	e16_c1_AGGAATATCGGTGCAC
12840	e16_c1_AGGACGAAGGGCTGAT
12841	e16_c1_AGGACTTAGGGAGGTG
12842	e16_c1_AGGACTTGTAAGAACT
12843	e16_c1_AGGACTTTCCCTCTAG
12844	e16_c1_AGGACTTTCCTAGCTC
12845	e16_c1_AGGAGGTAGAGCAACC
12846	e16_c1_AGGAGGTGTAGTCCTA
12847	e16_c1_AGGATAACAACGTTAC
12848	e16_c1_AGGATAATCATCTGTT
12849	e16_c1_AGGATCTCATCGGAGA
12850	e16_c1_AGGATCTTCAGACCGC
12851	e16_c1_AGGCATTAGCTGACTT
12852	e16_c1_AGGCATTCAGAGGCAT
12853	e16_c1_AGGCATTGTAACCAGG
12854	e16_c1_AGGCCACAGAGAGGTA
12855	e16_c1_AGGCCACAGCGGCTCT
12856	e16_c1_AGGCCACCAACCGTGC
12857	e16_c1_AGGCCACCAGAACCGA
12858	e16_c1_AGGCCACCATAATCGC
12859	e16_c1_AGGCCACTCTGAGAAA
12860	e16_c1_AGGCTGCAGGGAGTGG
12861	e16_c1_AGGCTGCAGGTTACAA
12862	e16_c1_AGGCTGCCACGACGTC
12863	e16_c1_AGGCTGCGTACGTGTT
12864	e16_c1_AGGCTGCGTCCTCATC
12865	e16_c1_AGGGAGTAGTGTGTTC
12866	e16_c1_AGGGAGTTCAACCTTT
12867	e16_c1_AGGGAGTTCTATTCGT
12868	e16_c1_AGGGCCTCACAATTCG
12869	e16_c1_AGGGCCTGTGAAGCGT
12870	e16_c1_AGGGCCTTCATTACTC
12871	e16_c1_AGGGCCTTCGTGCGAC
12872	e16_c1_AGGGCTCCACCCAATA
12873	e16_c1_AGGGTCCAGAGTGTGC
12874	e16_c1_AGGGTCCCATTAAGCC
12875	e16_c1_AGGGTCCGTGCCCACA
12876	e16_c1_AGGGTGAAGTACTGTC
12877	e16_c1_AGGGTGACACCATAAC
12878	e16_c1_AGGGTGAGTCCAGCGT
12879	e16_c1_AGGGTGATCAGTGTCA
12880	e16_c1_AGGGTTTAGTCTAACC
12881	e16_c1_AGGTAGGTCCACAGGC
12882	e16_c1_AGGTCATAGGTAGATT
12883	e16_c1_AGGTCTAAGGGCAACT
12884	e16_c1_AGGTGTTAGTAACAGT
12885	e16_c1_AGGTGTTAGTTGGCTT
12886	e16_c1_AGGTGTTCAGTTGCGC
12887	e16_c1_AGGTTACAGCCACTCG
12888	e16_c1_AGGTTACCATTCACAG
12889	e16_c1_AGGTTACTCCACTGAA
12890	e16_c1_AGGTTGTAGCGCCTTG
12891	e16_c1_AGGTTGTAGTATGATG
12892	e16_c1_AGGTTGTAGTGATTCC
12893	e16_c1_AGGTTGTTCACAACCA
12894	e16_c1_AGGTTGTTCCGATTAG
12895	e16_c1_AGTAACCCAACGGCTC
12896	e16_c1_AGTAACCCACTAAACC
12897	e16_c1_AGTAACCGTGCTGCAC
12898	e16_c1_AGTAACCGTTGACGGA
12899	e16_c1_AGTACCAAGGTAGCAC
12900	e16_c1_AGTACCACACAAATGA
12901	e16_c1_AGTACTGCAGGAGGTT
12902	e16_c1_AGTACTGTCACTTCTA
12903	e16_c1_AGTACTGTCCAGCTCT
12904	e16_c1_AGTAGCTGTCCGTACG
12905	e16_c1_AGTAGCTTCGCTCATC
12906	e16_c1_AGTAGCTTCTTCCAGC
12907	e16_c1_AGTAGTCCACGTATAC
12908	e16_c1_AGTAGTCGTTCGGTCG
12909	e16_c1_AGTAGTCTCGAGATAA
12910	e16_c1_AGTAGTCTCTCATGCC
12911	e16_c1_AGTCAACAGACTTAAG
12912	e16_c1_AGTCAACGTAGTTAGA
12913	e16_c1_AGTCACACAGCGGTCT
12914	e16_c1_AGTCACAGTAATTAGG
12915	e16_c1_AGTCACATCACTTATC
12916	e16_c1_AGTCACATCTCGTCAC
12917	e16_c1_AGTCATGAGCCTCACG
12918	e16_c1_AGTCATGCATGCGTGC
12919	e16_c1_AGTCATGGTGACTGTT
12920	e16_c1_AGTCATGTCCACATAG
12921	e16_c1_AGTCATGTCGATGCAT
12922	e16_c1_AGTCTCCAGCAACTCT
12923	e16_c1_AGTCTCCCACAATTCG
12924	e16_c1_AGTCTCCGTATGCTTG
12925	e16_c1_AGTCTCCGTTAGCTAC
12926	e16_c1_AGTGATCCAATAGGGC
12927	e16_c1_AGTGATCGTGTCTTCC
12928	e16_c1_AGTGCCGAGCCTCACG
12929	e16_c1_AGTGCCGAGTGTGTTC
12930	e16_c1_AGTGCCGGTGCGAACA
12931	e16_c1_AGTGCCGTCCGCTGTT
12932	e16_c1_AGTGTTGGTAGGAGGG
12933	e16_c1_AGTGTTGTCCTACAAG
12934	e16_c1_AGTGTTGTCCTGGCTT
12935	e16_c1_AGTTAGCGTCCGGTGT
12936	e16_c1_AGTTAGCGTCTCAGGC
12937	e16_c1_AGTTAGCGTTGTCCCT
12938	e16_c1_AGTTCCCGTTGTACGT
12939	e16_c1_AGTTCGAAGCTAGTTC
12940	e16_c1_AGTTCGAGTCAACCAT
12941	e16_c1_ATACCGAAGAAGCGAA
12942	e16_c1_ATACCGAAGTTTCAGC
12943	e16_c1_ATACCGATCGTACCTC
12944	e16_c1_ATACCTTGTCTTGTCC
12945	e16_c1_ATACCTTTCGGTCACG
12946	e16_c1_ATACTTCCACGGCCAT
12947	e16_c1_ATAGACCAGTAACGAT
12948	e16_c1_ATAGACCAGTATAGAC
12949	e16_c1_ATAGACCCACCGGAAA
12950	e16_c1_ATAGACCGTGAACGGT
12951	e16_c1_ATAGACCGTGGCATCC
12952	e16_c1_ATAGACCGTTCCGCAG
12953	e16_c1_ATAGACCGTTCGAAGG
12954	e16_c1_ATAGACCTCAACACCA
12955	e16_c1_ATAGAGAAGTACTCGT
12956	e16_c1_ATAGAGACATCCGAAT
12957	e16_c1_ATAGAGAGTCAACCTA
12958	e16_c1_ATAGGCTAGCGGACAT
12959	e16_c1_ATAGGCTAGTGATTCC
12960	e16_c1_ATAGGCTGTCACCCTT
12961	e16_c1_ATAGGCTGTTAGGAGC
12962	e16_c1_ATAGGCTTCATGGCCG
12963	e16_c1_ATAGGCTTCTAGAACC
12964	e16_c1_ATATCCTAGACAACAT
12965	e16_c1_ATATCCTAGCGATGCA
12966	e16_c1_ATATCCTCAAATCCCA
12967	e16_c1_ATATCCTCAATGTCTG
12968	e16_c1_ATATCCTGTGCAGGAT
12969	e16_c1_ATCACAGAGCCTTGAT
12970	e16_c1_ATCACAGAGGCTCCCA
12971	e16_c1_ATCACGAAGTTGCTGT
12972	e16_c1_ATCACGACAATTCGTG
12973	e16_c1_ATCACGACACCAGACC
12974	e16_c1_ATCACGACACCCTAAA
12975	e16_c1_ATCACGAGTCAAAGAT
12976	e16_c1_ATCACGAGTCTCTCTG
12977	e16_c1_ATCACGATCTGTAAGC
12978	e16_c1_ATCACGATCTTTCAGT
12979	e16_c1_ATCACTTGTCTTTCTA
12980	e16_c1_ATCAGGTGTCGAGATG
12981	e16_c1_ATCAGGTGTGTGTCCG
12982	e16_c1_ATCAGGTTCTTTGCGC
12983	e16_c1_ATCATTCAGCATTGAA
12984	e16_c1_ATCATTCAGCGGGTTA
12985	e16_c1_ATCATTCAGTCAAGCG
12986	e16_c1_ATCATTCCAGATACTC
12987	e16_c1_ATCATTCCATCCTAAG
12988	e16_c1_ATCATTCCATGGCTAT
12989	e16_c1_ATCATTCCATGTAACC
12990	e16_c1_ATCCACCAGAGGGTCT
12991	e16_c1_ATCCACCCAGTCGCTG
12992	e16_c1_ATCCACCTCCGCACGA
12993	e16_c1_ATCCACCTCTCACCCA
12994	e16_c1_ATCCATTAGCAGGTCA
12995	e16_c1_ATCCATTCATCCTTGC
12996	e16_c1_ATCCATTTCTTGGTCC
12997	e16_c1_ATCCCTGCAGACAAGC
12998	e16_c1_ATCCCTGCATACGCAT
12999	e16_c1_ATCCCTGCATTGGATC
13000	e16_c1_ATCCCTGGTAGCTGCC
13001	e16_c1_ATCCCTGTCAGACTGT
13002	e16_c1_ATCCGTCCAGTCAGTT
13003	e16_c1_ATCCGTCGTGGCACTC
13004	e16_c1_ATCCGTCGTTCGTACA
13005	e16_c1_ATCCTATAGTGCACTT
13006	e16_c1_ATCCTATCAGACGGAT
13007	e16_c1_ATCCTATCATTGTAGC
13008	e16_c1_ATCCTATGTAAGATTG
13009	e16_c1_ATCCTATGTAGAATGT
13010	e16_c1_ATCGATGAGAGGCTGT
13011	e16_c1_ATCGATGAGTGGCAGT
13012	e16_c1_ATCGATGAGTGTAGTA
13013	e16_c1_ATCGATGCAAGTGCTT
13014	e16_c1_ATCGATGCACGCACCA
13015	e16_c1_ATCGATGCAGTAACAA
13016	e16_c1_ATCGATGTCGAGCCTG
13017	e16_c1_ATCGATGTCTCAGTCC
13018	e16_c1_ATCGCCTAGACTTCCA
13019	e16_c1_ATCGCCTCAGGTGAGT
13020	e16_c1_ATCGGATCACCCTGTT
13021	e16_c1_ATCGGATGTTGGGATG
13022	e16_c1_ATCGGCGAGCTCCATA
13023	e16_c1_ATCGGCGGTCACCGCA
13024	e16_c1_ATCGGCGGTTGCTCAA
13025	e16_c1_ATCGGCGGTTGTCAGT
13026	e16_c1_ATCGTAGCAAGACAAT
13027	e16_c1_ATCGTCCGTGAGTCAG
13028	e16_c1_ATCGTCCGTGGGATTG
13029	e16_c1_ATCGTCCTCATGAAAG
13030	e16_c1_ATCGTCCTCTTGGTGA
13031	e16_c1_ATCGTGACAAGACGGT
13032	e16_c1_ATCGTGATCATTACTC
13033	e16_c1_ATCTCTAAGAGAAGGT
13034	e16_c1_ATCTCTAAGTATGAGT
13035	e16_c1_ATCTCTAAGTTGCATC
13036	e16_c1_ATCTTCATCAAGAGGC
13037	e16_c1_ATGAAAGCAGAACATA
13038	e16_c1_ATGACCACATTCTCTA
13039	e16_c1_ATGACCATCATTACCT
13040	e16_c1_ATGACCATCCTACGAA
13041	e16_c1_ATGACCATCCTGTTAT
13042	e16_c1_ATGAGGGAGGTAATCA
13043	e16_c1_ATGAGGGTCTTCTTCC
13044	e16_c1_ATGAGTCCAGGAATAT
13045	e16_c1_ATGCATGCACCTATCC
13046	e16_c1_ATGCATGTCGTTCGCT
13047	e16_c1_ATGCCTCCAAGATGTA
13048	e16_c1_ATGGAGGAGTGTTGTC
13049	e16_c1_ATGGAGGAGTTCGCAT
13050	e16_c1_ATGGAGGCAGATCCAT
13051	e16_c1_ATGGAGGCATATTCGG
13052	e16_c1_ATGGAGGTCAAACGAA
13053	e16_c1_ATGGATCAGGGAGAAT
13054	e16_c1_ATGGATCAGTGGCCTC
13055	e16_c1_ATGGATCGTCGGCACT
13056	e16_c1_ATGGATCTCGCCAGAC
13057	e16_c1_ATGGATCTCTCGCTCA
13058	e16_c1_ATGGGAGCAAGCCCAC
13059	e16_c1_ATGGGAGCATCTTAGG
13060	e16_c1_ATGGGAGGTAGCGTAG
13061	e16_c1_ATGGGTTAGCAATAGT
13062	e16_c1_ATGGGTTGTAAGACCG
13063	e16_c1_ATGGGTTGTTCGGTTA
13064	e16_c1_ATGGGTTTCATGGAGG
13065	e16_c1_ATGGTTGAGCGCCTTG
13066	e16_c1_ATGTCCCAGTATGGAT
13067	e16_c1_ATGTCCCCATGTCGTA
13068	e16_c1_ATGTCCCGTAGCGTAG
13069	e16_c1_ATGTCCCGTTTGAAAG
13070	e16_c1_ATGTCTTAGGATTTGA
13071	e16_c1_ATGTCTTCAGCATACT
13072	e16_c1_ATGTCTTTCACATCAG
13073	e16_c1_ATTACCTAGGAGCTGT
13074	e16_c1_ATTACCTCAAATGAAC
13075	e16_c1_ATTACCTTCAAGCGTT
13076	e16_c1_ATTACCTTCGTAGTCA
13077	e16_c1_ATTACTCGTAACTAAG
13078	e16_c1_ATTACTCGTAGGAGGG
13079	e16_c1_ATTATCCAGCAATTAG
13080	e16_c1_ATTATCCAGGAGATAG
13081	e16_c1_ATTCACTAGCTTGTGT
13082	e16_c1_ATTCACTAGGGCAGAG
13083	e16_c1_ATTCACTAGTAGCATA
13084	e16_c1_ATTCACTCAAGTGGGT
13085	e16_c1_ATTCACTCACATAGCT
13086	e16_c1_ATTCACTCATCTAGAC
13087	e16_c1_ATTCAGGCACCAAATC
13088	e16_c1_ATTCATCAGGCATGCA
13089	e16_c1_ATTCATCGTCGCGTTG
13090	e16_c1_ATTCATCGTGTGTGGA
13091	e16_c1_ATTCATCGTTCGGTTA
13092	e16_c1_ATTCCATAGACATACA
13093	e16_c1_ATTCCATAGACATGCG
13094	e16_c1_ATTCCATAGCCACAAG
13095	e16_c1_ATTCCATGTTAGGCTT
13096	e16_c1_ATTCCCGAGAAGAACG
13097	e16_c1_ATTCCTAGTGTTGAGG
13098	e16_c1_ATTCCTATCATGCCGG
13099	e16_c1_ATTCGTTAGAACCGCA
13100	e16_c1_ATTCGTTAGCTGTTAC
13101	e16_c1_ATTCGTTAGTCCCGGT
13102	e16_c1_ATTCGTTGTCTACACA
13103	e16_c1_ATTCGTTGTGTCTAAC
13104	e16_c1_ATTCTACCATTGCAAC
13105	e16_c1_ATTCTACGTTATTCCT
13106	e16_c1_ATTCTACTCACAAGGG
13107	e16_c1_ATTCTTGAGGTAACTA
13108	e16_c1_ATTGGGTAGAAATGGG
13109	e16_c1_ATTGGGTCAGACCATT
13110	e16_c1_ATTGTTCCAGACTCTA
13111	e16_c1_ATTGTTCCATCGGATT
13112	e16_c1_ATTGTTCGTTGTGTTG
13113	e16_c1_ATTTACCCAAGCAGGT
13114	e16_c1_ATTTCACAGATAGTCA
13115	e16_c1_ATTTCACAGCCTCAGC
13116	e16_c1_ATTTCACAGCGTTACT
13117	e16_c1_ATTTCACCAGTTGAAA
13118	e16_c1_ATTTCACTCTACAGGT
13119	e16_c1_ATTTCTGTCCGCTGTT
13120	e16_c1_CAAAGAAAGTGCGTCC
13121	e16_c1_CAACAACAGCCTAACT
13122	e16_c1_CAACAACCATGTCGTA
13123	e16_c1_CAACAACGTCCGTTTC
13124	e16_c1_CAACAACTCGGCTTCT
13125	e16_c1_CAACAGTCACTCGATA
13126	e16_c1_CAACAGTCAGTTAGGG
13127	e16_c1_CAACCAATCACCTCTG
13128	e16_c1_CAACCTCTCATGTCAG
13129	e16_c1_CAACGATAGTAGGGTC
13130	e16_c1_CAACGATGTACCGGAA
13131	e16_c1_CAACGATGTTGGCCTG
13132	e16_c1_CAACGATTCACCCTGT
13133	e16_c1_CAACGGCCAAGTACCT
13134	e16_c1_CAACGGCGTCAACCTA
13135	e16_c1_CAACGGCTCAGACTGT
13136	e16_c1_CAACGGCTCCGGTAAT
13137	e16_c1_CAACGGCTCTTTACAC
13138	e16_c1_CAAGAGGAGGGTGAGG
13139	e16_c1_CAAGCTACACTACACA
13140	e16_c1_CAAGCTACAGAGTAAT
13141	e16_c1_CAAGCTAGTAGTGTGG
13142	e16_c1_CAAGGGATCATCTGTT
13143	e16_c1_CAAGGGATCGCGTTTC
13144	e16_c1_CAATACGCATGCAGCC
13145	e16_c1_CAATACGTCAGACAAA
13146	e16_c1_CAATCGAAGGTAGTCG
13147	e16_c1_CAATCGAGTAAGCTCT
13148	e16_c1_CAATCGAGTAGGCTCC
13149	e16_c1_CAATCGAGTTGCTCGG
13150	e16_c1_CAATCGATCACTTCTA
13151	e16_c1_CAATCGATCCAGCAAT
13152	e16_c1_CAATCGATCGCCAACG
13153	e16_c1_CAATGACCACCATTCC
13154	e16_c1_CAATGACCACTAGAGG
13155	e16_c1_CAATGACTCGAGAAGC
13156	e16_c1_CAATGACTCGCATGAT
13157	e16_c1_CAATTTCAGCGACCCT
13158	e16_c1_CAATTTCGTCCAGCCA
13159	e16_c1_CAATTTCGTCCCGTGA
13160	e16_c1_CACAACAAGACTTAAG
13161	e16_c1_CACAACACACGGCCAT
13162	e16_c1_CACAACACACTGGCGT
13163	e16_c1_CACAACATCACCGGGT
13164	e16_c1_CACACAAAGCGTATAA
13165	e16_c1_CACACAAGTAACAGGC
13166	e16_c1_CACACAAGTATCGCGC
13167	e16_c1_CACACAAGTCAACACT
13168	e16_c1_CACACAAGTGTTGCCG
13169	e16_c1_CACACAATCCTCAGAA
13170	e16_c1_CACACAATCTGGTGCG
13171	e16_c1_CACAGATAGTACAACA
13172	e16_c1_CACAGATCAAGCGAGT
13173	e16_c1_CACAGATTCCATTGGA
13174	e16_c1_CACAGGCAGCTGGTGA
13175	e16_c1_CACAGGCAGGACTTCT
13176	e16_c1_CACAGGCAGTAGAGTT
13177	e16_c1_CACAGGCCATCGTGGC
13178	e16_c1_CACAGGCTCCAGGACC
13179	e16_c1_CACAGGCTCCCTCGAT
13180	e16_c1_CACATGACAGCCCAGT
13181	e16_c1_CACATGAGTAGCACAG
13182	e16_c1_CACATGAGTAGTGTGG
13183	e16_c1_CACCGTTAGACACACG
13184	e16_c1_CACCGTTAGACCATGG
13185	e16_c1_CACCGTTCAATAGGGC
13186	e16_c1_CACCGTTGTGAGACGT
13187	e16_c1_CACCGTTTCAATCCAG
13188	e16_c1_CACGAATCACCCTATC
13189	e16_c1_CACGGGTGTAGTCCTA
13190	e16_c1_CACGGGTGTGTCCCTT
13191	e16_c1_CACGGGTTCTGTAAGC
13192	e16_c1_CACGTGGAGTATAACG
13193	e16_c1_CACGTGGGTACGCGTC
13194	e16_c1_CACGTGGTCTATACTC
13195	e16_c1_CACGTTCCATGGAACG
13196	e16_c1_CACGTTCGTGGTAATA
13197	e16_c1_CACGTTCTCGGAATTC
13198	e16_c1_CACTAAGAGACATAGT
13199	e16_c1_CACTAAGAGATCGCCC
13200	e16_c1_CACTAAGCAGCATTGT
13201	e16_c1_CACTGAATCTTTCAGT
13202	e16_c1_CACTGGGCAAGTATCC
13203	e16_c1_CACTGGGGTACTAAGA
13204	e16_c1_CACTGGGGTTAGGGAC
13205	e16_c1_CACTGTCAGCGTCAAG
13206	e16_c1_CACTGTCCAGTATTCG
13207	e16_c1_CACTTCGCATCACAGT
13208	e16_c1_CACTTCGGTCGGTGTC
13209	e16_c1_CACTTCGTCACTTGGA
13210	e16_c1_CACTTCGTCCTGATAG
13211	e16_c1_CAGAGCCAGATCGCTT
13212	e16_c1_CAGAGCCCACCGTGCA
13213	e16_c1_CAGAGCCGTAGTGCGA
13214	e16_c1_CAGAGCCGTATGTCTG
13215	e16_c1_CAGAGCCGTTCGATTG
13216	e16_c1_CAGATACAGACTCCGC
13217	e16_c1_CAGATACAGATCGACG
13218	e16_c1_CAGATACAGCGCCTTG
13219	e16_c1_CAGATACGTCGGCCTA
13220	e16_c1_CAGATACTCCCATAAG
13221	e16_c1_CAGATCAAGACCAGAC
13222	e16_c1_CAGATCAAGCATCTTG
13223	e16_c1_CAGATCAAGCGATCGA
13224	e16_c1_CAGATCAAGCTCGAAG
13225	e16_c1_CAGATCAAGGTCCAGA
13226	e16_c1_CAGATCACACGTAACT
13227	e16_c1_CAGATTGAGCGATTCT
13228	e16_c1_CAGCAATCAGCTGGTC
13229	e16_c1_CAGCAATGTACCTAGT
13230	e16_c1_CAGCACGGTCGTAATC
13231	e16_c1_CAGCACGTCGCCACTT
13232	e16_c1_CAGCCAGAGAGTGGCT
13233	e16_c1_CAGCCAGAGGATATGT
13234	e16_c1_CAGCCAGCACCCAATA
13235	e16_c1_CAGCGTGCAACCCGCA
13236	e16_c1_CAGCGTGGTAGTCACT
13237	e16_c1_CAGCGTGTCACGGGCT
13238	e16_c1_CAGCGTGTCTGAGAGG
13239	e16_c1_CAGGCCACAAACCACT
13240	e16_c1_CAGGCCAGTGTCGCTG
13241	e16_c1_CAGGGCTAGAATTTGG
13242	e16_c1_CAGGGCTAGCGCATCC
13243	e16_c1_CAGGGCTTCCCTCTCC
13244	e16_c1_CAGGTATCAGGATCTT
13245	e16_c1_CAGGTATGTCGTGGAA
13246	e16_c1_CAGGTATTCACAGAGG
13247	e16_c1_CAGTGCGAGACTCATC
13248	e16_c1_CAGTGCGAGATGTTGA
13249	e16_c1_CAGTGCGCAATCTAGC
13250	e16_c1_CAGTGCGCATGAAGGC
13251	e16_c1_CAGTGCGGTAAGTAGT
13252	e16_c1_CAGTGCGGTTGACTGT
13253	e16_c1_CAGTGCGTCATCGCCT
13254	e16_c1_CAGTTAGAGGAGTCTG
13255	e16_c1_CAGTTAGCAGGTGTTT
13256	e16_c1_CAGTTAGGTAACCCGC
13257	e16_c1_CAGTTAGGTCTCACGG
13258	e16_c1_CAGTTCCAGTGGCCTC
13259	e16_c1_CAGTTCCCAGAACTCT
13260	e16_c1_CAGTTCCCAGCGTATT
13261	e16_c1_CAGTTCCGTACGTTCA
13262	e16_c1_CAGTTCCGTTGTATGC
13263	e16_c1_CAGTTCCTCAAACTGC
13264	e16_c1_CATAAGCAGGATATGT
13265	e16_c1_CATAAGCGTGTTTGCA
13266	e16_c1_CATACAGAGAGTGACC
13267	e16_c1_CATACAGAGATACATG
13268	e16_c1_CATACAGGTAGATTAG
13269	e16_c1_CATACAGTCACGATCA
13270	e16_c1_CATACAGTCCGCGAGT
13271	e16_c1_CATACCCAGTCCCAAT
13272	e16_c1_CATACCCCAAGACGAC
13273	e16_c1_CATACCCGTATGCAAA
13274	e16_c1_CATACCCGTGTATCCA
13275	e16_c1_CATACCCGTTATCTTC
13276	e16_c1_CATACCCTCTAGAGCT
13277	e16_c1_CATACTTAGCCTGAGA
13278	e16_c1_CATACTTGTCTCTCTG
13279	e16_c1_CATAGACCAAACTGCT
13280	e16_c1_CATAGACCAGACTGCC
13281	e16_c1_CATAGACGTATGCGTT
13282	e16_c1_CATAGACTCGCAGTTA
13283	e16_c1_CATCAAGAGAAGGCTC
13284	e16_c1_CATCAAGAGCGGCTCT
13285	e16_c1_CATCAAGCATTCTCTA
13286	e16_c1_CATCAAGTCCTCATAT
13287	e16_c1_CATCCACAGTTTAGGA
13288	e16_c1_CATCCACTCCTACTGC
13289	e16_c1_CATCCACTCGCGATCG
13290	e16_c1_CATCCCACAAGCTGCC
13291	e16_c1_CATCCCACATCTCGTC
13292	e16_c1_CATCCGTAGTCGCCAC
13293	e16_c1_CATCCGTGTTAGGCCC
13294	e16_c1_CATCCGTTCGAGAGCA
13295	e16_c1_CATCCGTTCTGTGTGA
13296	e16_c1_CATCGCTAGTACCATC
13297	e16_c1_CATCGCTTCTGTGCGG
13298	e16_c1_CATCGGGAGTATAGGT
13299	e16_c1_CATCGGGCATCAGCGC
13300	e16_c1_CATCGGGGTCCTTGTC
13301	e16_c1_CATCGTCAGCGATGCA
13302	e16_c1_CATCGTCAGGCAGGGA
13303	e16_c1_CATCGTCAGGCAGGTT
13304	e16_c1_CATCGTCTCTCCCAAC
13305	e16_c1_CATGAGTAGTCGAGGT
13306	e16_c1_CATGAGTGTCCTCCTA
13307	e16_c1_CATGAGTGTCCTTGTC
13308	e16_c1_CATGCAAAGAACCGCA
13309	e16_c1_CATGCAACAAGGAGTC
13310	e16_c1_CATGCAACACGGTGAA
13311	e16_c1_CATGCAACAGAAGTTA
13312	e16_c1_CATGCAACAGAGAGGG
13313	e16_c1_CATGCAAGTAGAATGT
13314	e16_c1_CATGCAAGTCCGATCG
13315	e16_c1_CATGCCTAGTTCATCG
13316	e16_c1_CATGCCTCACCGGTCA
13317	e16_c1_CATGCCTCAGACAAGC
13318	e16_c1_CATGCCTCAGCAGTGA
13319	e16_c1_CATGCCTCAGTCAGTT
13320	e16_c1_CATGCCTCAGTCGTTA
13321	e16_c1_CATGCCTTCTCGCTCA
13322	e16_c1_CATGCCTTCTGGGTCG
13323	e16_c1_CATGCGGCAGTCGCAC
13324	e16_c1_CATGCGGCATGGCCAC
13325	e16_c1_CATGCGGGTCAAAGAT
13326	e16_c1_CATGCGGGTCGACTTA
13327	e16_c1_CATGCGGGTTCCATTT
13328	e16_c1_CATGCTCTCGTCCATC
13329	e16_c1_CATGGATCAGTAGATA
13330	e16_c1_CATGGATCATCATCCC
13331	e16_c1_CATGGATGTACTCAAC
13332	e16_c1_CATGGATGTTAACCTG
13333	e16_c1_CATGGATTCTAAGGAA
13334	e16_c1_CATGGATTCTGTCGTC
13335	e16_c1_CATGGTACACGGTGCT
13336	e16_c1_CATGGTACAGTCGGTC
13337	e16_c1_CATGGTAGTCCATAGT
13338	e16_c1_CATTCATAGAAGCGAA
13339	e16_c1_CATTCATGTAGTATAG
13340	e16_c1_CATTCCGCAACGCATT
13341	e16_c1_CATTCCGGTAGTAAGT
13342	e16_c1_CATTCCGGTATGGAAT
13343	e16_c1_CATTCTAAGAGATCGC
13344	e16_c1_CATTCTACAAAGAACT
13345	e16_c1_CATTGAGGTCAGTCGC
13346	e16_c1_CATTGCCAGTACGAGC
13347	e16_c1_CATTGCCTCAAGGAGC
13348	e16_c1_CATTGTTAGTTTCGAC
13349	e16_c1_CATTGTTCAGAGGCTA
13350	e16_c1_CATTGTTGTCAAACGG
13351	e16_c1_CATTTCAAGAGTGACC
13352	e16_c1_CATTTCAAGGAACGCT
13353	e16_c1_CATTTCAAGTATAGGT
13354	e16_c1_CATTTCAGTCAAATCC
13355	e16_c1_CATTTCATCACACCCT
13356	e16_c1_CCAAGCGAGACGCCAA
13357	e16_c1_CCAAGCGCAAATGAGT
13358	e16_c1_CCAAGCGCATCTAACG
13359	e16_c1_CCAAGCGGTACAATAG
13360	e16_c1_CCAAGCGGTTCGGACC
13361	e16_c1_CCAATGAAGTAAACTG
13362	e16_c1_CCAATGACAAGTAGTA
13363	e16_c1_CCAATGAGTAACTAAG
13364	e16_c1_CCAATGATCATCGCAA
13365	e16_c1_CCAATTTCATGGCTAT
13366	e16_c1_CCAATTTTCCTCTCTT
13367	e16_c1_CCACAAATCAGTGGGA
13368	e16_c1_CCACAAATCTGTGCAA
13369	e16_c1_CCACACTAGGGAGAAT
13370	e16_c1_CCACGAGCACTGAATC
13371	e16_c1_CCACGAGCAGAGAATT
13372	e16_c1_CCACGTTCAAAGTATG
13373	e16_c1_CCACGTTCAAGACGAC
13374	e16_c1_CCACGTTCAATTTCTC
13375	e16_c1_CCACGTTCATTCTCCG
13376	e16_c1_CCACGTTGTGCAACAG
13377	e16_c1_CCACGTTTCACCTTAT
13378	e16_c1_CCACTTGAGCTAGAAT
13379	e16_c1_CCACTTGAGTTCATGC
13380	e16_c1_CCACTTGCAAAGGATT
13381	e16_c1_CCACTTGTCTATACTC
13382	e16_c1_CCATAAGAGAGAGCCT
13383	e16_c1_CCATAAGGTTCCTAGA
13384	e16_c1_CCATCACCATGCCATA
13385	e16_c1_CCATCACGTGGAATGC
13386	e16_c1_CCCAACTAGTAAACAC
13387	e16_c1_CCCAACTAGTTTGTCG
13388	e16_c1_CCCAACTCACTGGCCA
13389	e16_c1_CCCAACTTCAAGCCCG
13390	e16_c1_CCCATTGAGACTTCGT
13391	e16_c1_CCCATTGAGAGGTTTA
13392	e16_c1_CCCATTGGTCTCAAGT
13393	e16_c1_CCCATTGTCATAGAGA
13394	e16_c1_CCCATTGTCGATTTCT
13395	e16_c1_CCCGAAGCACCAAATC
13396	e16_c1_CCCGAAGTCTTACGGA
13397	e16_c1_CCCGGAAAGCACTGGA
13398	e16_c1_CCCGGAAGTGTCCCTT
13399	e16_c1_CCCGGAATCGTAGCTA
13400	e16_c1_CCCTAACAGGTCGACA
13401	e16_c1_CCCTAACTCTGCAGCG
13402	e16_c1_CCCTCAAAGCAACAGC
13403	e16_c1_CCCTCAACATCGATAC
13404	e16_c1_CCCTCTCAGCTGGCTC
13405	e16_c1_CCCTCTCAGCTTCGTA
13406	e16_c1_CCCTCTCGTGACTGAG
13407	e16_c1_CCCTCTCGTTCCGGTG
13408	e16_c1_CCCTGATGTGGGCTCT
13409	e16_c1_CCCTTAGAGGTATTGA
13410	e16_c1_CCCTTAGCAAGACGGT
13411	e16_c1_CCGAACGGTACCACGC
13412	e16_c1_CCGAACGGTCTCGGAC
13413	e16_c1_CCGAACGTCAGCTTCC
13414	e16_c1_CCGATCTAGAGGACTC
13415	e16_c1_CCGATCTAGGAACGAA
13416	e16_c1_CCGATCTCAACACTAC
13417	e16_c1_CCGATCTCAGCATGCC
13418	e16_c1_CCGATCTTCACATCAG
13419	e16_c1_CCGATCTTCTAGAACC
13420	e16_c1_CCGATGGAGTACAGCG
13421	e16_c1_CCGATGGCAGCTAACT
13422	e16_c1_CCGATGGCATCCGCGA
13423	e16_c1_CCGATGGGTATCACCA
13424	e16_c1_CCGATGGGTCCGCAGT
13425	e16_c1_CCGCAAGAGACGGTTG
13426	e16_c1_CCGCAAGGTGAGACCA
13427	e16_c1_CCGGACAGTGGCGCTT
13428	e16_c1_CCGGGTAGTCAGGAGT
13429	e16_c1_CCGGGTATCACACCGG
13430	e16_c1_CCGGGTATCTCTAGGA
13431	e16_c1_CCGGTAGGTATCGGTT
13432	e16_c1_CCGGTAGGTCCTCATC
13433	e16_c1_CCGGTAGTCCTGATAG
13434	e16_c1_CCGGTGAAGTTGGAGC
13435	e16_c1_CCGTAGGAGGAAAGTG
13436	e16_c1_CCGTAGGCATCTCAAG
13437	e16_c1_CCGTAGGCATGTCTAG
13438	e16_c1_CCGTAGGGTATGATCC
13439	e16_c1_CCGTAGGGTGCGGATA
13440	e16_c1_CCGTAGGGTTCTAACG
13441	e16_c1_CCGTAGGTCATGGTAC
13442	e16_c1_CCGTAGGTCCTTCTAA
13443	e16_c1_CCGTGAGAGAATTGTG
13444	e16_c1_CCGTGAGCAATACGCT
13445	e16_c1_CCGTGAGCATACTTTC
13446	e16_c1_CCGTGAGCATGACACT
13447	e16_c1_CCGTGAGCATGGTACT
13448	e16_c1_CCGTGAGGTACGATTC
13449	e16_c1_CCGTGAGGTCTCACAA
13450	e16_c1_CCGTGAGTCTCTATGT
13451	e16_c1_CCGTTCAAGCCGTTGC
13452	e16_c1_CCGTTCAGTAACAGGC
13453	e16_c1_CCGTTCAGTCTGTAGT
13454	e16_c1_CCGTTCATCAGAGTGG
13455	e16_c1_CCTAACCGTCGTCTCT
13456	e16_c1_CCTAACCGTTGGCCGT
13457	e16_c1_CCTAAGAAGTCTACCA
13458	e16_c1_CCTAAGATCGTTGTGA
13459	e16_c1_CCTACGTAGATCGCTT
13460	e16_c1_CCTACGTAGATCGGTG
13461	e16_c1_CCTACGTAGTTAGTGA
13462	e16_c1_CCTACGTCAGGTACGA
13463	e16_c1_CCTACGTGTCGCGTTG
13464	e16_c1_CCTACGTGTTGTTGAC
13465	e16_c1_CCTATCGAGATTGTGA
13466	e16_c1_CCTATCGAGGTATAGT
13467	e16_c1_CCTATCGGTCGATGCC
13468	e16_c1_CCTCAACTCATGGAGG
13469	e16_c1_CCTCAACTCTTCACAT
13470	e16_c1_CCTCACACATTACTCT
13471	e16_c1_CCTCAGTAGCTCGACC
13472	e16_c1_CCTCAGTGTAGCGTCC
13473	e16_c1_CCTCAGTTCCGGGACT
13474	e16_c1_CCTCATGCACAAGCTT
13475	e16_c1_CCTCATGGTACGGGAT
13476	e16_c1_CCTCCAATCATCCTAT
13477	e16_c1_CCTCCTCAGAGGTTAT
13478	e16_c1_CCTCCTCCAATCTAGC
13479	e16_c1_CCTCCTCTCGCTGATA
13480	e16_c1_CCTCTAGCAGATCATC
13481	e16_c1_CCTCTAGTCCGCTGTT
13482	e16_c1_CCTCTCCAGGGACAGG
13483	e16_c1_CCTCTCCGTCGAGCAA
13484	e16_c1_CCTGCATAGCGTCTCG
13485	e16_c1_CCTGCATAGCTCGTGC
13486	e16_c1_CCTGCATAGGTAAGTT
13487	e16_c1_CCTGCATCAGTCTCTC
13488	e16_c1_CCTGCATGTCCATAGT
13489	e16_c1_CCTGCATGTCCTTAAG
13490	e16_c1_CCTGTTGAGCATCGAG
13491	e16_c1_CCTGTTGAGGTATTGA
13492	e16_c1_CCTGTTGAGTGGTGAC
13493	e16_c1_CCTGTTGCAGGATCTT
13494	e16_c1_CCTGTTGCATGACTAC
13495	e16_c1_CCTTCAGAGCACTAGG
13496	e16_c1_CCTTCAGGTTAGGCTT
13497	e16_c1_CCTTGTGAGACCAAGC
13498	e16_c1_CCTTGTGAGTAATTGG
13499	e16_c1_CCTTGTGGTTAGGCTT
13500	e16_c1_CCTTTGGAGCCTATCA
13501	e16_c1_CCTTTGGGTACAAACA
13502	e16_c1_CCTTTGGTCATCGCCT
13503	e16_c1_CCTTTGGTCGTCGATA
13504	e16_c1_CGAAGGAAGTCGGGAT
13505	e16_c1_CGAAGGACAAGGTCTT
13506	e16_c1_CGAAGTTAGCCTGAAG
13507	e16_c1_CGAAGTTCATGATCTG
13508	e16_c1_CGAAGTTGTCACTACA
13509	e16_c1_CGAATTGGTCGTTGGC
13510	e16_c1_CGAATTGGTGCCCGTA
13511	e16_c1_CGAATTGTCCGTTGGG
13512	e16_c1_CGACAGCAGCTTTCCC
13513	e16_c1_CGACAGCCAGGCAATG
13514	e16_c1_CGAGAAGAGGTTGAGC
13515	e16_c1_CGAGAAGTCACACGAT
13516	e16_c1_CGAGAAGTCGCAGTTA
13517	e16_c1_CGAGGAAAGTGGAAAG
13518	e16_c1_CGAGGAAGTAGTAAGT
13519	e16_c1_CGAGGCTAGATGTTAG
13520	e16_c1_CGAGGCTAGTAGGAAG
13521	e16_c1_CGAGGCTCAGGTTCAT
13522	e16_c1_CGAGGCTTCCCGAAAT
13523	e16_c1_CGAGGCTTCCGCTTAC
13524	e16_c1_CGAGGCTTCGTCTCAC
13525	e16_c1_CGAGTGCCACATCATG
13526	e16_c1_CGAGTGCTCAAGCTGT
13527	e16_c1_CGAGTGCTCAAGTCTG
13528	e16_c1_CGAGTGCTCTCCGATC
13529	e16_c1_CGATCGGAGTACAGCG
13530	e16_c1_CGATCGGCAACGACAG
13531	e16_c1_CGATCGGGTGCGTGCT
13532	e16_c1_CGATCGGGTTCTGAGT
13533	e16_c1_CGATCGGTCAGCCCAG
13534	e16_c1_CGATCGGTCCTCACTG
13535	e16_c1_CGATCGGTCGTAGCCG
13536	e16_c1_CGATCGGTCTATCCAT
13537	e16_c1_CGATGCGTCAGCTTCC
13538	e16_c1_CGATGGCCAAGGCAAC
13539	e16_c1_CGATGGCCAAGTAGTA
13540	e16_c1_CGATGGCTCGGTGTAT
13541	e16_c1_CGCAGGTGTAGCTGAG
13542	e16_c1_CGCAGGTGTATCGGTT
13543	e16_c1_CGCATAACAGAAGCTG
13544	e16_c1_CGCCAGACACTCACTC
13545	e16_c1_CGCCAGAGTCAGCGTC
13546	e16_c1_CGCCAGAGTCTAATCG
13547	e16_c1_CGCCAGAGTTCCGCAG
13548	e16_c1_CGCCAGATCATGGATC
13549	e16_c1_CGCCAGATCATTGCGA
13550	e16_c1_CGCCAGATCCGGCTTT
13551	e16_c1_CGCCAGATCGGCTCTT
13552	e16_c1_CGCCATTAGGCGCTTC
13553	e16_c1_CGCCATTTCAGGAACG
13554	e16_c1_CGCCATTTCGTCGCTT
13555	e16_c1_CGCGTGAAGATGAATC
13556	e16_c1_CGCGTGACAAAGAACT
13557	e16_c1_CGCGTGACACGCTGAC
13558	e16_c1_CGCGTGACAGACAAGC
13559	e16_c1_CGGAACCAGAGCCCAA
13560	e16_c1_CGGAACCAGCAAACAT
13561	e16_c1_CGGAACCCATGTACGT
13562	e16_c1_CGGAACCGTTATCTTC
13563	e16_c1_CGGAATTAGCACGGAT
13564	e16_c1_CGGAATTGTCGTTCAA
13565	e16_c1_CGGAATTGTTATCTGG
13566	e16_c1_CGGACACAGACATACA
13567	e16_c1_CGGAGAACAACGATCT
13568	e16_c1_CGGAGAACAAGAATAC
13569	e16_c1_CGGAGAAGTGAATGTA
13570	e16_c1_CGGCAGTAGACGGAAA
13571	e16_c1_CGGCAGTAGCGTTAGG
13572	e16_c1_CGGCAGTCAGACATCT
13573	e16_c1_CGGCAGTTCAACCGAT
13574	e16_c1_CGGCAGTTCGAGTCTA
13575	e16_c1_CGGGACTAGACATATG
13576	e16_c1_CGGGACTCACTGCTTC
13577	e16_c1_CGGGCATAGCTGCCAC
13578	e16_c1_CGGGCATCAAATTAGG
13579	e16_c1_CGGGCATGTATGAGGC
13580	e16_c1_CGGGCATTCCTCGCAT
13581	e16_c1_CGGGTCACACAACGTT
13582	e16_c1_CGGGTCAGTGGTCTCG
13583	e16_c1_CGGGTGTCAGACATCT
13584	e16_c1_CGGGTGTGTAACTTCG
13585	e16_c1_CGGGTGTGTCGAACAG
13586	e16_c1_CGGTCAGAGCCTCATA
13587	e16_c1_CGGTCAGTCCCGGTAG
13588	e16_c1_CGTAAGTAGTCCGCGT
13589	e16_c1_CGTAAGTCATCACCAA
13590	e16_c1_CGTAAGTGTGGACTGA
13591	e16_c1_CGTAAGTGTTACCGTA
13592	e16_c1_CGTAATGAGAGACAAG
13593	e16_c1_CGTAATGCATCGTGCG
13594	e16_c1_CGTAGTACAATTTCCT
13595	e16_c1_CGTAGTAGTCCTTTGC
13596	e16_c1_CGTAGTAGTTGGCCTG
13597	e16_c1_CGTAGTATCAATCGGT
13598	e16_c1_CGTCAAAAGACTCAAA
13599	e16_c1_CGTCAAAAGCAAATGT
13600	e16_c1_CGTCAAAAGGGTATAT
13601	e16_c1_CGTCAAAAGTTTCGGT
13602	e16_c1_CGTCAAACAGAGTGAC
13603	e16_c1_CGTCAAAGTGGCCCAT
13604	e16_c1_CGTCCATAGCGCCTAC
13605	e16_c1_CGTCCATGTACGACAG
13606	e16_c1_CGTCCATGTAGTACGG
13607	e16_c1_CGTCCATTCACCCTCA
13608	e16_c1_CGTGAATAGTGTTCAC
13609	e16_c1_CGTGAATCATGCCGGT
13610	e16_c1_CGTGAATCATTGCTGA
13611	e16_c1_CGTGAATTCAAGAGGC
13612	e16_c1_CGTGAATTCCATTTGT
13613	e16_c1_CGTGAATTCTGGGCAC
13614	e16_c1_CGTGATATCGTGGCTG
13615	e16_c1_CGTGCTTAGACCCGCT
13616	e16_c1_CGTGCTTCACAAATAG
13617	e16_c1_CGTGCTTCACCCGTAG
13618	e16_c1_CGTGCTTCATTCAGCA
13619	e16_c1_CGTGCTTTCTGGGCGT
13620	e16_c1_CGTGTCTAGAGTACCG
13621	e16_c1_CGTGTCTAGGTTTGAA
13622	e16_c1_CGTGTCTAGTGAGTTA
13623	e16_c1_CGTTAGACACTTGACA
13624	e16_c1_CGTTAGAGTACGGCAA
13625	e16_c1_CGTTCTGAGAGTCTGG
13626	e16_c1_CGTTCTGCAAGGGCAT
13627	e16_c1_CGTTCTGGTCCACATA
13628	e16_c1_CGTTCTGTCTTACGGA
13629	e16_c1_CGTTGGGGTTTGTTCT
13630	e16_c1_CGTTGGGTCGTGTCAA
13631	e16_c1_CGTTGGGTCTAAGAAG
13632	e16_c1_CTAACCCAGGCTGGAT
13633	e16_c1_CTAACCCTCTAACACG
13634	e16_c1_CTAACTTAGCGCCTCA
13635	e16_c1_CTAACTTTCCCTTGTG
13636	e16_c1_CTAACTTTCCTGTTAT
13637	e16_c1_CTAAGTGCAGAAGCGT
13638	e16_c1_CTAAGTGGTGCAGTGA
13639	e16_c1_CTAAGTGTCACACCCT
13640	e16_c1_CTACAGAAGGCTAGCA
13641	e16_c1_CTACATTAGAGTCCGA
13642	e16_c1_CTACATTCACGTAGAG
13643	e16_c1_CTACATTCAGCCGGTT
13644	e16_c1_CTACATTTCGGCCAAC
13645	e16_c1_CTACATTTCTCTTGCG
13646	e16_c1_CTACCCAAGCATAGGC
13647	e16_c1_CTACCCAGTCATAGTC
13648	e16_c1_CTACCCATCAACGAGG
13649	e16_c1_CTACCCATCATCGACA
13650	e16_c1_CTACCTGCACGCTATA
13651	e16_c1_CTACCTGCAGGTGTGA
13652	e16_c1_CTACCTGGTCGCATTA
13653	e16_c1_CTACGGGTCCCAGGCA
13654	e16_c1_CTACGGGTCCGTGGGT
13655	e16_c1_CTACTATCATTGACAC
13656	e16_c1_CTACTATGTCTACACA
13657	e16_c1_CTACTATGTGTGTCCG
13658	e16_c1_CTACTATGTTCGGTTA
13659	e16_c1_CTACTATTCCCATTTA
13660	e16_c1_CTACTATTCCGTTTCG
13661	e16_c1_CTACTATTCCTACCGT
13662	e16_c1_CTAGACACAAACTGCT
13663	e16_c1_CTAGACACAGCTGTGC
13664	e16_c1_CTAGACAGTGTTACTG
13665	e16_c1_CTAGGTAAGCCATGCC
13666	e16_c1_CTAGGTAAGGACCCAA
13667	e16_c1_CTAGGTAGTGTCATCA
13668	e16_c1_CTAGGTATCCGATCTC
13669	e16_c1_CTATAGGAGGATCACG
13670	e16_c1_CTATAGGCAAGAGTTA
13671	e16_c1_CTATAGGCATGCACTA
13672	e16_c1_CTATAGGGTCGCGTCA
13673	e16_c1_CTATAGGGTCGTGATT
13674	e16_c1_CTATAGGGTGTGACCC
13675	e16_c1_CTATAGGGTTCGGGTC
13676	e16_c1_CTATAGGTCTGCCTGT
13677	e16_c1_CTATCCGCAACGGCTC
13678	e16_c1_CTATCCGCATACATCG
13679	e16_c1_CTATCCGGTTAAACAG
13680	e16_c1_CTATCCGTCGAAACAA
13681	e16_c1_CTATCCGTCTTCCCGA
13682	e16_c1_CTATCTAAGATGAACT
13683	e16_c1_CTATCTAAGCAGCCTC
13684	e16_c1_CTATCTACACTCTAGA
13685	e16_c1_CTATCTAGTGTCTTCC
13686	e16_c1_CTATCTAGTTGAATCC
13687	e16_c1_CTCAACCAGGAATGTT
13688	e16_c1_CTCAACCAGGCTTAGG
13689	e16_c1_CTCAACCAGTGGCGAT
13690	e16_c1_CTCAACCCAACTGCCG
13691	e16_c1_CTCAACCGTTATAGCC
13692	e16_c1_CTCAACCGTTGGCTAT
13693	e16_c1_CTCAAGAGTCATCGGC
13694	e16_c1_CTCAATTGTATGTGTC
13695	e16_c1_CTCACTGAGAGTGAAG
13696	e16_c1_CTCACTGCAATCTCGA
13697	e16_c1_CTCACTGGTAGGAGTC
13698	e16_c1_CTCACTGTCGTGGCGT
13699	e16_c1_CTCAGAAAGGAGGTTC
13700	e16_c1_CTCAGAAAGTTTCGAC
13701	e16_c1_CTCAGAAGTGATAGAT
13702	e16_c1_CTCAGAAGTGATGTAA
13703	e16_c1_CTCAGAATCGCTTGCT
13704	e16_c1_CTCAGGGAGGTTGCCC
13705	e16_c1_CTCAGTCAGGTAAGAG
13706	e16_c1_CTCAGTCAGTTGGGAC
13707	e16_c1_CTCAGTCCAATACGAA
13708	e16_c1_CTCAGTCCACAGTCGC
13709	e16_c1_CTCAGTCCAGGTGACA
13710	e16_c1_CTCAGTCTCTCTGACC
13711	e16_c1_CTCATCGCAGTCGGTC
13712	e16_c1_CTCATCGGTTAAGTCC
13713	e16_c1_CTCATGCAGTTGTAGA
13714	e16_c1_CTCATGCTCCGTGTGG
13715	e16_c1_CTCATGCTCTCCGAGG
13716	e16_c1_CTCATTACACGTACTA
13717	e16_c1_CTCCAACAGCAGAAAG
13718	e16_c1_CTCCAACAGTAGAATC
13719	e16_c1_CTCCAACCACATGGTT
13720	e16_c1_CTCCAACGTAGCACGA
13721	e16_c1_CTCCAACGTGCCAAGA
13722	e16_c1_CTCCAACTCCCAACTC
13723	e16_c1_CTCCACACACAAAGTA
13724	e16_c1_CTCCACACATAGAAAC
13725	e16_c1_CTCCACAGTTCCACAA
13726	e16_c1_CTCCATGAGCCTCTCT
13727	e16_c1_CTCCATGAGGCTGAAC
13728	e16_c1_CTCCATGCAAGGATGC
13729	e16_c1_CTCCATGCAGCTGAGA
13730	e16_c1_CTCCATGGTGCACATT
13731	e16_c1_CTCCATGTCACCATCC
13732	e16_c1_CTCCCAACAACCAATC
13733	e16_c1_CTCCCAACAAGCAATA
13734	e16_c1_CTCCCAACAGGGAATC
13735	e16_c1_CTCCCAAGTGACTAAA
13736	e16_c1_CTCCCAATCAGGAAGC
13737	e16_c1_CTCCCTCAGGGTTAGC
13738	e16_c1_CTCCCTCAGTACTCGT
13739	e16_c1_CTCCCTCCAGTTGTCA
13740	e16_c1_CTCCGATCAGCTGCCA
13741	e16_c1_CTCCGATGTCGAACAG
13742	e16_c1_CTCCGATGTTCGGCCA
13743	e16_c1_CTCCGATTCATTCTTG
13744	e16_c1_CTCCTCCTCCTACAAG
13745	e16_c1_CTCCTTTAGGTGATAT
13746	e16_c1_CTCCTTTCATAGATCC
13747	e16_c1_CTCGAGGAGCACCGTC
13748	e16_c1_CTCGAGGCAATGGCCC
13749	e16_c1_CTCGAGGTCACGGTCG
13750	e16_c1_CTCGAGGTCATGTCAG
13751	e16_c1_CTCTCAGAGGGAGGAC
13752	e16_c1_CTCTCAGCAGAGTAAT
13753	e16_c1_CTCTCAGGTTATAGCC
13754	e16_c1_CTCTCAGGTTCCGCAG
13755	e16_c1_CTCTCAGTCGAAGAAT
13756	e16_c1_CTCTCGACAGAGGCTA
13757	e16_c1_CTCTGGTAGAGTACCG
13758	e16_c1_CTCTGGTCACTGTGAT
13759	e16_c1_CTCTGGTGTGCAACAG
13760	e16_c1_CTGAATGAGGGCAATC
13761	e16_c1_CTGAATGAGTTACGGG
13762	e16_c1_CTGAATGTCGGTCGGT
13763	e16_c1_CTGAATGTCTCAGGCG
13764	e16_c1_CTGAGCGAGGTCGTGA
13765	e16_c1_CTGAGGCCAGCTGAAG
13766	e16_c1_CTGAGGCGTCCTGTTC
13767	e16_c1_CTGAGGCGTGCATTAC
13768	e16_c1_CTGCAGGCAGAGTTGG
13769	e16_c1_CTGCAGGTCTCGGTAA
13770	e16_c1_CTGCATCAGGCCACCT
13771	e16_c1_CTGCATCCAAACACCT
13772	e16_c1_CTGCATCCACAAAGTA
13773	e16_c1_CTGCATCGTTCAGCTA
13774	e16_c1_CTGCATCTCGGAATTC
13775	e16_c1_CTGCCATCAGGTGTTT
13776	e16_c1_CTGCCATGTCTTGAGT
13777	e16_c1_CTGCCTAGTCACGCTG
13778	e16_c1_CTGCCTAGTCAGATTC
13779	e16_c1_CTGCCTATCATTCGTT
13780	e16_c1_CTGCGAGAGATGCAGC
13781	e16_c1_CTGCGAGAGTAATTGG
13782	e16_c1_CTGCGAGCAAGTCGTT
13783	e16_c1_CTGCGAGGTCTGTCCT
13784	e16_c1_CTGCGAGTCGCAATGT
13785	e16_c1_CTGCTCAAGCACTCCG
13786	e16_c1_CTGCTCATCTTCCCGA
13787	e16_c1_CTGGACGAGCATGATA
13788	e16_c1_CTGGCAGCAACTGGTT
13789	e16_c1_CTGGCAGTCATCTATC
13790	e16_c1_CTGGCAGTCGCCTTTG
13791	e16_c1_CTGGTCTCAGAGATGC
13792	e16_c1_CTGGTCTGTGATTCAC
13793	e16_c1_CTGGTCTGTGCTCTCT
13794	e16_c1_CTGGTCTTCAAGAGGC
13795	e16_c1_CTGGTCTTCGCACTCT
13796	e16_c1_CTGTACCAGCTTCTAG
13797	e16_c1_CTGTACCGTCGTGATT
13798	e16_c1_CTGTACCTCCACTTTA
13799	e16_c1_CTGTAGAAGACAGCTG
13800	e16_c1_CTGTAGAAGATACAGT
13801	e16_c1_CTGTAGAAGCCTCAAT
13802	e16_c1_CTGTAGAAGGGAGATA
13803	e16_c1_CTGTAGACAACGGTAG
13804	e16_c1_CTGTAGAGTCTTTCTA
13805	e16_c1_CTGTAGATCCGGACTG
13806	e16_c1_CTGTAGATCGACACTA
13807	e16_c1_CTGTAGATCGCAAGAG
13808	e16_c1_CTGTCGTAGAAGGTAG
13809	e16_c1_CTGTCGTAGTCAAGCG
13810	e16_c1_CTGTCGTGTTAAAGTG
13811	e16_c1_CTGTCGTTCCTGGGAC
13812	e16_c1_CTGTCGTTCGCATGAT
13813	e16_c1_CTGTGAAAGACTCTAC
13814	e16_c1_CTGTGAACACCTGATA
13815	e16_c1_CTGTGAATCATTCTTG
13816	e16_c1_CTGTGGGCACATGTTG
13817	e16_c1_CTGTGGGGTAGATTGA
13818	e16_c1_CTGTGGGTCTGTCCGT
13819	e16_c1_CTTACCGGTGGTCTAT
13820	e16_c1_CTTACCGTCCTCAGAA
13821	e16_c1_CTTAGGATCGCACGGT
13822	e16_c1_CTTCAATAGAAACTGT
13823	e16_c1_CTTCAATAGAAGTCCG
13824	e16_c1_CTTCAATAGCACGGAT
13825	e16_c1_CTTCCGAGTGCAAGAC
13826	e16_c1_CTTCCGAGTTGGGAAC
13827	e16_c1_CTTCCGATCATCCTGC
13828	e16_c1_CTTCCGATCCCTATTA
13829	e16_c1_CTTCCTTAGTATCCTG
13830	e16_c1_CTTCCTTTCAAGGAGC
13831	e16_c1_CTTCGGTAGAACCCGA
13832	e16_c1_CTTCGGTCAACCGACC
13833	e16_c1_CTTCTCTAGGACACTG
13834	e16_c1_CTTCTCTCAATCTCGA
13835	e16_c1_CTTCTCTGTCCATCTC
13836	e16_c1_CTTGAGACAAGTCATC
13837	e16_c1_CTTGAGACAGACAATA
13838	e16_c1_CTTGAGAGTAGGGTAC
13839	e16_c1_CTTGATTCAGAATTCC
13840	e16_c1_CTTGATTTCACAGAGG
13841	e16_c1_CTTTCAAAGTGCCAGA
13842	e16_c1_CTTTCAAGTAAGGAGA
13843	e16_c1_CTTTCAATCTGGTCAA
13844	e16_c1_CTTTCGGCACTGTCGG
13845	e16_c1_GAAACCTAGTCCCTAA
13846	e16_c1_GAAACCTCAGATCACT
13847	e16_c1_GAAACCTCAGGTTCCG
13848	e16_c1_GAAACCTGTTGATGTC
13849	e16_c1_GAAATGAAGAATACAC
13850	e16_c1_GAAATGAAGCCGCTTG
13851	e16_c1_GAAATGAAGCGTCTGC
13852	e16_c1_GAAATGAAGTTGCCTA
13853	e16_c1_GAAATGACAGACAAAT
13854	e16_c1_GAAATGACATGGACAG
13855	e16_c1_GAACACTAGGCCCACT
13856	e16_c1_GAACACTTCTCCACTG
13857	e16_c1_GAACGTTAGGTAAGGA
13858	e16_c1_GAACGTTAGTGCAGGT
13859	e16_c1_GAACGTTCACTGAGTT
13860	e16_c1_GAACGTTGTCGTTTCC
13861	e16_c1_GAACGTTGTTCGAGCC
13862	e16_c1_GAACGTTGTTGTAGCT
13863	e16_c1_GAACGTTTCCAGTGCG
13864	e16_c1_GAACGTTTCCCATACC
13865	e16_c1_GAACTGTGTCTCGGAC
13866	e16_c1_GAACTGTTCAAGTGGG
13867	e16_c1_GAAGAATAGGCATCAG
13868	e16_c1_GAAGAATCAGCGTAGA
13869	e16_c1_GAAGAATGTACAGAAT
13870	e16_c1_GAAGCGAAGTGATGGC
13871	e16_c1_GAAGCGATCAGTCATG
13872	e16_c1_GAAGGACAGCTCAGAG
13873	e16_c1_GAAGGACCAGCTATAC
13874	e16_c1_GAAGGGTAGAGAGCGG
13875	e16_c1_GAAGGGTAGTAATACG
13876	e16_c1_GAAGGGTCATAACAGA
13877	e16_c1_GAAGGGTGTCATTCCC
13878	e16_c1_GAAGGGTTCGTGGAAG
13879	e16_c1_GAAGTAAAGCGCCCAT
13880	e16_c1_GAAGTAACATCTTTCA
13881	e16_c1_GAAGTAAGTGATTCTG
13882	e16_c1_GAAGTAATCAGCTGTA
13883	e16_c1_GAAGTAATCCGACAGC
13884	e16_c1_GAATAGAAGCTCGTGC
13885	e16_c1_GAATAGAAGTAAGGGA
13886	e16_c1_GAATAGACAGCTATTG
13887	e16_c1_GAATAGATCTCTTGCG
13888	e16_c1_GAATCACAGAGGCCAT
13889	e16_c1_GAATCGTGTCACTTCC
13890	e16_c1_GAATCGTGTCCCGGTA
13891	e16_c1_GAATCGTGTCTGTGCG
13892	e16_c1_GAATCGTTCGCGGTAC
13893	e16_c1_GAATCGTTCTCATTGT
13894	e16_c1_GACACGCAGATCACTC
13895	e16_c1_GACACGCAGTTGCCCG
13896	e16_c1_GACACGCCATGAATCC
13897	e16_c1_GACACGCGTCTGCGCA
13898	e16_c1_GACAGCCTCTGACAGT
13899	e16_c1_GACATCAAGAGCAAGA
13900	e16_c1_GACCAATAGGCGTTAG
13901	e16_c1_GACCAATCAAACTAAG
13902	e16_c1_GACCAATCACTAAACC
13903	e16_c1_GACCCAGAGACATAAC
13904	e16_c1_GACCCAGTCAGGGATG
13905	e16_c1_GACCCAGTCCTCTCTT
13906	e16_c1_GACCCTTAGACTACCT
13907	e16_c1_GACCCTTAGTCGGCAA
13908	e16_c1_GACCCTTCAATCTGCA
13909	e16_c1_GACCGTGAGCGTTCAT
13910	e16_c1_GACCGTGAGTGCGTCC
13911	e16_c1_GACCGTGCACTTCCTG
13912	e16_c1_GACCGTGGTACAGAGC
13913	e16_c1_GACCGTGGTACCTGTA
13914	e16_c1_GACCTTCAGACGACTG
13915	e16_c1_GACCTTCAGCAATAAC
13916	e16_c1_GACCTTCGTCAGCGTC
13917	e16_c1_GACGCTGCATGAGTAA
13918	e16_c1_GACGCTGGTAGCTGCC
13919	e16_c1_GACGCTGTCGTGGCTG
13920	e16_c1_GACGTTAAGAGTCAAT
13921	e16_c1_GACGTTAAGCATCCTA
13922	e16_c1_GACGTTAAGGAGTATT
13923	e16_c1_GACGTTAAGTACAGAT
13924	e16_c1_GACGTTACATCCGGCA
13925	e16_c1_GACGTTAGTGACAGCA
13926	e16_c1_GACGTTATCCCGAGAC
13927	e16_c1_GACTATGAGAGCATTA
13928	e16_c1_GACTATGTCTCTGCCA
13929	e16_c1_GACTCAAGTGTCCGGT
13930	e16_c1_GACTCAATCTGAATGC
13931	e16_c1_GACTCAATCTGCTCTG
13932	e16_c1_GACTCTCTCTGTGCAA
13933	e16_c1_GACTGATCAACTGATC
13934	e16_c1_GACTGATCACTATCCC
13935	e16_c1_GACTGATCAGCTGCCA
13936	e16_c1_GACTTCCTCCTGCCAT
13937	e16_c1_GACTTCCTCGACATCA
13938	e16_c1_GAGAAATAGCCTCGTG
13939	e16_c1_GAGAAATGTCGTATTG
13940	e16_c1_GAGAAATGTTGCTAGT
13941	e16_c1_GAGACCCCAGTCGTTA
13942	e16_c1_GAGACCCGTAACAGTA
13943	e16_c1_GAGACCCGTGGCGCTT
13944	e16_c1_GAGACCCTCAGGACAG
13945	e16_c1_GAGACTTTCACTAGCA
13946	e16_c1_GAGACTTTCGGAAGGT
13947	e16_c1_GAGAGGTCAGTAGATA
13948	e16_c1_GAGAGGTTCGATCCAA
13949	e16_c1_GAGATGGAGACATCAA
13950	e16_c1_GAGATGGAGGTAGCAC
13951	e16_c1_GAGATGGCACTACCGG
13952	e16_c1_GAGATGGTCCGATCGG
13953	e16_c1_GAGATGGTCTCGTCAC
13954	e16_c1_GAGCCTGAGATGACAT
13955	e16_c1_GAGCCTGAGCGCACAA
13956	e16_c1_GAGCCTGAGGAAAGGT
13957	e16_c1_GAGCCTGAGGGAACAA
13958	e16_c1_GAGCCTGCATGACCCG
13959	e16_c1_GAGCCTGGTAACTAAG
13960	e16_c1_GAGCCTGGTTGCATCA
13961	e16_c1_GAGCCTGTCATTTCCA
13962	e16_c1_GAGCTGCAGGGAGGTG
13963	e16_c1_GAGCTGCAGTATGATG
13964	e16_c1_GAGCTGCAGTTGAAGT
13965	e16_c1_GAGCTGCCACTATCCC
13966	e16_c1_GAGCTGCCACTGCTTC
13967	e16_c1_GAGCTGCGTAGAGACC
13968	e16_c1_GAGGCAACAGTGGGTA
13969	e16_c1_GAGGCAACATTGCAAC
13970	e16_c1_GAGGCAATCGCTGATA
13971	e16_c1_GAGGCAATCTTCTGGC
13972	e16_c1_GAGGCCTAGGCACTAG
13973	e16_c1_GAGGCCTCAACCGTAT
13974	e16_c1_GAGGGATCAGCGTTTA
13975	e16_c1_GAGGGATGTCCTCAGG
13976	e16_c1_GAGGGATTCGGCAGTC
13977	e16_c1_GAGGGTACAATTGAGA
13978	e16_c1_GAGGGTACAGCCTACG
13979	e16_c1_GAGGGTATCAGTGATC
13980	e16_c1_GAGGGTATCTACCACC
13981	e16_c1_GAGTCATAGAGTCTGG
13982	e16_c1_GAGTCATGTAGAATAC
13983	e16_c1_GAGTCTACAAGTGGGT
13984	e16_c1_GAGTCTATCATCTATC
13985	e16_c1_GAGTGAGGTAGTTACC
13986	e16_c1_GAGTGAGTCGGAACTT
13987	e16_c1_GAGTGAGTCGTCCTTG
13988	e16_c1_GAGTGTTAGCCACCGT
13989	e16_c1_GAGTGTTCAACTCGTA
13990	e16_c1_GAGTGTTGTAGCGAGT
13991	e16_c1_GAGTGTTGTGTCTTAG
13992	e16_c1_GAGTTACAGTACTGGG
13993	e16_c1_GAGTTACGTCGGTGAA
13994	e16_c1_GAGTTACTCTCCTACG
13995	e16_c1_GAGTTACTCTCTGCTG
13996	e16_c1_GAGTTGTAGAGGGCGA
13997	e16_c1_GAGTTGTAGGCCTGCT
13998	e16_c1_GAGTTGTCACATAACC
13999	e16_c1_GAGTTGTGTCAACGCC
14000	e16_c1_GAGTTGTTCGTTCAGA
14001	e16_c1_GAGTTGTTCTCGCTTG
14002	e16_c1_GAGTTTGCATCTATCT
14003	e16_c1_GAGTTTGGTTTACTTC
14004	e16_c1_GATAGAAGTAGCGATG
14005	e16_c1_GATAGAAGTGAACGGT
14006	e16_c1_GATAGAAGTGGTAACG
14007	e16_c1_GATAGAAGTTGATCGT
14008	e16_c1_GATAGCTCAATAACGA
14009	e16_c1_GATAGCTCACCTTCCA
14010	e16_c1_GATAGCTCAGCACAGA
14011	e16_c1_GATAGCTTCCCTTTGG
14012	e16_c1_GATAGCTTCGCTAAAC
14013	e16_c1_GATCACACACTTACAG
14014	e16_c1_GATCACACAGGACATG
14015	e16_c1_GATCAGTTCACCTGTC
14016	e16_c1_GATCATGCAAGCTGTT
14017	e16_c1_GATCATGGTGAATTAG
14018	e16_c1_GATCATGGTTGCACGC
14019	e16_c1_GATCCCTAGGGCTAAC
14020	e16_c1_GATCCCTCAGCTGTAT
14021	e16_c1_GATCCCTGTAATGTGA
14022	e16_c1_GATCCCTTCATTGTTC
14023	e16_c1_GATCGTACACAACCGC
14024	e16_c1_GATCGTACACCAAAGG
14025	e16_c1_GATCGTACATACACCA
14026	e16_c1_GATGACTCACGCAAAG
14027	e16_c1_GATGACTTCATCGCAA
14028	e16_c1_GATGAGGAGAGTGACC
14029	e16_c1_GATGAGGGTACTCAAC
14030	e16_c1_GATGATCCAATTGCGT
14031	e16_c1_GATGATCCAATTGCTG
14032	e16_c1_GATGATCCAGGTTCAT
14033	e16_c1_GATGATCTCGCGCCAA
14034	e16_c1_GATGATCTCGGACTGC
14035	e16_c1_GATGATCTCTACAGGT
14036	e16_c1_GATGATCTCTGTGCAA
14037	e16_c1_GATGCTACACATTGTG
14038	e16_c1_GATGCTACAGCCTTCT
14039	e16_c1_GATGCTAGTATCGGTT
14040	e16_c1_GATGCTAGTCCTTGTC
14041	e16_c1_GATGCTATCGCCATAA
14042	e16_c1_GATGGAGCATTCGGGC
14043	e16_c1_GATGGAGGTAGTCACT
14044	e16_c1_GATGGAGGTTGTTGCA
14045	e16_c1_GATGTTGGTGAAGCGT
14046	e16_c1_GATGTTGGTTTCGTGA
14047	e16_c1_GATGTTGTCCCGAAAT
14048	e16_c1_GATGTTGTCTTGCAGA
14049	e16_c1_GATTCGAAGAGTTGCG
14050	e16_c1_GATTCTTCACGTCATA
14051	e16_c1_GATTGGTGTGTTACTG
14052	e16_c1_GATTGGTTCGCAGTTA
14053	e16_c1_GATTTCTCAAGATTGA
14054	e16_c1_GATTTCTGTTGTAGCT
14055	e16_c1_GATTTCTTCAAGGACG
14056	e16_c1_GCAACATAGTTACGAA
14057	e16_c1_GCAACATCAAAGCTAA
14058	e16_c1_GCAACATCACTCATAG
14059	e16_c1_GCAACATTCCATATGG
14060	e16_c1_GCAACATTCGTGGCTG
14061	e16_c1_GCAACCGTCATCGCCT
14062	e16_c1_GCACATAGTGTGCCTG
14063	e16_c1_GCACGGTAGTGAATAC
14064	e16_c1_GCACGGTCAGAGGACT
14065	e16_c1_GCACGGTCATTGAGGG
14066	e16_c1_GCACGGTGTCGCGTCA
14067	e16_c1_GCACGGTTCGTTGTTT
14068	e16_c1_GCACTAAAGGATGCGT
14069	e16_c1_GCACTAACATATGAAG
14070	e16_c1_GCACTAATCATTCTTG
14071	e16_c1_GCAGCCAAGGCATCTT
14072	e16_c1_GCAGCCAAGGGCAGTT
14073	e16_c1_GCAGCCACAATCGCCG
14074	e16_c1_GCAGCCAGTACGTGTT
14075	e16_c1_GCAGCCAGTGTCTCCT
14076	e16_c1_GCAGCTGAGCACGTCC
14077	e16_c1_GCAGCTGTCACTAGCA
14078	e16_c1_GCAGGCTAGATGGCGT
14079	e16_c1_GCAGGCTAGCATCCCG
14080	e16_c1_GCAGGCTTCACAACCA
14081	e16_c1_GCAGTTACAAATACGA
14082	e16_c1_GCATCGGTCTTCGTGC
14083	e16_c1_GCATCTCAGCGATCGA
14084	e16_c1_GCATCTCGTCTCGCGA
14085	e16_c1_GCATCTCGTGAGGCAT
14086	e16_c1_GCATCTCTCCTCAGAA
14087	e16_c1_GCATGATAGAGGATCC
14088	e16_c1_GCATGATAGGTCCGAA
14089	e16_c1_GCATGATCATCGCTCT
14090	e16_c1_GCATGATGTTATTCCT
14091	e16_c1_GCATGATTCGGTTAGT
14092	e16_c1_GCATTAGGTACAAAGT
14093	e16_c1_GCCAACGAGTATGTAG
14094	e16_c1_GCCAACGGTCTGCGCA
14095	e16_c1_GCCAACGTCGTTCTGC
14096	e16_c1_GCCAACGTCTCACGAA
14097	e16_c1_GCCAGGTCAGAGCCCT
14098	e16_c1_GCCAGGTTCAACTACG
14099	e16_c1_GCCAGGTTCGCGTGAC
14100	e16_c1_GCCAGTGCACCCTATC
14101	e16_c1_GCCAGTGGTACAGAGC
14102	e16_c1_GCCAGTGTCCATCTGC
14103	e16_c1_GCCATGGAGGTCTGGA
14104	e16_c1_GCCATGGCACCTAAAC
14105	e16_c1_GCCATGGGTAGCGTCC
14106	e16_c1_GCCATGGGTATCGCTA
14107	e16_c1_GCCATGGGTTGTCATG
14108	e16_c1_GCCATGGTCGCTGTTC
14109	e16_c1_GCCATTCCATAGTCAC
14110	e16_c1_GCCATTCGTAGGTAGC
14111	e16_c1_GCCCAGAAGCATCTTG
14112	e16_c1_GCCCAGACACGTACAT
14113	e16_c1_GCCCAGATCCTCAGGG
14114	e16_c1_GCCCAGATCTCATGGA
14115	e16_c1_GCCCGAACAAATAGCA
14116	e16_c1_GCCCGAACACTAAACC
14117	e16_c1_GCCCGAATCAAGAGGC
14118	e16_c1_GCCGATGCAACGTTAC
14119	e16_c1_GCCGATGGTCGCCACA
14120	e16_c1_GCCGTGAAGCGGTATG
14121	e16_c1_GCCGTGACAAATCGGG
14122	e16_c1_GCCGTGACACTGAGTT
14123	e16_c1_GCCTGTTAGGTAGTAT
14124	e16_c1_GCCTGTTCACGGATCC
14125	e16_c1_GCCTGTTCATCGGATT
14126	e16_c1_GCGAGAACAACGACTT
14127	e16_c1_GCGAGAACAACTGCTA
14128	e16_c1_GCGATCGAGGTGCTGA
14129	e16_c1_GCGATCGGTAGAATGT
14130	e16_c1_GCGATCGGTTAAGGGC
14131	e16_c1_GCGATCGGTTCTCTCG
14132	e16_c1_GCGGAAAAGTTGCTCA
14133	e16_c1_GCGGAAACAAGACCGA
14134	e16_c1_GCGGAAACAGCATTGT
14135	e16_c1_GCGGAAAGTCGCATGC
14136	e16_c1_GCGGAAATCAGGACGA
14137	e16_c1_GCGGAAATCCTTCTTC
14138	e16_c1_GCGGAAATCGCAGTCG
14139	e16_c1_GCGGAAATCGGAAGGT
14140	e16_c1_GCGGATCAGTTCCTGA
14141	e16_c1_GCGGATCCAGAGTTCT
14142	e16_c1_GCGGATCGTAGGTACG
14143	e16_c1_GCGGATCGTGCATACT
14144	e16_c1_GCGGATCTCCCTCGAT
14145	e16_c1_GCGTGCAAGAGGGCGA
14146	e16_c1_GCGTGCAAGCAGGCAT
14147	e16_c1_GCGTGCACAAGCTGTT
14148	e16_c1_GCGTGCACATGCCGAC
14149	e16_c1_GCGTGCAGTAACATGA
14150	e16_c1_GCGTGCAGTTGCGGCT
14151	e16_c1_GCGTGCATCCCTCTCC
14152	e16_c1_GCGTGCATCCGTGGTG
14153	e16_c1_GCGTGCATCTTCACAT
14154	e16_c1_GCGTTTCAGCCGATCC
14155	e16_c1_GCTACAAAGGTTCTAC
14156	e16_c1_GCTACCTAGAATCGAT
14157	e16_c1_GCTACCTCACAGCATT
14158	e16_c1_GCTACCTCACGCGTGT
14159	e16_c1_GCTACCTTCAAATAGG
14160	e16_c1_GCTACCTTCTATCACT
14161	e16_c1_GCTCAAATCGTAGGGA
14162	e16_c1_GCTCAAATCTCCATAT
14163	e16_c1_GCTCAAATCTGGACTA
14164	e16_c1_GCTGCAGAGACCGTTT
14165	e16_c1_GCTGCAGCAGCCGGTT
14166	e16_c1_GCTGCAGGTTGGTGTT
14167	e16_c1_GCTGGGTAGCGGGTTA
14168	e16_c1_GCTGGGTCAGATTTCG
14169	e16_c1_GCTGGGTTCACGTCCT
14170	e16_c1_GCTGGGTTCAGGAAAT
14171	e16_c1_GCTGGGTTCTCTCTTC
14172	e16_c1_GCTTCACAGGACTAAT
14173	e16_c1_GCTTCACGTGTCTTGA
14174	e16_c1_GCTTCACTCTCCGCAT
14175	e16_c1_GCTTGGGAGCGTGTCC
14176	e16_c1_GCTTGGGCACTGGACC
14177	e16_c1_GCTTGGGGTCCTACAA
14178	e16_c1_GCTTTCGAGTGGTGGT
14179	e16_c1_GCTTTCGCAACTGATC
14180	e16_c1_GCTTTCGCAGTGCCTG
14181	e16_c1_GCTTTCGTCAGGAGAC
14182	e16_c1_GGAACCCAGACCAAAT
14183	e16_c1_GGAACCCGTGTGTGGA
14184	e16_c1_GGAACCCTCGAGCTGC
14185	e16_c1_GGAAGTGAGTTGGCTT
14186	e16_c1_GGAAGTGTCAGGGATG
14187	e16_c1_GGAAGTGTCCCGATCT
14188	e16_c1_GGAAGTGTCGCTTACC
14189	e16_c1_GGAATCTCACTCATAG
14190	e16_c1_GGAATCTCAGCGACAA
14191	e16_c1_GGAATCTCAGCTCGGT
14192	e16_c1_GGAATCTCATCTCAAG
14193	e16_c1_GGAATCTGTATCGATC
14194	e16_c1_GGAATCTTCCACGAAT
14195	e16_c1_GGAATGGAGACGGATC
14196	e16_c1_GGAATGGAGACGGTCA
14197	e16_c1_GGAATGGAGCCGATTT
14198	e16_c1_GGAATGGCAGAGTGAC
14199	e16_c1_GGAATGGTCAAGGTGG
14200	e16_c1_GGACGTCAGAGTGAAG
14201	e16_c1_GGACGTCAGGGAGGCA
14202	e16_c1_GGACGTCAGTTGCGAG
14203	e16_c1_GGACGTCGTGACCTGC
14204	e16_c1_GGACGTCTCAACCCGG
14205	e16_c1_GGACGTCTCTCATTGT
14206	e16_c1_GGAGAACTCTTTGCAT
14207	e16_c1_GGAGATGAGCAGGGAG
14208	e16_c1_GGAGCAATCAGCTGAT
14209	e16_c1_GGAGGATAGGTTCAGG
14210	e16_c1_GGAGGTAAGGCATCAG
14211	e16_c1_GGAGGTACAGGACAGT
14212	e16_c1_GGATCTAAGCCTCCAG
14213	e16_c1_GGATCTAGTCCACAGC
14214	e16_c1_GGATCTATCTTTCAGT
14215	e16_c1_GGATGTTAGAGGTCAC
14216	e16_c1_GGATGTTAGCTTTCCC
14217	e16_c1_GGATGTTCAAGTTCCA
14218	e16_c1_GGATGTTGTGGATACG
14219	e16_c1_GGATGTTTCAGACCGC
14220	e16_c1_GGCACGTCAACTTGCA
14221	e16_c1_GGCACGTGTGCATTTG
14222	e16_c1_GGCACGTTCATATGGC
14223	e16_c1_GGCACGTTCCCTGGTT
14224	e16_c1_GGCACGTTCGAGTACT
14225	e16_c1_GGCAGTCAGCGACTGA
14226	e16_c1_GGCAGTCGTTGGGTTT
14227	e16_c1_GGCGTCAAGCTCAGAG
14228	e16_c1_GGCGTCAAGGAAGAAC
14229	e16_c1_GGCGTCAAGGGCTTCC
14230	e16_c1_GGCGTCACACATCATG
14231	e16_c1_GGCTGTGCAAGGACAC
14232	e16_c1_GGCTGTGTCAGCAATC
14233	e16_c1_GGCTGTGTCTATACTC
14234	e16_c1_GGCTTGGAGATACAGT
14235	e16_c1_GGCTTGGAGCGGATCA
14236	e16_c1_GGCTTGGCACAATGAA
14237	e16_c1_GGCTTGGCAGGGATAC
14238	e16_c1_GGCTTGGGTGTTCAGT
14239	e16_c1_GGCTTTCAGTAGAATC
14240	e16_c1_GGCTTTCCATGGACAG
14241	e16_c1_GGGAAGTAGCCTGACC
14242	e16_c1_GGGAAGTCATGACAGG
14243	e16_c1_GGGAAGTTCAAGGTGG
14244	e16_c1_GGGAAGTTCGTTTACT
14245	e16_c1_GGGACAAAGAAGCGGG
14246	e16_c1_GGGACAAAGACCGCCT
14247	e16_c1_GGGACAAAGGTATCTC
14248	e16_c1_GGGACAAAGTCCTACA
14249	e16_c1_GGGACAAGTGACACGA
14250	e16_c1_GGGACAATCATTTGCT
14251	e16_c1_GGGACCTAGGGTGAGG
14252	e16_c1_GGGACCTCACCCTTGT
14253	e16_c1_GGGACCTTCTAGCCTC
14254	e16_c1_GGGACCTTCTGAGTCA
14255	e16_c1_GGGACTCAGCTGGTGA
14256	e16_c1_GGGACTCGTACTTGTG
14257	e16_c1_GGGACTCGTCACCCTT
14258	e16_c1_GGGACTCGTCATAGTC
14259	e16_c1_GGGAGATTCTCTCGAC
14260	e16_c1_GGGAGTAAGAGCAAGA
14261	e16_c1_GGGAGTAAGCTGAAAT
14262	e16_c1_GGGAGTAGTTCGAGCC
14263	e16_c1_GGGAGTAGTTGAATCC
14264	e16_c1_GGGATCCAGTTGCCCG
14265	e16_c1_GGGATCCCAGGGAGAG
14266	e16_c1_GGGATGAAGAAGCGCT
14267	e16_c1_GGGATGAAGAATTGCA
14268	e16_c1_GGGATGAAGTGAGGTC
14269	e16_c1_GGGATGACACTGCATA
14270	e16_c1_GGGATGACAGAATGTA
14271	e16_c1_GGGCCATAGAGAAGGT
14272	e16_c1_GGGCCATGTCGAATTC
14273	e16_c1_GGGCCATGTTAAGACA
14274	e16_c1_GGGCCATTCGGCATCG
14275	e16_c1_GGGCGTTAGTAACCTC
14276	e16_c1_GGGCGTTAGTGTAGTA
14277	e16_c1_GGGCGTTCAACAGTGG
14278	e16_c1_GGGCGTTCAATAGGAT
14279	e16_c1_GGGCGTTCACTGAGGA
14280	e16_c1_GGGCGTTGTCGCACAC
14281	e16_c1_GGGCGTTGTGTTACAC
14282	e16_c1_GGGCGTTGTTACCCAA
14283	e16_c1_GGGCTACCACAACGCC
14284	e16_c1_GGGCTACGTGCAGGAT
14285	e16_c1_GGGCTACGTTAGAGTA
14286	e16_c1_GGGCTCAAGGAGGTTC
14287	e16_c1_GGGCTCACATGACTCA
14288	e16_c1_GGGCTCAGTGGTACAG
14289	e16_c1_GGGCTCAGTTGACGGA
14290	e16_c1_GGGCTCATCAGAGTGG
14291	e16_c1_GGGCTCATCCATTCGC
14292	e16_c1_GGGCTCATCCTGCTAC
14293	e16_c1_GGGTAGACATGTCTAG
14294	e16_c1_GGGTAGACATTGAGGG
14295	e16_c1_GGGTAGATCACGTAGT
14296	e16_c1_GGGTATTAGCAATAGT
14297	e16_c1_GGGTATTAGGTAGGCT
14298	e16_c1_GGGTATTCAGGCACAA
14299	e16_c1_GGGTATTGTACGAGCA
14300	e16_c1_GGGTCACAGATGTAGT
14301	e16_c1_GGGTCACTCATCAGTG
14302	e16_c1_GGGTCTGGTGGCTAGA
14303	e16_c1_GGGTGAAAGGCACAAC
14304	e16_c1_GGGTGAAAGTTCTCTT
14305	e16_c1_GGGTGAAGTATCAGCT
14306	e16_c1_GGGTGAATCATTTCCA
14307	e16_c1_GGGTGAATCCTAGCCT
14308	e16_c1_GGGTGAATCCTATTTG
14309	e16_c1_GGGTGAATCGTTCTGC
14310	e16_c1_GGGTGTCAGAATAGTC
14311	e16_c1_GGGTGTCCAGGTATGG
14312	e16_c1_GGGTGTCTCACAACCA
14313	e16_c1_GGGTTATAGGTCGCCT
14314	e16_c1_GGGTTATGTGAGATCG
14315	e16_c1_GGGTTTAAGAGCCATG
14316	e16_c1_GGGTTTACAAACCATC
14317	e16_c1_GGGTTTAGTCAGTCCG
14318	e16_c1_GGTAACTCAGAAGTTA
14319	e16_c1_GGTAACTGTTATAGCC
14320	e16_c1_GGTAATCAGATGATTG
14321	e16_c1_GGTAATCGTGCGTGCT
14322	e16_c1_GGTAGAGGTGGATCGA
14323	e16_c1_GGTCACGAGACGAGCT
14324	e16_c1_GGTCACGAGTGCTCGC
14325	e16_c1_GGTCACGGTTGCTCAA
14326	e16_c1_GGTCACGTCAGCACCG
14327	e16_c1_GGTCACGTCTTGAACG
14328	e16_c1_GGTCTGGAGAACGTGC
14329	e16_c1_GGTCTGGAGCGAGTAC
14330	e16_c1_GGTCTGGAGCTCGGCT
14331	e16_c1_GGTCTGGCAATCCTTT
14332	e16_c1_GGTCTGGCAGACCTAT
14333	e16_c1_GGTCTGGTCCATTCGC
14334	e16_c1_GGTCTGGTCGAGCACC
14335	e16_c1_GGTGAAGCAGCATCTA
14336	e16_c1_GGTGAAGGTGCTGTCG
14337	e16_c1_GGTGAAGGTGGCATCC
14338	e16_c1_GGTGGCTAGGATGGCT
14339	e16_c1_GGTGGCTCAATGAACA
14340	e16_c1_GGTGGCTGTCAACGCC
14341	e16_c1_GGTGTTAAGACTCTTG
14342	e16_c1_GGTGTTAAGTTGGGAC
14343	e16_c1_GGTGTTATCTATCGGA
14344	e16_c1_GGTGTTATCTGCATAG
14345	e16_c1_GGTTAACCAGTGTACT
14346	e16_c1_GGTTAACTCGTCGGGT
14347	e16_c1_GGTTCTCAGATTGAGT
14348	e16_c1_GGTTCTCCACAAATGA
14349	e16_c1_GGTTCTCCAGCTCATA
14350	e16_c1_GGTTCTCGTGACACAG
14351	e16_c1_GGTTCTCTCGCACGAC
14352	e16_c1_GGTTGTAGTTCTCCTG
14353	e16_c1_GTAACACAGGTACCTT
14354	e16_c1_GTAACACGTGTACATC
14355	e16_c1_GTAACCAAGGCATCGA
14356	e16_c1_GTAACCACACCCTATC
14357	e16_c1_GTAACCAGTACGAAAT
14358	e16_c1_GTAAGTCAGAAGGTAG
14359	e16_c1_GTAAGTCAGACTGGGT
14360	e16_c1_GTAAGTCAGGTACAAT
14361	e16_c1_GTAAGTCTCTCAACCC
14362	e16_c1_GTAATCGAGAAGTCAT
14363	e16_c1_GTAATCGGTGGTACAG
14364	e16_c1_GTAATCGTCTCCGAAA
14365	e16_c1_GTAATGCAGTAGAATC
14366	e16_c1_GTACAACCAAGACGAC
14367	e16_c1_GTACAACCACGCTGTG
14368	e16_c1_GTACAACGTGAGACGT
14369	e16_c1_GTACAACTCTATCCAT
14370	e16_c1_GTACAGTGTTGAGTCT
14371	e16_c1_GTACAGTTCGATACTG
14372	e16_c1_GTAGAAACAAACAGGC
14373	e16_c1_GTAGAAACACCTGCTT
14374	e16_c1_GTAGAAACAGGTCAAG
14375	e16_c1_GTAGAAAGTGACTGAG
14376	e16_c1_GTAGAAAGTGTTATCG
14377	e16_c1_GTAGAAATCGAAGCAG
14378	e16_c1_GTAGAAATCGACCAAT
14379	e16_c1_GTAGAGGCAACCTATG
14380	e16_c1_GTAGAGGCAACGTATC
14381	e16_c1_GTAGAGGCAAGAGTGC
14382	e16_c1_GTAGAGGTCGGCATAT
14383	e16_c1_GTAGATCCAAACTCTG
14384	e16_c1_GTAGATCCATGAATAG
14385	e16_c1_GTAGATCGTCTGTCCT
14386	e16_c1_GTAGATCTCGACCCAG
14387	e16_c1_GTAGCTAAGTTAGTGA
14388	e16_c1_GTAGCTATCGCTTAAG
14389	e16_c1_GTAGGAGAGTCACACT
14390	e16_c1_GTAGGAGGTCCGTACG
14391	e16_c1_GTAGGTTAGATGGCGT
14392	e16_c1_GTAGGTTGTCAAAGTA
14393	e16_c1_GTAGGTTTCTCACCCA
14394	e16_c1_GTAGTACAGATTGCGG
14395	e16_c1_GTAGTACAGTGAGTGC
14396	e16_c1_GTAGTACCAGAGGACT
14397	e16_c1_GTAGTACGTACTGCGC
14398	e16_c1_GTAGTACGTTCAAACC
14399	e16_c1_GTAGTACTCATGGATC
14400	e16_c1_GTAGTACTCCACCTGT
14401	e16_c1_GTAGTACTCCACGAAT
14402	e16_c1_GTAGTACTCTCCCATG
14403	e16_c1_GTATTTCCAAGTCGTT
14404	e16_c1_GTATTTCCAGACCTAT
14405	e16_c1_GTCAAACAGCTTCTAG
14406	e16_c1_GTCAAACTCTAGGAAA
14407	e16_c1_GTCAAGTAGACGTCCC
14408	e16_c1_GTCAAGTGTATACAGA
14409	e16_c1_GTCAAGTGTCTCGACG
14410	e16_c1_GTCAAGTTCGTGTTCC
14411	e16_c1_GTCACGGAGAAGTGTT
14412	e16_c1_GTCACGGCAGGTACGA
14413	e16_c1_GTCACTCTCCCGTTCA
14414	e16_c1_GTCAGCGGTATCATGC
14415	e16_c1_GTCAGCGTCCAGCACG
14416	e16_c1_GTCATCCCAATACAGA
14417	e16_c1_GTCATCCCAATATCCG
14418	e16_c1_GTCATCCTCACTGTCC
14419	e16_c1_GTCATGAAGGAGATAG
14420	e16_c1_GTCATGAAGTTGGCTT
14421	e16_c1_GTCATGACAGGTATGG
14422	e16_c1_GTCATGAGTCACGTGC
14423	e16_c1_GTCATGAGTTCTGACA
14424	e16_c1_GTCATGAGTTGCACGC
14425	e16_c1_GTCATGATCGCAGTTA
14426	e16_c1_GTCATTTCATCCGCGA
14427	e16_c1_GTCATTTGTCTGCATA
14428	e16_c1_GTCATTTTCGAAATCC
14429	e16_c1_GTCATTTTCTAGTCAG
14430	e16_c1_GTCCACTCACAAATGA
14431	e16_c1_GTCCACTGTACGAGTG
14432	e16_c1_GTCCCATAGAGCCTGA
14433	e16_c1_GTCCCATGTCAAGCGA
14434	e16_c1_GTCCCATTCACGACTA
14435	e16_c1_GTCCCATTCAGACTGT
14436	e16_c1_GTCCTCAAGAGCTGCA
14437	e16_c1_GTCCTCACAGTGGGTA
14438	e16_c1_GTCCTCATCTAGTCAG
14439	e16_c1_GTCGAATAGGTAGTAT
14440	e16_c1_GTCGAATCAGTCCCGA
14441	e16_c1_GTCGAATGTACTTGTG
14442	e16_c1_GTCGCGAAGCGTTAGG
14443	e16_c1_GTCGCGAAGTTTCAGC
14444	e16_c1_GTCGTAACAGTCCGTG
14445	e16_c1_GTCGTAAGTCACTCTC
14446	e16_c1_GTCGTAAGTCGTACAT
14447	e16_c1_GTCGTAATCGGTCGGT
14448	e16_c1_GTCGTTCAGTGGTTGG
14449	e16_c1_GTCGTTCCACTTCAAG
14450	e16_c1_GTCGTTCCATCATTGG
14451	e16_c1_GTCGTTCGTCACAGTT
14452	e16_c1_GTCGTTCGTTATCCAG
14453	e16_c1_GTCGTTCTCACTACTT
14454	e16_c1_GTCTACCAGAACGTGC
14455	e16_c1_GTCTACCCACTTGGGC
14456	e16_c1_GTCTACCTCGACCATA
14457	e16_c1_GTCTAGACAACAGTGG
14458	e16_c1_GTCTAGACACGAGGTA
14459	e16_c1_GTCTAGAGTCCGCAGT
14460	e16_c1_GTCTCACAGCGGTATG
14461	e16_c1_GTCTGTCGTAGTGATA
14462	e16_c1_GTCTGTCTCGCCCAGA
14463	e16_c1_GTCTTTAAGTGGCGAT
14464	e16_c1_GTCTTTACAGGAATAT
14465	e16_c1_GTCTTTATCTGGTCAA
14466	e16_c1_GTGACGCCAACTGTGT
14467	e16_c1_GTGACGCCAGTTCACA
14468	e16_c1_GTGACGCCATCGAGCC
14469	e16_c1_GTGACGCGTATTGACC
14470	e16_c1_GTGAGCCAGACGACGT
14471	e16_c1_GTGAGCCGTCTCACAA
14472	e16_c1_GTGAGCCGTGCTCTCT
14473	e16_c1_GTGAGGAAGATGCTAA
14474	e16_c1_GTGAGGATCCGTGACG
14475	e16_c1_GTGAGTTAGGACTAAT
14476	e16_c1_GTGAGTTCACACCTTC
14477	e16_c1_GTGATGTAGAGTGACC
14478	e16_c1_GTGATGTAGTCGAAAT
14479	e16_c1_GTGATGTGTAGGTGCA
14480	e16_c1_GTGCACGCAACCGTAT
14481	e16_c1_GTGCACGCATACTTTC
14482	e16_c1_GTGCACGCATGGTGGA
14483	e16_c1_GTGCAGCCAAATTAGG
14484	e16_c1_GTGCAGCCAATTGCGT
14485	e16_c1_GTGCAGCCAGGAGGAG
14486	e16_c1_GTGCAGCGTAGAGGAA
14487	e16_c1_GTGCAGCGTTACCCTC
14488	e16_c1_GTGCAGCTCCCGAAAT
14489	e16_c1_GTGCGTGGTCTCGACG
14490	e16_c1_GTGCGTGGTTGACTGT
14491	e16_c1_GTGCGTGTCAACTCTT
14492	e16_c1_GTGCTGGCAACTGATC
14493	e16_c1_GTGCTGGTCAAGAGGC
14494	e16_c1_GTGCTTCAGTTCATGC
14495	e16_c1_GTGCTTCCATACAGAA
14496	e16_c1_GTGCTTCGTATCACCA
14497	e16_c1_GTGGAAGAGGGCAATC
14498	e16_c1_GTGGAAGAGTCTGTAC
14499	e16_c1_GTGGAAGCAGAGTTGG
14500	e16_c1_GTGGAAGGTGCTCCGA
14501	e16_c1_GTGGAAGTCCCTCGTA
14502	e16_c1_GTGGAAGTCCGAACGC
14503	e16_c1_GTGGAGAAGAATCCCT
14504	e16_c1_GTGGAGAAGATCACCT
14505	e16_c1_GTGGAGACAGCACAAG
14506	e16_c1_GTGGAGAGTCTGTGGC
14507	e16_c1_GTGGCGTAGCAATTAG
14508	e16_c1_GTGGCGTAGGACAACC
14509	e16_c1_GTGGCGTGTTCCTAAG
14510	e16_c1_GTGGCGTGTTGAGGAC
14511	e16_c1_GTGGGAAAGAGATTCA
14512	e16_c1_GTGGGAAGTTTGACAC
14513	e16_c1_GTGGGAATCAAAGGTA
14514	e16_c1_GTGGTTACACAACGTT
14515	e16_c1_GTGGTTACACTCCTGT
14516	e16_c1_GTGTAACCAAAGAACT
14517	e16_c1_GTGTAACGTTGTGGAG
14518	e16_c1_GTGTCCTAGGGCCCTT
14519	e16_c1_GTGTCCTCATGACGGA
14520	e16_c1_GTGTCCTCATTGAAGA
14521	e16_c1_GTGTCCTTCCTAGCGG
14522	e16_c1_GTGTGATAGTAAACGT
14523	e16_c1_GTGTGATCAAGCGAAC
14524	e16_c1_GTGTGATCAAGCGCTC
14525	e16_c1_GTGTGGCAGATACGAT
14526	e16_c1_GTGTGGCAGCACACAG
14527	e16_c1_GTGTGGCAGTGCCGAA
14528	e16_c1_GTGTGGCCAAGAGTAT
14529	e16_c1_GTGTGGCCAGCAGTAG
14530	e16_c1_GTGTGGCGTCTCTCTG
14531	e16_c1_GTGTTAGAGATACTGA
14532	e16_c1_GTGTTAGAGTGTAGAT
14533	e16_c1_GTGTTAGGTCGAATTC
14534	e16_c1_GTGTTAGTCATTATCC
14535	e16_c1_GTGTTAGTCTCCCAAC
14536	e16_c1_GTTACCCAGAGCCCAA
14537	e16_c1_GTTACCCCACCAAATC
14538	e16_c1_GTTACCCCACTACTTT
14539	e16_c1_GTTACCCGTAGACAGC
14540	e16_c1_GTTACCCTCAGCGTCG
14541	e16_c1_GTTACCCTCTGACCCT
14542	e16_c1_GTTACGACAACTGGTT
14543	e16_c1_GTTACGAGTGAATATG
14544	e16_c1_GTTACGATCCACCCTA
14545	e16_c1_GTTAGACAGCGCCTAC
14546	e16_c1_GTTAGACAGGGCGAGA
14547	e16_c1_GTTAGACCAGCAGTAG
14548	e16_c1_GTTAGTGAGGCCACCT
14549	e16_c1_GTTAGTGAGTTCATGC
14550	e16_c1_GTTAGTGCAGGGATAC
14551	e16_c1_GTTAGTGCATGACTAC
14552	e16_c1_GTTATGGCAAATCAGA
14553	e16_c1_GTTATGGCAATTCTCT
14554	e16_c1_GTTATGGCACCGTCGA
14555	e16_c1_GTTATGGCAGTTCACA
14556	e16_c1_GTTATGGGTATCTCGA
14557	e16_c1_GTTATGGGTGCAGATG
14558	e16_c1_GTTCATTAGGGCTGAT
14559	e16_c1_GTTCATTAGTCACGAG
14560	e16_c1_GTTCATTAGTTATGGA
14561	e16_c1_GTTCATTCAGACGATG
14562	e16_c1_GTTCATTTCAACGAGG
14563	e16_c1_GTTCCGTAGGATCACG
14564	e16_c1_GTTCCGTAGTGGTGAC
14565	e16_c1_GTTCCGTCACTGTGAT
14566	e16_c1_GTTCGCTCACGAGAAC
14567	e16_c1_GTTCGCTCAGCGGATA
14568	e16_c1_GTTCGCTTCAATCTTC
14569	e16_c1_GTTCGCTTCAATGCAC
14570	e16_c1_GTTCTATTCATAGCAC
14571	e16_c1_GTTGAACCAATCACGT
14572	e16_c1_GTTGAACTCCTGGGTG
14573	e16_c1_GTTGAACTCGGCATTA
14574	e16_c1_GTTGCGGAGAGCAGTC
14575	e16_c1_GTTGCGGCACAGCTTA
14576	e16_c1_GTTGCGGTCGAACTCA
14577	e16_c1_GTTGCGGTCGCATGAT
14578	e16_c1_GTTGCTCAGTCCCTAA
14579	e16_c1_GTTGTAGAGGGACACT
14580	e16_c1_GTTGTAGCAATGGCAG
14581	e16_c1_GTTGTAGCAGATACCT
14582	e16_c1_GTTGTAGCATCGTCCT
14583	e16_c1_GTTGTCCAGATGACAT
14584	e16_c1_GTTGTCCCACGACAGA
14585	e16_c1_GTTGTCCTCACATTGG
14586	e16_c1_GTTTACTAGGTACAAT
14587	e16_c1_GTTTACTTCAACTTTC
14588	e16_c1_GTTTACTTCGCATAGT
14589	e16_c1_GTTTACTTCTAGAACC
14590	e16_c1_GTTTGGACAGGCGTTC
14591	e16_c1_GTTTGGAGTTCCGCGA
14592	e16_c1_TAACACGAGGTACATA
14593	e16_c1_TAACACGCAGACCAAG
14594	e16_c1_TAACCAGAGTGGTTAA
14595	e16_c1_TAACCAGAGTTGAAAC
14596	e16_c1_TAACCAGTCTAGGCAT
14597	e16_c1_TAACCAGTCTGTCCGT
14598	e16_c1_TAACGACCAATGCAAA
14599	e16_c1_TAACGACGTCGCTTAA
14600	e16_c1_TAACGACGTTTCGTAG
14601	e16_c1_TAACGACTCCATTGTT
14602	e16_c1_TAACTTCAGGCATGGT
14603	e16_c1_TAACTTCTCGTCAAAC
14604	e16_c1_TAAGCACAGTGAGGCT
14605	e16_c1_TAAGCACCATCTAGAC
14606	e16_c1_TAAGCACTCCGTAATG
14607	e16_c1_TAAGCCAGTACTGCCG
14608	e16_c1_TAAGCCAGTCTGATAC
14609	e16_c1_TAAGCCAGTTTGACAC
14610	e16_c1_TAAGCGTGTCTTGCTC
14611	e16_c1_TAAGCGTTCATTCGTT
14612	e16_c1_TAAGCGTTCTCCAAGA
14613	e16_c1_TAAGTCGAGGACTTCT
14614	e16_c1_TAAGTCGAGGTACCTT
14615	e16_c1_TAAGTCGGTCTGTCCT
14616	e16_c1_TAATCTCAGCGCCTCA
14617	e16_c1_TAATTCCCAAAGCAAT
14618	e16_c1_TAATTCCGTGCTAGCC
14619	e16_c1_TAATTCCGTTGGGACA
14620	e16_c1_TACAACGGTCCACTTC
14621	e16_c1_TACACCCCATATCTCT
14622	e16_c1_TACACCCGTTGTCAGT
14623	e16_c1_TACAGGTAGCTTTCCC
14624	e16_c1_TACAGGTAGGCAGGTT
14625	e16_c1_TACAGGTCAAGAATAC
14626	e16_c1_TACAGGTCACTCCGGA
14627	e16_c1_TACATTCCACATACTG
14628	e16_c1_TACATTCTCGGTCGAC
14629	e16_c1_TACATTCTCTAGTTCT
14630	e16_c1_TACCCACAGCACTAAA
14631	e16_c1_TACCCACCAATAGGGC
14632	e16_c1_TACCCACTCAAGCTTG
14633	e16_c1_TACCCGTAGGAAAGTG
14634	e16_c1_TACCCGTGTCATGACT
14635	e16_c1_TACCGAAAGACCGCCT
14636	e16_c1_TACCGAAAGGGTTTCT
14637	e16_c1_TACCGAACACCGTGAC
14638	e16_c1_TACCGAAGTCATAAAG
14639	e16_c1_TACCGAATCTCTCTAA
14640	e16_c1_TACCTCGGTCACTCAA
14641	e16_c1_TACCTCGGTTGCGAAG
14642	e16_c1_TACCTGCCACACGGAA
14643	e16_c1_TACGCTCAGCTGTTCA
14644	e16_c1_TACGCTCCACAAACGG
14645	e16_c1_TACGCTCGTATAGGGC
14646	e16_c1_TACGGGCAGCACTCTA
14647	e16_c1_TACGGGCCACTATGTG
14648	e16_c1_TACGGGCCATAGCTGT
14649	e16_c1_TACGGGCGTACAGTAA
14650	e16_c1_TACGGGCGTATTCCTT
14651	e16_c1_TACGGGCTCAAAGGAT
14652	e16_c1_TACGGTAAGGACCCAA
14653	e16_c1_TACGGTACAGATTTCG
14654	e16_c1_TACGTCCAGGGCTTCC
14655	e16_c1_TACGTCCAGTTACGGG
14656	e16_c1_TACGTCCGTCAGTCCG
14657	e16_c1_TACGTCCTCGAGTCCG
14658	e16_c1_TACTGCCAGGCTTAGG
14659	e16_c1_TACTGCCGTCATCGGC
14660	e16_c1_TACTGCCTCACCCTTG
14661	e16_c1_TACTGCCTCACTCACC
14662	e16_c1_TACTGCCTCTTTCCGG
14663	e16_c1_TACTTACAGTTTCGGT
14664	e16_c1_TACTTACGTATGTCTG
14665	e16_c1_TACTTACGTCCGGATC
14666	e16_c1_TACTTCACAGGAATAT
14667	e16_c1_TACTTCATCAGACATC
14668	e16_c1_TACTTGTAGGGTTAAT
14669	e16_c1_TACTTGTAGGTGATCG
14670	e16_c1_TACTTGTCACCGGCTA
14671	e16_c1_TACTTGTCACGGGTAA
14672	e16_c1_TACTTGTTCCGTCCTA
14673	e16_c1_TAGACCAAGTACGAGC
14674	e16_c1_TAGACCACAACGGCCT
14675	e16_c1_TAGACCAGTCGAACGA
14676	e16_c1_TAGACCATCAAGCGTT
14677	e16_c1_TAGACCATCATGGGAG
14678	e16_c1_TAGACTGAGGCTGTAG
14679	e16_c1_TAGACTGCAGGCGTTC
14680	e16_c1_TAGACTGGTACGTTCA
14681	e16_c1_TAGACTGGTTCAACGT
14682	e16_c1_TAGAGTCAGCAGCACA
14683	e16_c1_TAGAGTCAGGCGAAGG
14684	e16_c1_TAGAGTCGTCGAAACG
14685	e16_c1_TAGATCGAGCTTTCCC
14686	e16_c1_TAGATCGGTCGCACGT
14687	e16_c1_TAGATCGTCCTGCCAT
14688	e16_c1_TAGCACAAGCTGCGAA
14689	e16_c1_TAGCACACAGGCATTT
14690	e16_c1_TAGCACATCATGAGTC
14691	e16_c1_TAGGAGGAGAGGGTCT
14692	e16_c1_TAGGAGGCATGTTCAG
14693	e16_c1_TAGGAGGGTCCTGAAT
14694	e16_c1_TAGGAGGGTGAGCCAA
14695	e16_c1_TAGGAGGTCCGATCGG
14696	e16_c1_TAGGAGGTCTGAGATC
14697	e16_c1_TAGGGTTAGAAGGATG
14698	e16_c1_TAGGGTTGTAACCCGC
14699	e16_c1_TAGGTACAGCGGCTCT
14700	e16_c1_TAGGTACCAGGCGAAT
14701	e16_c1_TAGGTACTCATCGCAA
14702	e16_c1_TAGGTACTCTGCTAGA
14703	e16_c1_TAGGTTGAGTATAGAC
14704	e16_c1_TAGGTTGAGTTCCTGA
14705	e16_c1_TAGGTTGGTTCGATTG
14706	e16_c1_TAGGTTGTCGTCGCTT
14707	e16_c1_TAGTGCAAGGTAGACC
14708	e16_c1_TAGTGCAAGTTTGGCT
14709	e16_c1_TAGTGCATCAAACGAA
14710	e16_c1_TATACCTCAACTCGAT
14711	e16_c1_TATACCTCACGGCCAT
14712	e16_c1_TATACCTCAGAGATTA
14713	e16_c1_TATACCTTCATGTCTT
14714	e16_c1_TATATCCCACAACGAG
14715	e16_c1_TATCAGGAGTAAGAGG
14716	e16_c1_TATCAGGCATGGATCT
14717	e16_c1_TATCCTAAGCGCCATC
14718	e16_c1_TATCCTAAGCGCTGAA
14719	e16_c1_TATCCTACAAATAAGC
14720	e16_c1_TATCCTACATGAGGGT
14721	e16_c1_TATCCTAGTATGAGAT
14722	e16_c1_TATCGCCAGGTCGTCC
14723	e16_c1_TATCGCCAGTAACGTA
14724	e16_c1_TATCGCCGTGTCCAAT
14725	e16_c1_TATCGCCTCACTCCGT
14726	e16_c1_TATCGCCTCGCCTTGT
14727	e16_c1_TATCTGTCAGTCGTTA
14728	e16_c1_TATCTGTCATCCAACA
14729	e16_c1_TATCTTGAGGTATAGT
14730	e16_c1_TATGTTCAGACGCTCC
14731	e16_c1_TATGTTCTCAAGAGTA
14732	e16_c1_TATGTTCTCACTACGA
14733	e16_c1_TATTCCAGTCGTAATC
14734	e16_c1_TATTCCAGTTTCACTT
14735	e16_c1_TATTGCTCATGCACTA
14736	e16_c1_TATTGCTGTCAAATCC
14737	e16_c1_TATTGCTGTTGGGTTT
14738	e16_c1_TATTGCTGTTGTAAAG
14739	e16_c1_TATTGGGAGTCTGGTT
14740	e16_c1_TATTGGGCACCCTGTT
14741	e16_c1_TATTGGGGTCCGGTGT
14742	e16_c1_TATTGGGGTGCACGCT
14743	e16_c1_TATTGGGTCGCAATGT
14744	e16_c1_TATTTCGAGAGTCACG
14745	e16_c1_TATTTCGAGTATGAGT
14746	e16_c1_TATTTCGCAAGAGCTG
14747	e16_c1_TATTTCGCACCAATTG
14748	e16_c1_TATTTCGGTTAGCGGA
14749	e16_c1_TATTTCGGTTTACGTG
14750	e16_c1_TATTTCGTCAGTGTGT
14751	e16_c1_TCAAGACCAGCTACAT
14752	e16_c1_TCAAGACGTATATGGA
14753	e16_c1_TCAAGACTCTCAACCC
14754	e16_c1_TCAAGCACACACCAGC
14755	e16_c1_TCAAGCACAGACCTGC
14756	e16_c1_TCAAGCACAGCTATTG
14757	e16_c1_TCAAGCACATGACGAG
14758	e16_c1_TCAAGTGCATGGCTAT
14759	e16_c1_TCAAGTGGTGCCGTTG
14760	e16_c1_TCAAGTGTCGTTAGTG
14761	e16_c1_TCAATCTAGTTGCGCC
14762	e16_c1_TCAATCTCAGTGCGCT
14763	e16_c1_TCAATCTTCTGGGAGA
14764	e16_c1_TCAATTCGTCTCCTGT
14765	e16_c1_TCACAAGAGAATAACC
14766	e16_c1_TCACAAGAGACATCCT
14767	e16_c1_TCACAAGTCGTTGCCT
14768	e16_c1_TCACACCGTGAATGTA
14769	e16_c1_TCACACCTCTGCGGCA
14770	e16_c1_TCACATTCAGGAATAT
14771	e16_c1_TCACATTTCACCATGA
14772	e16_c1_TCACATTTCCATTTAC
14773	e16_c1_TCACATTTCTCTAAGG
14774	e16_c1_TCACGCTCAACATCGT
14775	e16_c1_TCACGCTCAACCACAT
14776	e16_c1_TCACGCTCATAATCCG
14777	e16_c1_TCACGCTGTGCAGGAT
14778	e16_c1_TCACGCTTCAAAGAAC
14779	e16_c1_TCACGCTTCTACCCAC
14780	e16_c1_TCACGGGAGGAGGGTG
14781	e16_c1_TCACGGGAGGTTAAAC
14782	e16_c1_TCACGGGCACGTTGGC
14783	e16_c1_TCACGGGCAGGATCTT
14784	e16_c1_TCACGGGTCGGTGTTA
14785	e16_c1_TCACGGGTCTTGAACG
14786	e16_c1_TCACTATAGACACACG
14787	e16_c1_TCACTATAGCGGGTTA
14788	e16_c1_TCACTATCAATTGAAG
14789	e16_c1_TCACTATGTGGAAATT
14790	e16_c1_TCACTCGCAACCAACT
14791	e16_c1_TCAGCAAGTAATCAGA
14792	e16_c1_TCAGCCTAGCGTGAGT
14793	e16_c1_TCAGCCTAGGTTCTTG
14794	e16_c1_TCAGCCTGTGGTACAG
14795	e16_c1_TCAGGGCCAAGTTCCA
14796	e16_c1_TCAGGGCGTTGCACGC
14797	e16_c1_TCAGGTAGTAATTGGA
14798	e16_c1_TCAGTCCCAAGAGATT
14799	e16_c1_TCAGTCCCATACCATG
14800	e16_c1_TCAGTCCTCAGGAAGC
14801	e16_c1_TCAGTCCTCATTGCCC
14802	e16_c1_TCAGTGATCTCTATGT
14803	e16_c1_TCAGTTTAGAACCCGA
14804	e16_c1_TCAGTTTAGGCTCCCA
14805	e16_c1_TCAGTTTGTGTTTCTT
14806	e16_c1_TCATACTAGGGCTGAT
14807	e16_c1_TCATACTGTAGACAAT
14808	e16_c1_TCATACTGTAGTGTGG
14809	e16_c1_TCATATCAGCCTCAAT
14810	e16_c1_TCATATCAGCGTGCTC
14811	e16_c1_TCATATCAGTGGCCTC
14812	e16_c1_TCATATCCACGATTCA
14813	e16_c1_TCATATCTCTAGAGCT
14814	e16_c1_TCATCATAGGTCCGAA
14815	e16_c1_TCATCATAGTCCTGCG
14816	e16_c1_TCATCATCAAGAGGCT
14817	e16_c1_TCATCATCAGGTTACT
14818	e16_c1_TCATCATTCGATGCAT
14819	e16_c1_TCATCCGGTCCAGAAG
14820	e16_c1_TCATGAGCACTGCACG
14821	e16_c1_TCATGCCAGTGCCAGA
14822	e16_c1_TCATGCCCAGCGTAGA
14823	e16_c1_TCATGCCGTGAGTCAG
14824	e16_c1_TCATGCCGTGTATCCA
14825	e16_c1_TCATGCCGTTTGATCG
14826	e16_c1_TCATGGATCCAATCTT
14827	e16_c1_TCATGGATCGACACTA
14828	e16_c1_TCATGTTCAAATCCCA
14829	e16_c1_TCATGTTCACTGCGAC
14830	e16_c1_TCATGTTGTGTTAACC
14831	e16_c1_TCATTACAGATGCTGG
14832	e16_c1_TCATTACAGCAGCCTC
14833	e16_c1_TCATTACAGCGTGAGT
14834	e16_c1_TCATTACCAGGAGGAG
14835	e16_c1_TCATTACGTCAGACGA
14836	e16_c1_TCATTCAAGTTTGGCT
14837	e16_c1_TCATTCACAAGTTCGT
14838	e16_c1_TCATTCAGTCGTCGGT
14839	e16_c1_TCATTCAGTGCGAGTA
14840	e16_c1_TCATTCATCAGTGTTG
14841	e16_c1_TCATTGTAGGGCAATC
14842	e16_c1_TCATTGTCAACAGCTT
14843	e16_c1_TCATTGTCAGCTTTGA
14844	e16_c1_TCATTGTTCTCGAACA
14845	e16_c1_TCATTTGCAATGTCAC
14846	e16_c1_TCATTTGCATACCAGT
14847	e16_c1_TCATTTGGTGTAAATG
14848	e16_c1_TCCACCAAGAGTGTTA
14849	e16_c1_TCCACCAAGGGTTAGC
14850	e16_c1_TCCACCAAGTCTACCA
14851	e16_c1_TCCACCATCCGATAGT
14852	e16_c1_TCCACCATCGTGACTA
14853	e16_c1_TCCACGTAGTTGCATC
14854	e16_c1_TCCACGTCAAGGCGTA
14855	e16_c1_TCCACGTCACCTAAAC
14856	e16_c1_TCCACGTTCTTTGGAG
14857	e16_c1_TCCAGAACATAGCTGT
14858	e16_c1_TCCAGAAGTACCTAAC
14859	e16_c1_TCCAGAAGTATGGGAC
14860	e16_c1_TCCATCGAGCTGACCC
14861	e16_c1_TCCATCGAGGTACAGC
14862	e16_c1_TCCATCGGTAGGAAAG
14863	e16_c1_TCCCACAAGGTGTGAC
14864	e16_c1_TCCCACACAAGTGGAC
14865	e16_c1_TCCCACACATAGGTAA
14866	e16_c1_TCCCACAGTGACAGGT
14867	e16_c1_TCCCACATCGCATTAG
14868	e16_c1_TCCCAGTAGCTGACCC
14869	e16_c1_TCCCAGTCAGGTCCGT
14870	e16_c1_TCCCATGAGATGAATC
14871	e16_c1_TCCCATGAGTTCATCG
14872	e16_c1_TCCCATGTCTATACGG
14873	e16_c1_TCCGAAACAATTTCTC
14874	e16_c1_TCCGAAACACCGAATT
14875	e16_c1_TCCGAAAGTAGCACGA
14876	e16_c1_TCCGAAAGTCCAAGAG
14877	e16_c1_TCCGAAAGTGTTCGAT
14878	e16_c1_TCCGAAATCGTTCAGA
14879	e16_c1_TCCGATCAGTGAGTGC
14880	e16_c1_TCCGATCAGTGCCGAA
14881	e16_c1_TCCGGGAAGGAAACGA
14882	e16_c1_TCCGGGAAGTACCCTA
14883	e16_c1_TCCGGGAGTCGCTTAA
14884	e16_c1_TCCGGGAGTTCGGACC
14885	e16_c1_TCCGGGATCATCCTAT
14886	e16_c1_TCCGTGTGTGGTCCCA
14887	e16_c1_TCCTAATAGACGCATG
14888	e16_c1_TCCTAATAGACTTCCA
14889	e16_c1_TCCTAATCAAGAGAGA
14890	e16_c1_TCCTAATGTCAGACGA
14891	e16_c1_TCCTCCCCATTGCCTC
14892	e16_c1_TCCTCGACAACCACAT
14893	e16_c1_TCCTCGACAGCTACTA
14894	e16_c1_TCCTCGACATACCGTA
14895	e16_c1_TCCTCGACATTGAGGG
14896	e16_c1_TCCTCGATCTGGCCTT
14897	e16_c1_TCCTCTTGTGATCATC
14898	e16_c1_TCCTCTTTCGACGTCG
14899	e16_c1_TCCTGCACAAGCAGGT
14900	e16_c1_TCCTGCAGTAGGCAAC
14901	e16_c1_TCCTGCAGTAGTCGGA
14902	e16_c1_TCCTGCAGTGGGATTG
14903	e16_c1_TCCTGCATCGGTATGT
14904	e16_c1_TCCTGCATCTGCCTCA
14905	e16_c1_TCCTTCTGTAGTATAG
14906	e16_c1_TCCTTCTGTATCTCGA
14907	e16_c1_TCCTTCTTCGCCTTTG
14908	e16_c1_TCCTTTCCAGTCGGAA
14909	e16_c1_TCGAACAAGTGATAGT
14910	e16_c1_TCGAACACAACCCTCT
14911	e16_c1_TCGAACACACCAGACC
14912	e16_c1_TCGACCTAGGCCTTGC
14913	e16_c1_TCGACGGTCCGGCAAC
14914	e16_c1_TCGATTTCACTTCTCG
14915	e16_c1_TCGCACTCAACGGTAG
14916	e16_c1_TCGCACTGTCCCGCAA
14917	e16_c1_TCGCAGGAGCCGTTAT
14918	e16_c1_TCGCAGGAGGTCGTGA
14919	e16_c1_TCGCTCAAGAGCCTGA
14920	e16_c1_TCGCTCAGTATTGACC
14921	e16_c1_TCGCTCAGTCGCTTAA
14922	e16_c1_TCGCTCAGTCGTAATC
14923	e16_c1_TCGCTTGAGGATATAC
14924	e16_c1_TCGCTTGAGTCTCCTC
14925	e16_c1_TCGCTTGCACGGCTAC
14926	e16_c1_TCGCTTGCAGTCTTCC
14927	e16_c1_TCGGATAAGAGCATCG
14928	e16_c1_TCGGATAGTATCAAGA
14929	e16_c1_TCGGATAGTTTCCATT
14930	e16_c1_TCGGATATCTCGAACA
14931	e16_c1_TCGGGACAGATTGACA
14932	e16_c1_TCGGGACTCATTGTTC
14933	e16_c1_TCGGGCATCCGTATAG
14934	e16_c1_TCGGGTGCATTGTCGA
14935	e16_c1_TCGGGTGGTGCTTATG
14936	e16_c1_TCGGTCTAGAAGTGTT
14937	e16_c1_TCGGTCTAGGTCGTAG
14938	e16_c1_TCGGTCTAGTCTTGGT
14939	e16_c1_TCGGTCTCAACCGTAT
14940	e16_c1_TCGGTCTTCTCGTTTA
14941	e16_c1_TCGTCCAAGGACCCAA
14942	e16_c1_TCGTCCACATCAGTCA
14943	e16_c1_TCGTGCTAGTGATAGT
14944	e16_c1_TCGTGCTTCGTAACAC
14945	e16_c1_TCGTGGGAGCTGGAGT
14946	e16_c1_TCTAACTTCCGTCCTA
14947	e16_c1_TCTACATGTGAATTGA
14948	e16_c1_TCTACCGAGCAAACAT
14949	e16_c1_TCTACCGAGGACAACC
14950	e16_c1_TCTATACAGTATGGAT
14951	e16_c1_TCTATACTCAACCTCC
14952	e16_c1_TCTATCAAGTCAGCGA
14953	e16_c1_TCTATCACAGTTTCAG
14954	e16_c1_TCTCACGAGAGAACCC
14955	e16_c1_TCTCACGCAAACTGCT
14956	e16_c1_TCTCACGCACGCGTGT
14957	e16_c1_TCTCAGCCAAACCGGA
14958	e16_c1_TCTCAGCCATCCGGCA
14959	e16_c1_TCTCAGCGTCGCAGTC
14960	e16_c1_TCTCAGCTCAGACCGC
14961	e16_c1_TCTCCGAAGCCTTTCC
14962	e16_c1_TCTCCGACATGTGCTA
14963	e16_c1_TCTCCGATCAGTCATG
14964	e16_c1_TCTCCGATCCACGGAC
14965	e16_c1_TCTCTGGCAAGGTCAG
14966	e16_c1_TCTCTGGCAGTCCCGA
14967	e16_c1_TCTCTGGTCCAGTACA
14968	e16_c1_TCTCTGGTCTTCCTAA
14969	e16_c1_TCTGCCACAGGAGACT
14970	e16_c1_TCTGCCAGTCACTCTC
14971	e16_c1_TCTGCCATCCAGTACA
14972	e16_c1_TCTGGCTAGTGGAATT
14973	e16_c1_TCTGGCTAGTGTAGTA
14974	e16_c1_TCTGGCTGTCTTCTAT
14975	e16_c1_TCTGGCTTCATTTCCA
14976	e16_c1_TCTGTCGCACTGCGTG
14977	e16_c1_TCTGTCGCAGACACAG
14978	e16_c1_TCTGTCGTCTTACGTT
14979	e16_c1_TCTTAGTAGACCGCCT
14980	e16_c1_TCTTCCTAGGTAATCA
14981	e16_c1_TCTTCCTCACCGAATT
14982	e16_c1_TCTTCCTGTCCCGTGA
14983	e16_c1_TCTTGCGAGACGTCGA
14984	e16_c1_TCTTGCGAGTTGGGAC
14985	e16_c1_TCTTGCGTCTTCCACG
14986	e16_c1_TCTTTGAAGCTCAGAG
14987	e16_c1_TCTTTGAAGTGCCGAA
14988	e16_c1_TCTTTGAGTCAGGTGA
14989	e16_c1_TCTTTGAGTGCATGTT
14990	e16_c1_TCTTTGATCAGTCAGT
14991	e16_c1_TCTTTGATCCTACAAG
14992	e16_c1_TGAACGTCAACCAATC
14993	e16_c1_TGAACGTCAATTGAAG
14994	e16_c1_TGAACGTCACATGAAA
14995	e16_c1_TGAACGTGTAACGATA
14996	e16_c1_TGAACGTGTTCAACGT
14997	e16_c1_TGAACGTTCTTCGCTG
14998	e16_c1_TGAATCGCACCTCGTT
14999	e16_c1_TGAATCGGTCGTTTCC
15000	e16_c1_TGAATCGTCCCATAAG
15001	e16_c1_TGAATGCCAACTGCTA
15002	e16_c1_TGAATGCCAATGTCTG
15003	e16_c1_TGAATGCCACTCACTC
15004	e16_c1_TGACAGTAGGTCCCTG
15005	e16_c1_TGACAGTGTCGACTGC
15006	e16_c1_TGACAGTGTCTCCTGT
15007	e16_c1_TGACAGTGTGCTATTG
15008	e16_c1_TGACAGTTCATTTCGT
15009	e16_c1_TGACCCTAGGAGTCTG
15010	e16_c1_TGACCCTAGGGCAGAG
15011	e16_c1_TGACCCTAGTCGAAGC
15012	e16_c1_TGACCCTCACTCGATA
15013	e16_c1_TGACCCTCAGATCCAT
15014	e16_c1_TGACCCTGTCGTGGTC
15015	e16_c1_TGACCCTTCTAACGCA
15016	e16_c1_TGACCCTTCTCTATGT
15017	e16_c1_TGACGCGAGAAGGTAG
15018	e16_c1_TGACGCGCAGTGGCTC
15019	e16_c1_TGACGCGGTACAGAAT
15020	e16_c1_TGACGCGGTCACCGAC
15021	e16_c1_TGACGCGGTTCCCACT
15022	e16_c1_TGACGCGTCTGGTGGC
15023	e16_c1_TGACTCCCACGGTCTG
15024	e16_c1_TGACTCCCAGAGCCCT
15025	e16_c1_TGACTCCCAGCACAAG
15026	e16_c1_TGACTCCCATTCACCC
15027	e16_c1_TGACTCCTCGAAGCCC
15028	e16_c1_TGAGACTCAATAGTAG
15029	e16_c1_TGAGACTGTGTCCCTT
15030	e16_c1_TGAGACTTCCGGCAGT
15031	e16_c1_TGAGCATGTCGCTTAA
15032	e16_c1_TGAGCGCAGGATACGC
15033	e16_c1_TGAGCGCGTATTTCGG
15034	e16_c1_TGAGCGCTCCTCGCAT
15035	e16_c1_TGAGCGCTCGACCAAT
15036	e16_c1_TGAGCGCTCGATCCAA
15037	e16_c1_TGAGGAGAGGCTTTCA
15038	e16_c1_TGAGGAGGTCAATCTG
15039	e16_c1_TGAGGAGGTGGAGAAA
15040	e16_c1_TGAGGAGTCTCTATGT
15041	e16_c1_TGAGGGACACTGCATA
15042	e16_c1_TGAGGGAGTGCATTTG
15043	e16_c1_TGAGGGATCTCCACTG
15044	e16_c1_TGAGGTTAGCGACTGA
15045	e16_c1_TGAGGTTCAGACGATG
15046	e16_c1_TGAGTCAAGTAAACAC
15047	e16_c1_TGAGTCACAGGCTTGC
15048	e16_c1_TGAGTCACAGGTTACT
15049	e16_c1_TGAGTCAGTATATGGA
15050	e16_c1_TGAGTCATCTGCATAG
15051	e16_c1_TGATCAGCAGACAAAT
15052	e16_c1_TGATCAGCAGCAGTGA
15053	e16_c1_TGATCTTAGATGACCG
15054	e16_c1_TGATCTTCACGTGAGA
15055	e16_c1_TGATCTTTCATTTGCT
15056	e16_c1_TGATGCACACCTTCCA
15057	e16_c1_TGATGCACACGCAGTC
15058	e16_c1_TGATGCATCTAGCCTC
15059	e16_c1_TGATGGTAGCCGTTAT
15060	e16_c1_TGATGGTAGGAGTCTG
15061	e16_c1_TGATGGTGTCCTCCTA
15062	e16_c1_TGATGGTTCATTCGTT
15063	e16_c1_TGATGGTTCGTTAGTG
15064	e16_c1_TGATTCTAGAGCAAGA
15065	e16_c1_TGATTCTCACAATGCT
15066	e16_c1_TGATTCTCACCGCTAG
15067	e16_c1_TGATTCTTCCATACAG
15068	e16_c1_TGATTTCAGATGCTAA
15069	e16_c1_TGATTTCAGCATTTGC
15070	e16_c1_TGATTTCAGGCCACTC
15071	e16_c1_TGATTTCAGGTCATCT
15072	e16_c1_TGATTTCCATCAGTCA
15073	e16_c1_TGATTTCGTACCGCGT
15074	e16_c1_TGCACGGAGTAATACG
15075	e16_c1_TGCACGGTCTGGCCAG
15076	e16_c1_TGCAGATCAGCACACC
15077	e16_c1_TGCAGATCATAGAATG
15078	e16_c1_TGCAGATGTGTTGAGG
15079	e16_c1_TGCAGATGTTAGTTCG
15080	e16_c1_TGCAGGCAGAGTCAAT
15081	e16_c1_TGCAGGCCAAGTGCTT
15082	e16_c1_TGCATCCAGAATCGCG
15083	e16_c1_TGCATCCCACCGTGAC
15084	e16_c1_TGCATCCGTGAATGTA
15085	e16_c1_TGCATGAGTGCATACT
15086	e16_c1_TGCCGAGAGAGGATGA
15087	e16_c1_TGCCGAGCAATGTCAC
15088	e16_c1_TGCCGAGCAGCTTTGA
15089	e16_c1_TGCCGAGTCTACTATC
15090	e16_c1_TGCGACGAGCGTCAGA
15091	e16_c1_TGCGACGTCGTCGATA
15092	e16_c1_TGCGACGTCTCTGCTG
15093	e16_c1_TGCGATAAGATCGCTT
15094	e16_c1_TGCGATAGTGACAGCA
15095	e16_c1_TGCGGCAGTCTTACAG
15096	e16_c1_TGCGGCAGTTTCCAAG
15097	e16_c1_TGCGGCATCGCCAGTG
15098	e16_c1_TGCTCCAAGTAATACG
15099	e16_c1_TGCTCCAGTTCGATTG
15100	e16_c1_TGCTCCATCATGAAAG
15101	e16_c1_TGCTCGTCACAGTCGC
15102	e16_c1_TGCTCGTCATTAGGAA
15103	e16_c1_TGCTCGTTCGTAACAC
15104	e16_c1_TGCTCGTTCTCGGCTT
15105	e16_c1_TGCTTCGAGAGAATCT
15106	e16_c1_TGCTTGCCAAGCTACT
15107	e16_c1_TGCTTGCCAATCGTCA
15108	e16_c1_TGCTTGCGTCATCACA
15109	e16_c1_TGCTTGCTCGTCTACC
15110	e16_c1_TGGAACTGTAACATCC
15111	e16_c1_TGGAACTGTATACCTG
15112	e16_c1_TGGAACTTCATGAGAA
15113	e16_c1_TGGAACTTCGATTCCC
15114	e16_c1_TGGAGAGGTAGCTGCC
15115	e16_c1_TGGAGGAGTAACAGTA
15116	e16_c1_TGGATCAAGGCCGCTT
15117	e16_c1_TGGATCATCAAGAGTA
15118	e16_c1_TGGATGTAGCCTGCCA
15119	e16_c1_TGGATGTTCAACGAGG
15120	e16_c1_TGGATGTTCCTAAGTG
15121	e16_c1_TGGCGTGAGCATATGA
15122	e16_c1_TGGCGTGGTAACTTCG
15123	e16_c1_TGGCGTGGTATTGACC
15124	e16_c1_TGGCGTGGTCTTGAGT
15125	e16_c1_TGGCGTGTCATCGACA
15126	e16_c1_TGGCGTGTCGTAGTCA
15127	e16_c1_TGGGAAGAGCAGCCCT
15128	e16_c1_TGGGAAGAGGCGTTGA
15129	e16_c1_TGGGAAGAGTCACTCA
15130	e16_c1_TGGGAAGTCAGGAACG
15131	e16_c1_TGGGAGAAGGCACAAC
15132	e16_c1_TGGGATTGTAGGACCA
15133	e16_c1_TGGGATTTCGCGGACT
15134	e16_c1_TGGGATTTCTCCCATG
15135	e16_c1_TGGGCGTAGCACAAAT
15136	e16_c1_TGGGCGTAGGTTATAG
15137	e16_c1_TGGGCGTGTTGCATAC
15138	e16_c1_TGGGCGTTCTGCCTCA
15139	e16_c1_TGGGCTGAGGATTACA
15140	e16_c1_TGGGCTGGTAAGAACT
15141	e16_c1_TGGGCTGGTGGATCGA
15142	e16_c1_TGGGTTAAGAGTCCGA
15143	e16_c1_TGGGTTAAGGTCGCCT
15144	e16_c1_TGGGTTACAAGCGCTC
15145	e16_c1_TGGTACAAGTGGAAGA
15146	e16_c1_TGGTAGTAGGTCTACT
15147	e16_c1_TGGTAGTAGGTTATAG
15148	e16_c1_TGGTAGTCACCTGCTT
15149	e16_c1_TGGTAGTCAGAGGCTA
15150	e16_c1_TGGTAGTGTTCAAACC
15151	e16_c1_TGGTGATAGAAAGCGA
15152	e16_c1_TGGTGATAGGGTTGCA
15153	e16_c1_TGGTGATCACGGGTAA
15154	e16_c1_TGGTGATTCCGGCAGT
15155	e16_c1_TGGTGATTCCTCAGAA
15156	e16_c1_TGGTTAGAGACCTCAT
15157	e16_c1_TGGTTAGAGACGCATG
15158	e16_c1_TGGTTAGCAAGCAATA
15159	e16_c1_TGGTTAGGTGGTAACG
15160	e16_c1_TGGTTAGTCATCTACT
15161	e16_c1_TGTAACGCAAGTTTGC
15162	e16_c1_TGTAACGCACGTAACT
15163	e16_c1_TGTAACGGTGATACTC
15164	e16_c1_TGTAACGGTTTACACG
15165	e16_c1_TGTAACGTCTCATTAC
15166	e16_c1_TGTAAGCAGTCGAATA
15167	e16_c1_TGTAAGCTCGAAGTGG
15168	e16_c1_TGTAAGCTCGGTGAAG
15169	e16_c1_TGTACAGAGGAAAGTG
15170	e16_c1_TGTACAGAGGCGAAGG
15171	e16_c1_TGTAGACGTCGAGATG
15172	e16_c1_TGTAGACGTGGATCAG
15173	e16_c1_TGTAGACTCCTACAAG
15174	e16_c1_TGTCAGAAGCAACTCT
15175	e16_c1_TGTCAGAAGCGTCTGC
15176	e16_c1_TGTCAGATCTCTAAGG
15177	e16_c1_TGTCCACAGATTCGAA
15178	e16_c1_TGTCCACCACTGGCGT
15179	e16_c1_TGTCCACCAGGCATGA
15180	e16_c1_TGTCCACGTCACTTAG
15181	e16_c1_TGTCCACTCGCTGACG
15182	e16_c1_TGTCCCAAGCTTCTAG
15183	e16_c1_TGTCCCACAAAGTGTA
15184	e16_c1_TGTCCCACATCATTGG
15185	e16_c1_TGTCCCATCGAGTCCG
15186	e16_c1_TGTCCCATCGCTCTAC
15187	e16_c1_TGTCCCATCGGTTCAA
15188	e16_c1_TGTCCTGCAAGAGGTC
15189	e16_c1_TGTCCTGCATCTGCGG
15190	e16_c1_TGTGAGTCAGGACAGT
15191	e16_c1_TGTGAGTTCACTTCTA
15192	e16_c1_TGTGAGTTCGAATGCT
15193	e16_c1_TGTGATGAGCTGTCCG
15194	e16_c1_TGTGCGGTCAGATGCT
15195	e16_c1_TGTGGCGCAGTGTGGA
15196	e16_c1_TGTGGCGGTCGAATGG
15197	e16_c1_TGTGGCGGTGTTACTG
15198	e16_c1_TGTGGCGTCTGTCGTC
15199	e16_c1_TGTGTGACAGCAGAAC
15200	e16_c1_TGTGTGACAGTCACGC
15201	e16_c1_TGTGTGACATGCCATA
15202	e16_c1_TGTGTGAGTAGAGGAA
15203	e16_c1_TGTTACTCAGATTCGT
15204	e16_c1_TGTTACTGTGTAAATG
15205	e16_c1_TGTTACTGTTGCATGT
15206	e16_c1_TGTTCATCACCGAATT
15207	e16_c1_TGTTCCGAGAGCCGAT
15208	e16_c1_TGTTCCGCAAGAATAC
15209	e16_c1_TGTTCCGGTATCGTGT
15210	e16_c1_TGTTCCGGTCCAGCGT
15211	e16_c1_TGTTCCGTCTACTCAT
15212	e16_c1_TGTTCTAAGCTGAGCA
15213	e16_c1_TGTTCTACAACCAATC
15214	e16_c1_TGTTCTATCAAACGAA
15215	e16_c1_TGTTCTATCTTGATTC
15216	e16_c1_TGTTGGAAGAAATTCG
15217	e16_c1_TGTTGGAGTAAGCAAT
15218	e16_c1_TGTTGGAGTGGCAACA
15219	e16_c1_TGTTGGATCTAGAGCT
15220	e16_c1_TGTTTGTAGAGTTCGG
15221	e16_c1_TGTTTGTAGGAAAGGT
15222	e16_c1_TTAATCCAGGCCTAGA
15223	e16_c1_TTAATCCTCAAGAGTA
15224	e16_c1_TTACAGGGTAAGGCTG
15225	e16_c1_TTACAGGTCCGGCAGT
15226	e16_c1_TTACCATAGCGATCGA
15227	e16_c1_TTACCATAGTCTGGAG
15228	e16_c1_TTACCATCATCGCCTT
15229	e16_c1_TTACCATCATTGACCA
15230	e16_c1_TTACCGCAGCACAAAT
15231	e16_c1_TTACCGCAGGCTCAAG
15232	e16_c1_TTACCGCCATGGAATA
15233	e16_c1_TTACCGCGTACAGTCT
15234	e16_c1_TTACCGCGTTGCGTAT
15235	e16_c1_TTACCGCTCCTCACTG
15236	e16_c1_TTACGCCAGCTCAGAG
15237	e16_c1_TTACGCCTCTATTGTC
15238	e16_c1_TTACGTTAGAGAATCT
15239	e16_c1_TTACGTTTCCCGAGAC
15240	e16_c1_TTACTGTAGCGGATCA
15241	e16_c1_TTACTGTGTGCTCGTG
15242	e16_c1_TTACTGTTCAGAGTTC
15243	e16_c1_TTAGGCAGTACGCTTA
15244	e16_c1_TTAGGCATCGGAATTC
15245	e16_c1_TTAGGGTAGCTTAAGA
15246	e16_c1_TTAGGGTCATCACGGC
15247	e16_c1_TTAGGGTGTCGTACAT
15248	e16_c1_TTAGGGTGTTATTCTC
15249	e16_c1_TTAGGGTTCAACTGAC
15250	e16_c1_TTAGTCTAGACTACCT
15251	e16_c1_TTAGTCTAGCCTCTTC
15252	e16_c1_TTATTGCTCGAAACAA
15253	e16_c1_TTCAATCGTTCGGCCA
15254	e16_c1_TTCAATCTCAGAGTTC
15255	e16_c1_TTCACCGAGGCATCGA
15256	e16_c1_TTCACCGGTAACACCT
15257	e16_c1_TTCACCGGTAGCCAGA
15258	e16_c1_TTCACCGGTCCCGTGA
15259	e16_c1_TTCACCGGTGTCATGT
15260	e16_c1_TTCACCGTCGCCTATC
15261	e16_c1_TTCACGCAGAAGTCCG
15262	e16_c1_TTCACGCAGAGTCCGA
15263	e16_c1_TTCACGCAGGCGCTTC
15264	e16_c1_TTCACGCCAGTTGTCA
15265	e16_c1_TTCACGCGTTCCTAGA
15266	e16_c1_TTCAGGACAGCGATTT
15267	e16_c1_TTCAGGACAGCGGTCT
15268	e16_c1_TTCAGGAGTTCAGGTT
15269	e16_c1_TTCAGGATCGGCTTGG
15270	e16_c1_TTCATGTTCGTAGGGA
15271	e16_c1_TTCATGTTCTTGCAAG
15272	e16_c1_TTCATTGAGAAGCTCG
15273	e16_c1_TTCATTGGTACCAGAG
15274	e16_c1_TTCCAATAGACAGCGT
15275	e16_c1_TTCCAATGTCTCCTGT
15276	e16_c1_TTCCACGGTACAACGG
15277	e16_c1_TTCCACGGTTAAGGGC
15278	e16_c1_TTCCACGTCCCTCTCC
15279	e16_c1_TTCCGGTAGGATACCG
15280	e16_c1_TTCCGGTAGGCGTCCT
15281	e16_c1_TTCCGGTAGGTGCGAT
15282	e16_c1_TTCCGGTGTAACCAGG
15283	e16_c1_TTCCGGTGTGCACATT
15284	e16_c1_TTCCGGTGTTATCCAG
15285	e16_c1_TTCCTAAAGCGATCGA
15286	e16_c1_TTCCTAACAAAGCACG
15287	e16_c1_TTCCTAAGTACTTCCC
15288	e16_c1_TTCCTAAGTGGATTTC
15289	e16_c1_TTCCTAATCCTCGATC
15290	e16_c1_TTCCTCTGTGTTCAGT
15291	e16_c1_TTCCTTCAGAGCAAGA
15292	e16_c1_TTCCTTCCACGACGTC
15293	e16_c1_TTCCTTCGTTGGACTT
15294	e16_c1_TTCGATTAGAGAGCGG
15295	e16_c1_TTCGATTCACGTCGGT
15296	e16_c1_TTCGCTGAGTAGAGTT
15297	e16_c1_TTCGCTGGTACCTTCC
15298	e16_c1_TTCGCTGTCCTAAACG
15299	e16_c1_TTCGCTGTCGTGCACG
15300	e16_c1_TTCGGTCAGCAGCACA
15301	e16_c1_TTCGGTCAGGTTCACT
15302	e16_c1_TTCGGTCCAAGAGATT
15303	e16_c1_TTCGGTCGTATTTCGG
15304	e16_c1_TTCGGTCTCACGGACC
15305	e16_c1_TTCTAACAGCCACTCG
15306	e16_c1_TTCTAACCAGTATGAA
15307	e16_c1_TTCTAGTTCTCCGAAA
15308	e16_c1_TTCTCTCCAAGTATAG
15309	e16_c1_TTCTCTCGTAGACTGG
15310	e16_c1_TTCTCTCTCAATCGGT
15311	e16_c1_TTCTCTCTCTCGGTCT
15312	e16_c1_TTCTGTACAAAGACGC
15313	e16_c1_TTCTGTACAAGGACAC
15314	e16_c1_TTCTGTAGTCGTAATC
15315	e16_c1_TTCTGTAGTGCTCGTG
15316	e16_c1_TTCTGTATCGTCGGGT
15317	e16_c1_TTCTTCCAGCAATTCC
15318	e16_c1_TTCTTGACAGCAGTTT
15319	e16_c1_TTCTTGAGTGGCTAGA
15320	e16_c1_TTCTTGATCCATACTT
15321	e16_c1_TTCTTGATCGCCAACG
15322	e16_c1_TTGAACGGTGGCCACT
15323	e16_c1_TTGACCCGTATCGCAT
15324	e16_c1_TTGACCCGTATCGGTT
15325	e16_c1_TTGACCCGTCGGAACA
15326	e16_c1_TTGACCCGTGCCGTAC
15327	e16_c1_TTGAGTGAGCAGTCTT
15328	e16_c1_TTGAGTGCACGGCTAC
15329	e16_c1_TTGATGGCACAAGTGG
15330	e16_c1_TTGATGGGTGTCCACG
15331	e16_c1_TTGATGGGTTACGATC
15332	e16_c1_TTGCATTCAACGCATT
15333	e16_c1_TTGCATTGTGATACTC
15334	e16_c1_TTGCCTGAGGTTTACC
15335	e16_c1_TTGCCTGCAATGGCAG
15336	e16_c1_TTGCCTGCACTATGTG
15337	e16_c1_TTGCCTGCAGACCAGA
15338	e16_c1_TTGCCTGGTTAGAGAT
15339	e16_c1_TTGCCTGGTTATCCAG
15340	e16_c1_TTGCGTCTCTCGGCTT
15341	e16_c1_TTGCTGCGTGGCTGCT
15342	e16_c1_TTGGATGGTAGGCAGT
15343	e16_c1_TTGGATGGTATTTCCT
15344	e16_c1_TTGGATGGTCACCACG
15345	e16_c1_TTGGATGTCAGGTGTT
15346	e16_c1_TTGGGATAGATCGCTT
15347	e16_c1_TTGGGATGTCCAATCA
15348	e16_c1_TTGGGCGCAAATCAAG
15349	e16_c1_TTGGGCGCAAGCAGGT
15350	e16_c1_TTGGGCGGTACCGTCG
15351	e16_c1_TTGGGCGGTCATCTAG
15352	e16_c1_TTGGGTACAACCGATT
15353	e16_c1_TTGGGTAGTGAATATG
15354	e16_c1_TTGGTTTGTATGGAGC
15355	e16_c1_TTGGTTTTCACTAGCA
15356	e16_c1_TTGTGGAAGACCACGA
15357	e16_c1_TTGTGGAAGTCCCTAA
15358	e16_c1_TTGTGGACAAATTGGA
15359	e16_c1_TTGTGGAGTTCAATCG
15360	e16_c1_TTGTGTTGTCCTCATC
15361	e16_c1_TTGTGTTGTTCTTGCC
15362	e16_c1_TTGTGTTGTTTACGAC
15363	e16_c1_TTGTGTTTCATCCTAT
15364	e16_c1_TTGTGTTTCTGCGGGT
15365	e16_c1_TTGTTCAAGCACGGAT
15366	e16_c1_TTGTTCAAGCGCCTTG
15367	e16_c1_TTGTTCACACACAGAG
15368	e16_c1_TTGTTGTCATGACTGT
15369	e16_c1_TTGTTGTTCGATAACC
15370	e16_c1_TTGTTTGCAGCAGACA
15371	e16_c1_TTGTTTGTCAGCAATC
15372	e16_c1_TTGTTTGTCCCAGCGA
15373	e16_c1_TTGTTTGTCGCGTGCA
15374	e16_c1_TTTACCAAGAGTCAAT
15375	e16_c1_TTTACCAAGCGCACAA
15376	e16_c1_TTTACCACAGAAGTTA
15377	e16_c1_TTTACGTAGTGTAGAT
15378	e16_c1_TTTACGTCATGACAGG
15379	e16_c1_TTTACGTTCTGAATGC
15380	e16_c1_TTTACTGCAACCGTGC
15381	e16_c1_TTTACTGCAATCTGCA
15382	e16_c1_TTTACTGCACACGCCA
15383	e16_c1_TTTACTGCATGTTCGA
15384	e16_c1_TTTACTGGTGTAGGAC
15385	e16_c1_TTTAGTCAGTCCCAAT
15386	e16_c1_TTTAGTCTCGCAGTTA
15387	e16_c1_TTTATGCAGACGAAGA
15388	e16_c1_TTTATGCAGTTACGAA
15389	e16_c1_TTTATGCGTCAAAGAT
15390	e16_c1_TTTCACAAGATAGTCA
15391	e16_c1_TTTCACAAGGTTAGTA
15392	e16_c1_TTTCACAAGTGGTGAC
15393	e16_c1_TTTCACACATCTTAGG
15394	e16_c1_TTTCACAGTAACAGGC
15395	e16_c1_TTTCACATCATGAGAA
15396	e16_c1_TTTCACATCGAGTACT
15397	e16_c1_TTTCAGTAGGGCATGT
15398	e16_c1_TTTCAGTCACACACTA
15399	e16_c1_TTTCAGTGTGGTCCCA
15400	e16_c1_TTTCAGTTCCTGTAGA
15401	e16_c1_TTTCAGTTCTCACCCA
15402	e16_c1_TTTCATGGTAGAGACC
15403	e16_c1_TTTCCTCCATGACAAA
15404	e16_c1_TTTCCTCTCGCTCCTA
15405	e16_c1_TTTCGATAGAACCGCA
15406	e16_c1_TTTCGATAGTCTGGTT
15407	e16_c1_TTTCGATCATATCGGT
15408	e16_c1_TTTCGATGTTAGAGTA
15409	e16_c1_TTTCGATTCATGCTAG
15410	e16_c1_TTTCGATTCTTACACT
15411	e16_c1_TTTCGATTCTTTCTAG
15412	e16_c1_TTTGACTCAATGGCCC
15413	e16_c1_TTTGACTCACTACGGC
15414	e16_c1_TTTGACTCAGTGCGCT
15415	e16_c1_TTTGACTGTATCGATC
15416	e16_c1_TTTGATCAGGAGAGTA
15417	e16_c1_TTTGATCCACGACAAG
15418	e16_c1_TTTGATCGTAGTTAGA
15419	e16_c1_TTTGATCGTCCGAAAG
15420	e16_c1_TTTGATCGTTGCTCCT
15421	e16_c1_TTTGGAGCAATTCTCT
15422	e16_c1_TTTGGAGGTCTTAGTG
15423	e16_c1_TTTGGTTCATCATGAC
15424	e16_c1_TTTGGTTGTGATACCT
15425	e16_c1_TTTGGTTGTGGGATTG
15426	e16_c1_TTTGGTTTCGGTCTAA
15427	e16_c1_TTTGTTGAGCCTGTGC
15428	e16_c1_TTTGTTGGTAATCAAG
15429	e16_c1_TTTGTTGTCGACTCCT
