0	e16_s1_AAACCCAAGCATGTTC
1	e16_s1_AAACCCAAGCCGTAAG
2	e16_s1_AAACCCAAGCGCCGTT
3	e16_s1_AAACCCAAGGACACTG
4	e16_s1_AAACCCAAGTTGCCCG
5	e16_s1_AAACCCACAACATCGT
6	e16_s1_AAACCCACAACGGCCT
7	e16_s1_AAACCCACAACGGCTC
8	e16_s1_AAACCCACACAGCATT
9	e16_s1_AAACCCACAGCATTGT
10	e16_s1_AAACCCACATAGAAAC
11	e16_s1_AAACGAAAGGAGACCT
12	e16_s1_AAACGAACATTAAAGG
13	e16_s1_AAACGAAGTAAGGCTG
14	e16_s1_AAACGAAGTCAGGTAG
15	e16_s1_AAACGAAGTGATACCT
16	e16_s1_AAACGAATCCGTTGGG
17	e16_s1_AAACGAATCTCACTCG
18	e16_s1_AAACGCTAGTCATACC
19	e16_s1_AAACGCTCACGATTCA
20	e16_s1_AAACGCTCAGGACTTT
21	e16_s1_AAACGCTCAGTTTCGA
22	e16_s1_AAACGCTGTATCAGGG
23	e16_s1_AAACGCTGTCTTTCTA
24	e16_s1_AAACGCTGTGATATAG
25	e16_s1_AAACGCTGTGCCTTTC
26	e16_s1_AAACGCTGTGGCTACC
27	e16_s1_AAACGCTGTGTTGAGG
28	e16_s1_AAACGCTTCCGTGTGG
29	e16_s1_AAACGCTTCGAGCTGC
30	e16_s1_AAAGAACAGCCATGCC
31	e16_s1_AAAGAACAGGGTGAAA
32	e16_s1_AAAGAACAGTCAGCGA
33	e16_s1_AAAGAACCATTCGGGC
34	e16_s1_AAAGAACGTATCGTTG
35	e16_s1_AAAGAACGTATCTCTT
36	e16_s1_AAAGAACGTCATGGCC
37	e16_s1_AAAGAACGTCGTATGT
38	e16_s1_AAAGAACGTGCGGATA
39	e16_s1_AAAGAACTCACTTGTT
40	e16_s1_AAAGAACTCGTAACAC
41	e16_s1_AAAGGATAGATCGGTG
42	e16_s1_AAAGGATAGCACGTCC
43	e16_s1_AAAGGATAGCGATTCT
44	e16_s1_AAAGGATAGTTTGTCG
45	e16_s1_AAAGGATCAAGCTGCC
46	e16_s1_AAAGGATCAGGTCCCA
47	e16_s1_AAAGGATGTTAGCGGA
48	e16_s1_AAAGGATTCCTCTCTT
49	e16_s1_AAAGGATTCCTTTGAT
50	e16_s1_AAAGGATTCGAAGTGG
51	e16_s1_AAAGGGCAGAATTGCA
52	e16_s1_AAAGGGCCATACACCA
53	e16_s1_AAAGGGCGTACTTGTG
54	e16_s1_AAAGGGCTCAGACCCG
55	e16_s1_AAAGGGCTCGGCTGAC
56	e16_s1_AAAGGGCTCTAGACCA
57	e16_s1_AAAGGTAAGCCAAGTG
58	e16_s1_AAAGGTAAGGGCGAGA
59	e16_s1_AAAGGTAAGTGGTTGG
60	e16_s1_AAAGGTAGTAACATAG
61	e16_s1_AAAGGTAGTACAGGTG
62	e16_s1_AAAGGTAGTGCAATAA
63	e16_s1_AAAGTCCAGACGAGCT
64	e16_s1_AAAGTCCAGAGAGCAA
65	e16_s1_AAAGTCCAGGAACTAT
66	e16_s1_AAAGTCCAGGTTTACC
67	e16_s1_AAAGTCCAGTCACGCC
68	e16_s1_AAAGTCCAGTGGATAT
69	e16_s1_AAAGTCCCAACTGATC
70	e16_s1_AAAGTCCCAGCTTCCT
71	e16_s1_AAAGTCCCATCCTCAC
72	e16_s1_AAAGTCCGTGGGTTGA
73	e16_s1_AAAGTCCGTTGGCCGT
74	e16_s1_AAAGTCCTCAGCGCGT
75	e16_s1_AAAGTCCTCTACTATC
76	e16_s1_AAAGTGAAGGGTCACA
77	e16_s1_AAAGTGAAGGGTTAAT
78	e16_s1_AAAGTGACAATCCTAG
79	e16_s1_AAAGTGACATACAGGG
80	e16_s1_AAAGTGAGTCTAATCG
81	e16_s1_AAAGTGAGTCTTTATC
82	e16_s1_AAATGGAAGAATACAC
83	e16_s1_AAATGGAAGATGAAGG
84	e16_s1_AAATGGAAGATTTGCC
85	e16_s1_AAATGGAAGCCTAACT
86	e16_s1_AAATGGAAGTTGCTGT
87	e16_s1_AAATGGACACTACACA
88	e16_s1_AAATGGACAGAGTGTG
89	e16_s1_AAATGGACAGCTGAGA
90	e16_s1_AAATGGAGTGTAAACA
91	e16_s1_AAATGGATCCGCCTAT
92	e16_s1_AACAAAGAGAAACCCG
93	e16_s1_AACAAAGAGTACAACA
94	e16_s1_AACAAAGCATCATTTC
95	e16_s1_AACAAAGCATCGGATT
96	e16_s1_AACAAAGCATGTTCAG
97	e16_s1_AACAAAGTCATACAGC
98	e16_s1_AACAACCAGTCACTCA
99	e16_s1_AACAACCCAGTGGCTC
100	e16_s1_AACAACCCATTGCTTT
101	e16_s1_AACAACCGTGGAGGTT
102	e16_s1_AACAACCTCAGTAGGG
103	e16_s1_AACAACCTCATAGGCT
104	e16_s1_AACAACCTCCTACAAG
105	e16_s1_AACAACCTCGCATGAT
106	e16_s1_AACAAGAAGCCTGAGA
107	e16_s1_AACAAGACAACCGCTG
108	e16_s1_AACAAGACAACGACTT
109	e16_s1_AACAAGACAGCTATAC
110	e16_s1_AACAAGACAGTGAGCA
111	e16_s1_AACAAGACATCAGTCA
112	e16_s1_AACAAGATCGCAATGT
113	e16_s1_AACAAGATCTACCCAC
114	e16_s1_AACAAGATCTCCTGCA
115	e16_s1_AACACACAGCAACCAG
116	e16_s1_AACACACAGCGGATCA
117	e16_s1_AACACACAGGGTTGCA
118	e16_s1_AACACACAGTATGATG
119	e16_s1_AACACACAGTCTAACC
120	e16_s1_AACACACCAAAGCGTG
121	e16_s1_AACACACCAAGTCATC
122	e16_s1_AACACACTCACTCTTA
123	e16_s1_AACACACTCCATCAGA
124	e16_s1_AACAGGGAGCGTGAGT
125	e16_s1_AACAGGGAGGATTTCC
126	e16_s1_AACAGGGAGTTAGTGA
127	e16_s1_AACAGGGCAATACGCT
128	e16_s1_AACAGGGCATCATGAC
129	e16_s1_AACAGGGTCAGCGCGT
130	e16_s1_AACAGGGTCCATATGG
131	e16_s1_AACCAACCATGGCTAT
132	e16_s1_AACCAACTCTGTTCAT
133	e16_s1_AACCACAAGCTATCTG
134	e16_s1_AACCACAAGGATACAT
135	e16_s1_AACCACACAAAGGAGA
136	e16_s1_AACCACACACACGCCA
137	e16_s1_AACCACACACATTCTT
138	e16_s1_AACCACACACGGATCC
139	e16_s1_AACCACACAGCCCAGT
140	e16_s1_AACCACAGTTCCTTGC
141	e16_s1_AACCATGAGACATACA
142	e16_s1_AACCATGAGCCGGAAT
143	e16_s1_AACCATGAGCTCCGAC
144	e16_s1_AACCATGCAACTGTGT
145	e16_s1_AACCATGCACCATAAC
146	e16_s1_AACCATGCAGCTGAGA
147	e16_s1_AACCATGCAGTTTCGA
148	e16_s1_AACCATGCATACCATG
149	e16_s1_AACCATGGTATCGCAT
150	e16_s1_AACCATGGTCATTCCC
151	e16_s1_AACCATGTCACCATCC
152	e16_s1_AACCCAACAAACCACT
153	e16_s1_AACCCAACACGTAGTT
154	e16_s1_AACCCAACAGAGCTAG
155	e16_s1_AACCCAAGTCACCACG
156	e16_s1_AACCCAAGTCCAGTTA
157	e16_s1_AACCCAAGTTACTCAG
158	e16_s1_AACCCAATCCTTCAGC
159	e16_s1_AACCCAATCGAATGCT
160	e16_s1_AACCCAATCGACATTG
161	e16_s1_AACCCAATCTACTTCA
162	e16_s1_AACCCAATCTAGCCTC
163	e16_s1_AACCTGAAGATTGGGC
164	e16_s1_AACCTGAAGCCTCCAG
165	e16_s1_AACCTGAAGCTTGTGT
166	e16_s1_AACCTGAAGTCAGGGT
167	e16_s1_AACCTGACAGACCAGA
168	e16_s1_AACCTGACATGCTGCG
169	e16_s1_AACCTGATCGGTCAGC
170	e16_s1_AACCTGATCTGGTGGC
171	e16_s1_AACCTTTAGGAAAGAC
172	e16_s1_AACCTTTAGGAAGTAG
173	e16_s1_AACCTTTAGGTAAACT
174	e16_s1_AACCTTTAGGTAGTCG
175	e16_s1_AACCTTTAGTTCCGTA
176	e16_s1_AACCTTTCAAAGAGTT
177	e16_s1_AACCTTTCACGGCTAC
178	e16_s1_AACCTTTCAGCATTGT
179	e16_s1_AACCTTTCAGTGTGGA
180	e16_s1_AACCTTTCATGGAGAC
181	e16_s1_AACCTTTGTATTTCCT
182	e16_s1_AACCTTTGTCCGACGT
183	e16_s1_AACCTTTGTCGAACGA
184	e16_s1_AACCTTTTCCACTTTA
185	e16_s1_AACCTTTTCGATTCCC
186	e16_s1_AACCTTTTCGGCACTG
187	e16_s1_AACCTTTTCTGTCGTC
188	e16_s1_AACCTTTTCTTTACAC
189	e16_s1_AACGAAAAGAAGTCCG
190	e16_s1_AACGAAAAGATAACAC
191	e16_s1_AACGAAAAGCTGTTCA
192	e16_s1_AACGAAAAGGTCATAA
193	e16_s1_AACGAAAAGTTACTCG
194	e16_s1_AACGAAACATATTCGG
195	e16_s1_AACGAAAGTGGAACAC
196	e16_s1_AACGAAAGTGGACAGT
197	e16_s1_AACGAAATCAACTGGT
198	e16_s1_AACGAAATCTTCTTCC
199	e16_s1_AACGGGAAGGCTCTAT
200	e16_s1_AACGGGAAGTATAGGT
201	e16_s1_AACGGGACAACTGATC
202	e16_s1_AACGGGACAGACAAGC
203	e16_s1_AACGGGACAGGACATG
204	e16_s1_AACGGGAGTACAATAG
205	e16_s1_AACGGGAGTCCCGGTA
206	e16_s1_AACGGGAGTGTTTGCA
207	e16_s1_AACGGGATCGGTCTGG
208	e16_s1_AACGGGATCTCGGTCT
209	e16_s1_AACGGGATCTCTATGT
210	e16_s1_AACGTCAAGCTATCTG
211	e16_s1_AACGTCAAGGGAGGCA
212	e16_s1_AACGTCAAGGGTACGT
213	e16_s1_AACGTCACAACTACGT
214	e16_s1_AACGTCACACCCAAGC
215	e16_s1_AACGTCACAGTCGGTC
216	e16_s1_AACGTCAGTATGCTAC
217	e16_s1_AACGTCATCCGTACGG
218	e16_s1_AACGTCATCCGTCAAA
219	e16_s1_AACGTCATCTCGTCAC
220	e16_s1_AACGTCATCTTCTGTA
221	e16_s1_AACTTCTAGCCTCCAG
222	e16_s1_AACTTCTAGTGACCTT
223	e16_s1_AACTTCTCAAACACGG
224	e16_s1_AACTTCTCAGCTACCG
225	e16_s1_AACTTCTGTTGGTACT
226	e16_s1_AACTTCTTCCCTTGGT
227	e16_s1_AACTTCTTCGACCAAT
228	e16_s1_AAGAACAAGGTGCTGA
229	e16_s1_AAGAACACACATACGT
230	e16_s1_AAGAACACAGGTTACT
231	e16_s1_AAGAACAGTTAGAAGT
232	e16_s1_AAGAACAGTTGCTAGT
233	e16_s1_AAGAACATCCATTTAC
234	e16_s1_AAGAACATCGAGAACG
235	e16_s1_AAGACAAAGAACTTCC
236	e16_s1_AAGACAAAGCATCCTA
237	e16_s1_AAGACAACAAAGCTAA
238	e16_s1_AAGACAACAATCTCGA
239	e16_s1_AAGACAACACAGAGCA
240	e16_s1_AAGACAACACATAACC
241	e16_s1_AAGACAAGTACGGTTT
242	e16_s1_AAGACAAGTATTAAGG
243	e16_s1_AAGACAATCAAGTTGC
244	e16_s1_AAGACAATCATTCCTA
245	e16_s1_AAGACAATCGATTCCC
246	e16_s1_AAGACAATCTGTTCAT
247	e16_s1_AAGACTCCAACTGTGT
248	e16_s1_AAGACTCCACAAGTTC
249	e16_s1_AAGACTCCACACCGAC
250	e16_s1_AAGACTCGTACCGTCG
251	e16_s1_AAGACTCGTCGACGCT
252	e16_s1_AAGACTCGTGACGCCT
253	e16_s1_AAGACTCTCCAGGACC
254	e16_s1_AAGATAGAGCAGAAAG
255	e16_s1_AAGATAGAGGAAGTAG
256	e16_s1_AAGATAGAGTAACGTA
257	e16_s1_AAGATAGCAATACCCA
258	e16_s1_AAGATAGCAGGTCAAG
259	e16_s1_AAGATAGCATCATCTT
260	e16_s1_AAGATAGGTCCTGTCT
261	e16_s1_AAGATAGGTCTGTTAG
262	e16_s1_AAGATAGGTTACGATC
263	e16_s1_AAGATAGGTTCAGGTT
264	e16_s1_AAGATAGTCTTGCGCT
265	e16_s1_AAGCATCAGAAGATCT
266	e16_s1_AAGCATCAGCGGTAAC
267	e16_s1_AAGCATCCACATACGT
268	e16_s1_AAGCATCCATATCGGT
269	e16_s1_AAGCATCGTACAAGCG
270	e16_s1_AAGCATCGTCATCGCG
271	e16_s1_AAGCATCGTCTGCAAT
272	e16_s1_AAGCATCGTTCTCCCA
273	e16_s1_AAGCATCGTTTACGTG
274	e16_s1_AAGCATCTCATTCTTG
275	e16_s1_AAGCATCTCGTAGCTA
276	e16_s1_AAGCCATAGACGCATG
277	e16_s1_AAGCCATAGCCAGAGT
278	e16_s1_AAGCCATCAAGATGTA
279	e16_s1_AAGCCATGTGTCGATT
280	e16_s1_AAGCCATTCACTGTCC
281	e16_s1_AAGCCATTCCGGCAGT
282	e16_s1_AAGCCATTCGATGGAG
283	e16_s1_AAGCCATTCTAGGAAA
284	e16_s1_AAGCCATTCTTCTAAC
285	e16_s1_AAGCGAGAGCAACCAG
286	e16_s1_AAGCGAGAGCATCCTA
287	e16_s1_AAGCGAGAGTGAATAC
288	e16_s1_AAGCGAGAGTGGAATT
289	e16_s1_AAGCGAGCACACCAGC
290	e16_s1_AAGCGAGCACCTAAAC
291	e16_s1_AAGCGAGGTAACAGTA
292	e16_s1_AAGCGAGGTACGTGTT
293	e16_s1_AAGCGAGGTGTCCAAT
294	e16_s1_AAGCGAGGTTCAGCGC
295	e16_s1_AAGCGAGGTTGCTCGG
296	e16_s1_AAGCGAGTCACTTGTT
297	e16_s1_AAGCGAGTCAGGAACG
298	e16_s1_AAGCGTTAGAAACACT
299	e16_s1_AAGCGTTAGACATGCG
300	e16_s1_AAGCGTTAGGTGGTTG
301	e16_s1_AAGCGTTGTAGATCCT
302	e16_s1_AAGCGTTGTCATGCAT
303	e16_s1_AAGCGTTGTCGCCTAG
304	e16_s1_AAGCGTTTCATATGGC
305	e16_s1_AAGCGTTTCGCCTATC
306	e16_s1_AAGCGTTTCGGCCCAA
307	e16_s1_AAGCGTTTCGTTAGTG
308	e16_s1_AAGCGTTTCTGAACGT
309	e16_s1_AAGGAATAGTGAACAT
310	e16_s1_AAGGAATCAAGCGCAA
311	e16_s1_AAGGAATCACAGTCAT
312	e16_s1_AAGGAATGTACAGAAT
313	e16_s1_AAGGAATGTGTGCTTA
314	e16_s1_AAGGAATGTTCCGCAG
315	e16_s1_AAGGAATTCAAACTGC
316	e16_s1_AAGGAATTCAGCGGAA
317	e16_s1_AAGGAATTCATCAGTG
318	e16_s1_AAGGAATTCATTTCCA
319	e16_s1_AAGGTAAAGACTTCCA
320	e16_s1_AAGGTAAAGGAGGCAG
321	e16_s1_AAGGTAACACCTTCGT
322	e16_s1_AAGGTAACATGCCGGT
323	e16_s1_AAGGTAAGTTCGGTAT
324	e16_s1_AAGGTAATCACTGATG
325	e16_s1_AAGGTAATCATGTCAG
326	e16_s1_AAGTACCAGAACTGAT
327	e16_s1_AAGTACCCAAGGGTCA
328	e16_s1_AAGTACCCACCAATTG
329	e16_s1_AAGTACCCAGAATCGG
330	e16_s1_AAGTACCCAGACACCC
331	e16_s1_AAGTACCCATTCACCC
332	e16_s1_AAGTACCGTGACTGTT
333	e16_s1_AAGTACCGTGCTGTCG
334	e16_s1_AAGTACCTCACCTACC
335	e16_s1_AAGTACCTCATGCGGC
336	e16_s1_AAGTCGTAGGATGTTA
337	e16_s1_AAGTCGTAGGTGCTGA
338	e16_s1_AAGTCGTAGTGATAAC
339	e16_s1_AAGTCGTCAGCACGAA
340	e16_s1_AAGTCGTCATCGAAGG
341	e16_s1_AAGTCGTCATGGCACC
342	e16_s1_AAGTCGTGTACCGGCT
343	e16_s1_AAGTCGTTCTCGAACA
344	e16_s1_AAGTCGTTCTCTGGTC
345	e16_s1_AAGTCGTTCTGAGGTT
346	e16_s1_AAGTGAAAGAAGCCAC
347	e16_s1_AAGTGAAAGCTGGAGT
348	e16_s1_AAGTGAAAGGGATGTC
349	e16_s1_AAGTGAAAGTTGGCGA
350	e16_s1_AAGTGAACACCTCTAC
351	e16_s1_AAGTGAACAGCTCCTT
352	e16_s1_AAGTGAAGTATACCCA
353	e16_s1_AAGTGAAGTGATTCAC
354	e16_s1_AAGTGAATCGCTATTT
355	e16_s1_AAGTGAATCTAAGCGT
356	e16_s1_AAGTTCGCAAACCACT
357	e16_s1_AAGTTCGCACAGAGAC
358	e16_s1_AAGTTCGCAGCACAGA
359	e16_s1_AAGTTCGCAGGTTACT
360	e16_s1_AAGTTCGCATGGATCT
361	e16_s1_AAGTTCGGTGATTAGA
362	e16_s1_AAGTTCGGTTTGTGGT
363	e16_s1_AAGTTCGTCTCTCTTC
364	e16_s1_AATAGAGAGAGGCTGT
365	e16_s1_AATAGAGAGTTACGAA
366	e16_s1_AATAGAGCAAATGCTC
367	e16_s1_AATAGAGCAATGAGCG
368	e16_s1_AATAGAGCACTTGAAC
369	e16_s1_AATAGAGCACTTGGCG
370	e16_s1_AATAGAGCATACAGCT
371	e16_s1_AATAGAGGTGGTATGG
372	e16_s1_AATAGAGGTGTTCCAA
373	e16_s1_AATCACGAGCGCCCAT
374	e16_s1_AATCACGAGTACAGAT
375	e16_s1_AATCACGCAAGTTCGT
376	e16_s1_AATCACGCACTGATTG
377	e16_s1_AATCACGCATGTTTGG
378	e16_s1_AATCACGGTCACTCTC
379	e16_s1_AATCACGGTCATCGGC
380	e16_s1_AATCACGGTGCCCACA
381	e16_s1_AATCACGGTGTCATGT
382	e16_s1_AATCACGGTGTGTTTG
383	e16_s1_AATCACGGTGTTACTG
384	e16_s1_AATCACGGTTGCACGC
385	e16_s1_AATCACGTCAACCTCC
386	e16_s1_AATCACGTCAAGTCGT
387	e16_s1_AATCACGTCAGCTGTA
388	e16_s1_AATCACGTCCATGCAA
389	e16_s1_AATCACGTCCCTTTGG
390	e16_s1_AATCACGTCCTCTAAT
391	e16_s1_AATCACGTCGACACTA
392	e16_s1_AATCACGTCGCATAGT
393	e16_s1_AATCACGTCTACGCAA
394	e16_s1_AATCGACAGAGGATCC
395	e16_s1_AATCGACCAGAAATCA
396	e16_s1_AATCGACCAGAACTAA
397	e16_s1_AATCGACCAGGAATCG
398	e16_s1_AATCGACCAGTCAGCC
399	e16_s1_AATCGACGTACCATAC
400	e16_s1_AATCGACGTCTGTCAA
401	e16_s1_AATCGACTCTGTGTGA
402	e16_s1_AATCGTGAGTAAACAC
403	e16_s1_AATCGTGAGTGAGTTA
404	e16_s1_AATCGTGCAAACGAGC
405	e16_s1_AATCGTGGTACTAGCT
406	e16_s1_AATCGTGGTTTACACG
407	e16_s1_AATCGTGTCAAGTTGC
408	e16_s1_AATCGTGTCACGTCCT
409	e16_s1_AATCGTGTCCGCTAGG
410	e16_s1_AATCGTGTCCGTCACT
411	e16_s1_AATGAAGAGAACTGAT
412	e16_s1_AATGAAGAGAGTACCG
413	e16_s1_AATGAAGAGCAGCCTC
414	e16_s1_AATGAAGAGGGACACT
415	e16_s1_AATGAAGCACGTATAC
416	e16_s1_AATGAAGGTCGGAAAC
417	e16_s1_AATGAAGTCTCAGAAC
418	e16_s1_AATGACCAGACAGCTG
419	e16_s1_AATGACCAGGGAGTGG
420	e16_s1_AATGACCCATTCATCT
421	e16_s1_AATGACCGTGTTTGCA
422	e16_s1_AATGACCGTTCCCAAA
423	e16_s1_AATGACCTCACCGGTG
424	e16_s1_AATGACCTCCACGAAT
425	e16_s1_AATGACCTCCGAACGC
426	e16_s1_AATGCCAAGTATGGCG
427	e16_s1_AATGCCAAGTCAATCC
428	e16_s1_AATGCCAAGTGGGAAA
429	e16_s1_AATGCCACACCCTCTA
430	e16_s1_AATGCCACACTTTATC
431	e16_s1_AATGCCAGTCGATTTG
432	e16_s1_AATGCCATCAGCAATC
433	e16_s1_AATGCCATCATTGCGA
434	e16_s1_AATGCCATCCATAGAC
435	e16_s1_AATGCCATCCATCGTC
436	e16_s1_AATGCCATCTGCGATA
437	e16_s1_AATGGAAAGACTCAAA
438	e16_s1_AATGGAAAGCGATGAC
439	e16_s1_AATGGAAAGCTTAAGA
440	e16_s1_AATGGAAAGGCCTGAA
441	e16_s1_AATGGAACACTGAATC
442	e16_s1_AATGGAATCACCGCTT
443	e16_s1_AATGGAATCCGAGCTG
444	e16_s1_AATGGCTAGCACTCGC
445	e16_s1_AATGGCTAGTTACGAA
446	e16_s1_AATGGCTCAAAGGGTC
447	e16_s1_AATGGCTCACATAGCT
448	e16_s1_AATGGCTGTAACCAGG
449	e16_s1_AATGGCTGTACTGAGG
450	e16_s1_AATGGCTGTTCCATTT
451	e16_s1_AATGGCTTCATCAGTG
452	e16_s1_AATGGCTTCCGGCAGT
453	e16_s1_AATGGCTTCCGTCACT
454	e16_s1_AATGGCTTCCTCACCA
455	e16_s1_AATTCCTAGCAAGTCG
456	e16_s1_AATTCCTCACTATCGA
457	e16_s1_AATTCCTGTAAGCAAT
458	e16_s1_AATTCCTGTCAGGCAA
459	e16_s1_AATTCCTGTCGGCACT
460	e16_s1_AATTCCTGTCGTATGT
461	e16_s1_AATTCCTTCAATCTTC
462	e16_s1_AATTCCTTCATCGTAG
463	e16_s1_AATTCCTTCATTGTTC
464	e16_s1_AATTCCTTCCGAGTGC
465	e16_s1_AATTCCTTCGGAATGG
466	e16_s1_AATTTCCAGACAAGCC
467	e16_s1_AATTTCCAGCTGACCC
468	e16_s1_AATTTCCAGGCATTTC
469	e16_s1_AATTTCCCACATACTG
470	e16_s1_AATTTCCCAGATACCT
471	e16_s1_AATTTCCCATATCTCT
472	e16_s1_AATTTCCGTCGTGTTA
473	e16_s1_AATTTCCTCATGGGAG
474	e16_s1_AATTTCCTCATTGCGA
475	e16_s1_AATTTCCTCTATCGCC
476	e16_s1_AATTTCCTCTCCGCAT
477	e16_s1_ACAAAGAAGCAGCCTC
478	e16_s1_ACAAAGAAGCCAGAGT
479	e16_s1_ACAAAGAAGGGTAATT
480	e16_s1_ACAAAGATCCACGTCT
481	e16_s1_ACAAAGATCTTAAGGC
482	e16_s1_ACAACCAAGCAGCAGT
483	e16_s1_ACAACCAAGCTGAGTG
484	e16_s1_ACAACCAAGGTTCAGG
485	e16_s1_ACAACCAAGTCGCCAC
486	e16_s1_ACAACCAAGTGAGCCA
487	e16_s1_ACAACCACACAATCTG
488	e16_s1_ACAACCACAGATCATC
489	e16_s1_ACAACCACATGCGGTC
490	e16_s1_ACAACCACATTGGCAT
491	e16_s1_ACAACCAGTATCGAAA
492	e16_s1_ACAACCAGTGGATGAC
493	e16_s1_ACAACCAGTGTCTTGA
494	e16_s1_ACAACCAGTTTCGTAG
495	e16_s1_ACAACCATCCTTCTTC
496	e16_s1_ACAACCATCGAAGGAC
497	e16_s1_ACAACCATCTCTATGT
498	e16_s1_ACAAGCTAGCACACCC
499	e16_s1_ACAAGCTAGCATCAGG
500	e16_s1_ACAAGCTCACTAACGT
501	e16_s1_ACAAGCTCACTCTGCT
502	e16_s1_ACAAGCTGTCTCAGGC
503	e16_s1_ACAAGCTTCCGGACGT
504	e16_s1_ACAAGCTTCGATTGAC
505	e16_s1_ACAAGCTTCTCCCTAG
506	e16_s1_ACAAGCTTCTTCTCAA
507	e16_s1_ACACAGTAGGCCTGAA
508	e16_s1_ACACAGTAGTAACAGT
509	e16_s1_ACACAGTCAGCTTTCC
510	e16_s1_ACACAGTCATGTTTGG
511	e16_s1_ACACAGTTCAGAGCAG
512	e16_s1_ACACAGTTCATACAGC
513	e16_s1_ACACAGTTCCGACAGC
514	e16_s1_ACACAGTTCGCAGATT
515	e16_s1_ACACAGTTCTACTTCA
516	e16_s1_ACACAGTTCTCAGGCG
517	e16_s1_ACACAGTTCTTCCCGA
518	e16_s1_ACACCAAAGATCCAAA
519	e16_s1_ACACCAAAGCCATCCG
520	e16_s1_ACACCAAAGGCAATGC
521	e16_s1_ACACCAAAGGGCAGAG
522	e16_s1_ACACCAACAGACCCGT
523	e16_s1_ACACCAACATCGTGCG
524	e16_s1_ACACCAAGTAGGACTG
525	e16_s1_ACACCAAGTATCAGCT
526	e16_s1_ACACCAATCGAGAAAT
527	e16_s1_ACACCAATCGTGCACG
528	e16_s1_ACACCAATCTGAGATC
529	e16_s1_ACACCAATCTTTGCAT
530	e16_s1_ACACGCGAGATGAAGG
531	e16_s1_ACACGCGAGCATTTGC
532	e16_s1_ACACGCGCAAGGCCTC
533	e16_s1_ACACGCGCAAGTGTCT
534	e16_s1_ACACGCGCACGCAGTC
535	e16_s1_ACACGCGCATGGCCAC
536	e16_s1_ACACGCGGTTATGGTC
537	e16_s1_ACACGCGTCATGGCCG
538	e16_s1_ACACGCGTCCCATTCG
539	e16_s1_ACACGCGTCTGTTCAT
540	e16_s1_ACACTGAAGAAGTATC
541	e16_s1_ACACTGAAGTCACAGG
542	e16_s1_ACACTGAAGTTGGAGC
543	e16_s1_ACACTGACAACTCGAT
544	e16_s1_ACACTGACAATTGCAC
545	e16_s1_ACACTGACACTCTAGA
546	e16_s1_ACACTGACAGGAACCA
547	e16_s1_ACACTGACAGGTACGA
548	e16_s1_ACACTGAGTCACTAGT
549	e16_s1_ACACTGAGTCTCTCTG
550	e16_s1_ACACTGATCATTTGCT
551	e16_s1_ACACTGATCGTGACTA
552	e16_s1_ACACTGATCTGGCCAG
553	e16_s1_ACAGAAAAGTGATCGG
554	e16_s1_ACAGAAAAGTGGTTGG
555	e16_s1_ACAGAAACAAGATCCT
556	e16_s1_ACAGAAACACAATGCT
557	e16_s1_ACAGAAAGTTTACACG
558	e16_s1_ACAGCCGAGACTTCGT
559	e16_s1_ACAGCCGAGCTAAGTA
560	e16_s1_ACAGCCGAGGGATCGT
561	e16_s1_ACAGCCGAGTCACGCC
562	e16_s1_ACAGCCGCAGGGAGAG
563	e16_s1_ACAGCCGCATTGACCA
564	e16_s1_ACAGCCGTCAGCTAGT
565	e16_s1_ACAGCCGTCAGGACAG
566	e16_s1_ACAGCCGTCCGCCTAT
567	e16_s1_ACAGCCGTCTTTCCAA
568	e16_s1_ACAGGGAAGCTAATCC
569	e16_s1_ACAGGGAAGGACAAGA
570	e16_s1_ACAGGGACAAGCGATG
571	e16_s1_ACAGGGAGTGCGTGCT
572	e16_s1_ACAGGGATCAGGAAAT
573	e16_s1_ACAGGGATCATCTACT
574	e16_s1_ACAGGGATCATCTGTT
575	e16_s1_ACAGGGATCGTACACA
576	e16_s1_ACATCCCAGTAGTCAA
577	e16_s1_ACATCCCCACTAGAGG
578	e16_s1_ACATCCCCAGCTACTA
579	e16_s1_ACATCCCGTAGCGCTC
580	e16_s1_ACATCCCGTCAACATC
581	e16_s1_ACATCCCGTCACAGTT
582	e16_s1_ACATCCCTCCGATAGT
583	e16_s1_ACATCGAAGAAATTGC
584	e16_s1_ACATCGAAGCCTTCTC
585	e16_s1_ACATCGAAGCGAGGAG
586	e16_s1_ACATCGAAGCTCGACC
587	e16_s1_ACATCGACAAAGCTAA
588	e16_s1_ACATCGACAATAGTGA
589	e16_s1_ACATCGACAGAAACCG
590	e16_s1_ACATCGAGTATGAGAT
591	e16_s1_ACATCGAGTCCCTCAT
592	e16_s1_ACATCGATCCCGTAAA
593	e16_s1_ACATGCAAGCCTGTCG
594	e16_s1_ACATGCAAGCGCCATC
595	e16_s1_ACATGCAAGGATCATA
596	e16_s1_ACATGCACACTCAAGT
597	e16_s1_ACATGCACAGACAAGC
598	e16_s1_ACATGCACATAATCCG
599	e16_s1_ACATGCAGTATCGCGC
600	e16_s1_ACATGCAGTGGCTCTG
601	e16_s1_ACATGCAGTTTGTTCT
602	e16_s1_ACATTTCAGCGATTCT
603	e16_s1_ACATTTCAGTATTCCG
604	e16_s1_ACATTTCAGTCTAGCT
605	e16_s1_ACATTTCCAAACTCTG
606	e16_s1_ACATTTCCAATAGAGT
607	e16_s1_ACATTTCCATAGCTGT
608	e16_s1_ACATTTCGTAACACCT
609	e16_s1_ACATTTCGTAGCGAGT
610	e16_s1_ACATTTCGTATGCTAC
611	e16_s1_ACATTTCGTTAGGAGC
612	e16_s1_ACATTTCTCGTGTCAA
613	e16_s1_ACCAAACAGTAAACAC
614	e16_s1_ACCAAACAGTTCGGTT
615	e16_s1_ACCAAACCAAACGTGG
616	e16_s1_ACCAAACTCGGTAGGA
617	e16_s1_ACCAACAAGAAGTATC
618	e16_s1_ACCAACAAGAATTGTG
619	e16_s1_ACCAACAAGCGTTCAT
620	e16_s1_ACCAACAAGGGTCTTT
621	e16_s1_ACCAACAAGTTGCCTA
622	e16_s1_ACCAACACAGAGACTG
623	e16_s1_ACCAACACATTACGGT
624	e16_s1_ACCAACAGTACCTAGT
625	e16_s1_ACCAACAGTCCGAAAG
626	e16_s1_ACCAACATCCTATTGT
627	e16_s1_ACCAACATCTAGTGAC
628	e16_s1_ACCACAAAGAGTTGCG
629	e16_s1_ACCACAAAGCGAGTAC
630	e16_s1_ACCACAAAGCGGGTTA
631	e16_s1_ACCACAAGTTTGGCTA
632	e16_s1_ACCACAATCGCCAGAC
633	e16_s1_ACCACAATCGGCTGAC
634	e16_s1_ACCATTTAGTGCACAG
635	e16_s1_ACCATTTAGTGGTTAA
636	e16_s1_ACCATTTCAAGGTCGA
637	e16_s1_ACCATTTGTGAACTAA
638	e16_s1_ACCATTTGTGTGTACT
639	e16_s1_ACCATTTGTTATCCAG
640	e16_s1_ACCATTTTCTAAACGC
641	e16_s1_ACCCAAAAGAGCACTG
642	e16_s1_ACCCAAAAGCCTTCTC
643	e16_s1_ACCCAAAAGCGCGTTC
644	e16_s1_ACCCAAAAGCTCAGAG
645	e16_s1_ACCCAAAAGGATACAT
646	e16_s1_ACCCAAAAGGCATGGT
647	e16_s1_ACCCAAACACGGTGTC
648	e16_s1_ACCCAAAGTAGCTTGT
649	e16_s1_ACCCAAAGTGTTAAAG
650	e16_s1_ACCCAAATCGCTTTAT
651	e16_s1_ACCCAAATCTCCTACG
652	e16_s1_ACCCTCAAGCCGCTTG
653	e16_s1_ACCCTCAAGCGTTCCG
654	e16_s1_ACCCTCAAGCTACTAC
655	e16_s1_ACCCTCATCAAATGAG
656	e16_s1_ACCCTCATCCCTCTCC
657	e16_s1_ACCCTCATCGAGAAAT
658	e16_s1_ACCCTCATCGGCTGTG
659	e16_s1_ACCCTTGAGCGATGGT
660	e16_s1_ACCCTTGAGGAAGAAC
661	e16_s1_ACCCTTGCAAACGGCA
662	e16_s1_ACCCTTGCACGACTAT
663	e16_s1_ACCCTTGCACGGCTAC
664	e16_s1_ACCCTTGCAGAGATGC
665	e16_s1_ACCCTTGCATGGAACG
666	e16_s1_ACCCTTGTCATCACTT
667	e16_s1_ACCCTTGTCATTTGCT
668	e16_s1_ACCCTTGTCGCAGTGC
669	e16_s1_ACCCTTGTCTCACTCG
670	e16_s1_ACCCTTGTCTCGGCTT
671	e16_s1_ACCCTTGTCTTCCCGA
672	e16_s1_ACCGTTCAGCACTAGG
673	e16_s1_ACCGTTCAGCATAGGC
674	e16_s1_ACCGTTCAGTTATGGA
675	e16_s1_ACCGTTCCAATGGGTG
676	e16_s1_ACCGTTCCACGACTAT
677	e16_s1_ACCGTTCCACTAGTAC
678	e16_s1_ACCGTTCCAGGTCCGT
679	e16_s1_ACCGTTCCATGACTTG
680	e16_s1_ACCGTTCCATGTGCTA
681	e16_s1_ACCGTTCGTGGCTCTG
682	e16_s1_ACCGTTCGTTCTTCAT
683	e16_s1_ACCGTTCTCACTTCTA
684	e16_s1_ACCGTTCTCAGTCCGG
685	e16_s1_ACCGTTCTCCGTGTCT
686	e16_s1_ACCGTTCTCTCCGTGT
687	e16_s1_ACCGTTCTCTCCTGTG
688	e16_s1_ACCTACCAGACGGTTG
689	e16_s1_ACCTACCAGAGGGCGA
690	e16_s1_ACCTACCAGAGGTGCT
691	e16_s1_ACCTACCAGTAGGATT
692	e16_s1_ACCTACCCAAGCCCAC
693	e16_s1_ACCTACCGTCAGGTAG
694	e16_s1_ACCTACCGTCGTCAGC
695	e16_s1_ACCTACCTCAAACGAA
696	e16_s1_ACCTACCTCGTTCCTG
697	e16_s1_ACCTACCTCTGGCCTT
698	e16_s1_ACCTACCTCTTACGGA
699	e16_s1_ACCTACCTCTTTGCGC
700	e16_s1_ACCTGAAAGACTCATC
701	e16_s1_ACCTGAAAGGCGTCCT
702	e16_s1_ACCTGAACAGACATCT
703	e16_s1_ACCTGAACAGTCTACA
704	e16_s1_ACCTGAAGTGTCCAAT
705	e16_s1_ACCTGAAGTTGCTAGT
706	e16_s1_ACCTGAATCCCAACTC
707	e16_s1_ACCTGAATCCTCAGAA
708	e16_s1_ACCTGAATCTTGGTGA
709	e16_s1_ACCTGTCAGACGCCAA
710	e16_s1_ACCTGTCAGGTTCACT
711	e16_s1_ACCTGTCCAGCTGGTC
712	e16_s1_ACCTGTCGTCAAACGG
713	e16_s1_ACCTGTCGTCACAGAG
714	e16_s1_ACCTGTCGTCGAACGA
715	e16_s1_ACCTGTCGTCTGCCTT
716	e16_s1_ACCTGTCGTGTCTTGA
717	e16_s1_ACCTGTCTCCGATTAG
718	e16_s1_ACCTGTCTCCGTGACG
719	e16_s1_ACCTGTCTCGGTCGAC
720	e16_s1_ACGATCAAGAATAACC
721	e16_s1_ACGATCAAGATGGTAT
722	e16_s1_ACGATCAAGCTATCCA
723	e16_s1_ACGATCACAACAAGAT
724	e16_s1_ACGATCACACACAGCC
725	e16_s1_ACGATCACATCACGGC
726	e16_s1_ACGATCAGTATACAGA
727	e16_s1_ACGATCAGTCAGCGTC
728	e16_s1_ACGATCAGTGAGACCA
729	e16_s1_ACGATCAGTGCACAAG
730	e16_s1_ACGATCAGTGGACCAA
731	e16_s1_ACGATCATCCACTTTA
732	e16_s1_ACGATCATCGCTGTTC
733	e16_s1_ACGATCATCTAACGCA
734	e16_s1_ACGATGTAGCAGGCTA
735	e16_s1_ACGATGTAGTAAACAC
736	e16_s1_ACGATGTCAGACACAG
737	e16_s1_ACGATGTCAGCGTTGC
738	e16_s1_ACGATGTCAGGCACAA
739	e16_s1_ACGATGTCAGTATACC
740	e16_s1_ACGATGTGTATACCCA
741	e16_s1_ACGATGTGTCTACTGA
742	e16_s1_ACGATGTGTGCAGTGA
743	e16_s1_ACGATGTTCCTATTGT
744	e16_s1_ACGCACGAGCGCCTAC
745	e16_s1_ACGCACGAGTTCTCTT
746	e16_s1_ACGCACGCAAGGGTCA
747	e16_s1_ACGCACGCACTGAGGA
748	e16_s1_ACGCACGCAGGCACTC
749	e16_s1_ACGCACGGTACGTGAG
750	e16_s1_ACGCACGGTCACAATC
751	e16_s1_ACGCACGGTGACCGTC
752	e16_s1_ACGCACGTCCATCAGA
753	e16_s1_ACGCACGTCTTAGCAG
754	e16_s1_ACGCACGTCTTTGATC
755	e16_s1_ACGGAAGAGGCCTTGC
756	e16_s1_ACGGAAGCATGGTACT
757	e16_s1_ACGGAAGGTAGACTGG
758	e16_s1_ACGGAAGGTCGATTTG
759	e16_s1_ACGGAAGGTGTCCAAT
760	e16_s1_ACGGAAGGTTGGGAAC
761	e16_s1_ACGGAAGTCCTCGCAT
762	e16_s1_ACGGAAGTCTCTCAAT
763	e16_s1_ACGGGTCAGGGACAGG
764	e16_s1_ACGGGTCCATACAGAA
765	e16_s1_ACGGGTCGTAGAGATT
766	e16_s1_ACGGGTCGTATGACAA
767	e16_s1_ACGGGTCGTCAAGGCA
768	e16_s1_ACGGGTCGTGACCGTC
769	e16_s1_ACGGGTCGTTGGAGGT
770	e16_s1_ACGGGTCTCTGGCTGG
771	e16_s1_ACGGTCGAGAGCCCAA
772	e16_s1_ACGGTCGAGCTACTAC
773	e16_s1_ACGGTCGAGGATATGT
774	e16_s1_ACGGTCGAGGTACAAT
775	e16_s1_ACGGTCGAGGTTCTAC
776	e16_s1_ACGGTCGAGTAGAGTT
777	e16_s1_ACGGTCGCAACTGATC
778	e16_s1_ACGGTCGGTAGCGTTT
779	e16_s1_ACGGTCGGTTGATGTC
780	e16_s1_ACGGTCGTCAGTCTTT
781	e16_s1_ACGGTCGTCTCTCAAT
782	e16_s1_ACGGTCGTCTGTCCGT
783	e16_s1_ACGGTTACAAGTCCAT
784	e16_s1_ACGGTTACAATACCTG
785	e16_s1_ACGGTTACACGTTCGG
786	e16_s1_ACGGTTACATGGGATG
787	e16_s1_ACGGTTAGTAGCTTGT
788	e16_s1_ACGGTTAGTCACGCTG
789	e16_s1_ACGGTTAGTTAAAGTG
790	e16_s1_ACGGTTATCAGAGTTC
791	e16_s1_ACGGTTATCATTCGGA
792	e16_s1_ACGGTTATCGCCTAGG
793	e16_s1_ACGGTTATCGTAGGAG
794	e16_s1_ACGTAACAGCCTTTCC
795	e16_s1_ACGTAACCATCGGATT
796	e16_s1_ACGTAACTCACCTCGT
797	e16_s1_ACGTACAAGAATCGCG
798	e16_s1_ACGTACAAGATGGTAT
799	e16_s1_ACGTACAAGATTAGCA
800	e16_s1_ACGTACAAGCACGGAT
801	e16_s1_ACGTACAAGCCAGTAG
802	e16_s1_ACGTACAAGTTTAGGA
803	e16_s1_ACGTACACAGAATTCC
804	e16_s1_ACGTACACAGAGTGTG
805	e16_s1_ACGTACACATGTTTGG
806	e16_s1_ACGTACAGTATGAAGT
807	e16_s1_ACGTACAGTGGCCACT
808	e16_s1_ACGTACAGTGTCCGGT
809	e16_s1_ACGTACAGTTGTTGCA
810	e16_s1_ACGTACATCGAATCCA
811	e16_s1_ACGTAGTAGAAGTCAT
812	e16_s1_ACGTAGTAGGCGCTCT
813	e16_s1_ACGTAGTAGTGCAGCA
814	e16_s1_ACGTAGTCATGACAGG
815	e16_s1_ACGTAGTGTTCTCTCG
816	e16_s1_ACGTAGTTCGCATTAG
817	e16_s1_ACGTAGTTCGTGGAAG
818	e16_s1_ACGTCCTAGTACTCGT
819	e16_s1_ACGTCCTCACAAATCC
820	e16_s1_ACGTCCTCACGGTAGA
821	e16_s1_ACGTCCTCATATGAAG
822	e16_s1_ACGTCCTTCAGAACCT
823	e16_s1_ACGTCCTTCAGACCTA
824	e16_s1_ACGTCCTTCGTGGGTC
825	e16_s1_ACGTTCCAGAACAAGG
826	e16_s1_ACGTTCCAGATGACAT
827	e16_s1_ACGTTCCAGCGCCTCA
828	e16_s1_ACGTTCCAGTTGGACG
829	e16_s1_ACGTTCCCAACCAACT
830	e16_s1_ACGTTCCCAGTTTCGA
831	e16_s1_ACGTTCCCATATGAAG
832	e16_s1_ACGTTCCGTTTACTTC
833	e16_s1_ACGTTCCTCACAGAGG
834	e16_s1_ACGTTCCTCATTCGTT
835	e16_s1_ACGTTCCTCTAGCCAA
836	e16_s1_ACTACGAAGACATCCT
837	e16_s1_ACTACGACAACAAGTA
838	e16_s1_ACTACGAGTAGCACGA
839	e16_s1_ACTACGAGTCGTTCAA
840	e16_s1_ACTACGAGTGGCTGAA
841	e16_s1_ACTACGAGTTAACCTG
842	e16_s1_ACTACGAGTTAAGACA
843	e16_s1_ACTATCTAGTCATCCA
844	e16_s1_ACTATCTCAAGGCAAC
845	e16_s1_ACTATCTCACAGCATT
846	e16_s1_ACTATCTCACCGCTAG
847	e16_s1_ACTATCTCATGGGTTT
848	e16_s1_ACTATCTGTAGAATAC
849	e16_s1_ACTATCTGTAGCTGTT
850	e16_s1_ACTATCTGTCTCGCGA
851	e16_s1_ACTATCTGTGATACTC
852	e16_s1_ACTATCTGTTATAGAG
853	e16_s1_ACTATCTTCAGTGATC
854	e16_s1_ACTATCTTCGGATAAA
855	e16_s1_ACTATCTTCTGCGGCA
856	e16_s1_ACTATGGAGGAAGAAC
857	e16_s1_ACTATGGAGTTCATGC
858	e16_s1_ACTATGGGTAGACGTG
859	e16_s1_ACTATGGGTATCCTCC
860	e16_s1_ACTATGGTCAGCCCAG
861	e16_s1_ACTATGGTCATGAGAA
862	e16_s1_ACTATTCAGTGCCCGT
863	e16_s1_ACTATTCCACCGCTGA
864	e16_s1_ACTATTCCACCTCTAC
865	e16_s1_ACTATTCCACGATTCA
866	e16_s1_ACTATTCCATGTGGTT
867	e16_s1_ACTATTCGTCGGTGTC
868	e16_s1_ACTATTCTCCGGTAAT
869	e16_s1_ACTATTCTCCTACCGT
870	e16_s1_ACTCCCAAGAGTCTTC
871	e16_s1_ACTCCCAAGCACGTCC
872	e16_s1_ACTCCCAAGCCTGACC
873	e16_s1_ACTCCCAAGGGTAATT
874	e16_s1_ACTCCCACATGGCACC
875	e16_s1_ACTCCCAGTTATAGAG
876	e16_s1_ACTCCCAGTTCTGAGT
877	e16_s1_ACTCCCATCATTGCTT
878	e16_s1_ACTCCCATCCGAGAAG
879	e16_s1_ACTCTCGAGCTGCCTG
880	e16_s1_ACTCTCGAGGAACGCT
881	e16_s1_ACTCTCGAGGTACAAT
882	e16_s1_ACTCTCGCACGCGGTT
883	e16_s1_ACTCTCGCATGCCGGT
884	e16_s1_ACTCTCGGTCGAACAG
885	e16_s1_ACTCTCGGTCGTTATG
886	e16_s1_ACTCTCGTCACGGGAA
887	e16_s1_ACTCTCGTCATCCCGT
888	e16_s1_ACTCTCGTCCCTAGGG
889	e16_s1_ACTCTCGTCTACGCAA
890	e16_s1_ACTGATGAGACCAGCA
891	e16_s1_ACTGATGAGCGTGTTT
892	e16_s1_ACTGATGAGTGCTAGG
893	e16_s1_ACTGATGCAAAGGAGA
894	e16_s1_ACTGATGCAATAGGGC
895	e16_s1_ACTGATGCATCGAGCC
896	e16_s1_ACTGATGCATTATGCG
897	e16_s1_ACTGATGGTCAGACGA
898	e16_s1_ACTGATGGTCTCTCAC
899	e16_s1_ACTGATGGTGCTCTCT
900	e16_s1_ACTGATGTCATAGACC
901	e16_s1_ACTGATGTCGACGATT
902	e16_s1_ACTGATGTCGGTCATA
903	e16_s1_ACTGATGTCTCTCTAA
904	e16_s1_ACTGATGTCTGCGGCA
905	e16_s1_ACTGCAAAGCGAGTCA
906	e16_s1_ACTGCAAAGCGTTGTT
907	e16_s1_ACTGCAACAACCGACC
908	e16_s1_ACTGCAACAGCACAGA
909	e16_s1_ACTGCAACAGTTTCGA
910	e16_s1_ACTGCAAGTGGAGGTT
911	e16_s1_ACTGTCCAGTTGCATC
912	e16_s1_ACTGTCCGTACTCGAT
913	e16_s1_ACTGTCCGTCTTTCTA
914	e16_s1_ACTGTCCGTGGCACTC
915	e16_s1_ACTGTCCTCGATGCTA
916	e16_s1_ACTGTGAAGCCATGCC
917	e16_s1_ACTGTGAAGCGCTTCG
918	e16_s1_ACTGTGACACCCTAAA
919	e16_s1_ACTGTGACAGCCGGTT
920	e16_s1_ACTGTGACAGGATGAC
921	e16_s1_ACTGTGACAGTGTGGA
922	e16_s1_ACTGTGAGTCGTACTA
923	e16_s1_ACTTAGGAGAGATCGC
924	e16_s1_ACTTAGGAGAGATGCC
925	e16_s1_ACTTAGGAGCTTGTTG
926	e16_s1_ACTTAGGAGGACGCAT
927	e16_s1_ACTTAGGAGTATGTAG
928	e16_s1_ACTTAGGCAACTAGAA
929	e16_s1_ACTTAGGCAATGAGCG
930	e16_s1_ACTTAGGCAGTCGGTC
931	e16_s1_ACTTAGGCATAGCTGT
932	e16_s1_ACTTAGGGTTTAGAGA
933	e16_s1_ACTTAGGTCATCGACA
934	e16_s1_ACTTAGGTCCCATGGG
935	e16_s1_ACTTAGGTCCCTCAAC
936	e16_s1_ACTTAGGTCTACTATC
937	e16_s1_ACTTAGGTCTTACTGT
938	e16_s1_ACTTATCAGATTCGAA
939	e16_s1_ACTTATCAGCGACTTT
940	e16_s1_ACTTATCAGTACTGGG
941	e16_s1_ACTTATCGTACTCCCT
942	e16_s1_ACTTATCGTCCTACGG
943	e16_s1_ACTTATCGTCTCTCTG
944	e16_s1_ACTTATCGTGCCCTTT
945	e16_s1_ACTTATCTCGCGTTTC
946	e16_s1_ACTTCCGAGCCAGAGT
947	e16_s1_ACTTCCGAGCCGCACT
948	e16_s1_ACTTCCGAGGCTTAGG
949	e16_s1_ACTTCCGCAAAGCACG
950	e16_s1_ACTTCCGCACCAAATC
951	e16_s1_ACTTCCGCAGCTATTG
952	e16_s1_ACTTCCGGTCTGATAC
953	e16_s1_ACTTCCGGTTACCCAA
954	e16_s1_ACTTCCGTCAATCTTC
955	e16_s1_ACTTCCGTCCACACAA
956	e16_s1_ACTTCGCAGGGATCGT
957	e16_s1_ACTTCGCCACTAACGT
958	e16_s1_ACTTCGCGTCACCCTT
959	e16_s1_ACTTCGCGTGCCTAAT
960	e16_s1_ACTTCGCTCCACTGAA
961	e16_s1_ACTTTCAAGGGCAGAG
962	e16_s1_ACTTTCAAGTACAGAT
963	e16_s1_ACTTTCACACAGCTGC
964	e16_s1_ACTTTCACAGAGGCTA
965	e16_s1_ACTTTCACAGCAATTC
966	e16_s1_ACTTTCACAGCTTCCT
967	e16_s1_ACTTTCACAGGAATAT
968	e16_s1_ACTTTCACAGTGTACT
969	e16_s1_ACTTTCAGTAACTGCT
970	e16_s1_ACTTTCAGTGCCTTTC
971	e16_s1_ACTTTCATCAGTGCGC
972	e16_s1_ACTTTGTAGAGTGTGC
973	e16_s1_ACTTTGTAGATACAGT
974	e16_s1_ACTTTGTAGGCCCACT
975	e16_s1_ACTTTGTAGGGAGGCA
976	e16_s1_ACTTTGTCAGAGTTGG
977	e16_s1_ACTTTGTCATCGCTCT
978	e16_s1_ACTTTGTGTCACAATC
979	e16_s1_ACTTTGTGTCACTACA
980	e16_s1_ACTTTGTGTGGATCAG
981	e16_s1_ACTTTGTGTTGTACGT
982	e16_s1_ACTTTGTTCATCACCC
983	e16_s1_ACTTTGTTCCATTTCA
984	e16_s1_ACTTTGTTCCGTTGAA
985	e16_s1_ACTTTGTTCGATGCTA
986	e16_s1_ACTTTGTTCTAGGCCG
987	e16_s1_ACTTTGTTCTGAGATC
988	e16_s1_ACTTTGTTCTTCCCAG
989	e16_s1_AGAAATGAGACCAGAC
990	e16_s1_AGAAATGAGCACCAGA
991	e16_s1_AGAAATGAGGTACAGC
992	e16_s1_AGAAATGAGTAACGTA
993	e16_s1_AGAAATGCAACACACT
994	e16_s1_AGAAATGCAACATACC
995	e16_s1_AGAAATGCAAGCAATA
996	e16_s1_AGAAATGCACAGAAGC
997	e16_s1_AGAAATGCAGCCCAGT
998	e16_s1_AGAAATGCATGGACAG
999	e16_s1_AGAAATGGTCCTACAA
1000	e16_s1_AGAAATGTCCGTCCTA
1001	e16_s1_AGAAATGTCTCCGTGT
1002	e16_s1_AGAACAAAGAGGTTTA
1003	e16_s1_AGAACAAAGCAACTCT
1004	e16_s1_AGAACAAAGGTGCAGT
1005	e16_s1_AGAACAACACTCCCTA
1006	e16_s1_AGAACAAGTCATAACC
1007	e16_s1_AGAACAAGTCGCAGTC
1008	e16_s1_AGAACAAGTCGGCCTA
1009	e16_s1_AGAACAAGTTAACAGA
1010	e16_s1_AGAACAATCGACCAAT
1011	e16_s1_AGAACAATCTACCACC
1012	e16_s1_AGAACAATCTGACGCG
1013	e16_s1_AGAACCTAGGGCTTCC
1014	e16_s1_AGAACCTAGTCGGCAA
1015	e16_s1_AGAACCTCAATTGCGT
1016	e16_s1_AGAACCTCACATACGT
1017	e16_s1_AGAACCTCATCAGTGT
1018	e16_s1_AGAACCTGTCATCTAG
1019	e16_s1_AGAACCTGTGTTCCTC
1020	e16_s1_AGAACCTGTTACCTTT
1021	e16_s1_AGAAGCGAGGGCGAGA
1022	e16_s1_AGAAGCGCACATCCCT
1023	e16_s1_AGAAGCGCAGAACATA
1024	e16_s1_AGAAGCGCAGAGTTCT
1025	e16_s1_AGAAGCGCATCCGGCA
1026	e16_s1_AGAAGCGGTGCAGTGA
1027	e16_s1_AGAAGCGTCACAACCA
1028	e16_s1_AGAAGCGTCACGGACC
1029	e16_s1_AGAAGCGTCAGACAAA
1030	e16_s1_AGAAGCGTCCGACATA
1031	e16_s1_AGAAGTAAGAACCCGA
1032	e16_s1_AGAAGTAAGCTACTGT
1033	e16_s1_AGAAGTAAGGCTAGCA
1034	e16_s1_AGAAGTAAGTAAACAC
1035	e16_s1_AGAAGTACACCAGGTC
1036	e16_s1_AGAAGTACAGAACATA
1037	e16_s1_AGAAGTACATATCTCT
1038	e16_s1_AGAAGTACATGTGCCG
1039	e16_s1_AGAAGTAGTAGCGCTC
1040	e16_s1_AGAAGTAGTCACCCTT
1041	e16_s1_AGAAGTATCAGCAGAG
1042	e16_s1_AGAAGTATCAGGCGAA
1043	e16_s1_AGAAGTATCATAAGGA
1044	e16_s1_AGAAGTATCCGTGTCT
1045	e16_s1_AGAAGTATCGCTTGAA
1046	e16_s1_AGAAGTATCTACAGGT
1047	e16_s1_AGAAGTATCTTGGCTC
1048	e16_s1_AGACAAAAGACCAAGC
1049	e16_s1_AGACAAAAGCACCTGC
1050	e16_s1_AGACAAAAGCTGCGAA
1051	e16_s1_AGACAAAAGGACACTG
1052	e16_s1_AGACAAACACATTCTT
1053	e16_s1_AGACAAACAGAGAGGG
1054	e16_s1_AGACAAAGTACTAAGA
1055	e16_s1_AGACAAAGTACTCGTA
1056	e16_s1_AGACAAAGTGTACAGG
1057	e16_s1_AGACAAAGTTCACCGG
1058	e16_s1_AGACAAATCGAGTACT
1059	e16_s1_AGACAAATCGTTAGTG
1060	e16_s1_AGACAAATCTAGAGCT
1061	e16_s1_AGACACTAGCGGTATG
1062	e16_s1_AGACACTAGTTAGTAG
1063	e16_s1_AGACACTCAATTGCAC
1064	e16_s1_AGACACTCACCAGCGT
1065	e16_s1_AGACACTCAGCTTTCC
1066	e16_s1_AGACACTTCAGCGCAC
1067	e16_s1_AGACACTTCGTAACTG
1068	e16_s1_AGACACTTCTGAGTCA
1069	e16_s1_AGACACTTCTTTGCGC
1070	e16_s1_AGACAGGAGATCGCCC
1071	e16_s1_AGACAGGAGCCGCACT
1072	e16_s1_AGACAGGAGCTAGAAT
1073	e16_s1_AGACAGGCATATCGGT
1074	e16_s1_AGACAGGTCCTACGAA
1075	e16_s1_AGACAGGTCTGAATCG
1076	e16_s1_AGACCATAGTGAGGTC
1077	e16_s1_AGACCATCACACACGC
1078	e16_s1_AGACCATCACCATATG
1079	e16_s1_AGACCATCATTGAAAG
1080	e16_s1_AGACCATCATTGCAAC
1081	e16_s1_AGACCATTCAAGGAGC
1082	e16_s1_AGACCATTCGATTGGT
1083	e16_s1_AGACCCGAGAGCCGAT
1084	e16_s1_AGACCCGAGCAATTCC
1085	e16_s1_AGACCCGAGTGCGCTC
1086	e16_s1_AGACCCGAGTTGAATG
1087	e16_s1_AGACCCGCAAACCACT
1088	e16_s1_AGACCCGCAGCAAGAC
1089	e16_s1_AGACCCGGTCGTCTCT
1090	e16_s1_AGACCCGGTCTAATCG
1091	e16_s1_AGACCCGGTGTGCTTA
1092	e16_s1_AGACCCGTCAATCCGA
1093	e16_s1_AGACCCGTCACTCCGT
1094	e16_s1_AGACCCGTCATTCGTT
1095	e16_s1_AGACCCGTCCATTGCC
1096	e16_s1_AGACCCGTCGAGCCTG
1097	e16_s1_AGACCCGTCGCTAATG
1098	e16_s1_AGACCCGTCGTCAAAC
1099	e16_s1_AGACTCAAGCGTTCCG
1100	e16_s1_AGACTCAAGGCCATAG
1101	e16_s1_AGACTCAAGTTCCGTA
1102	e16_s1_AGACTCACATATGAAG
1103	e16_s1_AGACTCACATTGGATC
1104	e16_s1_AGACTCATCAAGCCTA
1105	e16_s1_AGACTCATCTAGTCAG
1106	e16_s1_AGACTCATCTTAGCTT
1107	e16_s1_AGAGAATAGCGTTAGG
1108	e16_s1_AGAGAATAGTACCGGA
1109	e16_s1_AGAGAATAGTAGGATT
1110	e16_s1_AGAGAATAGTTCCGGC
1111	e16_s1_AGAGAATGTGGTCCGT
1112	e16_s1_AGAGAATTCGCACTCT
1113	e16_s1_AGAGAGCAGCAACAGC
1114	e16_s1_AGAGAGCAGCATCCCG
1115	e16_s1_AGAGAGCCAAATGGCG
1116	e16_s1_AGAGAGCCAATTGTGC
1117	e16_s1_AGAGAGCCACTCCGGA
1118	e16_s1_AGAGAGCGTTGGTAGG
1119	e16_s1_AGAGAGCTCCCTGTTG
1120	e16_s1_AGAGAGCTCGCGTGAC
1121	e16_s1_AGAGAGCTCGTGGTAT
1122	e16_s1_AGAGCAGAGTAGTGCG
1123	e16_s1_AGAGCAGAGTTCATCG
1124	e16_s1_AGAGCAGCACACCTAA
1125	e16_s1_AGAGCAGCAGCTTTCC
1126	e16_s1_AGAGCAGGTAGTTAGA
1127	e16_s1_AGAGCAGGTTACTCAG
1128	e16_s1_AGAGCCCAGCACGATG
1129	e16_s1_AGAGCCCAGGCTCACC
1130	e16_s1_AGAGCCCAGTTAACGA
1131	e16_s1_AGAGCCCCAACTGTGT
1132	e16_s1_AGAGCCCGTAACTGCT
1133	e16_s1_AGAGCCCGTATACGGG
1134	e16_s1_AGAGCCCGTCCAATCA
1135	e16_s1_AGAGCCCGTGATATAG
1136	e16_s1_AGAGCCCGTGTACAGG
1137	e16_s1_AGAGCCCTCAACTTTC
1138	e16_s1_AGAGCCCTCCCGAGAC
1139	e16_s1_AGAGCCCTCCTACACC
1140	e16_s1_AGAGCCCTCTCCTACG
1141	e16_s1_AGATAGAAGCGGTATG
1142	e16_s1_AGATAGAAGTCGAAGC
1143	e16_s1_AGATAGAGTACGTACT
1144	e16_s1_AGATAGAGTCTACAGT
1145	e16_s1_AGATAGAGTGAATATG
1146	e16_s1_AGATAGAGTGGTCTAT
1147	e16_s1_AGATAGATCAAATGAG
1148	e16_s1_AGATAGATCGTAATGC
1149	e16_s1_AGATCCAAGAAACCCG
1150	e16_s1_AGATCCAAGACTCTAC
1151	e16_s1_AGATCCAAGAGCAGCT
1152	e16_s1_AGATCCAAGCCTCACG
1153	e16_s1_AGATCCAAGTGGAATT
1154	e16_s1_AGATCCACACAAATAG
1155	e16_s1_AGATCCACACGCAAAG
1156	e16_s1_AGATCCACAGCTGAGA
1157	e16_s1_AGATCCAGTTTACGAC
1158	e16_s1_AGATCCATCCAACTAG
1159	e16_s1_AGATCCATCCATAGAC
1160	e16_s1_AGATCCATCGCGGTAC
1161	e16_s1_AGATCCATCTCCTGTG
1162	e16_s1_AGATCCATCTGCTGAA
1163	e16_s1_AGATCGTAGATAGTCA
1164	e16_s1_AGATCGTAGCTGTGCC
1165	e16_s1_AGATCGTAGGATGTTA
1166	e16_s1_AGATCGTAGGCACTCC
1167	e16_s1_AGATCGTCACCGTCTT
1168	e16_s1_AGATCGTCACTACAGT
1169	e16_s1_AGATCGTCAGGACAGT
1170	e16_s1_AGATCGTCAGGATCTT
1171	e16_s1_AGATCGTCATAAGCGG
1172	e16_s1_AGATCGTCATCGATCA
1173	e16_s1_AGATCGTCATCGTTCC
1174	e16_s1_AGATCGTGTATGGAAT
1175	e16_s1_AGATCGTGTCGTGCCA
1176	e16_s1_AGATCGTGTTAATCGC
1177	e16_s1_AGATCGTTCAGCTCTC
1178	e16_s1_AGATCGTTCCGGTTCT
1179	e16_s1_AGATCGTTCCTATTTG
1180	e16_s1_AGATCGTTCGCGTGCA
1181	e16_s1_AGATCGTTCTCTCAAT
1182	e16_s1_AGATGAACAAAGAACT
1183	e16_s1_AGATGAACAACCAACT
1184	e16_s1_AGATGAAGTACAATAG
1185	e16_s1_AGATGAAGTGTTCGAT
1186	e16_s1_AGATGAATCCTAAACG
1187	e16_s1_AGATGCTAGATGCCGA
1188	e16_s1_AGATGCTAGCAATTAG
1189	e16_s1_AGATGCTAGCCTATTG
1190	e16_s1_AGATGCTAGGAGAATG
1191	e16_s1_AGATGCTCACGCACCA
1192	e16_s1_AGATGCTGTCCCGGTA
1193	e16_s1_AGATGCTGTGCCTAAT
1194	e16_s1_AGATGCTTCCTGTTAT
1195	e16_s1_AGATGCTTCGACGATT
1196	e16_s1_AGATGCTTCGTCGGGT
1197	e16_s1_AGATGCTTCTGGCCTT
1198	e16_s1_AGCATCAAGGAGAGGC
1199	e16_s1_AGCATCAAGTGGCAGT
1200	e16_s1_AGCATCACAACTGGTT
1201	e16_s1_AGCATCACAGACACAG
1202	e16_s1_AGCATCACAGTTAAAG
1203	e16_s1_AGCATCAGTAGGTGCA
1204	e16_s1_AGCATCATCACCGGGT
1205	e16_s1_AGCATCATCGAAGAAT
1206	e16_s1_AGCATCATCTCATAGG
1207	e16_s1_AGCATCATCTGTGCGG
1208	e16_s1_AGCATCATCTTCGTGC
1209	e16_s1_AGCCAATAGGACCCAA
1210	e16_s1_AGCCAATAGGACTAAT
1211	e16_s1_AGCCAATAGGATTTGA
1212	e16_s1_AGCCAATAGGCATCGA
1213	e16_s1_AGCCAATAGTCCCGGT
1214	e16_s1_AGCCAATCAAGATGGC
1215	e16_s1_AGCCAATCACTCCGAG
1216	e16_s1_AGCCAATCACTGATTG
1217	e16_s1_AGCCAATCAGCACACC
1218	e16_s1_AGCCAATGTAGTACGG
1219	e16_s1_AGCCAATGTATAGCTC
1220	e16_s1_AGCCAATGTGGCTGAA
1221	e16_s1_AGCCAATGTGTGTCCG
1222	e16_s1_AGCCAATGTTGGACCC
1223	e16_s1_AGCCAATTCCCGTAAA
1224	e16_s1_AGCCAATTCGTTTACT
1225	e16_s1_AGCCAATTCTCTCAAT
1226	e16_s1_AGCCACGAGCATCTTG
1227	e16_s1_AGCCACGCACCTGATA
1228	e16_s1_AGCCACGCAGAGCCCT
1229	e16_s1_AGCCACGCATCGTCCT
1230	e16_s1_AGCCACGGTACGACTT
1231	e16_s1_AGCCACGGTAGCTGAG
1232	e16_s1_AGCCACGGTCCTGTCT
1233	e16_s1_AGCCACGGTCTACACA
1234	e16_s1_AGCCACGTCCGTTTCG
1235	e16_s1_AGCCACGTCCTCTCTT
1236	e16_s1_AGCCACGTCGCTTAAG
1237	e16_s1_AGCCACGTCTATCGCC
1238	e16_s1_AGCCAGCAGATGCTTC
1239	e16_s1_AGCCAGCAGGTTTACC
1240	e16_s1_AGCCAGCGTCTGCATA
1241	e16_s1_AGCCAGCGTTACGATC
1242	e16_s1_AGCCAGCGTTTCGACA
1243	e16_s1_AGCCAGCTCCGCAGTG
1244	e16_s1_AGCCAGCTCTACACAG
1245	e16_s1_AGCCAGCTCTTAAGGC
1246	e16_s1_AGCCAGCTCTTAGGAC
1247	e16_s1_AGCGATTCAATAGAGT
1248	e16_s1_AGCGATTCAATGCTCA
1249	e16_s1_AGCGATTCACTTGTCC
1250	e16_s1_AGCGATTCAGAGGGTT
1251	e16_s1_AGCGATTCAGAGTCTT
1252	e16_s1_AGCGATTCAGTTAGGG
1253	e16_s1_AGCGATTCATGACGTT
1254	e16_s1_AGCGATTGTAATTGGA
1255	e16_s1_AGCGATTGTAGCTAAA
1256	e16_s1_AGCGATTTCAGCGTCG
1257	e16_s1_AGCGATTTCCAAACCA
1258	e16_s1_AGCGATTTCCGATCGG
1259	e16_s1_AGCGATTTCGTGGCGT
1260	e16_s1_AGCGATTTCTCATTAC
1261	e16_s1_AGCGATTTCTCGCGTT
1262	e16_s1_AGCGATTTCTCGGGAC
1263	e16_s1_AGCGCCAAGACATAGT
1264	e16_s1_AGCGCCAAGCGAGGAG
1265	e16_s1_AGCGCCAAGGTAGATT
1266	e16_s1_AGCGCCACACGTCGGT
1267	e16_s1_AGCGCCACAGCCGGTT
1268	e16_s1_AGCGCCACATCGCTGG
1269	e16_s1_AGCGCCAGTCTGTCCT
1270	e16_s1_AGCGCCAGTGGCGTAA
1271	e16_s1_AGCGCTGAGCGACTTT
1272	e16_s1_AGCGCTGCAAATGATG
1273	e16_s1_AGCGCTGCAATTGCTG
1274	e16_s1_AGCGCTGCACGACAAG
1275	e16_s1_AGCGCTGCAGAGGGTT
1276	e16_s1_AGCGCTGCAGTAGAGC
1277	e16_s1_AGCGCTGCATAGTCGT
1278	e16_s1_AGCGCTGCATTCTCCG
1279	e16_s1_AGCGCTGGTCCACATA
1280	e16_s1_AGCGCTGGTCGGAACA
1281	e16_s1_AGCGCTGGTTCCGGTG
1282	e16_s1_AGCGCTGTCCAAGCCG
1283	e16_s1_AGCGCTGTCTGATGGT
1284	e16_s1_AGCGTATAGAAGAACG
1285	e16_s1_AGCGTATAGCACCCAC
1286	e16_s1_AGCGTATAGGGTCACA
1287	e16_s1_AGCGTATAGGTCGTCC
1288	e16_s1_AGCGTATCAACTCCAA
1289	e16_s1_AGCGTATCAGCTATTG
1290	e16_s1_AGCGTATGTATGACAA
1291	e16_s1_AGCGTATGTATGCGTT
1292	e16_s1_AGCGTATTCCCTTCCC
1293	e16_s1_AGCGTCGAGATCACCT
1294	e16_s1_AGCGTCGAGCCATCCG
1295	e16_s1_AGCGTCGAGGCGCTCT
1296	e16_s1_AGCGTCGCAGAAGTGC
1297	e16_s1_AGCGTCGCATCGGAGA
1298	e16_s1_AGCGTCGGTCCACTCT
1299	e16_s1_AGCTACAAGAAACACT
1300	e16_s1_AGCTACAAGGATTCAA
1301	e16_s1_AGCTACACAAGAGTGC
1302	e16_s1_AGCTACATCAGCTCTC
1303	e16_s1_AGCTCAAAGAGTAACT
1304	e16_s1_AGCTCAAAGATTGTGA
1305	e16_s1_AGCTCAAAGCCATTGT
1306	e16_s1_AGCTCAAAGGACAACC
1307	e16_s1_AGCTCAAAGTCAATCC
1308	e16_s1_AGCTCAACACCCTCTA
1309	e16_s1_AGCTCAACAGTCCCGA
1310	e16_s1_AGCTCAAGTAATGATG
1311	e16_s1_AGCTCAAGTCCGTTTC
1312	e16_s1_AGCTCAAGTCGCGGTT
1313	e16_s1_AGCTCAAGTTCGCGTG
1314	e16_s1_AGCTCAATCATAGCAC
1315	e16_s1_AGCTCAATCCACGTAA
1316	e16_s1_AGCTCAATCTACAGGT
1317	e16_s1_AGCTCAATCTCAGAAC
1318	e16_s1_AGCTTCCAGAAGTATC
1319	e16_s1_AGCTTCCAGAGGTCGT
1320	e16_s1_AGCTTCCAGCATACTC
1321	e16_s1_AGCTTCCCAACATCGT
1322	e16_s1_AGCTTCCCAACTCGAT
1323	e16_s1_AGCTTCCCAAGCTCTA
1324	e16_s1_AGCTTCCCACGGTGCT
1325	e16_s1_AGCTTCCCAGCGTACC
1326	e16_s1_AGCTTCCGTGGTTTAC
1327	e16_s1_AGCTTCCGTTCCCACT
1328	e16_s1_AGCTTCCGTTGACTAC
1329	e16_s1_AGGAAATCAGATTCGT
1330	e16_s1_AGGAAATCAGGAAGTC
1331	e16_s1_AGGAAATCATCTCATT
1332	e16_s1_AGGAAATGTATAATGG
1333	e16_s1_AGGAAATGTATCGCTA
1334	e16_s1_AGGAAATGTATTAAGG
1335	e16_s1_AGGAAATGTTGCTCAA
1336	e16_s1_AGGAAATTCCTCAGGG
1337	e16_s1_AGGAAATTCTGACAGT
1338	e16_s1_AGGAATAAGCACCCAC
1339	e16_s1_AGGAATAAGGGAGGCA
1340	e16_s1_AGGAATACAAGTTCCA
1341	e16_s1_AGGAATACACCCTATC
1342	e16_s1_AGGAATAGTCCGGCAT
1343	e16_s1_AGGAATAGTCGTGGAA
1344	e16_s1_AGGAATAGTGACCTGC
1345	e16_s1_AGGAATATCCTAAACG
1346	e16_s1_AGGAATATCGCATGAT
1347	e16_s1_AGGAATATCGGCTGGT
1348	e16_s1_AGGACGAAGGTATCTC
1349	e16_s1_AGGACGACAAGAGGTC
1350	e16_s1_AGGACGACAGACGATG
1351	e16_s1_AGGACGAGTAGGGAGG
1352	e16_s1_AGGACGAGTATCGCTA
1353	e16_s1_AGGACGAGTGTGAGCA
1354	e16_s1_AGGACTTAGCCGAATG
1355	e16_s1_AGGACTTAGTCTGGTT
1356	e16_s1_AGGACTTAGTGATTCC
1357	e16_s1_AGGACTTCAGAGGACT
1358	e16_s1_AGGACTTCAGCTCTGG
1359	e16_s1_AGGACTTCATAATGAG
1360	e16_s1_AGGACTTCATTGCCGG
1361	e16_s1_AGGACTTGTGCAGTGA
1362	e16_s1_AGGACTTGTTACCCAA
1363	e16_s1_AGGACTTGTTCCGTTC
1364	e16_s1_AGGACTTTCATCACTT
1365	e16_s1_AGGAGGTAGGTTCATC
1366	e16_s1_AGGAGGTAGTTCATCG
1367	e16_s1_AGGAGGTCAAATCGTC
1368	e16_s1_AGGAGGTCATAATGAG
1369	e16_s1_AGGAGGTCATCTTCGC
1370	e16_s1_AGGAGGTCATGGGCAA
1371	e16_s1_AGGAGGTGTCTACGAT
1372	e16_s1_AGGAGGTGTGATTAGA
1373	e16_s1_AGGAGGTTCACGATAC
1374	e16_s1_AGGATAAAGAGTCGAC
1375	e16_s1_AGGATAAAGGCACTCC
1376	e16_s1_AGGATAAAGGGCTAAC
1377	e16_s1_AGGATAAAGGTAACTA
1378	e16_s1_AGGATAAAGGTCCTGC
1379	e16_s1_AGGATAACAACACGAG
1380	e16_s1_AGGATAACAATATCCG
1381	e16_s1_AGGATAACACTATCCC
1382	e16_s1_AGGATAACAGGGATAC
1383	e16_s1_AGGATAACAGTCACGC
1384	e16_s1_AGGATAACATGGCCAC
1385	e16_s1_AGGATAAGTGCAATAA
1386	e16_s1_AGGATAAGTTCTAAGC
1387	e16_s1_AGGATAATCATTGCCC
1388	e16_s1_AGGATAATCCTAGCTC
1389	e16_s1_AGGATAATCCTTCTTC
1390	e16_s1_AGGATAATCGCTGCGA
1391	e16_s1_AGGATAATCTGGCTGG
1392	e16_s1_AGGATCTAGTCTAGCT
1393	e16_s1_AGGATCTCAGGAATAT
1394	e16_s1_AGGATCTCAGTCCGTG
1395	e16_s1_AGGATCTGTAGATCCT
1396	e16_s1_AGGATCTGTTACTCAG
1397	e16_s1_AGGATCTTCAAGCGTT
1398	e16_s1_AGGCATTAGATCCGAG
1399	e16_s1_AGGCATTAGTTAGTAG
1400	e16_s1_AGGCATTCAAACACCT
1401	e16_s1_AGGCATTCAGTCACGC
1402	e16_s1_AGGCATTCATATGCGT
1403	e16_s1_AGGCATTGTATTGGCT
1404	e16_s1_AGGCATTTCACCATGA
1405	e16_s1_AGGCATTTCCTACGGG
1406	e16_s1_AGGCATTTCCTAGCGG
1407	e16_s1_AGGCATTTCGCCTAGG
1408	e16_s1_AGGCATTTCTGAGAAA
1409	e16_s1_AGGCCACAGAGGCGGA
1410	e16_s1_AGGCCACAGATGCAGC
1411	e16_s1_AGGCCACAGCCTATCA
1412	e16_s1_AGGCCACAGGGAGTTC
1413	e16_s1_AGGCCACAGGTTAGTA
1414	e16_s1_AGGCCACAGTCGCGAA
1415	e16_s1_AGGCCACAGTGCGACA
1416	e16_s1_AGGCCACCAATTTCGG
1417	e16_s1_AGGCCACGTAGCTCGC
1418	e16_s1_AGGCCACTCCGCACTT
1419	e16_s1_AGGCCACTCTATTTCG
1420	e16_s1_AGGCCACTCTGAGGTT
1421	e16_s1_AGGCTGCAGCACTAGG
1422	e16_s1_AGGCTGCAGCGCGTTC
1423	e16_s1_AGGCTGCCACCATATG
1424	e16_s1_AGGCTGCCACTAAACC
1425	e16_s1_AGGCTGCGTATGAGAT
1426	e16_s1_AGGCTGCTCCAGTTCC
1427	e16_s1_AGGCTGCTCCTTGGAA
1428	e16_s1_AGGGAGTAGATGTAGT
1429	e16_s1_AGGGAGTAGCCGGATA
1430	e16_s1_AGGGAGTAGTCCCAGC
1431	e16_s1_AGGGAGTAGTGATGGC
1432	e16_s1_AGGGAGTCAACCGATT
1433	e16_s1_AGGGAGTCAGCCGTTG
1434	e16_s1_AGGGAGTTCTGAGGTT
1435	e16_s1_AGGGCCTAGAAGCGAA
1436	e16_s1_AGGGCCTAGACCATTC
1437	e16_s1_AGGGCCTAGCTCGCAC
1438	e16_s1_AGGGCCTCAACTGCCG
1439	e16_s1_AGGGCCTCAGGCACAA
1440	e16_s1_AGGGCCTCATATGAAG
1441	e16_s1_AGGGCCTCATCGAGCC
1442	e16_s1_AGGGCCTCATGGGCAA
1443	e16_s1_AGGGCCTCATTCAGGT
1444	e16_s1_AGGGCCTGTATCAGCT
1445	e16_s1_AGGGCCTTCTTCTGTA
1446	e16_s1_AGGGCTCAGCCTGCCA
1447	e16_s1_AGGGCTCAGGACTATA
1448	e16_s1_AGGGCTCCACCTGCAG
1449	e16_s1_AGGGCTCCAGACAATA
1450	e16_s1_AGGGCTCGTCGCGTCA
1451	e16_s1_AGGGCTCGTTCTCCAC
1452	e16_s1_AGGGCTCTCCCAACTC
1453	e16_s1_AGGGCTCTCCCATTCG
1454	e16_s1_AGGGCTCTCCGTGACG
1455	e16_s1_AGGGCTCTCTAGACCA
1456	e16_s1_AGGGTCCAGCAGGCTA
1457	e16_s1_AGGGTCCAGGTCCTGC
1458	e16_s1_AGGGTCCAGTAAGGGA
1459	e16_s1_AGGGTCCCAACACGAG
1460	e16_s1_AGGGTCCCAACTTGGT
1461	e16_s1_AGGGTCCCAGAATGTA
1462	e16_s1_AGGGTCCGTATACGGG
1463	e16_s1_AGGGTCCTCATTTCGT
1464	e16_s1_AGGGTCCTCCCAACTC
1465	e16_s1_AGGGTCCTCGCTGATA
1466	e16_s1_AGGGTGAAGAAGTCAT
1467	e16_s1_AGGGTGAAGTCACGCC
1468	e16_s1_AGGGTGAAGTGAATAC
1469	e16_s1_AGGGTGAGTTCTCAGA
1470	e16_s1_AGGGTGATCCTGGGTG
1471	e16_s1_AGGGTGATCGGAGTGA
1472	e16_s1_AGGGTGATCGGTAGAG
1473	e16_s1_AGGGTTTAGACGACTG
1474	e16_s1_AGGGTTTAGCAGCACA
1475	e16_s1_AGGGTTTAGCTTGTTG
1476	e16_s1_AGGGTTTCAAATCGTC
1477	e16_s1_AGGGTTTCAAGAATAC
1478	e16_s1_AGGGTTTCAAGTAGTA
1479	e16_s1_AGGGTTTCACGCTATA
1480	e16_s1_AGGGTTTGTCACCTTC
1481	e16_s1_AGGGTTTTCAAAGACA
1482	e16_s1_AGGGTTTTCGTTCTAT
1483	e16_s1_AGGGTTTTCTCGTTTA
1484	e16_s1_AGGTAGGAGGCCTTGC
1485	e16_s1_AGGTAGGCACGTAGTT
1486	e16_s1_AGGTAGGCATGACTCA
1487	e16_s1_AGGTAGGGTCAGATTC
1488	e16_s1_AGGTAGGGTTACGCCG
1489	e16_s1_AGGTAGGGTTCTCCTG
1490	e16_s1_AGGTAGGTCATGCCAA
1491	e16_s1_AGGTAGGTCCCAAGCG
1492	e16_s1_AGGTAGGTCTCCTGAC
1493	e16_s1_AGGTCATAGTGATAGT
1494	e16_s1_AGGTCATAGTTCAACC
1495	e16_s1_AGGTCATCAACCAGAG
1496	e16_s1_AGGTCATGTATTGACC
1497	e16_s1_AGGTCATGTCCTCCTA
1498	e16_s1_AGGTCATTCACGGAGA
1499	e16_s1_AGGTCTACATTCAGCA
1500	e16_s1_AGGTCTAGTACGAGTG
1501	e16_s1_AGGTCTAGTCATAACC
1502	e16_s1_AGGTCTAGTGAACTAA
1503	e16_s1_AGGTCTAGTTGGCCTG
1504	e16_s1_AGGTCTATCAAAGGAT
1505	e16_s1_AGGTCTATCCGTGGTG
1506	e16_s1_AGGTCTATCTATTGTC
1507	e16_s1_AGGTCTATCTCACCCA
1508	e16_s1_AGGTCTATCTGAGGCC
1509	e16_s1_AGGTCTATCTGCGGGT
1510	e16_s1_AGGTGTTAGCCAAGTG
1511	e16_s1_AGGTGTTAGGACAAGA
1512	e16_s1_AGGTGTTAGGTAGTCG
1513	e16_s1_AGGTGTTCATAACAGA
1514	e16_s1_AGGTGTTCATATGCGT
1515	e16_s1_AGGTGTTGTTCGTACA
1516	e16_s1_AGGTGTTGTTCTGACA
1517	e16_s1_AGGTGTTTCCCATACC
1518	e16_s1_AGGTGTTTCGGAAGGT
1519	e16_s1_AGGTTACAGAGGGTGG
1520	e16_s1_AGGTTACAGAGTGTGC
1521	e16_s1_AGGTTACAGTGCTCGC
1522	e16_s1_AGGTTACCAAACGTGG
1523	e16_s1_AGGTTACCACATTGTG
1524	e16_s1_AGGTTACCAGAGTTCT
1525	e16_s1_AGGTTACCAGCCCACA
1526	e16_s1_AGGTTACCATCTGGGC
1527	e16_s1_AGGTTACGTAACACCT
1528	e16_s1_AGGTTACGTCATCGCG
1529	e16_s1_AGGTTACGTCGCACGT
1530	e16_s1_AGGTTACTCATGAGAA
1531	e16_s1_AGGTTACTCGCCTTGT
1532	e16_s1_AGGTTACTCGGATACT
1533	e16_s1_AGGTTACTCGTTCGCT
1534	e16_s1_AGGTTGTAGCAATAGT
1535	e16_s1_AGGTTGTAGGCTATCT
1536	e16_s1_AGGTTGTAGGTTAAAC
1537	e16_s1_AGGTTGTCAAGACCGA
1538	e16_s1_AGGTTGTCAATGCAAA
1539	e16_s1_AGGTTGTCACAGTCAT
1540	e16_s1_AGGTTGTCAGTTCACA
1541	e16_s1_AGGTTGTCATGACGGA
1542	e16_s1_AGGTTGTGTAACATGA
1543	e16_s1_AGGTTGTGTGCAGGAT
1544	e16_s1_AGGTTGTGTTGTGGCC
1545	e16_s1_AGGTTGTTCAAGGTGG
1546	e16_s1_AGGTTGTTCACGAACT
1547	e16_s1_AGGTTGTTCCATCAGA
1548	e16_s1_AGGTTGTTCCCAGGAC
1549	e16_s1_AGGTTGTTCTGTGCTC
1550	e16_s1_AGTAACCAGACCCGCT
1551	e16_s1_AGTAACCAGCTTAAGA
1552	e16_s1_AGTAACCAGGAGAATG
1553	e16_s1_AGTAACCAGTGCGCTC
1554	e16_s1_AGTAACCCAAAGCGTG
1555	e16_s1_AGTAACCCACGTAGAG
1556	e16_s1_AGTAACCCAGACACAG
1557	e16_s1_AGTAACCCAGGACAGT
1558	e16_s1_AGTAACCCAGTTGCGC
1559	e16_s1_AGTAACCTCATGTCTT
1560	e16_s1_AGTAACCTCCATCCGT
1561	e16_s1_AGTAACCTCTGGAAGG
1562	e16_s1_AGTACCAAGCTCGCAC
1563	e16_s1_AGTACCAAGGACTTCT
1564	e16_s1_AGTACCAGTAGACGGT
1565	e16_s1_AGTACCAGTAGTCGTT
1566	e16_s1_AGTACCAGTATGTCCA
1567	e16_s1_AGTACCATCACGATAC
1568	e16_s1_AGTACCATCATTTCGT
1569	e16_s1_AGTACCATCCACAGCG
1570	e16_s1_AGTACCATCCGTGCGA
1571	e16_s1_AGTACCATCCTCACCA
1572	e16_s1_AGTACCATCTTAAGGC
1573	e16_s1_AGTACTGAGTCACTCA
1574	e16_s1_AGTACTGCACATGAAA
1575	e16_s1_AGTACTGGTATTCTCT
1576	e16_s1_AGTACTGGTCACTAGT
1577	e16_s1_AGTACTGGTCAGCTTA
1578	e16_s1_AGTACTGGTCCACTTC
1579	e16_s1_AGTACTGGTGATCGTT
1580	e16_s1_AGTACTGGTTGCGGAA
1581	e16_s1_AGTACTGTCCGTTTCG
1582	e16_s1_AGTACTGTCGCCGAGT
1583	e16_s1_AGTACTGTCGTGCATA
1584	e16_s1_AGTACTGTCGTGCTCT
1585	e16_s1_AGTAGCTAGATAGCTA
1586	e16_s1_AGTAGCTCAATTCTTC
1587	e16_s1_AGTAGCTCACGCAAAG
1588	e16_s1_AGTAGCTCAGCGACCT
1589	e16_s1_AGTAGCTCATCTTAGG
1590	e16_s1_AGTAGCTGTATCAGGG
1591	e16_s1_AGTAGCTGTTTCGATG
1592	e16_s1_AGTAGCTTCGAGATGG
1593	e16_s1_AGTAGCTTCTCGCAGG
1594	e16_s1_AGTAGCTTCTGTAAGC
1595	e16_s1_AGTAGTCAGAGTCACG
1596	e16_s1_AGTAGTCAGATTGGGC
1597	e16_s1_AGTAGTCAGCGAACTG
1598	e16_s1_AGTAGTCCATTGAGGG
1599	e16_s1_AGTAGTCGTCGTTTCC
1600	e16_s1_AGTAGTCTCAAAGGTA
1601	e16_s1_AGTAGTCTCAGACCCG
1602	e16_s1_AGTAGTCTCATCGGGC
1603	e16_s1_AGTAGTCTCGCTACAA
1604	e16_s1_AGTCAACAGACGGAAA
1605	e16_s1_AGTCAACCATCAGTGT
1606	e16_s1_AGTCAACGTATTAAGG
1607	e16_s1_AGTCAACGTCAAAGTA
1608	e16_s1_AGTCAACGTGCCTGCA
1609	e16_s1_AGTCAACTCGGTAGGA
1610	e16_s1_AGTCAACTCGTGCGAC
1611	e16_s1_AGTCACAAGTTCATGC
1612	e16_s1_AGTCACACAGTCTCTC
1613	e16_s1_AGTCACACATATGAAG
1614	e16_s1_AGTCACACATCTCCCA
1615	e16_s1_AGTCACAGTACAATAG
1616	e16_s1_AGTCACATCATGACAC
1617	e16_s1_AGTCACATCCTCTCGA
1618	e16_s1_AGTCATGAGACTAGAT
1619	e16_s1_AGTCATGAGGTACATA
1620	e16_s1_AGTCATGCATCCAATG
1621	e16_s1_AGTCATGGTTGGAGAC
1622	e16_s1_AGTCATGTCCATTTCA
1623	e16_s1_AGTCATGTCGCCAGTG
1624	e16_s1_AGTCTCCAGAACCGCA
1625	e16_s1_AGTCTCCCATCTGCGG
1626	e16_s1_AGTCTCCGTTGGGATG
1627	e16_s1_AGTCTCCTCCGACAGC
1628	e16_s1_AGTCTCCTCGGCATCG
1629	e16_s1_AGTGACTAGCATGAAT
1630	e16_s1_AGTGACTAGGATCATA
1631	e16_s1_AGTGACTCAGCCTACG
1632	e16_s1_AGTGACTCAGCGCTTG
1633	e16_s1_AGTGACTCAGGCGAAT
1634	e16_s1_AGTGACTCAGGTTACT
1635	e16_s1_AGTGACTCATCTTCGC
1636	e16_s1_AGTGACTGTACGTGAG
1637	e16_s1_AGTGACTGTCAAAGAT
1638	e16_s1_AGTGACTGTGCGAGTA
1639	e16_s1_AGTGACTGTTAAGGGC
1640	e16_s1_AGTGACTTCGTAGCCG
1641	e16_s1_AGTGACTTCTCGGGAC
1642	e16_s1_AGTGACTTCTGTCGTC
1643	e16_s1_AGTGATCAGTGATAGT
1644	e16_s1_AGTGATCAGTTCGGTT
1645	e16_s1_AGTGATCCAAAGACTA
1646	e16_s1_AGTGATCCAACAGAGC
1647	e16_s1_AGTGATCCAGCATTGT
1648	e16_s1_AGTGATCCAGCTTCGG
1649	e16_s1_AGTGATCCATCATGAC
1650	e16_s1_AGTGATCGTAACAAGT
1651	e16_s1_AGTGATCGTAGGTAGC
1652	e16_s1_AGTGATCGTTGACGGA
1653	e16_s1_AGTGATCGTTGAGTCT
1654	e16_s1_AGTGATCGTTGGGCCT
1655	e16_s1_AGTGATCTCGAGAGAC
1656	e16_s1_AGTGCCGAGACAACTA
1657	e16_s1_AGTGCCGAGCAGCGAT
1658	e16_s1_AGTGCCGAGTATTCCG
1659	e16_s1_AGTGCCGCATTGAGCT
1660	e16_s1_AGTGTTGAGGAATTAC
1661	e16_s1_AGTGTTGCAACTTGCA
1662	e16_s1_AGTGTTGCATAGGTAA
1663	e16_s1_AGTGTTGGTAACGGTG
1664	e16_s1_AGTGTTGGTAACGTTC
1665	e16_s1_AGTGTTGGTAATGCGG
1666	e16_s1_AGTGTTGGTGCGGATA
1667	e16_s1_AGTGTTGGTTCCGGTG
1668	e16_s1_AGTGTTGGTTTCGCTC
1669	e16_s1_AGTGTTGTCCACGGAC
1670	e16_s1_AGTTAGCAGATCACCT
1671	e16_s1_AGTTAGCAGTTCTCTT
1672	e16_s1_AGTTAGCAGTTTGGCT
1673	e16_s1_AGTTAGCCAGATTAAG
1674	e16_s1_AGTTAGCCATAATGCC
1675	e16_s1_AGTTAGCGTCAGTCTA
1676	e16_s1_AGTTCCCAGAGAGGTA
1677	e16_s1_AGTTCCCAGCACTGGA
1678	e16_s1_AGTTCCCAGCCGAACA
1679	e16_s1_AGTTCCCAGCGTACAG
1680	e16_s1_AGTTCCCAGTAATCCC
1681	e16_s1_AGTTCCCCAAGAAATC
1682	e16_s1_AGTTCCCCATAGAAAC
1683	e16_s1_AGTTCCCGTCCGGCAT
1684	e16_s1_AGTTCCCGTTGGGACA
1685	e16_s1_AGTTCCCTCGCTATTT
1686	e16_s1_AGTTCGAAGCTCTGTA
1687	e16_s1_AGTTCGACAAGATGGC
1688	e16_s1_AGTTCGACACGCTTAA
1689	e16_s1_AGTTCGAGTAGTCACT
1690	e16_s1_AGTTCGAGTGGTCCGT
1691	e16_s1_AGTTCGAGTTCAGGTT
1692	e16_s1_ATACCGAAGAGCAGTC
1693	e16_s1_ATACCGAAGATGTTGA
1694	e16_s1_ATACCGACAAAGCTCT
1695	e16_s1_ATACCGACACAACCGC
1696	e16_s1_ATACCGAGTGTTGAGG
1697	e16_s1_ATACCGATCCCACAGG
1698	e16_s1_ATACCGATCCTGTAAG
1699	e16_s1_ATACCGATCGACGAGA
1700	e16_s1_ATACCGATCGCATGAT
1701	e16_s1_ATACCGATCGCTTACC
1702	e16_s1_ATACCTTCAAACCGGA
1703	e16_s1_ATACCTTCACCCTGTT
1704	e16_s1_ATACCTTCACGACGAA
1705	e16_s1_ATACCTTCATCCTATT
1706	e16_s1_ATACCTTGTAAGCTCT
1707	e16_s1_ATACCTTGTCGCCACA
1708	e16_s1_ATACCTTTCAGACCCG
1709	e16_s1_ATACCTTTCCACATAG
1710	e16_s1_ATACCTTTCGAGTTGT
1711	e16_s1_ATACCTTTCGCGTGAC
1712	e16_s1_ATACCTTTCGGTGTTA
1713	e16_s1_ATACTTCAGCTCTATG
1714	e16_s1_ATACTTCCAACCTAAC
1715	e16_s1_ATACTTCCACCTTCGT
1716	e16_s1_ATACTTCCATGTGGTT
1717	e16_s1_ATACTTCGTATGAGAT
1718	e16_s1_ATACTTCGTTATAGAG
1719	e16_s1_ATACTTCTCACGATAC
1720	e16_s1_ATACTTCTCATGCCGG
1721	e16_s1_ATACTTCTCCGAGAAG
1722	e16_s1_ATACTTCTCGAGAATA
1723	e16_s1_ATACTTCTCTGCGGAC
1724	e16_s1_ATAGACCAGCACGTCC
1725	e16_s1_ATAGACCAGGCACTCC
1726	e16_s1_ATAGACCAGGCTTTCA
1727	e16_s1_ATAGACCCAACTCGTA
1728	e16_s1_ATAGACCGTAGGTACG
1729	e16_s1_ATAGACCGTCGAACGA
1730	e16_s1_ATAGACCGTGCAATGG
1731	e16_s1_ATAGACCGTGGTTTGT
1732	e16_s1_ATAGAGAAGACGACTG
1733	e16_s1_ATAGAGACAACAAGTA
1734	e16_s1_ATAGAGACACCCTCTA
1735	e16_s1_ATAGAGAGTCCACTTC
1736	e16_s1_ATAGAGATCACGATAC
1737	e16_s1_ATAGAGATCTACTATC
1738	e16_s1_ATAGAGATCTTCGCTG
1739	e16_s1_ATAGGCTAGAAATGGG
1740	e16_s1_ATAGGCTAGAAGCCTG
1741	e16_s1_ATAGGCTAGATAGCTA
1742	e16_s1_ATAGGCTAGTTTGGCT
1743	e16_s1_ATAGGCTCACCTCGTT
1744	e16_s1_ATAGGCTGTGTGAATA
1745	e16_s1_ATAGGCTTCAATCTCT
1746	e16_s1_ATAGGCTTCCAGCAAT
1747	e16_s1_ATAGGCTTCTTCGTGC
1748	e16_s1_ATATCCTAGGTGAGAA
1749	e16_s1_ATATCCTCAAGAATGT
1750	e16_s1_ATATCCTCAAGAGTTA
1751	e16_s1_ATATCCTCACCAGCTG
1752	e16_s1_ATATCCTCAGATTCGT
1753	e16_s1_ATATCCTCATAAGATG
1754	e16_s1_ATATCCTGTGACAGGT
1755	e16_s1_ATATCCTTCCATCTGC
1756	e16_s1_ATATCCTTCCGGTAAT
1757	e16_s1_ATATCCTTCGAGTTGT
1758	e16_s1_ATATCCTTCGCTATTT
1759	e16_s1_ATATCCTTCGGCCAAC
1760	e16_s1_ATATCCTTCTATTGTC
1761	e16_s1_ATATCCTTCTATTTCG
1762	e16_s1_ATATCCTTCTTCCACG
1763	e16_s1_ATATCCTTCTTCTAAC
1764	e16_s1_ATCACAGAGTACTGGG
1765	e16_s1_ATCACAGAGTAGTGCG
1766	e16_s1_ATCACAGCAAAGGTTA
1767	e16_s1_ATCACAGGTAATGCTC
1768	e16_s1_ATCACAGGTTCATCGA
1769	e16_s1_ATCACAGGTTTAGAGA
1770	e16_s1_ATCACAGTCATACGGT
1771	e16_s1_ATCACAGTCGGCCTTT
1772	e16_s1_ATCACAGTCTCCGATC
1773	e16_s1_ATCACGAAGGTACTGG
1774	e16_s1_ATCACGAAGGTTGACG
1775	e16_s1_ATCACGAAGTTGTAAG
1776	e16_s1_ATCACGAAGTTTGAGA
1777	e16_s1_ATCACGACAACTTGGT
1778	e16_s1_ATCACGACAAGACCGA
1779	e16_s1_ATCACGACAATCCAGT
1780	e16_s1_ATCACGAGTAACTTCG
1781	e16_s1_ATCACGAGTACTCCCT
1782	e16_s1_ATCACGATCATCTCTA
1783	e16_s1_ATCACGATCCCTCGTA
1784	e16_s1_ATCACGATCCGATAAC
1785	e16_s1_ATCACGATCGAATGCT
1786	e16_s1_ATCACGATCTCCCAAC
1787	e16_s1_ATCACTTAGAGCCGTA
1788	e16_s1_ATCACTTAGCACCGTC
1789	e16_s1_ATCACTTAGTGGGAAA
1790	e16_s1_ATCACTTCACAGTATC
1791	e16_s1_ATCACTTCACTCTAGA
1792	e16_s1_ATCACTTCATACCACA
1793	e16_s1_ATCACTTCATCCCGTT
1794	e16_s1_ATCACTTCATCGTGGC
1795	e16_s1_ATCACTTGTCTACACA
1796	e16_s1_ATCACTTGTGACAACG
1797	e16_s1_ATCACTTGTGAGATAT
1798	e16_s1_ATCAGGTAGCCACTCG
1799	e16_s1_ATCAGGTAGGGTCACA
1800	e16_s1_ATCAGGTAGTAGGCCA
1801	e16_s1_ATCAGGTAGTGTTGAA
1802	e16_s1_ATCAGGTGTAGGCTGA
1803	e16_s1_ATCAGGTGTGTTAGCT
1804	e16_s1_ATCAGGTTCATGTCTT
1805	e16_s1_ATCAGGTTCGCTGACG
1806	e16_s1_ATCAGGTTCTACTCAT
1807	e16_s1_ATCATTCAGAACTGAT
1808	e16_s1_ATCATTCAGAGAACCC
1809	e16_s1_ATCATTCAGCTAGCCC
1810	e16_s1_ATCATTCGTCATCTAG
1811	e16_s1_ATCATTCTCATTGAGC
1812	e16_s1_ATCATTCTCGCAGTCG
1813	e16_s1_ATCCACCAGCTTGTTG
1814	e16_s1_ATCCACCAGGATGTTA
1815	e16_s1_ATCCACCAGGCATTTC
1816	e16_s1_ATCCACCCAAACTGCT
1817	e16_s1_ATCCACCCACGACTAT
1818	e16_s1_ATCCACCCACGAGGTA
1819	e16_s1_ATCCACCCAGGTATGG
1820	e16_s1_ATCCACCGTAACAGTA
1821	e16_s1_ATCCACCGTCTGTCCT
1822	e16_s1_ATCCACCGTTGCTCCT
1823	e16_s1_ATCCACCTCTCCGAAA
1824	e16_s1_ATCCACCTCTTTACAC
1825	e16_s1_ATCCATTAGTTATGGA
1826	e16_s1_ATCCATTAGTTGAAAC
1827	e16_s1_ATCCATTCACCCTCTA
1828	e16_s1_ATCCATTCAGCGTATT
1829	e16_s1_ATCCATTCATGAATCC
1830	e16_s1_ATCCATTCATTCTTCA
1831	e16_s1_ATCCATTGTCTACGAT
1832	e16_s1_ATCCATTGTTCGTAAC
1833	e16_s1_ATCCATTGTTGGTAGG
1834	e16_s1_ATCCATTTCGCAGTCG
1835	e16_s1_ATCCCTGAGAAATTCG
1836	e16_s1_ATCCCTGAGCTCAGAG
1837	e16_s1_ATCCCTGAGGAACGTC
1838	e16_s1_ATCCCTGAGGGCAAGG
1839	e16_s1_ATCCCTGCAAGCAATA
1840	e16_s1_ATCCCTGCAGTAACCT
1841	e16_s1_ATCCCTGCATGCCGCA
1842	e16_s1_ATCCCTGCATTGAAAG
1843	e16_s1_ATCCCTGGTACCCGAC
1844	e16_s1_ATCCGTCAGACAGTCG
1845	e16_s1_ATCCGTCAGATCCCGC
1846	e16_s1_ATCCGTCCAACAGAGC
1847	e16_s1_ATCCGTCCAACCTAAC
1848	e16_s1_ATCCGTCGTACGACTT
1849	e16_s1_ATCCTATCAACATACC
1850	e16_s1_ATCCTATCAAGGCAAC
1851	e16_s1_ATCCTATCATGACTTG
1852	e16_s1_ATCCTATCATTGTACG
1853	e16_s1_ATCCTATGTATTTCTC
1854	e16_s1_ATCCTATGTGGCTTGC
1855	e16_s1_ATCCTATGTTATCTGG
1856	e16_s1_ATCCTATTCAATCTCT
1857	e16_s1_ATCCTATTCGTGCTCT
1858	e16_s1_ATCCTATTCTCTATGT
1859	e16_s1_ATCGATGAGACGCCCT
1860	e16_s1_ATCGATGAGATGTTCC
1861	e16_s1_ATCGATGAGCTAGAGC
1862	e16_s1_ATCGATGAGCTTCTAG
1863	e16_s1_ATCGATGAGGAGTACC
1864	e16_s1_ATCGATGAGGTAACTA
1865	e16_s1_ATCGATGGTACGACTT
1866	e16_s1_ATCGATGGTCTGTAAC
1867	e16_s1_ATCGATGGTGGTATGG
1868	e16_s1_ATCGATGGTTTCCAAG
1869	e16_s1_ATCGATGTCCGTAATG
1870	e16_s1_ATCGATGTCGCTAATG
1871	e16_s1_ATCGATGTCGCTAGCG
1872	e16_s1_ATCGATGTCTGAGGTT
1873	e16_s1_ATCGCCTAGATCACTC
1874	e16_s1_ATCGCCTAGTCGGCAA
1875	e16_s1_ATCGCCTAGTGAGGTC
1876	e16_s1_ATCGCCTGTAGAGACC
1877	e16_s1_ATCGCCTGTAGTCGGA
1878	e16_s1_ATCGCCTGTCCTACGG
1879	e16_s1_ATCGCCTGTTGTGCCG
1880	e16_s1_ATCGCCTTCAGTAGGG
1881	e16_s1_ATCGGATAGAAGGGAT
1882	e16_s1_ATCGGATAGTAGTCAA
1883	e16_s1_ATCGGATAGTCCTGCG
1884	e16_s1_ATCGGATCAAAGACGC
1885	e16_s1_ATCGGATCAATAGTGA
1886	e16_s1_ATCGGATCATCGATCA
1887	e16_s1_ATCGGATTCAGACATC
1888	e16_s1_ATCGGATTCCAGTGCG
1889	e16_s1_ATCGGATTCGTTATCT
1890	e16_s1_ATCGGATTCTCTATGT
1891	e16_s1_ATCGGCGAGCAGTACG
1892	e16_s1_ATCGGCGAGTCCGTCG
1893	e16_s1_ATCGGCGCATTGGGAG
1894	e16_s1_ATCGGCGGTGAGTTGG
1895	e16_s1_ATCGGCGGTGGCAACA
1896	e16_s1_ATCGGCGTCATTACGG
1897	e16_s1_ATCGGCGTCCCTTGGT
1898	e16_s1_ATCGGCGTCGAAGCAG
1899	e16_s1_ATCGGCGTCGAATGCT
1900	e16_s1_ATCGGCGTCGACGAGA
1901	e16_s1_ATCGTAGAGGTAAACT
1902	e16_s1_ATCGTAGAGGTCGTGA
1903	e16_s1_ATCGTAGCAAGTGTCT
1904	e16_s1_ATCGTAGCACTACACA
1905	e16_s1_ATCGTAGGTCGAATTC
1906	e16_s1_ATCGTAGTCACGGTCG
1907	e16_s1_ATCGTAGTCCGTGGCA
1908	e16_s1_ATCGTCCAGTCAGAGC
1909	e16_s1_ATCGTCCAGTCTTCCC
1910	e16_s1_ATCGTCCAGTGACACG
1911	e16_s1_ATCGTCCCAAACCGGA
1912	e16_s1_ATCGTCCCAAGGAGTC
1913	e16_s1_ATCGTCCCACCCTTAC
1914	e16_s1_ATCGTCCCATGTCGTA
1915	e16_s1_ATCGTCCGTTATCTGG
1916	e16_s1_ATCGTCCTCCAAGCCG
1917	e16_s1_ATCGTCCTCTCATAGG
1918	e16_s1_ATCGTCCTCTTCGATT
1919	e16_s1_ATCGTGAAGATGAAGG
1920	e16_s1_ATCGTGACAAGGCGTA
1921	e16_s1_ATCGTGACAGCTATAC
1922	e16_s1_ATCGTGACAGTTAGGG
1923	e16_s1_ATCGTGACATCAGTGT
1924	e16_s1_ATCGTGATCATGCATG
1925	e16_s1_ATCGTGATCCCGGTAG
1926	e16_s1_ATCGTGATCCGTGTGG
1927	e16_s1_ATCTCTAAGTAGTCTC
1928	e16_s1_ATCTCTAAGTTCCGTA
1929	e16_s1_ATCTCTACAAGTGCTT
1930	e16_s1_ATCTCTACATCAACCA
1931	e16_s1_ATCTCTAGTTAATGAG
1932	e16_s1_ATCTCTAGTTAGGGAC
1933	e16_s1_ATCTCTATCGCTGTTC
1934	e16_s1_ATCTTCAAGGGTACAC
1935	e16_s1_ATCTTCAAGTTCCGGC
1936	e16_s1_ATCTTCACACCGTCTT
1937	e16_s1_ATCTTCACAGCACCCA
1938	e16_s1_ATCTTCAGTAGATCCT
1939	e16_s1_ATCTTCAGTCGTATGT
1940	e16_s1_ATCTTCAGTTAGCTAC
1941	e16_s1_ATCTTCAGTTGCAACT
1942	e16_s1_ATCTTCAGTTGTGTTG
1943	e16_s1_ATCTTCATCCGGTAGC
1944	e16_s1_ATCTTCATCCTCAGGG
1945	e16_s1_ATCTTCATCCTTATAC
1946	e16_s1_ATGAAAGAGAGCAGAA
1947	e16_s1_ATGAAAGAGATGGCGT
1948	e16_s1_ATGAAAGAGCACTCAT
1949	e16_s1_ATGAAAGAGTCTAGAA
1950	e16_s1_ATGAAAGCAGGGTTGA
1951	e16_s1_ATGAAAGCAGTGGGTA
1952	e16_s1_ATGAAAGGTACCCGCA
1953	e16_s1_ATGAAAGGTATTCCTT
1954	e16_s1_ATGAAAGGTTGATGTC
1955	e16_s1_ATGAAAGTCTCTCGAC
1956	e16_s1_ATGACCAAGCAAATCA
1957	e16_s1_ATGACCAAGCATGAAT
1958	e16_s1_ATGACCAAGGCTCTCG
1959	e16_s1_ATGACCAAGGGATCTG
1960	e16_s1_ATGACCAAGGTATTGA
1961	e16_s1_ATGACCAAGTACTGTC
1962	e16_s1_ATGACCAAGTATCTGC
1963	e16_s1_ATGACCACACTACGGC
1964	e16_s1_ATGACCACAGCGCTTG
1965	e16_s1_ATGACCATCATCTATC
1966	e16_s1_ATGACCATCGAAGCAG
1967	e16_s1_ATGACCATCGGTCATA
1968	e16_s1_ATGACCATCTGCATGA
1969	e16_s1_ATGAGGGAGACGACTG
1970	e16_s1_ATGAGGGAGCAAACAT
1971	e16_s1_ATGAGGGAGTCACGCC
1972	e16_s1_ATGAGGGCAGAGATTA
1973	e16_s1_ATGAGGGCATGGCGCT
1974	e16_s1_ATGAGGGCATTACTCT
1975	e16_s1_ATGAGGGGTACGCGTC
1976	e16_s1_ATGAGGGGTCGATTCA
1977	e16_s1_ATGAGGGGTCGTTATG
1978	e16_s1_ATGAGGGGTCGTTCAA
1979	e16_s1_ATGAGGGGTGAGCAGT
1980	e16_s1_ATGAGGGTCATGAAAG
1981	e16_s1_ATGAGTCAGAGAGAAC
1982	e16_s1_ATGAGTCAGGTTGGAC
1983	e16_s1_ATGAGTCCAGGTCAAG
1984	e16_s1_ATGAGTCGTACAGTAA
1985	e16_s1_ATGAGTCGTGGGTTGA
1986	e16_s1_ATGAGTCGTTTGTTCT
1987	e16_s1_ATGAGTCTCCCAGTGG
1988	e16_s1_ATGAGTCTCTTAAGGC
1989	e16_s1_ATGATCGAGGCGTTGA
1990	e16_s1_ATGATCGAGTAGGCCA
1991	e16_s1_ATGATCGGTTTACGTG
1992	e16_s1_ATGATCGTCACAGTGT
1993	e16_s1_ATGATCGTCATGGGAG
1994	e16_s1_ATGATCGTCTGGACTA
1995	e16_s1_ATGATCGTCTTCACAT
1996	e16_s1_ATGATCGTCTTGCAGA
1997	e16_s1_ATGCATGAGCTAATGA
1998	e16_s1_ATGCATGCAAGTGATA
1999	e16_s1_ATGCATGCAGTCACGC
2000	e16_s1_ATGCATGGTTTGTTCT
2001	e16_s1_ATGCATGTCAAGTGGG
2002	e16_s1_ATGCATGTCCAGGACC
2003	e16_s1_ATGCATGTCTGGTGCG
2004	e16_s1_ATGCCTCAGAATCGTA
2005	e16_s1_ATGCCTCAGCGATTCT
2006	e16_s1_ATGCCTCCAACACGTT
2007	e16_s1_ATGCCTCCAGCGGATA
2008	e16_s1_ATGCCTCGTCTGCCTT
2009	e16_s1_ATGCCTCGTCTGTGTA
2010	e16_s1_ATGCCTCGTCTTGAAC
2011	e16_s1_ATGCCTCGTTCGGCTG
2012	e16_s1_ATGCCTCTCAACCCGG
2013	e16_s1_ATGCCTCTCCAGTACA
2014	e16_s1_ATGCCTCTCGAAGTGG
2015	e16_s1_ATGCCTCTCGAGTGGA
2016	e16_s1_ATGCCTCTCTAACGCA
2017	e16_s1_ATGCCTCTCTCTATGT
2018	e16_s1_ATGCGATAGGATATGT
2019	e16_s1_ATGCGATCAAGGCAAC
2020	e16_s1_ATGCGATCAGGGAGAG
2021	e16_s1_ATGCGATGTAGTCGGA
2022	e16_s1_ATGCGATGTCTACAAC
2023	e16_s1_ATGCGATGTGAATGAT
2024	e16_s1_ATGCGATGTGTCATGT
2025	e16_s1_ATGCGATTCATGTCAG
2026	e16_s1_ATGCGATTCCACAAGT
2027	e16_s1_ATGCGATTCCACTGGG
2028	e16_s1_ATGGAGGCAAGACGAC
2029	e16_s1_ATGGAGGCACGGTCTG
2030	e16_s1_ATGGAGGCAGACTCTA
2031	e16_s1_ATGGAGGGTCTTGCTC
2032	e16_s1_ATGGAGGTCAGTGTTG
2033	e16_s1_ATGGAGGTCTCCGTGT
2034	e16_s1_ATGGAGGTCTCTTCAA
2035	e16_s1_ATGGAGGTCTGAGCAT
2036	e16_s1_ATGGATCAGAAGGTAG
2037	e16_s1_ATGGATCAGATGGTCG
2038	e16_s1_ATGGATCCACACTGGC
2039	e16_s1_ATGGATCGTACCCAGC
2040	e16_s1_ATGGATCGTGGACTGA
2041	e16_s1_ATGGATCTCGCGTTTC
2042	e16_s1_ATGGGAGCAGCTCATA
2043	e16_s1_ATGGGAGGTACATTGC
2044	e16_s1_ATGGGAGGTAGGAGTC
2045	e16_s1_ATGGGAGGTTGGTGTT
2046	e16_s1_ATGGGAGTCATCGCCT
2047	e16_s1_ATGGGTTAGAGGTTTA
2048	e16_s1_ATGGGTTAGTGTTGTC
2049	e16_s1_ATGGGTTAGTTGGGAC
2050	e16_s1_ATGGGTTCAAGTGGCA
2051	e16_s1_ATGGGTTCACAGCCAC
2052	e16_s1_ATGGGTTCACGGCGTT
2053	e16_s1_ATGGGTTCACTATCGA
2054	e16_s1_ATGGGTTCAGACAAAT
2055	e16_s1_ATGGGTTCATCCGAAT
2056	e16_s1_ATGGGTTCATCCTCAC
2057	e16_s1_ATGGGTTGTTTCCCAC
2058	e16_s1_ATGGGTTTCAAGAGTA
2059	e16_s1_ATGGGTTTCATGGTAC
2060	e16_s1_ATGGGTTTCCCTGGTT
2061	e16_s1_ATGGGTTTCCGCATAA
2062	e16_s1_ATGGGTTTCTTAAGGC
2063	e16_s1_ATGGTTGAGACATCCT
2064	e16_s1_ATGGTTGAGGCACTCC
2065	e16_s1_ATGGTTGAGTCGCCCA
2066	e16_s1_ATGGTTGCAAGACCTT
2067	e16_s1_ATGGTTGCAGCTCGGT
2068	e16_s1_ATGGTTGGTGGCCACT
2069	e16_s1_ATGGTTGTCGGTTGTA
2070	e16_s1_ATGGTTGTCTCCGTGT
2071	e16_s1_ATGGTTGTCTGCGATA
2072	e16_s1_ATGTCCCAGACTCGAG
2073	e16_s1_ATGTCCCAGAGCTGAC
2074	e16_s1_ATGTCCCAGTCCGCGT
2075	e16_s1_ATGTCCCCACCTGATA
2076	e16_s1_ATGTCCCGTAGTTCCA
2077	e16_s1_ATGTCCCGTGAACGGT
2078	e16_s1_ATGTCCCGTGTTCCAA
2079	e16_s1_ATGTCCCTCCGAGAAG
2080	e16_s1_ATGTCCCTCCGTCCTA
2081	e16_s1_ATGTCTTAGAGTACCG
2082	e16_s1_ATGTCTTAGCCTCCAG
2083	e16_s1_ATGTCTTAGGGTGAGG
2084	e16_s1_ATGTCTTAGTCTGTAC
2085	e16_s1_ATGTCTTCAGGTCCCA
2086	e16_s1_ATGTCTTGTCATAACC
2087	e16_s1_ATGTCTTGTCGCCACA
2088	e16_s1_ATGTCTTGTGAATTGA
2089	e16_s1_ATGTCTTTCAGGAAGC
2090	e16_s1_ATGTCTTTCATTGTGG
2091	e16_s1_ATGTCTTTCGCCAATA
2092	e16_s1_ATGTCTTTCTCCAATT
2093	e16_s1_ATTACCTAGAGCCATG
2094	e16_s1_ATTACCTAGCAGTACG
2095	e16_s1_ATTACCTAGTAGTCAA
2096	e16_s1_ATTACCTAGTATGTAG
2097	e16_s1_ATTACCTAGTCATGCT
2098	e16_s1_ATTACCTCAGAACATA
2099	e16_s1_ATTACCTTCATGGCCG
2100	e16_s1_ATTACCTTCCTTCGAC
2101	e16_s1_ATTACCTTCGTTCTCG
2102	e16_s1_ATTACTCAGAATAGTC
2103	e16_s1_ATTACTCAGAGAGGGC
2104	e16_s1_ATTACTCAGAGCTTTC
2105	e16_s1_ATTACTCAGGGAGGTG
2106	e16_s1_ATTACTCAGTGAGTGC
2107	e16_s1_ATTACTCCAGTGGGTA
2108	e16_s1_ATTACTCCAGTTGTCA
2109	e16_s1_ATTACTCCATTCCTCG
2110	e16_s1_ATTACTCGTAGGGAGG
2111	e16_s1_ATTACTCGTAGGTTTC
2112	e16_s1_ATTACTCGTATCAAGA
2113	e16_s1_ATTACTCGTCAAACGG
2114	e16_s1_ATTACTCGTCAGGTAG
2115	e16_s1_ATTACTCGTCTTTATC
2116	e16_s1_ATTACTCGTGCACGCT
2117	e16_s1_ATTACTCTCGATACTG
2118	e16_s1_ATTACTCTCGGATTAC
2119	e16_s1_ATTATCCAGCATCAGG
2120	e16_s1_ATTATCCAGCCGAATG
2121	e16_s1_ATTATCCAGCTTTGTG
2122	e16_s1_ATTATCCCACTTCATT
2123	e16_s1_ATTATCCCAGTAGATA
2124	e16_s1_ATTATCCGTATTGGCT
2125	e16_s1_ATTATCCGTCTCTCCA
2126	e16_s1_ATTATCCTCAGCAGAG
2127	e16_s1_ATTATCCTCATGCCCT
2128	e16_s1_ATTATCCTCCATGCAA
2129	e16_s1_ATTCACTAGACCATTC
2130	e16_s1_ATTCACTAGCTAGAGC
2131	e16_s1_ATTCACTAGTGGTTCT
2132	e16_s1_ATTCACTAGTTAGTAG
2133	e16_s1_ATTCACTCACCACATA
2134	e16_s1_ATTCACTCACGACGTC
2135	e16_s1_ATTCACTCACTCCTTG
2136	e16_s1_ATTCACTCAGTTCCAA
2137	e16_s1_ATTCACTCAGTTCTAG
2138	e16_s1_ATTCACTCATCCGGTG
2139	e16_s1_ATTCACTGTCCAGTTA
2140	e16_s1_ATTCACTTCGAATGCT
2141	e16_s1_ATTCACTTCGATGCAT
2142	e16_s1_ATTCACTTCGTTCTAT
2143	e16_s1_ATTCAGGAGATCGGTG
2144	e16_s1_ATTCAGGCAACACGAG
2145	e16_s1_ATTCAGGCACCCTTAC
2146	e16_s1_ATTCAGGCATCGGTTA
2147	e16_s1_ATTCAGGGTCACTGAT
2148	e16_s1_ATTCAGGGTGCGAGTA
2149	e16_s1_ATTCAGGGTTGCATTG
2150	e16_s1_ATTCAGGTCCTCTTTC
2151	e16_s1_ATTCAGGTCTCTCTAA
2152	e16_s1_ATTCAGGTCTTTCAGT
2153	e16_s1_ATTCATCAGATGATTG
2154	e16_s1_ATTCATCAGATGCGAC
2155	e16_s1_ATTCATCCACTCAAGT
2156	e16_s1_ATTCATCCAGAAATCA
2157	e16_s1_ATTCATCCAGTAACAA
2158	e16_s1_ATTCATCCATTGGCAT
2159	e16_s1_ATTCATCGTACGACAG
2160	e16_s1_ATTCATCGTACGTGAG
2161	e16_s1_ATTCATCTCCAAGCTA
2162	e16_s1_ATTCATCTCGCTGTTC
2163	e16_s1_ATTCCATAGAGGTCAC
2164	e16_s1_ATTCCATAGCATGGGT
2165	e16_s1_ATTCCATAGGAAAGTG
2166	e16_s1_ATTCCATAGGTCGCCT
2167	e16_s1_ATTCCATCACAAATCC
2168	e16_s1_ATTCCATCACCTCTAC
2169	e16_s1_ATTCCATTCAGCATTG
2170	e16_s1_ATTCCATTCGATTTCT
2171	e16_s1_ATTCCATTCGGAACTT
2172	e16_s1_ATTCCATTCTCTATAC
2173	e16_s1_ATTCCCGAGCGGTAGT
2174	e16_s1_ATTCCCGAGCTGACTT
2175	e16_s1_ATTCCCGAGCTTACGT
2176	e16_s1_ATTCCCGAGGACAAGA
2177	e16_s1_ATTCCCGAGGACTGGT
2178	e16_s1_ATTCCCGAGGTCGCCT
2179	e16_s1_ATTCCCGCATCCCACT
2180	e16_s1_ATTCCCGCATGTGGCC
2181	e16_s1_ATTCCCGGTCTCGGGT
2182	e16_s1_ATTCCCGGTTAGAGTA
2183	e16_s1_ATTCCCGGTTAGGCTT
2184	e16_s1_ATTCCCGTCGCCAACG
2185	e16_s1_ATTCCCGTCTACCTTA
2186	e16_s1_ATTCCTAAGAGCGACT
2187	e16_s1_ATTCCTAAGGAGGTTC
2188	e16_s1_ATTCCTACAACACAGG
2189	e16_s1_ATTCCTACAGCGACCT
2190	e16_s1_ATTCCTAGTATGAGAT
2191	e16_s1_ATTCCTAGTCAAGCGA
2192	e16_s1_ATTCCTAGTCTTACTT
2193	e16_s1_ATTCCTAGTTTACCAG
2194	e16_s1_ATTCCTATCCGAGTGC
2195	e16_s1_ATTCCTATCGCACGAC
2196	e16_s1_ATTCCTATCTCAACCC
2197	e16_s1_ATTCGTTAGAATAGTC
2198	e16_s1_ATTCGTTAGTCCCAGC
2199	e16_s1_ATTCGTTAGTCTGGTT
2200	e16_s1_ATTCGTTCAGAACATA
2201	e16_s1_ATTCGTTGTCATCTAG
2202	e16_s1_ATTCGTTTCCCGTGAG
2203	e16_s1_ATTCGTTTCTCGCTCA
2204	e16_s1_ATTCTACAGCCACAAG
2205	e16_s1_ATTCTACAGTAACCTC
2206	e16_s1_ATTCTACAGTGGTCAG
2207	e16_s1_ATTCTACCAACTCATG
2208	e16_s1_ATTCTACCATGACTCA
2209	e16_s1_ATTCTTGAGCCTCACG
2210	e16_s1_ATTCTTGAGGAAAGGT
2211	e16_s1_ATTCTTGAGGAGCTGT
2212	e16_s1_ATTCTTGAGGCTTCCG
2213	e16_s1_ATTCTTGAGTACCATC
2214	e16_s1_ATTCTTGAGTCAGGGT
2215	e16_s1_ATTCTTGAGTCTGGTT
2216	e16_s1_ATTCTTGCAGCTCATA
2217	e16_s1_ATTCTTGCAGTGCGCT
2218	e16_s1_ATTCTTGCAGTGGGTA
2219	e16_s1_ATTCTTGGTCTTACTT
2220	e16_s1_ATTGGGTAGCAGGCTA
2221	e16_s1_ATTGGGTAGCCTCTCT
2222	e16_s1_ATTGGGTAGGTCATAA
2223	e16_s1_ATTGGGTCAAGGGCAT
2224	e16_s1_ATTGGGTCAGGATGAC
2225	e16_s1_ATTGGGTGTAAGATCA
2226	e16_s1_ATTGGGTTCCTAGCTC
2227	e16_s1_ATTGTTCAGCGATTCT
2228	e16_s1_ATTGTTCAGCTGTCCG
2229	e16_s1_ATTGTTCAGGGACAGG
2230	e16_s1_ATTGTTCAGGGAGGGT
2231	e16_s1_ATTGTTCCACGGGCTT
2232	e16_s1_ATTGTTCCAGCATTGT
2233	e16_s1_ATTGTTCCATTCTCCG
2234	e16_s1_ATTGTTCGTCCTACAA
2235	e16_s1_ATTGTTCGTCGATTAC
2236	e16_s1_ATTGTTCGTTATGGTC
2237	e16_s1_ATTGTTCGTTGCTGAT
2238	e16_s1_ATTGTTCTCGTCGACG
2239	e16_s1_ATTGTTCTCTGGGAGA
2240	e16_s1_ATTTACCAGCGATGAC
2241	e16_s1_ATTTACCAGTCTCCTC
2242	e16_s1_ATTTACCAGTTGGGAC
2243	e16_s1_ATTTACCCAGTATTCG
2244	e16_s1_ATTTACCCAGTGGTGA
2245	e16_s1_ATTTACCCATAGATCC
2246	e16_s1_ATTTACCCATAGGTTC
2247	e16_s1_ATTTACCGTAGCCCTG
2248	e16_s1_ATTTACCGTAGGACCA
2249	e16_s1_ATTTACCGTTGCTGAT
2250	e16_s1_ATTTACCTCCAATCCC
2251	e16_s1_ATTTACCTCCGCAACG
2252	e16_s1_ATTTACCTCGCGTCGA
2253	e16_s1_ATTTCACAGCCATGCC
2254	e16_s1_ATTTCACAGGAAGAAC
2255	e16_s1_ATTTCACAGGCGCTCT
2256	e16_s1_ATTTCACCAAGGGTCA
2257	e16_s1_ATTTCACCACCTGCAG
2258	e16_s1_ATTTCACCACTCACTC
2259	e16_s1_ATTTCACCAGGTCCCA
2260	e16_s1_ATTTCACCAGTCACGC
2261	e16_s1_ATTTCACGTGGCTGCT
2262	e16_s1_ATTTCACGTTGATCGT
2263	e16_s1_ATTTCACTCATTCACT
2264	e16_s1_ATTTCACTCCTGGGTG
2265	e16_s1_ATTTCACTCGAATGCT
2266	e16_s1_ATTTCTGAGAATTGCA
2267	e16_s1_ATTTCTGAGCACTGGA
2268	e16_s1_ATTTCTGAGGACTAAT
2269	e16_s1_ATTTCTGAGGGCCAAT
2270	e16_s1_ATTTCTGAGTTTGGCT
2271	e16_s1_ATTTCTGCATAGGTTC
2272	e16_s1_ATTTCTGGTGCAATAA
2273	e16_s1_ATTTCTGGTGGCTCTG
2274	e16_s1_ATTTCTGGTTCATCGA
2275	e16_s1_ATTTCTGGTTCTTCAT
2276	e16_s1_ATTTCTGTCATACGAC
2277	e16_s1_ATTTCTGTCGAACGGA
2278	e16_s1_ATTTCTGTCGCTACAA
2279	e16_s1_ATTTCTGTCGTAGGGA
2280	e16_s1_ATTTCTGTCGTCGCTT
2281	e16_s1_CAAAGAAAGAAGCCAC
2282	e16_s1_CAAAGAACAACCGCCA
2283	e16_s1_CAAAGAACAAGCACCC
2284	e16_s1_CAAAGAACAGCTGTTA
2285	e16_s1_CAAAGAACATACAGAA
2286	e16_s1_CAAAGAACATACAGGG
2287	e16_s1_CAAAGAAGTCGTAATC
2288	e16_s1_CAAAGAAGTCTGATCA
2289	e16_s1_CAAAGAAGTGGTCTGC
2290	e16_s1_CAAAGAATCAAAGGTA
2291	e16_s1_CAAAGAATCCCGTTGT
2292	e16_s1_CAAAGAATCGATACAC
2293	e16_s1_CAAAGAATCTCAGTCC
2294	e16_s1_CAACAACAGAGTCAGC
2295	e16_s1_CAACAACAGCTCCATA
2296	e16_s1_CAACAACAGGCCCACT
2297	e16_s1_CAACAACAGGCTTTCA
2298	e16_s1_CAACAACCACCGCTGA
2299	e16_s1_CAACAACGTCAGGTAG
2300	e16_s1_CAACAACGTCTGTGGC
2301	e16_s1_CAACAACGTTAAACAG
2302	e16_s1_CAACAACTCGAGGCAA
2303	e16_s1_CAACAACTCGTTCGCT
2304	e16_s1_CAACAGTAGATGAACT
2305	e16_s1_CAACAGTAGTAATCCC
2306	e16_s1_CAACAGTAGTAGGTTA
2307	e16_s1_CAACAGTCAACTCCAA
2308	e16_s1_CAACAGTCAATCCAGT
2309	e16_s1_CAACAGTCACGCTGCA
2310	e16_s1_CAACAGTCAGCCCACA
2311	e16_s1_CAACAGTCAGGGAGAG
2312	e16_s1_CAACAGTGTCGAACGA
2313	e16_s1_CAACAGTGTCTTGAAC
2314	e16_s1_CAACAGTGTGCAATAA
2315	e16_s1_CAACAGTGTGGTAACG
2316	e16_s1_CAACAGTTCATGGTAC
2317	e16_s1_CAACAGTTCGGCTATA
2318	e16_s1_CAACAGTTCGTGGCGT
2319	e16_s1_CAACCAAAGAGTCTGG
2320	e16_s1_CAACCAAAGCCTGTCG
2321	e16_s1_CAACCAAAGGAAGTCC
2322	e16_s1_CAACCAACAGAAGTTA
2323	e16_s1_CAACCAACAGGATGAC
2324	e16_s1_CAACCAAGTCACTCGG
2325	e16_s1_CAACCAAGTCCTTTGC
2326	e16_s1_CAACCAAGTGAGAGGG
2327	e16_s1_CAACCAAGTGGATCAG
2328	e16_s1_CAACCAAGTTACTCAG
2329	e16_s1_CAACCAATCAACACGT
2330	e16_s1_CAACCAATCATCGCCT
2331	e16_s1_CAACCTCAGACAACAT
2332	e16_s1_CAACCTCCACGCCACA
2333	e16_s1_CAACCTCCATCAGCGC
2334	e16_s1_CAACCTCGTAGTCACT
2335	e16_s1_CAACCTCGTCAGGCAA
2336	e16_s1_CAACCTCGTCTCACGG
2337	e16_s1_CAACCTCGTGGCAGAT
2338	e16_s1_CAACCTCTCATGGGAG
2339	e16_s1_CAACCTCTCCGAAATC
2340	e16_s1_CAACCTCTCGATCCAA
2341	e16_s1_CAACCTCTCTGGAAGG
2342	e16_s1_CAACGATAGGAAGTAG
2343	e16_s1_CAACGATAGGTTACCT
2344	e16_s1_CAACGATAGTCTGGAG
2345	e16_s1_CAACGATCAAGAATAC
2346	e16_s1_CAACGATGTAACATGA
2347	e16_s1_CAACGATTCCATGCAA
2348	e16_s1_CAACGATTCGCCAATA
2349	e16_s1_CAACGATTCGTCAAAC
2350	e16_s1_CAACGGCAGAACAAGG
2351	e16_s1_CAACGGCAGGAATGTT
2352	e16_s1_CAACGGCAGGCTGAAC
2353	e16_s1_CAACGGCCAGCAGTCC
2354	e16_s1_CAACGGCCATTGACCA
2355	e16_s1_CAACGGCGTCCCTAAA
2356	e16_s1_CAAGACTAGCACCAGA
2357	e16_s1_CAAGACTAGCATGCGA
2358	e16_s1_CAAGACTCACCAGTAT
2359	e16_s1_CAAGACTGTCTTGCTC
2360	e16_s1_CAAGACTGTGAAGCTG
2361	e16_s1_CAAGACTTCCCATTCG
2362	e16_s1_CAAGACTTCTGCGGAC
2363	e16_s1_CAAGAGGAGCACAAAT
2364	e16_s1_CAAGAGGCACATCCCT
2365	e16_s1_CAAGAGGTCCAGCACG
2366	e16_s1_CAAGAGGTCCGTGACG
2367	e16_s1_CAAGCTAAGATCGCTT
2368	e16_s1_CAAGCTAAGGAAGTAG
2369	e16_s1_CAAGCTAAGGAGTCTG
2370	e16_s1_CAAGCTAAGGGCAATC
2371	e16_s1_CAAGCTAAGTCGAAAT
2372	e16_s1_CAAGCTACAACTACGT
2373	e16_s1_CAAGCTAGTCACCGCA
2374	e16_s1_CAAGCTATCAAGAATG
2375	e16_s1_CAAGCTATCCGTGGGT
2376	e16_s1_CAAGCTATCGGAACTT
2377	e16_s1_CAAGCTATCTACTGAG
2378	e16_s1_CAAGCTATCTATCGCC
2379	e16_s1_CAAGGGAAGACTACCT
2380	e16_s1_CAAGGGAAGCTCTGTA
2381	e16_s1_CAAGGGAAGGGTAGCT
2382	e16_s1_CAAGGGACACTTCTCG
2383	e16_s1_CAAGGGATCAGGTGTT
2384	e16_s1_CAAGGGATCAGTGCGC
2385	e16_s1_CAAGGGATCGCTTTAT
2386	e16_s1_CAAGGGATCGGATTAC
2387	e16_s1_CAAGGGATCGGCATAT
2388	e16_s1_CAAGGGATCGTAGGAG
2389	e16_s1_CAAGGGATCTGAACGT
2390	e16_s1_CAAGGGATCTGGGCAC
2391	e16_s1_CAATACGAGCGTACAG
2392	e16_s1_CAATACGAGTTGCCCG
2393	e16_s1_CAATACGCAGAGTCAG
2394	e16_s1_CAATACGGTTCTCAGA
2395	e16_s1_CAATACGGTTGCGAAG
2396	e16_s1_CAATCGAAGACATCAA
2397	e16_s1_CAATCGAAGCAGAAAG
2398	e16_s1_CAATCGACAATCTGCA
2399	e16_s1_CAATCGACATAAGATG
2400	e16_s1_CAATCGAGTACCAGAG
2401	e16_s1_CAATCGAGTGCATTAC
2402	e16_s1_CAATCGAGTTACGCCG
2403	e16_s1_CAATCGATCAGGACGA
2404	e16_s1_CAATCGATCTACACAG
2405	e16_s1_CAATGACAGCACACAG
2406	e16_s1_CAATGACCAAATGGCG
2407	e16_s1_CAATGACCATAGAATG
2408	e16_s1_CAATGACGTAACATAG
2409	e16_s1_CAATGACGTCCACATA
2410	e16_s1_CAATGACTCAAGTCGT
2411	e16_s1_CAATGACTCACCCTGT
2412	e16_s1_CAATGACTCGTTCCTG
2413	e16_s1_CAATGACTCTCCTGAC
2414	e16_s1_CAATTTCAGGACTTCT
2415	e16_s1_CAATTTCCAAACTGCT
2416	e16_s1_CAATTTCCAACGAGGT
2417	e16_s1_CAATTTCCACATGGTT
2418	e16_s1_CAATTTCGTTAGAGTA
2419	e16_s1_CAATTTCTCGACCATA
2420	e16_s1_CACAACAAGACCCGCT
2421	e16_s1_CACAACAAGAGCTGCA
2422	e16_s1_CACAACAAGCGCGTTC
2423	e16_s1_CACAACAAGGATTTGA
2424	e16_s1_CACAACAAGTACCGGA
2425	e16_s1_CACAACAAGTCAATCC
2426	e16_s1_CACAACACAAGCACAG
2427	e16_s1_CACAACACAGAGTTCT
2428	e16_s1_CACAACACATGTGCCG
2429	e16_s1_CACAACACATTAAGCC
2430	e16_s1_CACAACAGTAGGACTG
2431	e16_s1_CACAACAGTCCGGACT
2432	e16_s1_CACAACATCAGAGCGA
2433	e16_s1_CACAACATCATGCCGG
2434	e16_s1_CACAACATCTTAGCAG
2435	e16_s1_CACACAAAGAGTCGAC
2436	e16_s1_CACACAAAGATCGCCC
2437	e16_s1_CACACAAAGATGAAGG
2438	e16_s1_CACACAAAGATGGGCT
2439	e16_s1_CACACAAAGCGCCGTT
2440	e16_s1_CACACAACAAGGTTGG
2441	e16_s1_CACACAACACTTGGCG
2442	e16_s1_CACACAACATTACGGT
2443	e16_s1_CACACAAGTGCCTGCA
2444	e16_s1_CACACAATCAAGGACG
2445	e16_s1_CACAGATAGACGCAGT
2446	e16_s1_CACAGATAGGGTGAAA
2447	e16_s1_CACAGATAGTCACAGG
2448	e16_s1_CACAGATAGTCCGCGT
2449	e16_s1_CACAGATAGTGGAATT
2450	e16_s1_CACAGATCACGTCTCT
2451	e16_s1_CACAGATCAGCACCCA
2452	e16_s1_CACAGATCAGCGAGTA
2453	e16_s1_CACAGATGTAGGTACG
2454	e16_s1_CACAGATGTCACTTCC
2455	e16_s1_CACAGATGTCGCACAC
2456	e16_s1_CACAGATTCGTAACTG
2457	e16_s1_CACAGGCCAGAAGTGC
2458	e16_s1_CACAGGCGTTTGTGGT
2459	e16_s1_CACATGAAGAAACTGT
2460	e16_s1_CACATGAAGCGCTGAA
2461	e16_s1_CACATGACACCGTGGT
2462	e16_s1_CACATGACACGTATAC
2463	e16_s1_CACATGACAGTAACGG
2464	e16_s1_CACATGACATCGTTCC
2465	e16_s1_CACATGAGTGGGCTTC
2466	e16_s1_CACATGAGTTCCAGGC
2467	e16_s1_CACATGATCACTGAAC
2468	e16_s1_CACATGATCCACGTAA
2469	e16_s1_CACCAAAAGAGAGTTT
2470	e16_s1_CACCAAAAGGACTAAT
2471	e16_s1_CACCAAAAGTATCCTG
2472	e16_s1_CACCAAACAATACGCT
2473	e16_s1_CACCAAACACAGAGCA
2474	e16_s1_CACCAAACAGAAGTTA
2475	e16_s1_CACCAAACATTAAAGG
2476	e16_s1_CACCAAAGTCCAGGTC
2477	e16_s1_CACCAAAGTTCTTCAT
2478	e16_s1_CACCAAATCATTTCGT
2479	e16_s1_CACCAAATCCGGCAGT
2480	e16_s1_CACCAAATCTCCTGAC
2481	e16_s1_CACCGTTAGACCAGAC
2482	e16_s1_CACCGTTAGCTGACCC
2483	e16_s1_CACCGTTCAAGTCCAT
2484	e16_s1_CACCGTTGTAACTTCG
2485	e16_s1_CACCGTTGTAATTAGG
2486	e16_s1_CACCGTTTCACGATAC
2487	e16_s1_CACCGTTTCATCTATC
2488	e16_s1_CACCGTTTCTCGAGTA
2489	e16_s1_CACCGTTTCTGCCCTA
2490	e16_s1_CACGAATAGATGTTGA
2491	e16_s1_CACGAATCACGAGGAT
2492	e16_s1_CACGAATCAGGATTCT
2493	e16_s1_CACGAATGTGCGCTCA
2494	e16_s1_CACGAATTCACCGGTG
2495	e16_s1_CACGAATTCCTTGGAA
2496	e16_s1_CACGAATTCGACCTAA
2497	e16_s1_CACGGGTAGAAACTGT
2498	e16_s1_CACGGGTGTAGACAGC
2499	e16_s1_CACGGGTGTGCTCTTC
2500	e16_s1_CACGGGTGTTGGGTAG
2501	e16_s1_CACGGGTTCCGCTGTT
2502	e16_s1_CACGGGTTCCTCGATC
2503	e16_s1_CACGTGGAGCCGCTTG
2504	e16_s1_CACGTGGCATTGCAAC
2505	e16_s1_CACGTGGCATTGCCTC
2506	e16_s1_CACGTGGGTTTACGTG
2507	e16_s1_CACGTGGTCGGAATTC
2508	e16_s1_CACGTGGTCGTGGCTG
2509	e16_s1_CACGTGGTCTCGCGTT
2510	e16_s1_CACGTTCCAACGACTT
2511	e16_s1_CACGTTCGTTTCGATG
2512	e16_s1_CACGTTCTCCGCACTT
2513	e16_s1_CACTAAGAGAGCAAGA
2514	e16_s1_CACTAAGAGCCACCGT
2515	e16_s1_CACTAAGCACAAATGA
2516	e16_s1_CACTAAGCACAGCCAC
2517	e16_s1_CACTAAGCAGGGTTGA
2518	e16_s1_CACTAAGGTACAGTAA
2519	e16_s1_CACTAAGGTCACCGAC
2520	e16_s1_CACTAAGGTCCCTCAT
2521	e16_s1_CACTAAGGTGAGAGGG
2522	e16_s1_CACTAAGGTGCACAAG
2523	e16_s1_CACTAAGTCAAATGCC
2524	e16_s1_CACTAAGTCAATCAGC
2525	e16_s1_CACTAAGTCGGAGCAA
2526	e16_s1_CACTAAGTCTACAGGT
2527	e16_s1_CACTGAAAGTTCCGTA
2528	e16_s1_CACTGAACATGGCGCT
2529	e16_s1_CACTGAAGTACTAAGA
2530	e16_s1_CACTGAAGTATAGCTC
2531	e16_s1_CACTGAAGTCAGTCTA
2532	e16_s1_CACTGAAGTCCCGCAA
2533	e16_s1_CACTGAAGTTGTGGAG
2534	e16_s1_CACTGAATCCAGTACA
2535	e16_s1_CACTGAATCCGCTGTT
2536	e16_s1_CACTGGGCAATCGTCA
2537	e16_s1_CACTGGGCACATTGTG
2538	e16_s1_CACTGGGCAGAACATA
2539	e16_s1_CACTGGGCAGTTTGGT
2540	e16_s1_CACTGGGCATCGGTTA
2541	e16_s1_CACTGGGCATGGCCCA
2542	e16_s1_CACTGGGGTGCCTACG
2543	e16_s1_CACTGGGTCAACCGAT
2544	e16_s1_CACTGGGTCACGGGAA
2545	e16_s1_CACTGGGTCGGCTATA
2546	e16_s1_CACTGGGTCTCCAATT
2547	e16_s1_CACTGGGTCTTGTGCC
2548	e16_s1_CACTGTCAGTCATGAA
2549	e16_s1_CACTGTCCAAGCCCAC
2550	e16_s1_CACTGTCCACGTTCGG
2551	e16_s1_CACTGTCGTAATTAGG
2552	e16_s1_CACTGTCGTCACATTG
2553	e16_s1_CACTGTCGTGACTCTA
2554	e16_s1_CACTGTCTCCAAGGGA
2555	e16_s1_CACTGTCTCTGGGAGA
2556	e16_s1_CACTTCGAGGAAGAAC
2557	e16_s1_CACTTCGAGGAGTATT
2558	e16_s1_CACTTCGAGTATTCCG
2559	e16_s1_CACTTCGCAGCGAACA
2560	e16_s1_CACTTCGGTGTTACAC
2561	e16_s1_CACTTCGGTTCTTGTT
2562	e16_s1_CACTTCGTCTCCAAGA
2563	e16_s1_CACTTCGTCTGGGAGA
2564	e16_s1_CACTTCGTCTTGTGCC
2565	e16_s1_CAGAGCCAGACGGAAA
2566	e16_s1_CAGAGCCAGCGTGCCT
2567	e16_s1_CAGAGCCAGCTACAAA
2568	e16_s1_CAGAGCCAGGAAAGTG
2569	e16_s1_CAGAGCCAGTAAACAC
2570	e16_s1_CAGAGCCCAAACACGG
2571	e16_s1_CAGAGCCCACTCAGAT
2572	e16_s1_CAGAGCCCAGATTCGT
2573	e16_s1_CAGAGCCCATGGGTCC
2574	e16_s1_CAGAGCCCATGTACGT
2575	e16_s1_CAGATACCAAGCACAG
2576	e16_s1_CAGATACCAGTCAGTT
2577	e16_s1_CAGATACGTACCAATC
2578	e16_s1_CAGATACGTACGAGCA
2579	e16_s1_CAGATACGTACTGACT
2580	e16_s1_CAGATACGTCACTCAA
2581	e16_s1_CAGATACTCAACACGT
2582	e16_s1_CAGATACTCATTTGGG
2583	e16_s1_CAGATACTCGGCAGTC
2584	e16_s1_CAGATACTCGGTGCAC
2585	e16_s1_CAGATACTCGTTGCCT
2586	e16_s1_CAGATACTCTGCATGA
2587	e16_s1_CAGATCAGTAGCTTGT
2588	e16_s1_CAGATCAGTCACCTTC
2589	e16_s1_CAGATCAGTCACTCGG
2590	e16_s1_CAGATTGAGAATCCCT
2591	e16_s1_CAGATTGAGCTGAAAT
2592	e16_s1_CAGATTGAGTATGATG
2593	e16_s1_CAGATTGAGTCGAGGT
2594	e16_s1_CAGATTGCAATGAAAC
2595	e16_s1_CAGATTGCAGAGATTA
2596	e16_s1_CAGATTGCATGTCTAG
2597	e16_s1_CAGATTGCATTGCTGA
2598	e16_s1_CAGATTGGTCCAAATC
2599	e16_s1_CAGATTGTCACGACTA
2600	e16_s1_CAGATTGTCATGCCAA
2601	e16_s1_CAGATTGTCTATCGTT
2602	e16_s1_CAGCAATAGACTACGG
2603	e16_s1_CAGCAATCACATTCTT
2604	e16_s1_CAGCAATCACCACATA
2605	e16_s1_CAGCAATCACGAGGAT
2606	e16_s1_CAGCAATCAGAGGCTA
2607	e16_s1_CAGCAATCAGCCGGTT
2608	e16_s1_CAGCAATGTACCTAAC
2609	e16_s1_CAGCAATGTGCGTGCT
2610	e16_s1_CAGCAATGTGGCGCTT
2611	e16_s1_CAGCAATTCAGACCGC
2612	e16_s1_CAGCAATTCATTTACC
2613	e16_s1_CAGCAATTCCGGTTCT
2614	e16_s1_CAGCAATTCTGCATAG
2615	e16_s1_CAGCAATTCTGTCGCT
2616	e16_s1_CAGCAATTCTTCCAGC
2617	e16_s1_CAGCACGAGCCAGTAG
2618	e16_s1_CAGCACGAGCTAGAGC
2619	e16_s1_CAGCACGAGGAGAGTA
2620	e16_s1_CAGCACGAGGTCACCC
2621	e16_s1_CAGCACGAGTGTTCCA
2622	e16_s1_CAGCACGAGTTCCTGA
2623	e16_s1_CAGCACGCACGGTCTG
2624	e16_s1_CAGCACGCAGCTATAC
2625	e16_s1_CAGCACGCAGGCCCTA
2626	e16_s1_CAGCACGGTCGTTGGC
2627	e16_s1_CAGCACGGTGACATCT
2628	e16_s1_CAGCACGGTGCAAGAC
2629	e16_s1_CAGCACGGTGTATTGC
2630	e16_s1_CAGCACGGTTGTGTAC
2631	e16_s1_CAGCACGTCACTACGA
2632	e16_s1_CAGCACGTCAGCGCAC
2633	e16_s1_CAGCACGTCATGCCAA
2634	e16_s1_CAGCACGTCCGTGGCA
2635	e16_s1_CAGCACGTCCTCTTTC
2636	e16_s1_CAGCAGCAGAATCTAG
2637	e16_s1_CAGCAGCAGATACATG
2638	e16_s1_CAGCAGCAGCAATTCC
2639	e16_s1_CAGCAGCAGGGACTGT
2640	e16_s1_CAGCAGCGTGGAGGTT
2641	e16_s1_CAGCAGCTCGAAGCCC
2642	e16_s1_CAGCCAGAGAACAAGG
2643	e16_s1_CAGCCAGAGATGAACT
2644	e16_s1_CAGCCAGAGATGTAGT
2645	e16_s1_CAGCCAGAGGAAGTCC
2646	e16_s1_CAGCCAGCACGTGAGA
2647	e16_s1_CAGCCAGCATGGGATG
2648	e16_s1_CAGCCAGGTACATTGC
2649	e16_s1_CAGCCAGGTGTTCAGT
2650	e16_s1_CAGCCAGTCGCGGTAC
2651	e16_s1_CAGCCAGTCGTCCTTG
2652	e16_s1_CAGCCAGTCTCATTAC
2653	e16_s1_CAGCGTGAGAATTGTG
2654	e16_s1_CAGCGTGAGCGTCGAA
2655	e16_s1_CAGCGTGAGTCATCGT
2656	e16_s1_CAGCGTGAGTCCTGCG
2657	e16_s1_CAGCGTGCACAAATAG
2658	e16_s1_CAGCGTGCACATAGCT
2659	e16_s1_CAGCGTGCAGCTAACT
2660	e16_s1_CAGCGTGGTTTACGTG
2661	e16_s1_CAGCGTGTCACCATCC
2662	e16_s1_CAGCGTGTCTTACGGA
2663	e16_s1_CAGGCCAAGATAGTCA
2664	e16_s1_CAGGCCAAGGCTTCCG
2665	e16_s1_CAGGCCAAGTCGCTAT
2666	e16_s1_CAGGCCAAGTGCACTT
2667	e16_s1_CAGGCCACAACTCGTA
2668	e16_s1_CAGGCCACAGCAGTCC
2669	e16_s1_CAGGCCACAGGACGAT
2670	e16_s1_CAGGCCACATGGTGGA
2671	e16_s1_CAGGCCAGTGAGACCA
2672	e16_s1_CAGGCCAGTGTATCCA
2673	e16_s1_CAGGCCAGTTTCTATC
2674	e16_s1_CAGGCCATCCGTACGG
2675	e16_s1_CAGGCCATCCTCATAT
2676	e16_s1_CAGGCCATCCTCGCAT
2677	e16_s1_CAGGCCATCGTAGGGA
2678	e16_s1_CAGGCCATCGTGCATA
2679	e16_s1_CAGGGCTAGGACAGCT
2680	e16_s1_CAGGGCTAGGCATCAG
2681	e16_s1_CAGGGCTCAAGTTCGT
2682	e16_s1_CAGGGCTCAGACGGAT
2683	e16_s1_CAGGGCTGTCTCGGAC
2684	e16_s1_CAGGGCTTCGTTCGCT
2685	e16_s1_CAGGTATAGAATTGCA
2686	e16_s1_CAGGTATAGCAACAAT
2687	e16_s1_CAGGTATAGCGATGGT
2688	e16_s1_CAGGTATCAATGCAGG
2689	e16_s1_CAGGTATCACAACGTT
2690	e16_s1_CAGGTATCAGCAGTCC
2691	e16_s1_CAGGTATCATCCAACA
2692	e16_s1_CAGGTATCATCCGTGG
2693	e16_s1_CAGGTATGTAATTGGA
2694	e16_s1_CAGGTATGTTGCGAAG
2695	e16_s1_CAGGTATTCCATTCGC
2696	e16_s1_CAGGTATTCTGAATGC
2697	e16_s1_CAGTGCGAGCCTTGAT
2698	e16_s1_CAGTGCGAGGACCCAA
2699	e16_s1_CAGTGCGCAATCCTAG
2700	e16_s1_CAGTGCGCAGAATCGG
2701	e16_s1_CAGTGCGCAGCGCTTG
2702	e16_s1_CAGTGCGCAGTCCGTG
2703	e16_s1_CAGTGCGCAGTCTGGC
2704	e16_s1_CAGTGCGCATCAGTCA
2705	e16_s1_CAGTGCGGTCTTTCTA
2706	e16_s1_CAGTGCGTCGGCTATA
2707	e16_s1_CAGTTAGAGCACGGAT
2708	e16_s1_CAGTTAGCACAAATAG
2709	e16_s1_CAGTTAGCAGACAAAT
2710	e16_s1_CAGTTAGCATGGGTCC
2711	e16_s1_CAGTTAGCATTGCCTC
2712	e16_s1_CAGTTAGTCACCTCAC
2713	e16_s1_CAGTTAGTCCGCACTT
2714	e16_s1_CAGTTAGTCGTGGAAG
2715	e16_s1_CAGTTAGTCTCTATGT
2716	e16_s1_CAGTTCCAGAGCATTA
2717	e16_s1_CAGTTCCAGCATGCAG
2718	e16_s1_CAGTTCCAGGTCACTT
2719	e16_s1_CAGTTCCAGTATGACA
2720	e16_s1_CAGTTCCCACAAGCCC
2721	e16_s1_CAGTTCCCACTTTATC
2722	e16_s1_CAGTTCCCAGTCGCTG
2723	e16_s1_CAGTTCCGTGGTCCCA
2724	e16_s1_CAGTTCCGTGTGTCCG
2725	e16_s1_CATAAGCAGCATATGA
2726	e16_s1_CATAAGCAGCTTACGT
2727	e16_s1_CATAAGCAGGGTTAAT
2728	e16_s1_CATAAGCAGTCCCAGC
2729	e16_s1_CATAAGCCAAGTGGGT
2730	e16_s1_CATAAGCCACTAGGCC
2731	e16_s1_CATAAGCCACTTACAG
2732	e16_s1_CATAAGCGTATGGTAA
2733	e16_s1_CATAAGCGTTCGTTCC
2734	e16_s1_CATAAGCTCTCCGATC
2735	e16_s1_CATACAGAGAGTCCGA
2736	e16_s1_CATACAGAGCGCCATC
2737	e16_s1_CATACAGAGGCAGCTA
2738	e16_s1_CATACAGAGTAACCTC
2739	e16_s1_CATACAGAGTAGCATA
2740	e16_s1_CATACAGCAATACGCT
2741	e16_s1_CATACAGCATGAAGCG
2742	e16_s1_CATACAGGTACCTAGT
2743	e16_s1_CATACAGGTTAAACAG
2744	e16_s1_CATACAGTCGTTCGCT
2745	e16_s1_CATACAGTCTTCACAT
2746	e16_s1_CATACCCAGCATGCAG
2747	e16_s1_CATACCCAGCTTCATG
2748	e16_s1_CATACCCAGTCGCCCA
2749	e16_s1_CATACCCCAAAGAGTT
2750	e16_s1_CATACCCCAGGTTCGC
2751	e16_s1_CATACCCGTCAAAGAT
2752	e16_s1_CATACCCGTGGGCTCT
2753	e16_s1_CATACCCTCAAAGAAC
2754	e16_s1_CATACCCTCTATCACT
2755	e16_s1_CATACCCTCTGCACCT
2756	e16_s1_CATACTTAGAATCTAG
2757	e16_s1_CATACTTAGTCCTGTA
2758	e16_s1_CATACTTCAGAAGTGC
2759	e16_s1_CATACTTCATGGGTCC
2760	e16_s1_CATACTTGTGCAATAA
2761	e16_s1_CATACTTGTGCCTATA
2762	e16_s1_CATACTTGTTGATCGT
2763	e16_s1_CATACTTGTTGCTCCT
2764	e16_s1_CATACTTTCCACGGAC
2765	e16_s1_CATACTTTCCATGAGT
2766	e16_s1_CATACTTTCTGGGATT
2767	e16_s1_CATAGACAGAGAGAAC
2768	e16_s1_CATAGACAGATGATTG
2769	e16_s1_CATAGACAGTATAGAC
2770	e16_s1_CATAGACAGTCCCAAT
2771	e16_s1_CATAGACAGTTCACTG
2772	e16_s1_CATAGACCAAGGCTTT
2773	e16_s1_CATAGACCACAGTATC
2774	e16_s1_CATAGACCACCTCTAC
2775	e16_s1_CATAGACCAGATCCTA
2776	e16_s1_CATAGACCATCGCTGG
2777	e16_s1_CATAGACCATTCAGGT
2778	e16_s1_CATAGACCATTGCTGA
2779	e16_s1_CATAGACGTGTTGACT
2780	e16_s1_CATAGACTCCCAGGCA
2781	e16_s1_CATCAAGAGAGCATAT
2782	e16_s1_CATCAAGAGTAGGATT
2783	e16_s1_CATCAAGCAGAAGCGT
2784	e16_s1_CATCAAGGTTGATCGT
2785	e16_s1_CATCAAGGTTTCGTGA
2786	e16_s1_CATCAAGTCAACTGAC
2787	e16_s1_CATCAAGTCAGCTGAT
2788	e16_s1_CATCAAGTCGAACTCA
2789	e16_s1_CATCCACAGTTCGGTT
2790	e16_s1_CATCCACCACGACGTC
2791	e16_s1_CATCCACCAGTAACGG
2792	e16_s1_CATCCACGTGATTCTG
2793	e16_s1_CATCCACGTGCTGATT
2794	e16_s1_CATCCACGTGGACAGT
2795	e16_s1_CATCCACGTGTCGCTG
2796	e16_s1_CATCCACTCCGACGGT
2797	e16_s1_CATCCACTCTGGCCGA
2798	e16_s1_CATCCACTCTGGGCAC
2799	e16_s1_CATCCCAAGCGAGAAA
2800	e16_s1_CATCCCACAATTTCCT
2801	e16_s1_CATCCCACAGACCTAT
2802	e16_s1_CATCCCACAGTTACCA
2803	e16_s1_CATCCCACATGACAAA
2804	e16_s1_CATCCCAGTCTCGCGA
2805	e16_s1_CATCCCAGTTACCCAA
2806	e16_s1_CATCCCAGTTTGAAAG
2807	e16_s1_CATCCCAGTTTGGCTA
2808	e16_s1_CATCCCATCTCTGGTC
2809	e16_s1_CATCCGTAGACCACGA
2810	e16_s1_CATCCGTCAACCGACC
2811	e16_s1_CATCCGTCAGGTTACT
2812	e16_s1_CATCCGTTCCGCATAA
2813	e16_s1_CATCCGTTCGGCTCTT
2814	e16_s1_CATCGCTAGACCCTTA
2815	e16_s1_CATCGCTAGCAGTCTT
2816	e16_s1_CATCGCTAGGACCCAA
2817	e16_s1_CATCGCTAGGGAGGAC
2818	e16_s1_CATCGCTAGTTCATGC
2819	e16_s1_CATCGCTCAGGCGATA
2820	e16_s1_CATCGCTCATGACTGT
2821	e16_s1_CATCGCTGTAGGTCAG
2822	e16_s1_CATCGCTGTATGCGGA
2823	e16_s1_CATCGCTGTGTTAAAG
2824	e16_s1_CATCGCTTCGAGCCTG
2825	e16_s1_CATCGCTTCGCGCTGA
2826	e16_s1_CATCGCTTCGGAGCAA
2827	e16_s1_CATCGCTTCTATCGCC
2828	e16_s1_CATCGGGAGCGTTCAT
2829	e16_s1_CATCGGGAGTACGAGC
2830	e16_s1_CATCGGGCAGGAAGTC
2831	e16_s1_CATCGGGCAGTGTATC
2832	e16_s1_CATCGGGTCAAGCCTA
2833	e16_s1_CATCGGGTCACTGGTA
2834	e16_s1_CATCGGGTCCCAAGTA
2835	e16_s1_CATCGGGTCTAACGGT
2836	e16_s1_CATCGTCAGCTCACTA
2837	e16_s1_CATCGTCAGTCACACT
2838	e16_s1_CATCGTCAGTTCCATG
2839	e16_s1_CATCGTCCAATGAAAC
2840	e16_s1_CATCGTCCACCCAACG
2841	e16_s1_CATCGTCCAGTCGCAC
2842	e16_s1_CATCGTCTCCGATGCG
2843	e16_s1_CATCGTCTCTTTACAC
2844	e16_s1_CATGAGTCAATTCTTC
2845	e16_s1_CATGAGTCACCAGGTC
2846	e16_s1_CATGAGTCATTGGATC
2847	e16_s1_CATGAGTGTAACAAGT
2848	e16_s1_CATGAGTGTATAGGAT
2849	e16_s1_CATGAGTGTGCCCGTA
2850	e16_s1_CATGAGTGTGCTCCGA
2851	e16_s1_CATGAGTGTGTGCCTG
2852	e16_s1_CATGAGTGTTGCTAGT
2853	e16_s1_CATGAGTTCCTACTGC
2854	e16_s1_CATGCAAAGCATCAAA
2855	e16_s1_CATGCAAAGCTAATGA
2856	e16_s1_CATGCAAAGTCCGCGT
2857	e16_s1_CATGCAACAAACACCT
2858	e16_s1_CATGCAACAGGAACCA
2859	e16_s1_CATGCAAGTCCATCTC
2860	e16_s1_CATGCAATCCGCAAAT
2861	e16_s1_CATGCCTAGCATTGAA
2862	e16_s1_CATGCCTAGCTGACCC
2863	e16_s1_CATGCCTCAAACGGCA
2864	e16_s1_CATGCCTCATAACTCG
2865	e16_s1_CATGCCTGTCGAGCTC
2866	e16_s1_CATGCCTGTGAGCGAT
2867	e16_s1_CATGCCTGTGAGTTGG
2868	e16_s1_CATGCCTGTGTCATCA
2869	e16_s1_CATGCCTTCCGTATGA
2870	e16_s1_CATGCGGAGAGCATTA
2871	e16_s1_CATGCGGAGGGACACT
2872	e16_s1_CATGCGGAGTGTTGTC
2873	e16_s1_CATGCGGAGTTGGCGA
2874	e16_s1_CATGCGGCATTCCTAT
2875	e16_s1_CATGCGGGTACGGCAA
2876	e16_s1_CATGCGGTCGTGCATA
2877	e16_s1_CATGCGGTCTCTGACC
2878	e16_s1_CATGCGGTCTTAGTTC
2879	e16_s1_CATGCTCAGGAACGCT
2880	e16_s1_CATGCTCAGGAGAGTA
2881	e16_s1_CATGCTCAGTCCCAAT
2882	e16_s1_CATGCTCCAAGTGGCA
2883	e16_s1_CATGCTCCAATTTCCT
2884	e16_s1_CATGCTCGTGTCCAAT
2885	e16_s1_CATGCTCTCCGTCCTA
2886	e16_s1_CATGCTCTCTGCGGGT
2887	e16_s1_CATGCTCTCTGTCGCT
2888	e16_s1_CATGGATAGAAACCAT
2889	e16_s1_CATGGATAGACAGCGT
2890	e16_s1_CATGGATAGCACCAGA
2891	e16_s1_CATGGATAGGGAGATA
2892	e16_s1_CATGGATAGTCCCAAT
2893	e16_s1_CATGGATAGTGTCATC
2894	e16_s1_CATGGATCAACCAACT
2895	e16_s1_CATGGATCAATTGGTC
2896	e16_s1_CATGGATGTGCTCTTC
2897	e16_s1_CATGGATGTTAGGCCC
2898	e16_s1_CATGGATTCAATGCAC
2899	e16_s1_CATGGATTCTGGAGAG
2900	e16_s1_CATGGTAAGAAGCTCG
2901	e16_s1_CATGGTAAGGTCGTAG
2902	e16_s1_CATGGTACAATAGTCC
2903	e16_s1_CATGGTACAATCTCGA
2904	e16_s1_CATGGTACAGCGTTTA
2905	e16_s1_CATGGTACAGGCCCTA
2906	e16_s1_CATGGTACAGTCAACT
2907	e16_s1_CATGGTAGTGCTCGTG
2908	e16_s1_CATGGTAGTGTGTCGC
2909	e16_s1_CATGGTAGTTTCTTAC
2910	e16_s1_CATGGTATCTTCCGTG
2911	e16_s1_CATTCATAGAATAACC
2912	e16_s1_CATTCATAGGTGCTGA
2913	e16_s1_CATTCATCAAAGGCAC
2914	e16_s1_CATTCATGTCCACTTC
2915	e16_s1_CATTCATGTGATTGGG
2916	e16_s1_CATTCATGTTACGTAC
2917	e16_s1_CATTCATTCAAGCCGC
2918	e16_s1_CATTCATTCCAAGCCG
2919	e16_s1_CATTCATTCCATAAGC
2920	e16_s1_CATTCATTCCTGTACC
2921	e16_s1_CATTCATTCGGTCAGC
2922	e16_s1_CATTCATTCTAGTCAG
2923	e16_s1_CATTCCGAGATACAGT
2924	e16_s1_CATTCCGAGGCTATCT
2925	e16_s1_CATTCCGCACGACAAG
2926	e16_s1_CATTCCGCACGGTGTC
2927	e16_s1_CATTCCGGTAATTGGA
2928	e16_s1_CATTCCGGTCTTGCTC
2929	e16_s1_CATTCCGTCGCCGAAC
2930	e16_s1_CATTCCGTCTCGGTAA
2931	e16_s1_CATTCTACAAGGTTGG
2932	e16_s1_CATTCTACACGTCGGT
2933	e16_s1_CATTCTAGTTGGGACA
2934	e16_s1_CATTGAGAGGTAGCAC
2935	e16_s1_CATTGAGAGTCACTCA
2936	e16_s1_CATTGAGAGTGGTTGG
2937	e16_s1_CATTGAGCAACGGCCT
2938	e16_s1_CATTGAGCATAATCCG
2939	e16_s1_CATTGAGGTTACTCAG
2940	e16_s1_CATTGAGGTTCAATCG
2941	e16_s1_CATTGAGTCACTGGTA
2942	e16_s1_CATTGAGTCATCACAG
2943	e16_s1_CATTGAGTCCATAGAC
2944	e16_s1_CATTGCCAGCCTCTTC
2945	e16_s1_CATTGCCAGCGTCTGC
2946	e16_s1_CATTGCCAGGGAGGCA
2947	e16_s1_CATTGCCAGGTTCCAT
2948	e16_s1_CATTGCCCACGCGTCA
2949	e16_s1_CATTGCCGTTGCAAGG
2950	e16_s1_CATTGCCTCCGATGTA
2951	e16_s1_CATTGCCTCTACTGAG
2952	e16_s1_CATTGTTAGCATTTCG
2953	e16_s1_CATTGTTCAAACTGCT
2954	e16_s1_CATTGTTCATGCCGCA
2955	e16_s1_CATTGTTCATTGTAGC
2956	e16_s1_CATTGTTGTAGGTCAG
2957	e16_s1_CATTGTTTCGAGATGG
2958	e16_s1_CATTGTTTCGATGGAG
2959	e16_s1_CATTGTTTCGCGCCAA
2960	e16_s1_CATTGTTTCTCAGGCG
2961	e16_s1_CATTTCACAACGACTT
2962	e16_s1_CATTTCACACCACATA
2963	e16_s1_CATTTCAGTACCTGTA
2964	e16_s1_CATTTCAGTCGCATGC
2965	e16_s1_CATTTCAGTGAGTGAC
2966	e16_s1_CCAAGCGAGATCCCGC
2967	e16_s1_CCAAGCGAGGCGCTCT
2968	e16_s1_CCAAGCGAGTACCATC
2969	e16_s1_CCAAGCGAGTGCACAG
2970	e16_s1_CCAAGCGCATAACAGA
2971	e16_s1_CCAAGCGGTCACTACA
2972	e16_s1_CCAAGCGGTGGGCTTC
2973	e16_s1_CCAAGCGTCAACGTGT
2974	e16_s1_CCAAGCGTCCAGTGCG
2975	e16_s1_CCAATGAAGAAGTGTT
2976	e16_s1_CCAATGAAGACTCCGC
2977	e16_s1_CCAATGAAGCACTCCG
2978	e16_s1_CCAATGAAGTAGTCTC
2979	e16_s1_CCAATGACAACGAGGT
2980	e16_s1_CCAATGAGTCTCCCTA
2981	e16_s1_CCAATGAGTGCCCACA
2982	e16_s1_CCAATGAGTGCCCAGT
2983	e16_s1_CCAATGAGTTGTCCCT
2984	e16_s1_CCAATGATCAGCTAGT
2985	e16_s1_CCAATGATCCATACAG
2986	e16_s1_CCAATGATCGGAGCAA
2987	e16_s1_CCAATGATCTAAGAAG
2988	e16_s1_CCAATTTAGCAATTCC
2989	e16_s1_CCAATTTAGCCGCTTG
2990	e16_s1_CCAATTTAGCTCGGCT
2991	e16_s1_CCAATTTAGCTGGAGT
2992	e16_s1_CCAATTTAGGATTTGA
2993	e16_s1_CCAATTTAGGTAAAGG
2994	e16_s1_CCAATTTAGTCAAGCG
2995	e16_s1_CCAATTTCAGAAGCTG
2996	e16_s1_CCAATTTCAGCAGGAT
2997	e16_s1_CCAATTTCATGTGTCA
2998	e16_s1_CCAATTTGTATGAAAC
2999	e16_s1_CCAATTTGTGATTCTG
3000	e16_s1_CCAATTTGTTAGGACG
3001	e16_s1_CCAATTTTCAAAGAAC
3002	e16_s1_CCAATTTTCACGTCCT
3003	e16_s1_CCAATTTTCCAACCAA
3004	e16_s1_CCAATTTTCTGAGTCA
3005	e16_s1_CCAATTTTCTGGTCAA
3006	e16_s1_CCACAAAAGGAAGTCC
3007	e16_s1_CCACAAAAGGACAGCT
3008	e16_s1_CCACAAACAGGCATGA
3009	e16_s1_CCACAAACATCATTGG
3010	e16_s1_CCACAAAGTCTTTCAT
3011	e16_s1_CCACAAATCATTACGG
3012	e16_s1_CCACACTAGACTTGTC
3013	e16_s1_CCACACTAGGAGAGTA
3014	e16_s1_CCACACTAGGTAACTA
3015	e16_s1_CCACACTAGGTACTGG
3016	e16_s1_CCACACTAGGTGCTTT
3017	e16_s1_CCACACTAGTCTGGAG
3018	e16_s1_CCACACTCACAATTCG
3019	e16_s1_CCACACTCACGTCATA
3020	e16_s1_CCACACTCAGAGGCAT
3021	e16_s1_CCACACTGTCGTACAT
3022	e16_s1_CCACACTGTGTGACCC
3023	e16_s1_CCACACTGTTTCACTT
3024	e16_s1_CCACACTTCACTCGAA
3025	e16_s1_CCACACTTCATCTATC
3026	e16_s1_CCACACTTCGGCTTCT
3027	e16_s1_CCACCATCAATACGCT
3028	e16_s1_CCACCATCAGACGGAT
3029	e16_s1_CCACCATGTACACGCC
3030	e16_s1_CCACCATGTAGCCCTG
3031	e16_s1_CCACCATGTTCGGACC
3032	e16_s1_CCACCATTCCATTTAC
3033	e16_s1_CCACCATTCCGATTAG
3034	e16_s1_CCACCATTCGAATGCT
3035	e16_s1_CCACGAGAGAACCGCA
3036	e16_s1_CCACGAGAGGAAAGGT
3037	e16_s1_CCACGAGAGGTCACAG
3038	e16_s1_CCACGAGCACGTACTA
3039	e16_s1_CCACGAGCATATCGGT
3040	e16_s1_CCACGAGGTGAATGAT
3041	e16_s1_CCACGAGTCCTACGAA
3042	e16_s1_CCACGAGTCCTCAGGG
3043	e16_s1_CCACGAGTCTCACGAA
3044	e16_s1_CCACGAGTCTGGAAGG
3045	e16_s1_CCACGTTAGAGTAACT
3046	e16_s1_CCACGTTAGCAAGTGC
3047	e16_s1_CCACGTTCAAACTCTG
3048	e16_s1_CCACGTTGTAATGCGG
3049	e16_s1_CCACGTTGTCGAGTGA
3050	e16_s1_CCACGTTGTGAACCGA
3051	e16_s1_CCACGTTGTTGAATCC
3052	e16_s1_CCACGTTTCCCTCGTA
3053	e16_s1_CCACTTGAGACTGGGT
3054	e16_s1_CCACTTGCAAACTAAG
3055	e16_s1_CCACTTGCAAATCGGG
3056	e16_s1_CCACTTGCATGAAGGC
3057	e16_s1_CCACTTGGTACCCGAC
3058	e16_s1_CCACTTGGTCGCTCGA
3059	e16_s1_CCACTTGGTTCCTAAG
3060	e16_s1_CCACTTGTCCAAGCTA
3061	e16_s1_CCATAAGGTCTCGGGT
3062	e16_s1_CCATAAGGTGGTAACG
3063	e16_s1_CCATAAGGTGGTAATA
3064	e16_s1_CCATAAGTCAGATGCT
3065	e16_s1_CCATAAGTCATAGGCT
3066	e16_s1_CCATAAGTCGACCCAG
3067	e16_s1_CCATCACAGTACTGTC
3068	e16_s1_CCATCACAGTTCACTG
3069	e16_s1_CCATCACCAGTGTGGA
3070	e16_s1_CCATCACGTTTATGCG
3071	e16_s1_CCATCACTCTCATGCC
3072	e16_s1_CCCAACTAGAAACTAC
3073	e16_s1_CCCAACTAGAGCCTGA
3074	e16_s1_CCCAACTCAGCTCATA
3075	e16_s1_CCCAACTGTAGATCGG
3076	e16_s1_CCCAACTGTCCCTGTT
3077	e16_s1_CCCAACTTCGTCTACC
3078	e16_s1_CCCAACTTCTGCATGA
3079	e16_s1_CCCATTGAGCCATTGT
3080	e16_s1_CCCATTGCAATCGCCG
3081	e16_s1_CCCATTGCACATGAAA
3082	e16_s1_CCCATTGCATATGGCT
3083	e16_s1_CCCATTGGTAAGTAGT
3084	e16_s1_CCCATTGGTACAACGG
3085	e16_s1_CCCATTGTCCTGTTAT
3086	e16_s1_CCCATTGTCGCATTGA
3087	e16_s1_CCCATTGTCTATACGG
3088	e16_s1_CCCGAAGAGATAGCAT
3089	e16_s1_CCCGAAGAGGGTATAT
3090	e16_s1_CCCGAAGCAAACTAAG
3091	e16_s1_CCCGAAGCAACCAGAG
3092	e16_s1_CCCGAAGCAGCGTATT
3093	e16_s1_CCCGAAGGTAAGTTGA
3094	e16_s1_CCCGAAGGTATGCTAC
3095	e16_s1_CCCGAAGGTCATCCGG
3096	e16_s1_CCCGAAGGTGTCATTG
3097	e16_s1_CCCGAAGTCAACTCTT
3098	e16_s1_CCCGAAGTCAGGGTAG
3099	e16_s1_CCCGAAGTCCAAGCCG
3100	e16_s1_CCCGAAGTCTAGGCCG
3101	e16_s1_CCCGAAGTCTATCCAT
3102	e16_s1_CCCGAAGTCTGAGATC
3103	e16_s1_CCCGGAAAGAGTGTGC
3104	e16_s1_CCCGGAAAGATTCGCT
3105	e16_s1_CCCGGAAAGGAAGTCC
3106	e16_s1_CCCGGAAAGGCATTTC
3107	e16_s1_CCCGGAAAGTATGGAT
3108	e16_s1_CCCGGAAAGTGGCCTC
3109	e16_s1_CCCGGAAAGTGGTGGT
3110	e16_s1_CCCGGAACAAGGGCAT
3111	e16_s1_CCCGGAACACATAGCT
3112	e16_s1_CCCGGAACACCCAAGC
3113	e16_s1_CCCGGAACACCCTATC
3114	e16_s1_CCCGGAACAGCATCTA
3115	e16_s1_CCCGGAACATCGTGCG
3116	e16_s1_CCCGGAAGTATCCCTC
3117	e16_s1_CCCGGAATCAAGTCGT
3118	e16_s1_CCCGGAATCGCCGTGA
3119	e16_s1_CCCTAACAGACCAGCA
3120	e16_s1_CCCTAACAGAGAAGGT
3121	e16_s1_CCCTAACAGGTGCGAT
3122	e16_s1_CCCTAACCAAGCGGAT
3123	e16_s1_CCCTAACCACAATGTC
3124	e16_s1_CCCTAACCAGAAGTTA
3125	e16_s1_CCCTAACCATCGAACT
3126	e16_s1_CCCTAACGTACCCACG
3127	e16_s1_CCCTAACGTACGAGTG
3128	e16_s1_CCCTAACTCACGGACC
3129	e16_s1_CCCTCAAAGACTCAAA
3130	e16_s1_CCCTCAAAGATGGCAC
3131	e16_s1_CCCTCAAAGCCAAGGT
3132	e16_s1_CCCTCAAAGTAGACCG
3133	e16_s1_CCCTCAACAAACTCGT
3134	e16_s1_CCCTCAACACATCCCT
3135	e16_s1_CCCTCAACAGACGCTC
3136	e16_s1_CCCTCAAGTGCACGCT
3137	e16_s1_CCCTCAAGTTCTAACG
3138	e16_s1_CCCTCAATCACTCCGT
3139	e16_s1_CCCTCAATCAGGAACG
3140	e16_s1_CCCTCAATCCGAGGCT
3141	e16_s1_CCCTCTCAGAGGTCGT
3142	e16_s1_CCCTCTCAGCTGACCC
3143	e16_s1_CCCTCTCAGTACAACA
3144	e16_s1_CCCTCTCCAAGCTCTA
3145	e16_s1_CCCTCTCCAGGAGGTT
3146	e16_s1_CCCTCTCCAGTAGGAC
3147	e16_s1_CCCTCTCCATACAGGG
3148	e16_s1_CCCTCTCTCCCTGTTG
3149	e16_s1_CCCTCTCTCCTAGAGT
3150	e16_s1_CCCTGATAGAGAGCGG
3151	e16_s1_CCCTGATAGGAGAATG
3152	e16_s1_CCCTGATCACCCTTGT
3153	e16_s1_CCCTGATCACGTCGGT
3154	e16_s1_CCCTGATCAGGTGGAT
3155	e16_s1_CCCTGATCATGGCTGC
3156	e16_s1_CCCTGATCATGGGTCC
3157	e16_s1_CCCTGATGTAACATGA
3158	e16_s1_CCCTGATGTCCTACGG
3159	e16_s1_CCCTGATGTCGTGGAA
3160	e16_s1_CCCTGATTCACCGCTT
3161	e16_s1_CCCTGATTCGTGCAGC
3162	e16_s1_CCCTGATTCTTTCCGG
3163	e16_s1_CCCTTAGAGAATCGAT
3164	e16_s1_CCCTTAGAGACTCAAA
3165	e16_s1_CCCTTAGAGATTCGAA
3166	e16_s1_CCCTTAGAGCTGAGTG
3167	e16_s1_CCCTTAGAGTTCAACC
3168	e16_s1_CCCTTAGCATCCGAAT
3169	e16_s1_CCCTTAGGTAGATCCT
3170	e16_s1_CCCTTAGGTAGGAGGG
3171	e16_s1_CCCTTAGGTGCCTGCA
3172	e16_s1_CCCTTAGGTGGTCAAG
3173	e16_s1_CCCTTAGGTTGTAGCT
3174	e16_s1_CCCTTAGGTTTCGCTC
3175	e16_s1_CCCTTAGTCCTCTTTC
3176	e16_s1_CCCTTAGTCGCGTGAC
3177	e16_s1_CCGAACGAGACGACGT
3178	e16_s1_CCGAACGAGAGTTGTA
3179	e16_s1_CCGAACGAGCACGATG
3180	e16_s1_CCGAACGAGCATCCCG
3181	e16_s1_CCGAACGAGGCCCGTT
3182	e16_s1_CCGAACGAGGTGCTGA
3183	e16_s1_CCGAACGCAATCAAGA
3184	e16_s1_CCGAACGCACGGCTAC
3185	e16_s1_CCGAACGCAGAATGTA
3186	e16_s1_CCGAACGTCATCACAG
3187	e16_s1_CCGAACGTCATCGTAG
3188	e16_s1_CCGAACGTCCCAAGTA
3189	e16_s1_CCGAACGTCGCTAGCG
3190	e16_s1_CCGAACGTCTTGGTGA
3191	e16_s1_CCGATCTAGGCTCCCA
3192	e16_s1_CCGATCTAGTATGACA
3193	e16_s1_CCGATCTGTCTGTAGT
3194	e16_s1_CCGATCTGTGGTATGG
3195	e16_s1_CCGATCTGTTCTCGTC
3196	e16_s1_CCGATCTTCAGATGCT
3197	e16_s1_CCGATCTTCATACGAC
3198	e16_s1_CCGATCTTCCCGAATA
3199	e16_s1_CCGATCTTCCTGGGTG
3200	e16_s1_CCGATCTTCTCTCGCA
3201	e16_s1_CCGATGGCAGTAACCT
3202	e16_s1_CCGATGGGTTACACTG
3203	e16_s1_CCGATGGGTTCCGGTG
3204	e16_s1_CCGATGGTCACCATAG
3205	e16_s1_CCGATGGTCGAAGGAC
3206	e16_s1_CCGATGGTCTCGACCT
3207	e16_s1_CCGCAAGAGAGTCTTC
3208	e16_s1_CCGCAAGGTACAGTTC
3209	e16_s1_CCGCAAGGTACGTGTT
3210	e16_s1_CCGCAAGGTTGGCCTG
3211	e16_s1_CCGCAAGGTTTCAGAC
3212	e16_s1_CCGCAAGTCAGGACAG
3213	e16_s1_CCGCAAGTCAGGAGAC
3214	e16_s1_CCGGACAAGACGGTTG
3215	e16_s1_CCGGACAAGGCAATGC
3216	e16_s1_CCGGACAAGTACGTCT
3217	e16_s1_CCGGACACACCAGACC
3218	e16_s1_CCGGACACATGACGAG
3219	e16_s1_CCGGACACATTGACAC
3220	e16_s1_CCGGACAGTAACATAG
3221	e16_s1_CCGGACAGTACGAGCA
3222	e16_s1_CCGGACAGTCACAATC
3223	e16_s1_CCGGACAGTTCTTAGG
3224	e16_s1_CCGGACATCGAAATCC
3225	e16_s1_CCGGACATCTACTCAT
3226	e16_s1_CCGGACATCTGAGGCC
3227	e16_s1_CCGGGTAAGACTGGGT
3228	e16_s1_CCGGGTAAGCGGTAAC
3229	e16_s1_CCGGGTAAGCTGAGCA
3230	e16_s1_CCGGGTACAACAGATA
3231	e16_s1_CCGGGTACAAGGACAC
3232	e16_s1_CCGGGTACATGCGTGC
3233	e16_s1_CCGGGTAGTAGTCGTT
3234	e16_s1_CCGGGTATCATCTGTT
3235	e16_s1_CCGGGTATCGGTAGAG
3236	e16_s1_CCGGGTATCGTTACCC
3237	e16_s1_CCGGTAGAGAGGATGA
3238	e16_s1_CCGGTAGCAAGACCTT
3239	e16_s1_CCGGTAGCAGGCGAAT
3240	e16_s1_CCGGTAGGTACCTAGT
3241	e16_s1_CCGGTAGGTAGACAGC
3242	e16_s1_CCGGTAGTCAAACCTG
3243	e16_s1_CCGGTAGTCAGCACCG
3244	e16_s1_CCGGTAGTCCGGACGT
3245	e16_s1_CCGGTAGTCGATCCAA
3246	e16_s1_CCGGTAGTCGTAGTGT
3247	e16_s1_CCGGTGAAGAAGATCT
3248	e16_s1_CCGGTGAAGATGATTG
3249	e16_s1_CCGGTGAAGCACTTTG
3250	e16_s1_CCGGTGAAGCCTATCA
3251	e16_s1_CCGGTGAAGGAACATT
3252	e16_s1_CCGGTGAAGGTGATCG
3253	e16_s1_CCGGTGAAGTACTCGT
3254	e16_s1_CCGGTGACATCCGTGG
3255	e16_s1_CCGGTGACATCGGATT
3256	e16_s1_CCGGTGAGTCACGTGC
3257	e16_s1_CCGGTGAGTGGCCACT
3258	e16_s1_CCGGTGAGTGTTGATC
3259	e16_s1_CCGGTGATCATTACTC
3260	e16_s1_CCGGTGATCGAGTTGT
3261	e16_s1_CCGGTGATCTTACTGT
3262	e16_s1_CCGTAGGAGATGCTTC
3263	e16_s1_CCGTAGGAGGAGAGTA
3264	e16_s1_CCGTAGGAGGAGCTGT
3265	e16_s1_CCGTAGGAGTTCCGGC
3266	e16_s1_CCGTAGGCACCGTCTT
3267	e16_s1_CCGTAGGGTACGGATG
3268	e16_s1_CCGTAGGTCTCCTGCA
3269	e16_s1_CCGTAGGTCTGATTCT
3270	e16_s1_CCGTAGGTCTTTCGAT
3271	e16_s1_CCGTGAGAGCTCTATG
3272	e16_s1_CCGTGAGAGTATCCTG
3273	e16_s1_CCGTGAGCAACTGCTA
3274	e16_s1_CCGTGAGGTACAGTAA
3275	e16_s1_CCGTGAGGTGCGGCTT
3276	e16_s1_CCGTGAGGTGTAGGAC
3277	e16_s1_CCGTGAGGTTACCCAA
3278	e16_s1_CCGTGAGTCGCCTTTG
3279	e16_s1_CCGTGAGTCTAGTGAC
3280	e16_s1_CCGTTCAAGCGAAACC
3281	e16_s1_CCGTTCAAGGCAATGC
3282	e16_s1_CCGTTCAAGGTGCTGA
3283	e16_s1_CCGTTCAGTAGGCAGT
3284	e16_s1_CCGTTCATCATACGGT
3285	e16_s1_CCGTTCATCATAGCAC
3286	e16_s1_CCGTTCATCCGCACTT
3287	e16_s1_CCGTTCATCGTAGAGG
3288	e16_s1_CCGTTCATCTCATGCC
3289	e16_s1_CCGTTCATCTGCTTAT
3290	e16_s1_CCTAACCAGAGCATCG
3291	e16_s1_CCTAACCAGGTACATA
3292	e16_s1_CCTAACCAGTCTGTAC
3293	e16_s1_CCTAACCCACATTACG
3294	e16_s1_CCTAACCCAGTCTTCC
3295	e16_s1_CCTAACCGTATAGGAT
3296	e16_s1_CCTAACCGTGATGAAT
3297	e16_s1_CCTAACCTCCAGCAAT
3298	e16_s1_CCTAACCTCTTGATTC
3299	e16_s1_CCTAAGAAGAGCATCG
3300	e16_s1_CCTAAGAAGGGCGAAG
3301	e16_s1_CCTAAGACAAACCACT
3302	e16_s1_CCTAAGACAAAGGAGA
3303	e16_s1_CCTAAGACACGCTGAC
3304	e16_s1_CCTAAGAGTCCAGCAC
3305	e16_s1_CCTAAGAGTTGGTGTT
3306	e16_s1_CCTACGTAGATAGCAT
3307	e16_s1_CCTACGTAGCCTTTGA
3308	e16_s1_CCTACGTAGGAGCTGT
3309	e16_s1_CCTACGTAGGCACTCC
3310	e16_s1_CCTACGTAGTCTACCA
3311	e16_s1_CCTACGTAGTCTGCAT
3312	e16_s1_CCTACGTCATCCCGTT
3313	e16_s1_CCTACGTCATCTAGAC
3314	e16_s1_CCTACGTGTATCGAAA
3315	e16_s1_CCTACGTGTCCGGCAT
3316	e16_s1_CCTACGTGTCGAGTTT
3317	e16_s1_CCTACGTGTGACTATC
3318	e16_s1_CCTACGTGTGCTATTG
3319	e16_s1_CCTACGTTCGGCTATA
3320	e16_s1_CCTATCGAGATAGTGT
3321	e16_s1_CCTATCGAGCTCCATA
3322	e16_s1_CCTATCGCACAGTGAG
3323	e16_s1_CCTATCGCAGTTCCAA
3324	e16_s1_CCTATCGCATGTCAGT
3325	e16_s1_CCTATCGGTCCGTACG
3326	e16_s1_CCTATCGTCCGTCACT
3327	e16_s1_CCTATCGTCGACGATT
3328	e16_s1_CCTATCGTCTACGCAA
3329	e16_s1_CCTATCGTCTGTAAGC
3330	e16_s1_CCTCAACAGCATCAAA
3331	e16_s1_CCTCAACAGGTAGACC
3332	e16_s1_CCTCAACCAACACACT
3333	e16_s1_CCTCAACCAATGGCAG
3334	e16_s1_CCTCAACCACAGTCGC
3335	e16_s1_CCTCAACGTACAGAGC
3336	e16_s1_CCTCAACGTCACGACC
3337	e16_s1_CCTCAACGTGTCCGTG
3338	e16_s1_CCTCAACGTTGCTCAA
3339	e16_s1_CCTCAACTCGCGTCGA
3340	e16_s1_CCTCAACTCGGAGCAA
3341	e16_s1_CCTCACAAGAGGCGTT
3342	e16_s1_CCTCACAAGCAAATGT
3343	e16_s1_CCTCACAAGGGAGTGG
3344	e16_s1_CCTCACACAATGGCCC
3345	e16_s1_CCTCACACAATGTCTG
3346	e16_s1_CCTCACACAGTAACGG
3347	e16_s1_CCTCACAGTATCATGC
3348	e16_s1_CCTCAGTAGCTGGCCT
3349	e16_s1_CCTCAGTCACGACGCT
3350	e16_s1_CCTCAGTGTACTAGCT
3351	e16_s1_CCTCAGTTCATCCTGC
3352	e16_s1_CCTCAGTTCCGTGTGG
3353	e16_s1_CCTCATGAGGCGACAT
3354	e16_s1_CCTCATGAGTTGTCAC
3355	e16_s1_CCTCATGCAGCGTTTA
3356	e16_s1_CCTCATGGTCGTCTCT
3357	e16_s1_CCTCATGTCTAAGGAA
3358	e16_s1_CCTCATGTCTTCACAT
3359	e16_s1_CCTCCAAAGTCACTGT
3360	e16_s1_CCTCCAAAGTGGATTA
3361	e16_s1_CCTCCAAAGTTGGCTT
3362	e16_s1_CCTCCAACAGCGTAGA
3363	e16_s1_CCTCCAACATGGTGGA
3364	e16_s1_CCTCCAACATTCGATG
3365	e16_s1_CCTCCAAGTCAGTTTG
3366	e16_s1_CCTCCAAGTCCTATAG
3367	e16_s1_CCTCCAATCGACGACC
3368	e16_s1_CCTCCAATCGTGAGAG
3369	e16_s1_CCTCCTCAGAGCAGAA
3370	e16_s1_CCTCCTCAGATGTAGT
3371	e16_s1_CCTCCTCAGCTCTATG
3372	e16_s1_CCTCCTCAGGCTTAGG
3373	e16_s1_CCTCCTCAGGTGCCAA
3374	e16_s1_CCTCCTCAGTTTCGGT
3375	e16_s1_CCTCCTCCATATTCGG
3376	e16_s1_CCTCCTCCATCACCAA
3377	e16_s1_CCTCCTCCATCGGAAG
3378	e16_s1_CCTCCTCGTACGTAGG
3379	e16_s1_CCTCCTCGTCGTCGGT
3380	e16_s1_CCTCCTCGTTAAGAAC
3381	e16_s1_CCTCCTCTCGAAATCC
3382	e16_s1_CCTCCTCTCTACCACC
3383	e16_s1_CCTCCTCTCTCTCTAA
3384	e16_s1_CCTCTAGAGACTTCAC
3385	e16_s1_CCTCTAGAGCCTTGAT
3386	e16_s1_CCTCTAGAGTATAACG
3387	e16_s1_CCTCTAGAGTCTGGAG
3388	e16_s1_CCTCTAGCAAAGACGC
3389	e16_s1_CCTCTAGCAACTCGAT
3390	e16_s1_CCTCTAGCAATACGCT
3391	e16_s1_CCTCTAGCATCGGAGA
3392	e16_s1_CCTCTAGCATGACGAG
3393	e16_s1_CCTCTAGGTACCACGC
3394	e16_s1_CCTCTAGGTATGCGTT
3395	e16_s1_CCTCTAGGTGCAGATG
3396	e16_s1_CCTCTAGTCCGTATGA
3397	e16_s1_CCTCTCCAGAAACTGT
3398	e16_s1_CCTCTCCAGCCGAACA
3399	e16_s1_CCTCTCCAGTTCGGTT
3400	e16_s1_CCTCTCCCAAGATTGA
3401	e16_s1_CCTCTCCCAATACGAA
3402	e16_s1_CCTCTCCCACGTGAGA
3403	e16_s1_CCTCTCCCAGTATACC
3404	e16_s1_CCTCTCCCAGTGTATC
3405	e16_s1_CCTCTCCGTCAACATC
3406	e16_s1_CCTCTCCGTCGCAACC
3407	e16_s1_CCTCTCCGTGCTTCAA
3408	e16_s1_CCTCTCCGTTATGTCG
3409	e16_s1_CCTCTCCTCGAACGCC
3410	e16_s1_CCTCTCCTCGGACGTC
3411	e16_s1_CCTGCATAGACATATG
3412	e16_s1_CCTGCATAGCAGCCCT
3413	e16_s1_CCTGCATAGCCGATTT
3414	e16_s1_CCTGCATAGGGAGGCA
3415	e16_s1_CCTGCATCACGGTGTC
3416	e16_s1_CCTGCATCATCCGAGC
3417	e16_s1_CCTGCATGTCGATTCA
3418	e16_s1_CCTGTTGAGTCGCTAT
3419	e16_s1_CCTGTTGCAAAGCTAA
3420	e16_s1_CCTGTTGCACTAGGTT
3421	e16_s1_CCTGTTGCATAATCGC
3422	e16_s1_CCTGTTGGTGATGTAA
3423	e16_s1_CCTGTTGTCACTCACC
3424	e16_s1_CCTGTTGTCCACGTAA
3425	e16_s1_CCTGTTGTCGAAGGAC
3426	e16_s1_CCTGTTGTCGTACCTC
3427	e16_s1_CCTGTTGTCTCATTAC
3428	e16_s1_CCTTCAGAGACGATAT
3429	e16_s1_CCTTCAGAGCGCCTAC
3430	e16_s1_CCTTCAGAGTGAGCCA
3431	e16_s1_CCTTCAGAGTGTTGAA
3432	e16_s1_CCTTCAGCAAATCGGG
3433	e16_s1_CCTTCAGCACGACGTC
3434	e16_s1_CCTTCAGCAGTAACCT
3435	e16_s1_CCTTCAGCAGTCAGTT
3436	e16_s1_CCTTCAGCATAACAGA
3437	e16_s1_CCTTCAGGTCAAACGG
3438	e16_s1_CCTTCAGGTCGTTCAA
3439	e16_s1_CCTTCAGGTCTCTCAC
3440	e16_s1_CCTTCAGGTTCAAGTC
3441	e16_s1_CCTTCAGGTTCATCTT
3442	e16_s1_CCTTCAGTCGATACGT
3443	e16_s1_CCTTCAGTCTGTCCGT
3444	e16_s1_CCTTGTGAGCTCGACC
3445	e16_s1_CCTTGTGCACTGAGGA
3446	e16_s1_CCTTGTGCAGCTCTGG
3447	e16_s1_CCTTGTGCAGTATTCG
3448	e16_s1_CCTTGTGCATTCTCTA
3449	e16_s1_CCTTGTGGTGACAGGT
3450	e16_s1_CCTTGTGGTGTTATCG
3451	e16_s1_CCTTGTGGTTCCATTT
3452	e16_s1_CCTTGTGTCCGTACGG
3453	e16_s1_CCTTGTGTCTACACTT
3454	e16_s1_CCTTTGGCAACCAACT
3455	e16_s1_CCTTTGGCACGTGTGC
3456	e16_s1_CCTTTGGCAGAGAATT
3457	e16_s1_CCTTTGGCATCTCCCA
3458	e16_s1_CCTTTGGGTCCGATCG
3459	e16_s1_CCTTTGGTCACTCACC
3460	e16_s1_CCTTTGGTCGAGCCAC
3461	e16_s1_CCTTTGGTCTGTGCAA
3462	e16_s1_CGAAGGAAGAAGCTGC
3463	e16_s1_CGAAGGAAGCATGTTC
3464	e16_s1_CGAAGGACAATGCTCA
3465	e16_s1_CGAAGGACACGTAGAG
3466	e16_s1_CGAAGGAGTGCCCACA
3467	e16_s1_CGAAGGAGTGGACAGT
3468	e16_s1_CGAAGGAGTTATCTTC
3469	e16_s1_CGAAGGAGTTCCTAGA
3470	e16_s1_CGAAGGAGTTCCTTGC
3471	e16_s1_CGAAGGATCCGTAGGC
3472	e16_s1_CGAAGGATCGCTACGG
3473	e16_s1_CGAAGTTAGCTTGTGT
3474	e16_s1_CGAAGTTCACGCGGTT
3475	e16_s1_CGAAGTTGTAGATTAG
3476	e16_s1_CGAAGTTGTCCACATA
3477	e16_s1_CGAAGTTGTCTGATCA
3478	e16_s1_CGAAGTTTCTAATTCC
3479	e16_s1_CGAATTGAGCACTCAT
3480	e16_s1_CGAATTGAGGACAAGA
3481	e16_s1_CGAATTGAGGCGAAGG
3482	e16_s1_CGAATTGAGTCATAGA
3483	e16_s1_CGAATTGCAATTGAGA
3484	e16_s1_CGAATTGGTACTTGTG
3485	e16_s1_CGAATTGGTCAGTCTA
3486	e16_s1_CGAATTGTCAACCCGG
3487	e16_s1_CGAATTGTCATTCGGA
3488	e16_s1_CGAATTGTCTATTGTC
3489	e16_s1_CGACAGCAGCAGCCTC
3490	e16_s1_CGACAGCAGGAGTATT
3491	e16_s1_CGACAGCAGGGCAACT
3492	e16_s1_CGACAGCAGTATGCAA
3493	e16_s1_CGACAGCCATGCCATA
3494	e16_s1_CGACAGCGTATCGCTA
3495	e16_s1_CGACAGCGTGTCTAAC
3496	e16_s1_CGACAGCGTTGCCGCA
3497	e16_s1_CGACAGCTCAATCTCT
3498	e16_s1_CGACAGCTCGATTCCC
3499	e16_s1_CGACAGCTCGCCTAGG
3500	e16_s1_CGACAGCTCTGGGCCA
3501	e16_s1_CGAGAAGAGAGTCAAT
3502	e16_s1_CGAGAAGAGATGCCGA
3503	e16_s1_CGAGAAGAGCCACAAG
3504	e16_s1_CGAGAAGCAATGGCAG
3505	e16_s1_CGAGAAGCACGGAAGT
3506	e16_s1_CGAGAAGCACTTGACA
3507	e16_s1_CGAGAAGGTATTCCTT
3508	e16_s1_CGAGAAGTCGACCACG
3509	e16_s1_CGAGGAAGTACGTTCA
3510	e16_s1_CGAGGAAGTATGATCC
3511	e16_s1_CGAGGAAGTGCTCGTG
3512	e16_s1_CGAGGAATCCTAGCCT
3513	e16_s1_CGAGGAATCCTTACCG
3514	e16_s1_CGAGGAATCGTAGCTA
3515	e16_s1_CGAGGAATCGTGGCTG
3516	e16_s1_CGAGGCTAGAAGCTCG
3517	e16_s1_CGAGGCTAGACGCCAA
3518	e16_s1_CGAGGCTAGGTTGCCC
3519	e16_s1_CGAGGCTCAACGTTAC
3520	e16_s1_CGAGGCTCAAGAGAGA
3521	e16_s1_CGAGGCTCACCGTGGT
3522	e16_s1_CGAGGCTCAGTTCCAA
3523	e16_s1_CGAGGCTCATCGGATT
3524	e16_s1_CGAGGCTGTACAGTAA
3525	e16_s1_CGAGGCTGTCAACGCC
3526	e16_s1_CGAGGCTTCAAATGAG
3527	e16_s1_CGAGTGCAGGAAAGAC
3528	e16_s1_CGAGTGCAGGCCTAAG
3529	e16_s1_CGAGTGCAGTTACGTC
3530	e16_s1_CGAGTGCCACTTACAG
3531	e16_s1_CGAGTGCCAGGCTACC
3532	e16_s1_CGAGTGCCAGTTGAAA
3533	e16_s1_CGAGTGCGTAGACGTG
3534	e16_s1_CGAGTGCGTGGCAACA
3535	e16_s1_CGAGTGCGTGGGACAT
3536	e16_s1_CGAGTGCGTGGTGATG
3537	e16_s1_CGAGTGCGTTGCATTG
3538	e16_s1_CGAGTGCTCATGCCCT
3539	e16_s1_CGAGTTAAGAGAAGGT
3540	e16_s1_CGAGTTAAGGCCTGAA
3541	e16_s1_CGAGTTAAGGGCGAGA
3542	e16_s1_CGAGTTACAAGCCCAC
3543	e16_s1_CGAGTTACAATTCTCT
3544	e16_s1_CGAGTTACACTGCGTG
3545	e16_s1_CGAGTTAGTGTCTTAG
3546	e16_s1_CGAGTTAGTTTACCTT
3547	e16_s1_CGAGTTATCGATACAC
3548	e16_s1_CGAGTTATCGGTAGAG
3549	e16_s1_CGATCGGAGTTTGAGA
3550	e16_s1_CGATCGGCAAACCACT
3551	e16_s1_CGATCGGCACGTAGTT
3552	e16_s1_CGATCGGCACTTGTGA
3553	e16_s1_CGATCGGGTACTCGCG
3554	e16_s1_CGATCGGGTGATACAA
3555	e16_s1_CGATCGGGTTAAGTCC
3556	e16_s1_CGATCGGTCTGAATCG
3557	e16_s1_CGATGCGAGAAGAACG
3558	e16_s1_CGATGCGAGCCGAATG
3559	e16_s1_CGATGCGAGGCATTTC
3560	e16_s1_CGATGCGAGTCGAGGT
3561	e16_s1_CGATGCGCAATTTCCT
3562	e16_s1_CGATGCGCACTCCGGA
3563	e16_s1_CGATGCGGTAGTACGG
3564	e16_s1_CGATGCGGTCACCGAC
3565	e16_s1_CGATGCGGTTTCACAG
3566	e16_s1_CGATGCGTCACCTTGC
3567	e16_s1_CGATGCGTCTAAACGC
3568	e16_s1_CGATGCGTCTGTGCTC
3569	e16_s1_CGATGGCAGAAATGGG
3570	e16_s1_CGATGGCCAGGACATG
3571	e16_s1_CGATGGCGTAACGGTG
3572	e16_s1_CGATGGCGTGAGTGAC
3573	e16_s1_CGATGGCTCAAGGACG
3574	e16_s1_CGATGGCTCATTCCTA
3575	e16_s1_CGATGGCTCCTTATAC
3576	e16_s1_CGCAGGTGTAGACGGT
3577	e16_s1_CGCAGGTGTAGCGCTC
3578	e16_s1_CGCAGGTGTGCCCACA
3579	e16_s1_CGCAGGTGTGCTCCGA
3580	e16_s1_CGCAGGTTCGGAATGG
3581	e16_s1_CGCATAAAGATCCAAA
3582	e16_s1_CGCATAAAGGCTTAGG
3583	e16_s1_CGCATAAAGTAACGAT
3584	e16_s1_CGCATAAAGTGGTTAA
3585	e16_s1_CGCATAACAAGACCGA
3586	e16_s1_CGCATAACACGGCGTT
3587	e16_s1_CGCATAACACTAAACC
3588	e16_s1_CGCATAAGTACCGGAA
3589	e16_s1_CGCATAAGTAGAGATT
3590	e16_s1_CGCATAAGTTCTTCAT
3591	e16_s1_CGCATAAGTTGCCTAA
3592	e16_s1_CGCATAATCAGCTGAT
3593	e16_s1_CGCATAATCGTAACTG
3594	e16_s1_CGCATGGAGACGAAGA
3595	e16_s1_CGCATGGAGAGGCGTT
3596	e16_s1_CGCATGGCAAAGAGTT
3597	e16_s1_CGCATGGCAAGTGGTG
3598	e16_s1_CGCATGGCACGAGGTA
3599	e16_s1_CGCATGGGTGAATATG
3600	e16_s1_CGCATGGGTTGTATGC
3601	e16_s1_CGCATGGGTTTGGGTT
3602	e16_s1_CGCATGGTCGCATGAT
3603	e16_s1_CGCCAGAAGAAGCGGG
3604	e16_s1_CGCCAGAAGGTCACCC
3605	e16_s1_CGCCAGAAGTATGTAG
3606	e16_s1_CGCCAGACACATATGC
3607	e16_s1_CGCCAGACATACCACA
3608	e16_s1_CGCCAGAGTACCCAGC
3609	e16_s1_CGCCAGAGTCCCGGTA
3610	e16_s1_CGCCAGATCGGAAGGT
3611	e16_s1_CGCCAGATCTCTAAGG
3612	e16_s1_CGCCATTAGCTAGAGC
3613	e16_s1_CGCCATTAGTCAGGGT
3614	e16_s1_CGCCATTGTTAAGGAT
3615	e16_s1_CGCGTGAAGCAGGCAT
3616	e16_s1_CGCGTGAAGTGCGCTC
3617	e16_s1_CGCGTGACACAAATCC
3618	e16_s1_CGCGTGACACCACATA
3619	e16_s1_CGCGTGACACTTTATC
3620	e16_s1_CGCGTGACAGACCAAG
3621	e16_s1_CGCGTGACAGAGGACT
3622	e16_s1_CGCGTGACATCAGTCA
3623	e16_s1_CGCGTGATCGTTCCTG
3624	e16_s1_CGGAACCAGGGAGATA
3625	e16_s1_CGGAACCAGTTGTAAG
3626	e16_s1_CGGAACCCAACCCGCA
3627	e16_s1_CGGAACCCATTGTAGC
3628	e16_s1_CGGAACCGTACTCGAT
3629	e16_s1_CGGAACCGTTGCATTG
3630	e16_s1_CGGAACCTCAATCTCT
3631	e16_s1_CGGAACCTCCCAAGTA
3632	e16_s1_CGGAACCTCGTGACTA
3633	e16_s1_CGGAATTAGATCCCAT
3634	e16_s1_CGGAATTAGCTGACTT
3635	e16_s1_CGGAATTCACTCTAGA
3636	e16_s1_CGGAATTCAGCCGGTT
3637	e16_s1_CGGAATTCATACCAGT
3638	e16_s1_CGGAATTGTACGATTC
3639	e16_s1_CGGAATTGTAGTCACT
3640	e16_s1_CGGAATTGTCTTGTCC
3641	e16_s1_CGGAATTGTGGGTATG
3642	e16_s1_CGGAATTTCCTTTAGT
3643	e16_s1_CGGACACAGGATGGCT
3644	e16_s1_CGGACACAGGCACGAT
3645	e16_s1_CGGACACCAGTACTAC
3646	e16_s1_CGGACACGTATCATGC
3647	e16_s1_CGGACACGTGTATTGC
3648	e16_s1_CGGACACGTTCCTACC
3649	e16_s1_CGGACACGTTGGGATG
3650	e16_s1_CGGACACGTTTCCATT
3651	e16_s1_CGGACACTCCTGTACC
3652	e16_s1_CGGACACTCTGTCGCT
3653	e16_s1_CGGAGAAAGACAAGCC
3654	e16_s1_CGGAGAAAGACATCAA
3655	e16_s1_CGGAGAAAGCCGTTGC
3656	e16_s1_CGGAGAAAGGAGCAAA
3657	e16_s1_CGGAGAACAAACTCTG
3658	e16_s1_CGGAGAACAACGTTAC
3659	e16_s1_CGGAGAACAATACGAA
3660	e16_s1_CGGAGAACACCCGTAG
3661	e16_s1_CGGAGAACACGGCACT
3662	e16_s1_CGGAGAACAGCTGAAG
3663	e16_s1_CGGAGAAGTAGACAAT
3664	e16_s1_CGGAGAAGTGTTCGAT
3665	e16_s1_CGGAGAAGTTTCTTAC
3666	e16_s1_CGGAGAATCCTACAAG
3667	e16_s1_CGGCAGTCAAGTCGTT
3668	e16_s1_CGGCAGTCATTAAAGG
3669	e16_s1_CGGCAGTGTATGATCC
3670	e16_s1_CGGCAGTGTTGGTAGG
3671	e16_s1_CGGCAGTGTTTGCCGG
3672	e16_s1_CGGGACTAGGTGGCTA
3673	e16_s1_CGGGACTGTACTCGAT
3674	e16_s1_CGGGACTGTGGACCAA
3675	e16_s1_CGGGACTTCCGATAAC
3676	e16_s1_CGGGACTTCTTTGATC
3677	e16_s1_CGGGCATAGAACAGGA
3678	e16_s1_CGGGCATAGCCTCATA
3679	e16_s1_CGGGCATCAGCACGAA
3680	e16_s1_CGGGCATCAGTTTCAG
3681	e16_s1_CGGGCATCATGCACTA
3682	e16_s1_CGGGCATGTCACATTG
3683	e16_s1_CGGGCATGTCGTTATG
3684	e16_s1_CGGGCATGTGTGTGTT
3685	e16_s1_CGGGCATGTTCAAAGA
3686	e16_s1_CGGGCATGTTGCTCCT
3687	e16_s1_CGGGCATTCCGGACGT
3688	e16_s1_CGGGCATTCCTTCTGG
3689	e16_s1_CGGGCATTCGCTCTCA
3690	e16_s1_CGGGTCACACAGACGA
3691	e16_s1_CGGGTCACATCATTGG
3692	e16_s1_CGGGTCAGTCATCGCG
3693	e16_s1_CGGGTCATCCGCGGAT
3694	e16_s1_CGGGTCATCCTTTGAT
3695	e16_s1_CGGGTCATCGAGGCAA
3696	e16_s1_CGGGTGTAGAACGCGT
3697	e16_s1_CGGGTGTAGACGGTTG
3698	e16_s1_CGGGTGTAGAGGACTC
3699	e16_s1_CGGGTGTCACACGGAA
3700	e16_s1_CGGGTGTCACTTGACA
3701	e16_s1_CGGGTGTCATCTTAGG
3702	e16_s1_CGGGTGTGTAACGTTC
3703	e16_s1_CGGGTGTGTAGTGCGA
3704	e16_s1_CGGGTGTGTGTCATTG
3705	e16_s1_CGGGTGTTCCCTCATG
3706	e16_s1_CGGGTGTTCGAAGAAT
3707	e16_s1_CGGGTGTTCTTGGGCG
3708	e16_s1_CGGGTGTTCTTTCCAA
3709	e16_s1_CGGTCAGAGATAGGGA
3710	e16_s1_CGGTCAGCAAAGGTTA
3711	e16_s1_CGGTCAGCAGGTGGAT
3712	e16_s1_CGGTCAGGTCAATCTG
3713	e16_s1_CGGTCAGTCAGGAAGC
3714	e16_s1_CGGTCAGTCTAAGAAG
3715	e16_s1_CGTAAGTAGCTTGTGT
3716	e16_s1_CGTAAGTAGTATGACA
3717	e16_s1_CGTAAGTAGTCATAGA
3718	e16_s1_CGTAAGTGTCGCGTTG
3719	e16_s1_CGTAAGTGTTCCCACT
3720	e16_s1_CGTAAGTTCACCTACC
3721	e16_s1_CGTAAGTTCCTGGTCT
3722	e16_s1_CGTAAGTTCGAAACAA
3723	e16_s1_CGTAAGTTCGCTCTAC
3724	e16_s1_CGTAAGTTCTCAGAAC
3725	e16_s1_CGTAATGAGCAGCCTC
3726	e16_s1_CGTAATGAGCTGTGCC
3727	e16_s1_CGTAATGCACAAGCAG
3728	e16_s1_CGTAATGGTCTAACTG
3729	e16_s1_CGTAATGGTTCGTACA
3730	e16_s1_CGTAATGGTTGCTCAA
3731	e16_s1_CGTAATGTCATCCTAT
3732	e16_s1_CGTAGTAAGCAGATAT
3733	e16_s1_CGTAGTAAGGGTGAAA
3734	e16_s1_CGTAGTAAGTGTTCCA
3735	e16_s1_CGTAGTAGTCAACCTA
3736	e16_s1_CGTAGTAGTCCGAAAG
3737	e16_s1_CGTAGTATCGAGCACC
3738	e16_s1_CGTAGTATCTTGAACG
3739	e16_s1_CGTCAAAAGAAGGCTC
3740	e16_s1_CGTCAAAAGACCTCCG
3741	e16_s1_CGTCAAAAGCACTTTG
3742	e16_s1_CGTCAAAAGGTAGTCG
3743	e16_s1_CGTCAAACAAATACAG
3744	e16_s1_CGTCAAAGTGGACTAG
3745	e16_s1_CGTCAAAGTGGGTATG
3746	e16_s1_CGTCAAATCCGTGACG
3747	e16_s1_CGTCCATAGACATATG
3748	e16_s1_CGTCCATAGAGAGTGA
3749	e16_s1_CGTCCATCAAACCACT
3750	e16_s1_CGTCCATCAAGCGCTC
3751	e16_s1_CGTCCATCACCTGCGA
3752	e16_s1_CGTCCATCACGAAAGC
3753	e16_s1_CGTCCATCAGCAATTC
3754	e16_s1_CGTCCATGTAAGTAGT
3755	e16_s1_CGTCCATGTCTGGTTA
3756	e16_s1_CGTCCATGTGGGACAT
3757	e16_s1_CGTCCATTCAAGCCAT
3758	e16_s1_CGTCCATTCGGAGTGA
3759	e16_s1_CGTCCATTCGTGGTAT
3760	e16_s1_CGTGAATAGGCTCTCG
3761	e16_s1_CGTGAATAGTCATGGG
3762	e16_s1_CGTGAATAGTGAGGTC
3763	e16_s1_CGTGAATCACTCAAGT
3764	e16_s1_CGTGAATCAGACGGAT
3765	e16_s1_CGTGAATCAGTGACCC
3766	e16_s1_CGTGAATCATCATCCC
3767	e16_s1_CGTGAATGTATCAGGG
3768	e16_s1_CGTGAATGTTCTCAGA
3769	e16_s1_CGTGATAAGACTAGAT
3770	e16_s1_CGTGATAAGAGTACCG
3771	e16_s1_CGTGATAAGTATCTGC
3772	e16_s1_CGTGATAAGTTGCGCC
3773	e16_s1_CGTGATACAGGCCCTA
3774	e16_s1_CGTGATACATTCGATG
3775	e16_s1_CGTGATAGTCCACTCT
3776	e16_s1_CGTGATAGTCGCAACC
3777	e16_s1_CGTGATATCACCGGGT
3778	e16_s1_CGTGATATCACGGAGA
3779	e16_s1_CGTGATATCTTTGATC
3780	e16_s1_CGTGCTTAGACTAAGT
3781	e16_s1_CGTGCTTAGCCTGTGC
3782	e16_s1_CGTGCTTGTCTGGTTA
3783	e16_s1_CGTGCTTGTTCTCACC
3784	e16_s1_CGTGCTTTCCCGTGAG
3785	e16_s1_CGTGCTTTCTATTTCG
3786	e16_s1_CGTGTCTAGGGTCACA
3787	e16_s1_CGTGTCTAGTATTGCC
3788	e16_s1_CGTGTCTCAATGAACA
3789	e16_s1_CGTGTCTGTGAGCAGT
3790	e16_s1_CGTGTCTGTGCCGTAC
3791	e16_s1_CGTGTCTGTGGCCCAT
3792	e16_s1_CGTGTCTGTTCAAGTC
3793	e16_s1_CGTGTCTTCAGCCTTC
3794	e16_s1_CGTGTCTTCCTTATAC
3795	e16_s1_CGTGTCTTCTAGGCCG
3796	e16_s1_CGTGTCTTCTTGAGCA
3797	e16_s1_CGTTAGAAGTAGGTTA
3798	e16_s1_CGTTAGAAGTATCTGC
3799	e16_s1_CGTTAGAAGTGAGTGC
3800	e16_s1_CGTTAGACAAGACCGA
3801	e16_s1_CGTTAGACAATTCTTC
3802	e16_s1_CGTTAGACATCGAAGG
3803	e16_s1_CGTTAGAGTACCCAGC
3804	e16_s1_CGTTAGAGTCTAGATC
3805	e16_s1_CGTTAGAGTTAACCTG
3806	e16_s1_CGTTAGAGTTAGAAAC
3807	e16_s1_CGTTAGATCTGCGGCA
3808	e16_s1_CGTTAGATCTGTTCAT
3809	e16_s1_CGTTCTGAGCGGTAGT
3810	e16_s1_CGTTCTGGTACTTCCC
3811	e16_s1_CGTTCTGGTTATGTCG
3812	e16_s1_CGTTGGGAGACTCATC
3813	e16_s1_CGTTGGGGTCAGCGTC
3814	e16_s1_CGTTGGGGTCGAATTC
3815	e16_s1_CGTTGGGTCCCTCGAT
3816	e16_s1_CGTTGGGTCCGATGTA
3817	e16_s1_CGTTGGGTCGATACAC
3818	e16_s1_CTAACCCAGTAAGAGG
3819	e16_s1_CTAACCCCAAATTAGG
3820	e16_s1_CTAACCCCACAGCTTA
3821	e16_s1_CTAACCCCAGCGTGAA
3822	e16_s1_CTAACCCGTCGCAACC
3823	e16_s1_CTAACCCTCAAGAATG
3824	e16_s1_CTAACCCTCACGGAGA
3825	e16_s1_CTAACCCTCCGTATAG
3826	e16_s1_CTAACCCTCGACCACG
3827	e16_s1_CTAACCCTCGTGCACG
3828	e16_s1_CTAACTTAGGCCACTC
3829	e16_s1_CTAACTTCACCCTAGG
3830	e16_s1_CTAACTTCATTGACAC
3831	e16_s1_CTAACTTGTACTGGGA
3832	e16_s1_CTAACTTGTATCGCTA
3833	e16_s1_CTAACTTGTATCTCTT
3834	e16_s1_CTAACTTTCCTCTCTT
3835	e16_s1_CTAAGTGAGCAGGTCA
3836	e16_s1_CTAAGTGAGGCTAACG
3837	e16_s1_CTAAGTGAGTAGAGTT
3838	e16_s1_CTAAGTGCATGACGGA
3839	e16_s1_CTAAGTGGTAACCAGG
3840	e16_s1_CTAAGTGGTCTTGAGT
3841	e16_s1_CTAAGTGTCAAGTTGC
3842	e16_s1_CTAAGTGTCATTCCTA
3843	e16_s1_CTAAGTGTCCAATCTT
3844	e16_s1_CTAAGTGTCCAATGCA
3845	e16_s1_CTAAGTGTCGAGCACC
3846	e16_s1_CTAAGTGTCTGAGTCA
3847	e16_s1_CTAAGTGTCTGGGCGT
3848	e16_s1_CTACAGAAGAGCATAT
3849	e16_s1_CTACAGAAGCGCACAA
3850	e16_s1_CTACAGACAGACTCTA
3851	e16_s1_CTACAGACATCCGCGA
3852	e16_s1_CTACAGAGTACTCGAT
3853	e16_s1_CTACAGAGTGAACTAA
3854	e16_s1_CTACAGAGTGGTCTGC
3855	e16_s1_CTACAGATCATTCGGA
3856	e16_s1_CTACAGATCATTGGTG
3857	e16_s1_CTACAGATCTACCCAC
3858	e16_s1_CTACATTAGGACTATA
3859	e16_s1_CTACATTAGGCATTTC
3860	e16_s1_CTACATTAGTACTGTC
3861	e16_s1_CTACATTAGTGCAAAT
3862	e16_s1_CTACATTCAACGACTT
3863	e16_s1_CTACATTCAAGAGTTA
3864	e16_s1_CTACATTCACAGAAGC
3865	e16_s1_CTACATTCATGATCTG
3866	e16_s1_CTACATTGTAGCGTCC
3867	e16_s1_CTACATTGTGCGTGCT
3868	e16_s1_CTACATTGTGGATACG
3869	e16_s1_CTACATTGTGTCCACG
3870	e16_s1_CTACATTGTGTTCCAA
3871	e16_s1_CTACATTGTTAGAAAC
3872	e16_s1_CTACATTGTTGGTAGG
3873	e16_s1_CTACATTTCGCAACAT
3874	e16_s1_CTACATTTCGCAGTTA
3875	e16_s1_CTACATTTCGTAGCCG
3876	e16_s1_CTACCCAAGCACTGGA
3877	e16_s1_CTACCCAAGTACTGTC
3878	e16_s1_CTACCCACAATCGTCA
3879	e16_s1_CTACCCAGTGCGAGTA
3880	e16_s1_CTACCCAGTTGTACGT
3881	e16_s1_CTACCCATCATTTCGT
3882	e16_s1_CTACCCATCCACTGGG
3883	e16_s1_CTACCCATCCCGAACG
3884	e16_s1_CTACCCATCCGTTTCG
3885	e16_s1_CTACCCATCGAGCACC
3886	e16_s1_CTACCCATCTGCCTGT
3887	e16_s1_CTACCCATCTTGGAAC
3888	e16_s1_CTACCTGAGACTTGTC
3889	e16_s1_CTACCTGCAGTAGAGC
3890	e16_s1_CTACCTGCATAACTCG
3891	e16_s1_CTACCTGCATACATCG
3892	e16_s1_CTACCTGCATGAGATA
3893	e16_s1_CTACCTGGTATCGAGG
3894	e16_s1_CTACCTGGTCACTGAT
3895	e16_s1_CTACCTGGTCTACACA
3896	e16_s1_CTACCTGGTTGGCCGT
3897	e16_s1_CTACCTGTCACGGAGA
3898	e16_s1_CTACCTGTCTGCGTCT
3899	e16_s1_CTACGGGAGTAAGAGG
3900	e16_s1_CTACGGGCACTAGGCC
3901	e16_s1_CTACGGGCAGATTTCG
3902	e16_s1_CTACGGGCAGTGTATC
3903	e16_s1_CTACGGGCATGCGTGC
3904	e16_s1_CTACGGGCATTCTGTT
3905	e16_s1_CTACGGGCATTGAGGG
3906	e16_s1_CTACGGGGTACGCTAT
3907	e16_s1_CTACGGGGTGCCTACG
3908	e16_s1_CTACGGGGTTACCCAA
3909	e16_s1_CTACGGGGTTGAGGAC
3910	e16_s1_CTACGGGTCAAAGCCT
3911	e16_s1_CTACGGGTCGCCAGTG
3912	e16_s1_CTACTATAGCTGAGCA
3913	e16_s1_CTACTATCAAATCAGA
3914	e16_s1_CTACTATCACGCTATA
3915	e16_s1_CTACTATCACTTGAGT
3916	e16_s1_CTACTATGTACAAACA
3917	e16_s1_CTACTATTCGCAACAT
3918	e16_s1_CTACTATTCGCCAGAC
3919	e16_s1_CTACTATTCGTCCTTG
3920	e16_s1_CTACTATTCTGCTTAT
3921	e16_s1_CTACTATTCTTGTGCC
3922	e16_s1_CTAGACAAGACTTCCA
3923	e16_s1_CTAGACAAGCGCCTTG
3924	e16_s1_CTAGACAAGGTAAGAG
3925	e16_s1_CTAGACACAAGTATCC
3926	e16_s1_CTAGACACACAAGCTT
3927	e16_s1_CTAGACACACTGCACG
3928	e16_s1_CTAGACACACTGTTCC
3929	e16_s1_CTAGACACAGAGTAAT
3930	e16_s1_CTAGACACATAGATGA
3931	e16_s1_CTAGACACATGTGCCG
3932	e16_s1_CTAGACACATGTTACG
3933	e16_s1_CTAGACAGTCGTACAT
3934	e16_s1_CTAGACAGTGATATAG
3935	e16_s1_CTAGGTAAGAAATTGC
3936	e16_s1_CTAGGTAAGGCTCTAT
3937	e16_s1_CTAGGTACACTTGACA
3938	e16_s1_CTAGGTACAGAACTAA
3939	e16_s1_CTAGGTACAGAAGTGC
3940	e16_s1_CTAGGTAGTAATGCGG
3941	e16_s1_CTAGGTAGTCTAATCG
3942	e16_s1_CTAGGTAGTGCGAACA
3943	e16_s1_CTAGGTATCACTCTTA
3944	e16_s1_CTAGGTATCAGAGTTC
3945	e16_s1_CTAGGTATCCTGCTAC
3946	e16_s1_CTAGGTATCGATACAC
3947	e16_s1_CTAGGTATCGCAGATT
3948	e16_s1_CTAGGTATCTGGCCAG
3949	e16_s1_CTAGGTATCTTGGATG
3950	e16_s1_CTATAGGAGGGCAAGG
3951	e16_s1_CTATAGGGTGCCGAAA
3952	e16_s1_CTATAGGGTTTCACTT
3953	e16_s1_CTATAGGTCTCCGAGG
3954	e16_s1_CTATCCGCAACATACC
3955	e16_s1_CTATCCGCACTGCGAC
3956	e16_s1_CTATCCGCATGACGGA
3957	e16_s1_CTATCCGGTCAGACTT
3958	e16_s1_CTATCCGGTTGCTCAA
3959	e16_s1_CTATCCGTCATGCATG
3960	e16_s1_CTATCCGTCCTAACAG
3961	e16_s1_CTATCCGTCCTGCTAC
3962	e16_s1_CTATCCGTCCTTGACC
3963	e16_s1_CTATCTAAGAGCAGTC
3964	e16_s1_CTATCTACAAATCAGA
3965	e16_s1_CTATCTACAATGGGTG
3966	e16_s1_CTATCTACACGCTGTG
3967	e16_s1_CTATCTACACGTGTGC
3968	e16_s1_CTATCTACATGGAATA
3969	e16_s1_CTATCTAGTAGACGGT
3970	e16_s1_CTATCTAGTCCACTTC
3971	e16_s1_CTATCTAGTCCTACAA
3972	e16_s1_CTATCTAGTGAGCCAA
3973	e16_s1_CTATCTATCGAACACT
3974	e16_s1_CTCAACCAGGCTAAAT
3975	e16_s1_CTCAACCAGTCCCTAA
3976	e16_s1_CTCAACCAGTCCTACA
3977	e16_s1_CTCAACCCACTACCCT
3978	e16_s1_CTCAACCCAGTCACGC
3979	e16_s1_CTCAACCCAGTGTACT
3980	e16_s1_CTCAACCCATCTCATT
3981	e16_s1_CTCAACCCATGCTGCG
3982	e16_s1_CTCAACCGTAGTCCTA
3983	e16_s1_CTCAACCGTCGATTAC
3984	e16_s1_CTCAACCTCCGCGGAT
3985	e16_s1_CTCAACCTCGCTGTTC
3986	e16_s1_CTCAACCTCGTTCCTG
3987	e16_s1_CTCAACCTCTTCCCAG
3988	e16_s1_CTCAAGAAGAGGCTGT
3989	e16_s1_CTCAAGACAATCAAGA
3990	e16_s1_CTCAAGACAATGGCCC
3991	e16_s1_CTCAAGAGTCACAATC
3992	e16_s1_CTCAAGAGTCCCTAAA
3993	e16_s1_CTCAATTAGTTGCGAG
3994	e16_s1_CTCAATTCAGCCTATA
3995	e16_s1_CTCAATTGTCCAGCGT
3996	e16_s1_CTCAATTTCGTTCATT
3997	e16_s1_CTCAATTTCTAGTTCT
3998	e16_s1_CTCAATTTCTTACCAT
3999	e16_s1_CTCACTGAGAAGCCTG
4000	e16_s1_CTCACTGAGCTCCACG
4001	e16_s1_CTCACTGAGTAAACAC
4002	e16_s1_CTCACTGAGTCACTAC
4003	e16_s1_CTCACTGAGTCGGCAA
4004	e16_s1_CTCACTGGTAGAATAC
4005	e16_s1_CTCACTGGTTACCTTT
4006	e16_s1_CTCACTGGTTCGAAGG
4007	e16_s1_CTCACTGTCGTTCTCG
4008	e16_s1_CTCAGAAAGCAACAAT
4009	e16_s1_CTCAGAAAGGCCACTC
4010	e16_s1_CTCAGAACAAACTCGT
4011	e16_s1_CTCAGAACACAGAAGC
4012	e16_s1_CTCAGAACACGACGAA
4013	e16_s1_CTCAGAACACTAGGCC
4014	e16_s1_CTCAGAACATATCTGG
4015	e16_s1_CTCAGAAGTGAAGCTG
4016	e16_s1_CTCAGAATCAGTCTTT
4017	e16_s1_CTCAGAATCCGTGTCT
4018	e16_s1_CTCAGAATCTGGTCAA
4019	e16_s1_CTCAGGGCACCCAATA
4020	e16_s1_CTCAGGGCAGTAGTTC
4021	e16_s1_CTCAGGGGTTCTGACA
4022	e16_s1_CTCAGGGTCAACTGGT
4023	e16_s1_CTCAGGGTCCTAGAGT
4024	e16_s1_CTCAGTCAGACCAACG
4025	e16_s1_CTCAGTCAGTGGAAAG
4026	e16_s1_CTCAGTCCAAACAGGC
4027	e16_s1_CTCAGTCCAAGCACCC
4028	e16_s1_CTCAGTCGTACTCGCG
4029	e16_s1_CTCAGTCGTAGACAAT
4030	e16_s1_CTCAGTCGTATCAGGG
4031	e16_s1_CTCAGTCGTGAACTAA
4032	e16_s1_CTCAGTCGTTAAGAAC
4033	e16_s1_CTCAGTCTCGACGCTG
4034	e16_s1_CTCAGTCTCGCTTGCT
4035	e16_s1_CTCATCGAGGCTATCT
4036	e16_s1_CTCATCGAGGGAGGCA
4037	e16_s1_CTCATCGCATGCGGTC
4038	e16_s1_CTCATCGGTAGTGCGA
4039	e16_s1_CTCATCGGTTCCACGG
4040	e16_s1_CTCATGCAGGCTGGAT
4041	e16_s1_CTCATGCCAAAGGGTC
4042	e16_s1_CTCATGCCAACCGATT
4043	e16_s1_CTCATGCCACGCGGTT
4044	e16_s1_CTCATGCCACGTAGTT
4045	e16_s1_CTCATGCCATGACTAC
4046	e16_s1_CTCATGCGTGTCTCCT
4047	e16_s1_CTCATGCGTTAGGCCC
4048	e16_s1_CTCATGCTCCTATTTG
4049	e16_s1_CTCATTAAGAGGACTC
4050	e16_s1_CTCATTAAGTGAGTGC
4051	e16_s1_CTCATTACAAAGGGCT
4052	e16_s1_CTCATTACAACCAATC
4053	e16_s1_CTCATTACAAGACCGA
4054	e16_s1_CTCATTATCCATGATG
4055	e16_s1_CTCATTATCCGTGGTG
4056	e16_s1_CTCATTATCGATTGAC
4057	e16_s1_CTCCAACAGAGCAGTC
4058	e16_s1_CTCCAACAGCACAAAT
4059	e16_s1_CTCCAACCACAAGGTG
4060	e16_s1_CTCCAACGTCATACCA
4061	e16_s1_CTCCAACGTCTCCTGT
4062	e16_s1_CTCCAACGTGGATTTC
4063	e16_s1_CTCCAACTCGACACCG
4064	e16_s1_CTCCAACTCGTCTCAC
4065	e16_s1_CTCCACAAGAAGTGTT
4066	e16_s1_CTCCACAAGCGCTGAA
4067	e16_s1_CTCCACAAGCTCTATG
4068	e16_s1_CTCCACAAGGGCCCTT
4069	e16_s1_CTCCACAAGTTGGCGA
4070	e16_s1_CTCCACACAGCAGTTT
4071	e16_s1_CTCCACACAGCTAACT
4072	e16_s1_CTCCACACAGGACAGT
4073	e16_s1_CTCCACACATACCATG
4074	e16_s1_CTCCACAGTATGCGTT
4075	e16_s1_CTCCACAGTCGCAGTC
4076	e16_s1_CTCCACATCATTGTGG
4077	e16_s1_CTCCACATCGTCGCTT
4078	e16_s1_CTCCATGAGGTTAGTA
4079	e16_s1_CTCCATGCAAAGAACT
4080	e16_s1_CTCCATGCAGGGAATC
4081	e16_s1_CTCCATGGTGGAGAAA
4082	e16_s1_CTCCATGTCAAACGTC
4083	e16_s1_CTCCATGTCAAATGAG
4084	e16_s1_CTCCCAAAGATACCAA
4085	e16_s1_CTCCCAAAGATGGCAC
4086	e16_s1_CTCCCAAAGTCACTGT
4087	e16_s1_CTCCCAAAGTCCGCCA
4088	e16_s1_CTCCCAACAACGACAG
4089	e16_s1_CTCCCAACACTCCACT
4090	e16_s1_CTCCCAACACTTGTCC
4091	e16_s1_CTCCCAACAGAGACTG
4092	e16_s1_CTCCCAAGTAACTAAG
4093	e16_s1_CTCCCAAGTATGTCAC
4094	e16_s1_CTCCCAAGTGAACCGA
4095	e16_s1_CTCCCAAGTTCTAAGC
4096	e16_s1_CTCCCAAGTTGGGTTT
4097	e16_s1_CTCCCAATCGACATCA
4098	e16_s1_CTCCCTCAGTCACAGG
4099	e16_s1_CTCCCTCAGTCAGAGC
4100	e16_s1_CTCCCTCAGTGATAAC
4101	e16_s1_CTCCCTCCAAAGCAAT
4102	e16_s1_CTCCCTCCACAATCTG
4103	e16_s1_CTCCCTCCACATTCGA
4104	e16_s1_CTCCCTCCATGTCAGT
4105	e16_s1_CTCCCTCGTGTCTAAC
4106	e16_s1_CTCCCTCGTTGGTAGG
4107	e16_s1_CTCCCTCTCAGGTAAA
4108	e16_s1_CTCCCTCTCGACCACG
4109	e16_s1_CTCCCTCTCTGGTTGA
4110	e16_s1_CTCCGATAGGACACTG
4111	e16_s1_CTCCGATAGGCGTCCT
4112	e16_s1_CTCCGATAGGCTCAAG
4113	e16_s1_CTCCGATAGTATAGAC
4114	e16_s1_CTCCGATCACGTACTA
4115	e16_s1_CTCCGATCATCTGGGC
4116	e16_s1_CTCCGATTCATGAGGG
4117	e16_s1_CTCCGATTCGGAATTC
4118	e16_s1_CTCCGATTCGTTGCCT
4119	e16_s1_CTCCGATTCTGCCTCA
4120	e16_s1_CTCCTCCAGACGCAGT
4121	e16_s1_CTCCTCCAGACTACCT
4122	e16_s1_CTCCTCCAGTGTTCAC
4123	e16_s1_CTCCTCCAGTTGTCGT
4124	e16_s1_CTCCTCCCAATACGAA
4125	e16_s1_CTCCTCCCAGCGTAGA
4126	e16_s1_CTCCTCCGTATCCCAA
4127	e16_s1_CTCCTCCGTGTTGATC
4128	e16_s1_CTCCTCCGTTAAACCC
4129	e16_s1_CTCCTCCTCAAGCCGC
4130	e16_s1_CTCCTCCTCCAACCAA
4131	e16_s1_CTCCTCCTCCATCCGT
4132	e16_s1_CTCCTTTAGCACCTGC
4133	e16_s1_CTCCTTTAGTAGATCA
4134	e16_s1_CTCCTTTAGTCGCCAC
4135	e16_s1_CTCCTTTCAATTGCCA
4136	e16_s1_CTCCTTTCATGACTGT
4137	e16_s1_CTCCTTTGTCAAAGAT
4138	e16_s1_CTCCTTTGTGCCTACG
4139	e16_s1_CTCCTTTGTGCGGATA
4140	e16_s1_CTCCTTTGTGGATTTC
4141	e16_s1_CTCCTTTGTTGACTGT
4142	e16_s1_CTCCTTTTCGTTCAGA
4143	e16_s1_CTCGAGGAGCGGATCA
4144	e16_s1_CTCGAGGAGTAAACAC
4145	e16_s1_CTCGAGGAGTGGGAAA
4146	e16_s1_CTCGAGGCACGACGTC
4147	e16_s1_CTCGAGGCACTATGTG
4148	e16_s1_CTCGAGGCAGCGTATT
4149	e16_s1_CTCGAGGCAGGTAGTG
4150	e16_s1_CTCGAGGCAGTTGGTT
4151	e16_s1_CTCGAGGGTACCAGAG
4152	e16_s1_CTCGAGGGTATGCAAA
4153	e16_s1_CTCGAGGGTCAGTCGC
4154	e16_s1_CTCGAGGGTGACAACG
4155	e16_s1_CTCGAGGGTGACCGAA
4156	e16_s1_CTCGAGGTCCACTTCG
4157	e16_s1_CTCGAGGTCTGAGATC
4158	e16_s1_CTCGAGGTCTGTCTCG
4159	e16_s1_CTCTCAGAGATAGGGA
4160	e16_s1_CTCTCAGCATAACGGG
4161	e16_s1_CTCTCAGGTACTAAGA
4162	e16_s1_CTCTCAGGTTCTCAGA
4163	e16_s1_CTCTCAGTCATCGCAA
4164	e16_s1_CTCTCAGTCCCAGGCA
4165	e16_s1_CTCTCAGTCGTGGCTG
4166	e16_s1_CTCTCAGTCTGGACTA
4167	e16_s1_CTCTCAGTCTGGTGGC
4168	e16_s1_CTCTCGAAGACCAACG
4169	e16_s1_CTCTCGACACGACGTC
4170	e16_s1_CTCTCGACACTGAATC
4171	e16_s1_CTCTCGACAGCCTTCT
4172	e16_s1_CTCTCGAGTAATCAGA
4173	e16_s1_CTCTCGAGTAGTCGTT
4174	e16_s1_CTCTCGAGTCGGTGTC
4175	e16_s1_CTCTCGAGTGCAATGG
4176	e16_s1_CTCTCGAGTGGATTTC
4177	e16_s1_CTCTCGATCACTCTTA
4178	e16_s1_CTCTCGATCATAGACC
4179	e16_s1_CTCTCGATCGCCTTTG
4180	e16_s1_CTCTCGATCGGTAACT
4181	e16_s1_CTCTCGATCTCCTGCA
4182	e16_s1_CTCTGGTAGAAGGGAT
4183	e16_s1_CTCTGGTAGAGCTGCA
4184	e16_s1_CTCTGGTAGAGGGTGG
4185	e16_s1_CTCTGGTAGGTCTACT
4186	e16_s1_CTCTGGTCAAGAATGT
4187	e16_s1_CTCTGGTGTGCTGTCG
4188	e16_s1_CTCTGGTTCAGGGATG
4189	e16_s1_CTCTGGTTCGAGAAGC
4190	e16_s1_CTGAATGAGCTCCATA
4191	e16_s1_CTGAATGCAATCGCAT
4192	e16_s1_CTGAATGGTAGGGAGG
4193	e16_s1_CTGAATGGTGTTCATG
4194	e16_s1_CTGAATGTCACCATCC
4195	e16_s1_CTGAATGTCCTTGGAA
4196	e16_s1_CTGAATGTCGGATACT
4197	e16_s1_CTGAATGTCTCTGCCA
4198	e16_s1_CTGAGCGCACCAGTTA
4199	e16_s1_CTGAGCGCAGGCGTTC
4200	e16_s1_CTGAGCGCATCGCTCT
4201	e16_s1_CTGAGCGCATGAATAG
4202	e16_s1_CTGAGCGGTACGAAAT
4203	e16_s1_CTGAGCGGTCTTCGAA
4204	e16_s1_CTGAGCGGTGCCCTTT
4205	e16_s1_CTGAGCGGTTTCTTAC
4206	e16_s1_CTGAGCGTCCGATAGT
4207	e16_s1_CTGAGCGTCTTTACAC
4208	e16_s1_CTGAGGCAGATGCTAA
4209	e16_s1_CTGAGGCGTGAGCTCC
4210	e16_s1_CTGAGGCGTTCTCCAC
4211	e16_s1_CTGAGGCTCCCTTGGT
4212	e16_s1_CTGAGGCTCTAGTCAG
4213	e16_s1_CTGAGGCTCTGGAGAG
4214	e16_s1_CTGATCCAGAAACTAC
4215	e16_s1_CTGATCCAGCAACAAT
4216	e16_s1_CTGATCCAGCACAAAT
4217	e16_s1_CTGATCCAGGAATGTT
4218	e16_s1_CTGATCCAGGATGAGA
4219	e16_s1_CTGATCCAGGCTCAAG
4220	e16_s1_CTGATCCAGTAAAGCT
4221	e16_s1_CTGATCCAGTGTAGAT
4222	e16_s1_CTGATCCAGTTCTCTT
4223	e16_s1_CTGATCCCAGAACGCA
4224	e16_s1_CTGATCCCAGAGGTTG
4225	e16_s1_CTGATCCGTCGAACGA
4226	e16_s1_CTGATCCTCCGATCTC
4227	e16_s1_CTGCAGGAGAACCCGA
4228	e16_s1_CTGCAGGAGACGTCGA
4229	e16_s1_CTGCAGGAGCGAGAAA
4230	e16_s1_CTGCAGGAGCTCGGCT
4231	e16_s1_CTGCAGGAGTCGCCCA
4232	e16_s1_CTGCAGGCAGCCCAGT
4233	e16_s1_CTGCAGGCATCCAACA
4234	e16_s1_CTGCAGGGTAGGCTCC
4235	e16_s1_CTGCAGGGTCTTTCTA
4236	e16_s1_CTGCAGGTCCCAGGCA
4237	e16_s1_CTGCATCAGCAAGCCA
4238	e16_s1_CTGCATCAGGACTATA
4239	e16_s1_CTGCATCAGTTGCTCA
4240	e16_s1_CTGCATCCACGCACCA
4241	e16_s1_CTGCATCGTACGTTCA
4242	e16_s1_CTGCATCGTATCATGC
4243	e16_s1_CTGCATCGTCGTTCAA
4244	e16_s1_CTGCATCTCATTACGG
4245	e16_s1_CTGCCATAGGGTTGCA
4246	e16_s1_CTGCCATCAAATTAGG
4247	e16_s1_CTGCCATCAACTCATG
4248	e16_s1_CTGCCATCACATGACT
4249	e16_s1_CTGCCATCATACTGAC
4250	e16_s1_CTGCCATGTCCAAGAG
4251	e16_s1_CTGCCATGTCGAATGG
4252	e16_s1_CTGCCATGTCGAGTGA
4253	e16_s1_CTGCCATGTGGCAGAT
4254	e16_s1_CTGCCATGTTCAGTAC
4255	e16_s1_CTGCCTAAGCATATGA
4256	e16_s1_CTGCCTAAGGTTATAG
4257	e16_s1_CTGCCTACACGCGCAT
4258	e16_s1_CTGCCTACAGCAGTCC
4259	e16_s1_CTGCCTACAGTCTGGC
4260	e16_s1_CTGCCTAGTCAGGTGA
4261	e16_s1_CTGCCTATCCAACCAA
4262	e16_s1_CTGCCTATCCTCTAGC
4263	e16_s1_CTGCCTATCTTCTTCC
4264	e16_s1_CTGCGAGAGATGGCAC
4265	e16_s1_CTGCGAGAGCCGAATG
4266	e16_s1_CTGCGAGAGTAACCTC
4267	e16_s1_CTGCGAGAGTAGTGCG
4268	e16_s1_CTGCGAGAGTCACGAG
4269	e16_s1_CTGCGAGCAAACACCT
4270	e16_s1_CTGCGAGCAAGAATAC
4271	e16_s1_CTGCGAGGTAGGACCA
4272	e16_s1_CTGCGAGTCTCCATAT
4273	e16_s1_CTGCTCAAGTATTGCC
4274	e16_s1_CTGCTCACACCAATTG
4275	e16_s1_CTGCTCAGTATTGGCT
4276	e16_s1_CTGCTCAGTCCTTTGC
4277	e16_s1_CTGCTCAGTGCAGTGA
4278	e16_s1_CTGCTCATCGAACGGA
4279	e16_s1_CTGCTCATCGAGTGAG
4280	e16_s1_CTGCTCATCTGTGTGA
4281	e16_s1_CTGGACGAGGGAGTGG
4282	e16_s1_CTGGACGCAGACAATA
4283	e16_s1_CTGGACGCAGGATGAC
4284	e16_s1_CTGGACGGTGAGCTCC
4285	e16_s1_CTGGACGTCAATCCAG
4286	e16_s1_CTGGACGTCACCGCTT
4287	e16_s1_CTGGACGTCGCATTGA
4288	e16_s1_CTGGACGTCTTCGGTC
4289	e16_s1_CTGGCAGAGGCCTGAA
4290	e16_s1_CTGGCAGAGGTAAACT
4291	e16_s1_CTGGCAGAGTACGTCT
4292	e16_s1_CTGGCAGCACTTGAAC
4293	e16_s1_CTGGCAGCATTCGATG
4294	e16_s1_CTGGCAGCATTCTCCG
4295	e16_s1_CTGGCAGCATTGCCTC
4296	e16_s1_CTGGCAGTCAGGACAG
4297	e16_s1_CTGGTCTCAAGCCCAC
4298	e16_s1_CTGGTCTCAAGTACCT
4299	e16_s1_CTGGTCTCACCCTCTA
4300	e16_s1_CTGGTCTCACGACGAA
4301	e16_s1_CTGGTCTCAGGATCTT
4302	e16_s1_CTGGTCTCAGGGACTA
4303	e16_s1_CTGGTCTCAGGTAGTG
4304	e16_s1_CTGGTCTGTATGCGTT
4305	e16_s1_CTGGTCTGTCTCCTGT
4306	e16_s1_CTGGTCTGTGTCATGT
4307	e16_s1_CTGGTCTGTTGGGTTT
4308	e16_s1_CTGGTCTGTTGTTGTG
4309	e16_s1_CTGGTCTTCTGTTGGA
4310	e16_s1_CTGTACCAGAGGCCAT
4311	e16_s1_CTGTACCAGGCACGAT
4312	e16_s1_CTGTACCCAATACAGA
4313	e16_s1_CTGTACCCAATAGGGC
4314	e16_s1_CTGTACCCACTCCGGA
4315	e16_s1_CTGTACCCAGAACTTC
4316	e16_s1_CTGTACCGTTATAGCC
4317	e16_s1_CTGTACCGTTTCTATC
4318	e16_s1_CTGTAGAAGAGGTCAC
4319	e16_s1_CTGTAGAAGATGAACT
4320	e16_s1_CTGTAGAAGTATAGGT
4321	e16_s1_CTGTAGACAAGACAAT
4322	e16_s1_CTGTAGACAGTTGTCA
4323	e16_s1_CTGTAGAGTGACCGTC
4324	e16_s1_CTGTAGAGTTACCTTT
4325	e16_s1_CTGTAGAGTTGCATAC
4326	e16_s1_CTGTAGATCCTTATCA
4327	e16_s1_CTGTAGATCGAGAACG
4328	e16_s1_CTGTAGATCTTTGCAT
4329	e16_s1_CTGTATTAGCATTGAA
4330	e16_s1_CTGTATTCAAGTCATC
4331	e16_s1_CTGTATTCAAGTGACG
4332	e16_s1_CTGTATTCAGGTGGAT
4333	e16_s1_CTGTATTGTAGTCCTA
4334	e16_s1_CTGTATTGTGTCCTAA
4335	e16_s1_CTGTATTGTTCGGGTC
4336	e16_s1_CTGTATTTCGAAGGAC
4337	e16_s1_CTGTCGTAGATGGCAC
4338	e16_s1_CTGTCGTAGCTGAAAT
4339	e16_s1_CTGTCGTAGGGTGAGG
4340	e16_s1_CTGTCGTGTGGACTAG
4341	e16_s1_CTGTGAAAGAAATCCA
4342	e16_s1_CTGTGAAAGCGTGCCT
4343	e16_s1_CTGTGAAAGGGCAACT
4344	e16_s1_CTGTGAAGTAACGTTC
4345	e16_s1_CTGTGAAGTGTGACCC
4346	e16_s1_CTGTGAATCAAAGGTA
4347	e16_s1_CTGTGAATCGGAGTGA
4348	e16_s1_CTGTGAATCGTCGGGT
4349	e16_s1_CTGTGGGAGCCAAGGT
4350	e16_s1_CTGTGGGAGTAGGTTA
4351	e16_s1_CTGTGGGCAGAAACCG
4352	e16_s1_CTGTGGGCATAATGCC
4353	e16_s1_CTGTGGGGTATCGTTG
4354	e16_s1_CTGTGGGGTATGCTAC
4355	e16_s1_CTGTGGGGTCTACAAC
4356	e16_s1_CTGTGGGGTTGTTGCA
4357	e16_s1_CTGTGGGTCGACGTCG
4358	e16_s1_CTGTGGGTCGGTGTTA
4359	e16_s1_CTTACCGGTCCTGGTG
4360	e16_s1_CTTACCGTCACGGAGA
4361	e16_s1_CTTACCGTCCCTTGTG
4362	e16_s1_CTTACCGTCGGTGTAT
4363	e16_s1_CTTACCGTCTATCGTT
4364	e16_s1_CTTAGGAAGTTTCGGT
4365	e16_s1_CTTAGGACATCGTGGC
4366	e16_s1_CTTAGGAGTCAAAGTA
4367	e16_s1_CTTAGGATCCGTAATG
4368	e16_s1_CTTCAATAGATCCTAC
4369	e16_s1_CTTCAATCACAGTGTT
4370	e16_s1_CTTCAATCAGCTCATA
4371	e16_s1_CTTCAATGTCTCGGGT
4372	e16_s1_CTTCAATGTGAAGCGT
4373	e16_s1_CTTCAATGTGGGCTCT
4374	e16_s1_CTTCAATGTGTTATCG
4375	e16_s1_CTTCAATTCCCGATCT
4376	e16_s1_CTTCAATTCCGGTAGC
4377	e16_s1_CTTCAATTCTAGTCAG
4378	e16_s1_CTTCAATTCTGGGCCA
4379	e16_s1_CTTCCGAAGCAGGGAG
4380	e16_s1_CTTCCGAAGCCTGAGA
4381	e16_s1_CTTCCGACAAGTGTCT
4382	e16_s1_CTTCCGACACTCGATA
4383	e16_s1_CTTCCGACATAATCCG
4384	e16_s1_CTTCCGAGTCGAATTC
4385	e16_s1_CTTCCGAGTCTCGGAC
4386	e16_s1_CTTCCGAGTGACTGTT
4387	e16_s1_CTTCCGAGTGCGGATA
4388	e16_s1_CTTCCGAGTTCGTTCC
4389	e16_s1_CTTCCGATCAGGAAAT
4390	e16_s1_CTTCCGATCTCCTACG
4391	e16_s1_CTTCCTTAGCAAGTCG
4392	e16_s1_CTTCCTTAGCACCCAC
4393	e16_s1_CTTCCTTAGCAGGCTA
4394	e16_s1_CTTCCTTAGCGCTGAA
4395	e16_s1_CTTCCTTAGGTTCTAC
4396	e16_s1_CTTCCTTAGTGAACAT
4397	e16_s1_CTTCCTTCAGTCGTTA
4398	e16_s1_CTTCCTTGTAGCTAAA
4399	e16_s1_CTTCCTTGTGGCTTGC
4400	e16_s1_CTTCCTTGTTCGGCTG
4401	e16_s1_CTTCCTTGTTGTCCCT
4402	e16_s1_CTTCGGTAGCCAACCC
4403	e16_s1_CTTCGGTAGGTCGACA
4404	e16_s1_CTTCGGTAGTCGAATA
4405	e16_s1_CTTCGGTCAAAGGAGA
4406	e16_s1_CTTCGGTCACTGGACC
4407	e16_s1_CTTCGGTGTAATGATG
4408	e16_s1_CTTCGGTGTCACGCTG
4409	e16_s1_CTTCGGTGTTCGCGTG
4410	e16_s1_CTTCGGTTCGTGGGAA
4411	e16_s1_CTTCGGTTCTTACGGA
4412	e16_s1_CTTCTAAAGACCCGCT
4413	e16_s1_CTTCTAAAGATGCGAC
4414	e16_s1_CTTCTAAAGGTGATAT
4415	e16_s1_CTTCTAACAAAGCACG
4416	e16_s1_CTTCTAACACTTCAGA
4417	e16_s1_CTTCTAACATTGAAAG
4418	e16_s1_CTTCTAAGTAGCGTTT
4419	e16_s1_CTTCTAAGTGCCCAGT
4420	e16_s1_CTTCTAATCGAGCCTG
4421	e16_s1_CTTCTCTAGAAGTGTT
4422	e16_s1_CTTCTCTAGTTAGAAC
4423	e16_s1_CTTCTCTGTCATCACA
4424	e16_s1_CTTCTCTGTCGTTATG
4425	e16_s1_CTTCTCTTCCGTACGG
4426	e16_s1_CTTGAGAAGAGCCTGA
4427	e16_s1_CTTGAGAAGAGTCAAT
4428	e16_s1_CTTGAGAAGGAGTATT
4429	e16_s1_CTTGAGACAAGGTCTT
4430	e16_s1_CTTGAGACATGAAAGT
4431	e16_s1_CTTGAGAGTCCAGGTC
4432	e16_s1_CTTGAGATCCTGGCTT
4433	e16_s1_CTTGAGATCCTTGAAG
4434	e16_s1_CTTGAGATCTCCTACG
4435	e16_s1_CTTGATTAGAAGAACG
4436	e16_s1_CTTGATTAGACGATAT
4437	e16_s1_CTTGATTAGCTAAACA
4438	e16_s1_CTTGATTAGTAAGACT
4439	e16_s1_CTTGATTAGTTCGGTT
4440	e16_s1_CTTGATTCAATTGTGC
4441	e16_s1_CTTGATTCACGTTGGC
4442	e16_s1_CTTGATTCAGAATCGG
4443	e16_s1_CTTGATTCATGAGTAA
4444	e16_s1_CTTGATTTCCACTGAA
4445	e16_s1_CTTGATTTCCTCCACA
4446	e16_s1_CTTGATTTCGCTGTTC
4447	e16_s1_CTTTCAAAGGCATCAG
4448	e16_s1_CTTTCAAAGGTAATCA
4449	e16_s1_CTTTCAAAGTGGTTCT
4450	e16_s1_CTTTCAACAAACCACT
4451	e16_s1_CTTTCAACAGAATTCC
4452	e16_s1_CTTTCAACAGCTATAC
4453	e16_s1_CTTTCAACATTACGGT
4454	e16_s1_CTTTCAACATTAGGAA
4455	e16_s1_CTTTCAAGTCCATACA
4456	e16_s1_CTTTCAAGTTCTCCTG
4457	e16_s1_CTTTCAATCACATTGG
4458	e16_s1_CTTTCAATCACGATAC
4459	e16_s1_CTTTCAATCAGCGTCG
4460	e16_s1_CTTTCGGAGGCTGGAT
4461	e16_s1_CTTTCGGAGTGCCCGT
4462	e16_s1_CTTTCGGCAGGTGTGA
4463	e16_s1_CTTTCGGCAGGTTCCG
4464	e16_s1_CTTTCGGGTAAGCTCT
4465	e16_s1_CTTTCGGGTCTTCAAG
4466	e16_s1_CTTTCGGGTGAGCAGT
4467	e16_s1_CTTTCGGTCACTGTTT
4468	e16_s1_CTTTCGGTCGCTTTAT
4469	e16_s1_GAAACCTAGGACTTCT
4470	e16_s1_GAAACCTCAAAGGGTC
4471	e16_s1_GAAACCTCACAGCTTA
4472	e16_s1_GAAACCTCACATACGT
4473	e16_s1_GAAACCTCACTGGACC
4474	e16_s1_GAAACCTCACTTGGGC
4475	e16_s1_GAAACCTGTCTTTATC
4476	e16_s1_GAAACCTGTGCCCAGT
4477	e16_s1_GAAACCTGTGGAGGTT
4478	e16_s1_GAAACCTGTTGCGTAT
4479	e16_s1_GAAACCTTCACTGAAC
4480	e16_s1_GAAACCTTCCATTCGC
4481	e16_s1_GAAATGAAGACTCCGC
4482	e16_s1_GAAATGAAGAGTCACG
4483	e16_s1_GAAATGAAGGTCCTGC
4484	e16_s1_GAAATGAAGTGTTCCA
4485	e16_s1_GAAATGACACAGTACT
4486	e16_s1_GAAATGACACATGTTG
4487	e16_s1_GAAATGACACCACATA
4488	e16_s1_GAAATGAGTATCGAAA
4489	e16_s1_GAAATGAGTGATGAAT
4490	e16_s1_GAAATGAGTGTCCGTG
4491	e16_s1_GAAATGATCAGTGTTG
4492	e16_s1_GAAATGATCCATACAG
4493	e16_s1_GAAATGATCTAACGCA
4494	e16_s1_GAACACTAGGCAATGC
4495	e16_s1_GAACACTAGGCGCTCT
4496	e16_s1_GAACACTAGGTAGATT
4497	e16_s1_GAACACTCACTCCACT
4498	e16_s1_GAACACTCACTGAGTT
4499	e16_s1_GAACACTGTATACCTG
4500	e16_s1_GAACACTGTCCGAAGA
4501	e16_s1_GAACACTGTGACAGCA
4502	e16_s1_GAACGTTAGATCGCTT
4503	e16_s1_GAACGTTAGATCGGTG
4504	e16_s1_GAACGTTAGTGCAACG
4505	e16_s1_GAACGTTAGTGTTGAA
4506	e16_s1_GAACGTTCAATCAAGA
4507	e16_s1_GAACGTTGTCCAGAAG
4508	e16_s1_GAACGTTGTCCAGCAC
4509	e16_s1_GAACGTTGTCTGTTAG
4510	e16_s1_GAACGTTTCGTGGAAG
4511	e16_s1_GAACGTTTCGTTCCCA
4512	e16_s1_GAACTGTCAACGCCCA
4513	e16_s1_GAACTGTCAGATACTC
4514	e16_s1_GAACTGTCATGTTCAG
4515	e16_s1_GAACTGTGTTTCCATT
4516	e16_s1_GAACTGTTCATCGCAA
4517	e16_s1_GAACTGTTCATTGCCC
4518	e16_s1_GAAGAATAGAGAATCT
4519	e16_s1_GAAGAATAGGGAGAAT
4520	e16_s1_GAAGAATCAGAACCGA
4521	e16_s1_GAAGAATCAGACCATT
4522	e16_s1_GAAGAATGTTCGGCGT
4523	e16_s1_GAAGAATGTTGAGAGC
4524	e16_s1_GAAGAATTCATGAAAG
4525	e16_s1_GAAGCCCAGGCACTAG
4526	e16_s1_GAAGCCCAGTGGCAGT
4527	e16_s1_GAAGCCCCACAGCCTG
4528	e16_s1_GAAGCCCCAGGCGATA
4529	e16_s1_GAAGCCCCATCAGCAT
4530	e16_s1_GAAGCCCCATGATCTG
4531	e16_s1_GAAGCCCGTGCGGATA
4532	e16_s1_GAAGCCCGTGGTTCTA
4533	e16_s1_GAAGCCCGTTGTCTAG
4534	e16_s1_GAAGCCCTCAGAGTTC
4535	e16_s1_GAAGCCCTCCCTGGTT
4536	e16_s1_GAAGCCCTCGTAATGC
4537	e16_s1_GAAGCCCTCGTGCATA
4538	e16_s1_GAAGCCCTCTTGGTGA
4539	e16_s1_GAAGCGAAGACGAAGA
4540	e16_s1_GAAGCGAAGGATTTCC
4541	e16_s1_GAAGCGACATGGGATG
4542	e16_s1_GAAGCGAGTATGATCC
4543	e16_s1_GAAGCGAGTATGGTAA
4544	e16_s1_GAAGCGAGTTACGTAC
4545	e16_s1_GAAGCGATCACTTCTA
4546	e16_s1_GAAGCGATCCGTAGGC
4547	e16_s1_GAAGCGATCTGCGTCT
4548	e16_s1_GAAGGACCAATCACGT
4549	e16_s1_GAAGGACCACGACCTG
4550	e16_s1_GAAGGACCACGCGCTA
4551	e16_s1_GAAGGACGTTCCTAAG
4552	e16_s1_GAAGGACTCACCTCTG
4553	e16_s1_GAAGGGTAGGTGCATG
4554	e16_s1_GAAGGGTCAGACAAAT
4555	e16_s1_GAAGGGTCATCGTGGC
4556	e16_s1_GAAGGGTGTAGCCAGA
4557	e16_s1_GAAGGGTGTGAGAACC
4558	e16_s1_GAAGGGTGTTGTATGC
4559	e16_s1_GAAGGGTGTTGTCAGT
4560	e16_s1_GAAGGGTTCAGCTGTA
4561	e16_s1_GAAGGGTTCATTCGTT
4562	e16_s1_GAAGGGTTCCATAGGT
4563	e16_s1_GAAGGGTTCCTCAGAA
4564	e16_s1_GAAGGGTTCCTGGGTG
4565	e16_s1_GAAGGGTTCTCTCGAC
4566	e16_s1_GAAGTAACAAATACGA
4567	e16_s1_GAAGTAACACAAGTGG
4568	e16_s1_GAAGTAACACGTCGTG
4569	e16_s1_GAAGTAATCCCAGTGG
4570	e16_s1_GAAGTAATCTCTGGTC
4571	e16_s1_GAAGTAATCTGAGGCC
4572	e16_s1_GAAGTAATCTGGTGCG
4573	e16_s1_GAATAGAAGAGGCTGT
4574	e16_s1_GAATAGACAAAGACGC
4575	e16_s1_GAATAGACAATGCTCA
4576	e16_s1_GAATAGACAATGTCAC
4577	e16_s1_GAATAGAGTTCTCCTG
4578	e16_s1_GAATAGATCCGTCACT
4579	e16_s1_GAATAGATCTCGCTCA
4580	e16_s1_GAATCACAGCATGTTC
4581	e16_s1_GAATCACAGTAGTGCG
4582	e16_s1_GAATCACCAAACTAGA
4583	e16_s1_GAATCACCAAGCACAG
4584	e16_s1_GAATCACCAGATCACT
4585	e16_s1_GAATCACGTAGTGCGA
4586	e16_s1_GAATCACGTGATACTC
4587	e16_s1_GAATCACGTGCTCCGA
4588	e16_s1_GAATCACGTGTGTGGA
4589	e16_s1_GAATCACGTGTTTACG
4590	e16_s1_GAATCACGTTATAGCC
4591	e16_s1_GAATCACTCCAGGACC
4592	e16_s1_GAATCACTCGGCATTA
4593	e16_s1_GAATCACTCTTAGCCC
4594	e16_s1_GAATCGTAGGGCCCTT
4595	e16_s1_GAATCGTAGTGCAGGT
4596	e16_s1_GAATCGTAGTTTAGGA
4597	e16_s1_GAATCGTCAACGCCCA
4598	e16_s1_GAATCGTCACCTGTCT
4599	e16_s1_GAATCGTGTGATACTC
4600	e16_s1_GAATCGTTCCAGGACC
4601	e16_s1_GAATCGTTCCGCAGTG
4602	e16_s1_GACACGCAGATTTGCC
4603	e16_s1_GACACGCAGGGTCTTT
4604	e16_s1_GACACGCAGTTCACTG
4605	e16_s1_GACACGCCAACCTATG
4606	e16_s1_GACACGCCATCTCGTC
4607	e16_s1_GACACGCGTACAAACA
4608	e16_s1_GACACGCGTACGAGCA
4609	e16_s1_GACACGCGTGCCAAGA
4610	e16_s1_GACACGCGTGCCTAAT
4611	e16_s1_GACACGCGTTGTAAAG
4612	e16_s1_GACACGCTCAAGTGGG
4613	e16_s1_GACAGCCAGAAGCTGC
4614	e16_s1_GACAGCCAGCTCTTCC
4615	e16_s1_GACAGCCAGGTGCAGT
4616	e16_s1_GACAGCCAGTTCTACG
4617	e16_s1_GACAGCCCACTCCTGT
4618	e16_s1_GACAGCCCAGAATGTA
4619	e16_s1_GACAGCCCATAGAAAC
4620	e16_s1_GACAGCCCATTGACAC
4621	e16_s1_GACAGCCTCAGACCGC
4622	e16_s1_GACAGCCTCTGATGGT
4623	e16_s1_GACATCAAGCACCAGA
4624	e16_s1_GACATCAAGCCAGTAG
4625	e16_s1_GACATCAAGGGCTTCC
4626	e16_s1_GACATCAAGGTTAAAC
4627	e16_s1_GACATCACAACAGCTT
4628	e16_s1_GACATCACAAGCAGGT
4629	e16_s1_GACATCACACGGGCTT
4630	e16_s1_GACATCACATGTTACG
4631	e16_s1_GACATCATCCCTCGTA
4632	e16_s1_GACCAATAGAGTCCGA
4633	e16_s1_GACCAATAGCAAGTCG
4634	e16_s1_GACCAATAGCCGATTT
4635	e16_s1_GACCAATAGGCCTTGC
4636	e16_s1_GACCAATCAATAGTCC
4637	e16_s1_GACCAATCACAGGATG
4638	e16_s1_GACCAATCAGCACACC
4639	e16_s1_GACCAATGTATGTGTC
4640	e16_s1_GACCAATGTGCTTATG
4641	e16_s1_GACCAATGTTCCGCAG
4642	e16_s1_GACCAATTCCCATTCG
4643	e16_s1_GACCAATTCCGACGGT
4644	e16_s1_GACCCAGGTTCGAAGG
4645	e16_s1_GACCCAGTCCGTCACT
4646	e16_s1_GACCCAGTCTCGCAGG
4647	e16_s1_GACCCTTAGACGGTTG
4648	e16_s1_GACCCTTAGAGTTGAT
4649	e16_s1_GACCCTTAGCCGCTTG
4650	e16_s1_GACCCTTCAATGTCTG
4651	e16_s1_GACCCTTCACTCGATA
4652	e16_s1_GACCCTTCAGGGCTTC
4653	e16_s1_GACCCTTGTAACGATA
4654	e16_s1_GACCCTTGTCCATCTC
4655	e16_s1_GACCCTTGTTGCGGAA
4656	e16_s1_GACCCTTTCAAGATAG
4657	e16_s1_GACCCTTTCATCTCTA
4658	e16_s1_GACCCTTTCTCCCAAC
4659	e16_s1_GACCGTGAGGGATCGT
4660	e16_s1_GACCGTGAGTCTCCTC
4661	e16_s1_GACCGTGCAGGATCTT
4662	e16_s1_GACCGTGGTCTCGCGA
4663	e16_s1_GACCGTGGTGGTCTAT
4664	e16_s1_GACCGTGGTTAAGCAA
4665	e16_s1_GACCGTGTCATCACAG
4666	e16_s1_GACCGTGTCGGACTGC
4667	e16_s1_GACCTTCAGCTTTCTT
4668	e16_s1_GACCTTCAGGTCTGGA
4669	e16_s1_GACCTTCAGTACCGGA
4670	e16_s1_GACCTTCCACCAGTTA
4671	e16_s1_GACCTTCCACGCTATA
4672	e16_s1_GACCTTCCATCAGCGC
4673	e16_s1_GACCTTCGTCAGACTT
4674	e16_s1_GACCTTCTCTACCACC
4675	e16_s1_GACGCTGAGATTAGAC
4676	e16_s1_GACGCTGAGGGTATAT
4677	e16_s1_GACGCTGAGTTTCAGC
4678	e16_s1_GACGCTGCAACCGTAT
4679	e16_s1_GACGCTGCAAGCAGGT
4680	e16_s1_GACGCTGCACTAGTAC
4681	e16_s1_GACGCTGCAGTTGGTT
4682	e16_s1_GACGCTGGTCAACCAT
4683	e16_s1_GACGCTGTCAAGAGGC
4684	e16_s1_GACGCTGTCGTGCACG
4685	e16_s1_GACGTTAAGAACGCGT
4686	e16_s1_GACGTTAAGACAACTA
4687	e16_s1_GACGTTACAACCGTAT
4688	e16_s1_GACGTTACAAGCTGCC
4689	e16_s1_GACGTTACACTCCGGA
4690	e16_s1_GACGTTAGTTATGGTC
4691	e16_s1_GACGTTAGTTCCACAA
4692	e16_s1_GACGTTAGTTTACTGG
4693	e16_s1_GACGTTATCATGAGTC
4694	e16_s1_GACGTTATCCATTTAC
4695	e16_s1_GACGTTATCGAGAATA
4696	e16_s1_GACTATGAGAGAGAAC
4697	e16_s1_GACTATGAGCAGTACG
4698	e16_s1_GACTATGAGGCTCTCG
4699	e16_s1_GACTATGCAACAAGAT
4700	e16_s1_GACTATGCAATTGCAC
4701	e16_s1_GACTATGCATACTGAC
4702	e16_s1_GACTATGGTTCTTGTT
4703	e16_s1_GACTATGTCACTACGA
4704	e16_s1_GACTATGTCAGTCATG
4705	e16_s1_GACTATGTCCCGAGAC
4706	e16_s1_GACTATGTCGATGGAG
4707	e16_s1_GACTCAACAGCTTTCC
4708	e16_s1_GACTCAACATACAGGG
4709	e16_s1_GACTCAAGTACGTAGG
4710	e16_s1_GACTCAAGTCCAAGAG
4711	e16_s1_GACTCAAGTCTTGCGG
4712	e16_s1_GACTCAAGTGCCTTCT
4713	e16_s1_GACTCAAGTGGCTACC
4714	e16_s1_GACTCAAGTTCCTAGA
4715	e16_s1_GACTCAATCAACTCTT
4716	e16_s1_GACTCAATCAATGTCG
4717	e16_s1_GACTCAATCATCGTAG
4718	e16_s1_GACTCAATCCGTACGG
4719	e16_s1_GACTCAATCCTTATGT
4720	e16_s1_GACTCTCAGACATAGT
4721	e16_s1_GACTCTCAGACTCTAC
4722	e16_s1_GACTCTCAGCACTCGC
4723	e16_s1_GACTCTCAGGGTGAGG
4724	e16_s1_GACTCTCCACGCTGAC
4725	e16_s1_GACTCTCCATTAAAGG
4726	e16_s1_GACTCTCGTTCCGCAG
4727	e16_s1_GACTCTCTCAACTACG
4728	e16_s1_GACTCTCTCCGTTGAA
4729	e16_s1_GACTCTCTCTCGGTCT
4730	e16_s1_GACTGATCATTCAGGT
4731	e16_s1_GACTGATGTAAGTCAA
4732	e16_s1_GACTGATGTTTCCAAG
4733	e16_s1_GACTGATTCACACGAT
4734	e16_s1_GACTGATTCTATCCAT
4735	e16_s1_GACTTCCAGAACCCGA
4736	e16_s1_GACTTCCAGGACCCAA
4737	e16_s1_GACTTCCAGGGCAACT
4738	e16_s1_GACTTCCAGGTGCAGT
4739	e16_s1_GACTTCCAGTGTTCAC
4740	e16_s1_GACTTCCCAAGTGTCT
4741	e16_s1_GACTTCCCAGGCTTGC
4742	e16_s1_GACTTCCCAGTCAGAG
4743	e16_s1_GACTTCCGTACATTGC
4744	e16_s1_GACTTCCGTACTAACC
4745	e16_s1_GACTTCCGTTGCTAGT
4746	e16_s1_GACTTCCTCAGACCCG
4747	e16_s1_GACTTCCTCGTCGACG
4748	e16_s1_GACTTCCTCTCCCAAC
4749	e16_s1_GAGAAATAGACTCTTG
4750	e16_s1_GAGAAATAGATGCTGG
4751	e16_s1_GAGAAATAGCCATTCA
4752	e16_s1_GAGAAATAGCTGAAAT
4753	e16_s1_GAGAAATCAGAAGTGC
4754	e16_s1_GAGAAATCAGGCACTC
4755	e16_s1_GAGAAATCATATAGCC
4756	e16_s1_GAGAAATGTAGCGTTT
4757	e16_s1_GAGAAATGTGACTAAA
4758	e16_s1_GAGAAATTCAAGCCTA
4759	e16_s1_GAGAAATTCACTCTTA
4760	e16_s1_GAGAAATTCCGCGGAT
4761	e16_s1_GAGAAATTCGGCATAT
4762	e16_s1_GAGACCCAGATACGAT
4763	e16_s1_GAGACCCAGCTGGCTC
4764	e16_s1_GAGACCCAGTCATACC
4765	e16_s1_GAGACCCCAGAAGCGT
4766	e16_s1_GAGACCCCAGCGGATA
4767	e16_s1_GAGACCCGTGCTCCGA
4768	e16_s1_GAGACCCTCCATTCAT
4769	e16_s1_GAGACCCTCGATACAC
4770	e16_s1_GAGACCCTCGATTCCC
4771	e16_s1_GAGACCCTCTCCCATG
4772	e16_s1_GAGACTTAGAAGGGAT
4773	e16_s1_GAGACTTAGGCTCCCA
4774	e16_s1_GAGACTTCATTGTGCA
4775	e16_s1_GAGACTTGTGTTAGCT
4776	e16_s1_GAGACTTGTGTTGATC
4777	e16_s1_GAGACTTTCGGCAGTC
4778	e16_s1_GAGACTTTCTCACCCA
4779	e16_s1_GAGAGGTAGCACGGAT
4780	e16_s1_GAGAGGTAGCAGGTCA
4781	e16_s1_GAGAGGTAGGCACTAG
4782	e16_s1_GAGAGGTAGGTGCCAA
4783	e16_s1_GAGAGGTCAACACAAA
4784	e16_s1_GAGAGGTCAGCGTATT
4785	e16_s1_GAGAGGTGTCACTCGG
4786	e16_s1_GAGAGGTTCTACGGGC
4787	e16_s1_GAGATGGAGAATTCAG
4788	e16_s1_GAGATGGAGGTCCCTG
4789	e16_s1_GAGATGGCACTACCGG
4790	e16_s1_GAGATGGCAGTAGGAC
4791	e16_s1_GAGATGGCATAAGCGG
4792	e16_s1_GAGATGGTCAACTACG
4793	e16_s1_GAGATGGTCACTGCTC
4794	e16_s1_GAGATGGTCCCAATAG
4795	e16_s1_GAGCCTGAGAGCAAGA
4796	e16_s1_GAGCCTGAGTGCAAAT
4797	e16_s1_GAGCCTGCACAACGTT
4798	e16_s1_GAGCCTGCACAATGAA
4799	e16_s1_GAGCCTGCACCCTAGG
4800	e16_s1_GAGCCTGCAGGCCTGT
4801	e16_s1_GAGCCTGCAGTTAAAG
4802	e16_s1_GAGCCTGCATCGAACT
4803	e16_s1_GAGCCTGCATGTGACT
4804	e16_s1_GAGCCTGGTCACCGAC
4805	e16_s1_GAGCCTGGTCGCCTAG
4806	e16_s1_GAGCCTGGTTGGTACT
4807	e16_s1_GAGCCTGGTTGTGTAC
4808	e16_s1_GAGCCTGTCAAGTGGG
4809	e16_s1_GAGCCTGTCTCCTGTG
4810	e16_s1_GAGCCTGTCTTCGATT
4811	e16_s1_GAGCTGCAGCACGATG
4812	e16_s1_GAGCTGCCACAGTCAT
4813	e16_s1_GAGCTGCGTACGGTTT
4814	e16_s1_GAGCTGCTCCGGCAAC
4815	e16_s1_GAGCTGCTCGATGGAG
4816	e16_s1_GAGCTGCTCGCTGACG
4817	e16_s1_GAGCTGCTCGGCATCG
4818	e16_s1_GAGCTGCTCGTTCGCT
4819	e16_s1_GAGGCAAAGCCGGATA
4820	e16_s1_GAGGCAAAGGCATCAG
4821	e16_s1_GAGGCAAAGGCTTCCG
4822	e16_s1_GAGGCAAAGGGATCAC
4823	e16_s1_GAGGCAACACTTGAGT
4824	e16_s1_GAGGCAACATCCCACT
4825	e16_s1_GAGGCAAGTCACTTAG
4826	e16_s1_GAGGCAAGTGGCCACT
4827	e16_s1_GAGGCAATCAATCGGT
4828	e16_s1_GAGGCAATCCAATGCA
4829	e16_s1_GAGGCAATCTCCTACG
4830	e16_s1_GAGGCCTAGAAACCCG
4831	e16_s1_GAGGCCTAGACCAAGC
4832	e16_s1_GAGGCCTAGTGGACTG
4833	e16_s1_GAGGCCTCACTCAAGT
4834	e16_s1_GAGGCCTCATCAGCAT
4835	e16_s1_GAGGCCTTCACGGGCT
4836	e16_s1_GAGGCCTTCACTTTGT
4837	e16_s1_GAGGCCTTCCCATAGA
4838	e16_s1_GAGGGATAGGTTAAAC
4839	e16_s1_GAGGGATAGTGGTTGG
4840	e16_s1_GAGGGATCACAGTCGC
4841	e16_s1_GAGGGATCAGCCCACA
4842	e16_s1_GAGGGATGTCCATACA
4843	e16_s1_GAGGGATGTCCCACGA
4844	e16_s1_GAGGGATGTCGGAACA
4845	e16_s1_GAGGGATGTGCACATT
4846	e16_s1_GAGGGATGTGCTTCAA
4847	e16_s1_GAGGGATTCGGAAACG
4848	e16_s1_GAGGGATTCTCTATAC
4849	e16_s1_GAGGGTAAGCGCTGCT
4850	e16_s1_GAGGGTACACTAGGCC
4851	e16_s1_GAGGGTACATGACAAA
4852	e16_s1_GAGGGTACATGGAACG
4853	e16_s1_GAGGGTAGTAGGCTGA
4854	e16_s1_GAGGGTAGTGGAGGTT
4855	e16_s1_GAGGGTAGTTGGGTTT
4856	e16_s1_GAGGGTATCACTGGGC
4857	e16_s1_GAGGGTATCATCACCC
4858	e16_s1_GAGGGTATCATGACAC
4859	e16_s1_GAGGGTATCTGGACCG
4860	e16_s1_GAGGGTATCTTGAACG
4861	e16_s1_GAGTCATAGAGAGCGG
4862	e16_s1_GAGTCATAGTCGGGAT
4863	e16_s1_GAGTCATAGTTAGAAC
4864	e16_s1_GAGTCATCACATATGC
4865	e16_s1_GAGTCATCAGGTTCAT
4866	e16_s1_GAGTCATGTATTGCCA
4867	e16_s1_GAGTCATGTCGTGGAA
4868	e16_s1_GAGTCATGTGCTGTCG
4869	e16_s1_GAGTCATGTGTTACTG
4870	e16_s1_GAGTCATTCATTCTTG
4871	e16_s1_GAGTCATTCATTGCCC
4872	e16_s1_GAGTCATTCGACTCCT
4873	e16_s1_GAGTCATTCTGCCTCA
4874	e16_s1_GAGTCATTCTTTCCGG
4875	e16_s1_GAGTCTAAGAATTTGG
4876	e16_s1_GAGTCTAAGACTCATC
4877	e16_s1_GAGTCTAAGCCTGTGC
4878	e16_s1_GAGTCTAAGCGAGAAA
4879	e16_s1_GAGTCTACAACGGCTC
4880	e16_s1_GAGTCTACAAGCACCC
4881	e16_s1_GAGTCTACACCTGCTT
4882	e16_s1_GAGTCTACAGAGTAAT
4883	e16_s1_GAGTCTAGTGTGTTTG
4884	e16_s1_GAGTCTATCAGGCGAA
4885	e16_s1_GAGTCTATCGCTGCGA
4886	e16_s1_GAGTCTATCGTCTAAG
4887	e16_s1_GAGTCTATCTGCATGA
4888	e16_s1_GAGTGAGAGACTTCCA
4889	e16_s1_GAGTGAGAGGGAACAA
4890	e16_s1_GAGTGAGCAAAGTGTA
4891	e16_s1_GAGTGAGCAAGTCATC
4892	e16_s1_GAGTGAGCAGCATACT
4893	e16_s1_GAGTGAGCAGTTCCAA
4894	e16_s1_GAGTGAGGTCACGACC
4895	e16_s1_GAGTGAGTCAACACGT
4896	e16_s1_GAGTGAGTCATACAGC
4897	e16_s1_GAGTGAGTCGACATAC
4898	e16_s1_GAGTGAGTCTTCTGGC
4899	e16_s1_GAGTGTTAGCTAGATA
4900	e16_s1_GAGTGTTAGGACGCAT
4901	e16_s1_GAGTGTTAGGATTCCT
4902	e16_s1_GAGTGTTAGTCGGGAT
4903	e16_s1_GAGTGTTCAACTCCCT
4904	e16_s1_GAGTGTTCACTGAGGA
4905	e16_s1_GAGTGTTCAGACAATA
4906	e16_s1_GAGTGTTCATCCCGTT
4907	e16_s1_GAGTGTTCATGCTGCG
4908	e16_s1_GAGTGTTGTGGTCTAT
4909	e16_s1_GAGTGTTGTGTCATGT
4910	e16_s1_GAGTGTTTCCGCAGTG
4911	e16_s1_GAGTGTTTCGTGGACC
4912	e16_s1_GAGTTACAGAGAGTGA
4913	e16_s1_GAGTTACAGGGATCGT
4914	e16_s1_GAGTTACCACAGTCCG
4915	e16_s1_GAGTTACCAGATACTC
4916	e16_s1_GAGTTACCAGGGATAC
4917	e16_s1_GAGTTACCATCATTTC
4918	e16_s1_GAGTTACCATCGCCTT
4919	e16_s1_GAGTTACCATCGTGCG
4920	e16_s1_GAGTTACGTTCTCTAT
4921	e16_s1_GAGTTACTCACTGAAC
4922	e16_s1_GAGTTACTCCGTTGGG
4923	e16_s1_GAGTTACTCGAACCAT
4924	e16_s1_GAGTTACTCGTCGGGT
4925	e16_s1_GAGTTACTCTGCATAG
4926	e16_s1_GAGTTACTCTTAAGGC
4927	e16_s1_GAGTTGTAGCACACAG
4928	e16_s1_GAGTTGTAGCAGCAGT
4929	e16_s1_GAGTTGTAGCATAGGC
4930	e16_s1_GAGTTGTCACATGACT
4931	e16_s1_GAGTTGTGTATAGCTC
4932	e16_s1_GAGTTGTGTCTTGAAC
4933	e16_s1_GAGTTGTTCACTGAAC
4934	e16_s1_GAGTTGTTCAGGGTAG
4935	e16_s1_GAGTTGTTCCGTATGA
4936	e16_s1_GAGTTGTTCGGCGATC
4937	e16_s1_GAGTTGTTCTCCCTAG
4938	e16_s1_GAGTTTGAGTACAGAT
4939	e16_s1_GAGTTTGAGTCCCGAC
4940	e16_s1_GAGTTTGAGTGCTAGG
4941	e16_s1_GAGTTTGCAAGTTTGC
4942	e16_s1_GAGTTTGCACATTACG
4943	e16_s1_GAGTTTGGTATAATGG
4944	e16_s1_GAGTTTGGTCACCGCA
4945	e16_s1_GAGTTTGGTCCTCATC
4946	e16_s1_GAGTTTGGTCGGTGAA
4947	e16_s1_GAGTTTGGTGATGAAT
4948	e16_s1_GAGTTTGGTTGTACGT
4949	e16_s1_GATAGAAAGGTACAGC
4950	e16_s1_GATAGAAAGTAGTGCG
4951	e16_s1_GATAGAACACGGCTAC
4952	e16_s1_GATAGAACACTCTCGT
4953	e16_s1_GATAGAACAGAAGCGT
4954	e16_s1_GATAGAACAGCATACT
4955	e16_s1_GATAGAACATTGAAGA
4956	e16_s1_GATAGAAGTATTCTCT
4957	e16_s1_GATAGAAGTTACCCAA
4958	e16_s1_GATAGAAGTTCAGTAC
4959	e16_s1_GATAGAAGTTGAGAGC
4960	e16_s1_GATAGAAGTTTCCATT
4961	e16_s1_GATAGAATCACACGAT
4962	e16_s1_GATAGAATCAGAACCT
4963	e16_s1_GATAGAATCCCTTCCC
4964	e16_s1_GATAGCTAGGTCACCC
4965	e16_s1_GATAGCTCAAGTCCCG
4966	e16_s1_GATAGCTCACACCAGC
4967	e16_s1_GATAGCTGTAATGATG
4968	e16_s1_GATAGCTTCCCGTTGT
4969	e16_s1_GATAGCTTCCCTTGGT
4970	e16_s1_GATAGCTTCTACAGGT
4971	e16_s1_GATCACAAGAAGAGCA
4972	e16_s1_GATCACAAGACCATGG
4973	e16_s1_GATCACAAGAGTTGCG
4974	e16_s1_GATCACAAGATAGTGT
4975	e16_s1_GATCACAAGCAGCCCT
4976	e16_s1_GATCACAAGCCGATTT
4977	e16_s1_GATCACAAGGCAATGC
4978	e16_s1_GATCACAGTACCGTCG
4979	e16_s1_GATCACAGTACCTAAC
4980	e16_s1_GATCACAGTCGTGGAA
4981	e16_s1_GATCACAGTGTTACTG
4982	e16_s1_GATCACAGTTACCCTC
4983	e16_s1_GATCACATCGAATCCA
4984	e16_s1_GATCACATCGCTGATA
4985	e16_s1_GATCAGTAGGGAGGCA
4986	e16_s1_GATCAGTCATCGGATT
4987	e16_s1_GATCAGTGTGGAATGC
4988	e16_s1_GATCAGTTCAGAGCGA
4989	e16_s1_GATCAGTTCGCAATGT
4990	e16_s1_GATCATGAGATGCTAA
4991	e16_s1_GATCATGCAACGCCCA
4992	e16_s1_GATCATGCATTCCTCG
4993	e16_s1_GATCATGGTCGAGTGA
4994	e16_s1_GATCATGTCAATGTCG
4995	e16_s1_GATCATGTCCTATGGA
4996	e16_s1_GATCATGTCGGACGTC
4997	e16_s1_GATCCCTAGAAATTGC
4998	e16_s1_GATCCCTAGGTCACTT
4999	e16_s1_GATCCCTCAATGAAAC
5000	e16_s1_GATCCCTCAATTGCGT
5001	e16_s1_GATCCCTCAGTCGCTG
5002	e16_s1_GATCCCTCATCCTAAG
5003	e16_s1_GATCCCTCATTCGGGC
5004	e16_s1_GATCCCTGTCTTGAGT
5005	e16_s1_GATCCCTGTGAACCGA
5006	e16_s1_GATCCCTTCAAAGAAC
5007	e16_s1_GATCCCTTCATTCACT
5008	e16_s1_GATCCCTTCGTGGTAT
5009	e16_s1_GATCGTAAGCCTATCA
5010	e16_s1_GATCGTAAGGGAGGCA
5011	e16_s1_GATCGTAAGTCATGCT
5012	e16_s1_GATCGTACAAACTGCT
5013	e16_s1_GATCGTACAGTGTACT
5014	e16_s1_GATCGTACATCTGCGG
5015	e16_s1_GATCGTAGTAATCAAG
5016	e16_s1_GATCGTAGTCCCGGTA
5017	e16_s1_GATCGTAGTCTACGTA
5018	e16_s1_GATCGTAGTCTTGAGT
5019	e16_s1_GATCGTAGTGGCTTGC
5020	e16_s1_GATCGTATCAAACGAA
5021	e16_s1_GATCGTATCACGTCCT
5022	e16_s1_GATCGTATCAGCACCG
5023	e16_s1_GATCGTATCTGCTGAA
5024	e16_s1_GATCGTATCTGGTCAA
5025	e16_s1_GATGACTAGCTAAATG
5026	e16_s1_GATGACTAGGACTTCT
5027	e16_s1_GATGACTCAGTTAAAG
5028	e16_s1_GATGACTGTACGACAG
5029	e16_s1_GATGACTGTCAGACGA
5030	e16_s1_GATGACTGTGCGGATA
5031	e16_s1_GATGACTGTGGACTAG
5032	e16_s1_GATGACTGTGTATACC
5033	e16_s1_GATGACTTCACAGAGG
5034	e16_s1_GATGACTTCACCCATC
5035	e16_s1_GATGACTTCCCATACC
5036	e16_s1_GATGACTTCCTTTAGT
5037	e16_s1_GATGACTTCGCCGTGA
5038	e16_s1_GATGACTTCTTCGGTC
5039	e16_s1_GATGAGGAGATCACTC
5040	e16_s1_GATGAGGAGGCATCTT
5041	e16_s1_GATGAGGAGGTGTGAC
5042	e16_s1_GATGAGGCACCCTCTA
5043	e16_s1_GATGAGGCAGCACAGA
5044	e16_s1_GATGAGGCATCTATCT
5045	e16_s1_GATGATCAGTGCAACG
5046	e16_s1_GATGATCAGTTCCGGC
5047	e16_s1_GATGATCCAAATGCTC
5048	e16_s1_GATGATCGTACTCCGG
5049	e16_s1_GATGATCGTCGCATGC
5050	e16_s1_GATGATCGTGCTAGCC
5051	e16_s1_GATGATCGTGGTCCGT
5052	e16_s1_GATGATCTCCATTGTT
5053	e16_s1_GATGCTAAGATAGGGA
5054	e16_s1_GATGCTAAGCCACAAG
5055	e16_s1_GATGCTAAGCCTCATA
5056	e16_s1_GATGCTAAGGGTCAAC
5057	e16_s1_GATGCTAAGGTCGACA
5058	e16_s1_GATGCTAAGTAAACGT
5059	e16_s1_GATGCTACAACAAGTA
5060	e16_s1_GATGCTAGTATGCGGA
5061	e16_s1_GATGCTAGTCGGAACA
5062	e16_s1_GATGCTAGTTCTTGTT
5063	e16_s1_GATGCTATCACCTCAC
5064	e16_s1_GATGCTATCCAGTACA
5065	e16_s1_GATGCTATCCTTATGT
5066	e16_s1_GATGCTATCGTCCTTG
5067	e16_s1_GATGCTATCGTGTGAT
5068	e16_s1_GATGGAGAGAAGCGGG
5069	e16_s1_GATGGAGAGACTAAGT
5070	e16_s1_GATGGAGAGCGTGAAC
5071	e16_s1_GATGGAGAGGTGCTAG
5072	e16_s1_GATGGAGAGTCACGCC
5073	e16_s1_GATGGAGCAGACCATT
5074	e16_s1_GATGGAGGTACAAACA
5075	e16_s1_GATGGAGGTAGATTAG
5076	e16_s1_GATGGAGGTCTGCCTT
5077	e16_s1_GATGGAGGTGATTCTG
5078	e16_s1_GATGGAGGTTTCAGAC
5079	e16_s1_GATGGAGTCGACCAAT
5080	e16_s1_GATGTTGAGCGACATG
5081	e16_s1_GATGTTGAGGACGCTA
5082	e16_s1_GATGTTGAGGCCTTCG
5083	e16_s1_GATGTTGCAAACACCT
5084	e16_s1_GATGTTGCACCATATG
5085	e16_s1_GATGTTGCACGGCCAT
5086	e16_s1_GATGTTGCATAGAATG
5087	e16_s1_GATGTTGCATATGAAG
5088	e16_s1_GATGTTGCATCGATAC
5089	e16_s1_GATGTTGTCACTGGGC
5090	e16_s1_GATGTTGTCCTTCGAC
5091	e16_s1_GATTCGACACTAACCA
5092	e16_s1_GATTCGACACTTCAGA
5093	e16_s1_GATTCGACATGTGCTA
5094	e16_s1_GATTCGAGTACCAATC
5095	e16_s1_GATTCGAGTCATCAGT
5096	e16_s1_GATTCGAGTGTGTGGA
5097	e16_s1_GATTCGATCAATCCAG
5098	e16_s1_GATTCGATCGCAGTCG
5099	e16_s1_GATTCGATCGGAAGGT
5100	e16_s1_GATTCTTAGCACTGGA
5101	e16_s1_GATTCTTAGGGTTAGC
5102	e16_s1_GATTCTTAGTAGACCG
5103	e16_s1_GATTCTTAGTGCTACT
5104	e16_s1_GATTCTTCAACGGGTA
5105	e16_s1_GATTCTTCATCCGGTG
5106	e16_s1_GATTCTTCATTAAGCC
5107	e16_s1_GATTCTTGTAATTAGG
5108	e16_s1_GATTCTTGTGTTTCTT
5109	e16_s1_GATTCTTTCATTCGTT
5110	e16_s1_GATTCTTTCCCATTCG
5111	e16_s1_GATTCTTTCCGCTTAC
5112	e16_s1_GATTGGTAGCCTCTCT
5113	e16_s1_GATTGGTAGTAGACCG
5114	e16_s1_GATTGGTCAGCATCTA
5115	e16_s1_GATTGGTCATGTTTGG
5116	e16_s1_GATTGGTCATTCATCT
5117	e16_s1_GATTGGTTCAGCAATC
5118	e16_s1_GATTTCTAGCGTTAGG
5119	e16_s1_GATTTCTCAACCAGAG
5120	e16_s1_GATTTCTCAACTCATG
5121	e16_s1_GATTTCTCACATCATG
5122	e16_s1_GATTTCTCATACGCAT
5123	e16_s1_GATTTCTGTTGGTACT
5124	e16_s1_GATTTCTTCATCACTT
5125	e16_s1_GATTTCTTCGGAGTAG
5126	e16_s1_GCAACATAGATTAGAC
5127	e16_s1_GCAACATAGCCACAAG
5128	e16_s1_GCAACATCACCAAAGG
5129	e16_s1_GCAACATGTTATGTCG
5130	e16_s1_GCAACCGAGATAGCAT
5131	e16_s1_GCAACCGAGCGCCGTT
5132	e16_s1_GCAACCGAGTACTGGG
5133	e16_s1_GCAACCGAGTTTCGGT
5134	e16_s1_GCAACCGCAAGCTACT
5135	e16_s1_GCAACCGCAATCGTCA
5136	e16_s1_GCAACCGCACTACGGC
5137	e16_s1_GCAACCGCAGCTAACT
5138	e16_s1_GCAACCGCATAAGATG
5139	e16_s1_GCAACCGGTCTCAGGC
5140	e16_s1_GCAACCGGTTTACCAG
5141	e16_s1_GCAACCGTCCTGTTAT
5142	e16_s1_GCAACCGTCGATGCTA
5143	e16_s1_GCAACCGTCGGTGCAC
5144	e16_s1_GCAACCGTCTGCGTCT
5145	e16_s1_GCACATAAGACAACTA
5146	e16_s1_GCACATAAGCTAGATA
5147	e16_s1_GCACATACACACAGCC
5148	e16_s1_GCACATACAGGTCCCA
5149	e16_s1_GCACATACAGTCACGC
5150	e16_s1_GCACATAGTACAGTCT
5151	e16_s1_GCACATAGTCGGAACA
5152	e16_s1_GCACATATCCACACCT
5153	e16_s1_GCACATATCCACCTCA
5154	e16_s1_GCACATATCCATAGGT
5155	e16_s1_GCACATATCTAGTTCT
5156	e16_s1_GCACGGTAGAGATTCA
5157	e16_s1_GCACGGTCACACGTGC
5158	e16_s1_GCACGGTCACCAGCGT
5159	e16_s1_GCACGGTCACTGGCGT
5160	e16_s1_GCACGGTCAGTAACAA
5161	e16_s1_GCACGGTCAGTAGAGC
5162	e16_s1_GCACGGTGTAACTAAG
5163	e16_s1_GCACGGTGTGTACAGG
5164	e16_s1_GCACGGTGTTAGTTCG
5165	e16_s1_GCACGGTTCCATACAG
5166	e16_s1_GCACGGTTCGTTCTAT
5167	e16_s1_GCACGGTTCTGAATCG
5168	e16_s1_GCACGTGAGAGTCTGG
5169	e16_s1_GCACGTGAGCCAAGGT
5170	e16_s1_GCACGTGCACTATCGA
5171	e16_s1_GCACGTGCAGGTCCCA
5172	e16_s1_GCACGTGCATAGACTC
5173	e16_s1_GCACGTGGTCCACTCT
5174	e16_s1_GCACGTGGTGGGCTCT
5175	e16_s1_GCACGTGGTGGGTTGA
5176	e16_s1_GCACGTGGTTCGGCGT
5177	e16_s1_GCACGTGGTTCTTGTT
5178	e16_s1_GCACGTGTCAATCTTC
5179	e16_s1_GCACGTGTCCGTCACT
5180	e16_s1_GCACGTGTCGCGTGCA
5181	e16_s1_GCACGTGTCGGATTAC
5182	e16_s1_GCACGTGTCTTGCGCT
5183	e16_s1_GCACTAAAGATGCAGC
5184	e16_s1_GCACTAAAGCGATTCT
5185	e16_s1_GCACTAAAGGGCAATC
5186	e16_s1_GCACTAAAGGGTAGCT
5187	e16_s1_GCACTAAAGTGACACG
5188	e16_s1_GCACTAACAACGGTAG
5189	e16_s1_GCACTAACACGACGTC
5190	e16_s1_GCACTAACACTCACTC
5191	e16_s1_GCACTAACATAGAATG
5192	e16_s1_GCACTAAGTACTGGGA
5193	e16_s1_GCACTAAGTTCGAGCC
5194	e16_s1_GCACTAATCAGACCGC
5195	e16_s1_GCACTAATCCTTCTAA
5196	e16_s1_GCACTAATCGGTAACT
5197	e16_s1_GCACTAATCTTCCTAA
5198	e16_s1_GCAGCCAAGATAGCTA
5199	e16_s1_GCAGCCAAGCCAAGGT
5200	e16_s1_GCAGCCAAGCTGACAG
5201	e16_s1_GCAGCCACACAATGAA
5202	e16_s1_GCAGCCACATAACAGA
5203	e16_s1_GCAGCCACATCCTTGC
5204	e16_s1_GCAGCCAGTAGCTGCC
5205	e16_s1_GCAGCCAGTCAATCTG
5206	e16_s1_GCAGCCAGTGCCTTTC
5207	e16_s1_GCAGCCATCAATCTCT
5208	e16_s1_GCAGCCATCCAAACCA
5209	e16_s1_GCAGCCATCCATAGAC
5210	e16_s1_GCAGCCATCGCTAGCG
5211	e16_s1_GCAGCCATCGGTCACG
5212	e16_s1_GCAGCCATCGTTGCCT
5213	e16_s1_GCAGCCATCTACTTCA
5214	e16_s1_GCAGCTGAGGAGTATT
5215	e16_s1_GCAGCTGCACAAGTTC
5216	e16_s1_GCAGCTGGTATGCAAA
5217	e16_s1_GCAGCTGGTGTCATGT
5218	e16_s1_GCAGCTGGTTGTGCCG
5219	e16_s1_GCAGCTGTCCAGTGTA
5220	e16_s1_GCAGCTGTCGGCTGAC
5221	e16_s1_GCAGGCTAGATTCGCT
5222	e16_s1_GCAGGCTCAAACGGCA
5223	e16_s1_GCAGGCTCAAAGACGC
5224	e16_s1_GCAGGCTGTAACCCTA
5225	e16_s1_GCAGGCTGTACCGGAA
5226	e16_s1_GCAGGCTGTCCACTCT
5227	e16_s1_GCAGGCTGTCCCAAAT
5228	e16_s1_GCAGGCTGTCGTTCAA
5229	e16_s1_GCAGGCTGTGGCCCAT
5230	e16_s1_GCAGGCTTCGAGATAA
5231	e16_s1_GCAGTTAAGATCACCT
5232	e16_s1_GCAGTTAAGTTCCTGA
5233	e16_s1_GCAGTTACACGTGTGC
5234	e16_s1_GCAGTTACAGAGCGTA
5235	e16_s1_GCAGTTACAGGCACAA
5236	e16_s1_GCAGTTACATGAAGCG
5237	e16_s1_GCAGTTATCGTAGGGA
5238	e16_s1_GCAGTTATCTTTGATC
5239	e16_s1_GCATCGGAGCAGTAAT
5240	e16_s1_GCATCGGCAGACCAGA
5241	e16_s1_GCATCGGGTCGCCACA
5242	e16_s1_GCATCGGGTGATAGTA
5243	e16_s1_GCATCGGGTGGAAATT
5244	e16_s1_GCATCGGTCCATACAG
5245	e16_s1_GCATCGGTCCCTAGGG
5246	e16_s1_GCATCGGTCCGATCGG
5247	e16_s1_GCATCGGTCTGGCCAG
5248	e16_s1_GCATCGGTCTTCTGGC
5249	e16_s1_GCATCTCAGGTCTACT
5250	e16_s1_GCATCTCCAACGCCCA
5251	e16_s1_GCATCTCGTAGACGGT
5252	e16_s1_GCATCTCGTGGTCCGT
5253	e16_s1_GCATCTCTCAAAGACA
5254	e16_s1_GCATCTCTCGCAGTCG
5255	e16_s1_GCATGATAGCAGGCAT
5256	e16_s1_GCATGATAGCATAGGC
5257	e16_s1_GCATGATAGCATCGAG
5258	e16_s1_GCATGATAGGAACATT
5259	e16_s1_GCATGATAGGCAGGGA
5260	e16_s1_GCATGATAGGCCACCT
5261	e16_s1_GCATGATAGTGAACAT
5262	e16_s1_GCATGATCAGCGTTTA
5263	e16_s1_GCATGATGTCCTACAA
5264	e16_s1_GCATGATGTGTCCAAT
5265	e16_s1_GCATGATGTTACCCAA
5266	e16_s1_GCATGATTCAAACCCA
5267	e16_s1_GCATGATTCGAAGTGG
5268	e16_s1_GCATTAGAGACAGCGT
5269	e16_s1_GCATTAGAGGCGTTAG
5270	e16_s1_GCATTAGAGGTCCAGA
5271	e16_s1_GCATTAGCATGACGTT
5272	e16_s1_GCATTAGGTGGTAATA
5273	e16_s1_GCATTAGGTGTAAACA
5274	e16_s1_GCATTAGTCTAAGAAG
5275	e16_s1_GCATTAGTCTACTGAG
5276	e16_s1_GCATTAGTCTATACGG
5277	e16_s1_GCATTAGTCTATTTCG
5278	e16_s1_GCCAACGAGGTTTGAA
5279	e16_s1_GCCAACGCAAAGCTAA
5280	e16_s1_GCCAACGCAATGAAAC
5281	e16_s1_GCCAACGCATGGTACT
5282	e16_s1_GCCAACGGTCTTGAGT
5283	e16_s1_GCCAACGGTTCTCAGA
5284	e16_s1_GCCAACGTCCACGGGT
5285	e16_s1_GCCAACGTCGATACTG
5286	e16_s1_GCCAACGTCTGCGGAC
5287	e16_s1_GCCAACGTCTGTTCAT
5288	e16_s1_GCCAGCAAGGGCATGT
5289	e16_s1_GCCAGCACAAATTGCC
5290	e16_s1_GCCAGCACACTCAGAT
5291	e16_s1_GCCAGCACAGGAGGTT
5292	e16_s1_GCCAGCATCCACGGGT
5293	e16_s1_GCCAGGTAGACCTCAT
5294	e16_s1_GCCAGGTAGATGCTAA
5295	e16_s1_GCCAGGTAGGAGAATG
5296	e16_s1_GCCAGGTAGTAGGATT
5297	e16_s1_GCCAGGTCAAATTGGA
5298	e16_s1_GCCAGGTCAAGGTTGG
5299	e16_s1_GCCAGGTCATGGCTAT
5300	e16_s1_GCCAGGTGTAGGGTAC
5301	e16_s1_GCCAGGTGTAGTGCGA
5302	e16_s1_GCCAGGTGTGTAACGG
5303	e16_s1_GCCAGGTGTTGTAGCT
5304	e16_s1_GCCAGGTTCATACAGC
5305	e16_s1_GCCAGGTTCGGTCAGC
5306	e16_s1_GCCAGGTTCGTGCGAC
5307	e16_s1_GCCAGTGAGGTCTACT
5308	e16_s1_GCCAGTGAGTACCGGA
5309	e16_s1_GCCAGTGCACACACGC
5310	e16_s1_GCCAGTGGTCAGGAGT
5311	e16_s1_GCCAGTGGTCGTCAGC
5312	e16_s1_GCCAGTGGTGCGCTCA
5313	e16_s1_GCCAGTGTCGCCAGAC
5314	e16_s1_GCCAGTGTCTGCTTTA
5315	e16_s1_GCCATGGAGAAACTAC
5316	e16_s1_GCCATGGAGCGTTAGG
5317	e16_s1_GCCATGGAGGCTCCCA
5318	e16_s1_GCCATGGAGTTGCATC
5319	e16_s1_GCCATGGGTACTCCGG
5320	e16_s1_GCCATGGGTCGAGCAA
5321	e16_s1_GCCATGGTCATGCATG
5322	e16_s1_GCCATGGTCCAGTGTA
5323	e16_s1_GCCATGGTCTCCTGCA
5324	e16_s1_GCCATGGTCTTAATCC
5325	e16_s1_GCCATGGTCTTTGCAT
5326	e16_s1_GCCATTCAGAAACCCG
5327	e16_s1_GCCATTCAGAGTTGCG
5328	e16_s1_GCCATTCAGGCATTTC
5329	e16_s1_GCCATTCCAAGCGGAT
5330	e16_s1_GCCATTCCAGCATACT
5331	e16_s1_GCCATTCGTAGCACAG
5332	e16_s1_GCCATTCGTGAGAGGG
5333	e16_s1_GCCATTCTCACTTGTT
5334	e16_s1_GCCCAGAAGGTGAGAA
5335	e16_s1_GCCCAGACACAGCGCT
5336	e16_s1_GCCCAGACACCCAAGC
5337	e16_s1_GCCCAGACAGCTGTTA
5338	e16_s1_GCCCAGACAGTCACGC
5339	e16_s1_GCCCAGACATGGAAGC
5340	e16_s1_GCCCAGAGTGGAATGC
5341	e16_s1_GCCCAGATCCGGCAGT
5342	e16_s1_GCCCAGATCGGCATTA
5343	e16_s1_GCCCAGATCTATGCCC
5344	e16_s1_GCCCGAAAGCACTGGA
5345	e16_s1_GCCCGAAAGGGATCAC
5346	e16_s1_GCCCGAAAGTAGTCAA
5347	e16_s1_GCCCGAACACAATGAA
5348	e16_s1_GCCCGAACAGTAGGAC
5349	e16_s1_GCCCGAACAGTTAGGG
5350	e16_s1_GCCCGAACAGTTTCGA
5351	e16_s1_GCCCGAACATACAGAA
5352	e16_s1_GCCCGAACATGGAATA
5353	e16_s1_GCCCGAAGTCGACTGC
5354	e16_s1_GCCCGAAGTTCATCGA
5355	e16_s1_GCCCGAATCACCGCTT
5356	e16_s1_GCCCGAATCCAGCACG
5357	e16_s1_GCCCGAATCCCAAGTA
5358	e16_s1_GCCCGAATCCCATACC
5359	e16_s1_GCCCGAATCCCTCTAG
5360	e16_s1_GCCCGAATCGCTACAA
5361	e16_s1_GCCCGAATCGTCCTCA
5362	e16_s1_GCCGATGAGATTACCC
5363	e16_s1_GCCGATGAGCAAATCA
5364	e16_s1_GCCGATGAGGGAGTGG
5365	e16_s1_GCCGATGAGTAAGACT
5366	e16_s1_GCCGATGAGTCACGCC
5367	e16_s1_GCCGATGCAGGGAATC
5368	e16_s1_GCCGATGGTCTGATCA
5369	e16_s1_GCCGATGGTGTTACAC
5370	e16_s1_GCCGATGGTTCCGTTC
5371	e16_s1_GCCGATGGTTGAGAGC
5372	e16_s1_GCCGATGTCAACCGAT
5373	e16_s1_GCCGATGTCCCAATAG
5374	e16_s1_GCCGATGTCCGTAGGC
5375	e16_s1_GCCGATGTCGGAGTAG
5376	e16_s1_GCCGATGTCTGTTGGA
5377	e16_s1_GCCGTGACATTATGCG
5378	e16_s1_GCCGTGACATTGTCGA
5379	e16_s1_GCCGTGAGTAGACGTG
5380	e16_s1_GCCGTGAGTATGGGAC
5381	e16_s1_GCCGTGATCATCGCCT
5382	e16_s1_GCCGTGATCGAGTACT
5383	e16_s1_GCCTGTTAGCCTCATA
5384	e16_s1_GCCTGTTAGGTTCTTG
5385	e16_s1_GCCTGTTAGTCATAGA
5386	e16_s1_GCCTGTTCAATTCGTG
5387	e16_s1_GCCTGTTGTCAACATC
5388	e16_s1_GCCTGTTGTCTGCATA
5389	e16_s1_GCCTGTTGTGGGCTTC
5390	e16_s1_GCCTGTTTCCCAGGAC
5391	e16_s1_GCCTGTTTCGATTCCC
5392	e16_s1_GCCTGTTTCTCTCTTC
5393	e16_s1_GCGAGAAAGAGTCGAC
5394	e16_s1_GCGAGAAAGGTGCTTT
5395	e16_s1_GCGAGAAAGTCAGAGC
5396	e16_s1_GCGAGAAAGTGAGGCT
5397	e16_s1_GCGAGAACAAGAGTGC
5398	e16_s1_GCGAGAAGTACTCCGG
5399	e16_s1_GCGAGAAGTCTGTGGC
5400	e16_s1_GCGAGAAGTGGCAGAT
5401	e16_s1_GCGAGAAGTTAGGAGC
5402	e16_s1_GCGAGAATCTTACGGA
5403	e16_s1_GCGATCGAGAGTTGTA
5404	e16_s1_GCGATCGAGATACCAA
5405	e16_s1_GCGATCGAGATGTTGA
5406	e16_s1_GCGATCGAGCAGCGAT
5407	e16_s1_GCGATCGCATTGTCGA
5408	e16_s1_GCGATCGGTCGTTCAA
5409	e16_s1_GCGATCGGTTATCTGG
5410	e16_s1_GCGATCGTCCTTCGAC
5411	e16_s1_GCGATCGTCTGTCTCG
5412	e16_s1_GCGATCGTCTTTCGAT
5413	e16_s1_GCGGAAAAGATTCGCT
5414	e16_s1_GCGGAAAAGCACACAG
5415	e16_s1_GCGGAAAAGCACCTGC
5416	e16_s1_GCGGAAAAGGGCAGTT
5417	e16_s1_GCGGAAAAGTCCCAAT
5418	e16_s1_GCGGAAAAGTCGTCTA
5419	e16_s1_GCGGAAAAGTTCTCTT
5420	e16_s1_GCGGAAACACCATATG
5421	e16_s1_GCGGAAACAGCGAACA
5422	e16_s1_GCGGAAACATCGTCCT
5423	e16_s1_GCGGAAAGTAGCTGCC
5424	e16_s1_GCGGAAAGTATACCCA
5425	e16_s1_GCGGAAAGTCGGATTT
5426	e16_s1_GCGGAAAGTGGTCTCG
5427	e16_s1_GCGGAAATCAAGCTGT
5428	e16_s1_GCGGAAATCATCGACA
5429	e16_s1_GCGGATCAGCACCTGC
5430	e16_s1_GCGGATCAGCCTCTCT
5431	e16_s1_GCGGATCAGCTACTGT
5432	e16_s1_GCGGATCCAAGTCCAT
5433	e16_s1_GCGGATCCAGGAAGTC
5434	e16_s1_GCGGATCGTCACGCTG
5435	e16_s1_GCGGATCGTGGTTTAC
5436	e16_s1_GCGGATCTCGACCTAA
5437	e16_s1_GCGGATCTCTGTCCCA
5438	e16_s1_GCGTGCAAGAAGTCAT
5439	e16_s1_GCGTGCAAGGTGATAT
5440	e16_s1_GCGTGCAAGTATCCTG
5441	e16_s1_GCGTGCAGTCCCGTGA
5442	e16_s1_GCGTGCATCGCTTTAT
5443	e16_s1_GCGTGCATCTGCAGCG
5444	e16_s1_GCGTGCATCTGCGATA
5445	e16_s1_GCGTTTCAGAGTCGAC
5446	e16_s1_GCGTTTCAGCATCCCG
5447	e16_s1_GCGTTTCAGCTTACGT
5448	e16_s1_GCGTTTCCAAAGGATT
5449	e16_s1_GCGTTTCCATCGGAGA
5450	e16_s1_GCGTTTCGTACGGATG
5451	e16_s1_GCGTTTCGTGCAACGA
5452	e16_s1_GCGTTTCGTGCAATAA
5453	e16_s1_GCGTTTCTCATGGTAC
5454	e16_s1_GCGTTTCTCCAGCTCT
5455	e16_s1_GCGTTTCTCCTGTACC
5456	e16_s1_GCGTTTCTCTCCTGAC
5457	e16_s1_GCTACAAAGAAGTCCG
5458	e16_s1_GCTACAAAGACAGTCG
5459	e16_s1_GCTACAAAGCGCTGAA
5460	e16_s1_GCTACAAAGGGAGTTC
5461	e16_s1_GCTACAAAGGTTACCT
5462	e16_s1_GCTACAACACAAGTTC
5463	e16_s1_GCTACAACACGACTAT
5464	e16_s1_GCTACAACACGTATAC
5465	e16_s1_GCTACAAGTCAGGAGT
5466	e16_s1_GCTACAATCACGTAGT
5467	e16_s1_GCTACAATCATTGAGC
5468	e16_s1_GCTACAATCTGAACGT
5469	e16_s1_GCTACCTAGCAATTCC
5470	e16_s1_GCTACCTAGTTACGGG
5471	e16_s1_GCTACCTCAAATGAGT
5472	e16_s1_GCTACCTCAACAGCCC
5473	e16_s1_GCTACCTCAACGTTAC
5474	e16_s1_GCTACCTCAGTCTGGC
5475	e16_s1_GCTACCTCATCTAACG
5476	e16_s1_GCTACCTGTAACACGG
5477	e16_s1_GCTACCTGTAATTAGG
5478	e16_s1_GCTACCTGTCCACACG
5479	e16_s1_GCTACCTTCAGACATC
5480	e16_s1_GCTCAAAAGCACTAAA
5481	e16_s1_GCTCAAAAGTGTTCCA
5482	e16_s1_GCTCAAACACATTCGA
5483	e16_s1_GCTCAAACACGTTCGG
5484	e16_s1_GCTCAAAGTATGAGCG
5485	e16_s1_GCTCAAAGTATGTGTC
5486	e16_s1_GCTCAAATCAGTCACA
5487	e16_s1_GCTCAAATCCGCTGTT
5488	e16_s1_GCTCAAATCCGTGGCA
5489	e16_s1_GCTCAAATCGCCGTGA
5490	e16_s1_GCTGAATAGATCCCGC
5491	e16_s1_GCTGAATCAAACACGG
5492	e16_s1_GCTGAATCACTATCCC
5493	e16_s1_GCTGAATGTATGATCC
5494	e16_s1_GCTGAATGTCACCGAC
5495	e16_s1_GCTGAATGTTGTTTGG
5496	e16_s1_GCTGAATTCCCTTGTG
5497	e16_s1_GCTGAATTCGATCCCT
5498	e16_s1_GCTGAATTCGGACTTA
5499	e16_s1_GCTGAATTCGTCCTTG
5500	e16_s1_GCTGAATTCGTTCCCA
5501	e16_s1_GCTGCAGAGTGGCCTC
5502	e16_s1_GCTGCAGCAAAGCGTG
5503	e16_s1_GCTGCAGCAAGGTCAG
5504	e16_s1_GCTGCAGCAATAGTAG
5505	e16_s1_GCTGCAGCACGAAAGC
5506	e16_s1_GCTGCAGCACTCGATA
5507	e16_s1_GCTGCAGCAGCGGTCT
5508	e16_s1_GCTGCAGCAGGAAGTC
5509	e16_s1_GCTGCAGGTCATTCCC
5510	e16_s1_GCTGCAGGTCCACATA
5511	e16_s1_GCTGCAGTCCATGAGT
5512	e16_s1_GCTGCAGTCTTCGGTC
5513	e16_s1_GCTGGGTAGCTAAGTA
5514	e16_s1_GCTGGGTAGGCGTTAG
5515	e16_s1_GCTGGGTAGTGATGGC
5516	e16_s1_GCTGGGTCAACACAGG
5517	e16_s1_GCTGGGTCATAAGCGG
5518	e16_s1_GCTGGGTGTGACTATC
5519	e16_s1_GCTGGGTTCTATCGCC
5520	e16_s1_GCTTCACAGCCGTTGC
5521	e16_s1_GCTTCACAGTCAAGCG
5522	e16_s1_GCTTCACAGTCTAGAA
5523	e16_s1_GCTTCACCACATTCTT
5524	e16_s1_GCTTCACCACCAATTG
5525	e16_s1_GCTTCACCACTGAATC
5526	e16_s1_GCTTCACCAGATCATC
5527	e16_s1_GCTTCACCAGGAATCG
5528	e16_s1_GCTTCACCATTAAAGG
5529	e16_s1_GCTTCACGTCAAGCCC
5530	e16_s1_GCTTCACGTCGCATCG
5531	e16_s1_GCTTCACGTTAGAAAC
5532	e16_s1_GCTTCACTCACATCAG
5533	e16_s1_GCTTCACTCACTTTGT
5534	e16_s1_GCTTCACTCAGTCCGG
5535	e16_s1_GCTTCACTCGTTACCC
5536	e16_s1_GCTTGGGAGAAGCTGC
5537	e16_s1_GCTTGGGAGACGAGCT
5538	e16_s1_GCTTGGGAGGAGCAAA
5539	e16_s1_GCTTGGGAGGTTCCAT
5540	e16_s1_GCTTGGGCAGTTTCGA
5541	e16_s1_GCTTGGGGTCATCAGT
5542	e16_s1_GCTTGGGGTCCAGCCA
5543	e16_s1_GCTTGGGGTGGCTTGC
5544	e16_s1_GCTTGGGTCGAACCTA
5545	e16_s1_GCTTGGGTCTCGGGAC
5546	e16_s1_GCTTGGGTCTCTGAGA
5547	e16_s1_GCTTTCGAGAATCGTA
5548	e16_s1_GCTTTCGAGATGACCG
5549	e16_s1_GCTTTCGAGCATCGAG
5550	e16_s1_GCTTTCGAGCGAACTG
5551	e16_s1_GCTTTCGAGTTTCTTC
5552	e16_s1_GCTTTCGCATCCCACT
5553	e16_s1_GCTTTCGGTAGGATAT
5554	e16_s1_GCTTTCGGTGGGCTTC
5555	e16_s1_GCTTTCGTCCGTATAG
5556	e16_s1_GCTTTCGTCGAAGGAC
5557	e16_s1_GGAACCCAGATTGTGA
5558	e16_s1_GGAACCCAGTTCCGTA
5559	e16_s1_GGAACCCAGTTGGAAT
5560	e16_s1_GGAACCCGTGACTGTT
5561	e16_s1_GGAACCCTCACGAACT
5562	e16_s1_GGAACCCTCCACACCT
5563	e16_s1_GGAACCCTCCCACAGG
5564	e16_s1_GGAACCCTCCTCTCTT
5565	e16_s1_GGAACCCTCTTTCCAA
5566	e16_s1_GGAAGTGCAACGAGGT
5567	e16_s1_GGAAGTGCACTTCATT
5568	e16_s1_GGAAGTGCAGGTCAGA
5569	e16_s1_GGAAGTGGTCAAAGAT
5570	e16_s1_GGAAGTGGTTCCAAAC
5571	e16_s1_GGAAGTGGTTCTCCCA
5572	e16_s1_GGAAGTGTCCCAAGCG
5573	e16_s1_GGAAGTGTCCGAGGCT
5574	e16_s1_GGAAGTGTCCGTGACG
5575	e16_s1_GGAAGTGTCCTCTCTT
5576	e16_s1_GGAATCTAGAATAACC
5577	e16_s1_GGAATCTAGATCGGTG
5578	e16_s1_GGAATCTAGCGATGGT
5579	e16_s1_GGAATCTAGGTTAAAC
5580	e16_s1_GGAATCTCAGCTGTAT
5581	e16_s1_GGAATCTCAGTTGCGC
5582	e16_s1_GGAATCTGTATCGCAT
5583	e16_s1_GGAATCTGTCACCACG
5584	e16_s1_GGAATCTGTTCTCTCG
5585	e16_s1_GGAATCTTCCGGTTCT
5586	e16_s1_GGAATGGAGAGAGGTA
5587	e16_s1_GGAATGGAGTATGCAA
5588	e16_s1_GGAATGGCACACAGCC
5589	e16_s1_GGAATGGCAGTACTAC
5590	e16_s1_GGAATGGCATAGGAGC
5591	e16_s1_GGAATGGCATGTTCGA
5592	e16_s1_GGAATGGGTTGGTACT
5593	e16_s1_GGAATGGTCATGCGGC
5594	e16_s1_GGAATGGTCCGCGATG
5595	e16_s1_GGAATGGTCGTAATGC
5596	e16_s1_GGAATGGTCTCCGTGT
5597	e16_s1_GGACGTCAGAGCCGTA
5598	e16_s1_GGACGTCAGTTGTCGT
5599	e16_s1_GGACGTCCAGACAAAT
5600	e16_s1_GGACGTCCATTGAGCT
5601	e16_s1_GGACGTCGTAGCTAAA
5602	e16_s1_GGACGTCGTTACCTTT
5603	e16_s1_GGACGTCGTTATGTGC
5604	e16_s1_GGACGTCTCCGATAGT
5605	e16_s1_GGACGTCTCGCCAGTG
5606	e16_s1_GGACGTCTCGCTTGCT
5607	e16_s1_GGAGAACAGCCGTTAT
5608	e16_s1_GGAGAACAGTCTCTGA
5609	e16_s1_GGAGAACCAATTCGTG
5610	e16_s1_GGAGAACCACCACTGG
5611	e16_s1_GGAGAACCAGACAATA
5612	e16_s1_GGAGAACCAGCGATTT
5613	e16_s1_GGAGAACCATGTCTAG
5614	e16_s1_GGAGAACGTTACCTGA
5615	e16_s1_GGAGAACGTTAGAGAT
5616	e16_s1_GGAGATGAGAGTATAC
5617	e16_s1_GGAGATGAGTATAGGT
5618	e16_s1_GGAGATGCATGCGGTC
5619	e16_s1_GGAGATGGTTAAGGGC
5620	e16_s1_GGAGATGTCACGAGGA
5621	e16_s1_GGAGATGTCCATTTAC
5622	e16_s1_GGAGATGTCCGAGATT
5623	e16_s1_GGAGATGTCTACTCAT
5624	e16_s1_GGAGCAAAGATGCAGC
5625	e16_s1_GGAGCAACAAGGATGC
5626	e16_s1_GGAGCAACACGCACCA
5627	e16_s1_GGAGCAACACGCGCTA
5628	e16_s1_GGAGCAACAGATCATC
5629	e16_s1_GGAGCAAGTGCCGGTT
5630	e16_s1_GGAGCAATCAAGGAGC
5631	e16_s1_GGAGCAATCTGAGGCC
5632	e16_s1_GGAGGATAGAATCGTA
5633	e16_s1_GGAGGATAGCCTGTGC
5634	e16_s1_GGAGGATAGGCCACCT
5635	e16_s1_GGAGGATAGGTAGACC
5636	e16_s1_GGAGGATCAATCACGT
5637	e16_s1_GGAGGATCAGCGTAGA
5638	e16_s1_GGAGGATGTAACCCGC
5639	e16_s1_GGAGGATTCATTCGTT
5640	e16_s1_GGAGGATTCCAGCTCT
5641	e16_s1_GGAGGATTCGAACGGA
5642	e16_s1_GGAGGTAAGAGGATGA
5643	e16_s1_GGAGGTAAGGTGGTTG
5644	e16_s1_GGAGGTAAGTAGACAT
5645	e16_s1_GGAGGTACAACTCGTA
5646	e16_s1_GGAGGTACAATCCTAG
5647	e16_s1_GGAGGTACACAAGCCC
5648	e16_s1_GGAGGTACAGGATGAC
5649	e16_s1_GGAGGTAGTAGACTGG
5650	e16_s1_GGAGGTAGTCACTCAA
5651	e16_s1_GGAGGTAGTGCGTGCT
5652	e16_s1_GGATCTAAGTAGGATT
5653	e16_s1_GGATCTAAGTGGGAAA
5654	e16_s1_GGATCTACAGATAAAC
5655	e16_s1_GGATCTACATGAGATA
5656	e16_s1_GGATCTAGTCGCATGC
5657	e16_s1_GGATCTAGTGTGTCCG
5658	e16_s1_GGATCTAGTTAACAGA
5659	e16_s1_GGATCTAGTTGCCAAT
5660	e16_s1_GGATCTATCAGACCCG
5661	e16_s1_GGATCTATCGCGTGAC
5662	e16_s1_GGATGTTAGTCACACT
5663	e16_s1_GGATGTTAGTGGTTAA
5664	e16_s1_GGATGTTCAAGTGGAC
5665	e16_s1_GGATGTTCACGAGGAT
5666	e16_s1_GGCACGTAGAAGCCAC
5667	e16_s1_GGCACGTAGTAGGGTC
5668	e16_s1_GGCACGTCAAGTACCT
5669	e16_s1_GGCACGTCACCCAAGC
5670	e16_s1_GGCACGTCAGAATGTA
5671	e16_s1_GGCACGTCAGCTACTA
5672	e16_s1_GGCACGTCATGTTCGA
5673	e16_s1_GGCACGTGTCCAATCA
5674	e16_s1_GGCACGTTCACGGAGA
5675	e16_s1_GGCACGTTCAGGGATG
5676	e16_s1_GGCACGTTCATGCGGC
5677	e16_s1_GGCACGTTCCGACAGC
5678	e16_s1_GGCACGTTCGCACTCT
5679	e16_s1_GGCACGTTCGCTTGAA
5680	e16_s1_GGCACGTTCGTCCATC
5681	e16_s1_GGCACGTTCTAGGCAT
5682	e16_s1_GGCAGTCAGCATGAAT
5683	e16_s1_GGCAGTCAGCGATTCT
5684	e16_s1_GGCAGTCAGGTGGGTT
5685	e16_s1_GGCAGTCAGTGGTGGT
5686	e16_s1_GGCAGTCCAGAACATA
5687	e16_s1_GGCAGTCCATCAACCA
5688	e16_s1_GGCAGTCCATCGAGCC
5689	e16_s1_GGCAGTCGTAGGCTGA
5690	e16_s1_GGCAGTCGTCTTACAG
5691	e16_s1_GGCAGTCGTTGCGGCT
5692	e16_s1_GGCAGTCTCACTGATG
5693	e16_s1_GGCGTCACACGCTGAC
5694	e16_s1_GGCGTCACAGGTTCCG
5695	e16_s1_GGCGTCAGTCGCGTCA
5696	e16_s1_GGCGTCAGTGCGAACA
5697	e16_s1_GGCGTCATCACGAACT
5698	e16_s1_GGCGTCATCACTAGCA
5699	e16_s1_GGCGTCATCCTACTGC
5700	e16_s1_GGCTGTGAGTATGCAA
5701	e16_s1_GGCTGTGAGTGCGACA
5702	e16_s1_GGCTGTGCACGCAAAG
5703	e16_s1_GGCTGTGCATCATGAC
5704	e16_s1_GGCTGTGGTACCGTGC
5705	e16_s1_GGCTGTGGTGCTTCAA
5706	e16_s1_GGCTGTGTCCGTCAAA
5707	e16_s1_GGCTTGGAGCATGCGA
5708	e16_s1_GGCTTGGAGCTAAATG
5709	e16_s1_GGCTTGGAGCTACGTT
5710	e16_s1_GGCTTGGAGCTGCCTG
5711	e16_s1_GGCTTGGAGGGTTAGC
5712	e16_s1_GGCTTGGCACTTCCTG
5713	e16_s1_GGCTTGGCATGGACAG
5714	e16_s1_GGCTTGGGTAATGCTC
5715	e16_s1_GGCTTGGGTCTCACAA
5716	e16_s1_GGCTTGGGTTAGGGTG
5717	e16_s1_GGCTTGGGTTCCGCTT
5718	e16_s1_GGCTTGGGTTTGGAGG
5719	e16_s1_GGCTTGGTCGACACCG
5720	e16_s1_GGCTTTCAGAGGGTAA
5721	e16_s1_GGCTTTCAGATGTTAG
5722	e16_s1_GGCTTTCAGTCACTGT
5723	e16_s1_GGCTTTCAGTTCCGGC
5724	e16_s1_GGCTTTCCAATAACGA
5725	e16_s1_GGCTTTCGTACCCACG
5726	e16_s1_GGCTTTCGTCGAACAG
5727	e16_s1_GGCTTTCTCTATGCCC
5728	e16_s1_GGCTTTCTCTCAACCC
5729	e16_s1_GGGAAGTAGATAGGGA
5730	e16_s1_GGGAAGTAGCATCCTA
5731	e16_s1_GGGAAGTAGGCATCGA
5732	e16_s1_GGGAAGTAGTACTGTC
5733	e16_s1_GGGAAGTAGTTCCATG
5734	e16_s1_GGGAAGTCAGGTTCAT
5735	e16_s1_GGGAAGTCAGTCACGC
5736	e16_s1_GGGAAGTGTTCAGGTT
5737	e16_s1_GGGAAGTTCTTGTTAC
5738	e16_s1_GGGACAACACTAGGCC
5739	e16_s1_GGGACAAGTTCGTTCC
5740	e16_s1_GGGACAATCACCGGGT
5741	e16_s1_GGGACAATCCGGCAGT
5742	e16_s1_GGGACAATCGTTGTAG
5743	e16_s1_GGGACCTAGAGCAAGA
5744	e16_s1_GGGACCTAGATACATG
5745	e16_s1_GGGACCTAGGCATCTT
5746	e16_s1_GGGACCTAGTAACGTA
5747	e16_s1_GGGACCTAGTAGGTTA
5748	e16_s1_GGGACCTCAACGATCT
5749	e16_s1_GGGACCTCAAGTCCCG
5750	e16_s1_GGGACCTCATCCGAGC
5751	e16_s1_GGGACCTGTAGCCCTG
5752	e16_s1_GGGACCTGTAGTTAGA
5753	e16_s1_GGGACCTGTTGGACCC
5754	e16_s1_GGGACTCAGCACTCAT
5755	e16_s1_GGGACTCAGGGAGAAT
5756	e16_s1_GGGACTCAGTCTAGCT
5757	e16_s1_GGGACTCCAATCCTAG
5758	e16_s1_GGGACTCCACCAAATC
5759	e16_s1_GGGACTCCAGGTCAGA
5760	e16_s1_GGGACTCCATGAAGGC
5761	e16_s1_GGGACTCTCCGCATAA
5762	e16_s1_GGGACTCTCCGGCAAC
5763	e16_s1_GGGACTCTCGTCTACC
5764	e16_s1_GGGAGATAGAAATTGC
5765	e16_s1_GGGAGATAGATACTGA
5766	e16_s1_GGGAGATAGCATAGGC
5767	e16_s1_GGGAGATAGCCTCTTC
5768	e16_s1_GGGAGATCACCAATTG
5769	e16_s1_GGGAGATCACCATATG
5770	e16_s1_GGGAGATCATGGGCAA
5771	e16_s1_GGGAGATGTGGCCCAT
5772	e16_s1_GGGAGATTCTAGAGCT
5773	e16_s1_GGGAGTAAGATAGCTA
5774	e16_s1_GGGAGTAAGATGAACT
5775	e16_s1_GGGAGTACAATCCTAG
5776	e16_s1_GGGAGTACAGAGTGAC
5777	e16_s1_GGGAGTACATTCGATG
5778	e16_s1_GGGAGTAGTCGAATTC
5779	e16_s1_GGGAGTATCACTGCTC
5780	e16_s1_GGGAGTATCTAGTCAG
5781	e16_s1_GGGAGTATCTATTTCG
5782	e16_s1_GGGATCCAGAATCGTA
5783	e16_s1_GGGATCCAGAGCCTGA
5784	e16_s1_GGGATCCAGGCTTAAA
5785	e16_s1_GGGATCCCACAAGTTC
5786	e16_s1_GGGATCCCAGAAGCGT
5787	e16_s1_GGGATCCCAGCAATTC
5788	e16_s1_GGGATCCCATAGACTC
5789	e16_s1_GGGATCCCATGGCCCA
5790	e16_s1_GGGATCCGTCCAGCAC
5791	e16_s1_GGGATCCGTGCTTCAA
5792	e16_s1_GGGATCCGTGGATCGA
5793	e16_s1_GGGATCCGTTAGAAAC
5794	e16_s1_GGGATCCGTTATTCTC
5795	e16_s1_GGGATCCTCAAACCCA
5796	e16_s1_GGGATCCTCATTCGGA
5797	e16_s1_GGGATCCTCCTGATAG
5798	e16_s1_GGGATCCTCTAATTCC
5799	e16_s1_GGGATGAAGGCACCAA
5800	e16_s1_GGGATGAAGGCGCTTC
5801	e16_s1_GGGATGAAGGTTTACC
5802	e16_s1_GGGATGACAAACGGCA
5803	e16_s1_GGGATGACACTGGCGT
5804	e16_s1_GGGATGACATCGCTCT
5805	e16_s1_GGGATGACATTGTCGA
5806	e16_s1_GGGATGAGTATCTCGA
5807	e16_s1_GGGATGATCACCGACG
5808	e16_s1_GGGATGATCGATTGAC
5809	e16_s1_GGGATGATCGCAGAGA
5810	e16_s1_GGGATGATCGCCATAA
5811	e16_s1_GGGATGATCGGTTCAA
5812	e16_s1_GGGCCATAGAGTAACT
5813	e16_s1_GGGCCATAGTACTGTC
5814	e16_s1_GGGCCATAGTCATGGG
5815	e16_s1_GGGCCATAGTGCGACA
5816	e16_s1_GGGCCATCAGGCTACC
5817	e16_s1_GGGCCATGTCCTATAG
5818	e16_s1_GGGCCATGTGTATACC
5819	e16_s1_GGGCCATTCAACGAGG
5820	e16_s1_GGGCCATTCAGACTGT
5821	e16_s1_GGGCCATTCTCATTGT
5822	e16_s1_GGGCGTTAGCACACCC
5823	e16_s1_GGGCGTTAGCCTCTTC
5824	e16_s1_GGGCGTTAGCTGGCCT
5825	e16_s1_GGGCGTTAGTGGAAAG
5826	e16_s1_GGGCGTTGTAGCGTCC
5827	e16_s1_GGGCGTTGTGCAATGG
5828	e16_s1_GGGCGTTGTTTACTGG
5829	e16_s1_GGGCGTTGTTTCCCAC
5830	e16_s1_GGGCGTTTCAAACCTG
5831	e16_s1_GGGCTACAGGACCCAA
5832	e16_s1_GGGCTACAGTTAACGA
5833	e16_s1_GGGCTACCAACCTAAC
5834	e16_s1_GGGCTACCAATGAAAC
5835	e16_s1_GGGCTACCACACCTTC
5836	e16_s1_GGGCTACCACCTCTGT
5837	e16_s1_GGGCTACCAGGTCAGA
5838	e16_s1_GGGCTACGTAGTGGCA
5839	e16_s1_GGGCTACGTATTGACC
5840	e16_s1_GGGCTACGTCCTTTGC
5841	e16_s1_GGGCTACGTCTCCTGT
5842	e16_s1_GGGCTACTCCAATCTT
5843	e16_s1_GGGCTACTCCGATAAC
5844	e16_s1_GGGCTACTCGCAGTTA
5845	e16_s1_GGGCTACTCGTCCATC
5846	e16_s1_GGGCTACTCTAGCCTC
5847	e16_s1_GGGCTACTCTCCGAGG
5848	e16_s1_GGGCTACTCTTGGTGA
5849	e16_s1_GGGCTACTCTTTCCAA
5850	e16_s1_GGGCTCAAGCTACTAC
5851	e16_s1_GGGCTCAAGGAGAATG
5852	e16_s1_GGGCTCAAGGTTCACT
5853	e16_s1_GGGCTCAAGTCTCTGA
5854	e16_s1_GGGCTCAAGTTGGCTT
5855	e16_s1_GGGCTCACAATTGAAG
5856	e16_s1_GGGCTCACACTGAATC
5857	e16_s1_GGGCTCACATAACCCA
5858	e16_s1_GGGCTCATCGCTCCTA
5859	e16_s1_GGGTAGAAGACCAAAT
5860	e16_s1_GGGTAGAAGCATGAAT
5861	e16_s1_GGGTAGAAGTGTACCT
5862	e16_s1_GGGTAGACAAACGGCA
5863	e16_s1_GGGTAGACAAGATGGC
5864	e16_s1_GGGTAGACAAGGACAC
5865	e16_s1_GGGTAGACACCTGTCT
5866	e16_s1_GGGTAGAGTACTGAGG
5867	e16_s1_GGGTAGAGTGCTTATG
5868	e16_s1_GGGTATTAGCCTCTTC
5869	e16_s1_GGGTATTAGGTTAGTA
5870	e16_s1_GGGTATTCAACGTAAA
5871	e16_s1_GGGTATTCAAGCAATA
5872	e16_s1_GGGTATTCACTTGTCC
5873	e16_s1_GGGTATTCAGACCTAT
5874	e16_s1_GGGTATTCAGCTCTGG
5875	e16_s1_GGGTATTGTACGGGAT
5876	e16_s1_GGGTATTGTCCTTAAG
5877	e16_s1_GGGTATTGTGTGTTTG
5878	e16_s1_GGGTATTTCGTGCTCT
5879	e16_s1_GGGTCACAGGATCATA
5880	e16_s1_GGGTCACAGGATTTGA
5881	e16_s1_GGGTCACGTCATGGCC
5882	e16_s1_GGGTCACGTCTGCCTT
5883	e16_s1_GGGTCACGTGTTCGTA
5884	e16_s1_GGGTCACGTTCGGTAT
5885	e16_s1_GGGTCTGAGCACTAAA
5886	e16_s1_GGGTCTGAGGTAGCAC
5887	e16_s1_GGGTCTGAGTAAGCAT
5888	e16_s1_GGGTCTGCACATCCCT
5889	e16_s1_GGGTCTGCAGTACTAC
5890	e16_s1_GGGTCTGCATGTTCGA
5891	e16_s1_GGGTCTGGTAACCCTA
5892	e16_s1_GGGTCTGGTCCACACG
5893	e16_s1_GGGTCTGGTTGTCATG
5894	e16_s1_GGGTCTGTCACGTCCT
5895	e16_s1_GGGTCTGTCCAAGCCG
5896	e16_s1_GGGTCTGTCCCGGTAG
5897	e16_s1_GGGTCTGTCTACGCGG
5898	e16_s1_GGGTGAAAGCCTTTCC
5899	e16_s1_GGGTGAACAGCATCTA
5900	e16_s1_GGGTGAACATAGAAAC
5901	e16_s1_GGGTGAACATTGACAC
5902	e16_s1_GGGTGAAGTAGCTAAA
5903	e16_s1_GGGTGAAGTCCTGGTG
5904	e16_s1_GGGTGAAGTCTCAAGT
5905	e16_s1_GGGTGAAGTTCCTTGC
5906	e16_s1_GGGTGAATCTCATAGG
5907	e16_s1_GGGTGTCAGCGTACAG
5908	e16_s1_GGGTGTCAGGCTCAAG
5909	e16_s1_GGGTGTCAGTCCCGAC
5910	e16_s1_GGGTGTCCAATCTCGA
5911	e16_s1_GGGTGTCGTAACACCT
5912	e16_s1_GGGTGTCGTCGATTAC
5913	e16_s1_GGGTGTCGTGGACCAA
5914	e16_s1_GGGTGTCGTTCGCGTG
5915	e16_s1_GGGTGTCTCCGTTGAA
5916	e16_s1_GGGTGTCTCGACGACC
5917	e16_s1_GGGTGTCTCGTGCGAC
5918	e16_s1_GGGTGTCTCTGGGCAC
5919	e16_s1_GGGTTATAGAGCCGTA
5920	e16_s1_GGGTTATAGCGAGTAC
5921	e16_s1_GGGTTATAGGAAAGGT
5922	e16_s1_GGGTTATAGGTCATCT
5923	e16_s1_GGGTTATAGTAGCAAT
5924	e16_s1_GGGTTATGTCACTCTC
5925	e16_s1_GGGTTATGTCATCGCG
5926	e16_s1_GGGTTATGTGTTCGAT
5927	e16_s1_GGGTTATTCGAATCCA
5928	e16_s1_GGGTTTAAGATGGGCT
5929	e16_s1_GGGTTTACAAGTGGCA
5930	e16_s1_GGGTTTACAATACCCA
5931	e16_s1_GGGTTTACACATTACG
5932	e16_s1_GGGTTTACATCGCTCT
5933	e16_s1_GGGTTTACATTAGGAA
5934	e16_s1_GGGTTTAGTCAACCAT
5935	e16_s1_GGTAACTCACTCTAGA
5936	e16_s1_GGTAACTCAGTCGGTC
5937	e16_s1_GGTAACTGTCGAATTC
5938	e16_s1_GGTAACTGTGTTCCTC
5939	e16_s1_GGTAACTGTTCCAAAC
5940	e16_s1_GGTAACTTCAGTCATG
5941	e16_s1_GGTAACTTCCATTCGC
5942	e16_s1_GGTAACTTCGCGGTAC
5943	e16_s1_GGTAACTTCTCTATGT
5944	e16_s1_GGTAATCAGAGAGGTA
5945	e16_s1_GGTAATCCAAAGGTTA
5946	e16_s1_GGTAATCCAACACAAA
5947	e16_s1_GGTAATCCAGCTGCCA
5948	e16_s1_GGTAATCCATTGTAGC
5949	e16_s1_GGTAATCGTCGCGGTT
5950	e16_s1_GGTAATCGTGCATACT
5951	e16_s1_GGTAATCGTGGTCCGT
5952	e16_s1_GGTAATCTCCCATAAG
5953	e16_s1_GGTAATCTCCGTCAAA
5954	e16_s1_GGTAATCTCGATTGGT
5955	e16_s1_GGTAGAGAGAATACAC
5956	e16_s1_GGTAGAGAGTTTCTTC
5957	e16_s1_GGTAGAGCAATACAGA
5958	e16_s1_GGTAGAGCACGTAACT
5959	e16_s1_GGTAGAGGTCGCGGTT
5960	e16_s1_GGTAGAGGTGCCGTTG
5961	e16_s1_GGTAGAGGTTATGGTC
5962	e16_s1_GGTAGAGGTTGGCCTG
5963	e16_s1_GGTAGAGTCACCTTAT
5964	e16_s1_GGTAGAGTCACTACTT
5965	e16_s1_GGTAGAGTCGCGTCGA
5966	e16_s1_GGTCACGAGATGCCGA
5967	e16_s1_GGTCACGAGCGCTGAA
5968	e16_s1_GGTCACGAGTGGCGAT
5969	e16_s1_GGTCACGAGTTGAAAC
5970	e16_s1_GGTCACGAGTTTAGGA
5971	e16_s1_GGTCACGCACAACATC
5972	e16_s1_GGTCACGCAGCTGTTA
5973	e16_s1_GGTCACGCAGGCTTGC
5974	e16_s1_GGTCACGCATCTTCGC
5975	e16_s1_GGTCACGGTGCAATGG
5976	e16_s1_GGTCACGTCATCAGTG
5977	e16_s1_GGTCACGTCCACGTGG
5978	e16_s1_GGTCACGTCGCAGAGA
5979	e16_s1_GGTCTGGAGACAGCGT
5980	e16_s1_GGTCTGGAGACCATAA
5981	e16_s1_GGTCTGGAGCAAATGT
5982	e16_s1_GGTCTGGAGCTACTGT
5983	e16_s1_GGTCTGGAGCTTGTTG
5984	e16_s1_GGTCTGGCACAAAGCG
5985	e16_s1_GGTCTGGCACGGTCTG
5986	e16_s1_GGTCTGGGTGCCTGCA
5987	e16_s1_GGTCTGGGTTAGAGAT
5988	e16_s1_GGTGAAGAGAAACTAC
5989	e16_s1_GGTGAAGAGATAGGGA
5990	e16_s1_GGTGAAGAGCAGTACG
5991	e16_s1_GGTGAAGAGCATATGA
5992	e16_s1_GGTGAAGAGTGTAGAT
5993	e16_s1_GGTGAAGCAAGCTCTA
5994	e16_s1_GGTGAAGCAATTCTCT
5995	e16_s1_GGTGAAGCATTGCAAC
5996	e16_s1_GGTGAAGGTCCGTACG
5997	e16_s1_GGTGAAGGTGGCTAGA
5998	e16_s1_GGTGAAGTCAGCCCAG
5999	e16_s1_GGTGAAGTCCGCGATG
6000	e16_s1_GGTGATTCAAAGGATT
6001	e16_s1_GGTGATTCATAATCCG
6002	e16_s1_GGTGATTTCCGCAACG
6003	e16_s1_GGTGATTTCCGGACGT
6004	e16_s1_GGTGGCTAGAGCAAGA
6005	e16_s1_GGTGGCTAGCGAATGC
6006	e16_s1_GGTGGCTAGCTCACTA
6007	e16_s1_GGTGGCTAGTCGCTAT
6008	e16_s1_GGTGGCTAGTTGGGAC
6009	e16_s1_GGTGGCTCAAATTAGG
6010	e16_s1_GGTGGCTCAGTTCACA
6011	e16_s1_GGTGGCTCATCGGAAG
6012	e16_s1_GGTGGCTGTAGCGCTC
6013	e16_s1_GGTGGCTGTCACGCTG
6014	e16_s1_GGTGGCTGTCGTCAGC
6015	e16_s1_GGTGGCTGTCGTGATT
6016	e16_s1_GGTGGCTTCATCTCTA
6017	e16_s1_GGTGGCTTCGTAGCTA
6018	e16_s1_GGTGTCGAGATTGTGA
6019	e16_s1_GGTGTCGAGTTGGACG
6020	e16_s1_GGTGTCGCACAAGTTC
6021	e16_s1_GGTGTCGCAGGAGGTT
6022	e16_s1_GGTGTCGCAGGCTTGC
6023	e16_s1_GGTGTCGCAGTTTCGA
6024	e16_s1_GGTGTCGCATCCGAGC
6025	e16_s1_GGTGTCGGTGCACATT
6026	e16_s1_GGTGTCGGTGCTCCGA
6027	e16_s1_GGTGTCGGTTCACCGG
6028	e16_s1_GGTGTCGTCCCGAAAT
6029	e16_s1_GGTGTCGTCGTTCTAT
6030	e16_s1_GGTGTCGTCTGACCCT
6031	e16_s1_GGTGTTAAGAAAGTCT
6032	e16_s1_GGTGTTAAGGGAACAA
6033	e16_s1_GGTGTTAAGGTAGGCT
6034	e16_s1_GGTGTTACACAAACGG
6035	e16_s1_GGTGTTACACCCAACG
6036	e16_s1_GGTGTTACAGCATACT
6037	e16_s1_GGTGTTACAGTAACCT
6038	e16_s1_GGTGTTACATACAGGG
6039	e16_s1_GGTGTTACATACCATG
6040	e16_s1_GGTGTTATCAGTGTGT
6041	e16_s1_GGTGTTATCGTAACCA
6042	e16_s1_GGTGTTATCTGAACGT
6043	e16_s1_GGTTAACAGGTCCGAA
6044	e16_s1_GGTTAACAGGTGGTTG
6045	e16_s1_GGTTAACCAATACGCT
6046	e16_s1_GGTTAACCACGCAGTC
6047	e16_s1_GGTTAACCAGCGTAGA
6048	e16_s1_GGTTAACCATTCTCCG
6049	e16_s1_GGTTAACGTGCTTCAA
6050	e16_s1_GGTTAACTCATATGGC
6051	e16_s1_GGTTAACTCCACAGCG
6052	e16_s1_GGTTAACTCCTCAGGG
6053	e16_s1_GGTTCTCAGAATCGTA
6054	e16_s1_GGTTCTCAGAGGATGA
6055	e16_s1_GGTTCTCAGATCACTC
6056	e16_s1_GGTTCTCCAAACCGGA
6057	e16_s1_GGTTCTCCAACAGAGC
6058	e16_s1_GGTTCTCCAAGACTGG
6059	e16_s1_GGTTCTCCACATATCG
6060	e16_s1_GGTTCTCCACGGCTAC
6061	e16_s1_GGTTCTCCACGGGTAA
6062	e16_s1_GGTTCTCCACGTATAC
6063	e16_s1_GGTTCTCCATCCAATG
6064	e16_s1_GGTTCTCGTTGGCCTG
6065	e16_s1_GGTTCTCTCCCATACC
6066	e16_s1_GGTTCTCTCGGCATAT
6067	e16_s1_GGTTCTCTCGGCTGTG
6068	e16_s1_GGTTGTAAGAATCGCG
6069	e16_s1_GGTTGTAAGAGCTTTC
6070	e16_s1_GGTTGTAAGGAAGAAC
6071	e16_s1_GGTTGTAAGGATCATA
6072	e16_s1_GGTTGTAAGGCGTCCT
6073	e16_s1_GGTTGTACAGTCGGAA
6074	e16_s1_GGTTGTAGTAACTTCG
6075	e16_s1_GGTTGTAGTGATGTAA
6076	e16_s1_GGTTGTAGTGTTGAGG
6077	e16_s1_GGTTGTAGTGTTTCTT
6078	e16_s1_GGTTGTATCACGGACC
6079	e16_s1_GGTTGTATCAGTGTGT
6080	e16_s1_GGTTGTATCGAACCAT
6081	e16_s1_GTAACACAGCAGGCTA
6082	e16_s1_GTAACACAGGAACATT
6083	e16_s1_GTAACACAGGCACCAA
6084	e16_s1_GTAACACCAAAGTATG
6085	e16_s1_GTAACACCAAATTAGG
6086	e16_s1_GTAACACCAACCGGAA
6087	e16_s1_GTAACACGTCGACGCT
6088	e16_s1_GTAACACGTCGCATTA
6089	e16_s1_GTAACACGTCTCGGGT
6090	e16_s1_GTAACACGTTTCACAG
6091	e16_s1_GTAACACTCATTTCCA
6092	e16_s1_GTAACACTCGGTAGAG
6093	e16_s1_GTAACACTCTTCGGAA
6094	e16_s1_GTAACCAAGGGTCAAC
6095	e16_s1_GTAACCACAAAGCACG
6096	e16_s1_GTAACCACAGCCGTCA
6097	e16_s1_GTAACCACAGGGTTGA
6098	e16_s1_GTAACCACAGTAGGAC
6099	e16_s1_GTAACCACATCGGATT
6100	e16_s1_GTAACCAGTCTCCCTA
6101	e16_s1_GTAACCAGTTGGGACA
6102	e16_s1_GTAAGTCAGCAATTCC
6103	e16_s1_GTAAGTCAGTACGTCT
6104	e16_s1_GTAAGTCCAGGCTCTG
6105	e16_s1_GTAAGTCGTAATCAGA
6106	e16_s1_GTAAGTCTCAAGCCGC
6107	e16_s1_GTAAGTCTCACTCCGT
6108	e16_s1_GTAAGTCTCACTGTCC
6109	e16_s1_GTAAGTCTCGATTGGT
6110	e16_s1_GTAAGTCTCTTACACT
6111	e16_s1_GTAATCGCAACACACT
6112	e16_s1_GTAATCGGTAGGCTCC
6113	e16_s1_GTAATCGGTATTAAGG
6114	e16_s1_GTAATCGTCGAACACT
6115	e16_s1_GTAATCGTCGCCTCTA
6116	e16_s1_GTAATCGTCGGAGTAG
6117	e16_s1_GTAATCGTCGTGCACG
6118	e16_s1_GTAATCGTCTCCTACG
6119	e16_s1_GTAATCGTCTGGGTCG
6120	e16_s1_GTAATGCAGAAGAACG
6121	e16_s1_GTAATGCAGGATATGT
6122	e16_s1_GTAATGCCAGCTCCTT
6123	e16_s1_GTAATGCCAGCTGCCA
6124	e16_s1_GTAATGCGTTGCACGC
6125	e16_s1_GTAATGCTCACAATGC
6126	e16_s1_GTAATGCTCGCATAGT
6127	e16_s1_GTACAACCAAGATGTA
6128	e16_s1_GTACAACCAATTTCTC
6129	e16_s1_GTACAACCAGGTCAAG
6130	e16_s1_GTACAACGTCCATCTC
6131	e16_s1_GTACAACGTTAGAGAT
6132	e16_s1_GTACAACGTTGGGTTT
6133	e16_s1_GTACAGTAGTCATCCA
6134	e16_s1_GTACAGTAGTTACGTC
6135	e16_s1_GTACAGTCACATACTG
6136	e16_s1_GTACAGTCACGGCACT
6137	e16_s1_GTACAGTCAGAATTCC
6138	e16_s1_GTACAGTCAGTGTACT
6139	e16_s1_GTACAGTGTCCACATA
6140	e16_s1_GTACAGTGTGAGATCG
6141	e16_s1_GTACAGTTCCTCACCA
6142	e16_s1_GTACAGTTCTATGCCC
6143	e16_s1_GTAGAAACAACTACGT
6144	e16_s1_GTAGAAACAATTGCAC
6145	e16_s1_GTAGAAACAGACCATT
6146	e16_s1_GTAGAAACATCGCCTT
6147	e16_s1_GTAGAAACATGGAAGC
6148	e16_s1_GTAGAAAGTACGAGTG
6149	e16_s1_GTAGAAAGTATACAGA
6150	e16_s1_GTAGAAAGTCAGCTTA
6151	e16_s1_GTAGAAATCAAGAGGC
6152	e16_s1_GTAGAAATCCGCATAA
6153	e16_s1_GTAGAAATCGACATCA
6154	e16_s1_GTAGAAATCGGCTGAC
6155	e16_s1_GTAGAGGAGAAACACT
6156	e16_s1_GTAGAGGAGTTTGCTG
6157	e16_s1_GTAGAGGCAAATACAG
6158	e16_s1_GTAGAGGCAGGCACTC
6159	e16_s1_GTAGAGGGTACAAACA
6160	e16_s1_GTAGAGGGTCAATGGG
6161	e16_s1_GTAGAGGGTGCTCTTC
6162	e16_s1_GTAGAGGGTGTTAGCT
6163	e16_s1_GTAGAGGGTTGAATCC
6164	e16_s1_GTAGAGGTCGGCTGGT
6165	e16_s1_GTAGATCAGAAGGATG
6166	e16_s1_GTAGATCAGGCAGGTT
6167	e16_s1_GTAGATCAGTCGCTAT
6168	e16_s1_GTAGATCAGTGACCTT
6169	e16_s1_GTAGATCAGTTTGTCG
6170	e16_s1_GTAGATCCACGACAGA
6171	e16_s1_GTAGATCTCACTGCTC
6172	e16_s1_GTAGCTAAGACGGTCA
6173	e16_s1_GTAGCTAAGGGTACAC
6174	e16_s1_GTAGCTAAGTCAAGCG
6175	e16_s1_GTAGCTAAGTTCGCAT
6176	e16_s1_GTAGCTACAACGTTAC
6177	e16_s1_GTAGCTACACGACCTG
6178	e16_s1_GTAGCTACAGTCAGTT
6179	e16_s1_GTAGCTACATGTCTAG
6180	e16_s1_GTAGCTAGTCACGACC
6181	e16_s1_GTAGCTAGTCCGGACT
6182	e16_s1_GTAGCTAGTTCAGCGC
6183	e16_s1_GTAGCTAGTTCGAGCC
6184	e16_s1_GTAGCTATCCCGTTCA
6185	e16_s1_GTAGGAGAGCTAAACA
6186	e16_s1_GTAGGAGCAAATGAAC
6187	e16_s1_GTAGGAGCACAATTCG
6188	e16_s1_GTAGGAGGTCTGCAAT
6189	e16_s1_GTAGGAGGTGGAAGTC
6190	e16_s1_GTAGGAGGTTAAGTCC
6191	e16_s1_GTAGGAGGTTACGATC
6192	e16_s1_GTAGGAGGTTGTCAGT
6193	e16_s1_GTAGGAGTCCGCACTT
6194	e16_s1_GTAGGAGTCGCCATAA
6195	e16_s1_GTAGGAGTCGGACCAC
6196	e16_s1_GTAGGAGTCGGTAACT
6197	e16_s1_GTAGGTTAGAGCAGAA
6198	e16_s1_GTAGGTTAGGCCTAGA
6199	e16_s1_GTAGGTTAGGGAACAA
6200	e16_s1_GTAGGTTCACCGGTCA
6201	e16_s1_GTAGGTTGTACGTGAG
6202	e16_s1_GTAGGTTGTAGGCAGT
6203	e16_s1_GTAGGTTGTGCGAGTA
6204	e16_s1_GTAGGTTGTTCTATCT
6205	e16_s1_GTAGGTTTCTGCGATA
6206	e16_s1_GTAGTACCAGCCCAGT
6207	e16_s1_GTAGTACGTCCAGCAC
6208	e16_s1_GTAGTACGTCCATAGT
6209	e16_s1_GTAGTACGTCCCGTGA
6210	e16_s1_GTAGTACGTGACGTCC
6211	e16_s1_GTAGTACTCAGGACAG
6212	e16_s1_GTAGTACTCAGGCGAA
6213	e16_s1_GTAGTACTCCACTTCG
6214	e16_s1_GTAGTACTCCCATAAG
6215	e16_s1_GTATTGGAGAAACCCG
6216	e16_s1_GTATTGGAGCAAGCCA
6217	e16_s1_GTATTGGAGCATCGAG
6218	e16_s1_GTATTGGCACTAGGTT
6219	e16_s1_GTATTGGCAGGTCAAG
6220	e16_s1_GTATTGGGTTTACGTG
6221	e16_s1_GTATTGGTCATGGGAG
6222	e16_s1_GTATTGGTCCTCTAAT
6223	e16_s1_GTATTTCAGGACAAGA
6224	e16_s1_GTATTTCAGGTATAGT
6225	e16_s1_GTATTTCCACGACTAT
6226	e16_s1_GTATTTCCAGCACAGA
6227	e16_s1_GTATTTCCAGCTGAGA
6228	e16_s1_GTATTTCCAGGTACGA
6229	e16_s1_GTATTTCGTACCTTCC
6230	e16_s1_GTATTTCGTGTCTTAG
6231	e16_s1_GTATTTCTCCAAACCA
6232	e16_s1_GTATTTCTCGCTATTT
6233	e16_s1_GTCAAACAGTAGCATA
6234	e16_s1_GTCAAACAGTTGGAGC
6235	e16_s1_GTCAAACCAAATGGTA
6236	e16_s1_GTCAAACCACTCCTGT
6237	e16_s1_GTCAAACCATGATGCT
6238	e16_s1_GTCAAACGTCACTAGT
6239	e16_s1_GTCAAACGTCCAGCCA
6240	e16_s1_GTCAAACGTCGGTGAA
6241	e16_s1_GTCAAACGTTGCGGAA
6242	e16_s1_GTCAAACTCATGGTAC
6243	e16_s1_GTCAAACTCGCATTAG
6244	e16_s1_GTCAAACTCGGACCAC
6245	e16_s1_GTCAAGTAGAATCTAG
6246	e16_s1_GTCAAGTAGAGTGAAG
6247	e16_s1_GTCAAGTAGCAAATCA
6248	e16_s1_GTCAAGTAGCTACTGT
6249	e16_s1_GTCAAGTAGGTCTGGA
6250	e16_s1_GTCAAGTCATTCCTCG
6251	e16_s1_GTCAAGTCATTCGATG
6252	e16_s1_GTCAAGTGTAGAGCTG
6253	e16_s1_GTCAAGTGTCACCGAC
6254	e16_s1_GTCAAGTGTCACTAGT
6255	e16_s1_GTCAAGTGTTTAGTCG
6256	e16_s1_GTCAAGTTCAAACGAA
6257	e16_s1_GTCAAGTTCCTAGCCT
6258	e16_s1_GTCACGGAGTCAAGCG
6259	e16_s1_GTCACGGCACCCTAAA
6260	e16_s1_GTCACGGCATATAGCC
6261	e16_s1_GTCACGGCATGACGTT
6262	e16_s1_GTCACGGGTAGTGATA
6263	e16_s1_GTCACGGTCCCTCTAG
6264	e16_s1_GTCACGGTCTTACGGA
6265	e16_s1_GTCACTCAGCGTTCCG
6266	e16_s1_GTCACTCAGGCCTTCG
6267	e16_s1_GTCACTCAGGTCCTGC
6268	e16_s1_GTCACTCCAAGCTACT
6269	e16_s1_GTCACTCCACAGTGAG
6270	e16_s1_GTCACTCGTAGTTAGA
6271	e16_s1_GTCACTCGTCCATAGT
6272	e16_s1_GTCACTCTCAGCAGAG
6273	e16_s1_GTCACTCTCCATATGG
6274	e16_s1_GTCACTCTCCCTCGAT
6275	e16_s1_GTCACTCTCCTACCGT
6276	e16_s1_GTCACTCTCCTGTTGC
6277	e16_s1_GTCACTCTCGGCTGAC
6278	e16_s1_GTCAGCGAGAATACAC
6279	e16_s1_GTCAGCGAGTAGGAAG
6280	e16_s1_GTCAGCGAGTGCTCGC
6281	e16_s1_GTCAGCGCACCGGCTA
6282	e16_s1_GTCAGCGCATGTTCGA
6283	e16_s1_GTCAGCGGTACAAAGT
6284	e16_s1_GTCAGCGGTCCACTCT
6285	e16_s1_GTCAGCGTCAACCCGG
6286	e16_s1_GTCAGCGTCACCGGTG
6287	e16_s1_GTCAGCGTCCACGTCT
6288	e16_s1_GTCAGCGTCGATACAC
6289	e16_s1_GTCAGCGTCTTCACGC
6290	e16_s1_GTCATCCAGAATCTAG
6291	e16_s1_GTCATCCAGCTCCACG
6292	e16_s1_GTCATCCAGGTTACAA
6293	e16_s1_GTCATCCCAATACCTG
6294	e16_s1_GTCATCCCACATGAAA
6295	e16_s1_GTCATCCCAGACAATA
6296	e16_s1_GTCATCCCAGCAGAAC
6297	e16_s1_GTCATCCTCATGAGAA
6298	e16_s1_GTCATCCTCCGGCAGT
6299	e16_s1_GTCATCCTCGTCCATC
6300	e16_s1_GTCATCCTCTTCGACC
6301	e16_s1_GTCATGAAGCACTCTA
6302	e16_s1_GTCATGAAGGTCACTT
6303	e16_s1_GTCATGAAGTCAAGCG
6304	e16_s1_GTCATGAAGTTCAACC
6305	e16_s1_GTCATGACAATAGTGA
6306	e16_s1_GTCATGAGTGTCGCTG
6307	e16_s1_GTCATGATCAAGTGGG
6308	e16_s1_GTCATGATCCCATAGA
6309	e16_s1_GTCATGATCCTGTACC
6310	e16_s1_GTCATGATCGGCATTA
6311	e16_s1_GTCATGATCTCCTGTG
6312	e16_s1_GTCATTTAGTCCGCCA
6313	e16_s1_GTCATTTCACACCGCA
6314	e16_s1_GTCATTTCATTAGGAA
6315	e16_s1_GTCATTTGTACAGAAT
6316	e16_s1_GTCATTTGTTCAAACC
6317	e16_s1_GTCATTTTCCATTTGT
6318	e16_s1_GTCATTTTCGCTTACC
6319	e16_s1_GTCCACTCAGCTGAGA
6320	e16_s1_GTCCACTCAGTAGAAT
6321	e16_s1_GTCCACTCATGACCCG
6322	e16_s1_GTCCACTCATTATGCG
6323	e16_s1_GTCCACTTCCATTGGA
6324	e16_s1_GTCCACTTCCCGTGTT
6325	e16_s1_GTCCCATAGCCAGACA
6326	e16_s1_GTCCCATAGCGGTAAC
6327	e16_s1_GTCCCATAGGTGCTGA
6328	e16_s1_GTCCCATCAATGTTGC
6329	e16_s1_GTCCCATGTAGACTGG
6330	e16_s1_GTCCTCAAGACCCTTA
6331	e16_s1_GTCCTCAAGCTGGAGT
6332	e16_s1_GTCCTCAAGGCAGGGA
6333	e16_s1_GTCCTCAAGTACCATC
6334	e16_s1_GTCCTCAAGTGGTGGT
6335	e16_s1_GTCCTCACAAACACCT
6336	e16_s1_GTCCTCACAAACGTGG
6337	e16_s1_GTCCTCACAAGCGCTC
6338	e16_s1_GTCCTCAGTCATAACC
6339	e16_s1_GTCCTCATCTAGACCA
6340	e16_s1_GTCCTCATCTAGAGCT
6341	e16_s1_GTCGAATAGATACATG
6342	e16_s1_GTCGAATAGATCGGTG
6343	e16_s1_GTCGAATAGCGCTGAA
6344	e16_s1_GTCGAATCAGGGTCTC
6345	e16_s1_GTCGAATGTAACTTCG
6346	e16_s1_GTCGAATGTAGGGTAC
6347	e16_s1_GTCGAATGTGCATGTT
6348	e16_s1_GTCGAATTCGACATAC
6349	e16_s1_GTCGAATTCGAGAGAC
6350	e16_s1_GTCGCGAAGGTCGTAG
6351	e16_s1_GTCGCGAAGTGGACGT
6352	e16_s1_GTCGCGACAACAGCCC
6353	e16_s1_GTCGCGACACCTGCGA
6354	e16_s1_GTCGCGACACGAGGTA
6355	e16_s1_GTCGCGACAGTTGTCA
6356	e16_s1_GTCGCGAGTCTACGAT
6357	e16_s1_GTCGCGAGTGCCCGTA
6358	e16_s1_GTCGCGAGTTCCGCGA
6359	e16_s1_GTCGCGATCATGGGAG
6360	e16_s1_GTCGCGATCTCTCTAA
6361	e16_s1_GTCGCGATCTGCACCT
6362	e16_s1_GTCGTAAAGAGGGCGA
6363	e16_s1_GTCGTAAAGTTGAATG
6364	e16_s1_GTCGTAACAAGTGATA
6365	e16_s1_GTCGTAACACCCTCTA
6366	e16_s1_GTCGTAAGTCAGTTTG
6367	e16_s1_GTCGTAAGTTGACTAC
6368	e16_s1_GTCGTAAGTTGAGGAC
6369	e16_s1_GTCGTAAGTTTCCAAG
6370	e16_s1_GTCGTAAGTTTGAACC
6371	e16_s1_GTCGTAATCAACGAGG
6372	e16_s1_GTCGTAATCATCGACA
6373	e16_s1_GTCGTAATCATGCCCT
6374	e16_s1_GTCGTAATCGGTAGAG
6375	e16_s1_GTCGTAATCTAGGCAT
6376	e16_s1_GTCGTAATCTTTGCTA
6377	e16_s1_GTCGTTCAGGGACAGG
6378	e16_s1_GTCGTTCCAATTTCCT
6379	e16_s1_GTCGTTCCAGGCTATT
6380	e16_s1_GTCGTTCGTCAACGCC
6381	e16_s1_GTCGTTCGTCCAGCCA
6382	e16_s1_GTCGTTCGTTCATCGA
6383	e16_s1_GTCGTTCTCACGGTCG
6384	e16_s1_GTCGTTCTCCCAACTC
6385	e16_s1_GTCGTTCTCCGTGGTG
6386	e16_s1_GTCTACCAGAGTCCGA
6387	e16_s1_GTCTACCAGTAGGCCA
6388	e16_s1_GTCTACCCAATAGTAG
6389	e16_s1_GTCTACCCAATGGCAG
6390	e16_s1_GTCTACCCACGTTGGC
6391	e16_s1_GTCTACCCAGTCAGCC
6392	e16_s1_GTCTACCCATTATGCG
6393	e16_s1_GTCTACCGTCTATGAC
6394	e16_s1_GTCTACCTCACTGGGC
6395	e16_s1_GTCTACCTCTCTGCTG
6396	e16_s1_GTCTACCTCTGTCGTC
6397	e16_s1_GTCTAGAAGAAACACT
6398	e16_s1_GTCTAGAAGAGCGACT
6399	e16_s1_GTCTAGAAGGAGCTGT
6400	e16_s1_GTCTAGACAACGCATT
6401	e16_s1_GTCTAGAGTACCTAGT
6402	e16_s1_GTCTAGAGTTATAGAG
6403	e16_s1_GTCTAGATCACAAGAA
6404	e16_s1_GTCTAGATCCATCTGC
6405	e16_s1_GTCTAGATCTAGGCCG
6406	e16_s1_GTCTCACAGCGTATAA
6407	e16_s1_GTCTCACAGTTGCCTA
6408	e16_s1_GTCTCACCACAAATGA
6409	e16_s1_GTCTCACGTCCCGGTA
6410	e16_s1_GTCTCACGTGTCTTGA
6411	e16_s1_GTCTCACTCACTAGCA
6412	e16_s1_GTCTCACTCCTTACCG
6413	e16_s1_GTCTCACTCTGGGAGA
6414	e16_s1_GTCTGTCAGATAGCTA
6415	e16_s1_GTCTGTCGTACCTAGT
6416	e16_s1_GTCTGTCTCACCTGTC
6417	e16_s1_GTCTGTCTCCCAGTGG
6418	e16_s1_GTCTGTCTCGTAGGGA
6419	e16_s1_GTCTGTCTCGTGGGAA
6420	e16_s1_GTCTGTCTCTCGTGAA
6421	e16_s1_GTCTTTAAGCAGATAT
6422	e16_s1_GTCTTTAAGGAGAGTA
6423	e16_s1_GTCTTTAAGTTCCAGT
6424	e16_s1_GTCTTTACAAGTGGGT
6425	e16_s1_GTCTTTACAGGAGGTT
6426	e16_s1_GTCTTTAGTATGATCC
6427	e16_s1_GTCTTTAGTGATCGTT
6428	e16_s1_GTCTTTAGTGCCCGTA
6429	e16_s1_GTCTTTATCACAATGC
6430	e16_s1_GTCTTTATCACGAACT
6431	e16_s1_GTCTTTATCACGGACC
6432	e16_s1_GTCTTTATCAGGACGA
6433	e16_s1_GTGACGCAGACCATAA
6434	e16_s1_GTGACGCAGGAATCGC
6435	e16_s1_GTGACGCAGTACCGGA
6436	e16_s1_GTGACGCAGTGTGTTC
6437	e16_s1_GTGACGCCAAGTGATA
6438	e16_s1_GTGACGCTCAGTGTCA
6439	e16_s1_GTGACGCTCTCAACGA
6440	e16_s1_GTGAGCCAGCAGTCTT
6441	e16_s1_GTGAGCCCAGACCCGT
6442	e16_s1_GTGAGCCCAGGACTAG
6443	e16_s1_GTGAGCCGTAGAATAC
6444	e16_s1_GTGAGCCGTTGCTCGG
6445	e16_s1_GTGAGCCTCCGAGCTG
6446	e16_s1_GTGAGCCTCTCATGGA
6447	e16_s1_GTGAGGAAGAAGAGCA
6448	e16_s1_GTGAGGAAGATGCTTC
6449	e16_s1_GTGAGGAAGCATAGGC
6450	e16_s1_GTGAGGAAGGGAGGCA
6451	e16_s1_GTGAGGACAATCAAGA
6452	e16_s1_GTGAGGACAGGTCAGA
6453	e16_s1_GTGAGGATCATCAGTG
6454	e16_s1_GTGAGGATCATTGCTT
6455	e16_s1_GTGAGGATCGTGCACG
6456	e16_s1_GTGAGGATCTTCTTCC
6457	e16_s1_GTGAGTTAGACGCCCT
6458	e16_s1_GTGAGTTAGAGTTCGG
6459	e16_s1_GTGAGTTAGCCGGATA
6460	e16_s1_GTGAGTTCAAGTCCAT
6461	e16_s1_GTGAGTTCACGGCACT
6462	e16_s1_GTGAGTTCATCTCCCA
6463	e16_s1_GTGAGTTGTTATTCCT
6464	e16_s1_GTGAGTTTCAAACCTG
6465	e16_s1_GTGAGTTTCAAGGCTT
6466	e16_s1_GTGAGTTTCCTCACCA
6467	e16_s1_GTGAGTTTCGGTCAGC
6468	e16_s1_GTGAGTTTCTGGTTGA
6469	e16_s1_GTGATGTAGCATACTC
6470	e16_s1_GTGATGTCAAGCAATA
6471	e16_s1_GTGATGTCACAAAGTA
6472	e16_s1_GTGATGTCAGGTTACT
6473	e16_s1_GTGATGTCATTCAGGT
6474	e16_s1_GTGATGTGTAGCGTCC
6475	e16_s1_GTGCACGAGAGTGACC
6476	e16_s1_GTGCACGAGGACGGAG
6477	e16_s1_GTGCACGAGTAAGGGA
6478	e16_s1_GTGCACGAGTATGACA
6479	e16_s1_GTGCACGCAAAGGATT
6480	e16_s1_GTGCACGCAGGTCTCG
6481	e16_s1_GTGCACGCAGTTTCGA
6482	e16_s1_GTGCACGGTATCGTTG
6483	e16_s1_GTGCACGGTCGAACAG
6484	e16_s1_GTGCACGGTCGTAATC
6485	e16_s1_GTGCACGGTTTCGTTT
6486	e16_s1_GTGCACGTCCGTAGGC
6487	e16_s1_GTGCACGTCTACGCAA
6488	e16_s1_GTGCAGCAGGGTTAAT
6489	e16_s1_GTGCAGCAGTCCTGTA
6490	e16_s1_GTGCAGCCACGCTATA
6491	e16_s1_GTGCAGCCACGTCGTG
6492	e16_s1_GTGCAGCGTACAGTCT
6493	e16_s1_GTGCAGCGTAGCGTTT
6494	e16_s1_GTGCAGCGTTATGTGC
6495	e16_s1_GTGCAGCTCCTTGACC
6496	e16_s1_GTGCAGCTCTGAGGCC
6497	e16_s1_GTGCGTGAGAAGATCT
6498	e16_s1_GTGCGTGAGATTAGTG
6499	e16_s1_GTGCGTGAGATTGGGC
6500	e16_s1_GTGCGTGAGTCCGCCA
6501	e16_s1_GTGCGTGCACAATTCG
6502	e16_s1_GTGCGTGCAGGTTCGC
6503	e16_s1_GTGCGTGGTACCCAGC
6504	e16_s1_GTGCGTGGTGTTCGTA
6505	e16_s1_GTGCGTGTCCACGAAT
6506	e16_s1_GTGCTGGAGATGATTG
6507	e16_s1_GTGCTGGCACGCGTCA
6508	e16_s1_GTGCTGGCAGATACCT
6509	e16_s1_GTGCTGGCATCGTGGC
6510	e16_s1_GTGCTGGCATGTCGTA
6511	e16_s1_GTGCTGGTCCACACAA
6512	e16_s1_GTGCTGGTCTGCAGCG
6513	e16_s1_GTGCTTCAGAATAGTC
6514	e16_s1_GTGCTTCCAGCAGAAC
6515	e16_s1_GTGCTTCGTCCCTGAG
6516	e16_s1_GTGCTTCGTTGCATTG
6517	e16_s1_GTGCTTCTCAGCTGAT
6518	e16_s1_GTGCTTCTCCCTCTTT
6519	e16_s1_GTGCTTCTCGTCAACA
6520	e16_s1_GTGCTTCTCTCCCAAC
6521	e16_s1_GTGGAAGAGGTGAGAA
6522	e16_s1_GTGGAAGGTAACAGGC
6523	e16_s1_GTGGAAGTCATTACCT
6524	e16_s1_GTGGAAGTCTGCCTGT
6525	e16_s1_GTGGAGAAGGTAAGTT
6526	e16_s1_GTGGAGAAGTTACGAA
6527	e16_s1_GTGGAGACACACGTGC
6528	e16_s1_GTGGAGACAGCTTCCT
6529	e16_s1_GTGGAGACATAGAGGC
6530	e16_s1_GTGGAGAGTCATAACC
6531	e16_s1_GTGGAGAGTCGGCACT
6532	e16_s1_GTGGAGAGTGCAGATG
6533	e16_s1_GTGGAGAGTGGGAGAG
6534	e16_s1_GTGGAGAGTTCGGTCG
6535	e16_s1_GTGGAGATCATGCCAA
6536	e16_s1_GTGGAGATCGCAGTCG
6537	e16_s1_GTGGAGATCGCCTAGG
6538	e16_s1_GTGGAGATCGTCAAAC
6539	e16_s1_GTGGAGATCGTCGCTT
6540	e16_s1_GTGGAGATCTAAGCGT
6541	e16_s1_GTGGCGTCAATCTAGC
6542	e16_s1_GTGGCGTCACATTGTG
6543	e16_s1_GTGGCGTGTCGCACGT
6544	e16_s1_GTGGCGTGTGCAAGAC
6545	e16_s1_GTGGCGTGTGCTCTCT
6546	e16_s1_GTGGCGTGTTAAACCC
6547	e16_s1_GTGGGAAAGCGTGTTT
6548	e16_s1_GTGGGAAAGGCTAACG
6549	e16_s1_GTGGGAAAGTAAAGCT
6550	e16_s1_GTGGGAACACACCTGG
6551	e16_s1_GTGGGAACATAGACTC
6552	e16_s1_GTGGGAAGTACCGGCT
6553	e16_s1_GTGGGAAGTATACGGG
6554	e16_s1_GTGGGAAGTCCCAAAT
6555	e16_s1_GTGGGAAGTCGTGTTA
6556	e16_s1_GTGGGAATCTAGTGAC
6557	e16_s1_GTGGTTAAGCAACTCT
6558	e16_s1_GTGGTTAAGGATGAGA
6559	e16_s1_GTGGTTAAGGGATCGT
6560	e16_s1_GTGGTTAAGTGAACAT
6561	e16_s1_GTGGTTAGTCGTGATT
6562	e16_s1_GTGGTTAGTCTTCAAG
6563	e16_s1_GTGGTTATCCATACAG
6564	e16_s1_GTGGTTATCGTGTCAA
6565	e16_s1_GTGTAACAGTCATCGT
6566	e16_s1_GTGTAACCAAATCAAG
6567	e16_s1_GTGTAACCACTGTCCT
6568	e16_s1_GTGTAACCATAACTCG
6569	e16_s1_GTGTAACCATCGAACT
6570	e16_s1_GTGTAACGTATGTCTG
6571	e16_s1_GTGTAACGTCATAAAG
6572	e16_s1_GTGTAACTCACCCTGT
6573	e16_s1_GTGTAACTCACTGCTC
6574	e16_s1_GTGTAACTCGAAGGAC
6575	e16_s1_GTGTAACTCGAGATGG
6576	e16_s1_GTGTCCTAGAGAGGTA
6577	e16_s1_GTGTCCTAGGGATCTG
6578	e16_s1_GTGTCCTCACAAAGTA
6579	e16_s1_GTGTCCTCACAACGTT
6580	e16_s1_GTGTCCTCAGTGTGGA
6581	e16_s1_GTGTCCTCAGTTCACA
6582	e16_s1_GTGTCCTGTTGGGTAG
6583	e16_s1_GTGTCCTTCAATCTCT
6584	e16_s1_GTGTCCTTCACAGTGT
6585	e16_s1_GTGTCCTTCATTGCTT
6586	e16_s1_GTGTCCTTCCGTACGG
6587	e16_s1_GTGTCCTTCGCTTGAA
6588	e16_s1_GTGTCCTTCTGCTTTA
6589	e16_s1_GTGTGATAGACCTGGA
6590	e16_s1_GTGTGATAGGAACATT
6591	e16_s1_GTGTGATAGGACAGTC
6592	e16_s1_GTGTGATAGTCAGAGC
6593	e16_s1_GTGTGATCAATCCTAG
6594	e16_s1_GTGTGATCATGGCACC
6595	e16_s1_GTGTGATGTATATGGA
6596	e16_s1_GTGTGATGTCGATTAC
6597	e16_s1_GTGTGATTCACTCACC
6598	e16_s1_GTGTGATTCATTTGGG
6599	e16_s1_GTGTGATTCGCATTGA
6600	e16_s1_GTGTGGCAGAATCGTA
6601	e16_s1_GTGTGGCAGGGTGAAA
6602	e16_s1_GTGTGGCGTAGCGCCT
6603	e16_s1_GTGTGGCTCCCACAGG
6604	e16_s1_GTGTGGCTCTTTCCAA
6605	e16_s1_GTGTTAGCAAGTAGTA
6606	e16_s1_GTGTTAGCATCGATCA
6607	e16_s1_GTGTTAGGTATGGAGC
6608	e16_s1_GTGTTAGGTATTCTCT
6609	e16_s1_GTGTTAGGTGCCTGCA
6610	e16_s1_GTGTTCCAGATAACAC
6611	e16_s1_GTGTTCCAGGCTCTCG
6612	e16_s1_GTGTTCCCAATGAACA
6613	e16_s1_GTGTTCCCAGTGTATC
6614	e16_s1_GTGTTCCGTGGACCAA
6615	e16_s1_GTGTTCCTCAGCTAGT
6616	e16_s1_GTGTTCCTCGTAGTCA
6617	e16_s1_GTTACAGAGAAATTGC
6618	e16_s1_GTTACAGAGCACCCAC
6619	e16_s1_GTTACAGAGCTAGTTC
6620	e16_s1_GTTACAGAGGAACGTC
6621	e16_s1_GTTACAGCACACCTTC
6622	e16_s1_GTTACAGGTAATGCGG
6623	e16_s1_GTTACAGTCCAACACA
6624	e16_s1_GTTACAGTCTTCCCGA
6625	e16_s1_GTTACCCAGACCCGCT
6626	e16_s1_GTTACCCAGAGCAAGA
6627	e16_s1_GTTACCCAGGTTATAG
6628	e16_s1_GTTACCCAGTCCTACA
6629	e16_s1_GTTACCCCAAATGCGG
6630	e16_s1_GTTACCCCACCGCTGA
6631	e16_s1_GTTACCCCAGGTGGAT
6632	e16_s1_GTTACCCCATTGTAGC
6633	e16_s1_GTTACCCGTCGCACAC
6634	e16_s1_GTTACCCGTGACTCGC
6635	e16_s1_GTTACCCTCCCTCATG
6636	e16_s1_GTTACCCTCTTCTAAC
6637	e16_s1_GTTACGAAGAAACCCG
6638	e16_s1_GTTACGACACGGTGTC
6639	e16_s1_GTTACGAGTCGTCGGT
6640	e16_s1_GTTACGATCTTACCAT
6641	e16_s1_GTTAGACAGAGTCAGC
6642	e16_s1_GTTAGACAGGTCTACT
6643	e16_s1_GTTAGACCAAGTGCTT
6644	e16_s1_GTTAGACCAATACCCA
6645	e16_s1_GTTAGACGTAATTAGG
6646	e16_s1_GTTAGACGTACTTCCC
6647	e16_s1_GTTAGACGTGCGTCGT
6648	e16_s1_GTTAGTGAGCTATCCA
6649	e16_s1_GTTAGTGAGGTCTGGA
6650	e16_s1_GTTAGTGCAACAAAGT
6651	e16_s1_GTTAGTGCACGAGGTA
6652	e16_s1_GTTAGTGCATGTGGTT
6653	e16_s1_GTTAGTGCATTGTACG
6654	e16_s1_GTTAGTGGTATCAGCT
6655	e16_s1_GTTAGTGTCCGGACTG
6656	e16_s1_GTTAGTGTCGCTTACC
6657	e16_s1_GTTAGTGTCTTCTTCC
6658	e16_s1_GTTATGGAGAGGGCGA
6659	e16_s1_GTTATGGAGCGTCTGC
6660	e16_s1_GTTATGGAGGAAGAAC
6661	e16_s1_GTTATGGAGTGAGTTA
6662	e16_s1_GTTATGGAGTGCCGAA
6663	e16_s1_GTTATGGCATCGAGCC
6664	e16_s1_GTTATGGGTAAGATTG
6665	e16_s1_GTTATGGGTACGATTC
6666	e16_s1_GTTATGGGTCTAACTG
6667	e16_s1_GTTATGGGTCTGCAAT
6668	e16_s1_GTTATGGTCACTTTGT
6669	e16_s1_GTTATGGTCCTGTACC
6670	e16_s1_GTTATGGTCGGTGTTA
6671	e16_s1_GTTATGGTCTAGTACG
6672	e16_s1_GTTATGGTCTCGTTTA
6673	e16_s1_GTTCATTAGAGAGGTA
6674	e16_s1_GTTCATTAGCGGTAGT
6675	e16_s1_GTTCATTAGTAGGAAG
6676	e16_s1_GTTCATTCACAACGTT
6677	e16_s1_GTTCATTCACCCTATC
6678	e16_s1_GTTCATTCATGTGGTT
6679	e16_s1_GTTCATTGTACTGCCG
6680	e16_s1_GTTCATTGTAGACACG
6681	e16_s1_GTTCATTTCAAGATAG
6682	e16_s1_GTTCATTTCAGCTTGA
6683	e16_s1_GTTCATTTCGCCGAGT
6684	e16_s1_GTTCCGTAGTTGTACC
6685	e16_s1_GTTCCGTGTACGGTTT
6686	e16_s1_GTTCCGTGTCAGTCCG
6687	e16_s1_GTTCCGTGTGGCTACC
6688	e16_s1_GTTCCGTGTTCCTACC
6689	e16_s1_GTTCCGTTCCTATTGT
6690	e16_s1_GTTCCGTTCGGCAGTC
6691	e16_s1_GTTCCGTTCTATGTGG
6692	e16_s1_GTTCGCTAGGCACCAA
6693	e16_s1_GTTCGCTAGGTAGCAC
6694	e16_s1_GTTCGCTCAAGCGCTC
6695	e16_s1_GTTCGCTCACAGTCCG
6696	e16_s1_GTTCGCTCAGTCAGAG
6697	e16_s1_GTTCGCTGTTGTTGCA
6698	e16_s1_GTTCGCTTCTTCTGGC
6699	e16_s1_GTTCTATAGTAGTCCT
6700	e16_s1_GTTCTATCAACGTAAA
6701	e16_s1_GTTCTATCACGACCTG
6702	e16_s1_GTTCTATCAGCGGTCT
6703	e16_s1_GTTCTATCATGCAGGA
6704	e16_s1_GTTCTATGTGATAGTA
6705	e16_s1_GTTCTATGTGGTAATA
6706	e16_s1_GTTCTATTCACCATCC
6707	e16_s1_GTTCTATTCTGCGTCT
6708	e16_s1_GTTGAACCAACTCCAA
6709	e16_s1_GTTGAACCAATTGTGC
6710	e16_s1_GTTGAACCATAACTCG
6711	e16_s1_GTTGAACCATGGGTCC
6712	e16_s1_GTTGAACTCACGGGAA
6713	e16_s1_GTTGAACTCCATTTCA
6714	e16_s1_GTTGAACTCGGAGTGA
6715	e16_s1_GTTGAACTCTAACACG
6716	e16_s1_GTTGAACTCTCTATGT
6717	e16_s1_GTTGAACTCTTCTTCC
6718	e16_s1_GTTGCGGAGATGACCG
6719	e16_s1_GTTGCGGAGCCGATCC
6720	e16_s1_GTTGCGGAGCTCGCAC
6721	e16_s1_GTTGCGGAGTCGCCAC
6722	e16_s1_GTTGCGGCATGGGAAC
6723	e16_s1_GTTGCGGGTATGCTAC
6724	e16_s1_GTTGCGGGTTATGGTC
6725	e16_s1_GTTGCGGGTTCATCGA
6726	e16_s1_GTTGCGGGTTGCTCCT
6727	e16_s1_GTTGCGGTCAACGTGT
6728	e16_s1_GTTGCGGTCATTACCT
6729	e16_s1_GTTGCGGTCTGGGCCA
6730	e16_s1_GTTGCTCAGACCAAGC
6731	e16_s1_GTTGCTCAGACCCGCT
6732	e16_s1_GTTGCTCCAATTGGTC
6733	e16_s1_GTTGCTCCACGAAAGC
6734	e16_s1_GTTGCTCTCCCGTTGT
6735	e16_s1_GTTGCTCTCTAAACGC
6736	e16_s1_GTTGTAGAGACAGTCG
6737	e16_s1_GTTGTAGCAACCCTCT
6738	e16_s1_GTTGTAGCACACACTA
6739	e16_s1_GTTGTAGCATACATCG
6740	e16_s1_GTTGTAGGTCGGCACT
6741	e16_s1_GTTGTAGGTCTCAGGC
6742	e16_s1_GTTGTAGGTGGACCTC
6743	e16_s1_GTTGTAGTCAGACAAA
6744	e16_s1_GTTGTAGTCCACAAGT
6745	e16_s1_GTTGTAGTCCCTAGGG
6746	e16_s1_GTTGTAGTCCGCACTT
6747	e16_s1_GTTGTAGTCGCAACAT
6748	e16_s1_GTTGTCCAGACCAAAT
6749	e16_s1_GTTGTCCAGCGGACAT
6750	e16_s1_GTTGTCCAGGAGTACC
6751	e16_s1_GTTGTCCCACCACTGG
6752	e16_s1_GTTGTCCCATGAGATA
6753	e16_s1_GTTGTCCGTTAAAGTG
6754	e16_s1_GTTGTCCGTTGGAGAC
6755	e16_s1_GTTGTCCTCCAGCAAT
6756	e16_s1_GTTGTCCTCCTCATAT
6757	e16_s1_GTTGTGAAGGTTTACC
6758	e16_s1_GTTGTGACAACTGCTA
6759	e16_s1_GTTGTGACAAGCCTGC
6760	e16_s1_GTTGTGACAAGGCCTC
6761	e16_s1_GTTGTGACAGAGAATT
6762	e16_s1_GTTGTGACAGCGTTTA
6763	e16_s1_GTTGTGAGTCAGGCAA
6764	e16_s1_GTTGTGAGTCATCTAG
6765	e16_s1_GTTGTGATCAGAACCT
6766	e16_s1_GTTTACTAGCGTCTCG
6767	e16_s1_GTTTACTCATGTCAGT
6768	e16_s1_GTTTACTGTACGCTAT
6769	e16_s1_GTTTACTGTCCAGGTC
6770	e16_s1_GTTTACTGTCCGGTGT
6771	e16_s1_GTTTACTTCCGATCTC
6772	e16_s1_GTTTACTTCCTGGGAC
6773	e16_s1_GTTTGGAAGCCGATTT
6774	e16_s1_GTTTGGAAGGTTTACC
6775	e16_s1_GTTTGGACAATACCTG
6776	e16_s1_GTTTGGAGTAGCTGCC
6777	e16_s1_GTTTGGAGTGACTCGC
6778	e16_s1_GTTTGGAGTGATAGTA
6779	e16_s1_GTTTGGAGTTAAGACA
6780	e16_s1_GTTTGGAGTTCATCGA
6781	e16_s1_GTTTGGAGTTTCGCTC
6782	e16_s1_GTTTGGATCAAACCCA
6783	e16_s1_GTTTGGATCAGCGGAA
6784	e16_s1_GTTTGGATCATTCGTT
6785	e16_s1_TAACACGAGCGCTGAA
6786	e16_s1_TAACACGAGCGGTAGT
6787	e16_s1_TAACACGAGCTAGCCC
6788	e16_s1_TAACACGAGCTGGTGA
6789	e16_s1_TAACACGAGCTGTGCC
6790	e16_s1_TAACACGAGGATGGCT
6791	e16_s1_TAACACGAGTCGAATA
6792	e16_s1_TAACACGCAGGCATTT
6793	e16_s1_TAACACGGTGTGTGGA
6794	e16_s1_TAACACGGTTTCACTT
6795	e16_s1_TAACACGTCAAAGACA
6796	e16_s1_TAACACGTCAGTCATG
6797	e16_s1_TAACACGTCCATACAG
6798	e16_s1_TAACACGTCGCAGTTA
6799	e16_s1_TAACACGTCTACTATC
6800	e16_s1_TAACCAGAGAACAAGG
6801	e16_s1_TAACCAGAGAGTGTTA
6802	e16_s1_TAACCAGAGATCCCAT
6803	e16_s1_TAACCAGCAGCGTGCT
6804	e16_s1_TAACCAGTCAGATGCT
6805	e16_s1_TAACCAGTCAGCTTCC
6806	e16_s1_TAACCAGTCGGAATTC
6807	e16_s1_TAACGACAGCAGATAT
6808	e16_s1_TAACGACAGGTAGTCG
6809	e16_s1_TAACGACAGTATCCTG
6810	e16_s1_TAACGACAGTCGTTAC
6811	e16_s1_TAACGACGTAGAATGT
6812	e16_s1_TAACGACGTAGGACTG
6813	e16_s1_TAACGACGTGCCCACA
6814	e16_s1_TAACGACGTGGCCTCA
6815	e16_s1_TAACGACTCACATACG
6816	e16_s1_TAACGACTCATGTCTT
6817	e16_s1_TAACGACTCTGGTTGA
6818	e16_s1_TAACTTCAGTGTTCCA
6819	e16_s1_TAACTTCCAAGAGTTA
6820	e16_s1_TAACTTCCACACCTTC
6821	e16_s1_TAACTTCCATCAGTCA
6822	e16_s1_TAACTTCCATCCGTTC
6823	e16_s1_TAACTTCGTTATGTGC
6824	e16_s1_TAACTTCTCTGCGGGT
6825	e16_s1_TAAGCACAGGACTAAT
6826	e16_s1_TAAGCACAGTCTGTAC
6827	e16_s1_TAAGCACCATAGTCGT
6828	e16_s1_TAAGCACGTAACAAGT
6829	e16_s1_TAAGCACGTGATACCT
6830	e16_s1_TAAGCACTCTGAGAGG
6831	e16_s1_TAAGCCAAGATCCTAC
6832	e16_s1_TAAGCCACACTTGAGT
6833	e16_s1_TAAGCCACATAAGCAA
6834	e16_s1_TAAGCCACATTGCAAC
6835	e16_s1_TAAGCCAGTATGGTAA
6836	e16_s1_TAAGCCATCGAGCACC
6837	e16_s1_TAAGCCATCTATGCCC
6838	e16_s1_TAAGCCATCTGTGCTC
6839	e16_s1_TAAGCGTAGAGGTCAC
6840	e16_s1_TAAGCGTAGCGACAGT
6841	e16_s1_TAAGCGTAGGACACTG
6842	e16_s1_TAAGCGTCATCGCCTT
6843	e16_s1_TAAGCGTGTATCGTTG
6844	e16_s1_TAAGCGTTCAAACGTC
6845	e16_s1_TAAGCGTTCAGGTGTT
6846	e16_s1_TAAGCGTTCAGTGCGC
6847	e16_s1_TAAGCGTTCCCTGTTG
6848	e16_s1_TAAGTCGAGCCATCCG
6849	e16_s1_TAAGTCGAGCCTCGTG
6850	e16_s1_TAAGTCGAGGCTTAGG
6851	e16_s1_TAAGTCGCAACGGTAG
6852	e16_s1_TAAGTCGCACCAAATC
6853	e16_s1_TAAGTCGCAGTCGCTG
6854	e16_s1_TAAGTCGCATGACTCA
6855	e16_s1_TAAGTCGGTATCGCTA
6856	e16_s1_TAAGTCGGTCGGCTAC
6857	e16_s1_TAAGTCGGTGTACGCC
6858	e16_s1_TAAGTCGTCAACGCTA
6859	e16_s1_TAAGTCGTCCAGTGTA
6860	e16_s1_TAAGTCGTCGCATTGA
6861	e16_s1_TAATCTCAGAGTTGTA
6862	e16_s1_TAATCTCAGATACTGA
6863	e16_s1_TAATCTCCAGATGCGA
6864	e16_s1_TAATCTCCAGGAACCA
6865	e16_s1_TAATCTCTCAGGTGTT
6866	e16_s1_TAATCTCTCGAGAGCA
6867	e16_s1_TAATTCCCAAAGCACG
6868	e16_s1_TAATTCCCACTATCGA
6869	e16_s1_TAATTCCCAGGTTCGC
6870	e16_s1_TAATTCCGTAGGATAT
6871	e16_s1_TAATTCCGTGCTGCAC
6872	e16_s1_TAATTCCGTGGTCTAT
6873	e16_s1_TAATTCCTCATGAAAG
6874	e16_s1_TAATTCCTCTTTCGAT
6875	e16_s1_TACAACGCAAACTCGT
6876	e16_s1_TACAACGCAGCCGTCA
6877	e16_s1_TACAACGCAGTAACGG
6878	e16_s1_TACAACGGTGCACGCT
6879	e16_s1_TACAACGGTGCCTGAC
6880	e16_s1_TACAACGTCATACGAC
6881	e16_s1_TACAACGTCCGTTTCG
6882	e16_s1_TACAACGTCTCGTCGT
6883	e16_s1_TACAACGTCTCTGCCA
6884	e16_s1_TACACCCAGAAACTGT
6885	e16_s1_TACACCCAGGTAAACT
6886	e16_s1_TACACCCAGTTAACGA
6887	e16_s1_TACACCCCAAGTTTGC
6888	e16_s1_TACACCCCACTCTGCT
6889	e16_s1_TACACCCCATAATCCG
6890	e16_s1_TACACCCCATCCGGTG
6891	e16_s1_TACACCCGTAACACGG
6892	e16_s1_TACACCCGTATGAGGC
6893	e16_s1_TACACCCGTGAATTAG
6894	e16_s1_TACACCCGTGGTCCGT
6895	e16_s1_TACACCCGTGTTCATG
6896	e16_s1_TACACCCGTTGTTGCA
6897	e16_s1_TACACCCTCGTCGGGT
6898	e16_s1_TACACCCTCTGTGCGG
6899	e16_s1_TACAGGTAGATAGTCA
6900	e16_s1_TACAGGTAGTTGCCCG
6901	e16_s1_TACAGGTCAACTGGTT
6902	e16_s1_TACAGGTGTCACATTG
6903	e16_s1_TACAGGTGTTTCGACA
6904	e16_s1_TACAGGTTCCTGGGAC
6905	e16_s1_TACAGGTTCTAGGAAA
6906	e16_s1_TACAGGTTCTTGAACG
6907	e16_s1_TACATTCAGCCATATC
6908	e16_s1_TACATTCCATGAGAAT
6909	e16_s1_TACATTCCATGGCGCT
6910	e16_s1_TACATTCCATTGTGCA
6911	e16_s1_TACATTCGTAACGTTC
6912	e16_s1_TACATTCGTCGAGTTT
6913	e16_s1_TACATTCGTCTCCTGT
6914	e16_s1_TACATTCTCCCTATTA
6915	e16_s1_TACATTCTCCGCTTAC
6916	e16_s1_TACATTCTCTCACTCG
6917	e16_s1_TACCCACAGACATACA
6918	e16_s1_TACCCACAGGCATCTT
6919	e16_s1_TACCCACCACGATTCA
6920	e16_s1_TACCCACCAGCGTACC
6921	e16_s1_TACCCACGTTAGCGGA
6922	e16_s1_TACCCACGTTTCCATT
6923	e16_s1_TACCCACTCAACGTGT
6924	e16_s1_TACCCACTCCATGCAA
6925	e16_s1_TACCCACTCCCAGGAC
6926	e16_s1_TACCCACTCCGTGTCT
6927	e16_s1_TACCCACTCGGCCCAA
6928	e16_s1_TACCCACTCGGTTAGT
6929	e16_s1_TACCCGTAGACGACGT
6930	e16_s1_TACCCGTAGACGATAT
6931	e16_s1_TACCCGTAGCAGTACG
6932	e16_s1_TACCCGTCAGATACCT
6933	e16_s1_TACCCGTCAGCTACAT
6934	e16_s1_TACCCGTCAGCTCGGT
6935	e16_s1_TACCCGTCATAATGAG
6936	e16_s1_TACCCGTGTTCTTGCC
6937	e16_s1_TACCCGTTCGGCTTGG
6938	e16_s1_TACCCGTTCGGTCGAC
6939	e16_s1_TACCGAAAGCAGCCTC
6940	e16_s1_TACCGAAAGTACCGGA
6941	e16_s1_TACCGAACAAGAATAC
6942	e16_s1_TACCGAACACCCTCTA
6943	e16_s1_TACCGAACACGTCGTG
6944	e16_s1_TACCGAACATAGACTC
6945	e16_s1_TACCGAACATAGTCAC
6946	e16_s1_TACCGAAGTACTCGTA
6947	e16_s1_TACCGAAGTGGGTTGA
6948	e16_s1_TACCGAAGTGTTTACG
6949	e16_s1_TACCGAATCAGAATAG
6950	e16_s1_TACCGAATCCTGGGAC
6951	e16_s1_TACCGAATCCTTTAGT
6952	e16_s1_TACCGAATCTATTCGT
6953	e16_s1_TACCGGGAGAGGGTAA
6954	e16_s1_TACCGGGTCAGCCTTC
6955	e16_s1_TACCGGGTCATTGAGC
6956	e16_s1_TACCGGGTCATTTGCT
6957	e16_s1_TACCTCGAGTTCCTGA
6958	e16_s1_TACCTCGCACACAGCC
6959	e16_s1_TACCTCGCACATACTG
6960	e16_s1_TACCTCGCATCCGCGA
6961	e16_s1_TACCTCGCATGTGCTA
6962	e16_s1_TACCTCGGTACTAACC
6963	e16_s1_TACCTCGGTATCAAGA
6964	e16_s1_TACCTCGGTCACTCTC
6965	e16_s1_TACCTCGTCACCGGGT
6966	e16_s1_TACCTCGTCCCGTTGT
6967	e16_s1_TACCTCGTCCTGATAG
6968	e16_s1_TACCTCGTCGGACCAC
6969	e16_s1_TACCTGCAGATAGGGA
6970	e16_s1_TACCTGCAGGTAAGGA
6971	e16_s1_TACCTGCAGGTCCAGA
6972	e16_s1_TACCTGCCAAATACGA
6973	e16_s1_TACCTGCCAATGCTCA
6974	e16_s1_TACCTGCCACAGTCCG
6975	e16_s1_TACCTGCCACCGTGCA
6976	e16_s1_TACCTGCCAGATACTC
6977	e16_s1_TACCTGCGTTGGATCT
6978	e16_s1_TACGCTCAGCACCCAC
6979	e16_s1_TACGCTCAGTTGGCGA
6980	e16_s1_TACGCTCGTAACTAAG
6981	e16_s1_TACGCTCGTGCCGAAA
6982	e16_s1_TACGCTCTCACGGTCG
6983	e16_s1_TACGGGCAGAAATTGC
6984	e16_s1_TACGGGCAGCAAGCCA
6985	e16_s1_TACGGGCGTCCCAAAT
6986	e16_s1_TACGGGCGTCCGATCG
6987	e16_s1_TACGGGCGTGAGGCAT
6988	e16_s1_TACGGGCGTGCCTGAC
6989	e16_s1_TACGGGCTCACGACTA
6990	e16_s1_TACGGGCTCATGGTAC
6991	e16_s1_TACGGGCTCCCTCGTA
6992	e16_s1_TACGGGCTCGGACCAC
6993	e16_s1_TACGGTAAGAAACTGT
6994	e16_s1_TACGGTAAGCATAGGC
6995	e16_s1_TACGGTAAGCTGAGTG
6996	e16_s1_TACGGTAAGGGATCAC
6997	e16_s1_TACGGTACAAGATTGA
6998	e16_s1_TACGGTACATGACTTG
6999	e16_s1_TACGGTACATGAGATA
7000	e16_s1_TACGGTAGTCACGCTG
7001	e16_s1_TACGGTAGTGAATATG
7002	e16_s1_TACGGTATCAGTCACA
7003	e16_s1_TACGTCCAGATAGTGT
7004	e16_s1_TACGTCCCAAACTAAG
7005	e16_s1_TACGTCCCAAGTACCT
7006	e16_s1_TACGTCCCAGTTGTTG
7007	e16_s1_TACGTCCGTACGACAG
7008	e16_s1_TACGTCCGTCCAATCA
7009	e16_s1_TACGTCCGTGCTCTTC
7010	e16_s1_TACGTCCTCTACACTT
7011	e16_s1_TACGTCCTCTGCGTCT
7012	e16_s1_TACTGCCAGGTCATCT
7013	e16_s1_TACTGCCAGTAAATGC
7014	e16_s1_TACTGCCAGTTGCATC
7015	e16_s1_TACTGCCCAAGCTCTA
7016	e16_s1_TACTGCCCAGAGATTA
7017	e16_s1_TACTGCCCATCGCTAA
7018	e16_s1_TACTGCCCATGCACTA
7019	e16_s1_TACTGCCGTACAGGTG
7020	e16_s1_TACTGCCGTAGTAAGT
7021	e16_s1_TACTGCCGTCCAAATC
7022	e16_s1_TACTGCCGTTAAACAG
7023	e16_s1_TACTGCCGTTCGAAGG
7024	e16_s1_TACTGCCTCAGTCCGG
7025	e16_s1_TACTGCCTCGAGTGAG
7026	e16_s1_TACTGCCTCTATTTCG
7027	e16_s1_TACTTACAGCGTCGAA
7028	e16_s1_TACTTACAGGAGAGTA
7029	e16_s1_TACTTACAGTGAGTTA
7030	e16_s1_TACTTACCAACCGACC
7031	e16_s1_TACTTACCAAGTGGAC
7032	e16_s1_TACTTACCAATGCTCA
7033	e16_s1_TACTTACCACAGCCTG
7034	e16_s1_TACTTACCATCCGTTC
7035	e16_s1_TACTTACGTAACACGG
7036	e16_s1_TACTTACGTACCACGC
7037	e16_s1_TACTTACGTCCGGTGT
7038	e16_s1_TACTTACGTGAGACCA
7039	e16_s1_TACTTACTCCACGTAA
7040	e16_s1_TACTTCAAGACCAGAC
7041	e16_s1_TACTTCAAGATTACCC
7042	e16_s1_TACTTCAAGCATATGA
7043	e16_s1_TACTTCAAGCTCGACC
7044	e16_s1_TACTTCAAGTCTAACC
7045	e16_s1_TACTTCAAGTGCTCGC
7046	e16_s1_TACTTCACAAATGGCG
7047	e16_s1_TACTTCACAAATGGTA
7048	e16_s1_TACTTCACACAATGAA
7049	e16_s1_TACTTCACACTCCGAG
7050	e16_s1_TACTTCAGTAACATGA
7051	e16_s1_TACTTCAGTACGGGAT
7052	e16_s1_TACTTCAGTGTGTGTT
7053	e16_s1_TACTTCAGTTGACTGT
7054	e16_s1_TACTTCATCAAGTGGG
7055	e16_s1_TACTTCATCCACAAGT
7056	e16_s1_TACTTCATCCACGTAA
7057	e16_s1_TACTTGTAGAACGCGT
7058	e16_s1_TACTTGTAGCTTAAGA
7059	e16_s1_TACTTGTCAACGCCCA
7060	e16_s1_TACTTGTCAGGCACAA
7061	e16_s1_TACTTGTCAGTGACCC
7062	e16_s1_TACTTGTCATCCAATG
7063	e16_s1_TAGACCAAGGCACTAG
7064	e16_s1_TAGACCAAGGGCTAAC
7065	e16_s1_TAGACCACATCGATCA
7066	e16_s1_TAGACCACATCTAACG
7067	e16_s1_TAGACCAGTCACTTCC
7068	e16_s1_TAGACCAGTGGAAATT
7069	e16_s1_TAGACCAGTTTGTGGT
7070	e16_s1_TAGACCATCCATGCAA
7071	e16_s1_TAGACCATCCTCTGCA
7072	e16_s1_TAGACCATCCTGGGTG
7073	e16_s1_TAGACTGAGAAGGCTC
7074	e16_s1_TAGACTGAGATACAGT
7075	e16_s1_TAGACTGAGCGAGTCA
7076	e16_s1_TAGACTGAGGACCCAA
7077	e16_s1_TAGACTGAGGTCACAG
7078	e16_s1_TAGACTGCAAGTCCCG
7079	e16_s1_TAGACTGGTCAGTCCG
7080	e16_s1_TAGACTGTCTACACTT
7081	e16_s1_TAGACTGTCTAGACCA
7082	e16_s1_TAGACTGTCTGAATCG
7083	e16_s1_TAGACTGTCTTCCTAA
7084	e16_s1_TAGAGTCCACGGTGAA
7085	e16_s1_TAGAGTCGTTATTCTC
7086	e16_s1_TAGAGTCTCTACGGTA
7087	e16_s1_TAGAGTCTCTGCATGA
7088	e16_s1_TAGATCGAGCATTTGC
7089	e16_s1_TAGATCGCACCCTGTT
7090	e16_s1_TAGATCGCACGAGAAC
7091	e16_s1_TAGATCGGTATGCGGA
7092	e16_s1_TAGATCGGTATGTCCA
7093	e16_s1_TAGATCGGTCTCGGGT
7094	e16_s1_TAGATCGTCAAACGTC
7095	e16_s1_TAGATCGTCACTGATG
7096	e16_s1_TAGATCGTCAGCTTGA
7097	e16_s1_TAGATCGTCATTGCGA
7098	e16_s1_TAGCACAAGCGAACTG
7099	e16_s1_TAGCACAAGTTGGACG
7100	e16_s1_TAGCACAGTGCTGCAC
7101	e16_s1_TAGCACAGTTAGGGAC
7102	e16_s1_TAGCACATCCGCGATG
7103	e16_s1_TAGCACATCGCGTTTC
7104	e16_s1_TAGCACATCTATGTGG
7105	e16_s1_TAGGAGGAGACATCAA
7106	e16_s1_TAGGAGGAGACCTGGA
7107	e16_s1_TAGGAGGAGTCATGGG
7108	e16_s1_TAGGAGGCACAAATAG
7109	e16_s1_TAGGAGGCAGAGTCTT
7110	e16_s1_TAGGAGGGTAACCAGG
7111	e16_s1_TAGGAGGGTGGTCTGC
7112	e16_s1_TAGGAGGTCGTGGGAA
7113	e16_s1_TAGGAGGTCTACACAG
7114	e16_s1_TAGGGTTAGAGGTTTA
7115	e16_s1_TAGGGTTAGTAATCCC
7116	e16_s1_TAGGGTTAGTCAACAA
7117	e16_s1_TAGGGTTCACTGCATA
7118	e16_s1_TAGGGTTCAGATCCAT
7119	e16_s1_TAGGGTTCATGACTTG
7120	e16_s1_TAGGGTTCATGGCTAT
7121	e16_s1_TAGGGTTGTCTAACGT
7122	e16_s1_TAGGGTTGTGGACCAA
7123	e16_s1_TAGGGTTTCACCATAG
7124	e16_s1_TAGGTACAGACCTCAT
7125	e16_s1_TAGGTACAGAGACAAG
7126	e16_s1_TAGGTACAGTAGATCA
7127	e16_s1_TAGGTACCAAACGTGG
7128	e16_s1_TAGGTACCAGGGTTGA
7129	e16_s1_TAGGTACCATCGAACT
7130	e16_s1_TAGGTACGTCAAGTTC
7131	e16_s1_TAGGTACGTCACATTG
7132	e16_s1_TAGGTACGTCTAATCG
7133	e16_s1_TAGGTACGTTAGAAGT
7134	e16_s1_TAGGTACGTTAGTCGT
7135	e16_s1_TAGGTACTCCATCTCG
7136	e16_s1_TAGGTACTCCATTGTT
7137	e16_s1_TAGGTACTCGGCTATA
7138	e16_s1_TAGGTTGAGACGGTCA
7139	e16_s1_TAGGTTGAGCAATTCC
7140	e16_s1_TAGGTTGAGGTTCTAC
7141	e16_s1_TAGGTTGCAAGTCGTT
7142	e16_s1_TAGGTTGGTGTTCCAA
7143	e16_s1_TAGGTTGGTTATCCAG
7144	e16_s1_TAGTGCAAGAAGAGCA
7145	e16_s1_TAGTGCAAGCCGTAAG
7146	e16_s1_TAGTGCACAGAGTGAC
7147	e16_s1_TAGTGCAGTCCTGTCT
7148	e16_s1_TAGTGCATCCCTTGGT
7149	e16_s1_TAGTGCATCGAAGGAC
7150	e16_s1_TAGTGCATCGTCGGGT
7151	e16_s1_TAGTGCATCTCTGCCA
7152	e16_s1_TAGTGCATCTGGGATT
7153	e16_s1_TATACCTAGATCGCCC
7154	e16_s1_TATACCTAGCACTAGG
7155	e16_s1_TATACCTAGGACTTCT
7156	e16_s1_TATACCTAGGAGATAG
7157	e16_s1_TATACCTAGTGGAAAG
7158	e16_s1_TATACCTCACTTCAGA
7159	e16_s1_TATACCTCAGGACGAT
7160	e16_s1_TATACCTCATTGTACG
7161	e16_s1_TATACCTGTATCGAGG
7162	e16_s1_TATACCTGTCCACAGC
7163	e16_s1_TATACCTGTCCATCTC
7164	e16_s1_TATACCTGTCCCGCAA
7165	e16_s1_TATACCTGTGTAGGAC
7166	e16_s1_TATACCTGTGTGAGCA
7167	e16_s1_TATACCTTCGGAAACG
7168	e16_s1_TATACCTTCTTCCGTG
7169	e16_s1_TATACCTTCTTTCAGT
7170	e16_s1_TATATCCAGAGGTATT
7171	e16_s1_TATATCCCAGCGTACC
7172	e16_s1_TATATCCGTACTGCGC
7173	e16_s1_TATATCCGTCCCACGA
7174	e16_s1_TATATCCGTTAGAAGT
7175	e16_s1_TATATCCGTTCGGCGT
7176	e16_s1_TATATCCTCACTTCTA
7177	e16_s1_TATATCCTCCGAGATT
7178	e16_s1_TATATCCTCGCTAAAC
7179	e16_s1_TATCAGGAGCGGCTCT
7180	e16_s1_TATCAGGAGTTCATGC
7181	e16_s1_TATCAGGCAGCTGTCG
7182	e16_s1_TATCAGGCATCTCGTC
7183	e16_s1_TATCAGGGTCGCATTA
7184	e16_s1_TATCAGGGTGACCTGC
7185	e16_s1_TATCCTAAGATCGGTG
7186	e16_s1_TATCCTAAGCTCTGTA
7187	e16_s1_TATCCTACAAATGCGG
7188	e16_s1_TATCCTACAAGGCCTC
7189	e16_s1_TATCCTAGTAAGTTAG
7190	e16_s1_TATCCTATCATGGAGG
7191	e16_s1_TATCCTATCCAAGGGA
7192	e16_s1_TATCGCCAGCATGTTC
7193	e16_s1_TATCGCCAGTCATTGC
7194	e16_s1_TATCGCCAGTGGACGT
7195	e16_s1_TATCGCCCAACCAACT
7196	e16_s1_TATCGCCCAGGCTATT
7197	e16_s1_TATCGCCGTAGTCGGA
7198	e16_s1_TATCGCCGTCCGATCG
7199	e16_s1_TATCGCCGTCGCTTAA
7200	e16_s1_TATCGCCTCGGAGTGA
7201	e16_s1_TATCGCCTCTCGACCT
7202	e16_s1_TATCTGTCAAGTAGTA
7203	e16_s1_TATCTGTCACCGCTAG
7204	e16_s1_TATCTGTGTACTGCGC
7205	e16_s1_TATCTGTTCAACGCTA
7206	e16_s1_TATCTGTTCTACCACC
7207	e16_s1_TATCTTGAGGGAGGCA
7208	e16_s1_TATCTTGCAACTACGT
7209	e16_s1_TATCTTGCAAGCCTGC
7210	e16_s1_TATCTTGCAGCAGACA
7211	e16_s1_TATCTTGGTCATACCA
7212	e16_s1_TATCTTGGTCATCCCT
7213	e16_s1_TATCTTGGTTGGACTT
7214	e16_s1_TATCTTGTCAAGGCTT
7215	e16_s1_TATCTTGTCGCTGACG
7216	e16_s1_TATCTTGTCGTTCAGA
7217	e16_s1_TATGTTCAGACTCTAC
7218	e16_s1_TATGTTCAGCCGATAG
7219	e16_s1_TATGTTCCAATCCAGT
7220	e16_s1_TATGTTCCAGGAGGAG
7221	e16_s1_TATGTTCCAGGTTCAT
7222	e16_s1_TATGTTCGTAGTACGG
7223	e16_s1_TATGTTCTCATGGTAC
7224	e16_s1_TATGTTCTCCGTTGAA
7225	e16_s1_TATGTTCTCCTTGACC
7226	e16_s1_TATGTTCTCGCTTGCT
7227	e16_s1_TATGTTCTCTAATTCC
7228	e16_s1_TATTCCAAGGTCGCCT
7229	e16_s1_TATTCCAAGTCTAGAA
7230	e16_s1_TATTCCACACCATATG
7231	e16_s1_TATTCCACAGATCCAT
7232	e16_s1_TATTCCACATGGCCCA
7233	e16_s1_TATTCCAGTCGACGCT
7234	e16_s1_TATTCCAGTGAACCGA
7235	e16_s1_TATTCCAGTTTACGTG
7236	e16_s1_TATTCCATCAAGGAGC
7237	e16_s1_TATTCCATCCAGCAAT
7238	e16_s1_TATTCCATCCCATTTA
7239	e16_s1_TATTCCATCTACCTTA
7240	e16_s1_TATTCCATCTACTTCA
7241	e16_s1_TATTGCTCACGCCAGT
7242	e16_s1_TATTGCTCACTTCATT
7243	e16_s1_TATTGCTCATCCGTTC
7244	e16_s1_TATTGCTGTGCCCAGT
7245	e16_s1_TATTGCTGTTCATCTT
7246	e16_s1_TATTGCTGTTTGGAAA
7247	e16_s1_TATTGCTTCAATCGGT
7248	e16_s1_TATTGCTTCATGACAC
7249	e16_s1_TATTGCTTCCGAAGGA
7250	e16_s1_TATTGCTTCCTGGGAC
7251	e16_s1_TATTGGGCAAACACCT
7252	e16_s1_TATTGGGCACACGCCA
7253	e16_s1_TATTGGGCAGCCTTCT
7254	e16_s1_TATTGGGCATCTATCT
7255	e16_s1_TATTGGGGTCTGGTTA
7256	e16_s1_TATTGGGGTGAGGCAT
7257	e16_s1_TATTGGGGTGCCTGCA
7258	e16_s1_TATTGGGGTTTGAAAG
7259	e16_s1_TATTGGGTCTAGAGCT
7260	e16_s1_TATTTCGAGATGCTTC
7261	e16_s1_TATTTCGAGGCACTCC
7262	e16_s1_TATTTCGAGTGGCGAT
7263	e16_s1_TATTTCGCATGTGGCC
7264	e16_s1_TATTTCGGTACAGTAA
7265	e16_s1_TATTTCGGTCACCGCA
7266	e16_s1_TATTTCGGTGGTTCTA
7267	e16_s1_TATTTCGTCCAATCTT
7268	e16_s1_TATTTCGTCCCTAGGG
7269	e16_s1_TATTTCGTCTTGCAAG
7270	e16_s1_TCAAGACAGCCTGTCG
7271	e16_s1_TCAAGACAGCTGAGCA
7272	e16_s1_TCAAGACAGGTCATCT
7273	e16_s1_TCAAGACCAACACTAC
7274	e16_s1_TCAAGACCAAGAAACT
7275	e16_s1_TCAAGACCAAGTCGTT
7276	e16_s1_TCAAGACCACTACTTT
7277	e16_s1_TCAAGACCAGGTGAGT
7278	e16_s1_TCAAGACGTGCTATTG
7279	e16_s1_TCAAGACGTTACGATC
7280	e16_s1_TCAAGACTCGACGTCG
7281	e16_s1_TCAAGACTCTGCGGAC
7282	e16_s1_TCAAGCAAGAGTCCGA
7283	e16_s1_TCAAGCAAGTCTCGTA
7284	e16_s1_TCAAGCACATTGAAGA
7285	e16_s1_TCAAGCAGTACCCAGC
7286	e16_s1_TCAAGCAGTTCTCACC
7287	e16_s1_TCAAGCAGTTGGTGTT
7288	e16_s1_TCAAGCATCCCAGGAC
7289	e16_s1_TCAAGCATCGGTGTTA
7290	e16_s1_TCAAGTGAGGTATTGA
7291	e16_s1_TCAAGTGCAACACACT
7292	e16_s1_TCAAGTGCAACCTATG
7293	e16_s1_TCAAGTGCAATACCCA
7294	e16_s1_TCAAGTGCAATCTCTT
7295	e16_s1_TCAAGTGCACCTCTAC
7296	e16_s1_TCAAGTGCAGCGACAA
7297	e16_s1_TCAAGTGGTAACCAGG
7298	e16_s1_TCAAGTGGTATGAGGC
7299	e16_s1_TCAAGTGGTCAACATC
7300	e16_s1_TCAAGTGGTCCACATA
7301	e16_s1_TCAAGTGGTGAGTCAG
7302	e16_s1_TCAAGTGGTTACCTTT
7303	e16_s1_TCAAGTGTCAGACATC
7304	e16_s1_TCAAGTGTCCGAAGGA
7305	e16_s1_TCAAGTGTCCGATCTC
7306	e16_s1_TCAAGTGTCTCTCGAC
7307	e16_s1_TCAATCTAGATTACCC
7308	e16_s1_TCAATCTAGTCGTCTA
7309	e16_s1_TCAATCTGTACCCACG
7310	e16_s1_TCAATCTGTACCCAGC
7311	e16_s1_TCAATCTGTACGTTCA
7312	e16_s1_TCAATCTGTAGTGATA
7313	e16_s1_TCAATCTGTGAACGGT
7314	e16_s1_TCAATCTGTGCATTAC
7315	e16_s1_TCAATCTGTTTATGCG
7316	e16_s1_TCAATCTTCCTGATAG
7317	e16_s1_TCAATCTTCGCCTATC
7318	e16_s1_TCAATCTTCGGCATCG
7319	e16_s1_TCAATCTTCTCCTGTG
7320	e16_s1_TCAATCTTCTGTAACG
7321	e16_s1_TCAATCTTCTTCGCTG
7322	e16_s1_TCAATTCAGCCATTGT
7323	e16_s1_TCAATTCAGTCATCGT
7324	e16_s1_TCAATTCAGTGGCCTC
7325	e16_s1_TCAATTCCAATTGCGT
7326	e16_s1_TCAATTCCACTTGAGT
7327	e16_s1_TCAATTCTCGCCATAA
7328	e16_s1_TCAATTCTCGCCCAGA
7329	e16_s1_TCAATTCTCGCCTTGT
7330	e16_s1_TCAATTCTCTCAAAGC
7331	e16_s1_TCACAAGAGAGACAAG
7332	e16_s1_TCACAAGAGATGTTAG
7333	e16_s1_TCACAAGAGCAGTACG
7334	e16_s1_TCACAAGCAGGCTTGC
7335	e16_s1_TCACAAGCATCGGAGA
7336	e16_s1_TCACAAGGTCTAGATC
7337	e16_s1_TCACAAGTCCTAGAGT
7338	e16_s1_TCACACCAGAGATTCA
7339	e16_s1_TCACACCCAAGCTACT
7340	e16_s1_TCACACCGTACCTAGT
7341	e16_s1_TCACACCGTCAATGGG
7342	e16_s1_TCACACCGTCCTGTCT
7343	e16_s1_TCACACCGTGGTCTGC
7344	e16_s1_TCACACCGTGTGAGCA
7345	e16_s1_TCACACCGTTCAGTAC
7346	e16_s1_TCACATTAGCTGTGCC
7347	e16_s1_TCACATTGTCACAATC
7348	e16_s1_TCACATTGTTACCCTC
7349	e16_s1_TCACATTGTTCAGGTT
7350	e16_s1_TCACATTTCATATGGC
7351	e16_s1_TCACATTTCCTGGCTT
7352	e16_s1_TCACATTTCGGTTCAA
7353	e16_s1_TCACATTTCTGGTGGC
7354	e16_s1_TCACGCTAGAACTGAT
7355	e16_s1_TCACGCTAGATAGTCA
7356	e16_s1_TCACGCTAGCTGAGTG
7357	e16_s1_TCACGCTCACCGCTGA
7358	e16_s1_TCACGCTGTGCAATAA
7359	e16_s1_TCACGCTGTGGAGAAA
7360	e16_s1_TCACGCTGTTAATCGC
7361	e16_s1_TCACGCTGTTCCAGGC
7362	e16_s1_TCACGCTTCACCTGGG
7363	e16_s1_TCACGCTTCTACGGGC
7364	e16_s1_TCACGGGAGACTCTAC
7365	e16_s1_TCACGGGCACCAGCTG
7366	e16_s1_TCACGGGGTGTACATC
7367	e16_s1_TCACGGGGTGTCGCTG
7368	e16_s1_TCACTATAGGTGAGCT
7369	e16_s1_TCACTATAGTCGAATA
7370	e16_s1_TCACTATCAACACAGG
7371	e16_s1_TCACTATCATACAGGG
7372	e16_s1_TCACTATGTCCGGACT
7373	e16_s1_TCACTATTCATAGAGA
7374	e16_s1_TCACTATTCATGAGTC
7375	e16_s1_TCACTATTCGACTCCT
7376	e16_s1_TCACTATTCGTCGACG
7377	e16_s1_TCACTATTCTGCTGAA
7378	e16_s1_TCACTCGAGCAGTAAT
7379	e16_s1_TCACTCGAGCGGGTTA
7380	e16_s1_TCACTCGAGGTCATAA
7381	e16_s1_TCACTCGAGGTTAAAC
7382	e16_s1_TCACTCGAGTTAACAG
7383	e16_s1_TCACTCGCAGGCAATG
7384	e16_s1_TCACTCGCAGTCGGAA
7385	e16_s1_TCACTCGTCGACATAC
7386	e16_s1_TCAGCAAAGACCAGCA
7387	e16_s1_TCAGCAAAGAGGTCGT
7388	e16_s1_TCAGCAAAGCAGAAAG
7389	e16_s1_TCAGCAACAGATCATC
7390	e16_s1_TCAGCAACATCACAGT
7391	e16_s1_TCAGCAACATCACCAA
7392	e16_s1_TCAGCAAGTAACCCTA
7393	e16_s1_TCAGCAAGTACGAGCA
7394	e16_s1_TCAGCAAGTATCCTCC
7395	e16_s1_TCAGCAAGTATTTCGG
7396	e16_s1_TCAGCAAGTGCGACAA
7397	e16_s1_TCAGCAAGTGCTCGTG
7398	e16_s1_TCAGCAAGTTCACCGG
7399	e16_s1_TCAGCAATCACCTCTG
7400	e16_s1_TCAGCAATCTAGGCAT
7401	e16_s1_TCAGCCTAGCTTTCCC
7402	e16_s1_TCAGCCTAGGAAAGTG
7403	e16_s1_TCAGCCTAGGACACTG
7404	e16_s1_TCAGCCTAGGTCGCCT
7405	e16_s1_TCAGCCTCAGTTAGGG
7406	e16_s1_TCAGCCTCATGGAGAC
7407	e16_s1_TCAGCCTGTAACATCC
7408	e16_s1_TCAGCCTGTCACATTG
7409	e16_s1_TCAGCCTGTGGATTTC
7410	e16_s1_TCAGCCTGTTCGTACA
7411	e16_s1_TCAGCCTTCAAGCTGT
7412	e16_s1_TCAGGGCAGAATCTAG
7413	e16_s1_TCAGGGCAGCCTTGAT
7414	e16_s1_TCAGGGCAGTACTGGG
7415	e16_s1_TCAGGGCCAAATTGCC
7416	e16_s1_TCAGGGCCAAGAGTTA
7417	e16_s1_TCAGGGCCAAGTGCAG
7418	e16_s1_TCAGGGCCAGCATTGT
7419	e16_s1_TCAGGGCGTCGCAACC
7420	e16_s1_TCAGGGCGTTGCAAGG
7421	e16_s1_TCAGGGCTCAAAGAAC
7422	e16_s1_TCAGGGCTCATGGAGG
7423	e16_s1_TCAGGGCTCCAAGCCG
7424	e16_s1_TCAGGGCTCGAGATGG
7425	e16_s1_TCAGGGCTCTATGTGG
7426	e16_s1_TCAGGTAAGACTGGGT
7427	e16_s1_TCAGGTAAGATCCAAA
7428	e16_s1_TCAGGTAAGCACGTCC
7429	e16_s1_TCAGGTAAGGTAGCAC
7430	e16_s1_TCAGGTAAGGTTCACT
7431	e16_s1_TCAGGTAAGTAGCCAG
7432	e16_s1_TCAGGTACACTTCTCG
7433	e16_s1_TCAGGTACATGACGTT
7434	e16_s1_TCAGGTATCGCATGAT
7435	e16_s1_TCAGGTATCTGTCTCG
7436	e16_s1_TCAGTCCAGCAACAAT
7437	e16_s1_TCAGTCCCAATACAGA
7438	e16_s1_TCAGTCCCAGCAAGAC
7439	e16_s1_TCAGTCCCATAAGCAA
7440	e16_s1_TCAGTCCCATGGGAAC
7441	e16_s1_TCAGTCCGTCACTAGT
7442	e16_s1_TCAGTCCGTCTGTTAG
7443	e16_s1_TCAGTCCGTGAGCAGT
7444	e16_s1_TCAGTCCGTGCGTCGT
7445	e16_s1_TCAGTCCGTTCGGGTC
7446	e16_s1_TCAGTCCTCTAACACG
7447	e16_s1_TCAGTCCTCTCCGTGT
7448	e16_s1_TCAGTGAAGAACGCGT
7449	e16_s1_TCAGTGAAGTATCTGC
7450	e16_s1_TCAGTGACAATCCTTT
7451	e16_s1_TCAGTGACACATACGT
7452	e16_s1_TCAGTGACATACAGCT
7453	e16_s1_TCAGTGATCGACCATA
7454	e16_s1_TCAGTGATCTTGGCTC
7455	e16_s1_TCAGTGATCTTTACAC
7456	e16_s1_TCAGTTTAGCGACTTT
7457	e16_s1_TCAGTTTAGCTCTTCC
7458	e16_s1_TCAGTTTAGGCGACAT
7459	e16_s1_TCAGTTTAGGGTAATT
7460	e16_s1_TCAGTTTAGTGGCGAT
7461	e16_s1_TCAGTTTCACTTCAAG
7462	e16_s1_TCAGTTTCAGTTACCA
7463	e16_s1_TCAGTTTCATGAGGGT
7464	e16_s1_TCAGTTTCATTGACCA
7465	e16_s1_TCAGTTTGTAGGAGGG
7466	e16_s1_TCAGTTTGTATTTCCT
7467	e16_s1_TCAGTTTGTGGAGAAA
7468	e16_s1_TCAGTTTTCTGTAAGC
7469	e16_s1_TCAGTTTTCTTGGAAC
7470	e16_s1_TCATACTAGGTTGTTC
7471	e16_s1_TCATACTCACATTCGA
7472	e16_s1_TCATACTCATCACAGT
7473	e16_s1_TCATACTGTGAGATAT
7474	e16_s1_TCATACTTCCGCGGAT
7475	e16_s1_TCATACTTCTACGCAA
7476	e16_s1_TCATATCAGAGGGTGG
7477	e16_s1_TCATATCAGGACCCAA
7478	e16_s1_TCATATCAGTGAGCCA
7479	e16_s1_TCATATCCAAGTGGCA
7480	e16_s1_TCATATCCAGGTCAGA
7481	e16_s1_TCATATCGTGACAGCA
7482	e16_s1_TCATATCTCGACGCGT
7483	e16_s1_TCATATCTCGGACTGC
7484	e16_s1_TCATATCTCTACCCAC
7485	e16_s1_TCATCATAGAACTGAT
7486	e16_s1_TCATCATAGATCACTC
7487	e16_s1_TCATCATAGGCTCTCG
7488	e16_s1_TCATCATAGGGAGTTC
7489	e16_s1_TCATCATAGTTAGTGA
7490	e16_s1_TCATCATCAAATACGA
7491	e16_s1_TCATCATCAAGTGCAG
7492	e16_s1_TCATCATCACTGAATC
7493	e16_s1_TCATCATCAGAACGCA
7494	e16_s1_TCATCATCAGCCGTCA
7495	e16_s1_TCATCATCATCGTGCG
7496	e16_s1_TCATCATGTATCGCGC
7497	e16_s1_TCATCATGTGTAAACA
7498	e16_s1_TCATCATTCGACCACG
7499	e16_s1_TCATCCGAGCTTACGT
7500	e16_s1_TCATCCGAGTAATACG
7501	e16_s1_TCATCCGAGTGCGCTC
7502	e16_s1_TCATCCGCACCTGTCT
7503	e16_s1_TCATCCGCACGCGTGT
7504	e16_s1_TCATCCGCACTATCGA
7505	e16_s1_TCATCCGCAGTGCGCT
7506	e16_s1_TCATCCGGTGTTACAC
7507	e16_s1_TCATCCGTCCACTTCG
7508	e16_s1_TCATCCGTCTAGGAAA
7509	e16_s1_TCATGAGAGATGGTAT
7510	e16_s1_TCATGAGAGCCTCATA
7511	e16_s1_TCATGAGCAAGAAACT
7512	e16_s1_TCATGAGGTACGTTCA
7513	e16_s1_TCATGAGGTAGATCGG
7514	e16_s1_TCATGAGGTATGACAA
7515	e16_s1_TCATGAGGTATGGGAC
7516	e16_s1_TCATGAGTCATCTACT
7517	e16_s1_TCATGAGTCATTCACT
7518	e16_s1_TCATGAGTCCTTGACC
7519	e16_s1_TCATGAGTCGAGAGCA
7520	e16_s1_TCATGCCAGAAGAGCA
7521	e16_s1_TCATGCCAGAGTCAGC
7522	e16_s1_TCATGCCAGTCCGCCA
7523	e16_s1_TCATGCCCAAACGTGG
7524	e16_s1_TCATGCCCAGAGGGTT
7525	e16_s1_TCATGCCCAGTGTGGA
7526	e16_s1_TCATGCCGTCCGAAGA
7527	e16_s1_TCATGCCTCTAGTACG
7528	e16_s1_TCATGGAAGCATTTCG
7529	e16_s1_TCATGGAAGCTAAATG
7530	e16_s1_TCATGGAAGGTCGTGA
7531	e16_s1_TCATGGAAGTCAACAA
7532	e16_s1_TCATGGACATATTCGG
7533	e16_s1_TCATGGACATCGTGGC
7534	e16_s1_TCATGGAGTATTTCGG
7535	e16_s1_TCATGGAGTCCGACGT
7536	e16_s1_TCATGGAGTGCCTACG
7537	e16_s1_TCATGGAGTGGACCAA
7538	e16_s1_TCATGGATCAACACCA
7539	e16_s1_TCATGGATCGTTAGTG
7540	e16_s1_TCATGGATCGTTGTGA
7541	e16_s1_TCATGGATCTGCTGAA
7542	e16_s1_TCATGTTAGAACTTCC
7543	e16_s1_TCATGTTAGAATCGTA
7544	e16_s1_TCATGTTCAGACCGCT
7545	e16_s1_TCATGTTCAGACGGAT
7546	e16_s1_TCATGTTCATCAGCTA
7547	e16_s1_TCATGTTCATGATAGA
7548	e16_s1_TCATGTTCATTGCCGG
7549	e16_s1_TCATGTTGTATGAGCG
7550	e16_s1_TCATGTTGTGCGACAA
7551	e16_s1_TCATTACAGAATAGTC
7552	e16_s1_TCATTACCACAGTCAT
7553	e16_s1_TCATTACGTAACATCC
7554	e16_s1_TCATTACGTAACCCTA
7555	e16_s1_TCATTACGTAATCAAG
7556	e16_s1_TCATTACGTATGGAAT
7557	e16_s1_TCATTACGTGAGCCAA
7558	e16_s1_TCATTACTCCACACCT
7559	e16_s1_TCATTACTCCCATAGA
7560	e16_s1_TCATTCAAGACGGTTG
7561	e16_s1_TCATTCAAGGGCAACT
7562	e16_s1_TCATTCACACCCTTGT
7563	e16_s1_TCATTCACAGCACAAG
7564	e16_s1_TCATTCACAGCGCTTG
7565	e16_s1_TCATTCACATAATCGC
7566	e16_s1_TCATTCAGTCACGCTG
7567	e16_s1_TCATTCAGTCGTCGGT
7568	e16_s1_TCATTCAGTTAAGTCC
7569	e16_s1_TCATTCAGTTCCGCGA
7570	e16_s1_TCATTCATCACAGTGT
7571	e16_s1_TCATTCATCATGGATC
7572	e16_s1_TCATTCATCGTCCTCA
7573	e16_s1_TCATTGTAGCACTGGA
7574	e16_s1_TCATTGTAGGACGCTA
7575	e16_s1_TCATTGTAGGTCGTCC
7576	e16_s1_TCATTGTCAATGCTCA
7577	e16_s1_TCATTGTCAGAGACTG
7578	e16_s1_TCATTGTCAGTTCTAG
7579	e16_s1_TCATTGTGTAGGGTAC
7580	e16_s1_TCATTGTTCAGCCTCT
7581	e16_s1_TCATTTGAGCTGTGCC
7582	e16_s1_TCATTTGAGGACAAGA
7583	e16_s1_TCATTTGAGGCTAACG
7584	e16_s1_TCATTTGCAAACCATC
7585	e16_s1_TCATTTGCACGGTAGA
7586	e16_s1_TCATTTGGTAGACACG
7587	e16_s1_TCATTTGTCAAAGCCT
7588	e16_s1_TCATTTGTCCGATGCG
7589	e16_s1_TCATTTGTCGAGTTGT
7590	e16_s1_TCCACCAAGGGAGGGT
7591	e16_s1_TCCACCAAGGGTAATT
7592	e16_s1_TCCACCAAGGTACAAT
7593	e16_s1_TCCACCACACTCCGAG
7594	e16_s1_TCCACCACAGTTAGGG
7595	e16_s1_TCCACCAGTGTGAGCA
7596	e16_s1_TCCACCATCAGCTCTC
7597	e16_s1_TCCACCATCCGAGCTG
7598	e16_s1_TCCACCATCGGCTGGT
7599	e16_s1_TCCACCATCTTTGCTA
7600	e16_s1_TCCACGTAGCCGTTAT
7601	e16_s1_TCCACGTCAAATGAAC
7602	e16_s1_TCCACGTCAAGTTCCA
7603	e16_s1_TCCACGTCACGATTCA
7604	e16_s1_TCCACGTGTAAGGAGA
7605	e16_s1_TCCACGTGTACAGAAT
7606	e16_s1_TCCACGTGTACGGATG
7607	e16_s1_TCCACGTGTTACGTAC
7608	e16_s1_TCCAGAAAGCACTTTG
7609	e16_s1_TCCAGAAAGCCGATCC
7610	e16_s1_TCCAGAAAGTCATCCA
7611	e16_s1_TCCAGAAAGTTGCTCA
7612	e16_s1_TCCAGAAGTTGCGTAT
7613	e16_s1_TCCAGAATCTCGGTAA
7614	e16_s1_TCCAGAATCTGTTGGA
7615	e16_s1_TCCATCGAGAGTGAAG
7616	e16_s1_TCCATCGAGATTAGTG
7617	e16_s1_TCCATCGCAAGAATAC
7618	e16_s1_TCCATCGGTACCTAAC
7619	e16_s1_TCCATCGGTCATAAAG
7620	e16_s1_TCCATCGGTCGACTGC
7621	e16_s1_TCCATCGGTCGTCAGC
7622	e16_s1_TCCATCGGTGGCACTC
7623	e16_s1_TCCATCGGTGGCCTCA
7624	e16_s1_TCCATCGGTTGCTTGA
7625	e16_s1_TCCATCGTCCACGGGT
7626	e16_s1_TCCATGCAGAAGGCTC
7627	e16_s1_TCCATGCAGATACTGA
7628	e16_s1_TCCATGCAGATCGACG
7629	e16_s1_TCCATGCAGATTCGAA
7630	e16_s1_TCCATGCAGCCAAGTG
7631	e16_s1_TCCATGCAGCGTGAAC
7632	e16_s1_TCCATGCAGGGCAAGG
7633	e16_s1_TCCATGCCACAACGCC
7634	e16_s1_TCCATGCGTCGGAAAC
7635	e16_s1_TCCATGCGTGACAACG
7636	e16_s1_TCCATGCGTGACAGCA
7637	e16_s1_TCCATGCGTGAGGCAT
7638	e16_s1_TCCATGCTCCGAACGC
7639	e16_s1_TCCATGCTCTGAATCG
7640	e16_s1_TCCCACAAGCAGATAT
7641	e16_s1_TCCCACAAGGCTTCCG
7642	e16_s1_TCCCACAAGGTCCCTG
7643	e16_s1_TCCCACAAGTGAGCCA
7644	e16_s1_TCCCACACAAATCAAG
7645	e16_s1_TCCCACACATAACAGA
7646	e16_s1_TCCCACAGTCCGTTTC
7647	e16_s1_TCCCACAGTCTAGGTT
7648	e16_s1_TCCCACATCCGTTGGG
7649	e16_s1_TCCCAGTAGACTGGGT
7650	e16_s1_TCCCAGTAGCCGATAG
7651	e16_s1_TCCCAGTCAACTCCAA
7652	e16_s1_TCCCAGTCACTGGAAG
7653	e16_s1_TCCCAGTGTATTGACC
7654	e16_s1_TCCCAGTGTTCACCGG
7655	e16_s1_TCCCAGTTCCAATCTT
7656	e16_s1_TCCCAGTTCGCAACAT
7657	e16_s1_TCCCAGTTCGGCCCAA
7658	e16_s1_TCCCATGAGCACGGAT
7659	e16_s1_TCCCATGAGTGAACAT
7660	e16_s1_TCCCATGCACCGTGAC
7661	e16_s1_TCCCATGCATCCGGTG
7662	e16_s1_TCCCATGGTGCCCGTA
7663	e16_s1_TCCCATGGTTATCTTC
7664	e16_s1_TCCCATGGTTCTCGTC
7665	e16_s1_TCCCATGTCTCGCTTG
7666	e16_s1_TCCCATGTCTTGATTC
7667	e16_s1_TCCGAAACAACACGTT
7668	e16_s1_TCCGAAACAAGACGAC
7669	e16_s1_TCCGAAACAATTGCCA
7670	e16_s1_TCCGAAACACAAACGG
7671	e16_s1_TCCGAAACACTGCGAC
7672	e16_s1_TCCGAAACAGGACAGT
7673	e16_s1_TCCGAAAGTGTGTGGA
7674	e16_s1_TCCGAAAGTGTTAACC
7675	e16_s1_TCCGAAATCCACGGAC
7676	e16_s1_TCCGAAATCCAGTACA
7677	e16_s1_TCCGAAATCGCGTGAC
7678	e16_s1_TCCGAAATCGTAACAC
7679	e16_s1_TCCGATCAGAGTAACT
7680	e16_s1_TCCGATCAGATCGCCC
7681	e16_s1_TCCGATCAGGCCATAG
7682	e16_s1_TCCGATCAGTACTCGT
7683	e16_s1_TCCGATCCAACCGTAT
7684	e16_s1_TCCGATCGTATACCCA
7685	e16_s1_TCCGATCGTTAGGGTG
7686	e16_s1_TCCGATCGTTCCGCTT
7687	e16_s1_TCCGATCTCGGAATTC
7688	e16_s1_TCCGATCTCTTTACAC
7689	e16_s1_TCCGGGAAGAGAGCCT
7690	e16_s1_TCCGGGAAGCTACAAA
7691	e16_s1_TCCGGGAAGGCTATCT
7692	e16_s1_TCCGGGAAGGGTCTTT
7693	e16_s1_TCCGGGAAGGTGATAT
7694	e16_s1_TCCGGGAAGTTAGAAC
7695	e16_s1_TCCGGGACAATGAACA
7696	e16_s1_TCCGGGACACGGTCTG
7697	e16_s1_TCCGGGACAGCTCATA
7698	e16_s1_TCCGGGACAGTGAGCA
7699	e16_s1_TCCGGGACATATGCGT
7700	e16_s1_TCCGGGACATGACAAA
7701	e16_s1_TCCGGGACATTGCAAC
7702	e16_s1_TCCGGGAGTATGCAAA
7703	e16_s1_TCCGGGAGTATTGAGA
7704	e16_s1_TCCGGGAGTCTTTATC
7705	e16_s1_TCCGGGATCCGATAGT
7706	e16_s1_TCCGGGATCTCGGTAA
7707	e16_s1_TCCGGGATCTTGGTGA
7708	e16_s1_TCCGTGTCAATCGCGC
7709	e16_s1_TCCGTGTCACAGTCGC
7710	e16_s1_TCCGTGTCAGGCACTC
7711	e16_s1_TCCGTGTGTCAATCTG
7712	e16_s1_TCCGTGTGTTGCTCGG
7713	e16_s1_TCCGTGTTCACCGACG
7714	e16_s1_TCCGTGTTCATGCCCT
7715	e16_s1_TCCGTGTTCCAATGCA
7716	e16_s1_TCCTAATAGGCTCTCG
7717	e16_s1_TCCTAATAGGGTCACA
7718	e16_s1_TCCTAATCACGGCCAT
7719	e16_s1_TCCTAATCAGTGTATC
7720	e16_s1_TCCTAATCATCGATCA
7721	e16_s1_TCCTAATCATGGGTTT
7722	e16_s1_TCCTAATGTAGTTAGA
7723	e16_s1_TCCTAATGTCCTTTGC
7724	e16_s1_TCCTAATGTGCTCTCT
7725	e16_s1_TCCTAATGTGGTCCGT
7726	e16_s1_TCCTAATGTTGACTAC
7727	e16_s1_TCCTAATTCACAAGGG
7728	e16_s1_TCCTAATTCACCTCAC
7729	e16_s1_TCCTAATTCCTGTACC
7730	e16_s1_TCCTAATTCGATACAC
7731	e16_s1_TCCTAATTCGATGGAG
7732	e16_s1_TCCTAATTCGGATAAA
7733	e16_s1_TCCTAATTCTGCCTGT
7734	e16_s1_TCCTCCCAGAAACACT
7735	e16_s1_TCCTCCCAGCCAGACA
7736	e16_s1_TCCTCCCAGGTTGGTG
7737	e16_s1_TCCTCCCAGTATCTGC
7738	e16_s1_TCCTCCCAGTTGGACG
7739	e16_s1_TCCTCCCCACTCCTGT
7740	e16_s1_TCCTCCCGTAGATCGG
7741	e16_s1_TCCTCCCTCACATACG
7742	e16_s1_TCCTCCCTCCTGGGTG
7743	e16_s1_TCCTCCCTCTCGCCTA
7744	e16_s1_TCCTCGACAAATGGTA
7745	e16_s1_TCCTCGACACGACTAT
7746	e16_s1_TCCTCGACAGTCGCTG
7747	e16_s1_TCCTCGACATAGGAGC
7748	e16_s1_TCCTCGAGTACGGATG
7749	e16_s1_TCCTCGAGTAGAATGT
7750	e16_s1_TCCTCGAGTGTGAGCA
7751	e16_s1_TCCTCGATCAAAGGTA
7752	e16_s1_TCCTCGATCAGCACCG
7753	e16_s1_TCCTCGATCCCAAGTA
7754	e16_s1_TCCTCGATCCCATTTA
7755	e16_s1_TCCTCGATCCGGTAAT
7756	e16_s1_TCCTCGATCGATGGAG
7757	e16_s1_TCCTCGATCTTTGGAG
7758	e16_s1_TCCTCTTAGCAAACAT
7759	e16_s1_TCCTCTTAGGTTCTAC
7760	e16_s1_TCCTCTTCAATAGAGT
7761	e16_s1_TCCTCTTCAATTAGGA
7762	e16_s1_TCCTCTTGTAATGCTC
7763	e16_s1_TCCTCTTGTACCCGAC
7764	e16_s1_TCCTCTTGTTTGGAGG
7765	e16_s1_TCCTCTTTCACAGAGG
7766	e16_s1_TCCTCTTTCTGCTCTG
7767	e16_s1_TCCTCTTTCTTTGATC
7768	e16_s1_TCCTGCAAGAATGTTG
7769	e16_s1_TCCTGCAAGCATGTTC
7770	e16_s1_TCCTGCAAGGGATGTC
7771	e16_s1_TCCTGCAAGGGTATAT
7772	e16_s1_TCCTGCACAAAGGAGA
7773	e16_s1_TCCTGCAGTAAGATCA
7774	e16_s1_TCCTGCAGTAGAAACT
7775	e16_s1_TCCTGCAGTGCATTAC
7776	e16_s1_TCCTGCATCAACCCGG
7777	e16_s1_TCCTGCATCATGGCCG
7778	e16_s1_TCCTGCATCCGATAAC
7779	e16_s1_TCCTGCATCTGAGAGG
7780	e16_s1_TCCTGCATCTTCCTAA
7781	e16_s1_TCCTTCTCAAGTGGAC
7782	e16_s1_TCCTTCTGTATCCTCC
7783	e16_s1_TCCTTCTGTCCGGTCA
7784	e16_s1_TCCTTTCAGCGCCTTG
7785	e16_s1_TCCTTTCCATACAGAA
7786	e16_s1_TCCTTTCCATCGGTTA
7787	e16_s1_TCCTTTCGTACTTGTG
7788	e16_s1_TCCTTTCGTCGGATTT
7789	e16_s1_TCCTTTCGTCGTCTCT
7790	e16_s1_TCCTTTCGTGATTCAC
7791	e16_s1_TCCTTTCGTTCTCGCT
7792	e16_s1_TCCTTTCGTTGCATGT
7793	e16_s1_TCGAACAAGAATGTTG
7794	e16_s1_TCGAACAAGAGAGAAC
7795	e16_s1_TCGAACAAGCAAATCA
7796	e16_s1_TCGAACAAGCAGAAAG
7797	e16_s1_TCGAACAAGGCTCAAG
7798	e16_s1_TCGAACAAGGGCCAAT
7799	e16_s1_TCGAACAAGGGTGGGA
7800	e16_s1_TCGAACACAGCTGTCG
7801	e16_s1_TCGAACACATACAGGG
7802	e16_s1_TCGAACACATGGGTTT
7803	e16_s1_TCGAACAGTGGGTTGA
7804	e16_s1_TCGAACATCAATCCGA
7805	e16_s1_TCGAACATCGCCACTT
7806	e16_s1_TCGAAGTAGGCTGTAG
7807	e16_s1_TCGAAGTCAACTCCCT
7808	e16_s1_TCGAAGTGTCCTGTCT
7809	e16_s1_TCGAAGTTCCCTGGTT
7810	e16_s1_TCGAAGTTCCGGTTCT
7811	e16_s1_TCGAAGTTCGAGTGGA
7812	e16_s1_TCGAAGTTCTCCCTAG
7813	e16_s1_TCGACCTAGCACTAAA
7814	e16_s1_TCGACCTAGCTGCGAA
7815	e16_s1_TCGACCTAGGAATTAC
7816	e16_s1_TCGACCTAGGACATCG
7817	e16_s1_TCGACCTAGTCATGGG
7818	e16_s1_TCGACCTAGTGATAGT
7819	e16_s1_TCGACCTCAACCACAT
7820	e16_s1_TCGACCTCACACCTAA
7821	e16_s1_TCGACCTGTGCCTGAC
7822	e16_s1_TCGACCTGTGTCTCCT
7823	e16_s1_TCGACCTTCCGTATAG
7824	e16_s1_TCGACCTTCTAACACG
7825	e16_s1_TCGACCTTCTATTGTC
7826	e16_s1_TCGACCTTCTATTTCG
7827	e16_s1_TCGACCTTCTTCTGGC
7828	e16_s1_TCGACGGAGCCTTTGA
7829	e16_s1_TCGACGGAGCGTCAAG
7830	e16_s1_TCGACGGAGGATAATC
7831	e16_s1_TCGACGGAGGGCAGTT
7832	e16_s1_TCGACGGCAATCGAAA
7833	e16_s1_TCGACGGCACAGTCAT
7834	e16_s1_TCGACGGCACTGGACC
7835	e16_s1_TCGACGGCAGCGTATT
7836	e16_s1_TCGACGGTCAAACTGC
7837	e16_s1_TCGACGGTCGGTCAGC
7838	e16_s1_TCGACGGTCTTGGTCC
7839	e16_s1_TCGATTTAGTCGCCCA
7840	e16_s1_TCGATTTCAAGCGCAA
7841	e16_s1_TCGATTTCAGCAGACA
7842	e16_s1_TCGATTTCAGTAGAAT
7843	e16_s1_TCGATTTCATCTCATT
7844	e16_s1_TCGATTTTCACCTCGT
7845	e16_s1_TCGATTTTCCGGTAGC
7846	e16_s1_TCGATTTTCTTCCAGC
7847	e16_s1_TCGCACTAGCCGCACT
7848	e16_s1_TCGCACTAGTTTGAGA
7849	e16_s1_TCGCACTCACCAAAGG
7850	e16_s1_TCGCACTCACCCTAAA
7851	e16_s1_TCGCACTGTACATTGC
7852	e16_s1_TCGCACTGTGCCTTCT
7853	e16_s1_TCGCACTTCAGCGCAC
7854	e16_s1_TCGCAGGAGCTCGCAC
7855	e16_s1_TCGCAGGAGTAATTGG
7856	e16_s1_TCGCAGGAGTGTTCAC
7857	e16_s1_TCGCAGGCAACCGTGC
7858	e16_s1_TCGCAGGCAGGTGTTT
7859	e16_s1_TCGCAGGCATCATCTT
7860	e16_s1_TCGCAGGGTCGCGTCA
7861	e16_s1_TCGCAGGGTCTAGGCC
7862	e16_s1_TCGCAGGGTCTTGAAC
7863	e16_s1_TCGCAGGGTTGTCTAG
7864	e16_s1_TCGCAGGTCAACTTTC
7865	e16_s1_TCGCAGGTCAGAGTGG
7866	e16_s1_TCGCAGGTCATAAGGA
7867	e16_s1_TCGCAGGTCCTTCGAC
7868	e16_s1_TCGCAGGTCTGTTCAT
7869	e16_s1_TCGCTCAAGAGTGTGC
7870	e16_s1_TCGCTCAAGCCTTGAT
7871	e16_s1_TCGCTCACAAAGCTCT
7872	e16_s1_TCGCTCACAGACACCC
7873	e16_s1_TCGCTCACAGCACAAG
7874	e16_s1_TCGCTCACAGGTTACT
7875	e16_s1_TCGCTCACAGTGGGTA
7876	e16_s1_TCGCTCAGTCTGCATA
7877	e16_s1_TCGCTCAGTTAATGAG
7878	e16_s1_TCGCTCATCATGACAC
7879	e16_s1_TCGCTCATCGCGTAGC
7880	e16_s1_TCGCTCATCTCAAAGC
7881	e16_s1_TCGCTTGAGATTGTGA
7882	e16_s1_TCGCTTGAGCGGATCA
7883	e16_s1_TCGCTTGAGGTGCCAA
7884	e16_s1_TCGCTTGAGTATGTAG
7885	e16_s1_TCGCTTGAGTATTCCG
7886	e16_s1_TCGCTTGCACAAAGTA
7887	e16_s1_TCGCTTGCACGCGGTT
7888	e16_s1_TCGCTTGGTGCTATTG
7889	e16_s1_TCGGATAAGGAAAGAC
7890	e16_s1_TCGGATAAGGCTCTCG
7891	e16_s1_TCGGATAAGGTGGCTA
7892	e16_s1_TCGGATACACCGTGAC
7893	e16_s1_TCGGATACACGCAGTC
7894	e16_s1_TCGGATACAGACCATT
7895	e16_s1_TCGGATACATGACTAC
7896	e16_s1_TCGGATACATGACTGT
7897	e16_s1_TCGGATAGTCTGTGGC
7898	e16_s1_TCGGATAGTGACCGTC
7899	e16_s1_TCGGATAGTTGTCAGT
7900	e16_s1_TCGGGACAGACGGAAA
7901	e16_s1_TCGGGACAGCAAGTGC
7902	e16_s1_TCGGGACAGGACATCG
7903	e16_s1_TCGGGACAGGGTTAAT
7904	e16_s1_TCGGGACCATAGATCC
7905	e16_s1_TCGGGACGTATGAAAC
7906	e16_s1_TCGGGACGTTACCCTC
7907	e16_s1_TCGGGACGTTAGAAAC
7908	e16_s1_TCGGGACTCACACCCT
7909	e16_s1_TCGGGACTCACGTCCT
7910	e16_s1_TCGGGACTCCCAGCGA
7911	e16_s1_TCGGGACTCGCATTAG
7912	e16_s1_TCGGGCAAGAGGTCAC
7913	e16_s1_TCGGGCAAGCTTCATG
7914	e16_s1_TCGGGCACAAGAGTGC
7915	e16_s1_TCGGGCACACCCTCTA
7916	e16_s1_TCGGGCACACTAGGTT
7917	e16_s1_TCGGGCAGTAAGATCA
7918	e16_s1_TCGGGCAGTTCCTACC
7919	e16_s1_TCGGGCAGTTTGTTCT
7920	e16_s1_TCGGGTGAGGGCATGT
7921	e16_s1_TCGGGTGCACTAAACC
7922	e16_s1_TCGGGTGGTAGGAGTC
7923	e16_s1_TCGGGTGGTCGCTCGA
7924	e16_s1_TCGGGTGGTCTAGGCC
7925	e16_s1_TCGGGTGTCAACGAGG
7926	e16_s1_TCGGGTGTCAAGCGTT
7927	e16_s1_TCGGGTGTCATCGGGC
7928	e16_s1_TCGGGTGTCCCTCAAC
7929	e16_s1_TCGGGTGTCTGGCCAG
7930	e16_s1_TCGGTCTAGAAGAACG
7931	e16_s1_TCGGTCTAGAAGTCCG
7932	e16_s1_TCGGTCTAGCAATAAC
7933	e16_s1_TCGGTCTAGTGAGCCA
7934	e16_s1_TCGGTCTCATCAGCTA
7935	e16_s1_TCGGTCTGTAGAATGT
7936	e16_s1_TCGGTCTGTATGAGCG
7937	e16_s1_TCGGTCTGTGCACAAG
7938	e16_s1_TCGGTCTGTTTCACAG
7939	e16_s1_TCGGTCTTCAGAACCT
7940	e16_s1_TCGGTCTTCAGTGTTG
7941	e16_s1_TCGGTCTTCTCTCTAA
7942	e16_s1_TCGGTCTTCTGCGAGC
7943	e16_s1_TCGGTCTTCTTGGATG
7944	e16_s1_TCGTAGAAGACTACGG
7945	e16_s1_TCGTAGAAGATGCCGA
7946	e16_s1_TCGTAGAAGTGTTGTC
7947	e16_s1_TCGTAGACACGTAGTT
7948	e16_s1_TCGTAGACATATACCG
7949	e16_s1_TCGTAGACATTGACTG
7950	e16_s1_TCGTAGAGTAGACTGG
7951	e16_s1_TCGTAGAGTGGCGTAA
7952	e16_s1_TCGTAGAGTGTAGGAC
7953	e16_s1_TCGTAGAGTTAACAGA
7954	e16_s1_TCGTAGAGTTCCAGGC
7955	e16_s1_TCGTAGATCCAGTGTA
7956	e16_s1_TCGTAGATCGTTATCT
7957	e16_s1_TCGTCCAAGCGTCAGA
7958	e16_s1_TCGTCCAAGGGTTGCA
7959	e16_s1_TCGTCCAAGGTGATAT
7960	e16_s1_TCGTCCACACTTTATC
7961	e16_s1_TCGTCCACAGGCGTTC
7962	e16_s1_TCGTCCAGTCTAACGT
7963	e16_s1_TCGTCCATCACTCTTA
7964	e16_s1_TCGTCCATCCCGTTCA
7965	e16_s1_TCGTCCATCCTTCAGC
7966	e16_s1_TCGTCCATCTATGCCC
7967	e16_s1_TCGTGCTCATCGGATT
7968	e16_s1_TCGTGCTGTCTGCCTT
7969	e16_s1_TCGTGCTGTGCTGCAC
7970	e16_s1_TCGTGCTGTGTCCTAA
7971	e16_s1_TCGTGCTGTTCGGCGT
7972	e16_s1_TCGTGCTTCAGCTAGT
7973	e16_s1_TCGTGGGAGAAGCCAC
7974	e16_s1_TCGTGGGAGTTATGGA
7975	e16_s1_TCGTGGGCAACCAACT
7976	e16_s1_TCGTGGGCAAGTTTGC
7977	e16_s1_TCGTGGGCATCATCCC
7978	e16_s1_TCGTGGGGTCCAAAGG
7979	e16_s1_TCGTGGGGTCGCTTGG
7980	e16_s1_TCGTGGGTCATTGCTT
7981	e16_s1_TCGTGGGTCTCTAAGG
7982	e16_s1_TCTAACTAGCATAGGC
7983	e16_s1_TCTAACTAGTCGCTAT
7984	e16_s1_TCTAACTCAATCGCGC
7985	e16_s1_TCTAACTCACAGTATC
7986	e16_s1_TCTAACTCAGGGTTGA
7987	e16_s1_TCTAACTCATGCTGCG
7988	e16_s1_TCTAACTGTCACAATC
7989	e16_s1_TCTAACTGTTCAATCG
7990	e16_s1_TCTAACTTCCCAATAG
7991	e16_s1_TCTACATAGAACGCGT
7992	e16_s1_TCTACATAGCGGACAT
7993	e16_s1_TCTACATAGTAGACAT
7994	e16_s1_TCTACATCACTCCTTG
7995	e16_s1_TCTACATGTAAGTAGT
7996	e16_s1_TCTACATTCTCGTTTA
7997	e16_s1_TCTACCGAGCCGAACA
7998	e16_s1_TCTACCGCAAGGCAAC
7999	e16_s1_TCTACCGCACGCGTGT
8000	e16_s1_TCTACCGCACGGTGAA
8001	e16_s1_TCTACCGGTAGCGCTC
8002	e16_s1_TCTACCGTCACCTGGG
8003	e16_s1_TCTACCGTCCTCTGCA
8004	e16_s1_TCTACCGTCGCTCTCA
8005	e16_s1_TCTACCGTCGTGCGAC
8006	e16_s1_TCTACCGTCTAGACAC
8007	e16_s1_TCTACCGTCTCACCCA
8008	e16_s1_TCTATACAGGGAGGGT
8009	e16_s1_TCTATACCAAGATGTA
8010	e16_s1_TCTATACCACCCAACG
8011	e16_s1_TCTATACCACCCTGAG
8012	e16_s1_TCTATACGTAATACCC
8013	e16_s1_TCTATACTCCTATTTG
8014	e16_s1_TCTATACTCTCATTAC
8015	e16_s1_TCTATCAAGCCGTCGT
8016	e16_s1_TCTATCACAACCTAAC
8017	e16_s1_TCTATCACACGATTCA
8018	e16_s1_TCTATCAGTCCCTCAT
8019	e16_s1_TCTATCAGTGTGTCGC
8020	e16_s1_TCTATCAGTTGTTTGG
8021	e16_s1_TCTATCATCCCAAGCG
8022	e16_s1_TCTATCATCGCAACAT
8023	e16_s1_TCTATCATCGTCTAAG
8024	e16_s1_TCTCACGAGCGCTTCG
8025	e16_s1_TCTCACGAGCTAGATA
8026	e16_s1_TCTCACGAGGAAGTAG
8027	e16_s1_TCTCACGAGGTTCAGG
8028	e16_s1_TCTCACGAGTGAACAT
8029	e16_s1_TCTCACGGTATTGGCT
8030	e16_s1_TCTCACGGTCTGCGCA
8031	e16_s1_TCTCACGGTGAGATAT
8032	e16_s1_TCTCACGGTGCGCTCA
8033	e16_s1_TCTCACGGTTAGCTAC
8034	e16_s1_TCTCACGTCCATAAGC
8035	e16_s1_TCTCACGTCCCTCAAC
8036	e16_s1_TCTCAGCCATGGCACC
8037	e16_s1_TCTCAGCGTAGCTGTT
8038	e16_s1_TCTCAGCGTCGTTGCG
8039	e16_s1_TCTCAGCTCAAGTGGG
8040	e16_s1_TCTCAGCTCCTCAGAA
8041	e16_s1_TCTCAGCTCTTAGCTT
8042	e16_s1_TCTCCGAAGACAAGCC
8043	e16_s1_TCTCCGAAGCTCCCTT
8044	e16_s1_TCTCCGAAGGACAGCT
8045	e16_s1_TCTCCGACAGCGGATA
8046	e16_s1_TCTCCGAGTACCACGC
8047	e16_s1_TCTCCGAGTGATGAAT
8048	e16_s1_TCTCCGATCACCTACC
8049	e16_s1_TCTCCGATCCATCTGC
8050	e16_s1_TCTCCGATCCTCACCA
8051	e16_s1_TCTCCGATCTATCGTT
8052	e16_s1_TCTCTGGAGAGCTGCA
8053	e16_s1_TCTCTGGAGGTAGTAT
8054	e16_s1_TCTCTGGCAAACCACT
8055	e16_s1_TCTCTGGCACGACAGA
8056	e16_s1_TCTCTGGCATCCGTTC
8057	e16_s1_TCTCTGGTCACCTCTG
8058	e16_s1_TCTCTGGTCCGTGTGG
8059	e16_s1_TCTCTGGTCGAGAGCA
8060	e16_s1_TCTCTGGTCTCGCCTA
8061	e16_s1_TCTCTGGTCTGACGCG
8062	e16_s1_TCTGCCACATAATCGC
8063	e16_s1_TCTGCCAGTAGCGATG
8064	e16_s1_TCTGCCAGTATTTCGG
8065	e16_s1_TCTGCCAGTCTAGATC
8066	e16_s1_TCTGCCAGTTTAAGGA
8067	e16_s1_TCTGCCATCACATCAG
8068	e16_s1_TCTGCCATCCATCCGT
8069	e16_s1_TCTGCCATCGGACAAG
8070	e16_s1_TCTGCCATCTACCAGA
8071	e16_s1_TCTGGCTAGCGTCTCG
8072	e16_s1_TCTGGCTAGCTTCTAG
8073	e16_s1_TCTGGCTCACGTATAC
8074	e16_s1_TCTGGCTCAGACGCTC
8075	e16_s1_TCTGGCTCAGTAGATA
8076	e16_s1_TCTGGCTGTAGCTTAC
8077	e16_s1_TCTGGCTGTGGTCAAG
8078	e16_s1_TCTGGCTTCCTTGGAA
8079	e16_s1_TCTGTCGAGAGGTTAT
8080	e16_s1_TCTGTCGAGCAACCAG
8081	e16_s1_TCTGTCGAGCAGCCCT
8082	e16_s1_TCTGTCGAGGATACCG
8083	e16_s1_TCTGTCGAGGTTACAA
8084	e16_s1_TCTGTCGCACCCGTAG
8085	e16_s1_TCTGTCGCATCCGTGG
8086	e16_s1_TCTGTCGCATGACTGT
8087	e16_s1_TCTGTCGGTCAACATC
8088	e16_s1_TCTGTCGGTTAGGGTG
8089	e16_s1_TCTGTCGGTTGGGTTT
8090	e16_s1_TCTGTCGTCATGCCAA
8091	e16_s1_TCTGTCGTCCAGGACC
8092	e16_s1_TCTGTCGTCCTGTTGC
8093	e16_s1_TCTGTCGTCGCGAAGA
8094	e16_s1_TCTTAGTAGCCTGAGA
8095	e16_s1_TCTTAGTAGCCTGTCG
8096	e16_s1_TCTTAGTAGCTGACTT
8097	e16_s1_TCTTAGTAGTACAGAT
8098	e16_s1_TCTTAGTAGTTGTCGT
8099	e16_s1_TCTTAGTGTCCAAGAG
8100	e16_s1_TCTTAGTGTCTGTAAC
8101	e16_s1_TCTTAGTGTGCCGAAA
8102	e16_s1_TCTTAGTGTTAGAAAC
8103	e16_s1_TCTTAGTTCCAGGACC
8104	e16_s1_TCTTCCTAGCGATTCT
8105	e16_s1_TCTTCCTCAGAGAGGG
8106	e16_s1_TCTTCCTCATTCAGCA
8107	e16_s1_TCTTCCTGTAAGGTCG
8108	e16_s1_TCTTCCTGTGAGACGT
8109	e16_s1_TCTTCCTTCAACACGT
8110	e16_s1_TCTTCCTTCGCTAATG
8111	e16_s1_TCTTGCGAGGCTCTCG
8112	e16_s1_TCTTGCGCACCTCGTT
8113	e16_s1_TCTTGCGCATCACGGC
8114	e16_s1_TCTTGCGCATGGTACT
8115	e16_s1_TCTTGCGGTCTTTCAT
8116	e16_s1_TCTTGCGGTTCATCTT
8117	e16_s1_TCTTGCGTCACGAACT
8118	e16_s1_TCTTGCGTCAGGACGA
8119	e16_s1_TCTTGCGTCGATTGAC
8120	e16_s1_TCTTTGAAGCATATGA
8121	e16_s1_TCTTTGACAAAGGGCT
8122	e16_s1_TCTTTGACAATAACGA
8123	e16_s1_TCTTTGACACTCAAGT
8124	e16_s1_TCTTTGACATCGGTTA
8125	e16_s1_TCTTTGAGTAGATTGA
8126	e16_s1_TCTTTGAGTGTCTTAG
8127	e16_s1_TCTTTGAGTTAGAGAT
8128	e16_s1_TGAACGTAGGAAAGGT
8129	e16_s1_TGAACGTAGGTACATA
8130	e16_s1_TGAACGTCAAGGTCTT
8131	e16_s1_TGAACGTCAGTTCACA
8132	e16_s1_TGAACGTCATAGGTTC
8133	e16_s1_TGAACGTGTATTGCCA
8134	e16_s1_TGAACGTGTGACATCT
8135	e16_s1_TGAACGTTCAACGAGG
8136	e16_s1_TGAACGTTCGAGTACT
8137	e16_s1_TGAATCGAGTTACTCG
8138	e16_s1_TGAATCGCAGCTTCCT
8139	e16_s1_TGAATCGGTCGGAAAC
8140	e16_s1_TGAATCGGTGATTCAC
8141	e16_s1_TGAATCGGTGCCGTAC
8142	e16_s1_TGAATCGTCATACGAC
8143	e16_s1_TGAATCGTCCAAACCA
8144	e16_s1_TGAATGCAGAACAAGG
8145	e16_s1_TGAATGCAGCATCGAG
8146	e16_s1_TGAATGCAGTGATTCC
8147	e16_s1_TGAATGCCACAATGCT
8148	e16_s1_TGAATGCCAGATACTC
8149	e16_s1_TGAATGCTCAAGTGGG
8150	e16_s1_TGAATGCTCAGCTGTA
8151	e16_s1_TGAATGCTCCCGGTAG
8152	e16_s1_TGACAGTAGATACATG
8153	e16_s1_TGACAGTAGGCGCTTC
8154	e16_s1_TGACAGTCAATTCACG
8155	e16_s1_TGACAGTCACCCAATA
8156	e16_s1_TGACAGTCAGTGAGCA
8157	e16_s1_TGACAGTGTAGCGAGT
8158	e16_s1_TGACAGTTCAAGTGTC
8159	e16_s1_TGACAGTTCCATCTCG
8160	e16_s1_TGACAGTTCTTGCAAG
8161	e16_s1_TGACCCTAGGAAGTCC
8162	e16_s1_TGACCCTAGTCGAGGT
8163	e16_s1_TGACCCTCAGAGGCAT
8164	e16_s1_TGACCCTCAGATTCGT
8165	e16_s1_TGACCCTTCAAGAGGC
8166	e16_s1_TGACCCTTCGTTCAGA
8167	e16_s1_TGACCCTTCTCCGATC
8168	e16_s1_TGACGCGAGCTGAAAT
8169	e16_s1_TGACGCGAGCTGGAGT
8170	e16_s1_TGACGCGCACTTTATC
8171	e16_s1_TGACGCGCAGCGATTT
8172	e16_s1_TGACGCGCAGCTCATA
8173	e16_s1_TGACGCGCATTCAGGT
8174	e16_s1_TGACGCGGTAACTGCT
8175	e16_s1_TGACGCGGTCAGCGTC
8176	e16_s1_TGACGCGTCCTGGGTG
8177	e16_s1_TGACTCCAGACCTGGA
8178	e16_s1_TGACTCCCAGGAATAT
8179	e16_s1_TGACTCCCATGCGTGC
8180	e16_s1_TGACTCCCATGGAATA
8181	e16_s1_TGACTCCGTCAGCTTA
8182	e16_s1_TGACTCCGTTCTCACC
8183	e16_s1_TGACTCCTCCCGGTAG
8184	e16_s1_TGACTCCTCCTCTGCA
8185	e16_s1_TGACTCCTCGTGGCGT
8186	e16_s1_TGAGACTAGGTGGCTA
8187	e16_s1_TGAGACTAGTGCAACG
8188	e16_s1_TGAGACTCAAAGCTCT
8189	e16_s1_TGAGACTCAATTTCCT
8190	e16_s1_TGAGACTCAGGTGTTT
8191	e16_s1_TGAGACTGTGCGGATA
8192	e16_s1_TGAGACTGTTACACTG
8193	e16_s1_TGAGACTGTTATTCCT
8194	e16_s1_TGAGACTTCACGGGCT
8195	e16_s1_TGAGACTTCGACATTG
8196	e16_s1_TGAGCATAGAAGGGAT
8197	e16_s1_TGAGCATAGTCGCCAC
8198	e16_s1_TGAGCATCAAGCGATG
8199	e16_s1_TGAGCATCATAACCCA
8200	e16_s1_TGAGCATCATCATGAC
8201	e16_s1_TGAGCATCATGCAGCC
8202	e16_s1_TGAGCATGTAGGGTAC
8203	e16_s1_TGAGCATGTATCGCAT
8204	e16_s1_TGAGCATGTCAAGCGA
8205	e16_s1_TGAGCATGTGAATTAG
8206	e16_s1_TGAGCATTCCAGCACG
8207	e16_s1_TGAGCATTCCGAGCTG
8208	e16_s1_TGAGCGCAGACAACAT
8209	e16_s1_TGAGCGCAGGCAATGC
8210	e16_s1_TGAGCGCAGGTGCTTT
8211	e16_s1_TGAGCGCAGGTTCACT
8212	e16_s1_TGAGCGCAGTATGAAC
8213	e16_s1_TGAGCGCCAGTATGAA
8214	e16_s1_TGAGCGCGTAAGGTCG
8215	e16_s1_TGAGCGCGTCACAATC
8216	e16_s1_TGAGCGCGTCAGACGA
8217	e16_s1_TGAGCGCTCAGCGCAC
8218	e16_s1_TGAGCGCTCCATCGTC
8219	e16_s1_TGAGCGCTCTCAGTCC
8220	e16_s1_TGAGCGCTCTGAGATC
8221	e16_s1_TGAGGAGCAACCAATC
8222	e16_s1_TGAGGAGCAGAACTTC
8223	e16_s1_TGAGGAGCAGATGCGA
8224	e16_s1_TGAGGAGCATAGCACT
8225	e16_s1_TGAGGAGGTGCACATT
8226	e16_s1_TGAGGAGGTGCCGTAC
8227	e16_s1_TGAGGAGTCCTGGCTT
8228	e16_s1_TGAGGGAAGGTGCGAT
8229	e16_s1_TGAGGGACAAATCGGG
8230	e16_s1_TGAGGGACAAGACAAT
8231	e16_s1_TGAGGGACATTCATCT
8232	e16_s1_TGAGGGAGTAGGGTAC
8233	e16_s1_TGAGGGAGTAGGTACG
8234	e16_s1_TGAGGGAGTCGGCTAC
8235	e16_s1_TGAGGGAGTTAATGAG
8236	e16_s1_TGAGGGAGTTCCCACT
8237	e16_s1_TGAGGGAGTTGGGTAG
8238	e16_s1_TGAGGGATCATCCTGC
8239	e16_s1_TGAGGTTAGCGTTCCG
8240	e16_s1_TGAGGTTAGTTTGTCG
8241	e16_s1_TGAGGTTCAAGGAGTC
8242	e16_s1_TGAGGTTCATCCTCAC
8243	e16_s1_TGAGGTTGTGGCCTCA
8244	e16_s1_TGAGGTTGTGTGTTTG
8245	e16_s1_TGAGGTTTCATTACTC
8246	e16_s1_TGAGGTTTCGCTAATG
8247	e16_s1_TGAGTCAAGCCGAATG
8248	e16_s1_TGAGTCACACTCCGGA
8249	e16_s1_TGAGTCAGTCACCGCA
8250	e16_s1_TGAGTCAGTTTCGTTT
8251	e16_s1_TGAGTCATCATGCGGC
8252	e16_s1_TGAGTCATCCATAGAC
8253	e16_s1_TGAGTCATCTCCAAGA
8254	e16_s1_TGATCAGAGAGTCAGC
8255	e16_s1_TGATCAGAGATGTAGT
8256	e16_s1_TGATCAGAGGAAGTAG
8257	e16_s1_TGATCAGCATTGAGGG
8258	e16_s1_TGATCAGGTACCGCGT
8259	e16_s1_TGATCAGGTGTTCAGT
8260	e16_s1_TGATCAGTCGATTTCT
8261	e16_s1_TGATCTTAGCTGACAG
8262	e16_s1_TGATCTTCAACTGCCG
8263	e16_s1_TGATCTTCAGCGGATA
8264	e16_s1_TGATCTTGTAGTCTTG
8265	e16_s1_TGATCTTTCAGAATAG
8266	e16_s1_TGATCTTTCCATACAG
8267	e16_s1_TGATCTTTCGAGAATA
8268	e16_s1_TGATGCAAGAATAACC
8269	e16_s1_TGATGCAAGATTGAGT
8270	e16_s1_TGATGCAAGTTCATCG
8271	e16_s1_TGATGCACAAATCCCA
8272	e16_s1_TGATGCACAAATTAGG
8273	e16_s1_TGATGCACAAGTGATA
8274	e16_s1_TGATGCACACAATCTG
8275	e16_s1_TGATGCACACCTGCAG
8276	e16_s1_TGATGCACATCCTATT
8277	e16_s1_TGATGCACATGACGGA
8278	e16_s1_TGATGCAGTTCAACGT
8279	e16_s1_TGATGCATCGCACTCT
8280	e16_s1_TGATGCATCTCTCTTC
8281	e16_s1_TGATGGTCAACGTATC
8282	e16_s1_TGATGGTCAGGGTCTC
8283	e16_s1_TGATGGTGTGACCGAA
8284	e16_s1_TGATGGTTCCTCTCGA
8285	e16_s1_TGATGGTTCTACTATC
8286	e16_s1_TGATTCTAGCGACATG
8287	e16_s1_TGATTCTAGCGCCATC
8288	e16_s1_TGATTCTAGTATAACG
8289	e16_s1_TGATTCTAGTGCAGCA
8290	e16_s1_TGATTCTCACAGCTGC
8291	e16_s1_TGATTCTGTACATTGC
8292	e16_s1_TGATTCTGTAGTGATA
8293	e16_s1_TGATTCTGTCACCGCA
8294	e16_s1_TGATTTCAGACAACTA
8295	e16_s1_TGATTTCAGAGAAGGT
8296	e16_s1_TGATTTCAGCTATCTG
8297	e16_s1_TGATTTCAGCTTCTAG
8298	e16_s1_TGATTTCCAACTGCCG
8299	e16_s1_TGATTTCCACAGCCTG
8300	e16_s1_TGATTTCCACATATGC
8301	e16_s1_TGATTTCCACATCCCT
8302	e16_s1_TGATTTCCACCAAATC
8303	e16_s1_TGATTTCCACCCGTAG
8304	e16_s1_TGATTTCCAGTTACCA
8305	e16_s1_TGATTTCCATAATCCG
8306	e16_s1_TGATTTCGTACACGTT
8307	e16_s1_TGATTTCGTGTCCACG
8308	e16_s1_TGATTTCTCATGCATG
8309	e16_s1_TGATTTCTCCACCCTA
8310	e16_s1_TGATTTCTCGACCATA
8311	e16_s1_TGCACGGAGGACATCG
8312	e16_s1_TGCACGGCACCCTATC
8313	e16_s1_TGCACGGCAGGAGACT
8314	e16_s1_TGCACGGCATCCGGTG
8315	e16_s1_TGCACGGGTAAGATCA
8316	e16_s1_TGCACGGGTAATTAGG
8317	e16_s1_TGCACGGGTCGAATTC
8318	e16_s1_TGCACGGTCACATTGG
8319	e16_s1_TGCACGGTCATGTCTT
8320	e16_s1_TGCACGGTCCTTCACG
8321	e16_s1_TGCACGGTCGCGTGCA
8322	e16_s1_TGCAGATAGGATGCGT
8323	e16_s1_TGCAGATAGGCCGCTT
8324	e16_s1_TGCAGATAGTGCGCTC
8325	e16_s1_TGCAGATCACCAGCCA
8326	e16_s1_TGCAGATCAGGGTCTC
8327	e16_s1_TGCAGATCAGTATTCG
8328	e16_s1_TGCAGATGTACAAAGT
8329	e16_s1_TGCAGATGTCATCGCG
8330	e16_s1_TGCAGATGTCGTTGGC
8331	e16_s1_TGCAGATTCCGTGACG
8332	e16_s1_TGCAGATTCGAGTACT
8333	e16_s1_TGCAGATTCGATGCAT
8334	e16_s1_TGCAGATTCTGAACGT
8335	e16_s1_TGCAGGCAGCAAATCA
8336	e16_s1_TGCAGGCAGCATCAGG
8337	e16_s1_TGCAGGCAGCGGACAT
8338	e16_s1_TGCAGGCCAATGGGTG
8339	e16_s1_TGCAGGCCAGCGACCT
8340	e16_s1_TGCAGGCGTATCGATC
8341	e16_s1_TGCAGGCGTATGAAAC
8342	e16_s1_TGCAGGCGTCATCCGG
8343	e16_s1_TGCAGGCGTCATCGGC
8344	e16_s1_TGCAGGCTCAAACGAA
8345	e16_s1_TGCAGTAAGAGCAACC
8346	e16_s1_TGCAGTAAGCATACTC
8347	e16_s1_TGCAGTACAATACGCT
8348	e16_s1_TGCAGTACAGCAGTAG
8349	e16_s1_TGCAGTAGTAGAGTTA
8350	e16_s1_TGCAGTAGTGAAGCGT
8351	e16_s1_TGCAGTATCCATTGTT
8352	e16_s1_TGCATCCAGACCCGCT
8353	e16_s1_TGCATCCAGATGCTTC
8354	e16_s1_TGCATCCAGTGGACTG
8355	e16_s1_TGCATCCCACGTAGTT
8356	e16_s1_TGCATCCCAGCATTGT
8357	e16_s1_TGCATCCCATGTCAGT
8358	e16_s1_TGCATCCGTACCGGCT
8359	e16_s1_TGCATCCGTCGTCTCT
8360	e16_s1_TGCATCCTCCACGTGG
8361	e16_s1_TGCATGAAGAGTGTTA
8362	e16_s1_TGCATGAAGGCCTAGA
8363	e16_s1_TGCATGAAGGCGAACT
8364	e16_s1_TGCATGAAGTAGAATC
8365	e16_s1_TGCATGAAGTATGATG
8366	e16_s1_TGCATGACACGGCTAC
8367	e16_s1_TGCATGACAGTGACCC
8368	e16_s1_TGCATGACATTGAAGA
8369	e16_s1_TGCATGAGTAACGATA
8370	e16_s1_TGCATGAGTCCTACGG
8371	e16_s1_TGCATGAGTTGTGTAC
8372	e16_s1_TGCATGATCAAACCTG
8373	e16_s1_TGCATGATCATGTCTT
8374	e16_s1_TGCATGATCCTTATAC
8375	e16_s1_TGCATGATCTTCGTGC
8376	e16_s1_TGCCGAGAGAAATGGG
8377	e16_s1_TGCCGAGAGCGACTGA
8378	e16_s1_TGCCGAGAGCGGTAAC
8379	e16_s1_TGCCGAGAGCGTTCAT
8380	e16_s1_TGCCGAGCACAAGCTT
8381	e16_s1_TGCCGAGGTGAATAAC
8382	e16_s1_TGCCGAGGTTCAAGTC
8383	e16_s1_TGCCGAGTCGCTTAAG
8384	e16_s1_TGCCGAGTCGGCATAT
8385	e16_s1_TGCCGAGTCGTAGTCA
8386	e16_s1_TGCGACGAGAGTGTTA
8387	e16_s1_TGCGACGAGCATAGGC
8388	e16_s1_TGCGACGAGGAAGTCC
8389	e16_s1_TGCGACGAGGATTTAG
8390	e16_s1_TGCGACGAGTAAACGT
8391	e16_s1_TGCGACGGTAATCAGA
8392	e16_s1_TGCGACGGTCACGCTG
8393	e16_s1_TGCGACGGTGTAGCAG
8394	e16_s1_TGCGACGGTTAACCTG
8395	e16_s1_TGCGACGTCAGAACCT
8396	e16_s1_TGCGACGTCAGCCTCT
8397	e16_s1_TGCGATAAGCACGATG
8398	e16_s1_TGCGATACAATGAGCG
8399	e16_s1_TGCGATAGTAGAATGT
8400	e16_s1_TGCGATATCACTCACC
8401	e16_s1_TGCGATATCTGAGATC
8402	e16_s1_TGCGGCAAGACGGTCA
8403	e16_s1_TGCGGCAAGGGCGAAG
8404	e16_s1_TGCGGCAAGTCGCTAT
8405	e16_s1_TGCGGCACATCCTGTC
8406	e16_s1_TGCGGCACATTGCCTC
8407	e16_s1_TGCGGCAGTATCATGC
8408	e16_s1_TGCGGCAGTTTACTGG
8409	e16_s1_TGCGGCATCACGAGGA
8410	e16_s1_TGCGGCATCCACGTCT
8411	e16_s1_TGCGGGTAGATGAATC
8412	e16_s1_TGCGGGTAGGAACATT
8413	e16_s1_TGCGGGTCACTGGAAG
8414	e16_s1_TGCGGGTCAGACCATT
8415	e16_s1_TGCGGGTCAGAGAAAG
8416	e16_s1_TGCGGGTCATGAAGCG
8417	e16_s1_TGCGGGTGTCACTTAG
8418	e16_s1_TGCGGGTGTCCAGTTA
8419	e16_s1_TGCGGGTTCTCCCAAC
8420	e16_s1_TGCTCCAAGAAGCCTG
8421	e16_s1_TGCTCCAAGCGTTAGG
8422	e16_s1_TGCTCCAAGGGTAATT
8423	e16_s1_TGCTCCAAGGGTCTTT
8424	e16_s1_TGCTCCAAGTAGGGTC
8425	e16_s1_TGCTCCACAGACTCTA
8426	e16_s1_TGCTCCACATCAGCTA
8427	e16_s1_TGCTCCAGTCTGTCAA
8428	e16_s1_TGCTCCAGTGATTAGA
8429	e16_s1_TGCTCCAGTGTGTACT
8430	e16_s1_TGCTCCAGTTTCAGAC
8431	e16_s1_TGCTCCATCACTCTTA
8432	e16_s1_TGCTCCATCATTCTTG
8433	e16_s1_TGCTCCATCCACTTCG
8434	e16_s1_TGCTCCATCTTCGTAT
8435	e16_s1_TGCTCGTAGAAGCTGC
8436	e16_s1_TGCTCGTAGCAACTTC
8437	e16_s1_TGCTCGTAGCTGTACT
8438	e16_s1_TGCTCGTCAAGGCGTA
8439	e16_s1_TGCTCGTCAATTCTCT
8440	e16_s1_TGCTCGTCAGTTCACA
8441	e16_s1_TGCTCGTCATGCCGAC
8442	e16_s1_TGCTCGTGTGCCTTTC
8443	e16_s1_TGCTCGTGTGGCTACC
8444	e16_s1_TGCTCGTGTTTAAGGA
8445	e16_s1_TGCTCGTTCCGATCGG
8446	e16_s1_TGCTCGTTCGCTGTTC
8447	e16_s1_TGCTGAAAGGAGGGTG
8448	e16_s1_TGCTGAACATACAGGG
8449	e16_s1_TGCTGAACATGTTACG
8450	e16_s1_TGCTGAAGTCACTGAT
8451	e16_s1_TGCTGAATCTTGAGCA
8452	e16_s1_TGCTTCGAGATAGTGT
8453	e16_s1_TGCTTCGAGCGAAACC
8454	e16_s1_TGCTTCGAGGAGCAAA
8455	e16_s1_TGCTTCGAGGGCCAAT
8456	e16_s1_TGCTTCGCACTACCCT
8457	e16_s1_TGCTTCGCATGCAGCC
8458	e16_s1_TGCTTCGCATTCACAG
8459	e16_s1_TGCTTCGGTAGGACTG
8460	e16_s1_TGCTTCGGTATACCCA
8461	e16_s1_TGCTTCGGTTCCTAAG
8462	e16_s1_TGCTTCGGTTGGACCC
8463	e16_s1_TGCTTCGTCAGGTGTT
8464	e16_s1_TGCTTGCAGGTCATTC
8465	e16_s1_TGCTTGCAGTCATTGC
8466	e16_s1_TGCTTGCCAGTCAGAG
8467	e16_s1_TGCTTGCCATTGCAAC
8468	e16_s1_TGCTTGCGTATAATGG
8469	e16_s1_TGCTTGCTCTACCAGA
8470	e16_s1_TGCTTGCTCTTGGTCC
8471	e16_s1_TGGAACTAGACAGCTG
8472	e16_s1_TGGAACTAGCCGATTT
8473	e16_s1_TGGAACTAGCGCAATG
8474	e16_s1_TGGAACTAGGTCGTAG
8475	e16_s1_TGGAACTAGTCATACC
8476	e16_s1_TGGAACTCACCACATA
8477	e16_s1_TGGAACTCACCTGCAG
8478	e16_s1_TGGAACTGTTCAAAGA
8479	e16_s1_TGGAACTTCATCCCGT
8480	e16_s1_TGGAGAGAGATGGTCG
8481	e16_s1_TGGAGAGAGCGAGAAA
8482	e16_s1_TGGAGAGAGTGTACCT
8483	e16_s1_TGGAGAGGTAGCGTTT
8484	e16_s1_TGGAGAGGTGCGTCGT
8485	e16_s1_TGGAGAGTCCACGGAC
8486	e16_s1_TGGAGAGTCTACCAGA
8487	e16_s1_TGGAGGAAGAGCAACC
8488	e16_s1_TGGAGGAAGATCCCAT
8489	e16_s1_TGGAGGAAGTGCTAGG
8490	e16_s1_TGGAGGACAACGCCCA
8491	e16_s1_TGGAGGACAAGCCATT
8492	e16_s1_TGGAGGACAATCCTAG
8493	e16_s1_TGGAGGACATGTGTCA
8494	e16_s1_TGGAGGACATTGGGAG
8495	e16_s1_TGGAGGATCAGCATTG
8496	e16_s1_TGGAGGATCAGCCTTC
8497	e16_s1_TGGAGGATCCCGATCT
8498	e16_s1_TGGAGGATCGAACACT
8499	e16_s1_TGGAGGATCTCTTCAA
8500	e16_s1_TGGAGGATCTGGGCAC
8501	e16_s1_TGGATCAAGATTGGGC
8502	e16_s1_TGGATCACAGACTGCC
8503	e16_s1_TGGATCAGTCCCTGTT
8504	e16_s1_TGGATCAGTGGAAATT
8505	e16_s1_TGGATCAGTGTCCTAA
8506	e16_s1_TGGATCAGTGTGTCCG
8507	e16_s1_TGGATCAGTTAGAAGT
8508	e16_s1_TGGATCAGTTGGACTT
8509	e16_s1_TGGATCATCACCTTGC
8510	e16_s1_TGGATGTCACGCTATA
8511	e16_s1_TGGATGTCACGGATCC
8512	e16_s1_TGGATGTCATAGATGA
8513	e16_s1_TGGATGTCATTCTGTT
8514	e16_s1_TGGATGTGTAGAAACT
8515	e16_s1_TGGATGTGTAGGAGTC
8516	e16_s1_TGGATGTTCACCTGGG
8517	e16_s1_TGGATGTTCGATCCCT
8518	e16_s1_TGGATGTTCTAGTACG
8519	e16_s1_TGGCGTGAGTGCCTCG
8520	e16_s1_TGGCGTGGTACCCACG
8521	e16_s1_TGGCGTGGTATGCGGA
8522	e16_s1_TGGCGTGTCCCAGCGA
8523	e16_s1_TGGCGTGTCCTACTGC
8524	e16_s1_TGGCGTGTCTCTTGCG
8525	e16_s1_TGGGAAGAGAAACACT
8526	e16_s1_TGGGAAGAGTACCGGA
8527	e16_s1_TGGGAAGAGTCCGCGT
8528	e16_s1_TGGGAAGCAAACCACT
8529	e16_s1_TGGGAAGCACTAAACC
8530	e16_s1_TGGGAAGCATGAAGGC
8531	e16_s1_TGGGAAGGTGTAGTGG
8532	e16_s1_TGGGAAGGTTCGTGCG
8533	e16_s1_TGGGAAGGTTGCTCGG
8534	e16_s1_TGGGAAGTCCCTATTA
8535	e16_s1_TGGGAAGTCTACCACC
8536	e16_s1_TGGGAAGTCTTTCCAA
8537	e16_s1_TGGGAGAAGAGCCGTA
8538	e16_s1_TGGGAGAAGCTGTTCA
8539	e16_s1_TGGGAGACAAATCAAG
8540	e16_s1_TGGGAGACAGGAAGTC
8541	e16_s1_TGGGAGACATGGCTGC
8542	e16_s1_TGGGAGAGTGTATACC
8543	e16_s1_TGGGAGATCGCATAGT
8544	e16_s1_TGGGAGATCGTGGCTG
8545	e16_s1_TGGGATTAGCCTTCTC
8546	e16_s1_TGGGATTAGCGACATG
8547	e16_s1_TGGGATTAGTCTTCGA
8548	e16_s1_TGGGATTCAACCCTCT
8549	e16_s1_TGGGATTCAGGGATAC
8550	e16_s1_TGGGATTGTACCTATG
8551	e16_s1_TGGGATTGTTCTCCCA
8552	e16_s1_TGGGATTGTTCTGAGT
8553	e16_s1_TGGGATTTCGTAACTG
8554	e16_s1_TGGGATTTCTGCCCTA
8555	e16_s1_TGGGCGTAGACCAAGC
8556	e16_s1_TGGGCGTAGGGAGATA
8557	e16_s1_TGGGCGTCACCCTAGG
8558	e16_s1_TGGGCGTGTCAGTCTA
8559	e16_s1_TGGGCGTGTCCTACAA
8560	e16_s1_TGGGCGTGTCTTCCGT
8561	e16_s1_TGGGCGTGTGATGTAA
8562	e16_s1_TGGGCGTGTGCCGTAC
8563	e16_s1_TGGGCGTGTTCCGCGA
8564	e16_s1_TGGGCTGAGTTATGGA
8565	e16_s1_TGGGCTGCATAGTCGT
8566	e16_s1_TGGGCTGGTATCAGCT
8567	e16_s1_TGGGCTGGTGATGAAT
8568	e16_s1_TGGGCTGGTGGCTTGC
8569	e16_s1_TGGGCTGTCCGTCCTA
8570	e16_s1_TGGGCTGTCTATTGTC
8571	e16_s1_TGGGCTGTCTGACCCT
8572	e16_s1_TGGGCTGTCTTGGGCG
8573	e16_s1_TGGGTTAAGCGACTTT
8574	e16_s1_TGGGTTAAGGTTCTAC
8575	e16_s1_TGGGTTAAGTTACTCG
8576	e16_s1_TGGGTTACAAGGCGTA
8577	e16_s1_TGGGTTACACTCCCTA
8578	e16_s1_TGGGTTAGTGCTCTCT
8579	e16_s1_TGGGTTAGTTCTCCCA
8580	e16_s1_TGGGTTATCAAGCCAT
8581	e16_s1_TGGGTTATCGGATACT
8582	e16_s1_TGGTACAAGAAGTCAT
8583	e16_s1_TGGTACAAGCCAAGGT
8584	e16_s1_TGGTACAAGCCAAGTG
8585	e16_s1_TGGTACAAGCGAGTAC
8586	e16_s1_TGGTACAAGCGTGTCC
8587	e16_s1_TGGTACAAGTCGGCAA
8588	e16_s1_TGGTACAAGTGGACGT
8589	e16_s1_TGGTACAGTCATCGGC
8590	e16_s1_TGGTACAGTCCACTCT
8591	e16_s1_TGGTACAGTTGCATTG
8592	e16_s1_TGGTACATCAGTCCGG
8593	e16_s1_TGGTACATCCTAGCGG
8594	e16_s1_TGGTACATCGATCCCT
8595	e16_s1_TGGTAGTAGACGCATG
8596	e16_s1_TGGTAGTAGCCGTAAG
8597	e16_s1_TGGTAGTAGCTGTACT
8598	e16_s1_TGGTAGTAGTGCTACT
8599	e16_s1_TGGTAGTCAACCGCCA
8600	e16_s1_TGGTAGTCATGCGGTC
8601	e16_s1_TGGTAGTGTCCCGCAA
8602	e16_s1_TGGTAGTGTTGCTGAT
8603	e16_s1_TGGTAGTTCCCTGGTT
8604	e16_s1_TGGTAGTTCGACCCAG
8605	e16_s1_TGGTAGTTCGGAAACG
8606	e16_s1_TGGTAGTTCGTAACAC
8607	e16_s1_TGGTGATAGCTCTGTA
8608	e16_s1_TGGTGATAGGGACTGT
8609	e16_s1_TGGTGATCAACGCCCA
8610	e16_s1_TGGTGATCAATCGTCA
8611	e16_s1_TGGTGATCATGAGAAT
8612	e16_s1_TGGTGATGTTATCTGG
8613	e16_s1_TGGTGATTCCCTCGAT
8614	e16_s1_TGGTGATTCGAGAAAT
8615	e16_s1_TGGTGATTCTAATTCC
8616	e16_s1_TGGTGATTCTGTCTCG
8617	e16_s1_TGGTTAGAGACCAGAC
8618	e16_s1_TGGTTAGAGCATGATA
8619	e16_s1_TGGTTAGAGGCCTTCG
8620	e16_s1_TGGTTAGCAGTAGTTC
8621	e16_s1_TGGTTAGGTCCCGGTA
8622	e16_s1_TGGTTAGGTTCCAAAC
8623	e16_s1_TGTAACGAGATGCTAA
8624	e16_s1_TGTAACGAGATTAGCA
8625	e16_s1_TGTAACGAGCTCTTCC
8626	e16_s1_TGTAACGAGTTCTCTT
8627	e16_s1_TGTAACGCAGCGTATT
8628	e16_s1_TGTAACGCATACCAGT
8629	e16_s1_TGTAACGCATCTCCCA
8630	e16_s1_TGTAACGGTGTTTGCA
8631	e16_s1_TGTAACGTCATTTGCT
8632	e16_s1_TGTAACGTCATTTGGG
8633	e16_s1_TGTAACGTCCGGCTTT
8634	e16_s1_TGTAACGTCGCATGAT
8635	e16_s1_TGTAACGTCGGTAGAG
8636	e16_s1_TGTAACGTCTGAACGT
8637	e16_s1_TGTAAGCAGTTTGAGA
8638	e16_s1_TGTAAGCCAATGTTGC
8639	e16_s1_TGTAAGCGTGAACTAA
8640	e16_s1_TGTAAGCGTGAGACGT
8641	e16_s1_TGTAAGCGTTAATGAG
8642	e16_s1_TGTAAGCGTTGCTCAA
8643	e16_s1_TGTAAGCTCACTTGGA
8644	e16_s1_TGTAAGCTCAGAGCGA
8645	e16_s1_TGTAAGCTCGTACCTC
8646	e16_s1_TGTACAGAGCATTGAA
8647	e16_s1_TGTACAGCATCGAAGG
8648	e16_s1_TGTACAGCATTCGGGC
8649	e16_s1_TGTACAGCATTGGGAG
8650	e16_s1_TGTACAGGTGATGTAA
8651	e16_s1_TGTACAGTCGGTCGGT
8652	e16_s1_TGTACAGTCTCTCCGA
8653	e16_s1_TGTAGACAGACTTCAC
8654	e16_s1_TGTAGACAGCTACGTT
8655	e16_s1_TGTAGACAGGTTGGTG
8656	e16_s1_TGTAGACCACATTCGA
8657	e16_s1_TGTAGACCACCCAACG
8658	e16_s1_TGTAGACCAGCTTCCT
8659	e16_s1_TGTAGACGTCCAGCAC
8660	e16_s1_TGTAGACGTCTAGGCC
8661	e16_s1_TGTAGACGTGCAGGAT
8662	e16_s1_TGTAGACGTGCGTTTA
8663	e16_s1_TGTAGACGTGCTGCAC
8664	e16_s1_TGTAGACGTTAGTCGT
8665	e16_s1_TGTAGACGTTCCTTGC
8666	e16_s1_TGTAGACTCAGACCTA
8667	e16_s1_TGTCAGAAGAGAGGGC
8668	e16_s1_TGTCAGAGTACTAACC
8669	e16_s1_TGTCAGAGTAGGTAGC
8670	e16_s1_TGTCAGAGTCCGATCG
8671	e16_s1_TGTCAGAGTTAGGAGC
8672	e16_s1_TGTCAGATCACCTCAC
8673	e16_s1_TGTCAGATCTCGAGTA
8674	e16_s1_TGTCAGATCTTGAGCA
8675	e16_s1_TGTCCACAGCACCCAC
8676	e16_s1_TGTCCACAGCTAGATA
8677	e16_s1_TGTCCACCAACCAATC
8678	e16_s1_TGTCCACCACATTACG
8679	e16_s1_TGTCCACCACCATAAC
8680	e16_s1_TGTCCACCACGACGAA
8681	e16_s1_TGTCCACCACTCCGAG
8682	e16_s1_TGTCCACCAGCACGAA
8683	e16_s1_TGTCCACCAGGAACCA
8684	e16_s1_TGTCCACCATAGAATG
8685	e16_s1_TGTCCACCATCGATAC
8686	e16_s1_TGTCCACGTAGAATGT
8687	e16_s1_TGTCCACGTCTTTCTA
8688	e16_s1_TGTCCACTCTCGTTTA
8689	e16_s1_TGTCCCAAGCCTCTTC
8690	e16_s1_TGTCCCAAGCCTGAGA
8691	e16_s1_TGTCCCAAGGTGCTAG
8692	e16_s1_TGTCCCACATTAAAGG
8693	e16_s1_TGTCCCAGTCATTCCC
8694	e16_s1_TGTCCCAGTGACACGA
8695	e16_s1_TGTCCCAGTGACTAAA
8696	e16_s1_TGTCCCAGTGTGTGTT
8697	e16_s1_TGTCCCATCCTTCTAA
8698	e16_s1_TGTCCCATCGCTGTCT
8699	e16_s1_TGTCCCATCTTCCAGC
8700	e16_s1_TGTCCTGAGCATGGGT
8701	e16_s1_TGTCCTGAGCTCTTCC
8702	e16_s1_TGTCCTGCAAATTGCC
8703	e16_s1_TGTCCTGCACCTGCGA
8704	e16_s1_TGTCCTGGTCACAGTT
8705	e16_s1_TGTCCTGTCAAGCTTG
8706	e16_s1_TGTCCTGTCCCTGTTG
8707	e16_s1_TGTGAGTAGAGGCTGT
8708	e16_s1_TGTGAGTAGATTGTGA
8709	e16_s1_TGTGAGTAGTCCCTAA
8710	e16_s1_TGTGAGTCAGTTAAAG
8711	e16_s1_TGTGAGTGTCACTACA
8712	e16_s1_TGTGAGTGTGGAACCA
8713	e16_s1_TGTGAGTGTGGAGGTT
8714	e16_s1_TGTGAGTGTTATGTCG
8715	e16_s1_TGTGATGAGACAGTCG
8716	e16_s1_TGTGATGAGGAGTATT
8717	e16_s1_TGTGATGAGTCACTGT
8718	e16_s1_TGTGATGGTGCTGCAC
8719	e16_s1_TGTGATGGTTCAGTAC
8720	e16_s1_TGTGATGGTTGCGTAT
8721	e16_s1_TGTGATGGTTGGTACT
8722	e16_s1_TGTGATGTCAAATAGG
8723	e16_s1_TGTGATGTCAGATTGC
8724	e16_s1_TGTGCGGAGACGAAGA
8725	e16_s1_TGTGCGGAGCGTTACT
8726	e16_s1_TGTGCGGAGGGACACT
8727	e16_s1_TGTGCGGAGTTGCGCC
8728	e16_s1_TGTGCGGGTAGGTCAG
8729	e16_s1_TGTGCGGGTCGCGTTG
8730	e16_s1_TGTGCGGGTGCATGTT
8731	e16_s1_TGTGCGGTCGCTTACC
8732	e16_s1_TGTGGCGAGACGGATC
8733	e16_s1_TGTGGCGAGAGTGACC
8734	e16_s1_TGTGGCGAGGCATCGA
8735	e16_s1_TGTGGCGAGTGAGTTA
8736	e16_s1_TGTGGCGAGTGGATAT
8737	e16_s1_TGTGGCGCAAGTGGGT
8738	e16_s1_TGTGGCGCACCAAAGG
8739	e16_s1_TGTGGCGCAGGAAGTC
8740	e16_s1_TGTGGCGGTATGATCC
8741	e16_s1_TGTGGCGGTTGGTGTT
8742	e16_s1_TGTGGCGTCAGCTTCC
8743	e16_s1_TGTGGCGTCCTTGAAG
8744	e16_s1_TGTGGCGTCTGCTGAA
8745	e16_s1_TGTGTGAAGATGCTGG
8746	e16_s1_TGTGTGAAGATTGATG
8747	e16_s1_TGTGTGAAGGAGAATG
8748	e16_s1_TGTGTGACAAGTACCT
8749	e16_s1_TGTGTGACATGAGTAA
8750	e16_s1_TGTGTGACATTACGGT
8751	e16_s1_TGTGTGACATTCAGGT
8752	e16_s1_TGTGTGAGTAGACGTG
8753	e16_s1_TGTGTGAGTGCCCACA
8754	e16_s1_TGTTACTAGAATCCCT
8755	e16_s1_TGTTACTAGCGTCAAG
8756	e16_s1_TGTTACTCAACCGCTG
8757	e16_s1_TGTTACTCAAGTGGTG
8758	e16_s1_TGTTACTGTCGACTGC
8759	e16_s1_TGTTACTGTGCATGTT
8760	e16_s1_TGTTACTTCGCGCTGA
8761	e16_s1_TGTTACTTCGTGGACC
8762	e16_s1_TGTTCATAGAGTATAC
8763	e16_s1_TGTTCATAGCGGCTCT
8764	e16_s1_TGTTCATCAAGTGGTG
8765	e16_s1_TGTTCATCACTATCCC
8766	e16_s1_TGTTCATCATTGTACG
8767	e16_s1_TGTTCATGTTGCATTG
8768	e16_s1_TGTTCATGTTTGGAAA
8769	e16_s1_TGTTCATTCACACCCT
8770	e16_s1_TGTTCATTCCCGAGTG
8771	e16_s1_TGTTCATTCCTTCAGC
8772	e16_s1_TGTTCATTCGGTCGGT
8773	e16_s1_TGTTCATTCTTTCGAT
8774	e16_s1_TGTTCCGAGAGTGTTA
8775	e16_s1_TGTTCCGAGATGCAGC
8776	e16_s1_TGTTCCGAGTGAGGCT
8777	e16_s1_TGTTCCGCAACCGTAT
8778	e16_s1_TGTTCCGCAACTGAAA
8779	e16_s1_TGTTCCGCAGGATGAC
8780	e16_s1_TGTTCCGGTAGTGATA
8781	e16_s1_TGTTCCGGTCGGATTT
8782	e16_s1_TGTTCCGGTTGCATTG
8783	e16_s1_TGTTCCGTCTTCCTAA
8784	e16_s1_TGTTCTAAGACGGTCA
8785	e16_s1_TGTTCTAAGAGGCGTT
8786	e16_s1_TGTTCTAAGAGTCTTC
8787	e16_s1_TGTTCTAAGCACCCAC
8788	e16_s1_TGTTCTAAGGAGAGGC
8789	e16_s1_TGTTCTAAGGTTCCAT
8790	e16_s1_TGTTCTACAGAGGTTG
8791	e16_s1_TGTTCTACAGGTGAGT
8792	e16_s1_TGTTCTAGTCCACACG
8793	e16_s1_TGTTCTAGTGGACCTC
8794	e16_s1_TGTTCTAGTGTTTGCA
8795	e16_s1_TGTTCTAGTTGCCATA
8796	e16_s1_TGTTCTATCCTAAGTG
8797	e16_s1_TGTTCTATCGCATAGT
8798	e16_s1_TGTTCTATCGGTGAAG
8799	e16_s1_TGTTCTATCTAGAACC
8800	e16_s1_TGTTGAGAGGACATCG
8801	e16_s1_TGTTGAGAGGCCCGTT
8802	e16_s1_TGTTGAGGTAACACGG
8803	e16_s1_TGTTGAGGTAGTCACT
8804	e16_s1_TGTTGAGGTTCCATTT
8805	e16_s1_TGTTGAGGTTCTTGCC
8806	e16_s1_TGTTGAGGTTTATGCG
8807	e16_s1_TGTTGAGTCACCTACC
8808	e16_s1_TGTTGGAAGCCACAAG
8809	e16_s1_TGTTGGAAGCCTCATA
8810	e16_s1_TGTTGGAAGGTACAGC
8811	e16_s1_TGTTGGAAGTGATTCC
8812	e16_s1_TGTTGGACACACCAGC
8813	e16_s1_TGTTGGAGTAACCCGC
8814	e16_s1_TGTTGGAGTATCTCGA
8815	e16_s1_TGTTGGAGTGGACCTC
8816	e16_s1_TGTTGGAGTTCCGTTC
8817	e16_s1_TGTTGGAGTTTGGAAA
8818	e16_s1_TGTTTGTAGTAAACTG
8819	e16_s1_TGTTTGTCAAGGTCTT
8820	e16_s1_TGTTTGTCAGGCACTC
8821	e16_s1_TGTTTGTGTACCGGCT
8822	e16_s1_TGTTTGTGTTCAGTAC
8823	e16_s1_TGTTTGTTCATTCACT
8824	e16_s1_TGTTTGTTCCCTCTCC
8825	e16_s1_TGTTTGTTCCGCGGAT
8826	e16_s1_TTAATCCAGATGATTG
8827	e16_s1_TTAATCCAGCCGCACT
8828	e16_s1_TTAATCCAGCTGTTCA
8829	e16_s1_TTAATCCAGTAGCAAT
8830	e16_s1_TTAATCCGTAGAATGT
8831	e16_s1_TTAATCCGTCAGGTAG
8832	e16_s1_TTAATCCGTGGACTGA
8833	e16_s1_TTAATCCGTGGGAGAG
8834	e16_s1_TTAATCCGTTATCTTC
8835	e16_s1_TTAATCCTCCGCGGAT
8836	e16_s1_TTACAGGAGACCCGCT
8837	e16_s1_TTACAGGAGATGCGAC
8838	e16_s1_TTACAGGCACAAGGTG
8839	e16_s1_TTACAGGCACCTGCAG
8840	e16_s1_TTACAGGCAGGGTCTC
8841	e16_s1_TTACAGGCATGAAAGT
8842	e16_s1_TTACAGGCATGGTACT
8843	e16_s1_TTACAGGGTGGGTCAA
8844	e16_s1_TTACAGGTCACCTACC
8845	e16_s1_TTACAGGTCGCCTCTA
8846	e16_s1_TTACAGGTCTGCCTGT
8847	e16_s1_TTACCATAGCTCCATA
8848	e16_s1_TTACCATAGCTGACCC
8849	e16_s1_TTACCATAGTGGTGAC
8850	e16_s1_TTACCATAGTTACGGG
8851	e16_s1_TTACCATCAAGTCCCG
8852	e16_s1_TTACCATCACTTCCTG
8853	e16_s1_TTACCATCAGTTTGGT
8854	e16_s1_TTACCATCATGGAGAC
8855	e16_s1_TTACCATGTAGAGCTG
8856	e16_s1_TTACCATGTCGGTAAG
8857	e16_s1_TTACCGCAGAAGAGCA
8858	e16_s1_TTACCGCAGGTTGGTG
8859	e16_s1_TTACCGCCATAAGATG
8860	e16_s1_TTACCGCGTGAAGCTG
8861	e16_s1_TTACCGCGTGTTACTG
8862	e16_s1_TTACCGCTCAAGTCTG
8863	e16_s1_TTACCGCTCACCGGTG
8864	e16_s1_TTACCGCTCCTCACTG
8865	e16_s1_TTACGCCAGAAATTCG
8866	e16_s1_TTACGCCAGCTTTCCC
8867	e16_s1_TTACGCCCACTGTGTA
8868	e16_s1_TTACGCCCAGTCCGTG
8869	e16_s1_TTACGCCGTTCAAACC
8870	e16_s1_TTACGCCGTTCTGACA
8871	e16_s1_TTACGCCTCATTGCCC
8872	e16_s1_TTACGCCTCCATTCGC
8873	e16_s1_TTACGCCTCGCTAGCG
8874	e16_s1_TTACGCCTCGTAGTGT
8875	e16_s1_TTACGCCTCTTTGCTA
8876	e16_s1_TTACGTTAGAGTCAAT
8877	e16_s1_TTACGTTAGATCCCGC
8878	e16_s1_TTACGTTAGCGAGTAC
8879	e16_s1_TTACGTTCAAGCACAG
8880	e16_s1_TTACGTTCAGCGTGCT
8881	e16_s1_TTACGTTCAGGATGAC
8882	e16_s1_TTACGTTCATCGATCA
8883	e16_s1_TTACGTTGTCGCATCG
8884	e16_s1_TTACGTTTCAACCGAT
8885	e16_s1_TTACTGTAGCCTGTGC
8886	e16_s1_TTACTGTAGTCTCCTC
8887	e16_s1_TTACTGTCACAAATAG
8888	e16_s1_TTACTGTCAGCTGAGA
8889	e16_s1_TTACTGTGTGGAAATT
8890	e16_s1_TTACTGTTCCGGCTTT
8891	e16_s1_TTACTGTTCCTAGCTC
8892	e16_s1_TTACTGTTCGACCATA
8893	e16_s1_TTACTGTTCGGTCGAC
8894	e16_s1_TTACTGTTCTTGCAGA
8895	e16_s1_TTAGGCAAGAATTGCA
8896	e16_s1_TTAGGCAAGCACGGAT
8897	e16_s1_TTAGGCACAAATCAAG
8898	e16_s1_TTAGGCACACAGTCGC
8899	e16_s1_TTAGGCACACCCTAGG
8900	e16_s1_TTAGGCACAGAGTTGG
8901	e16_s1_TTAGGCACAGCTATTG
8902	e16_s1_TTAGGCACAGCTCGGT
8903	e16_s1_TTAGGCAGTACCGTCG
8904	e16_s1_TTAGGCATCCACAAGT
8905	e16_s1_TTAGGCATCCCGTTCA
8906	e16_s1_TTAGGCATCGCCGTGA
8907	e16_s1_TTAGGCATCTTAGCTT
8908	e16_s1_TTAGGGTCACACGTGC
8909	e16_s1_TTAGGGTCAGGAAGTC
8910	e16_s1_TTAGGGTCAGTCGCAC
8911	e16_s1_TTAGGGTGTAGCACGA
8912	e16_s1_TTAGGGTGTCTGCGCA
8913	e16_s1_TTAGGGTGTTCGGCTG
8914	e16_s1_TTAGGGTTCAGCCTCT
8915	e16_s1_TTAGGGTTCCTTGGAA
8916	e16_s1_TTAGGGTTCTGCGAGC
8917	e16_s1_TTAGTCTAGTCCGCGT
8918	e16_s1_TTAGTCTGTACTTCCC
8919	e16_s1_TTAGTCTGTCTTCATT
8920	e16_s1_TTATTGCAGACCAAAT
8921	e16_s1_TTATTGCAGTGACCTT
8922	e16_s1_TTATTGCCAACCACAT
8923	e16_s1_TTATTGCCACCAAAGG
8924	e16_s1_TTATTGCTCAACTGAC
8925	e16_s1_TTATTGCTCACGACTA
8926	e16_s1_TTATTGCTCGTTCCTG
8927	e16_s1_TTATTGCTCTAGTCAG
8928	e16_s1_TTCAATCAGATTCGCT
8929	e16_s1_TTCAATCAGGTGCTGA
8930	e16_s1_TTCAATCCATCATTGG
8931	e16_s1_TTCAATCTCGATTTCT
8932	e16_s1_TTCAATCTCTCATGCC
8933	e16_s1_TTCACCGAGAGCACTG
8934	e16_s1_TTCACCGAGTCACAGG
8935	e16_s1_TTCACCGCAAATGATG
8936	e16_s1_TTCACCGCACGCGGTT
8937	e16_s1_TTCACCGCAGAACATA
8938	e16_s1_TTCACCGCATCCCACT
8939	e16_s1_TTCACCGGTCCGTTTC
8940	e16_s1_TTCACCGGTGGGAGAG
8941	e16_s1_TTCACCGGTTAAACCC
8942	e16_s1_TTCACCGTCCCGAGGT
8943	e16_s1_TTCACCGTCGCTTGCT
8944	e16_s1_TTCACCGTCTCGTCAC
8945	e16_s1_TTCACGCAGCGACATG
8946	e16_s1_TTCACGCAGCGAGGAG
8947	e16_s1_TTCACGCAGCTCGCAC
8948	e16_s1_TTCACGCAGGTAGTCG
8949	e16_s1_TTCACGCCAGGTTTAC
8950	e16_s1_TTCACGCGTCGAATTC
8951	e16_s1_TTCACGCTCGAGAAAT
8952	e16_s1_TTCAGGAAGAAGCGCT
8953	e16_s1_TTCAGGAAGCCTATTG
8954	e16_s1_TTCAGGAAGGTTGGTG
8955	e16_s1_TTCAGGACAAACTCGT
8956	e16_s1_TTCAGGACACGATTCA
8957	e16_s1_TTCAGGAGTCCGACGT
8958	e16_s1_TTCAGGAGTTGCGAAG
8959	e16_s1_TTCAGGATCATGAGTC
8960	e16_s1_TTCAGGATCGGTCATA
8961	e16_s1_TTCATGTAGAGTTGAT
8962	e16_s1_TTCATGTCAACACAGG
8963	e16_s1_TTCATGTCACAGACGA
8964	e16_s1_TTCATGTGTACATACC
8965	e16_s1_TTCATGTGTCGTCATA
8966	e16_s1_TTCATGTTCCCTCTTT
8967	e16_s1_TTCATTGAGACCGTTT
8968	e16_s1_TTCATTGAGGGATCAC
8969	e16_s1_TTCATTGAGTCTACCA
8970	e16_s1_TTCATTGAGTTAACGA
8971	e16_s1_TTCATTGCAACACGAG
8972	e16_s1_TTCATTGCAGCTAACT
8973	e16_s1_TTCATTGGTATTTCTC
8974	e16_s1_TTCATTGGTGCATGTT
8975	e16_s1_TTCATTGGTTCAAGTC
8976	e16_s1_TTCATTGTCACGGGAA
8977	e16_s1_TTCATTGTCCGTGTGG
8978	e16_s1_TTCATTGTCGCCAACG
8979	e16_s1_TTCATTGTCGCGTAGC
8980	e16_s1_TTCCAATAGGGATCTG
8981	e16_s1_TTCCAATAGTAGTGCG
8982	e16_s1_TTCCAATAGTTGAAGT
8983	e16_s1_TTCCAATCACAAGCCC
8984	e16_s1_TTCCAATCATGTCTAG
8985	e16_s1_TTCCAATCATTGTGCA
8986	e16_s1_TTCCAATGTCCTGTCT
8987	e16_s1_TTCCAATGTGCCTATA
8988	e16_s1_TTCCAATGTTAAACAG
8989	e16_s1_TTCCAATTCAAGTGGG
8990	e16_s1_TTCCAATTCATCACTT
8991	e16_s1_TTCCAATTCCGAGCTG
8992	e16_s1_TTCCAATTCCTTTGAT
8993	e16_s1_TTCCACGAGACGCAGT
8994	e16_s1_TTCCACGAGAGCTTTC
8995	e16_s1_TTCCACGAGGTAGTCG
8996	e16_s1_TTCCACGCAAAGGAGA
8997	e16_s1_TTCCACGCACTCCTTG
8998	e16_s1_TTCCACGCAGAAATTG
8999	e16_s1_TTCCACGCATCAGCTA
9000	e16_s1_TTCCACGGTACTCGTA
9001	e16_s1_TTCCACGGTCGAGCTC
9002	e16_s1_TTCCGGTAGCTCTTCC
9003	e16_s1_TTCCGGTAGTGCCCGT
9004	e16_s1_TTCCGGTAGTGTAGAT
9005	e16_s1_TTCCGGTGTCCACACG
9006	e16_s1_TTCCGGTGTTGCCATA
9007	e16_s1_TTCCGGTTCATTCCTA
9008	e16_s1_TTCCGGTTCTTAAGGC
9009	e16_s1_TTCCGTGAGCAAGTCG
9010	e16_s1_TTCCGTGAGGTGCATG
9011	e16_s1_TTCCGTGCAAAGTGTA
9012	e16_s1_TTCCGTGCAGACTGCC
9013	e16_s1_TTCCGTGCATGGAACG
9014	e16_s1_TTCCGTGGTATCATGC
9015	e16_s1_TTCCGTGGTCCACTCT
9016	e16_s1_TTCCGTGGTCTGCAAT
9017	e16_s1_TTCCGTGTCCTTCAGC
9018	e16_s1_TTCCGTGTCTTTACAC
9019	e16_s1_TTCCTAAAGGACAAGA
9020	e16_s1_TTCCTAAAGGCCATAG
9021	e16_s1_TTCCTAAAGTAGATCA
9022	e16_s1_TTCCTAAGTAAGGCTG
9023	e16_s1_TTCCTAAGTATGCTAC
9024	e16_s1_TTCCTAAGTCATATGC
9025	e16_s1_TTCCTCTAGCAGTCTT
9026	e16_s1_TTCCTCTCAGCTCTGG
9027	e16_s1_TTCCTCTGTATGCAAA
9028	e16_s1_TTCCTCTGTGATACCT
9029	e16_s1_TTCCTCTGTGTAAATG
9030	e16_s1_TTCCTTCCAATTTCCT
9031	e16_s1_TTCCTTCCACTTTATC
9032	e16_s1_TTCCTTCCAGCACAGA
9033	e16_s1_TTCCTTCCATGACCCG
9034	e16_s1_TTCCTTCGTCCACTCT
9035	e16_s1_TTCCTTCGTGGCTGCT
9036	e16_s1_TTCCTTCGTGGTAACG
9037	e16_s1_TTCCTTCGTGGTAATA
9038	e16_s1_TTCCTTCTCACGGGCT
9039	e16_s1_TTCCTTCTCGAATGCT
9040	e16_s1_TTCCTTCTCTCTCAAT
9041	e16_s1_TTCGATTAGGCCTTGC
9042	e16_s1_TTCGATTAGTATGCAA
9043	e16_s1_TTCGATTAGTTCTACG
9044	e16_s1_TTCGATTCAATTCACG
9045	e16_s1_TTCGATTCATCGATCA
9046	e16_s1_TTCGATTGTGTTAACC
9047	e16_s1_TTCGATTGTTCTTAGG
9048	e16_s1_TTCGCTGAGACATACA
9049	e16_s1_TTCGCTGAGGCATCTT
9050	e16_s1_TTCGCTGAGTCATTGC
9051	e16_s1_TTCGCTGCACATCCCT
9052	e16_s1_TTCGCTGCAGGGACTA
9053	e16_s1_TTCGCTGGTAACTGCT
9054	e16_s1_TTCGCTGGTACAACGG
9055	e16_s1_TTCGCTGGTGCATTTG
9056	e16_s1_TTCGGTCAGACCATAA
9057	e16_s1_TTCGGTCCAGACTCTA
9058	e16_s1_TTCGGTCCAGGTTCGC
9059	e16_s1_TTCGGTCCATATACCG
9060	e16_s1_TTCGGTCCATGTGACT
9061	e16_s1_TTCGGTCGTAGCGTAG
9062	e16_s1_TTCGGTCGTGCCTTTC
9063	e16_s1_TTCGGTCTCACGAGGA
9064	e16_s1_TTCGGTCTCCGGGACT
9065	e16_s1_TTCGGTCTCGACGTCG
9066	e16_s1_TTCGGTCTCGAGTCCG
9067	e16_s1_TTCGGTCTCGCGCCAA
9068	e16_s1_TTCTAACAGTTCACTG
9069	e16_s1_TTCTAACCAAGATTGA
9070	e16_s1_TTCTAACCACGACAGA
9071	e16_s1_TTCTAACCAGAGATGC
9072	e16_s1_TTCTAACCATGACTCA
9073	e16_s1_TTCTAACGTACTAACC
9074	e16_s1_TTCTAACGTACTCCCT
9075	e16_s1_TTCTAACGTAGGAAAG
9076	e16_s1_TTCTAACTCAGAGCGA
9077	e16_s1_TTCTAACTCCACTAGA
9078	e16_s1_TTCTAACTCGAAGCCC
9079	e16_s1_TTCTAACTCGCGCTGA
9080	e16_s1_TTCTAGTAGACGAGCT
9081	e16_s1_TTCTAGTAGGTACATA
9082	e16_s1_TTCTAGTAGTGTTCCA
9083	e16_s1_TTCTAGTCAATCGTCA
9084	e16_s1_TTCTAGTCAATTCTCT
9085	e16_s1_TTCTAGTCAGAGATGC
9086	e16_s1_TTCTAGTCAGCCCACA
9087	e16_s1_TTCTAGTGTACAAGCG
9088	e16_s1_TTCTAGTGTGACACAG
9089	e16_s1_TTCTAGTTCCTTATGT
9090	e16_s1_TTCTAGTTCTCGCTCA
9091	e16_s1_TTCTCTCAGAATACAC
9092	e16_s1_TTCTCTCAGACCCTTA
9093	e16_s1_TTCTCTCAGAGATGCC
9094	e16_s1_TTCTCTCAGCACTGGA
9095	e16_s1_TTCTCTCAGGCTTAAA
9096	e16_s1_TTCTCTCCACTCTAGA
9097	e16_s1_TTCTCTCCAGAAATTG
9098	e16_s1_TTCTCTCGTAAGGCTG
9099	e16_s1_TTCTCTCTCCATAGAC
9100	e16_s1_TTCTGTAAGAGATGCC
9101	e16_s1_TTCTGTAAGCGTGTCC
9102	e16_s1_TTCTGTAAGGAACGAA
9103	e16_s1_TTCTGTAAGGTGCCTC
9104	e16_s1_TTCTGTACAGAGAGGG
9105	e16_s1_TTCTGTACAGTGTACT
9106	e16_s1_TTCTGTAGTCTTTCAT
9107	e16_s1_TTCTGTAGTTCTATCT
9108	e16_s1_TTCTGTATCTAATTCC
9109	e16_s1_TTCTTCCAGAAATGGG
9110	e16_s1_TTCTTCCAGACCTTTG
9111	e16_s1_TTCTTCCAGCATGAAT
9112	e16_s1_TTCTTCCAGGTCACTT
9113	e16_s1_TTCTTCCCAACATCGT
9114	e16_s1_TTCTTCCCAAGCAATA
9115	e16_s1_TTCTTCCCACGTCTCT
9116	e16_s1_TTCTTCCCAGATACCT
9117	e16_s1_TTCTTCCCAGCTACTA
9118	e16_s1_TTCTTCCCATCCGTGG
9119	e16_s1_TTCTTCCGTACCATAC
9120	e16_s1_TTCTTCCGTCCAGCGT
9121	e16_s1_TTCTTCCGTGTGTGTT
9122	e16_s1_TTCTTCCGTTCAACGT
9123	e16_s1_TTCTTCCTCAGTGTTG
9124	e16_s1_TTCTTCCTCGACGCTG
9125	e16_s1_TTCTTGAAGGAGAATG
9126	e16_s1_TTCTTGAAGGTTGTTC
9127	e16_s1_TTCTTGAAGTGGATAT
9128	e16_s1_TTCTTGAAGTTCCGGC
9129	e16_s1_TTCTTGATCCACCTGT
9130	e16_s1_TTCTTGATCCCATTCG
9131	e16_s1_TTCTTGATCCTAACAG
9132	e16_s1_TTCTTGATCCTAAGTG
9133	e16_s1_TTGAACGAGCACTAAA
9134	e16_s1_TTGAACGAGCGGGTTA
9135	e16_s1_TTGAACGAGTCGGGAT
9136	e16_s1_TTGAACGCAGAGTTGG
9137	e16_s1_TTGAACGGTTAATGAG
9138	e16_s1_TTGAACGTCCATTGGA
9139	e16_s1_TTGAACGTCGGCATTA
9140	e16_s1_TTGAACGTCTCACGAA
9141	e16_s1_TTGACCCAGCCTTGAT
9142	e16_s1_TTGACCCAGCGTGCTC
9143	e16_s1_TTGACCCAGGCCGCTT
9144	e16_s1_TTGACCCAGTCACTAC
9145	e16_s1_TTGACCCCAAGAAATC
9146	e16_s1_TTGACCCCAGGATCTT
9147	e16_s1_TTGACCCCATCACAGT
9148	e16_s1_TTGACCCCATCCTCAC
9149	e16_s1_TTGACCCGTCTCACGG
9150	e16_s1_TTGACCCTCACGAGGA
9151	e16_s1_TTGACCCTCCTCACTG
9152	e16_s1_TTGACCCTCGACCACG
9153	e16_s1_TTGAGTGAGCTACTAC
9154	e16_s1_TTGAGTGCAATCGTCA
9155	e16_s1_TTGAGTGCACGCGTGT
9156	e16_s1_TTGAGTGCAGCTTCCT
9157	e16_s1_TTGAGTGCATTCACAG
9158	e16_s1_TTGAGTGCATTCAGGT
9159	e16_s1_TTGAGTGTCGACATTG
9160	e16_s1_TTGAGTGTCGGCCAAC
9161	e16_s1_TTGAGTGTCGTGGAAG
9162	e16_s1_TTGATGGAGCGATGAC
9163	e16_s1_TTGATGGAGGTAGTCG
9164	e16_s1_TTGATGGAGTACCATC
9165	e16_s1_TTGATGGCACTTACAG
9166	e16_s1_TTGATGGGTGGATCGA
9167	e16_s1_TTGATGGGTTCAGCTA
9168	e16_s1_TTGATGGGTTCCTTGC
9169	e16_s1_TTGATGGTCCCAGGAC
9170	e16_s1_TTGATGGTCCCGTTCA
9171	e16_s1_TTGATGGTCGAGCTGC
9172	e16_s1_TTGCATTAGGCATGCA
9173	e16_s1_TTGCATTAGTTACGTC
9174	e16_s1_TTGCATTCACCCTATC
9175	e16_s1_TTGCATTGTAGTGTGG
9176	e16_s1_TTGCATTGTCAAGGCA
9177	e16_s1_TTGCATTGTGAGATAT
9178	e16_s1_TTGCATTTCCACAGGC
9179	e16_s1_TTGCATTTCCTCACTG
9180	e16_s1_TTGCATTTCGAGTCCG
9181	e16_s1_TTGCATTTCTTAGTTC
9182	e16_s1_TTGCCTGAGCACCCAC
9183	e16_s1_TTGCCTGAGGATCACG
9184	e16_s1_TTGCCTGAGTACTCGT
9185	e16_s1_TTGCCTGAGTCGTCTA
9186	e16_s1_TTGCCTGAGTTGAAGT
9187	e16_s1_TTGCCTGCAACTCGAT
9188	e16_s1_TTGCCTGCAATTCTTC
9189	e16_s1_TTGCCTGCAGAACATA
9190	e16_s1_TTGCCTGCATAGGTTC
9191	e16_s1_TTGCCTGTCCGGCAGT
9192	e16_s1_TTGCCTGTCTAGCATG
9193	e16_s1_TTGCGTCAGCCGGATA
9194	e16_s1_TTGCGTCCATCTTTCA
9195	e16_s1_TTGCGTCGTACGCGTC
9196	e16_s1_TTGCGTCTCAGAGTTC
9197	e16_s1_TTGCGTCTCCTGTACC
9198	e16_s1_TTGCGTCTCCTGTAGA
9199	e16_s1_TTGCGTCTCTGCGTCT
9200	e16_s1_TTGCTGCAGAGGGCGA
9201	e16_s1_TTGCTGCCACACCGAC
9202	e16_s1_TTGCTGCCACATATGC
9203	e16_s1_TTGCTGCCACCTCAGG
9204	e16_s1_TTGCTGCGTCACAATC
9205	e16_s1_TTGCTGCTCACTAGCA
9206	e16_s1_TTGCTGCTCGACACTA
9207	e16_s1_TTGCTGCTCTTCCAGC
9208	e16_s1_TTGGATGAGCCGTAAG
9209	e16_s1_TTGGATGAGGGCAGGA
9210	e16_s1_TTGGATGAGGTAATCA
9211	e16_s1_TTGGATGCAGTATGAA
9212	e16_s1_TTGGATGGTGGTGATG
9213	e16_s1_TTGGATGTCACTGTTT
9214	e16_s1_TTGGATGTCATTACTC
9215	e16_s1_TTGGATGTCCTGTAAG
9216	e16_s1_TTGGATGTCCTTGAAG
9217	e16_s1_TTGGATGTCGGAGATG
9218	e16_s1_TTGGATGTCTGCGAGC
9219	e16_s1_TTGGGATAGAGGCTGT
9220	e16_s1_TTGGGATAGCATGAAT
9221	e16_s1_TTGGGATCAAAGAACT
9222	e16_s1_TTGGGATCAGAGGGTT
9223	e16_s1_TTGGGATCATTGCTTT
9224	e16_s1_TTGGGCGAGAGGGCGA
9225	e16_s1_TTGGGCGAGCGAATGC
9226	e16_s1_TTGGGCGAGGTCATTC
9227	e16_s1_TTGGGCGAGGTCGTGA
9228	e16_s1_TTGGGCGAGTTTGTCG
9229	e16_s1_TTGGGCGCAAAGGCTG
9230	e16_s1_TTGGGCGCAGTGGCTC
9231	e16_s1_TTGGGCGCATCTTTCA
9232	e16_s1_TTGGGCGCATGACGGA
9233	e16_s1_TTGGGCGTCCCAGGAC
9234	e16_s1_TTGGGCGTCCGAGCTG
9235	e16_s1_TTGGGTAAGCCGATCC
9236	e16_s1_TTGGGTAAGTCGTTAC
9237	e16_s1_TTGGGTACAAGATGGC
9238	e16_s1_TTGGGTACACAAGGTG
9239	e16_s1_TTGGGTACAGACTGCC
9240	e16_s1_TTGGGTACAGCAGTTT
9241	e16_s1_TTGGGTACATCAGCGC
9242	e16_s1_TTGGGTAGTTGACGGA
9243	e16_s1_TTGGGTATCAATCCGA
9244	e16_s1_TTGGGTATCATATGGC
9245	e16_s1_TTGGTTTAGCCAGTAG
9246	e16_s1_TTGGTTTCAATCGCAT
9247	e16_s1_TTGGTTTCAGCTGTCG
9248	e16_s1_TTGGTTTCAGGGAGAG
9249	e16_s1_TTGGTTTGTTAGTTCG
9250	e16_s1_TTGGTTTGTTCGATTG
9251	e16_s1_TTGGTTTTCAGCTTCC
9252	e16_s1_TTGGTTTTCATATGGC
9253	e16_s1_TTGGTTTTCCGATCGG
9254	e16_s1_TTGGTTTTCGACCACG
9255	e16_s1_TTGGTTTTCGCACTCT
9256	e16_s1_TTGGTTTTCTCCCTAG
9257	e16_s1_TTGTGGAAGAGGTGCT
9258	e16_s1_TTGTGGAAGCATAGGC
9259	e16_s1_TTGTGGAAGCTTCGTA
9260	e16_s1_TTGTGGACAACACAAA
9261	e16_s1_TTGTGGACACCGTCTT
9262	e16_s1_TTGTGGACACCTGCAG
9263	e16_s1_TTGTGGACAGAGTGAC
9264	e16_s1_TTGTGGACATACTGTG
9265	e16_s1_TTGTGGACATTCTCTA
9266	e16_s1_TTGTGGAGTCACTTCC
9267	e16_s1_TTGTGGATCATGCCCT
9268	e16_s1_TTGTGGATCGCCGAGT
9269	e16_s1_TTGTGGATCTTACGGA
9270	e16_s1_TTGTGTTAGAGGTGCT
9271	e16_s1_TTGTGTTAGATCGACG
9272	e16_s1_TTGTGTTAGCTCGAAG
9273	e16_s1_TTGTGTTAGTCATAGA
9274	e16_s1_TTGTGTTAGTTGGACG
9275	e16_s1_TTGTGTTCAAGACCTT
9276	e16_s1_TTGTGTTCAAGAGAGA
9277	e16_s1_TTGTGTTGTAGTGCGA
9278	e16_s1_TTGTGTTGTGATAGTA
9279	e16_s1_TTGTGTTGTGGTCTTA
9280	e16_s1_TTGTGTTTCCCTCGTA
9281	e16_s1_TTGTGTTTCTCGTCAC
9282	e16_s1_TTGTTCAAGAAATTGC
9283	e16_s1_TTGTTCAAGAGAGTGA
9284	e16_s1_TTGTTCAAGGACTGGT
9285	e16_s1_TTGTTCAAGGTGAGCT
9286	e16_s1_TTGTTCAGTAATGCGG
9287	e16_s1_TTGTTCAGTCAATGGG
9288	e16_s1_TTGTTCAGTGGCCACT
9289	e16_s1_TTGTTCATCATTTGTC
9290	e16_s1_TTGTTCATCCGCTTAC
9291	e16_s1_TTGTTGTAGTGATCGG
9292	e16_s1_TTGTTGTCACCTGTCT
9293	e16_s1_TTGTTGTGTGAGTAAT
9294	e16_s1_TTGTTGTTCCAAATGC
9295	e16_s1_TTGTTGTTCCAAGCAT
9296	e16_s1_TTGTTGTTCCAGTGTA
9297	e16_s1_TTGTTGTTCGGTCATA
9298	e16_s1_TTGTTGTTCTGGCTGG
9299	e16_s1_TTGTTTGAGAATACAC
9300	e16_s1_TTGTTTGAGCCTCTTC
9301	e16_s1_TTGTTTGCAATGGGTG
9302	e16_s1_TTGTTTGCAGGACATG
9303	e16_s1_TTGTTTGGTACCTGTA
9304	e16_s1_TTGTTTGGTCCAAAGG
9305	e16_s1_TTGTTTGGTCCGGTGT
9306	e16_s1_TTGTTTGGTCGGATTT
9307	e16_s1_TTGTTTGGTTTCGCTC
9308	e16_s1_TTGTTTGTCGAGCACC
9309	e16_s1_TTTACCAAGATAGTGT
9310	e16_s1_TTTACCACAACTCCAA
9311	e16_s1_TTTACCAGTACTGCCG
9312	e16_s1_TTTACCAGTGTGTCCG
9313	e16_s1_TTTACCAGTTTCCATT
9314	e16_s1_TTTACCATCGCGTGCA
9315	e16_s1_TTTACGTAGATCGCTT
9316	e16_s1_TTTACGTAGCGCATCC
9317	e16_s1_TTTACGTAGGAGACCT
9318	e16_s1_TTTACGTCAAACCATC
9319	e16_s1_TTTACGTCAATCTCTT
9320	e16_s1_TTTACGTCACCAGCCA
9321	e16_s1_TTTACGTCATCTGCGG
9322	e16_s1_TTTACGTCATTATGCG
9323	e16_s1_TTTACGTGTGCTCCGA
9324	e16_s1_TTTACGTTCAGCTGAT
9325	e16_s1_TTTACGTTCGCCTAGG
9326	e16_s1_TTTACTGAGAGTCGAC
9327	e16_s1_TTTACTGAGCAGGTCA
9328	e16_s1_TTTACTGAGCGTCAAG
9329	e16_s1_TTTACTGAGGAGTATT
9330	e16_s1_TTTACTGAGTCGAGGT
9331	e16_s1_TTTACTGCAACGTAAA
9332	e16_s1_TTTACTGCACCATAAC
9333	e16_s1_TTTACTGCACGAGGAT
9334	e16_s1_TTTACTGCATGACACT
9335	e16_s1_TTTACTGGTAACTTCG
9336	e16_s1_TTTACTGGTACAGAGC
9337	e16_s1_TTTACTGGTATTAAGG
9338	e16_s1_TTTACTGGTCCAGCCA
9339	e16_s1_TTTACTGGTGGCGCTT
9340	e16_s1_TTTACTGGTTCTTGTT
9341	e16_s1_TTTACTGTCAAGCGTT
9342	e16_s1_TTTACTGTCAATCCGA
9343	e16_s1_TTTACTGTCAGCTTCC
9344	e16_s1_TTTACTGTCAGTCTTT
9345	e16_s1_TTTAGTCCAAGGTCTT
9346	e16_s1_TTTAGTCGTAACTAAG
9347	e16_s1_TTTAGTCGTAAGTCAA
9348	e16_s1_TTTAGTCGTCACTTAG
9349	e16_s1_TTTAGTCGTTATTCCT
9350	e16_s1_TTTAGTCTCAGCAATC
9351	e16_s1_TTTAGTCTCCATTTGT
9352	e16_s1_TTTAGTCTCGGACTTA
9353	e16_s1_TTTAGTCTCGGTGTTA
9354	e16_s1_TTTAGTCTCGTTCTAT
9355	e16_s1_TTTAGTCTCTAAGCGT
9356	e16_s1_TTTATGCAGTTGCGAG
9357	e16_s1_TTTATGCCAGTTAGGG
9358	e16_s1_TTTATGCGTAGAAACT
9359	e16_s1_TTTATGCGTAGTCACT
9360	e16_s1_TTTATGCGTATACCTG
9361	e16_s1_TTTATGCGTCACCACG
9362	e16_s1_TTTATGCGTCAGCGTC
9363	e16_s1_TTTATGCGTGGAACAC
9364	e16_s1_TTTATGCTCGGTCACG
9365	e16_s1_TTTATGCTCTCTCGCA
9366	e16_s1_TTTCACAAGAAGTCAT
9367	e16_s1_TTTCACAAGGATACCG
9368	e16_s1_TTTCACAAGGCCTAAG
9369	e16_s1_TTTCACACAGAACTAA
9370	e16_s1_TTTCACACAGACTCTA
9371	e16_s1_TTTCACACAGCCTACG
9372	e16_s1_TTTCACAGTACGGTTT
9373	e16_s1_TTTCACAGTATACAGA
9374	e16_s1_TTTCACAGTCTTGCGG
9375	e16_s1_TTTCACATCATCTACT
9376	e16_s1_TTTCACATCCGAGAAG
9377	e16_s1_TTTCAGTAGAAATTCG
9378	e16_s1_TTTCAGTAGCTAAACA
9379	e16_s1_TTTCAGTAGGTAAGAG
9380	e16_s1_TTTCAGTCAGCGACAA
9381	e16_s1_TTTCAGTCATCCGCGA
9382	e16_s1_TTTCAGTCATGCCGAC
9383	e16_s1_TTTCAGTGTAGTACGG
9384	e16_s1_TTTCAGTGTATTCCTT
9385	e16_s1_TTTCAGTGTCCATCTC
9386	e16_s1_TTTCAGTGTTAAGCAA
9387	e16_s1_TTTCAGTGTTCGAACT
9388	e16_s1_TTTCAGTGTTGCATAC
9389	e16_s1_TTTCAGTTCCGTGGTG
9390	e16_s1_TTTCAGTTCGGACAAG
9391	e16_s1_TTTCATGCAACAAGAT
9392	e16_s1_TTTCATGCACAGTGTT
9393	e16_s1_TTTCATGCACTCCGGA
9394	e16_s1_TTTCATGGTTCATCTT
9395	e16_s1_TTTCATGGTTTGCAGT
9396	e16_s1_TTTCATGTCACGATAC
9397	e16_s1_TTTCATGTCAGCTGAT
9398	e16_s1_TTTCCTCAGGGCCCTT
9399	e16_s1_TTTCCTCCACGACCTG
9400	e16_s1_TTTCCTCGTAGAAACT
9401	e16_s1_TTTCCTCGTATTCCTT
9402	e16_s1_TTTCCTCGTCGGAAAC
9403	e16_s1_TTTCCTCTCACTCGAA
9404	e16_s1_TTTCCTCTCAGCGCAC
9405	e16_s1_TTTCCTCTCATTTACC
9406	e16_s1_TTTCCTCTCGCTTGAA
9407	e16_s1_TTTCGATAGCGTGCCT
9408	e16_s1_TTTCGATAGTCCCGGT
9409	e16_s1_TTTCGATCAGAGCGTA
9410	e16_s1_TTTCGATCAGGGTCTC
9411	e16_s1_TTTCGATCAGTCGCAC
9412	e16_s1_TTTCGATCATCACGGC
9413	e16_s1_TTTCGATCATTGCCTC
9414	e16_s1_TTTCGATGTACAATAG
9415	e16_s1_TTTCGATGTCGCCACA
9416	e16_s1_TTTCGATGTGGATCGA
9417	e16_s1_TTTCGATGTTAGCGGA
9418	e16_s1_TTTCGATTCAATGTCG
9419	e16_s1_TTTCGATTCTTCTGGC
9420	e16_s1_TTTGACTAGGCTATCT
9421	e16_s1_TTTGACTAGGGTATAT
9422	e16_s1_TTTGACTCACGCCACA
9423	e16_s1_TTTGACTCACGTGAGA
9424	e16_s1_TTTGACTGTACAACGG
9425	e16_s1_TTTGACTGTACAAGCG
9426	e16_s1_TTTGACTTCCTAAACG
9427	e16_s1_TTTGATCAGAAATTGC
9428	e16_s1_TTTGATCAGAAGCCAC
9429	e16_s1_TTTGATCAGAGGATGA
9430	e16_s1_TTTGATCAGCCTGAGA
9431	e16_s1_TTTGATCAGCGATGCA
9432	e16_s1_TTTGATCCAGAGTGAC
9433	e16_s1_TTTGATCCAGTTGAAA
9434	e16_s1_TTTGATCCATCCGTGG
9435	e16_s1_TTTGATCCATCTAACG
9436	e16_s1_TTTGATCGTGTCGATT
9437	e16_s1_TTTGATCTCCAAATGC
9438	e16_s1_TTTGGAGAGATAGCAT
9439	e16_s1_TTTGGAGAGCTCGACC
9440	e16_s1_TTTGGAGAGGGATCTG
9441	e16_s1_TTTGGAGCACCGTGCA
9442	e16_s1_TTTGGAGGTGCTGCAC
9443	e16_s1_TTTGGAGTCAAACCTG
9444	e16_s1_TTTGGAGTCAGGAGAC
9445	e16_s1_TTTGGAGTCATGAAAG
9446	e16_s1_TTTGGAGTCCGATAAC
9447	e16_s1_TTTGGAGTCGCCACTT
9448	e16_s1_TTTGGAGTCGGTTGTA
9449	e16_s1_TTTGGTTAGGCATCAG
9450	e16_s1_TTTGGTTAGGCCTGAA
9451	e16_s1_TTTGGTTAGGGAGTGG
9452	e16_s1_TTTGGTTAGGTTCATC
9453	e16_s1_TTTGGTTCAAACGTGG
9454	e16_s1_TTTGGTTCAAGCGATG
9455	e16_s1_TTTGGTTCAAGGGCAT
9456	e16_s1_TTTGGTTCAGATCCAT
9457	e16_s1_TTTGGTTCAGTTACCA
9458	e16_s1_TTTGGTTCATGGGTTT
9459	e16_s1_TTTGGTTGTCATAACC
9460	e16_s1_TTTGGTTGTGCTGCAC
9461	e16_s1_TTTGGTTGTGTGTGTT
9462	e16_s1_TTTGGTTTCTCTCCGA
9463	e16_s1_TTTGGTTTCTCTGGTC
9464	e16_s1_TTTGTTGAGTGATAAC
9465	e16_s1_TTTGTTGCAAGCAGGT
9466	e16_s1_TTTGTTGCAAGGATGC
9467	e16_s1_TTTGTTGCATCTATCT
9468	e16_s1_TTTGTTGGTAGAGGAA
9469	e16_s1_TTTGTTGGTTGTCCCT
9470	e16_s1_TTTGTTGTCACATCAG
9471	e16_ji1_AAACCCAAGAAATGGG
9472	e16_ji1_AAACCCAAGCTCCGAC
9473	e16_ji1_AAACCCAAGTACCCTA
9474	e16_ji1_AAACCCACAGTAGGAC
9475	e16_ji1_AAACCCACAGTTGCGC
9476	e16_ji1_AAACCCAGTAGAGTTA
9477	e16_ji1_AAACCCAGTATGGAGC
9478	e16_ji1_AAACCCAGTCAAAGCG
9479	e16_ji1_AAACCCAGTGAGGATC
9480	e16_ji1_AAACCCAGTTAACAGA
9481	e16_ji1_AAACCCATCTACACAG
9482	e16_ji1_AAACCCATCTTCGTAT
9483	e16_ji1_AAACGAAAGCCTCGTG
9484	e16_ji1_AAACGAAAGTGCGTCC
9485	e16_ji1_AAACGAAAGTGCTCGC
9486	e16_ji1_AAACGAATCACCGACG
9487	e16_ji1_AAACGAATCTGCATAG
9488	e16_ji1_AAACGCTAGGAACGAA
9489	e16_ji1_AAACGCTAGGTACAGC
9490	e16_ji1_AAACGCTCAAGTTCGT
9491	e16_ji1_AAACGCTCAGGTCCGT
9492	e16_ji1_AAACGCTGTACGTACT
9493	e16_ji1_AAACGCTGTCGTTTCC
9494	e16_ji1_AAACGCTGTTGTTGTG
9495	e16_ji1_AAACGCTGTTTACTTC
9496	e16_ji1_AAAGAACAGAAGCTCG
9497	e16_ji1_AAAGAACAGGAGGGTG
9498	e16_ji1_AAAGAACAGGGTCAAC
9499	e16_ji1_AAAGAACGTAGATCCT
9500	e16_ji1_AAAGAACTCACGGTCG
9501	e16_ji1_AAAGAACTCATTGCTT
9502	e16_ji1_AAAGAACTCCATAAGC
9503	e16_ji1_AAAGAACTCCCATGGG
9504	e16_ji1_AAAGGATAGGCTAGCA
9505	e16_ji1_AAAGGATCAACAACAA
9506	e16_ji1_AAAGGATGTCTTGCGG
9507	e16_ji1_AAAGGATTCACACGAT
9508	e16_ji1_AAAGGATTCGACATTG
9509	e16_ji1_AAAGGATTCTAAGAAG
9510	e16_ji1_AAAGGATTCTCAGGCG
9511	e16_ji1_AAAGGGCAGCTGTGCC
9512	e16_ji1_AAAGGGCAGGGATGTC
9513	e16_ji1_AAAGGGCCAACCGACC
9514	e16_ji1_AAAGGGCCAGTATACC
9515	e16_ji1_AAAGGGCCATGCGTGC
9516	e16_ji1_AAAGGGCGTACCCACG
9517	e16_ji1_AAAGGGCTCCTGTAAG
9518	e16_ji1_AAAGGTACAAAGGGCT
9519	e16_ji1_AAAGGTACAACACACT
9520	e16_ji1_AAAGGTACAACATCGT
9521	e16_ji1_AAAGGTAGTACTCCCT
9522	e16_ji1_AAAGGTAGTCATTCCC
9523	e16_ji1_AAAGGTAGTTTCAGAC
9524	e16_ji1_AAAGGTATCACTACGA
9525	e16_ji1_AAAGGTATCTACTCAT
9526	e16_ji1_AAAGTCCAGAGCTGCA
9527	e16_ji1_AAAGTCCAGCTAAGTA
9528	e16_ji1_AAAGTCCAGCTGTTCA
9529	e16_ji1_AAAGTCCAGTGGATAT
9530	e16_ji1_AAAGTCCAGTTACGGG
9531	e16_ji1_AAAGTCCCAATGTTGC
9532	e16_ji1_AAAGTCCGTATTGAGA
9533	e16_ji1_AAAGTCCGTTCTGACA
9534	e16_ji1_AAAGTCCTCGGTAACT
9535	e16_ji1_AAAGTGAAGACGGAAA
9536	e16_ji1_AAAGTGAAGCAGCCTC
9537	e16_ji1_AAAGTGACACATGACT
9538	e16_ji1_AAAGTGACACCCTTGT
9539	e16_ji1_AAAGTGACAGCTCATA
9540	e16_ji1_AAAGTGACAGGCAATG
9541	e16_ji1_AAAGTGAGTCAAGCCC
9542	e16_ji1_AAAGTGAGTTGGGAAC
9543	e16_ji1_AAAGTGATCATGCCGG
9544	e16_ji1_AAAGTGATCTACTATC
9545	e16_ji1_AAAGTGATCTCGTTTA
9546	e16_ji1_AAATGGAAGAAATGGG
9547	e16_ji1_AAATGGAAGAACAAGG
9548	e16_ji1_AAATGGAAGTCTCTGA
9549	e16_ji1_AAATGGAAGTTCATGC
9550	e16_ji1_AAATGGACAAGCAATA
9551	e16_ji1_AAATGGACAAGTGTCT
9552	e16_ji1_AAATGGACAGCTGCCA
9553	e16_ji1_AAATGGACAGGTCAGA
9554	e16_ji1_AAATGGAGTAACATCC
9555	e16_ji1_AAATGGAGTGGGTCAA
9556	e16_ji1_AAATGGAGTTTGGAAA
9557	e16_ji1_AAATGGATCTGCGGAC
9558	e16_ji1_AACAAAGAGAGCAACC
9559	e16_ji1_AACAAAGAGTCTCCTC
9560	e16_ji1_AACAAAGCAATCCTAG
9561	e16_ji1_AACAAAGCACTCCACT
9562	e16_ji1_AACAAAGCACTGTTCC
9563	e16_ji1_AACAAAGCAGCCCAGT
9564	e16_ji1_AACAAAGGTAGCGCTC
9565	e16_ji1_AACAAAGTCGGATACT
9566	e16_ji1_AACAAAGTCTAAGGAA
9567	e16_ji1_AACAACCAGTACCATC
9568	e16_ji1_AACAACCCAAACTAGA
9569	e16_ji1_AACAACCCATTATGCG
9570	e16_ji1_AACAACCGTAGAGCTG
9571	e16_ji1_AACAACCTCAAGTGGG
9572	e16_ji1_AACAACCTCCTCACCA
9573	e16_ji1_AACAAGAAGCGTCTCG
9574	e16_ji1_AACAAGAAGGGCAGAG
9575	e16_ji1_AACAAGAAGGTGCGAT
9576	e16_ji1_AACAAGACACATGTTG
9577	e16_ji1_AACAAGACAGATTTCG
9578	e16_ji1_AACAAGAGTTCGTACA
9579	e16_ji1_AACAAGATCAAGCCAT
9580	e16_ji1_AACAAGATCACGATCA
9581	e16_ji1_AACAAGATCATTGCTT
9582	e16_ji1_AACACACAGATGCTGG
9583	e16_ji1_AACACACAGTCGCGAA
9584	e16_ji1_AACACACCAATTGAGA
9585	e16_ji1_AACACACCAATTGGTC
9586	e16_ji1_AACACACCACACAGCC
9587	e16_ji1_AACACACCACAGGATG
9588	e16_ji1_AACACACCATCATCTT
9589	e16_ji1_AACACACCATGACGAG
9590	e16_ji1_AACACACGTCCTCATC
9591	e16_ji1_AACACACTCCGTTTCG
9592	e16_ji1_AACACACTCGGATACT
9593	e16_ji1_AACAGGGAGTCGTCTA
9594	e16_ji1_AACAGGGCAAGGCTTT
9595	e16_ji1_AACAGGGCATATGAAG
9596	e16_ji1_AACAGGGGTCGCGTTG
9597	e16_ji1_AACAGGGGTTCAACGT
9598	e16_ji1_AACAGGGGTTCGTACA
9599	e16_ji1_AACAGGGTCAGTCTTT
9600	e16_ji1_AACAGGGTCGAAACAA
9601	e16_ji1_AACAGGGTCGAGATGG
9602	e16_ji1_AACAGGGTCGCCTTTG
9603	e16_ji1_AACCAACAGATAGCAT
9604	e16_ji1_AACCAACAGTATGCAA
9605	e16_ji1_AACCAACCAATGCTCA
9606	e16_ji1_AACCAACCACGAGGTA
9607	e16_ji1_AACCAACCACTAGTAC
9608	e16_ji1_AACCAACCAGCACAAG
9609	e16_ji1_AACCAACGTTTACCAG
9610	e16_ji1_AACCAACTCACAACCA
9611	e16_ji1_AACCAACTCGCGATCG
9612	e16_ji1_AACCAACTCTATACGG
9613	e16_ji1_AACCACAAGAGTCTGG
9614	e16_ji1_AACCACAAGATCGACG
9615	e16_ji1_AACCACAAGCATCAAA
9616	e16_ji1_AACCACACAAACCACT
9617	e16_ji1_AACCACACAGCAGATG
9618	e16_ji1_AACCACACAGTCTCTC
9619	e16_ji1_AACCACACATGGGTCC
9620	e16_ji1_AACCACAGTAGTTAGA
9621	e16_ji1_AACCACAGTGGTTCTA
9622	e16_ji1_AACCACATCGCTAATG
9623	e16_ji1_AACCACATCGGCCAAC
9624	e16_ji1_AACCATGAGAAATTCG
9625	e16_ji1_AACCATGAGGAGTACC
9626	e16_ji1_AACCATGCATCAGCAT
9627	e16_ji1_AACCATGGTAACATGA
9628	e16_ji1_AACCATGGTAAGCAAT
9629	e16_ji1_AACCATGGTACGAGTG
9630	e16_ji1_AACCATGGTGGGACAT
9631	e16_ji1_AACCATGTCAGCCTTC
9632	e16_ji1_AACCATGTCCGCTAGG
9633	e16_ji1_AACCATGTCCTTTGAT
9634	e16_ji1_AACCCAAAGACATCAA
9635	e16_ji1_AACCCAAAGCCTCATA
9636	e16_ji1_AACCCAAAGGTCGAGT
9637	e16_ji1_AACCCAACAGAATCGG
9638	e16_ji1_AACCCAATCACATTGG
9639	e16_ji1_AACCCAATCATTACTC
9640	e16_ji1_AACCCAATCCCTGTTG
9641	e16_ji1_AACCCAATCTCGCGTT
9642	e16_ji1_AACCTGAAGCTGGAGT
9643	e16_ji1_AACCTGACAGCCTATA
9644	e16_ji1_AACCTGACAGCTCTGG
9645	e16_ji1_AACCTGACATCTTAGG
9646	e16_ji1_AACCTGAGTCCCACGA
9647	e16_ji1_AACCTGATCTGGAGAG
9648	e16_ji1_AACCTGATCTGGCCTT
9649	e16_ji1_AACCTGATCTTCGATT
9650	e16_ji1_AACCTTTAGACAAGCC
9651	e16_ji1_AACCTTTGTACATTGC
9652	e16_ji1_AACCTTTGTCCTATAG
9653	e16_ji1_AACCTTTGTCTGCCTT
9654	e16_ji1_AACCTTTTCACTTATC
9655	e16_ji1_AACCTTTTCTCATTGT
9656	e16_ji1_AACCTTTTCTCTGGTC
9657	e16_ji1_AACGAAAAGATGTTGA
9658	e16_ji1_AACGAAAAGCGAGTAC
9659	e16_ji1_AACGAAAAGTTTGTCG
9660	e16_ji1_AACGAAACAGAACTTC
9661	e16_ji1_AACGAAACAGCATTGT
9662	e16_ji1_AACGAAAGTACCATAC
9663	e16_ji1_AACGAAAGTAGTCTGT
9664	e16_ji1_AACGAAAGTCGAGTGA
9665	e16_ji1_AACGAAAGTCTACATG
9666	e16_ji1_AACGAAATCCACTGAA
9667	e16_ji1_AACGAAATCTTCGACC
9668	e16_ji1_AACGAAATCTTTCCGG
9669	e16_ji1_AACGGGAAGCGACCCT
9670	e16_ji1_AACGGGAAGTCTACCA
9671	e16_ji1_AACGGGAAGTGGTGAC
9672	e16_ji1_AACGGGACAACCGGAA
9673	e16_ji1_AACGGGACACTACAGT
9674	e16_ji1_AACGGGACAGAGTCTT
9675	e16_ji1_AACGGGACATGGACAG
9676	e16_ji1_AACGGGACATGGGTCC
9677	e16_ji1_AACGGGATCTTGGATG
9678	e16_ji1_AACGTCAAGATGGGCT
9679	e16_ji1_AACGTCACACCAATTG
9680	e16_ji1_AACGTCAGTACAACGG
9681	e16_ji1_AACGTCAGTACTCCGG
9682	e16_ji1_AACGTCATCAACTTTC
9683	e16_ji1_AACGTCATCATCAGTG
9684	e16_ji1_AACGTCATCCAAACCA
9685	e16_ji1_AACGTCATCTAGGAAA
9686	e16_ji1_AACTTCTAGACGAAGA
9687	e16_ji1_AACTTCTAGACTAAGT
9688	e16_ji1_AACTTCTAGAGGTATT
9689	e16_ji1_AACTTCTAGGGAGGTG
9690	e16_ji1_AACTTCTAGTGCTCAT
9691	e16_ji1_AACTTCTCAAAGCGTG
9692	e16_ji1_AACTTCTGTATCACCA
9693	e16_ji1_AACTTCTGTTCCGCAG
9694	e16_ji1_AACTTCTTCGCCAGTG
9695	e16_ji1_AACTTCTTCGCGCTGA
9696	e16_ji1_AAGAACACAAGCCCAC
9697	e16_ji1_AAGAACACACGGCACT
9698	e16_ji1_AAGAACACACTGGATT
9699	e16_ji1_AAGAACACAGGACGAT
9700	e16_ji1_AAGAACATCCGAACGC
9701	e16_ji1_AAGAACATCTGCGGGT
9702	e16_ji1_AAGACAAAGAGGGTGG
9703	e16_ji1_AAGACAAAGGTAGCCA
9704	e16_ji1_AAGACAAGTCTGCAAT
9705	e16_ji1_AAGACAAGTGGTAACG
9706	e16_ji1_AAGACAATCCATCAGA
9707	e16_ji1_AAGACAATCGTCAAAC
9708	e16_ji1_AAGACAATCTATCGCC
9709	e16_ji1_AAGACAATCTCTCGCA
9710	e16_ji1_AAGACTCAGAGTGAAG
9711	e16_ji1_AAGACTCCACACGGTC
9712	e16_ji1_AAGACTCCACTACCGG
9713	e16_ji1_AAGACTCCAGCAGATG
9714	e16_ji1_AAGACTCCATGTGCCG
9715	e16_ji1_AAGACTCTCCATTTGT
9716	e16_ji1_AAGACTCTCCCAGCGA
9717	e16_ji1_AAGACTCTCCTCTCTT
9718	e16_ji1_AAGACTCTCGCCCAGA
9719	e16_ji1_AAGACTCTCGTTGTTT
9720	e16_ji1_AAGATAGAGATACCAA
9721	e16_ji1_AAGATAGCAAGCGCTC
9722	e16_ji1_AAGATAGCACTTCTCG
9723	e16_ji1_AAGATAGCAGAAATTG
9724	e16_ji1_AAGATAGCATGACTTG
9725	e16_ji1_AAGATAGTCATTCGTT
9726	e16_ji1_AAGATAGTCCATTTGT
9727	e16_ji1_AAGATAGTCCTTCACG
9728	e16_ji1_AAGATAGTCTCGCTCA
9729	e16_ji1_AAGATAGTCTTACCGC
9730	e16_ji1_AAGCATCAGATTAGTG
9731	e16_ji1_AAGCATCAGGTTCCAT
9732	e16_ji1_AAGCATCCACTCTGCT
9733	e16_ji1_AAGCATCCAGCTAACT
9734	e16_ji1_AAGCATCGTTCTCCTG
9735	e16_ji1_AAGCATCTCATTCGTT
9736	e16_ji1_AAGCATCTCTATCGGA
9737	e16_ji1_AAGCCATAGACCATAA
9738	e16_ji1_AAGCCATAGATGGGCT
9739	e16_ji1_AAGCCATCATAGAAAC
9740	e16_ji1_AAGCCATTCACCGGGT
9741	e16_ji1_AAGCCATTCATTCGGA
9742	e16_ji1_AAGCCATTCTCATTGT
9743	e16_ji1_AAGCCATTCTCTATGT
9744	e16_ji1_AAGCCATTCTTAAGGC
9745	e16_ji1_AAGCGAGAGACATACA
9746	e16_ji1_AAGCGAGCAGTCGAGA
9747	e16_ji1_AAGCGAGGTATAATGG
9748	e16_ji1_AAGCGAGGTCGGTGAA
9749	e16_ji1_AAGCGAGTCCTTCTAA
9750	e16_ji1_AAGCGAGTCTGGAGAG
9751	e16_ji1_AAGCGTTAGCTGTTCA
9752	e16_ji1_AAGCGTTAGTTAACGA
9753	e16_ji1_AAGCGTTAGTTCCATG
9754	e16_ji1_AAGCGTTAGTTGTAAG
9755	e16_ji1_AAGCGTTCAAACGGCA
9756	e16_ji1_AAGCGTTCAACGTAAA
9757	e16_ji1_AAGCGTTCACCCATAA
9758	e16_ji1_AAGCGTTCACTCCACT
9759	e16_ji1_AAGCGTTGTATGCAAA
9760	e16_ji1_AAGCGTTGTATTGCCA
9761	e16_ji1_AAGCGTTGTTCAACGT
9762	e16_ji1_AAGCGTTGTTCTAAGC
9763	e16_ji1_AAGCGTTTCAGCGGAA
9764	e16_ji1_AAGCGTTTCTATTTCG
9765	e16_ji1_AAGCGTTTCTCTTGCG
9766	e16_ji1_AAGGAATAGCCATTCA
9767	e16_ji1_AAGGAATAGCGCGTTC
9768	e16_ji1_AAGGAATCAATTCACG
9769	e16_ji1_AAGGAATGTCGTGTTA
9770	e16_ji1_AAGGAATTCCGAGAAG
9771	e16_ji1_AAGGAATTCGCTCATC
9772	e16_ji1_AAGGAATTCGTAACAC
9773	e16_ji1_AAGGTAAAGCGCGTTC
9774	e16_ji1_AAGGTAAAGGTAAAGG
9775	e16_ji1_AAGGTAAAGTTGCATC
9776	e16_ji1_AAGGTAACATATCTGG
9777	e16_ji1_AAGGTAAGTATCCTTT
9778	e16_ji1_AAGGTAAGTCTAACTG
9779	e16_ji1_AAGGTAATCCAACCAA
9780	e16_ji1_AAGGTAATCGTAGGAG
9781	e16_ji1_AAGGTAATCGTAGTGT
9782	e16_ji1_AAGTACCAGAAATTGC
9783	e16_ji1_AAGTACCAGTCGGCAA
9784	e16_ji1_AAGTACCCAATAGGAT
9785	e16_ji1_AAGTACCCACTTGTGA
9786	e16_ji1_AAGTACCGTTACTCAG
9787	e16_ji1_AAGTACCTCCTTCTTC
9788	e16_ji1_AAGTACCTCTTAGCTT
9789	e16_ji1_AAGTCGTAGGTCATTC
9790	e16_ji1_AAGTCGTAGTCACGAG
9791	e16_ji1_AAGTCGTCAATCCTAG
9792	e16_ji1_AAGTCGTCAATCTGCA
9793	e16_ji1_AAGTCGTCACCAGCCA
9794	e16_ji1_AAGTCGTCATCCTTGC
9795	e16_ji1_AAGTCGTGTAAGGAGA
9796	e16_ji1_AAGTCGTGTACCGTCG
9797	e16_ji1_AAGTCGTGTCGAATTC
9798	e16_ji1_AAGTCGTGTGTCCGGT
9799	e16_ji1_AAGTCGTGTGTCTCCT
9800	e16_ji1_AAGTCGTTCCCGAAAT
9801	e16_ji1_AAGTCGTTCCCGAATA
9802	e16_ji1_AAGTCGTTCCGTGTGG
9803	e16_ji1_AAGTCGTTCTAGGCCG
9804	e16_ji1_AAGTGAAAGACCAGAC
9805	e16_ji1_AAGTGAAAGCATGTTC
9806	e16_ji1_AAGTGAAAGCGTTCCG
9807	e16_ji1_AAGTGAAAGCTCGTGC
9808	e16_ji1_AAGTGAAAGGTCATTC
9809	e16_ji1_AAGTGAAAGTATAGAC
9810	e16_ji1_AAGTGAAAGTATGACA
9811	e16_ji1_AAGTGAAAGTGTTCAC
9812	e16_ji1_AAGTGAACATACAGCT
9813	e16_ji1_AAGTGAACATTCGGGC
9814	e16_ji1_AAGTGAAGTCTCTCCA
9815	e16_ji1_AAGTGAAGTTTAAGGA
9816	e16_ji1_AAGTGAATCCTGTTGC
9817	e16_ji1_AAGTGAATCGGCCTTT
9818	e16_ji1_AAGTGAATCTGAGAAA
9819	e16_ji1_AAGTTCGAGTCACAGG
9820	e16_ji1_AAGTTCGAGTCTACCA
9821	e16_ji1_AAGTTCGAGTTGGCTT
9822	e16_ji1_AAGTTCGCACATTGTG
9823	e16_ji1_AAGTTCGCAGCACACC
9824	e16_ji1_AAGTTCGCAGCAGGAT
9825	e16_ji1_AAGTTCGGTAGAGACC
9826	e16_ji1_AAGTTCGGTGCATTAC
9827	e16_ji1_AAGTTCGTCCTAACAG
9828	e16_ji1_AATAGAGAGCGCCCAT
9829	e16_ji1_AATAGAGAGCTCGAAG
9830	e16_ji1_AATAGAGAGCTGCGAA
9831	e16_ji1_AATAGAGCAACGATCT
9832	e16_ji1_AATAGAGCAAGTGGCA
9833	e16_ji1_AATAGAGCAGTAGGAC
9834	e16_ji1_AATAGAGGTGAACCGA
9835	e16_ji1_AATAGAGGTGCAAGAC
9836	e16_ji1_AATCACGAGCATTGTC
9837	e16_ji1_AATCACGAGCTGTACT
9838	e16_ji1_AATCACGAGCTTTCTT
9839	e16_ji1_AATCACGAGTGGAATT
9840	e16_ji1_AATCACGCAAGGAGTC
9841	e16_ji1_AATCACGCACAATGAA
9842	e16_ji1_AATCACGCACTGTCCT
9843	e16_ji1_AATCACGCAGTATACC
9844	e16_ji1_AATCACGCATCGCTAA
9845	e16_ji1_AATCACGCATGGTACT
9846	e16_ji1_AATCACGGTCAACGCC
9847	e16_ji1_AATCACGGTTGCGAAG
9848	e16_ji1_AATCACGTCATCGGGC
9849	e16_ji1_AATCACGTCGCTGACG
9850	e16_ji1_AATCACGTCGGCTTGG
9851	e16_ji1_AATCGACAGACCTCCG
9852	e16_ji1_AATCGACAGAGTCAGC
9853	e16_ji1_AATCGACCAAAGTGTA
9854	e16_ji1_AATCGACCAAATGGTA
9855	e16_ji1_AATCGACCACCGTCGA
9856	e16_ji1_AATCGACCATTGAAGA
9857	e16_ji1_AATCGACGTAACACCT
9858	e16_ji1_AATCGACGTACACGCC
9859	e16_ji1_AATCGACTCGCATGAT
9860	e16_ji1_AATCGACTCGTCCTTG
9861	e16_ji1_AATCGACTCTCAACGA
9862	e16_ji1_AATCGACTCTCTCGAC
9863	e16_ji1_AATCGTGAGCACCGTC
9864	e16_ji1_AATCGTGAGCTGTTAC
9865	e16_ji1_AATCGTGAGGTAAGAG
9866	e16_ji1_AATCGTGAGTCAGCCC
9867	e16_ji1_AATCGTGCAAAGACGC
9868	e16_ji1_AATCGTGCATTCATCT
9869	e16_ji1_AATCGTGTCCAAAGGG
9870	e16_ji1_AATGAAGAGTAAAGCT
9871	e16_ji1_AATGAAGGTATCACGT
9872	e16_ji1_AATGAAGGTCGAGCTC
9873	e16_ji1_AATGAAGGTGCCCGTA
9874	e16_ji1_AATGAAGGTGTGGACA
9875	e16_ji1_AATGACCAGACATCCT
9876	e16_ji1_AATGACCAGAGCCCAA
9877	e16_ji1_AATGACCAGATAACAC
9878	e16_ji1_AATGACCAGCTCTGTA
9879	e16_ji1_AATGACCAGTACTCGT
9880	e16_ji1_AATGACCAGTATCCTG
9881	e16_ji1_AATGACCCAGTCAACT
9882	e16_ji1_AATGACCGTATGGAGC
9883	e16_ji1_AATGACCTCAAGTGTC
9884	e16_ji1_AATGACCTCTAGTGTG
9885	e16_ji1_AATGCCAAGATCCCGC
9886	e16_ji1_AATGCCAAGTGGGAAA
9887	e16_ji1_AATGCCACAATAGGGC
9888	e16_ji1_AATGCCAGTAGCTGAG
9889	e16_ji1_AATGCCAGTCGAGTGA
9890	e16_ji1_AATGCCAGTCGATTAC
9891	e16_ji1_AATGCCAGTGAGTCAG
9892	e16_ji1_AATGCCAGTTACCGTA
9893	e16_ji1_AATGCCATCACTCTTA
9894	e16_ji1_AATGCCATCATTGCCC
9895	e16_ji1_AATGCCATCTCGTTTA
9896	e16_ji1_AATGGAAAGAATTGTG
9897	e16_ji1_AATGGAAAGCACGATG
9898	e16_ji1_AATGGAAAGCCTGAAG
9899	e16_ji1_AATGGAAAGCTGTCCG
9900	e16_ji1_AATGGAAAGTATTCCG
9901	e16_ji1_AATGGAAAGTCAACAA
9902	e16_ji1_AATGGAAAGTCGCTAT
9903	e16_ji1_AATGGAAAGTTAGAAC
9904	e16_ji1_AATGGAACAACCGCTG
9905	e16_ji1_AATGGAACAACGCATT
9906	e16_ji1_AATGGAACATCGGAGA
9907	e16_ji1_AATGGAAGTACTTCCC
9908	e16_ji1_AATGGAAGTATTGCCA
9909	e16_ji1_AATGGAATCATAGGCT
9910	e16_ji1_AATGGAATCATTCATC
9911	e16_ji1_AATGGAATCCACGAAT
9912	e16_ji1_AATGGCTAGCCTCAGC
9913	e16_ji1_AATGGCTCACATTCGA
9914	e16_ji1_AATGGCTGTACTTGTG
9915	e16_ji1_AATGGCTTCCCTCGTA
9916	e16_ji1_AATGGCTTCTTCCACG
9917	e16_ji1_AATTCCTAGCCTATTG
9918	e16_ji1_AATTCCTAGGGCAACT
9919	e16_ji1_AATTCCTCAAGGTCTT
9920	e16_ji1_AATTCCTGTGACTCGC
9921	e16_ji1_AATTCCTTCTGGCCGA
9922	e16_ji1_AATTTCCAGCGTCGAA
9923	e16_ji1_AATTTCCAGTCAACAA
9924	e16_ji1_AATTTCCCAAACTAGA
9925	e16_ji1_AATTTCCCAATAAGGT
9926	e16_ji1_AATTTCCCACCTAAAC
9927	e16_ji1_AATTTCCCATTGTCGA
9928	e16_ji1_AATTTCCGTGCTGTCG
9929	e16_ji1_AATTTCCGTTCAGCTA
9930	e16_ji1_AATTTCCTCAACCTCC
9931	e16_ji1_AATTTCCTCACGAACT
9932	e16_ji1_AATTTCCTCCGCAACG
9933	e16_ji1_ACAAAGAAGAGTCAGC
9934	e16_ji1_ACAAAGAAGATGAATC
9935	e16_ji1_ACAAAGAAGCGTACAG
9936	e16_ji1_ACAAAGAAGGTTACCT
9937	e16_ji1_ACAAAGAAGTGCAGCA
9938	e16_ji1_ACAAAGAGTAAGCTCT
9939	e16_ji1_ACAAAGAGTCAGTCCG
9940	e16_ji1_ACAAAGAGTCGCATCG
9941	e16_ji1_ACAAAGATCAAAGGTA
9942	e16_ji1_ACAAAGATCAACGTGT
9943	e16_ji1_ACAAAGATCACTACGA
9944	e16_ji1_ACAAAGATCACTGGTA
9945	e16_ji1_ACAAAGATCCCTTTGG
9946	e16_ji1_ACAAAGATCCGTGGTG
9947	e16_ji1_ACAAAGATCCTTGAAG
9948	e16_ji1_ACAACCAAGCCTGTCG
9949	e16_ji1_ACAACCAAGGCCTTCG
9950	e16_ji1_ACAACCACACATATGC
9951	e16_ji1_ACAACCACACGTATAC
9952	e16_ji1_ACAACCACACTCCGGA
9953	e16_ji1_ACAACCACAGCCGTCA
9954	e16_ji1_ACAACCACATGTTCGA
9955	e16_ji1_ACAACCAGTAACATGA
9956	e16_ji1_ACAACCATCAAGGTGG
9957	e16_ji1_ACAACCATCGGTCACG
9958	e16_ji1_ACAAGCTAGAGTTGAT
9959	e16_ji1_ACAAGCTAGATTCGAA
9960	e16_ji1_ACAAGCTAGCGGGTTA
9961	e16_ji1_ACAAGCTCACAACATC
9962	e16_ji1_ACAAGCTCACTCAAGT
9963	e16_ji1_ACAAGCTGTCATCTAG
9964	e16_ji1_ACAAGCTGTCGCGTCA
9965	e16_ji1_ACAAGCTTCTGGGCAC
9966	e16_ji1_ACACAGTAGCAGGTCA
9967	e16_ji1_ACACAGTAGGTGCTTT
9968	e16_ji1_ACACAGTCACGTTCGG
9969	e16_ji1_ACACAGTCAGCAGACA
9970	e16_ji1_ACACAGTCAGCGGTTC
9971	e16_ji1_ACACAGTCAGTTACCA
9972	e16_ji1_ACACAGTGTCGAGCAA
9973	e16_ji1_ACACAGTTCCCGAAAT
9974	e16_ji1_ACACCAAAGAGGTATT
9975	e16_ji1_ACACCAAAGCCTCAGC
9976	e16_ji1_ACACCAAAGTTTAGGA
9977	e16_ji1_ACACCAACAAAGACTA
9978	e16_ji1_ACACCAAGTGGCCTCA
9979	e16_ji1_ACACCAAGTTGAGAGC
9980	e16_ji1_ACACCAATCCTGGCTT
9981	e16_ji1_ACACGCGAGAGCTTTC
9982	e16_ji1_ACACGCGCAAAGAACT
9983	e16_ji1_ACACGCGCAGCTCCTT
9984	e16_ji1_ACACGCGCATGGGAAC
9985	e16_ji1_ACACGCGCATTAGGAA
9986	e16_ji1_ACACGCGGTAACCAGG
9987	e16_ji1_ACACGCGGTCCCACGA
9988	e16_ji1_ACACGCGGTCGATGCC
9989	e16_ji1_ACACGCGGTGTATCCA
9990	e16_ji1_ACACTGAAGCGCTGAA
9991	e16_ji1_ACACTGAAGGGCCAAT
9992	e16_ji1_ACACTGAAGGTGCCAA
9993	e16_ji1_ACACTGACAACACACT
9994	e16_ji1_ACACTGACAACTACGT
9995	e16_ji1_ACACTGACAACTCGAT
9996	e16_ji1_ACACTGACAAGCGCTC
9997	e16_ji1_ACACTGACACGACAAG
9998	e16_ji1_ACACTGACACTTTAGG
9999	e16_ji1_ACACTGACAGAGACTG
10000	e16_ji1_ACACTGACATTCACAG
10001	e16_ji1_ACACTGAGTCCAGTTA
10002	e16_ji1_ACACTGAGTCGTATGT
10003	e16_ji1_ACACTGAGTCTCAGAT
10004	e16_ji1_ACACTGAGTGGGTCAA
10005	e16_ji1_ACACTGAGTGTAACGG
10006	e16_ji1_ACACTGAGTTGTACGT
10007	e16_ji1_ACACTGAGTTGTCATG
10008	e16_ji1_ACACTGATCAGGTGTT
10009	e16_ji1_ACACTGATCAGTGCGC
10010	e16_ji1_ACACTGATCCATTCGC
10011	e16_ji1_ACACTGATCTGGGCAC
10012	e16_ji1_ACACTGATCTTCGATT
10013	e16_ji1_ACAGAAAAGAATTTGG
10014	e16_ji1_ACAGAAAAGACATACA
10015	e16_ji1_ACAGAAAAGCGTTGTT
10016	e16_ji1_ACAGAAAAGGGCAAGG
10017	e16_ji1_ACAGAAAAGGTGCTTT
10018	e16_ji1_ACAGAAACAAAGCTAA
10019	e16_ji1_ACAGAAACAATTGAGA
10020	e16_ji1_ACAGAAACAGTGGGTA
10021	e16_ji1_ACAGAAACATCTCAAG
10022	e16_ji1_ACAGAAAGTCCTCATC
10023	e16_ji1_ACAGAAATCTGGGCAC
10024	e16_ji1_ACAGCCGAGAATTTGG
10025	e16_ji1_ACAGCCGAGGCTTAAA
10026	e16_ji1_ACAGCCGAGTCATAGA
10027	e16_ji1_ACAGCCGCACTCTGCT
10028	e16_ji1_ACAGCCGCATACAGCT
10029	e16_ji1_ACAGCCGCATTCTGTT
10030	e16_ji1_ACAGCCGGTATAATGG
10031	e16_ji1_ACAGCCGTCGCAATTG
10032	e16_ji1_ACAGCCGTCGGTAACT
10033	e16_ji1_ACAGCCGTCTGCTCTG
10034	e16_ji1_ACAGGGACACTTCATT
10035	e16_ji1_ACAGGGAGTGCGGCTT
10036	e16_ji1_ACAGGGAGTTTCACTT
10037	e16_ji1_ACAGGGATCAACCTCC
10038	e16_ji1_ACAGGGATCGATACAC
10039	e16_ji1_ACATCCCAGCCAGTAG
10040	e16_ji1_ACATCCCCAAATTGCC
10041	e16_ji1_ACATCCCCAACCACGC
10042	e16_ji1_ACATCCCCACTCCGAG
10043	e16_ji1_ACATCCCGTATCAGCT
10044	e16_ji1_ACATCCCTCCGACATA
10045	e16_ji1_ACATCCCTCGACCACG
10046	e16_ji1_ACATCCCTCTAGTGAC
10047	e16_ji1_ACATCGAAGACGTCCC
10048	e16_ji1_ACATCGACACTAACCA
10049	e16_ji1_ACATCGACAGTATACC
10050	e16_ji1_ACATCGATCACCATCC
10051	e16_ji1_ACATCGATCGTTACCC
10052	e16_ji1_ACATCGATCTTACGGA
10053	e16_ji1_ACATGCAAGACCGTTT
10054	e16_ji1_ACATGCAAGATTAGCA
10055	e16_ji1_ACATGCAAGGTTAAAC
10056	e16_ji1_ACATGCAGTAGGGAGG
10057	e16_ji1_ACATGCAGTGACACGA
10058	e16_ji1_ACATTTCCACTGGCCA
10059	e16_ji1_ACATTTCCATGATGCT
10060	e16_ji1_ACATTTCCATTCATCT
10061	e16_ji1_ACATTTCTCACACCGG
10062	e16_ji1_ACATTTCTCCGAGTGC
10063	e16_ji1_ACCAAACAGCTGCCAC
10064	e16_ji1_ACCAAACAGGACAGCT
10065	e16_ji1_ACCAAACCAAATGATG
10066	e16_ji1_ACCAAACGTACGTGTT
10067	e16_ji1_ACCAAACGTCGATTTG
10068	e16_ji1_ACCAAACGTGTCTTAG
10069	e16_ji1_ACCAAACTCGAAGAAT
10070	e16_ji1_ACCAAACTCGCGTGCA
10071	e16_ji1_ACCAACAAGCACTAGG
10072	e16_ji1_ACCAACAAGGAAGTAG
10073	e16_ji1_ACCAACAAGGTCGTCC
10074	e16_ji1_ACCAACAAGTGATGGC
10075	e16_ji1_ACCAACACAAAGAACT
10076	e16_ji1_ACCAACACAATAGTGA
10077	e16_ji1_ACCAACAGTTGTCCCT
10078	e16_ji1_ACCAACAGTTGTGGCC
10079	e16_ji1_ACCAACATCAGAGTGG
10080	e16_ji1_ACCAACATCGCTGCGA
10081	e16_ji1_ACCAACATCTCCGATC
10082	e16_ji1_ACCACAACAAGTCATC
10083	e16_ji1_ACCACAACACCTCGTT
10084	e16_ji1_ACCACAAGTACCTGTA
10085	e16_ji1_ACCACAAGTATGTGTC
10086	e16_ji1_ACCACAAGTCGTAATC
10087	e16_ji1_ACCACAAGTTCTCGCT
10088	e16_ji1_ACCACAATCCGTATAG
10089	e16_ji1_ACCATTTAGCATACTC
10090	e16_ji1_ACCATTTAGGACATCG
10091	e16_ji1_ACCATTTAGGACGCAT
10092	e16_ji1_ACCATTTAGGTGGCTA
10093	e16_ji1_ACCATTTAGGTGGTTG
10094	e16_ji1_ACCATTTAGTTGTACC
10095	e16_ji1_ACCATTTCACTCAGAT
10096	e16_ji1_ACCATTTGTCCAATCA
10097	e16_ji1_ACCATTTGTCTAATCG
10098	e16_ji1_ACCATTTGTGGGTATG
10099	e16_ji1_ACCATTTGTTTCCATT
10100	e16_ji1_ACCATTTTCACCGCTT
10101	e16_ji1_ACCATTTTCCATCACC
10102	e16_ji1_ACCATTTTCCCATTCG
10103	e16_ji1_ACCCAAAAGTAACGTA
10104	e16_ji1_ACCCAAACATTACGGT
10105	e16_ji1_ACCCAAAGTAGACAAT
10106	e16_ji1_ACCCAAATCACACGAT
10107	e16_ji1_ACCCAAATCGTGGAAG
10108	e16_ji1_ACCCAAATCGTTTACT
10109	e16_ji1_ACCCAAATCTTACGTT
10110	e16_ji1_ACCCAAATCTTGGTGA
10111	e16_ji1_ACCCTCAAGAGTAACT
10112	e16_ji1_ACCCTCAAGCCGCTTG
10113	e16_ji1_ACCCTCAAGCGTACAG
10114	e16_ji1_ACCCTCAAGGAGCAAA
10115	e16_ji1_ACCCTCAGTCGTAATC
10116	e16_ji1_ACCCTCAGTCTTGTCC
10117	e16_ji1_ACCCTCATCATTCGGA
10118	e16_ji1_ACCCTCATCGACGTCG
10119	e16_ji1_ACCCTCATCGGAGTAG
10120	e16_ji1_ACCCTTGAGACGCATG
10121	e16_ji1_ACCCTTGAGGCCCACT
10122	e16_ji1_ACCCTTGCATCCTCAC
10123	e16_ji1_ACCCTTGCATTAAGCC
10124	e16_ji1_ACCCTTGGTAGCGATG
10125	e16_ji1_ACCCTTGGTCGTTATG
10126	e16_ji1_ACCCTTGGTTCGGTTA
10127	e16_ji1_ACCCTTGTCCATAGGT
10128	e16_ji1_ACCCTTGTCGTACACA
10129	e16_ji1_ACCCTTGTCGTGCACG
10130	e16_ji1_ACCCTTGTCTCCTACG
10131	e16_ji1_ACCGTTCAGAATGTTG
10132	e16_ji1_ACCGTTCAGTTAGTAG
10133	e16_ji1_ACCGTTCCAACCTAAC
10134	e16_ji1_ACCGTTCCAAGGTTGG
10135	e16_ji1_ACCGTTCCACACGGTC
10136	e16_ji1_ACCGTTCGTAAGACCG
10137	e16_ji1_ACCGTTCGTCGTGGAA
10138	e16_ji1_ACCGTTCTCAACTGAC
10139	e16_ji1_ACCGTTCTCAAGCCAT
10140	e16_ji1_ACCGTTCTCACCATCC
10141	e16_ji1_ACCGTTCTCTCCTGAC
10142	e16_ji1_ACCTACCAGCGAGTAC
10143	e16_ji1_ACCTACCAGCTATCCA
10144	e16_ji1_ACCTACCAGGTCTTTG
10145	e16_ji1_ACCTACCCAACCGTGC
10146	e16_ji1_ACCTACCGTGTTAAAG
10147	e16_ji1_ACCTACCTCATCGCCT
10148	e16_ji1_ACCTACCTCCTTTGAT
10149	e16_ji1_ACCTACCTCGCCTTTG
10150	e16_ji1_ACCTACCTCTGCGAGC
10151	e16_ji1_ACCTGAAAGCATTGTC
10152	e16_ji1_ACCTGAACAAATTGCC
10153	e16_ji1_ACCTGAACAGTATTCG
10154	e16_ji1_ACCTGAACATTGAGGG
10155	e16_ji1_ACCTGAACATTGCAAC
10156	e16_ji1_ACCTGAAGTTGGGCCT
10157	e16_ji1_ACCTGAATCTCAACGA
10158	e16_ji1_ACCTGTCAGAGCCTGA
10159	e16_ji1_ACCTGTCAGCATGCAG
10160	e16_ji1_ACCTGTCAGCTTCGTA
10161	e16_ji1_ACCTGTCAGTTTAGGA
10162	e16_ji1_ACCTGTCCAAGGCAAC
10163	e16_ji1_ACCTGTCCATCGAACT
10164	e16_ji1_ACCTGTCGTACCACGC
10165	e16_ji1_ACCTGTCGTCAGACGA
10166	e16_ji1_ACCTGTCGTGAACTAA
10167	e16_ji1_ACCTGTCGTGCTTCAA
10168	e16_ji1_ACCTGTCTCAAGCTGT
10169	e16_ji1_ACCTGTCTCACCGACG
10170	e16_ji1_ACCTGTCTCGCGGACT
10171	e16_ji1_ACGATCAAGACGAGCT
10172	e16_ji1_ACGATCAAGCAGGGAG
10173	e16_ji1_ACGATCAAGCCATTTG
10174	e16_ji1_ACGATCAAGGCGCTTC
10175	e16_ji1_ACGATCAAGGGCCAAT
10176	e16_ji1_ACGATCACATGGCACC
10177	e16_ji1_ACGATCACATTATGCG
10178	e16_ji1_ACGATCACATTCACCC
10179	e16_ji1_ACGATCACATTCGGGC
10180	e16_ji1_ACGATCAGTAACACGG
10181	e16_ji1_ACGATCAGTATTGACC
10182	e16_ji1_ACGATCAGTCTGTCAA
10183	e16_ji1_ACGATCAGTTAAGGAT
10184	e16_ji1_ACGATCAGTTTACGTG
10185	e16_ji1_ACGATCATCGTTTACT
10186	e16_ji1_ACGATCATCTGTTCAT
10187	e16_ji1_ACGATCATCTTGTTAC
10188	e16_ji1_ACGATGTAGCGTGTCC
10189	e16_ji1_ACGATGTAGGCTTCCG
10190	e16_ji1_ACGATGTCAAGACGGT
10191	e16_ji1_ACGATGTGTTACACTG
10192	e16_ji1_ACGATGTTCAAGAATG
10193	e16_ji1_ACGATGTTCCCAGGCA
10194	e16_ji1_ACGATGTTCGTGTGGC
10195	e16_ji1_ACGATGTTCTTCGCTG
10196	e16_ji1_ACGCACGAGCTACAAA
10197	e16_ji1_ACGCACGCAACATACC
10198	e16_ji1_ACGCACGCAGAGTGAC
10199	e16_ji1_ACGCACGGTAAGGTCG
10200	e16_ji1_ACGCACGGTCAAAGCG
10201	e16_ji1_ACGCACGGTCCTTGTC
10202	e16_ji1_ACGCACGGTCTGGTTA
10203	e16_ji1_ACGCACGGTTCGCGTG
10204	e16_ji1_ACGGAAGAGACTGTTC
10205	e16_ji1_ACGGAAGAGGCAGGGA
10206	e16_ji1_ACGGAAGCACCCTTGT
10207	e16_ji1_ACGGAAGGTCATATGC
10208	e16_ji1_ACGGAAGTCAAGTGTC
10209	e16_ji1_ACGGAAGTCTAGTGAC
10210	e16_ji1_ACGGGTCAGACCTTTG
10211	e16_ji1_ACGGGTCAGATCGACG
10212	e16_ji1_ACGGGTCAGATTTGCC
10213	e16_ji1_ACGGGTCAGCAGTAAT
10214	e16_ji1_ACGGGTCCACGGCGTT
10215	e16_ji1_ACGGGTCGTTATCCAG
10216	e16_ji1_ACGGGTCTCTGGGTCG
10217	e16_ji1_ACGGTCGAGAGAATCT
10218	e16_ji1_ACGGTCGAGAGTCCGA
10219	e16_ji1_ACGGTCGCACAGTGAG
10220	e16_ji1_ACGGTCGCACGGGCTT
10221	e16_ji1_ACGGTCGCATAGGAGC
10222	e16_ji1_ACGGTCGGTAAGTCAA
10223	e16_ji1_ACGGTCGGTAGGACCA
10224	e16_ji1_ACGGTCGGTAGGTCAG
10225	e16_ji1_ACGGTCGTCCTGTAAG
10226	e16_ji1_ACGGTCGTCTAATTCC
10227	e16_ji1_ACGGTCGTCTTCGCTG
10228	e16_ji1_ACGGTTAAGAATCTAG
10229	e16_ji1_ACGGTTAAGGAAGTGA
10230	e16_ji1_ACGGTTAAGGATCACG
10231	e16_ji1_ACGGTTACAAACCGGA
10232	e16_ji1_ACGGTTACACTTGGGC
10233	e16_ji1_ACGGTTACAGTCGTTA
10234	e16_ji1_ACGGTTACATGATGCT
10235	e16_ji1_ACGGTTAGTCAATGGG
10236	e16_ji1_ACGGTTAGTCGCATTA
10237	e16_ji1_ACGGTTATCCGTATAG
10238	e16_ji1_ACGGTTATCGCTAATG
10239	e16_ji1_ACGGTTATCGGTCATA
10240	e16_ji1_ACGGTTATCTGAGCAT
10241	e16_ji1_ACGGTTATCTTGGAAC
10242	e16_ji1_ACGTAACAGATGGCGT
10243	e16_ji1_ACGTAACAGCTCGCAC
10244	e16_ji1_ACGTAACAGGCAGTCA
10245	e16_ji1_ACGTAACAGGTCTGGA
10246	e16_ji1_ACGTAACCACCAGGTC
10247	e16_ji1_ACGTAACCATATACCG
10248	e16_ji1_ACGTAACGTATGAGGC
10249	e16_ji1_ACGTAACGTCCCTAAA
10250	e16_ji1_ACGTAACGTGCATCTA
10251	e16_ji1_ACGTAACGTTATCTGG
10252	e16_ji1_ACGTAACTCGTTCTAT
10253	e16_ji1_ACGTACAAGATCGCTT
10254	e16_ji1_ACGTACAAGCCTGCCA
10255	e16_ji1_ACGTACAAGTACTGGG
10256	e16_ji1_ACGTACAAGTCGCCAC
10257	e16_ji1_ACGTACACACGTGAGA
10258	e16_ji1_ACGTACAGTCTGCCTT
10259	e16_ji1_ACGTACATCCAAGGGA
10260	e16_ji1_ACGTAGTAGCACGATG
10261	e16_ji1_ACGTAGTCAATAGGAT
10262	e16_ji1_ACGTAGTCACACACTA
10263	e16_ji1_ACGTAGTGTCTGTCAA
10264	e16_ji1_ACGTAGTGTTCCACAA
10265	e16_ji1_ACGTAGTTCCACAAGT
10266	e16_ji1_ACGTAGTTCGCTGACG
10267	e16_ji1_ACGTCCTAGTCAGCCC
10268	e16_ji1_ACGTCCTCACTCCGAG
10269	e16_ji1_ACGTCCTCACTTGTGA
10270	e16_ji1_ACGTCCTGTCCCTGTT
10271	e16_ji1_ACGTCCTGTTCTCAGA
10272	e16_ji1_ACGTCCTTCAACCCGG
10273	e16_ji1_ACGTCCTTCCGTGGCA
10274	e16_ji1_ACGTCCTTCCTAAGTG
10275	e16_ji1_ACGTCCTTCTAGACCA
10276	e16_ji1_ACGTCCTTCTGATTCT
10277	e16_ji1_ACGTTCCAGAAGCGGG
10278	e16_ji1_ACGTTCCAGCCAGTAG
10279	e16_ji1_ACGTTCCAGGAGGCAG
10280	e16_ji1_ACGTTCCAGGTCATAA
10281	e16_ji1_ACGTTCCCAGCAGTAG
10282	e16_ji1_ACGTTCCCATGAAAGT
10283	e16_ji1_ACGTTCCTCCTGCTAC
10284	e16_ji1_ACGTTCCTCGAAGCCC
10285	e16_ji1_ACGTTCCTCGCTCCTA
10286	e16_ji1_ACGTTCCTCGGCTTCT
10287	e16_ji1_ACTACGAAGTGCCGAA
10288	e16_ji1_ACTACGACACCAATTG
10289	e16_ji1_ACTACGACACGACAGA
10290	e16_ji1_ACTACGACATAGAGGC
10291	e16_ji1_ACTACGAGTAGCTGTT
10292	e16_ji1_ACTACGAGTAGTAAGT
10293	e16_ji1_ACTACGAGTGTTCGTA
10294	e16_ji1_ACTACGATCCGCGATG
10295	e16_ji1_ACTACGATCCTTATAC
10296	e16_ji1_ACTACGATCGTTAGTG
10297	e16_ji1_ACTATCTAGAGCAGAA
10298	e16_ji1_ACTATCTAGGGACTGT
10299	e16_ji1_ACTATCTAGTCGCTAT
10300	e16_ji1_ACTATCTGTAGTTACC
10301	e16_ji1_ACTATCTGTCACCTTC
10302	e16_ji1_ACTATCTGTCTTCCGT
10303	e16_ji1_ACTATCTTCGTCTAAG
10304	e16_ji1_ACTATCTTCTATACTC
10305	e16_ji1_ACTATGGAGATCACCT
10306	e16_ji1_ACTATGGAGCGCACAA
10307	e16_ji1_ACTATGGAGTCACTGT
10308	e16_ji1_ACTATGGCACATGTTG
10309	e16_ji1_ACTATGGCAGAACGCA
10310	e16_ji1_ACTATGGCAGTTGAAA
10311	e16_ji1_ACTATGGGTCGAACGA
10312	e16_ji1_ACTATGGGTTACCCTC
10313	e16_ji1_ACTATGGGTTCTGACA
10314	e16_ji1_ACTATGGGTTGCGAAG
10315	e16_ji1_ACTATGGTCAATCGGT
10316	e16_ji1_ACTATTCAGAATTCAG
10317	e16_ji1_ACTATTCCAAACACGG
10318	e16_ji1_ACTATTCGTAGTCACT
10319	e16_ji1_ACTATTCTCCAAACCA
10320	e16_ji1_ACTCCCAAGGCATCGA
10321	e16_ji1_ACTCCCACACGTATAC
10322	e16_ji1_ACTCCCACAGCGATTT
10323	e16_ji1_ACTCCCACAGGCATGA
10324	e16_ji1_ACTCCCAGTAGGAAAG
10325	e16_ji1_ACTCCCAGTGAGGCAT
10326	e16_ji1_ACTCCCATCATTCTTG
10327	e16_ji1_ACTCCCATCCATTCGC
10328	e16_ji1_ACTCCCATCTGATTCT
10329	e16_ji1_ACTCTCGAGGGTTAGC
10330	e16_ji1_ACTCTCGAGTGGCGAT
10331	e16_ji1_ACTCTCGCAGTCAGTT
10332	e16_ji1_ACTCTCGCATTCACAG
10333	e16_ji1_ACTCTCGGTCTGTGCG
10334	e16_ji1_ACTCTCGGTGTACATC
10335	e16_ji1_ACTCTCGTCAAAGGAT
10336	e16_ji1_ACTCTCGTCAGGGATG
10337	e16_ji1_ACTGATGAGCCAACCC
10338	e16_ji1_ACTGATGAGGAAGTAG
10339	e16_ji1_ACTGATGAGGAGGTTC
10340	e16_ji1_ACTGATGAGGATTTAG
10341	e16_ji1_ACTGATGCACGGCCAT
10342	e16_ji1_ACTGATGCAGAAACCG
10343	e16_ji1_ACTGATGCAGAGCTAG
10344	e16_ji1_ACTGATGCAGCGTTGC
10345	e16_ji1_ACTGATGGTAGATCGG
10346	e16_ji1_ACTGATGGTCACTCTC
10347	e16_ji1_ACTGATGGTGCCAAGA
10348	e16_ji1_ACTGATGGTTAGAAGT
10349	e16_ji1_ACTGCAAAGCGTGAGT
10350	e16_ji1_ACTGCAAAGGGAGGGT
10351	e16_ji1_ACTGCAAAGTCGAAAT
10352	e16_ji1_ACTGCAACAGAGGGTT
10353	e16_ji1_ACTGCAACAGCTATTG
10354	e16_ji1_ACTGCAATCATCTCTA
10355	e16_ji1_ACTGCAATCATTATCC
10356	e16_ji1_ACTGCAATCGTCGATA
10357	e16_ji1_ACTGCAATCTCCGATC
10358	e16_ji1_ACTGCAATCTCCTGAC
10359	e16_ji1_ACTGCAATCTGCGGCA
10360	e16_ji1_ACTGCAATCTTCCAGC
10361	e16_ji1_ACTGTCCAGGAACTAT
10362	e16_ji1_ACTGTCCAGGTGCTTT
10363	e16_ji1_ACTGTCCAGTAACGAT
10364	e16_ji1_ACTGTCCCACGCACCA
10365	e16_ji1_ACTGTCCCAGACGGAT
10366	e16_ji1_ACTGTCCCATCTGTTT
10367	e16_ji1_ACTGTCCCATGTAACC
10368	e16_ji1_ACTGTCCGTATTGACC
10369	e16_ji1_ACTGTCCGTCTCCCTA
10370	e16_ji1_ACTGTCCGTCTCGCGA
10371	e16_ji1_ACTGTCCGTTAACCTG
10372	e16_ji1_ACTGTCCTCACGACTA
10373	e16_ji1_ACTGTCCTCCATATGG
10374	e16_ji1_ACTGTGAAGACCCTTA
10375	e16_ji1_ACTGTGAAGCTGAGTG
10376	e16_ji1_ACTGTGACACAAAGTA
10377	e16_ji1_ACTGTGACACCGTGGT
10378	e16_ji1_ACTGTGACATCATCTT
10379	e16_ji1_ACTGTGACATGGCTAT
10380	e16_ji1_ACTGTGAGTACGTGTT
10381	e16_ji1_ACTGTGAGTAGCGATG
10382	e16_ji1_ACTGTGAGTTAACCTG
10383	e16_ji1_ACTGTGATCATTGAGC
10384	e16_ji1_ACTGTGATCCGTGACG
10385	e16_ji1_ACTTAGGAGACGCATG
10386	e16_ji1_ACTTAGGAGGCTCACC
10387	e16_ji1_ACTTAGGCAAGACCTT
10388	e16_ji1_ACTTAGGCACCCTCTA
10389	e16_ji1_ACTTAGGCAGCTTCGG
10390	e16_ji1_ACTTAGGCATCCGTTC
10391	e16_ji1_ACTTAGGCATCTCATT
10392	e16_ji1_ACTTAGGGTGCGGCTT
10393	e16_ji1_ACTTAGGGTTCGGTTA
10394	e16_ji1_ACTTAGGTCAGTCTTT
10395	e16_ji1_ACTTAGGTCGACACTA
10396	e16_ji1_ACTTAGGTCTGTCGCT
10397	e16_ji1_ACTTATCAGCGATGGT
10398	e16_ji1_ACTTATCAGGATTTAG
10399	e16_ji1_ACTTATCAGTCATCGT
10400	e16_ji1_ACTTATCCAACGACAG
10401	e16_ji1_ACTTATCCAACTTCTT
10402	e16_ji1_ACTTATCCAAGAGAGA
10403	e16_ji1_ACTTATCCACTACTTT
10404	e16_ji1_ACTTATCCAGACCGCT
10405	e16_ji1_ACTTATCCATTGGATC
10406	e16_ji1_ACTTATCGTAGACAGC
10407	e16_ji1_ACTTATCGTCATCCCT
10408	e16_ji1_ACTTATCGTGATACTC
10409	e16_ji1_ACTTATCGTGTCCAAT
10410	e16_ji1_ACTTCCGCAGCTGAAG
10411	e16_ji1_ACTTCCGCAGGTCAAG
10412	e16_ji1_ACTTCCGGTATTAAGG
10413	e16_ji1_ACTTCCGGTGCCTGAC
10414	e16_ji1_ACTTCCGGTGCCTGCA
10415	e16_ji1_ACTTCCGGTTTAGACC
10416	e16_ji1_ACTTCCGTCAAGCCTA
10417	e16_ji1_ACTTCCGTCGAGAGCA
10418	e16_ji1_ACTTCCGTCTCCGAGG
10419	e16_ji1_ACTTCCGTCTTGGTCC
10420	e16_ji1_ACTTCGCAGCACTAGG
10421	e16_ji1_ACTTCGCAGGCTAGCA
10422	e16_ji1_ACTTCGCAGGGTGAAA
10423	e16_ji1_ACTTCGCAGGTCATTC
10424	e16_ji1_ACTTCGCGTATCAGCT
10425	e16_ji1_ACTTCGCGTCACCTTC
10426	e16_ji1_ACTTCGCGTGGTCCCA
10427	e16_ji1_ACTTCGCGTGTTGATC
10428	e16_ji1_ACTTCGCGTTGCAACT
10429	e16_ji1_ACTTCGCTCAACCTTT
10430	e16_ji1_ACTTCGCTCGCCATAA
10431	e16_ji1_ACTTTCAAGCGGGTTA
10432	e16_ji1_ACTTTCACAAGAGAGA
10433	e16_ji1_ACTTTCACAGCTGTGC
10434	e16_ji1_ACTTTCAGTAAGACCG
10435	e16_ji1_ACTTTCAGTACTTCCC
10436	e16_ji1_ACTTTCAGTCGTCATA
10437	e16_ji1_ACTTTCAGTGCAACAG
10438	e16_ji1_ACTTTCAGTGTGTGGA
10439	e16_ji1_ACTTTCATCAGGACAG
10440	e16_ji1_ACTTTCATCGCCTTTG
10441	e16_ji1_ACTTTGTCAAAGGGCT
10442	e16_ji1_ACTTTGTGTCGTCAGC
10443	e16_ji1_ACTTTGTGTTGTGGCC
10444	e16_ji1_ACTTTGTTCCGGTAAT
10445	e16_ji1_AGAAATGCAAGCGAGT
10446	e16_ji1_AGAAATGCACGAAGAC
10447	e16_ji1_AGAAATGCACGCGTCA
10448	e16_ji1_AGAAATGGTACCTGTA
10449	e16_ji1_AGAAATGTCACCACAA
10450	e16_ji1_AGAAATGTCCATGCAA
10451	e16_ji1_AGAAATGTCCTCACCA
10452	e16_ji1_AGAACAAAGAAACTCA
10453	e16_ji1_AGAACAAAGTACAGAT
10454	e16_ji1_AGAACAAAGTAGACCG
10455	e16_ji1_AGAACAACACACCGAC
10456	e16_ji1_AGAACAACACGCAAAG
10457	e16_ji1_AGAACAACACTAACGT
10458	e16_ji1_AGAACAACAGACCGCT
10459	e16_ji1_AGAACAACAGTTCCAA
10460	e16_ji1_AGAACAACATCATTTC
10461	e16_ji1_AGAACAAGTACAGAGC
10462	e16_ji1_AGAACAAGTCTGGTTA
10463	e16_ji1_AGAACAAGTGACTGTT
10464	e16_ji1_AGAACAAGTGTCCATA
10465	e16_ji1_AGAACAATCATTTGTC
10466	e16_ji1_AGAACAATCCCGTGAG
10467	e16_ji1_AGAACAATCCGTGCGA
10468	e16_ji1_AGAACAATCGTTGCCT
10469	e16_ji1_AGAACCTAGTGGATAT
10470	e16_ji1_AGAACCTCAGCACACC
10471	e16_ji1_AGAACCTCAGCACAGA
10472	e16_ji1_AGAACCTCAGGACAGT
10473	e16_ji1_AGAACCTCATCGGCCA
10474	e16_ji1_AGAACCTGTGTTCATG
10475	e16_ji1_AGAACCTGTTCAGTAC
10476	e16_ji1_AGAACCTTCATCGCTC
10477	e16_ji1_AGAACCTTCCAGTGTA
10478	e16_ji1_AGAACCTTCGCCATAA
10479	e16_ji1_AGAAGCGAGCTCAGAG
10480	e16_ji1_AGAAGCGAGGCACAAC
10481	e16_ji1_AGAAGCGAGGTCATAA
10482	e16_ji1_AGAAGCGCAGCCGTTG
10483	e16_ji1_AGAAGCGCATGAATAG
10484	e16_ji1_AGAAGCGGTGTCCCTT
10485	e16_ji1_AGAAGCGGTTGCGGAA
10486	e16_ji1_AGAAGCGTCTTTCTAG
10487	e16_ji1_AGAAGTAAGAGGACTC
10488	e16_ji1_AGAAGTAAGGTGCCTC
10489	e16_ji1_AGAAGTACACCTCGTT
10490	e16_ji1_AGAAGTACAGACCAGA
10491	e16_ji1_AGAAGTAGTACATTGC
10492	e16_ji1_AGAAGTAGTTCTCACC
10493	e16_ji1_AGAAGTAGTTGTGGCC
10494	e16_ji1_AGAAGTATCCTTCTAA
10495	e16_ji1_AGAAGTATCTATCGCC
10496	e16_ji1_AGAAGTATCTCCTGTG
10497	e16_ji1_AGACAAAAGAGTCACG
10498	e16_ji1_AGACAAAAGCACGGAT
10499	e16_ji1_AGACAAAAGCGTGAAC
10500	e16_ji1_AGACAAAAGCTGGCTC
10501	e16_ji1_AGACAAAAGGACAGCT
10502	e16_ji1_AGACAAAAGTGCAGGT
10503	e16_ji1_AGACAAACAACCAATC
10504	e16_ji1_AGACAAAGTCATAAAG
10505	e16_ji1_AGACAAATCTACGGGC
10506	e16_ji1_AGACACTAGCAGCCTC
10507	e16_ji1_AGACACTAGTGTTCCA
10508	e16_ji1_AGACACTCAAAGTGTA
10509	e16_ji1_AGACACTCACCCGTAG
10510	e16_ji1_AGACACTCATCGTGCG
10511	e16_ji1_AGACACTGTATGAGCG
10512	e16_ji1_AGACACTGTCGACTTA
10513	e16_ji1_AGACACTTCACCACAA
10514	e16_ji1_AGACACTTCACTAGCA
10515	e16_ji1_AGACAGGAGCGGGTTA
10516	e16_ji1_AGACAGGAGTCCCTAA
10517	e16_ji1_AGACAGGCACATACTG
10518	e16_ji1_AGACAGGCAGGTTCAT
10519	e16_ji1_AGACAGGGTGATGGCA
10520	e16_ji1_AGACAGGTCCACGTGG
10521	e16_ji1_AGACAGGTCCAGCTCT
10522	e16_ji1_AGACAGGTCCATGAGT
10523	e16_ji1_AGACAGGTCCCAGGCA
10524	e16_ji1_AGACAGGTCGGTCACG
10525	e16_ji1_AGACCATAGGGCTTCC
10526	e16_ji1_AGACCATAGTCATACC
10527	e16_ji1_AGACCATCAACGATTC
10528	e16_ji1_AGACCATCACCTATCC
10529	e16_ji1_AGACCATCATCTGGGC
10530	e16_ji1_AGACCATGTACTAACC
10531	e16_ji1_AGACCATGTATTGCCA
10532	e16_ji1_AGACCATGTCCAGCGT
10533	e16_ji1_AGACCATGTCGGCTAC
10534	e16_ji1_AGACCATTCCTCTCGA
10535	e16_ji1_AGACCCGCACTACGGC
10536	e16_ji1_AGACCCGCAGATTCGT
10537	e16_ji1_AGACCCGTCTTCGCTG
10538	e16_ji1_AGACTCAAGACTTCGT
10539	e16_ji1_AGACTCAAGTTTCGGT
10540	e16_ji1_AGACTCACAAGTTCCA
10541	e16_ji1_AGACTCACACGTCATA
10542	e16_ji1_AGACTCAGTACTGTTG
10543	e16_ji1_AGACTCAGTGGGTCAA
10544	e16_ji1_AGACTCATCCGCATAA
10545	e16_ji1_AGACTCATCTTAAGGC
10546	e16_ji1_AGAGAATAGACTCATC
10547	e16_ji1_AGAGAATAGCGATGCA
10548	e16_ji1_AGAGAATAGGCCTGAA
10549	e16_ji1_AGAGAATAGGGCTAAC
10550	e16_ji1_AGAGAATAGTGCCAGA
10551	e16_ji1_AGAGAATCAGTTTGGT
10552	e16_ji1_AGAGAATCATCTTCGC
10553	e16_ji1_AGAGAATGTAGCACGA
10554	e16_ji1_AGAGAATGTATATGGA
10555	e16_ji1_AGAGAATGTATGTCCA
10556	e16_ji1_AGAGAATGTCCAGAAG
10557	e16_ji1_AGAGAATTCATAGAGA
10558	e16_ji1_AGAGAGCAGATTCGCT
10559	e16_ji1_AGAGAGCCAGACATCT
10560	e16_ji1_AGAGAGCCATCTTAGG
10561	e16_ji1_AGAGAGCCATTCGGGC
10562	e16_ji1_AGAGAGCGTGGACAGT
10563	e16_ji1_AGAGAGCGTGGGCTTC
10564	e16_ji1_AGAGAGCTCAAGAATG
10565	e16_ji1_AGAGAGCTCAGCCTCT
10566	e16_ji1_AGAGAGCTCGGCTTGG
10567	e16_ji1_AGAGCAGAGCTGTGCC
10568	e16_ji1_AGAGCAGAGTAACGAT
10569	e16_ji1_AGAGCAGGTATGTCTG
10570	e16_ji1_AGAGCAGGTTAGGACG
10571	e16_ji1_AGAGCAGTCAGACCCG
10572	e16_ji1_AGAGCAGTCGTGACTA
10573	e16_ji1_AGAGCCCAGAGAGAAC
10574	e16_ji1_AGAGCCCAGCAAGCCA
10575	e16_ji1_AGAGCCCAGGTGAGCT
10576	e16_ji1_AGAGCCCCACTAAACC
10577	e16_ji1_AGAGCCCCAGATAAAC
10578	e16_ji1_AGATAGAGTAAGAACT
10579	e16_ji1_AGATAGAGTATGAAGT
10580	e16_ji1_AGATAGAGTCAACGCC
10581	e16_ji1_AGATAGATCAAAGCCT
10582	e16_ji1_AGATAGATCAACGTGT
10583	e16_ji1_AGATAGATCGGCTGAC
10584	e16_ji1_AGATCCAAGATGTAGT
10585	e16_ji1_AGATCCAGTAGTATAG
10586	e16_ji1_AGATCCAGTTAGTTCG
10587	e16_ji1_AGATCCATCCAGTGCG
10588	e16_ji1_AGATCCATCCATGATG
10589	e16_ji1_AGATCGTAGATCCAAA
10590	e16_ji1_AGATCGTAGCTCGACC
10591	e16_ji1_AGATCGTAGGCCCGTT
10592	e16_ji1_AGATCGTCAACGATTC
10593	e16_ji1_AGATCGTCACTCCTGT
10594	e16_ji1_AGATCGTCATTGGCAT
10595	e16_ji1_AGATCGTGTAAGCAAT
10596	e16_ji1_AGATCGTGTGCTCCGA
10597	e16_ji1_AGATCGTTCCAGTACA
10598	e16_ji1_AGATCGTTCTCAAAGC
10599	e16_ji1_AGATCGTTCTTGGAAC
10600	e16_ji1_AGATGAAAGCCACCGT
10601	e16_ji1_AGATGAAAGCGTTCCG
10602	e16_ji1_AGATGAACAACTAGAA
10603	e16_ji1_AGATGAACAACTGATC
10604	e16_ji1_AGATGAACACCGGCTA
10605	e16_ji1_AGATGAACACTCTCGT
10606	e16_ji1_AGATGAACATGCCGGT
10607	e16_ji1_AGATGAAGTATAATGG
10608	e16_ji1_AGATGAAGTCCAGTTA
10609	e16_ji1_AGATGAAGTCGAATGG
10610	e16_ji1_AGATGAAGTGATTCAC
10611	e16_ji1_AGATGAATCAAGCCTA
10612	e16_ji1_AGATGAATCGGATTAC
10613	e16_ji1_AGATGAATCGGTGTTA
10614	e16_ji1_AGATGAATCTTGCAGA
10615	e16_ji1_AGATGCTAGAACGCGT
10616	e16_ji1_AGATGCTAGCAAGGAA
10617	e16_ji1_AGATGCTAGCGGGTTA
10618	e16_ji1_AGATGCTAGTTGTACC
10619	e16_ji1_AGATGCTCAAAGGCAC
10620	e16_ji1_AGATGCTCAAAGGCTG
10621	e16_ji1_AGATGCTCACATATGC
10622	e16_ji1_AGATGCTCACATGGTT
10623	e16_ji1_AGATGCTCATCCGCGA
10624	e16_ji1_AGATGCTGTCACAGTT
10625	e16_ji1_AGATGCTTCCGACGGT
10626	e16_ji1_AGATGCTTCGGAGATG
10627	e16_ji1_AGATGCTTCTATGCCC
10628	e16_ji1_AGCATCAAGAAGGATG
10629	e16_ji1_AGCATCAAGGATGAGA
10630	e16_ji1_AGCATCAAGGGTTTCT
10631	e16_ji1_AGCATCACACTCAAGT
10632	e16_ji1_AGCATCACATCCGTGG
10633	e16_ji1_AGCATCAGTAGAGCTG
10634	e16_ji1_AGCATCAGTCCCAAAT
10635	e16_ji1_AGCATCAGTTTGGAAA
10636	e16_ji1_AGCATCATCTTTCAGT
10637	e16_ji1_AGCCAATAGAGCTTTC
10638	e16_ji1_AGCCAATAGTTGTCAC
10639	e16_ji1_AGCCAATCAACGTATC
10640	e16_ji1_AGCCAATCAAGGACAC
10641	e16_ji1_AGCCAATCAGTATGAA
10642	e16_ji1_AGCCAATCATGCGTGC
10643	e16_ji1_AGCCAATGTACACGTT
10644	e16_ji1_AGCCAATGTCCACAGC
10645	e16_ji1_AGCCAATGTCCCGTGA
10646	e16_ji1_AGCCAATGTTCGTTCC
10647	e16_ji1_AGCCACGCACAACCGC
10648	e16_ji1_AGCCACGCAGATCACT
10649	e16_ji1_AGCCACGCATTGCAAC
10650	e16_ji1_AGCCACGGTATGTCTG
10651	e16_ji1_AGCCACGGTGTTAGCT
10652	e16_ji1_AGCCACGTCCGTGGTG
10653	e16_ji1_AGCCACGTCGTGAGAG
10654	e16_ji1_AGCCAGCAGACAACAT
10655	e16_ji1_AGCCAGCAGCCGCTTG
10656	e16_ji1_AGCCAGCCAGAGTTGG
10657	e16_ji1_AGCCAGCGTGAGTAGC
10658	e16_ji1_AGCCAGCGTGATGAAT
10659	e16_ji1_AGCCAGCGTGCGAGTA
10660	e16_ji1_AGCGATTAGACGGTCA
10661	e16_ji1_AGCGATTAGCCTGTGC
10662	e16_ji1_AGCGATTAGGGCCCTT
10663	e16_ji1_AGCGATTCAAGACGGT
10664	e16_ji1_AGCGATTCACTGCGTG
10665	e16_ji1_AGCGATTCATGAATCC
10666	e16_ji1_AGCGATTGTAATACCC
10667	e16_ji1_AGCGATTGTATGATCC
10668	e16_ji1_AGCGATTGTCACCCTT
10669	e16_ji1_AGCGATTTCAACCTTT
10670	e16_ji1_AGCGCCACAAAGCACG
10671	e16_ji1_AGCGCCACAAAGGGCT
10672	e16_ji1_AGCGCCACAACCGCCA
10673	e16_ji1_AGCGCCACAATACCCA
10674	e16_ji1_AGCGCCAGTATGTGTC
10675	e16_ji1_AGCGCCAGTCCTGTCT
10676	e16_ji1_AGCGCCATCATTTGCT
10677	e16_ji1_AGCGCCATCTAGAGCT
10678	e16_ji1_AGCGCTGAGACGCCAA
10679	e16_ji1_AGCGCTGAGAGAACCC
10680	e16_ji1_AGCGCTGAGTAGACAT
10681	e16_ji1_AGCGCTGAGTCGAGGT
10682	e16_ji1_AGCGCTGCATCTCCCA
10683	e16_ji1_AGCGCTGGTACGTGTT
10684	e16_ji1_AGCGCTGGTCACTCAA
10685	e16_ji1_AGCGCTGGTCATTCCC
10686	e16_ji1_AGCGCTGGTTTCTTAC
10687	e16_ji1_AGCGTATAGAGGTTAT
10688	e16_ji1_AGCGTATCAAGCGCAA
10689	e16_ji1_AGCGTATCACGTCTCT
10690	e16_ji1_AGCGTATCAGATCCAT
10691	e16_ji1_AGCGTATTCCCTTGTG
10692	e16_ji1_AGCGTATTCCGATCTC
10693	e16_ji1_AGCGTCGAGAAGCTGC
10694	e16_ji1_AGCGTCGAGAATTGTG
10695	e16_ji1_AGCGTCGAGAGATTCA
10696	e16_ji1_AGCGTCGCAACCCGCA
10697	e16_ji1_AGCGTCGCACGGAAGT
10698	e16_ji1_AGCGTCGGTACGTTCA
10699	e16_ji1_AGCGTCGGTATCTCTT
10700	e16_ji1_AGCGTCGGTCGTGTTA
10701	e16_ji1_AGCTACAGTCCCGGTA
10702	e16_ji1_AGCTACATCATTACCT
10703	e16_ji1_AGCTACATCCTGTAGA
10704	e16_ji1_AGCTACATCGTTCAGA
10705	e16_ji1_AGCTACATCTGCGAGC
10706	e16_ji1_AGCTACATCTGTACAG
10707	e16_ji1_AGCTACATCTTCGACC
10708	e16_ji1_AGCTCAAAGACATCAA
10709	e16_ji1_AGCTCAAAGCCTCTTC
10710	e16_ji1_AGCTCAAAGGGTTAAT
10711	e16_ji1_AGCTCAAAGGTCACTT
10712	e16_ji1_AGCTCAACACACCTAA
10713	e16_ji1_AGCTCAACAGAGTTCT
10714	e16_ji1_AGCTCAAGTACTGCGC
10715	e16_ji1_AGCTCAAGTCATCGGC
10716	e16_ji1_AGCTCAAGTGTATTCG
10717	e16_ji1_AGCTCAATCCATCACC
10718	e16_ji1_AGCTCAATCCGTTTCG
10719	e16_ji1_AGCTCAATCGAAACAA
10720	e16_ji1_AGCTCAATCGGCTATA
10721	e16_ji1_AGCTTCCAGGTTCTTG
10722	e16_ji1_AGCTTCCCAAGTCCAT
10723	e16_ji1_AGCTTCCCACTACCCT
10724	e16_ji1_AGCTTCCGTTACAGCT
10725	e16_ji1_AGCTTCCGTTGTACGT
10726	e16_ji1_AGCTTCCGTTTGGCTA
10727	e16_ji1_AGCTTCCTCACGGGAA
10728	e16_ji1_AGCTTCCTCCTAGAGT
10729	e16_ji1_AGCTTCCTCTGTGCGG
10730	e16_ji1_AGCTTCCTCTTCCTAA
10731	e16_ji1_AGGAAATAGGCTCAAG
10732	e16_ji1_AGGAAATCAGAACATA
10733	e16_ji1_AGGAAATGTCACTCTC
10734	e16_ji1_AGGAAATGTGAGGATC
10735	e16_ji1_AGGAAATGTGTCCTAA
10736	e16_ji1_AGGAAATTCCGTCAAA
10737	e16_ji1_AGGAAATTCGTCGCTT
10738	e16_ji1_AGGAATAAGACGTCCC
10739	e16_ji1_AGGAATACAAAGCGTG
10740	e16_ji1_AGGAATACAATTGCTG
10741	e16_ji1_AGGAATAGTGCCGTTG
10742	e16_ji1_AGGAATATCCGCTTAC
10743	e16_ji1_AGGACGAAGAAGCCAC
10744	e16_ji1_AGGACGAAGGTGCGAT
10745	e16_ji1_AGGACGACACTGCACG
10746	e16_ji1_AGGACGACAGGTTACT
10747	e16_ji1_AGGACGACATCCGGCA
10748	e16_ji1_AGGACGAGTAGGAGTC
10749	e16_ji1_AGGACGAGTATCGAGG
10750	e16_ji1_AGGACGATCGGACTTA
10751	e16_ji1_AGGACTTAGACCTGGA
10752	e16_ji1_AGGACTTAGGAACGAA
10753	e16_ji1_AGGACTTCATGACGTT
10754	e16_ji1_AGGACTTCATGCCGAC
10755	e16_ji1_AGGACTTGTATGAGCG
10756	e16_ji1_AGGACTTGTCAACCTA
10757	e16_ji1_AGGACTTGTGCTTATG
10758	e16_ji1_AGGACTTGTGTCCGTG
10759	e16_ji1_AGGAGGTAGAAACTGT
10760	e16_ji1_AGGAGGTCACGATAGG
10761	e16_ji1_AGGAGGTGTACCCGCA
10762	e16_ji1_AGGAGGTGTGAGACGT
10763	e16_ji1_AGGAGGTTCTTAGCTT
10764	e16_ji1_AGGATAAAGAAGTCTA
10765	e16_ji1_AGGATAAAGACACACG
10766	e16_ji1_AGGATAAAGACTAAGT
10767	e16_ji1_AGGATAAAGCTCCGAC
10768	e16_ji1_AGGATAAAGGTATTGA
10769	e16_ji1_AGGATAACAAAGTATG
10770	e16_ji1_AGGATAACAAATAGCA
10771	e16_ji1_AGGATAACACCACTGG
10772	e16_ji1_AGGATAACACGCGTGT
10773	e16_ji1_AGGATAACAGAGTAAT
10774	e16_ji1_AGGATAACATGTGTCA
10775	e16_ji1_AGGATAATCACTTGGA
10776	e16_ji1_AGGATAATCAGGACAG
10777	e16_ji1_AGGATAATCTGTTGGA
10778	e16_ji1_AGGATCTAGGTTTACC
10779	e16_ji1_AGGATCTAGTGAGGCT
10780	e16_ji1_AGGATCTCAACACGAG
10781	e16_ji1_AGGATCTCAATCTGCA
10782	e16_ji1_AGGATCTGTACAACGG
10783	e16_ji1_AGGATCTGTCTGTGCG
10784	e16_ji1_AGGATCTTCATGCTAG
10785	e16_ji1_AGGATCTTCTTTGGAG
10786	e16_ji1_AGGCATTAGGCTAACG
10787	e16_ji1_AGGCATTAGGGATGTC
10788	e16_ji1_AGGCATTAGGGCAAGG
10789	e16_ji1_AGGCATTAGGTCGTGA
10790	e16_ji1_AGGCATTAGGTGCTTT
10791	e16_ji1_AGGCATTCAAGAGCTG
10792	e16_ji1_AGGCATTCACTGAGGA
10793	e16_ji1_AGGCATTCAGTATACC
10794	e16_ji1_AGGCATTCAGTTGTTG
10795	e16_ji1_AGGCATTCATCTCATT
10796	e16_ji1_AGGCATTCATGCGTGC
10797	e16_ji1_AGGCCACCACATTACG
10798	e16_ji1_AGGCCACCACCTGCTT
10799	e16_ji1_AGGCCACCAGAGCTAG
10800	e16_ji1_AGGCCACCAGTAGAGC
10801	e16_ji1_AGGCCACGTGGTAATA
10802	e16_ji1_AGGCCACGTGGTCAAG
10803	e16_ji1_AGGCCACTCAAATAGG
10804	e16_ji1_AGGCCACTCCGAACGC
10805	e16_ji1_AGGCTGCAGCGGTAGT
10806	e16_ji1_AGGCTGCAGGCATTTC
10807	e16_ji1_AGGCTGCCACATTCTT
10808	e16_ji1_AGGCTGCCATAGGAGC
10809	e16_ji1_AGGCTGCTCATTCATC
10810	e16_ji1_AGGCTGCTCGTGAGAG
10811	e16_ji1_AGGGAGTAGAGGCGGA
10812	e16_ji1_AGGGAGTAGGAACGTC
10813	e16_ji1_AGGGAGTAGGGCAAGG
10814	e16_ji1_AGGGAGTAGTGGTGGT
10815	e16_ji1_AGGGAGTCATATGAAG
10816	e16_ji1_AGGGAGTGTGCTGCAC
10817	e16_ji1_AGGGAGTGTGGTCTCG
10818	e16_ji1_AGGGAGTGTTCGGTTA
10819	e16_ji1_AGGGAGTTCATGCCAA
10820	e16_ji1_AGGGAGTTCGACACCG
10821	e16_ji1_AGGGCCTAGCATCTTG
10822	e16_ji1_AGGGCCTCAATAGAGT
10823	e16_ji1_AGGGCCTCATTCCTAT
10824	e16_ji1_AGGGCCTGTTCAGCTA
10825	e16_ji1_AGGGCCTGTTGCGAAG
10826	e16_ji1_AGGGCCTTCACTGGGC
10827	e16_ji1_AGGGCCTTCAGCATTG
10828	e16_ji1_AGGGCCTTCTGCGATA
10829	e16_ji1_AGGGCTCAGAAATGGG
10830	e16_ji1_AGGGCTCAGAGGGCGA
10831	e16_ji1_AGGGCTCAGCACTCTA
10832	e16_ji1_AGGGCTCCAATTCACG
10833	e16_ji1_AGGGCTCCAGGTCAAG
10834	e16_ji1_AGGGCTCCATTCACAG
10835	e16_ji1_AGGGCTCGTACATACC
10836	e16_ji1_AGGGCTCGTCAAGTTC
10837	e16_ji1_AGGGCTCGTCTGTCCT
10838	e16_ji1_AGGGCTCTCTTCTTCC
10839	e16_ji1_AGGGTCCAGAACAGGA
10840	e16_ji1_AGGGTCCAGCTGTTCA
10841	e16_ji1_AGGGTCCAGGGACCAT
10842	e16_ji1_AGGGTCCAGGTGCTTT
10843	e16_ji1_AGGGTCCAGTGAGGTC
10844	e16_ji1_AGGGTCCCACACGGTC
10845	e16_ji1_AGGGTCCCATACACCA
10846	e16_ji1_AGGGTCCCATACTGTG
10847	e16_ji1_AGGGTCCGTAGGTAGC
10848	e16_ji1_AGGGTCCGTATCGCAT
10849	e16_ji1_AGGGTCCGTGTCTTGA
10850	e16_ji1_AGGGTCCGTTTACACG
10851	e16_ji1_AGGGTCCTCGAGAATA
10852	e16_ji1_AGGGTGAAGTCATGGG
10853	e16_ji1_AGGGTGACACCAGCTG
10854	e16_ji1_AGGGTGACAGCAGACA
10855	e16_ji1_AGGGTGACAGCGTAGA
10856	e16_ji1_AGGGTGACAGCTGAAG
10857	e16_ji1_AGGGTGAGTAATCAAG
10858	e16_ji1_AGGGTGAGTCTCTCCA
10859	e16_ji1_AGGGTTTAGTGCCTCG
10860	e16_ji1_AGGGTTTCACTCATAG
10861	e16_ji1_AGGGTTTCAGGTATGG
10862	e16_ji1_AGGGTTTGTAATCAGA
10863	e16_ji1_AGGGTTTGTAGTGTGG
10864	e16_ji1_AGGGTTTGTGACTATC
10865	e16_ji1_AGGGTTTGTGGAACAC
10866	e16_ji1_AGGGTTTTCACGTAGT
10867	e16_ji1_AGGGTTTTCATTCATC
10868	e16_ji1_AGGGTTTTCCGCAACG
10869	e16_ji1_AGGGTTTTCGAAGAAT
10870	e16_ji1_AGGGTTTTCGTAGAGG
10871	e16_ji1_AGGGTTTTCGTCCTCA
10872	e16_ji1_AGGGTTTTCTATTGTC
10873	e16_ji1_AGGTAGGAGAAGCGGG
10874	e16_ji1_AGGTAGGAGACCCGCT
10875	e16_ji1_AGGTAGGCAATCACGT
10876	e16_ji1_AGGTAGGCAGAGTTCT
10877	e16_ji1_AGGTAGGGTATGCTAC
10878	e16_ji1_AGGTAGGGTCGCCACA
10879	e16_ji1_AGGTAGGGTGCGACAA
10880	e16_ji1_AGGTAGGGTTGTGTTG
10881	e16_ji1_AGGTAGGTCACCTACC
10882	e16_ji1_AGGTAGGTCATCGCTC
10883	e16_ji1_AGGTAGGTCTGCGAGC
10884	e16_ji1_AGGTCATAGACTACCT
10885	e16_ji1_AGGTCATAGATGTTCC
10886	e16_ji1_AGGTCATAGCACTCCG
10887	e16_ji1_AGGTCATAGCTGAGCA
10888	e16_ji1_AGGTCATAGTATAACG
10889	e16_ji1_AGGTCATCAATCCAGT
10890	e16_ji1_AGGTCATGTGTGACCC
10891	e16_ji1_AGGTCATGTTGAGAGC
10892	e16_ji1_AGGTCATGTTTGGAGG
10893	e16_ji1_AGGTCATTCGACGATT
10894	e16_ji1_AGGTCATTCGCACTCT
10895	e16_ji1_AGGTCTAAGACTTAAG
10896	e16_ji1_AGGTCTACAGAGTGTG
10897	e16_ji1_AGGTCTAGTAAGCTCT
10898	e16_ji1_AGGTCTAGTATGGGAC
10899	e16_ji1_AGGTCTATCAAGGACG
10900	e16_ji1_AGGTCTATCACAGAGG
10901	e16_ji1_AGGTCTATCGAACACT
10902	e16_ji1_AGGTCTATCTGGACCG
10903	e16_ji1_AGGTGTTAGACCTCAT
10904	e16_ji1_AGGTGTTAGAGCGACT
10905	e16_ji1_AGGTGTTAGCGTGAGT
10906	e16_ji1_AGGTGTTAGCTGGCCT
10907	e16_ji1_AGGTGTTAGGTCGACA
10908	e16_ji1_AGGTGTTAGGTGCCTC
10909	e16_ji1_AGGTGTTCATCATCCC
10910	e16_ji1_AGGTGTTCATGACCCG
10911	e16_ji1_AGGTGTTGTATCGCTA
10912	e16_ji1_AGGTGTTGTCTCAAGT
10913	e16_ji1_AGGTTACCAAAGTGTA
10914	e16_ji1_AGGTTACCACGCTATA
10915	e16_ji1_AGGTTACCATAGAATG
10916	e16_ji1_AGGTTACCATGACTCA
10917	e16_ji1_AGGTTACGTAGTCGGA
10918	e16_ji1_AGGTTACGTATTGACC
10919	e16_ji1_AGGTTACGTGAGATTA
10920	e16_ji1_AGGTTACGTGGAACCA
10921	e16_ji1_AGGTTACTCCCGTGTT
10922	e16_ji1_AGGTTGTAGGTCATTC
10923	e16_ji1_AGGTTGTCACGGGTAA
10924	e16_ji1_AGGTTGTCAGAGGCAT
10925	e16_ji1_AGGTTGTCAGGCACTC
10926	e16_ji1_AGGTTGTCAGTATGAA
10927	e16_ji1_AGGTTGTGTACCGGCT
10928	e16_ji1_AGGTTGTGTCAAACGG
10929	e16_ji1_AGGTTGTGTCTGTGTA
10930	e16_ji1_AGTAACCAGTAACGTA
10931	e16_ji1_AGTAACCAGTCTCTGA
10932	e16_ji1_AGTAACCCAAGCGAGT
10933	e16_ji1_AGTAACCCAAGGTCGA
10934	e16_ji1_AGTAACCGTACTGCGC
10935	e16_ji1_AGTAACCGTTGAGGAC
10936	e16_ji1_AGTAACCTCAGTGTTG
10937	e16_ji1_AGTAACCTCCATGATG
10938	e16_ji1_AGTAACCTCCTCATAT
10939	e16_ji1_AGTAACCTCTGGTCAA
10940	e16_ji1_AGTAACCTCTGTTGGA
10941	e16_ji1_AGTACCAAGAAACTGT
10942	e16_ji1_AGTACCAAGAGTCTGG
10943	e16_ji1_AGTACCAAGATGGTCG
10944	e16_ji1_AGTACCAAGGTAAAGG
10945	e16_ji1_AGTACCAAGGTAGTAT
10946	e16_ji1_AGTACCACAACCGTGC
10947	e16_ji1_AGTACCACACCGAATT
10948	e16_ji1_AGTACCACATCCGTGG
10949	e16_ji1_AGTACCACATGGACAG
10950	e16_ji1_AGTACCAGTATGGTAA
10951	e16_ji1_AGTACCAGTCTAGGCC
10952	e16_ji1_AGTACCAGTGGCTCTG
10953	e16_ji1_AGTACCATCATGTCAG
10954	e16_ji1_AGTACCATCTGAGCAT
10955	e16_ji1_AGTACTGCAGTTCTAG
10956	e16_ji1_AGTACTGGTAGTCGGA
10957	e16_ji1_AGTACTGTCCGATCTC
10958	e16_ji1_AGTACTGTCCGTGGTG
10959	e16_ji1_AGTACTGTCGCAATGT
10960	e16_ji1_AGTACTGTCGGCTGTG
10961	e16_ji1_AGTACTGTCTGGCCAG
10962	e16_ji1_AGTACTGTCTGTGCTC
10963	e16_ji1_AGTACTGTCTGTTCAT
10964	e16_ji1_AGTACTGTCTTCTCAA
10965	e16_ji1_AGTAGCTAGAAAGTCT
10966	e16_ji1_AGTAGCTAGACAGTCG
10967	e16_ji1_AGTAGCTCAAGTTGGG
10968	e16_ji1_AGTAGCTCATGTGTCA
10969	e16_ji1_AGTAGCTGTACGAGTG
10970	e16_ji1_AGTAGCTGTCAAATCC
10971	e16_ji1_AGTAGCTGTCATCTAG
10972	e16_ji1_AGTAGCTGTTCCAGGC
10973	e16_ji1_AGTAGTCAGTGCACTT
10974	e16_ji1_AGTAGTCCACTCCTTG
10975	e16_ji1_AGTAGTCCAGCGTAGA
10976	e16_ji1_AGTAGTCCAGGACATG
10977	e16_ji1_AGTAGTCCATGAGGGT
10978	e16_ji1_AGTAGTCCATGGACAG
10979	e16_ji1_AGTAGTCGTGCATACT
10980	e16_ji1_AGTAGTCGTTACGCCG
10981	e16_ji1_AGTAGTCTCCCGTTCA
10982	e16_ji1_AGTAGTCTCCGGACTG
10983	e16_ji1_AGTAGTCTCGACGATT
10984	e16_ji1_AGTAGTCTCGGCTTGG
10985	e16_ji1_AGTCAACAGCAAATCA
10986	e16_ji1_AGTCAACAGCACGATG
10987	e16_ji1_AGTCAACAGCATGAAT
10988	e16_ji1_AGTCAACAGGCATGGT
10989	e16_ji1_AGTCAACCATCCTGTC
10990	e16_ji1_AGTCAACTCAACGAGG
10991	e16_ji1_AGTCAACTCACCCTTG
10992	e16_ji1_AGTCAACTCTGCACCT
10993	e16_ji1_AGTCACAAGAAGAACG
10994	e16_ji1_AGTCACAAGCCTCTTC
10995	e16_ji1_AGTCACAAGCGAGTCA
10996	e16_ji1_AGTCACAAGGGTGAAA
10997	e16_ji1_AGTCACAAGGTACAAT
10998	e16_ji1_AGTCACAAGTAAATGC
10999	e16_ji1_AGTCACAAGTGCCTCG
11000	e16_ji1_AGTCACACATCAACCA
11001	e16_ji1_AGTCACATCTGCCCTA
11002	e16_ji1_AGTCATGAGACCATAA
11003	e16_ji1_AGTCATGCAAAGACGC
11004	e16_ji1_AGTCATGGTACAACGG
11005	e16_ji1_AGTCATGGTCGCACGT
11006	e16_ji1_AGTCATGGTCTTCTAT
11007	e16_ji1_AGTCATGGTTGGAGGT
11008	e16_ji1_AGTCATGTCCTTCAGC
11009	e16_ji1_AGTCATGTCTCTCGAC
11010	e16_ji1_AGTCTCCAGGCGACAT
11011	e16_ji1_AGTCTCCAGTTCCAGT
11012	e16_ji1_AGTCTCCCAGATACTC
11013	e16_ji1_AGTCTCCGTGCTCTCT
11014	e16_ji1_AGTCTCCTCCACTAGA
11015	e16_ji1_AGTGACTAGCACCGTC
11016	e16_ji1_AGTGACTAGCCTGACC
11017	e16_ji1_AGTGACTCAATACGCT
11018	e16_ji1_AGTGACTCACATTCGA
11019	e16_ji1_AGTGACTCAGAACCGA
11020	e16_ji1_AGTGACTCAGTTTCAG
11021	e16_ji1_AGTGACTCATCGATGT
11022	e16_ji1_AGTGACTCATTCTGTT
11023	e16_ji1_AGTGACTGTACTAAGA
11024	e16_ji1_AGTGACTGTCTTACTT
11025	e16_ji1_AGTGACTTCATTACCT
11026	e16_ji1_AGTGACTTCTCTTAAC
11027	e16_ji1_AGTGATCAGTGCAAAT
11028	e16_ji1_AGTGATCCAAAGGCAC
11029	e16_ji1_AGTGATCCAAAGGGCT
11030	e16_ji1_AGTGATCGTAAGTTAG
11031	e16_ji1_AGTGATCGTGCTAGCC
11032	e16_ji1_AGTGATCGTTCTTGCC
11033	e16_ji1_AGTGATCTCACCCTCA
11034	e16_ji1_AGTGATCTCGATCCCT
11035	e16_ji1_AGTGATCTCTAAGGAA
11036	e16_ji1_AGTGATCTCTCGGCTT
11037	e16_ji1_AGTGATCTCTGGAAGG
11038	e16_ji1_AGTGATCTCTTGTGCC
11039	e16_ji1_AGTGCCGAGAAACTGT
11040	e16_ji1_AGTGCCGAGACCGCCT
11041	e16_ji1_AGTGCCGAGCAGGTCA
11042	e16_ji1_AGTGCCGAGCCTGTCG
11043	e16_ji1_AGTGCCGAGGCATCAG
11044	e16_ji1_AGTGCCGAGGTCCAGA
11045	e16_ji1_AGTGCCGCACTCCGAG
11046	e16_ji1_AGTGCCGCAGAACCGA
11047	e16_ji1_AGTGCCGCATCAGCTA
11048	e16_ji1_AGTGCCGGTGGATACG
11049	e16_ji1_AGTGCCGGTTAAACAG
11050	e16_ji1_AGTGCCGTCCCATACC
11051	e16_ji1_AGTGCCGTCGGAACTT
11052	e16_ji1_AGTGTTGAGATTACCC
11053	e16_ji1_AGTGTTGAGCGTCAAG
11054	e16_ji1_AGTGTTGAGGGCATGT
11055	e16_ji1_AGTGTTGCAATTGAAG
11056	e16_ji1_AGTGTTGCACTCGATA
11057	e16_ji1_AGTGTTGCATCCGCGA
11058	e16_ji1_AGTGTTGCATGTACGT
11059	e16_ji1_AGTGTTGGTACGGCAA
11060	e16_ji1_AGTGTTGGTACTCAAC
11061	e16_ji1_AGTGTTGGTGCATTTG
11062	e16_ji1_AGTGTTGGTGGCAGAT
11063	e16_ji1_AGTGTTGGTTTCCCAC
11064	e16_ji1_AGTGTTGTCATGCGGC
11065	e16_ji1_AGTGTTGTCGTTATCT
11066	e16_ji1_AGTGTTGTCTAGGCCG
11067	e16_ji1_AGTTAGCCACCTCAGG
11068	e16_ji1_AGTTAGCCATGACGTT
11069	e16_ji1_AGTTAGCGTACGACAG
11070	e16_ji1_AGTTAGCGTTTGTTCT
11071	e16_ji1_AGTTCCCAGACGCCAA
11072	e16_ji1_AGTTCCCAGTGTTGAA
11073	e16_ji1_AGTTCCCCACAGCCTG
11074	e16_ji1_AGTTCCCCAGGCACTC
11075	e16_ji1_AGTTCCCCATCAGTCA
11076	e16_ji1_AGTTCCCCATGTTCGA
11077	e16_ji1_AGTTCCCCATTCGGGC
11078	e16_ji1_AGTTCCCGTGTTCCTC
11079	e16_ji1_AGTTCCCTCACTGGTA
11080	e16_ji1_AGTTCCCTCAGTGCGC
11081	e16_ji1_AGTTCCCTCCGTCACT
11082	e16_ji1_AGTTCCCTCCTATGGA
11083	e16_ji1_AGTTCCCTCTCCTGCA
11084	e16_ji1_AGTTCGATCACTAGCA
11085	e16_ji1_AGTTCGATCTAGTTCT
11086	e16_ji1_ATACCGAAGAGAGCGG
11087	e16_ji1_ATACCGAAGATGGTAT
11088	e16_ji1_ATACCGAAGGCCTAGA
11089	e16_ji1_ATACCGAAGTCTCGTA
11090	e16_ji1_ATACCGACAAAGGATT
11091	e16_ji1_ATACCGACAAGGATGC
11092	e16_ji1_ATACCGACACCCTCTA
11093	e16_ji1_ATACCGACAGTTTCGA
11094	e16_ji1_ATACCGACATAATGCC
11095	e16_ji1_ATACCGACATCTCATT
11096	e16_ji1_ATACCGAGTTCACCGG
11097	e16_ji1_ATACCGATCAATCCGA
11098	e16_ji1_ATACCTTAGAAGAACG
11099	e16_ji1_ATACCTTAGCTTTCCC
11100	e16_ji1_ATACCTTTCAAGCCTA
11101	e16_ji1_ATACTTCAGGTCGCCT
11102	e16_ji1_ATACTTCCACAGCTGC
11103	e16_ji1_ATACTTCCACTTGAAC
11104	e16_ji1_ATACTTCCAGCTATAC
11105	e16_ji1_ATACTTCGTCCAAGAG
11106	e16_ji1_ATACTTCGTCCACATA
11107	e16_ji1_ATACTTCTCCATTTCA
11108	e16_ji1_ATACTTCTCCGTTGGG
11109	e16_ji1_ATAGACCAGCTACTGT
11110	e16_ji1_ATAGACCAGTATCTGC
11111	e16_ji1_ATAGACCCAGCATACT
11112	e16_ji1_ATAGACCCAGGAATCG
11113	e16_ji1_ATAGACCGTAGTCTTG
11114	e16_ji1_ATAGACCGTCCTGGGT
11115	e16_ji1_ATAGACCGTGCGGCTT
11116	e16_ji1_ATAGACCGTGTACAGG
11117	e16_ji1_ATAGACCTCGACCATA
11118	e16_ji1_ATAGACCTCGTAGGGA
11119	e16_ji1_ATAGAGAAGACTCGAG
11120	e16_ji1_ATAGAGACAACGTTAC
11121	e16_ji1_ATAGAGACAGAGATGC
11122	e16_ji1_ATAGAGACATATGGCT
11123	e16_ji1_ATAGAGACATCTAGAC
11124	e16_ji1_ATAGAGACATGCACTA
11125	e16_ji1_ATAGAGAGTTGGTAGG
11126	e16_ji1_ATAGAGATCGAGGCAA
11127	e16_ji1_ATAGAGATCGGAACTT
11128	e16_ji1_ATAGGCTAGCCGATCC
11129	e16_ji1_ATAGGCTAGCTCGTGC
11130	e16_ji1_ATAGGCTAGGCGCTTC
11131	e16_ji1_ATAGGCTCAAACCATC
11132	e16_ji1_ATAGGCTCAAGGCGTA
11133	e16_ji1_ATAGGCTCAGGGACTA
11134	e16_ji1_ATAGGCTGTACGGCAA
11135	e16_ji1_ATAGGCTGTGCAGGAT
11136	e16_ji1_ATATCCTAGCTAAATG
11137	e16_ji1_ATATCCTCATCATTTC
11138	e16_ji1_ATATCCTGTCACTCTC
11139	e16_ji1_ATATCCTGTCGAGCTC
11140	e16_ji1_ATATCCTTCACAAGGG
11141	e16_ji1_ATATCCTTCCGTTGAA
11142	e16_ji1_ATATCCTTCTGTCAGA
11143	e16_ji1_ATCACAGAGAACAAGG
11144	e16_ji1_ATCACAGGTCGCTGCA
11145	e16_ji1_ATCACAGGTCTGTCAA
11146	e16_ji1_ATCACAGGTCTTGCTC
11147	e16_ji1_ATCACAGGTTGCATTG
11148	e16_ji1_ATCACAGTCATGAAAG
11149	e16_ji1_ATCACAGTCGTTATCT
11150	e16_ji1_ATCACAGTCTACTGAG
11151	e16_ji1_ATCACGAAGATGAAGG
11152	e16_ji1_ATCACGAAGCACTCAT
11153	e16_ji1_ATCACGAAGCTGCCAC
11154	e16_ji1_ATCACGAAGTCAATCC
11155	e16_ji1_ATCACGAAGTCATAGA
11156	e16_ji1_ATCACGACAAGCAGGT
11157	e16_ji1_ATCACGACAATACGAA
11158	e16_ji1_ATCACGAGTGGTCTAT
11159	e16_ji1_ATCACGATCCTGTAAG
11160	e16_ji1_ATCACTTAGACAGTCG
11161	e16_ji1_ATCACTTAGCAATTCC
11162	e16_ji1_ATCACTTAGCTAATCC
11163	e16_ji1_ATCACTTCACGTAACT
11164	e16_ji1_ATCACTTCAGGGATAC
11165	e16_ji1_ATCACTTCATGTTCGA
11166	e16_ji1_ATCACTTGTGCACGCT
11167	e16_ji1_ATCACTTGTGGATACG
11168	e16_ji1_ATCACTTGTGGTAACG
11169	e16_ji1_ATCACTTTCCTAGCCT
11170	e16_ji1_ATCAGGTAGGCGTTGA
11171	e16_ji1_ATCAGGTCAAGAGGCT
11172	e16_ji1_ATCAGGTCAGATACCT
11173	e16_ji1_ATCAGGTCATCACAGT
11174	e16_ji1_ATCAGGTTCACTGAAC
11175	e16_ji1_ATCAGGTTCGGTCTAA
11176	e16_ji1_ATCATTCCAGACATCT
11177	e16_ji1_ATCATTCCAGCAGTGA
11178	e16_ji1_ATCATTCCAGCTGAAG
11179	e16_ji1_ATCATTCGTACGAGTG
11180	e16_ji1_ATCATTCGTGATTAGA
11181	e16_ji1_ATCATTCTCGGACCAC
11182	e16_ji1_ATCCACCAGCCGATAG
11183	e16_ji1_ATCCACCAGCTACTGT
11184	e16_ji1_ATCCACCCACGACGAA
11185	e16_ji1_ATCCACCCATTGACAC
11186	e16_ji1_ATCCACCGTCAAACGG
11187	e16_ji1_ATCCACCGTCGGCCTA
11188	e16_ji1_ATCCACCGTCTTGCTC
11189	e16_ji1_ATCCACCTCAAGCCAT
11190	e16_ji1_ATCCACCTCCATCAGA
11191	e16_ji1_ATCCACCTCCGACAGC
11192	e16_ji1_ATCCATTAGAACTGAT
11193	e16_ji1_ATCCATTAGAGAGGGC
11194	e16_ji1_ATCCATTAGGAAGTAG
11195	e16_ji1_ATCCATTAGGATTTAG
11196	e16_ji1_ATCCATTCACAATCTG
11197	e16_ji1_ATCCATTCAGTAGAAT
11198	e16_ji1_ATCCATTGTTTATGCG
11199	e16_ji1_ATCCATTTCACATCAG
11200	e16_ji1_ATCCATTTCGCCGAAC
11201	e16_ji1_ATCCCTGCAGATAAAC
11202	e16_ji1_ATCCCTGCAGCTGTAT
11203	e16_ji1_ATCCCTGCAGGTTACT
11204	e16_ji1_ATCCCTGGTCCAACGC
11205	e16_ji1_ATCCCTGGTCGAAACG
11206	e16_ji1_ATCCCTGTCAATCCAG
11207	e16_ji1_ATCCCTGTCGAAGAAT
11208	e16_ji1_ATCCGTCAGAAGTGTT
11209	e16_ji1_ATCCGTCAGAGTTCGG
11210	e16_ji1_ATCCGTCAGGTTGGTG
11211	e16_ji1_ATCCGTCCACAGACGA
11212	e16_ji1_ATCCGTCCAGGTCTCG
11213	e16_ji1_ATCCTATAGCCAGACA
11214	e16_ji1_ATCCTATAGCTGTGCC
11215	e16_ji1_ATCCTATCAACCGCCA
11216	e16_ji1_ATCCTATCAAGTTGGG
11217	e16_ji1_ATCCTATCACACGGAA
11218	e16_ji1_ATCCTATCAGGTCAGA
11219	e16_ji1_ATCCTATCAGGTTCCG
11220	e16_ji1_ATCCTATCATGGGATG
11221	e16_ji1_ATCCTATGTAATTAGG
11222	e16_ji1_ATCCTATTCAGGTGTT
11223	e16_ji1_ATCCTATTCCGGCAAC
11224	e16_ji1_ATCCTATTCTTACCAT
11225	e16_ji1_ATCCTATTCTTACGTT
11226	e16_ji1_ATCGATGAGAGCCGAT
11227	e16_ji1_ATCGATGAGCCGCTTG
11228	e16_ji1_ATCGATGAGCGTTACT
11229	e16_ji1_ATCGATGAGGATTCAA
11230	e16_ji1_ATCGATGCATAGAGGC
11231	e16_ji1_ATCGATGGTAGGCAAC
11232	e16_ji1_ATCGATGGTCGAACGA
11233	e16_ji1_ATCGATGGTGAGCAGT
11234	e16_ji1_ATCGATGGTGAGTGAC
11235	e16_ji1_ATCGATGTCCCTTTGG
11236	e16_ji1_ATCGATGTCGTGACTA
11237	e16_ji1_ATCGATGTCTCGGCTT
11238	e16_ji1_ATCGATGTCTGAGATC
11239	e16_ji1_ATCGCCTAGTGCTACT
11240	e16_ji1_ATCGCCTCAACTGATC
11241	e16_ji1_ATCGCCTCAAGGAGTC
11242	e16_ji1_ATCGCCTCATTAAGCC
11243	e16_ji1_ATCGCCTGTCGGCACT
11244	e16_ji1_ATCGCCTGTCTACATG
11245	e16_ji1_ATCGCCTGTGGACAGT
11246	e16_ji1_ATCGGATAGCACTCCG
11247	e16_ji1_ATCGGATAGCATCTTG
11248	e16_ji1_ATCGGATAGCTGACAG
11249	e16_ji1_ATCGGATAGGGACAGG
11250	e16_ji1_ATCGGATAGGTGAGCT
11251	e16_ji1_ATCGGATAGTACTCGT
11252	e16_ji1_ATCGGATAGTGGAATT
11253	e16_ji1_ATCGGATCAAGGACAC
11254	e16_ji1_ATCGGATCACCAAAGG
11255	e16_ji1_ATCGGATGTATGAAGT
11256	e16_ji1_ATCGGATGTCTCACAA
11257	e16_ji1_ATCGGATGTGCAGATG
11258	e16_ji1_ATCGGATGTGGTCTTA
11259	e16_ji1_ATCGGATTCCTAACAG
11260	e16_ji1_ATCGGATTCGCTGTTC
11261	e16_ji1_ATCGGCGAGGCTTTCA
11262	e16_ji1_ATCGGCGAGTAACCGG
11263	e16_ji1_ATCGGCGCAGTTAGAA
11264	e16_ji1_ATCGGCGGTACGTAGG
11265	e16_ji1_ATCGGCGGTGAGATAT
11266	e16_ji1_ATCGGCGGTGATAGTA
11267	e16_ji1_ATCGGCGTCACGATCA
11268	e16_ji1_ATCGGCGTCATTACGG
11269	e16_ji1_ATCGGCGTCCGTTGGG
11270	e16_ji1_ATCGGCGTCGAGCACC
11271	e16_ji1_ATCGGCGTCGGATAAA
11272	e16_ji1_ATCGTAGAGAAAGTCT
11273	e16_ji1_ATCGTAGAGACCAACG
11274	e16_ji1_ATCGTAGAGATGTTGA
11275	e16_ji1_ATCGTAGCAGCAGTCC
11276	e16_ji1_ATCGTAGCATAGAATG
11277	e16_ji1_ATCGTAGGTAGATCCT
11278	e16_ji1_ATCGTAGTCAGCTGAT
11279	e16_ji1_ATCGTAGTCAGCTTGA
11280	e16_ji1_ATCGTAGTCCACCTGT
11281	e16_ji1_ATCGTAGTCCGCAGTG
11282	e16_ji1_ATCGTCCAGAAGTCTA
11283	e16_ji1_ATCGTCCCACGCTGAC
11284	e16_ji1_ATCGTCCCATCCCACT
11285	e16_ji1_ATCGTCCGTCGCTTAA
11286	e16_ji1_ATCGTCCGTGTTTACG
11287	e16_ji1_ATCGTCCTCTACGGTA
11288	e16_ji1_ATCGTGAAGGATTTGA
11289	e16_ji1_ATCGTGAAGGCATCGA
11290	e16_ji1_ATCGTGACAAAGCTCT
11291	e16_ji1_ATCGTGACAAATGGAT
11292	e16_ji1_ATCGTGACACAGCATT
11293	e16_ji1_ATCGTGACAGCCTACG
11294	e16_ji1_ATCGTGACAGGCTTGC
11295	e16_ji1_ATCGTGACAGTCGAGA
11296	e16_ji1_ATCGTGACATGGGTTT
11297	e16_ji1_ATCGTGAGTAGCACGA
11298	e16_ji1_ATCGTGAGTATCCCTC
11299	e16_ji1_ATCGTGAGTCGTATTG
11300	e16_ji1_ATCGTGAGTTAGTCGT
11301	e16_ji1_ATCTCTAAGCAGAAAG
11302	e16_ji1_ATCTCTAAGCTAGTTC
11303	e16_ji1_ATCTCTACAGCAGTTT
11304	e16_ji1_ATCTCTACATGTGGTT
11305	e16_ji1_ATCTCTAGTAGCACGA
11306	e16_ji1_ATCTCTATCAAGGAGC
11307	e16_ji1_ATCTTCAAGAAGCGAA
11308	e16_ji1_ATCTTCAAGCGAAACC
11309	e16_ji1_ATCTTCAAGCTGACTT
11310	e16_ji1_ATCTTCAAGTGGTGGT
11311	e16_ji1_ATCTTCACAACCGCTG
11312	e16_ji1_ATCTTCACAATAGTCC
11313	e16_ji1_ATCTTCACAGCTACAT
11314	e16_ji1_ATCTTCACATCTCCCA
11315	e16_ji1_ATCTTCACATGTGGCC
11316	e16_ji1_ATCTTCAGTCCGCAGT
11317	e16_ji1_ATCTTCAGTCTCTCCA
11318	e16_ji1_ATGAAAGAGCATGATA
11319	e16_ji1_ATGAAAGCAAATACGA
11320	e16_ji1_ATGAAAGCAATCAGCT
11321	e16_ji1_ATGAAAGGTAACAAGT
11322	e16_ji1_ATGAAAGGTAACGCGA
11323	e16_ji1_ATGAAAGGTACCTAGT
11324	e16_ji1_ATGAAAGGTATGCGTT
11325	e16_ji1_ATGAAAGGTTACCGTA
11326	e16_ji1_ATGAAAGGTTCAATCG
11327	e16_ji1_ATGAAAGTCCCAATAG
11328	e16_ji1_ATGAAAGTCGCATTAG
11329	e16_ji1_ATGACCAAGAGCAAGA
11330	e16_ji1_ATGACCACATTGCCGG
11331	e16_ji1_ATGACCAGTCACTTAG
11332	e16_ji1_ATGACCATCCGTTGAA
11333	e16_ji1_ATGACCATCTCCAAGA
11334	e16_ji1_ATGAGGGAGAGATCGC
11335	e16_ji1_ATGAGGGAGATGTTAG
11336	e16_ji1_ATGAGGGAGCCTATTG
11337	e16_ji1_ATGAGGGAGCTTTCCC
11338	e16_ji1_ATGAGGGAGTTAGTGA
11339	e16_ji1_ATGAGGGCACACCAGC
11340	e16_ji1_ATGAGGGCACTTCAAG
11341	e16_ji1_ATGAGGGCATTGCTGA
11342	e16_ji1_ATGAGGGGTCCGTACG
11343	e16_ji1_ATGAGGGTCATTATCC
11344	e16_ji1_ATGAGGGTCCCAGCGA
11345	e16_ji1_ATGAGGGTCTCTGGTC
11346	e16_ji1_ATGAGGGTCTGCACCT
11347	e16_ji1_ATGAGGGTCTTGAACG
11348	e16_ji1_ATGAGTCAGAGCCTGA
11349	e16_ji1_ATGAGTCAGCCTCATA
11350	e16_ji1_ATGAGTCAGTCCCGGT
11351	e16_ji1_ATGAGTCCAATAGTGA
11352	e16_ji1_ATGAGTCCACCAACAT
11353	e16_ji1_ATGAGTCCAGAAACCG
11354	e16_ji1_ATGAGTCCAGACGGAT
11355	e16_ji1_ATGAGTCCAGCATTGT
11356	e16_ji1_ATGAGTCCAGTTACCA
11357	e16_ji1_ATGAGTCCAGTTCTAG
11358	e16_ji1_ATGAGTCCATCTGGGC
11359	e16_ji1_ATGAGTCGTCTCAGGC
11360	e16_ji1_ATGAGTCTCGCGTTTC
11361	e16_ji1_ATGATCGAGATGGTCG
11362	e16_ji1_ATGATCGAGATTTGCC
11363	e16_ji1_ATGATCGAGGTCATTC
11364	e16_ji1_ATGATCGCAAATGGCG
11365	e16_ji1_ATGATCGCAAGCAATA
11366	e16_ji1_ATGATCGCAATATCCG
11367	e16_ji1_ATGATCGCATCTCCCA
11368	e16_ji1_ATGATCGTCAAAGGTA
11369	e16_ji1_ATGATCGTCAAGTCTG
11370	e16_ji1_ATGATCGTCTTAGCAG
11371	e16_ji1_ATGCATGAGCTTCATG
11372	e16_ji1_ATGCATGCACAAGCCC
11373	e16_ji1_ATGCATGCACTACCCT
11374	e16_ji1_ATGCATGCATCGATAC
11375	e16_ji1_ATGCATGGTACCGGCT
11376	e16_ji1_ATGCCTCAGACGCATG
11377	e16_ji1_ATGCCTCCAACTGTGT
11378	e16_ji1_ATGCCTCGTCCTACGG
11379	e16_ji1_ATGCCTCGTTTGTTGG
11380	e16_ji1_ATGCCTCTCCAGCACG
11381	e16_ji1_ATGCGATAGCAATAAC
11382	e16_ji1_ATGCGATGTAAGCAAT
11383	e16_ji1_ATGCGATGTACCTATG
11384	e16_ji1_ATGCGATGTAGGGAGG
11385	e16_ji1_ATGCGATGTCGAATGG
11386	e16_ji1_ATGCGATTCCGTAGGC
11387	e16_ji1_ATGGAGGAGGTCATCT
11388	e16_ji1_ATGGAGGAGTGAGTTA
11389	e16_ji1_ATGGAGGCACGTCGGT
11390	e16_ji1_ATGGAGGCACTCCTGT
11391	e16_ji1_ATGGAGGCATAACCCA
11392	e16_ji1_ATGGAGGGTGAGATCG
11393	e16_ji1_ATGGAGGTCAGGAACG
11394	e16_ji1_ATGGAGGTCATTATCC
11395	e16_ji1_ATGGATCAGGCACTAG
11396	e16_ji1_ATGGATCCACAGAGCA
11397	e16_ji1_ATGGATCCACGTAGAG
11398	e16_ji1_ATGGATCCAGCTGAAG
11399	e16_ji1_ATGGATCCAGGCGTTC
11400	e16_ji1_ATGGATCCATGCGTGC
11401	e16_ji1_ATGGATCCATGGGAAC
11402	e16_ji1_ATGGATCTCACTGGGC
11403	e16_ji1_ATGGGAGAGAAGTCTA
11404	e16_ji1_ATGGGAGAGGGTTAAT
11405	e16_ji1_ATGGGAGCAATAGTCC
11406	e16_ji1_ATGGGAGCAGGCATGA
11407	e16_ji1_ATGGGAGCAGTGAGCA
11408	e16_ji1_ATGGGAGCAGTGTACT
11409	e16_ji1_ATGGGAGCATGATGCT
11410	e16_ji1_ATGGGAGTCCAGCTCT
11411	e16_ji1_ATGGGAGTCGCCGTGA
11412	e16_ji1_ATGGGAGTCTATACGG
11413	e16_ji1_ATGGGAGTCTGATTCT
11414	e16_ji1_ATGGGAGTCTTGATTC
11415	e16_ji1_ATGGGTTAGCGGATCA
11416	e16_ji1_ATGGGTTCAACAAGAT
11417	e16_ji1_ATGGGTTCAGATACCT
11418	e16_ji1_ATGGGTTCATGCTGCG
11419	e16_ji1_ATGGGTTGTGGCTGAA
11420	e16_ji1_ATGGGTTTCTACACTT
11421	e16_ji1_ATGGGTTTCTCCATAT
11422	e16_ji1_ATGGTTGAGGGAGGTG
11423	e16_ji1_ATGGTTGAGTCTGGAG
11424	e16_ji1_ATGGTTGCACCCTTGT
11425	e16_ji1_ATGGTTGCAGACCTGC
11426	e16_ji1_ATGGTTGGTTACACTG
11427	e16_ji1_ATGGTTGGTTCTATCT
11428	e16_ji1_ATGTCCCCAGAAGTGC
11429	e16_ji1_ATGTCCCGTCGACTGC
11430	e16_ji1_ATGTCCCGTCGACTTA
11431	e16_ji1_ATGTCCCGTCGTATTG
11432	e16_ji1_ATGTCCCTCTCAATCT
11433	e16_ji1_ATGTCTTAGCGCTGAA
11434	e16_ji1_ATGTCTTAGTTGAAGT
11435	e16_ji1_ATGTCTTCACGTAACT
11436	e16_ji1_ATGTCTTCAGCAGTGA
11437	e16_ji1_ATTACCTAGCCTCATA
11438	e16_ji1_ATTACCTAGTGCACAG
11439	e16_ji1_ATTACCTGTAACGATA
11440	e16_ji1_ATTACCTGTTAGGCCC
11441	e16_ji1_ATTACTCAGACGATAT
11442	e16_ji1_ATTACTCAGATGCTAA
11443	e16_ji1_ATTACTCAGGTATAGT
11444	e16_ji1_ATTACTCCACGGATCC
11445	e16_ji1_ATTACTCCACTGCTTC
11446	e16_ji1_ATTACTCCAGGCCTGT
11447	e16_ji1_ATTACTCGTACGTGTT
11448	e16_ji1_ATTACTCGTACTGTTG
11449	e16_ji1_ATTACTCGTTGCATAC
11450	e16_ji1_ATTACTCTCTTGCAAG
11451	e16_ji1_ATTATCCCAAAGACTA
11452	e16_ji1_ATTATCCCAACCTAAC
11453	e16_ji1_ATTATCCCAGTCTTCC
11454	e16_ji1_ATTATCCGTCGTGATT
11455	e16_ji1_ATTATCCTCGGAGATG
11456	e16_ji1_ATTATCCTCTACAGGT
11457	e16_ji1_ATTATCCTCTCGTTTA
11458	e16_ji1_ATTATCCTCTTGAGCA
11459	e16_ji1_ATTCACTAGACCCGCT
11460	e16_ji1_ATTCACTAGTCGAAGC
11461	e16_ji1_ATTCACTCACAATCTG
11462	e16_ji1_ATTCACTCATCCTAAG
11463	e16_ji1_ATTCACTCATGACACT
11464	e16_ji1_ATTCACTCATGTGGTT
11465	e16_ji1_ATTCACTGTACGTACT
11466	e16_ji1_ATTCACTGTGAAGCGT
11467	e16_ji1_ATTCACTTCACCTCTG
11468	e16_ji1_ATTCACTTCTCAACCC
11469	e16_ji1_ATTCAGGAGATCGCCC
11470	e16_ji1_ATTCAGGAGCAGAAAG
11471	e16_ji1_ATTCAGGAGGATTTGA
11472	e16_ji1_ATTCAGGAGTCGAATA
11473	e16_ji1_ATTCAGGAGTTTGAGA
11474	e16_ji1_ATTCAGGGTACAGGTG
11475	e16_ji1_ATTCAGGGTGTGTGGA
11476	e16_ji1_ATTCAGGTCACCCATC
11477	e16_ji1_ATTCAGGTCGAGAATA
11478	e16_ji1_ATTCATCAGACGACGT
11479	e16_ji1_ATTCATCAGATTAGCA
11480	e16_ji1_ATTCATCAGCGTCAGA
11481	e16_ji1_ATTCATCAGTCTACCA
11482	e16_ji1_ATTCATCCAGTCGCTG
11483	e16_ji1_ATTCATCGTCACAGTT
11484	e16_ji1_ATTCATCGTTGATGTC
11485	e16_ji1_ATTCATCTCAGCAATC
11486	e16_ji1_ATTCATCTCATCTGTT
11487	e16_ji1_ATTCATCTCATGTCTT
11488	e16_ji1_ATTCATCTCGCGGACT
11489	e16_ji1_ATTCCATAGACAGTCG
11490	e16_ji1_ATTCCATAGCTTCATG
11491	e16_ji1_ATTCCATAGCTTCGTA
11492	e16_ji1_ATTCCATAGTTGAAGT
11493	e16_ji1_ATTCCATCAACAGCTT
11494	e16_ji1_ATTCCATCAATCAGCT
11495	e16_ji1_ATTCCATGTGTAACGG
11496	e16_ji1_ATTCCATTCGCTCTCA
11497	e16_ji1_ATTCCCGAGAGATTCA
11498	e16_ji1_ATTCCCGAGGGACCAT
11499	e16_ji1_ATTCCCGCACCAGGTC
11500	e16_ji1_ATTCCCGCACCTAAAC
11501	e16_ji1_ATTCCCGCAGAGCCCT
11502	e16_ji1_ATTCCCGCAGTCAGTT
11503	e16_ji1_ATTCCCGGTGTTGCCG
11504	e16_ji1_ATTCCTAAGTAAACTG
11505	e16_ji1_ATTCCTACACAACGCC
11506	e16_ji1_ATTCCTACACAAGTTC
11507	e16_ji1_ATTCCTACAGCGTGCT
11508	e16_ji1_ATTCCTACAGGCTCTG
11509	e16_ji1_ATTCCTACATCCAACA
11510	e16_ji1_ATTCCTATCTCATTAC
11511	e16_ji1_ATTCGTTAGAAATTGC
11512	e16_ji1_ATTCGTTAGCATCAAA
11513	e16_ji1_ATTCGTTCACTTGTGA
11514	e16_ji1_ATTCGTTGTCATAAAG
11515	e16_ji1_ATTCGTTTCAAAGAAC
11516	e16_ji1_ATTCTACAGGCCCGTT
11517	e16_ji1_ATTCTACCAAGATGTA
11518	e16_ji1_ATTCTACGTAGGACTG
11519	e16_ji1_ATTCTACGTGACATCT
11520	e16_ji1_ATTCTACGTTCTAACG
11521	e16_ji1_ATTCTACTCCATAGGT
11522	e16_ji1_ATTCTACTCGTTCTAT
11523	e16_ji1_ATTCTACTCTGAGGCC
11524	e16_ji1_ATTCTACTCTGCGTCT
11525	e16_ji1_ATTCTTGAGAGTCGAC
11526	e16_ji1_ATTCTTGAGATTAGAC
11527	e16_ji1_ATTCTTGAGGTAGGCT
11528	e16_ji1_ATTCTTGAGTCACGAG
11529	e16_ji1_ATTCTTGAGTCCCGAC
11530	e16_ji1_ATTCTTGCAAAGTATG
11531	e16_ji1_ATTCTTGGTCGAACAG
11532	e16_ji1_ATTCTTGTCGGCTGTG
11533	e16_ji1_ATTGGGTAGGCACGAT
11534	e16_ji1_ATTGGGTCAAAGCTCT
11535	e16_ji1_ATTGGGTCAAATACAG
11536	e16_ji1_ATTGGGTCAGCTATTG
11537	e16_ji1_ATTGGGTCAGCTGAAG
11538	e16_ji1_ATTGGGTGTACACTCA
11539	e16_ji1_ATTGGGTTCCAAGAGG
11540	e16_ji1_ATTGGGTTCCTCCACA
11541	e16_ji1_ATTGGGTTCGTTCCCA
11542	e16_ji1_ATTGGGTTCTACTGCC
11543	e16_ji1_ATTGGGTTCTCCAATT
11544	e16_ji1_ATTGTTCCACTGCGTG
11545	e16_ji1_ATTGTTCCAGTAGTTC
11546	e16_ji1_ATTGTTCCATCCCACT
11547	e16_ji1_ATTGTTCGTAACTTCG
11548	e16_ji1_ATTGTTCTCACTCGAA
11549	e16_ji1_ATTGTTCTCATGACAC
11550	e16_ji1_ATTGTTCTCGCTGATA
11551	e16_ji1_ATTGTTCTCGTTAGAC
11552	e16_ji1_ATTTACCAGTAAACGT
11553	e16_ji1_ATTTACCAGTACAGAT
11554	e16_ji1_ATTTACCAGTCACACT
11555	e16_ji1_ATTTACCAGTCATGCT
11556	e16_ji1_ATTTACCAGTGGGAAA
11557	e16_ji1_ATTTACCCAAGTATCC
11558	e16_ji1_ATTTACCCAGGGATAC
11559	e16_ji1_ATTTACCGTAGCTCGC
11560	e16_ji1_ATTTACCGTGAGAACC
11561	e16_ji1_ATTTACCGTTCCCACT
11562	e16_ji1_ATTTACCTCCAGTGCG
11563	e16_ji1_ATTTACCTCCCTCTTT
11564	e16_ji1_ATTTACCTCCTCTAAT
11565	e16_ji1_ATTTCACAGTAACCTC
11566	e16_ji1_ATTTCACCAATCAAGA
11567	e16_ji1_ATTTCACCACGTACTA
11568	e16_ji1_ATTTCACCAGCTACAT
11569	e16_ji1_ATTTCACGTTCCGTTC
11570	e16_ji1_ATTTCACGTTCTGACA
11571	e16_ji1_ATTTCACTCAAAGGTA
11572	e16_ji1_ATTTCACTCAGGGATG
11573	e16_ji1_ATTTCACTCCACATAG
11574	e16_ji1_ATTTCACTCCTACGGG
11575	e16_ji1_ATTTCACTCGTCAAAC
11576	e16_ji1_ATTTCACTCTCAACCC
11577	e16_ji1_ATTTCTGAGTTCGCAT
11578	e16_ji1_ATTTCTGCAGACGGAT
11579	e16_ji1_ATTTCTGCAGTTGCGC
11580	e16_ji1_ATTTCTGGTGTCCGGT
11581	e16_ji1_ATTTCTGTCCGATCGG
11582	e16_ji1_ATTTCTGTCTGTCGTC
11583	e16_ji1_CAAAGAACAACTACGT
11584	e16_ji1_CAAAGAACACAGAGAC
11585	e16_ji1_CAAAGAACAGAGGTTG
11586	e16_ji1_CAAAGAAGTACGCGTC
11587	e16_ji1_CAAAGAAGTGGACCAA
11588	e16_ji1_CAAAGAATCGGTCTAA
11589	e16_ji1_CAAAGAATCTTCGATT
11590	e16_ji1_CAACAACAGAGAGTTT
11591	e16_ji1_CAACAACAGGCCACTC
11592	e16_ji1_CAACAACAGGCGATAC
11593	e16_ji1_CAACAACAGGTATTGA
11594	e16_ji1_CAACAACAGTGAGCCA
11595	e16_ji1_CAACAACCAACACAGG
11596	e16_ji1_CAACAACGTACTGACT
11597	e16_ji1_CAACAACGTCTTGCGG
11598	e16_ji1_CAACAACGTGACAGCA
11599	e16_ji1_CAACAACGTGCAATAA
11600	e16_ji1_CAACAACGTTCCACGG
11601	e16_ji1_CAACAACTCCGCTAGG
11602	e16_ji1_CAACAGTAGGGACCAT
11603	e16_ji1_CAACAGTAGTTAGTAG
11604	e16_ji1_CAACAGTCAGAGTGAC
11605	e16_ji1_CAACAGTGTCACTCTC
11606	e16_ji1_CAACAGTGTCCGATCG
11607	e16_ji1_CAACAGTGTCTACAGT
11608	e16_ji1_CAACAGTTCTGACGCG
11609	e16_ji1_CAACCAAAGTGCTACT
11610	e16_ji1_CAACCAACAACCAACT
11611	e16_ji1_CAACCAACACTGATTG
11612	e16_ji1_CAACCAAGTAGTCGGA
11613	e16_ji1_CAACCAAGTGTCATCA
11614	e16_ji1_CAACCAATCATTCTTG
11615	e16_ji1_CAACCAATCCCTCAAC
11616	e16_ji1_CAACCAATCCCTTGTG
11617	e16_ji1_CAACCAATCCGCATAA
11618	e16_ji1_CAACCTCAGAATCCCT
11619	e16_ji1_CAACCTCAGATGCTTC
11620	e16_ji1_CAACCTCCAAGTGCAG
11621	e16_ji1_CAACCTCCAATTGAAG
11622	e16_ji1_CAACCTCCACGACGCT
11623	e16_ji1_CAACCTCCAGACAAAT
11624	e16_ji1_CAACCTCCAGTTGGTT
11625	e16_ji1_CAACCTCCATGTTCGA
11626	e16_ji1_CAACCTCGTCAATGGG
11627	e16_ji1_CAACCTCGTCCTTTGC
11628	e16_ji1_CAACCTCGTGTCCGTG
11629	e16_ji1_CAACCTCTCAAGCCCG
11630	e16_ji1_CAACGATAGGCTCCCA
11631	e16_ji1_CAACGATCAAGAATAC
11632	e16_ji1_CAACGATCACTGTGTA
11633	e16_ji1_CAACGATCAGCTGTCG
11634	e16_ji1_CAACGATCAGTATACC
11635	e16_ji1_CAACGATCATTAGGAA
11636	e16_ji1_CAACGATGTACAGCGA
11637	e16_ji1_CAACGATGTTCTTGCC
11638	e16_ji1_CAACGATTCGGCTTGG
11639	e16_ji1_CAACGATTCTTGGGCG
11640	e16_ji1_CAACGGCCAGGCTACC
11641	e16_ji1_CAACGGCCATATCTGG
11642	e16_ji1_CAACGGCGTTAAACCC
11643	e16_ji1_CAACGGCTCGAACTCA
11644	e16_ji1_CAAGACTAGTTAACGA
11645	e16_ji1_CAAGACTCACCCTGAG
11646	e16_ji1_CAAGACTCAGCAGTTT
11647	e16_ji1_CAAGACTGTAGCTGAG
11648	e16_ji1_CAAGACTGTCAGTCTA
11649	e16_ji1_CAAGACTTCACCCATC
11650	e16_ji1_CAAGACTTCGCATTAG
11651	e16_ji1_CAAGAGGAGAACTGAT
11652	e16_ji1_CAAGAGGAGAGTCAGC
11653	e16_ji1_CAAGAGGAGCCTTGAT
11654	e16_ji1_CAAGAGGAGCGATGGT
11655	e16_ji1_CAAGAGGAGGTGCTTT
11656	e16_ji1_CAAGAGGAGTGACACG
11657	e16_ji1_CAAGAGGCACGCAGTC
11658	e16_ji1_CAAGAGGCAGAATGTA
11659	e16_ji1_CAAGAGGCAGCAGATG
11660	e16_ji1_CAAGAGGCAGTTGCGC
11661	e16_ji1_CAAGAGGTCAAGATAG
11662	e16_ji1_CAAGAGGTCAGGAGAC
11663	e16_ji1_CAAGAGGTCCGTCACT
11664	e16_ji1_CAAGCTAAGAATACAC
11665	e16_ji1_CAAGCTACACTTGGGC
11666	e16_ji1_CAAGCTACAGCGGATA
11667	e16_ji1_CAAGCTAGTCTACAAC
11668	e16_ji1_CAAGCTAGTTCGTACA
11669	e16_ji1_CAAGCTAGTTGTGGCC
11670	e16_ji1_CAAGCTAGTTGTTGCA
11671	e16_ji1_CAAGCTATCACCCATC
11672	e16_ji1_CAAGCTATCGGACCAC
11673	e16_ji1_CAAGCTATCTTCGCTG
11674	e16_ji1_CAAGGGAAGAGTCAAT
11675	e16_ji1_CAAGGGAAGGGACACT
11676	e16_ji1_CAAGGGACACAATGCT
11677	e16_ji1_CAAGGGACACCGTGGT
11678	e16_ji1_CAAGGGACATGGCCCA
11679	e16_ji1_CAAGGGAGTCGCTGCA
11680	e16_ji1_CAATACGAGCATCAGG
11681	e16_ji1_CAATACGAGTCCGCGT
11682	e16_ji1_CAATACGAGTGCACAG
11683	e16_ji1_CAATACGCATAGGTTC
11684	e16_ji1_CAATACGGTCCATAGT
11685	e16_ji1_CAATACGTCACTCACC
11686	e16_ji1_CAATACGTCGGTGTAT
11687	e16_ji1_CAATACGTCTATCGCC
11688	e16_ji1_CAATCGAAGCTTCATG
11689	e16_ji1_CAATCGAAGGCCTAAG
11690	e16_ji1_CAATCGACATGGAACG
11691	e16_ji1_CAATCGAGTCGACTGC
11692	e16_ji1_CAATCGAGTCTAATCG
11693	e16_ji1_CAATCGATCAGGTGTT
11694	e16_ji1_CAATCGATCTAGACCA
11695	e16_ji1_CAATGACAGATACTGA
11696	e16_ji1_CAATGACAGCGTATAA
11697	e16_ji1_CAATGACCACGTAACT
11698	e16_ji1_CAATGACCATGGCACC
11699	e16_ji1_CAATGACGTACTCGTA
11700	e16_ji1_CAATGACGTTAACCTG
11701	e16_ji1_CAATGACTCATTGCTT
11702	e16_ji1_CAATGACTCGTTATCT
11703	e16_ji1_CAATGACTCTGACGCG
11704	e16_ji1_CAATTTCCAAGACGGT
11705	e16_ji1_CAATTTCGTGATCATC
11706	e16_ji1_CAATTTCGTGGTACAG
11707	e16_ji1_CAATTTCTCATGAGGG
11708	e16_ji1_CAATTTCTCGATAACC
11709	e16_ji1_CAATTTCTCTCGCTTG
11710	e16_ji1_CACAACACAAGGCAAC
11711	e16_ji1_CACAACACACTCTGCT
11712	e16_ji1_CACAACAGTGAAGCTG
11713	e16_ji1_CACAACAGTGTGGTCC
11714	e16_ji1_CACAACAGTGTTACTG
11715	e16_ji1_CACAACATCCTGGGAC
11716	e16_ji1_CACAACATCGAACTCA
11717	e16_ji1_CACAACATCTATGTGG
11718	e16_ji1_CACACAAAGGACTATA
11719	e16_ji1_CACACAACACAACATC
11720	e16_ji1_CACACAAGTAGGACTG
11721	e16_ji1_CACACAAGTGGCGTAA
11722	e16_ji1_CACACAAGTGTCCAAT
11723	e16_ji1_CACACAAGTTGCCGAC
11724	e16_ji1_CACACAATCTTCGTAT
11725	e16_ji1_CACAGATAGCTACTGT
11726	e16_ji1_CACAGATAGGAGTACC
11727	e16_ji1_CACAGATCAACACACT
11728	e16_ji1_CACAGATCAAGCGAAC
11729	e16_ji1_CACAGATGTACCTATG
11730	e16_ji1_CACAGATGTATGGGAC
11731	e16_ji1_CACAGATGTCTCTCAC
11732	e16_ji1_CACAGATGTTAATCGC
11733	e16_ji1_CACAGATGTTGCAACT
11734	e16_ji1_CACAGATGTTTCCATT
11735	e16_ji1_CACAGATTCACTCGAA
11736	e16_ji1_CACAGATTCAGTGCGC
11737	e16_ji1_CACAGATTCGCGCCAA
11738	e16_ji1_CACAGATTCGCGTTTC
11739	e16_ji1_CACAGATTCGGACTTA
11740	e16_ji1_CACAGATTCGGCATTA
11741	e16_ji1_CACAGGCAGTACCATC
11742	e16_ji1_CACAGGCAGTCATGGG
11743	e16_ji1_CACAGGCCACGTAGTT
11744	e16_ji1_CACAGGCGTAACGTTC
11745	e16_ji1_CACAGGCTCATTGGTG
11746	e16_ji1_CACAGGCTCTCCGCAT
11747	e16_ji1_CACATGAAGACCCGCT
11748	e16_ji1_CACATGAAGGCTGGAT
11749	e16_ji1_CACATGAAGGGTATAT
11750	e16_ji1_CACATGAAGGTCCCGT
11751	e16_ji1_CACATGAAGTGCAGCA
11752	e16_ji1_CACATGACAAGTTGGG
11753	e16_ji1_CACATGACAGCGCTTG
11754	e16_ji1_CACATGACAGGTTCAT
11755	e16_ji1_CACATGAGTCCACATA
11756	e16_ji1_CACATGATCCACTGAA
11757	e16_ji1_CACCAAAAGAGCCGAT
11758	e16_ji1_CACCAAAAGGTGGCTA
11759	e16_ji1_CACCAAACAGAGTCAG
11760	e16_ji1_CACCAAACAGGTCTCG
11761	e16_ji1_CACCAAAGTACACTCA
11762	e16_ji1_CACCAAAGTCGTCATA
11763	e16_ji1_CACCAAAGTGATACTC
11764	e16_ji1_CACCAAATCAAGTCTG
11765	e16_ji1_CACCAAATCCGATGCG
11766	e16_ji1_CACCAAATCCTTTGAT
11767	e16_ji1_CACCGTTAGGACGCAT
11768	e16_ji1_CACCGTTAGGTATCTC
11769	e16_ji1_CACCGTTAGTATGTAG
11770	e16_ji1_CACCGTTCAGTTGTCA
11771	e16_ji1_CACCGTTCATGGCTAT
11772	e16_ji1_CACCGTTGTCGTCATA
11773	e16_ji1_CACCGTTGTCTAATCG
11774	e16_ji1_CACCGTTGTTCGGTCG
11775	e16_ji1_CACCGTTTCGTGGCGT
11776	e16_ji1_CACGAATCACAACCGC
11777	e16_ji1_CACGAATCAGCACGAA
11778	e16_ji1_CACGAATGTCCGACGT
11779	e16_ji1_CACGAATTCAACGCTA
11780	e16_ji1_CACGAATTCCTGGGTG
11781	e16_ji1_CACGAATTCTTCTAAC
11782	e16_ji1_CACGGGTAGAGTTGTA
11783	e16_ji1_CACGGGTAGGACATCG
11784	e16_ji1_CACGGGTAGGTGCCAA
11785	e16_ji1_CACGGGTAGGTTAGTA
11786	e16_ji1_CACGGGTCAGAAGTTA
11787	e16_ji1_CACGGGTCAGTGTATC
11788	e16_ji1_CACGGGTTCGGCTATA
11789	e16_ji1_CACGGGTTCTCATTTG
11790	e16_ji1_CACGTGGAGAAGGTAG
11791	e16_ji1_CACGTGGAGCCATGCC
11792	e16_ji1_CACGTGGAGTGGTTCT
11793	e16_ji1_CACGTGGAGTTACGGG
11794	e16_ji1_CACGTGGCAACGCATT
11795	e16_ji1_CACGTGGGTAGATGTA
11796	e16_ji1_CACGTGGGTGTTCAGT
11797	e16_ji1_CACGTGGTCTTTGGAG
11798	e16_ji1_CACGTTCAGCATCAAA
11799	e16_ji1_CACGTTCAGCGATTCT
11800	e16_ji1_CACGTTCCACGAGGAT
11801	e16_ji1_CACGTTCCACTTGTCC
11802	e16_ji1_CACGTTCGTAGAATGT
11803	e16_ji1_CACGTTCGTCTCAAGT
11804	e16_ji1_CACGTTCGTGAGGCAT
11805	e16_ji1_CACGTTCGTTCTCAGA
11806	e16_ji1_CACGTTCTCACTCTTA
11807	e16_ji1_CACGTTCTCACTGTCC
11808	e16_ji1_CACGTTCTCCCTCAAC
11809	e16_ji1_CACGTTCTCCTACGAA
11810	e16_ji1_CACGTTCTCGTGAGAG
11811	e16_ji1_CACGTTCTCTACGGTA
11812	e16_ji1_CACGTTCTCTAGACAC
11813	e16_ji1_CACTAAGAGCACGGAT
11814	e16_ji1_CACTAAGCAGCTGTTA
11815	e16_ji1_CACTAAGCAGTAACAA
11816	e16_ji1_CACTAAGGTAATCAAG
11817	e16_ji1_CACTAAGGTAGCCAGA
11818	e16_ji1_CACTAAGGTCGCTTAA
11819	e16_ji1_CACTAAGGTCTAACGT
11820	e16_ji1_CACTAAGGTGCATCTA
11821	e16_ji1_CACTAAGGTTGAGAGC
11822	e16_ji1_CACTAAGTCCGATCTC
11823	e16_ji1_CACTAAGTCCTGTTGC
11824	e16_ji1_CACTAAGTCGACGACC
11825	e16_ji1_CACTAAGTCGCCTCTA
11826	e16_ji1_CACTGAAAGATGGTAT
11827	e16_ji1_CACTGAAAGCGGGTTA
11828	e16_ji1_CACTGAAAGTCTAGCT
11829	e16_ji1_CACTGAACACATTCGA
11830	e16_ji1_CACTGAACAGTCCGTG
11831	e16_ji1_CACTGAACATGACCCG
11832	e16_ji1_CACTGAAGTTCCAAAC
11833	e16_ji1_CACTGAATCATTTACC
11834	e16_ji1_CACTGAATCGTACCTC
11835	e16_ji1_CACTGAATCTGCATGA
11836	e16_ji1_CACTGGGAGCCTCACG
11837	e16_ji1_CACTGGGCACCACTGG
11838	e16_ji1_CACTGGGCATCCGATA
11839	e16_ji1_CACTGGGCATCGGTTA
11840	e16_ji1_CACTGGGGTACGGGAT
11841	e16_ji1_CACTGGGGTACTTCCC
11842	e16_ji1_CACTGGGGTCGAAACG
11843	e16_ji1_CACTGGGGTGACTCTA
11844	e16_ji1_CACTGGGTCCGGTTCT
11845	e16_ji1_CACTGGGTCTCTTAAC
11846	e16_ji1_CACTGTCAGCGACTTT
11847	e16_ji1_CACTGTCCAGGCACAA
11848	e16_ji1_CACTGTCCAGTGCCTG
11849	e16_ji1_CACTGTCGTCATGGCC
11850	e16_ji1_CACTGTCGTCCAATCA
11851	e16_ji1_CACTGTCGTTAAGTCC
11852	e16_ji1_CACTGTCGTTGCCGAC
11853	e16_ji1_CACTGTCTCTTGGCTC
11854	e16_ji1_CACTTCGAGAGATTCA
11855	e16_ji1_CACTTCGAGAGTTGAT
11856	e16_ji1_CACTTCGAGATTGGGC
11857	e16_ji1_CACTTCGCAATAGTGA
11858	e16_ji1_CACTTCGCAGCAGTTT
11859	e16_ji1_CACTTCGGTCACTAGT
11860	e16_ji1_CACTTCGGTCTCGCGA
11861	e16_ji1_CACTTCGTCATTGCGA
11862	e16_ji1_CACTTCGTCGGCGATC
11863	e16_ji1_CAGAGCCCAGAGTCTT
11864	e16_ji1_CAGAGCCCATACCAGT
11865	e16_ji1_CAGAGCCGTATCCTCC
11866	e16_ji1_CAGAGCCGTTCGGGTC
11867	e16_ji1_CAGAGCCGTTGGGTTT
11868	e16_ji1_CAGAGCCGTTTAAGGA
11869	e16_ji1_CAGAGCCTCACTACGA
11870	e16_ji1_CAGAGCCTCATATGGC
11871	e16_ji1_CAGAGCCTCCTATTGT
11872	e16_ji1_CAGAGCCTCGATGCAT
11873	e16_ji1_CAGAGCCTCGTTGCCT
11874	e16_ji1_CAGAGCCTCTGAGAAA
11875	e16_ji1_CAGAGCCTCTTCGGAA
11876	e16_ji1_CAGATACAGAGCTGAC
11877	e16_ji1_CAGATACAGCAATAAC
11878	e16_ji1_CAGATACAGGTCACTT
11879	e16_ji1_CAGATACAGTGCTCGC
11880	e16_ji1_CAGATACCAATCGCAT
11881	e16_ji1_CAGATACCACAATGAA
11882	e16_ji1_CAGATACCACGTACAT
11883	e16_ji1_CAGATACGTACAGTAA
11884	e16_ji1_CAGATACGTTCGGCGT
11885	e16_ji1_CAGATACGTTGTTGTG
11886	e16_ji1_CAGATACTCACCACAA
11887	e16_ji1_CAGATACTCATCGCTC
11888	e16_ji1_CAGATCAAGGCATCTT
11889	e16_ji1_CAGATCAAGGTCATAA
11890	e16_ji1_CAGATCACAATTCACG
11891	e16_ji1_CAGATCACACCCTTGT
11892	e16_ji1_CAGATCACATCGATAC
11893	e16_ji1_CAGATCACATGACACT
11894	e16_ji1_CAGATCAGTATCCCTC
11895	e16_ji1_CAGATCAGTGAGTAAT
11896	e16_ji1_CAGATCAGTGGACTAG
11897	e16_ji1_CAGATCAGTTACCTGA
11898	e16_ji1_CAGATCAGTTGCTCCT
11899	e16_ji1_CAGATCATCAAACCCA
11900	e16_ji1_CAGATCATCCAAGCTA
11901	e16_ji1_CAGATCATCGTCAACA
11902	e16_ji1_CAGATCATCTATCCAT
11903	e16_ji1_CAGATTGAGCCGTCGT
11904	e16_ji1_CAGATTGAGGGAGGGT
11905	e16_ji1_CAGATTGCAATTCTTC
11906	e16_ji1_CAGATTGCAGGCTTGC
11907	e16_ji1_CAGATTGGTCTTCCGT
11908	e16_ji1_CAGATTGGTGCATGAG
11909	e16_ji1_CAGATTGGTTGCTCCT
11910	e16_ji1_CAGATTGTCGCGAAGA
11911	e16_ji1_CAGCAATAGTCTTCGA
11912	e16_ji1_CAGCAATCAAAGGGTC
11913	e16_ji1_CAGCAATCAGGCATTT
11914	e16_ji1_CAGCAATCATACTTTC
11915	e16_ji1_CAGCAATGTAACCCGC
11916	e16_ji1_CAGCAATGTATGAGGC
11917	e16_ji1_CAGCAATGTCGGAAAC
11918	e16_ji1_CAGCAATGTTGGTGTT
11919	e16_ji1_CAGCAATTCAGTGCGC
11920	e16_ji1_CAGCAATTCATTCCTA
11921	e16_ji1_CAGCAATTCCGTATAG
11922	e16_ji1_CAGCAATTCGAACGCC
11923	e16_ji1_CAGCACGCAGCTAACT
11924	e16_ji1_CAGCACGCATAGCTGT
11925	e16_ji1_CAGCACGGTGGCCCAT
11926	e16_ji1_CAGCACGGTTGTGGAG
11927	e16_ji1_CAGCACGTCAGGACGA
11928	e16_ji1_CAGCAGCCACGACAGA
11929	e16_ji1_CAGCAGCTCCGCAACG
11930	e16_ji1_CAGCAGCTCGGCTATA
11931	e16_ji1_CAGCAGCTCTGGGATT
11932	e16_ji1_CAGCCAGAGCTGCCAC
11933	e16_ji1_CAGCCAGAGCTTACGT
11934	e16_ji1_CAGCCAGAGGGTAGCT
11935	e16_ji1_CAGCCAGAGTCCGCCA
11936	e16_ji1_CAGCCAGCACCTATCC
11937	e16_ji1_CAGCCAGGTCAAATCC
11938	e16_ji1_CAGCCAGGTGTAGCAG
11939	e16_ji1_CAGCCAGTCCCATTCG
11940	e16_ji1_CAGCCAGTCGGCAGTC
11941	e16_ji1_CAGCGTGAGCATTTCG
11942	e16_ji1_CAGCGTGAGGTCGTAG
11943	e16_ji1_CAGCGTGCATTGAGGG
11944	e16_ji1_CAGCGTGTCGGACTGC
11945	e16_ji1_CAGGCCACACATGAAA
11946	e16_ji1_CAGGCCACACGTCTCT
11947	e16_ji1_CAGGCCAGTATCATGC
11948	e16_ji1_CAGGCCATCAACTCTT
11949	e16_ji1_CAGGCCATCGTGTTCC
11950	e16_ji1_CAGGGCTAGAACGCGT
11951	e16_ji1_CAGGGCTAGCAAACAT
11952	e16_ji1_CAGGGCTAGTCAACAA
11953	e16_ji1_CAGGGCTGTACCATAC
11954	e16_ji1_CAGGGCTGTTAAGACA
11955	e16_ji1_CAGGTATAGGATTTCC
11956	e16_ji1_CAGGTATCATCTGTTT
11957	e16_ji1_CAGGTATCATTAAAGG
11958	e16_ji1_CAGGTATGTCATCGGC
11959	e16_ji1_CAGGTATGTTAGTCGT
11960	e16_ji1_CAGGTATGTTCTCCAC
11961	e16_ji1_CAGGTATGTTGTGTAC
11962	e16_ji1_CAGTGCGAGACATCAA
11963	e16_ji1_CAGTGCGAGCTGTTCA
11964	e16_ji1_CAGTGCGCAACCGATT
11965	e16_ji1_CAGTGCGCACTCAGAT
11966	e16_ji1_CAGTGCGCAGAACGCA
11967	e16_ji1_CAGTGCGCAGCAGTGA
11968	e16_ji1_CAGTGCGCAGTGGCTC
11969	e16_ji1_CAGTGCGCATCCTTCG
11970	e16_ji1_CAGTGCGGTTAAGGGC
11971	e16_ji1_CAGTTAGAGAACCCGA
11972	e16_ji1_CAGTTAGCAATTCTCT
11973	e16_ji1_CAGTTAGCAGATCATC
11974	e16_ji1_CAGTTAGGTTAAGAAC
11975	e16_ji1_CAGTTAGGTTGATGTC
11976	e16_ji1_CAGTTAGTCAGGTGTT
11977	e16_ji1_CAGTTAGTCATACGAC
11978	e16_ji1_CAGTTAGTCCCGAAAT
11979	e16_ji1_CAGTTAGTCCTTATGT
11980	e16_ji1_CAGTTAGTCGTTCGCT
11981	e16_ji1_CAGTTCCAGAGTTCGG
11982	e16_ji1_CAGTTCCAGCAAATCA
11983	e16_ji1_CAGTTCCAGCACCTGC
11984	e16_ji1_CAGTTCCGTAATTGGA
11985	e16_ji1_CAGTTCCGTAGATGTA
11986	e16_ji1_CAGTTCCTCTATCGTT
11987	e16_ji1_CATAAGCAGCCTGTCG
11988	e16_ji1_CATAAGCAGCTTCGTA
11989	e16_ji1_CATAAGCAGGTCATAA
11990	e16_ji1_CATAAGCCAAGAGTTA
11991	e16_ji1_CATAAGCGTAGTGATA
11992	e16_ji1_CATAAGCGTGGCCCAT
11993	e16_ji1_CATAAGCGTTTCAGAC
11994	e16_ji1_CATAAGCTCAGGTAAA
11995	e16_ji1_CATAAGCTCTAGCCAA
11996	e16_ji1_CATACAGAGACTAAGT
11997	e16_ji1_CATACAGAGAGTGTGC
11998	e16_ji1_CATACAGAGATGGGCT
11999	e16_ji1_CATACAGCAACACACT
12000	e16_ji1_CATACAGCAACACGAG
12001	e16_ji1_CATACAGCAGCAATTC
12002	e16_ji1_CATACAGCATTGACTG
12003	e16_ji1_CATACAGGTCACTCAA
12004	e16_ji1_CATACAGGTGATCATC
12005	e16_ji1_CATACAGGTGGTTCTA
12006	e16_ji1_CATACAGTCAGGACGA
12007	e16_ji1_CATACAGTCGGACGTC
12008	e16_ji1_CATACAGTCTGCATGA
12009	e16_ji1_CATACCCAGAAGCCAC
12010	e16_ji1_CATACCCAGCGGGTAT
12011	e16_ji1_CATACCCAGTGCTCGC
12012	e16_ji1_CATACCCCAAGGCGTA
12013	e16_ji1_CATACCCCAGGACTAG
12014	e16_ji1_CATACCCCATCCTCAC
12015	e16_ji1_CATACCCCATGACGAG
12016	e16_ji1_CATACCCGTAGAATAC
12017	e16_ji1_CATACCCTCGGCCAAC
12018	e16_ji1_CATACCCTCTAAGGAA
12019	e16_ji1_CATACCCTCTTCTAAC
12020	e16_ji1_CATACTTAGAATCGCG
12021	e16_ji1_CATACTTAGCTAGCCC
12022	e16_ji1_CATACTTAGCTGAAGC
12023	e16_ji1_CATACTTCAACACACT
12024	e16_ji1_CATACTTCAGCTACTA
12025	e16_ji1_CATACTTGTACCTAGT
12026	e16_ji1_CATACTTGTATGAAGT
12027	e16_ji1_CATACTTGTCGTACTA
12028	e16_ji1_CATACTTGTCGTGCCA
12029	e16_ji1_CATAGACAGAGGTCAC
12030	e16_ji1_CATAGACAGCTGTCCG
12031	e16_ji1_CATAGACAGGAGCAAA
12032	e16_ji1_CATAGACAGTAACCGG
12033	e16_ji1_CATAGACCAACGACTT
12034	e16_ji1_CATAGACCATGCCGGT
12035	e16_ji1_CATAGACGTGGCTGCT
12036	e16_ji1_CATAGACTCAGCCTTC
12037	e16_ji1_CATCAAGAGCCGCACT
12038	e16_ji1_CATCAAGAGCGAGGAG
12039	e16_ji1_CATCAAGAGGCACTCC
12040	e16_ji1_CATCAAGCACGTTGGC
12041	e16_ji1_CATCAAGGTAGGACTG
12042	e16_ji1_CATCAAGTCCTATTTG
12043	e16_ji1_CATCAAGTCTACGGTA
12044	e16_ji1_CATCAAGTCTGTCTCG
12045	e16_ji1_CATCCACAGCATGCGA
12046	e16_ji1_CATCCACAGGCTAAAT
12047	e16_ji1_CATCCACGTGACTCGC
12048	e16_ji1_CATCCACGTGAGTTTC
12049	e16_ji1_CATCCACGTTGCCGAC
12050	e16_ji1_CATCCACGTTGGGTAG
12051	e16_ji1_CATCCACTCCACGTCT
12052	e16_ji1_CATCCACTCTAAGGAA
12053	e16_ji1_CATCCCAAGGTTACCT
12054	e16_ji1_CATCCCACACCTATCC
12055	e16_ji1_CATCCCACAGGAACCA
12056	e16_ji1_CATCCCAGTCATCCCT
12057	e16_ji1_CATCCCATCATACAGC
12058	e16_ji1_CATCCCATCGTTACCC
12059	e16_ji1_CATCCCATCTTCCCGA
12060	e16_ji1_CATCCGTAGCGTATGG
12061	e16_ji1_CATCCGTCAAACCACT
12062	e16_ji1_CATCCGTCAAAGGCGT
12063	e16_ji1_CATCCGTCAATGTCTG
12064	e16_ji1_CATCCGTGTGTACAGG
12065	e16_ji1_CATCCGTGTTGACTAC
12066	e16_ji1_CATCCGTGTTTCCAAG
12067	e16_ji1_CATCCGTTCAGAATAG
12068	e16_ji1_CATCCGTTCATGCCCT
12069	e16_ji1_CATCCGTTCCCATGGG
12070	e16_ji1_CATCCGTTCCTCTCTT
12071	e16_ji1_CATCGCTAGTGCCGAA
12072	e16_ji1_CATCGCTCAAGACTGG
12073	e16_ji1_CATCGCTCAATTGGTC
12074	e16_ji1_CATCGCTCACTTGAGT
12075	e16_ji1_CATCGCTCAGACAAGC
12076	e16_ji1_CATCGCTGTAACATGA
12077	e16_ji1_CATCGCTGTCGTATTG
12078	e16_ji1_CATCGCTTCTTCGCTG
12079	e16_ji1_CATCGGGAGTCTGTAC
12080	e16_ji1_CATCGGGCAAAGCACG
12081	e16_ji1_CATCGGGCAAGCGGAT
12082	e16_ji1_CATCGGGCACGCAGTC
12083	e16_ji1_CATCGGGGTAGTGTGG
12084	e16_ji1_CATCGGGGTGAATTGA
12085	e16_ji1_CATCGGGTCATGCAGT
12086	e16_ji1_CATCGTCAGATGTTAG
12087	e16_ji1_CATCGTCAGGGAGGCA
12088	e16_ji1_CATCGTCAGGGCAGGA
12089	e16_ji1_CATCGTCAGTTAGTGA
12090	e16_ji1_CATCGTCCACTGTGTA
12091	e16_ji1_CATCGTCCATCCCACT
12092	e16_ji1_CATCGTCTCGTCAACA
12093	e16_ji1_CATCGTCTCTCTCTTC
12094	e16_ji1_CATCGTCTCTTTGGAG
12095	e16_ji1_CATGAGTAGCAGCAGT
12096	e16_ji1_CATGAGTAGCGGTAGT
12097	e16_ji1_CATGAGTAGGTTACAA
12098	e16_ji1_CATGAGTCACAGCCTG
12099	e16_ji1_CATGAGTCAGAAACCG
12100	e16_ji1_CATGAGTCAGCGAGTA
12101	e16_ji1_CATGAGTCAGCTGAGA
12102	e16_ji1_CATGAGTCATCGAGCC
12103	e16_ji1_CATGAGTGTGGCATCC
12104	e16_ji1_CATGAGTTCAGCCCAG
12105	e16_ji1_CATGAGTTCGAGTCTA
12106	e16_ji1_CATGAGTTCGTCGACG
12107	e16_ji1_CATGAGTTCTAACGGT
12108	e16_ji1_CATGCAAAGATAGTGT
12109	e16_ji1_CATGCAAAGGGAGGAC
12110	e16_ji1_CATGCAACAGTCTACA
12111	e16_ji1_CATGCAAGTCGTTGCG
12112	e16_ji1_CATGCAAGTGCGACAA
12113	e16_ji1_CATGCAAGTTGTCCCT
12114	e16_ji1_CATGCAATCTAGCCAA
12115	e16_ji1_CATGCAATCTCTCGCA
12116	e16_ji1_CATGCCTAGATTGATG
12117	e16_ji1_CATGCCTCAGCTATAC
12118	e16_ji1_CATGCCTCAGCTATTG
12119	e16_ji1_CATGCCTGTTGGCTAT
12120	e16_ji1_CATGCCTTCTAACGCA
12121	e16_ji1_CATGCCTTCTAGAACC
12122	e16_ji1_CATGCCTTCTAGAGCT
12123	e16_ji1_CATGCGGAGTGACCTT
12124	e16_ji1_CATGCGGGTAGTACGG
12125	e16_ji1_CATGCGGGTGCCAAGA
12126	e16_ji1_CATGCGGGTGCTCTCT
12127	e16_ji1_CATGCGGGTTATAGAG
12128	e16_ji1_CATGCGGTCCCATACC
12129	e16_ji1_CATGCTCAGCCTCCAG
12130	e16_ji1_CATGCTCAGTAACGAT
12131	e16_ji1_CATGCTCGTATCAGCT
12132	e16_ji1_CATGCTCGTGCTTATG
12133	e16_ji1_CATGCTCTCCAGTTCC
12134	e16_ji1_CATGCTCTCTCATTAC
12135	e16_ji1_CATGGATAGCCGTTGC
12136	e16_ji1_CATGGATAGTTACTCG
12137	e16_ji1_CATGGATCAGACAATA
12138	e16_ji1_CATGGATCATAGCACT
12139	e16_ji1_CATGGATCATTCTCTA
12140	e16_ji1_CATGGATGTCGGTGAA
12141	e16_ji1_CATGGATGTCTCGGGT
12142	e16_ji1_CATGGATGTGACACGA
12143	e16_ji1_CATGGATGTTCATCTT
12144	e16_ji1_CATGGATGTTGCATGT
12145	e16_ji1_CATGGATTCATGAGGG
12146	e16_ji1_CATGGATTCGATTGAC
12147	e16_ji1_CATGGATTCTTCGTAT
12148	e16_ji1_CATGGTAAGAATTCAG
12149	e16_ji1_CATGGTAAGGACTGGT
12150	e16_ji1_CATGGTAAGTGATTCC
12151	e16_ji1_CATGGTACAGAGATTA
12152	e16_ji1_CATGGTACAGGTAGTG
12153	e16_ji1_CATGGTACATAAGCGG
12154	e16_ji1_CATGGTACATAGTCGT
12155	e16_ji1_CATGGTATCCGAACGC
12156	e16_ji1_CATTCATAGAGGATCC
12157	e16_ji1_CATTCATAGCATTTGC
12158	e16_ji1_CATTCATAGCGGACAT
12159	e16_ji1_CATTCATAGCGTGTCC
12160	e16_ji1_CATTCATCAAGAGTTA
12161	e16_ji1_CATTCATCACTCCGGA
12162	e16_ji1_CATTCATGTCATCCGG
12163	e16_ji1_CATTCATGTCCACGCA
12164	e16_ji1_CATTCATGTCTTGCTC
12165	e16_ji1_CATTCATGTTCCCACT
12166	e16_ji1_CATTCATTCGTGGGAA
12167	e16_ji1_CATTCATTCTCAACCC
12168	e16_ji1_CATTCCGAGCACCAGA
12169	e16_ji1_CATTCCGAGGAACTAT
12170	e16_ji1_CATTCCGAGTAGCCAG
12171	e16_ji1_CATTCCGCAGGTGTTT
12172	e16_ji1_CATTCCGGTTTCAGAC
12173	e16_ji1_CATTCCGTCAAGTCGT
12174	e16_ji1_CATTCCGTCGTTCTGC
12175	e16_ji1_CATTCTAAGCAAACAT
12176	e16_ji1_CATTCTAAGGGCTAAC
12177	e16_ji1_CATTCTAAGTCTCTGA
12178	e16_ji1_CATTCTAAGTTACGTC
12179	e16_ji1_CATTCTACAACCGATT
12180	e16_ji1_CATTCTAGTAAGATTG
12181	e16_ji1_CATTCTAGTAAGGCTG
12182	e16_ji1_CATTCTAGTCCTCCTA
12183	e16_ji1_CATTCTAGTCTGTGTA
12184	e16_ji1_CATTCTAGTCTTCAAG
12185	e16_ji1_CATTCTATCCGTTGAA
12186	e16_ji1_CATTGAGAGAAGTCAT
12187	e16_ji1_CATTGAGAGTACGAGC
12188	e16_ji1_CATTGAGCACTGTGAT
12189	e16_ji1_CATTGAGCATGCAGGA
12190	e16_ji1_CATTGAGTCACGAGGA
12191	e16_ji1_CATTGAGTCCTACTGC
12192	e16_ji1_CATTGCCAGAGGATCC
12193	e16_ji1_CATTGCCAGCGTGCCT
12194	e16_ji1_CATTGCCCACATTCGA
12195	e16_ji1_CATTGCCCACCGAATT
12196	e16_ji1_CATTGCCGTAACAGGC
12197	e16_ji1_CATTGCCGTAGCTTAC
12198	e16_ji1_CATTGCCGTAGGCAGT
12199	e16_ji1_CATTGCCTCACCGGTG
12200	e16_ji1_CATTGCCTCGGAAACG
12201	e16_ji1_CATTGCCTCGGCATCG
12202	e16_ji1_CATTGCCTCTGTGCTC
12203	e16_ji1_CATTGTTAGGACCCAA
12204	e16_ji1_CATTGTTAGTTAACAG
12205	e16_ji1_CATTGTTCACCATAAC
12206	e16_ji1_CATTGTTCACGGGCTT
12207	e16_ji1_CATTGTTCATGACTTG
12208	e16_ji1_CATTGTTCATGTTACG
12209	e16_ji1_CATTGTTGTATCGCTA
12210	e16_ji1_CATTGTTGTCAAGCGA
12211	e16_ji1_CATTGTTGTCTTGAAC
12212	e16_ji1_CATTGTTGTTGGCTAT
12213	e16_ji1_CATTGTTGTTGTCATG
12214	e16_ji1_CATTGTTTCAGGTAAA
12215	e16_ji1_CATTGTTTCTCATAGG
12216	e16_ji1_CATTGTTTCTGGACTA
12217	e16_ji1_CATTTCACAAATCAAG
12218	e16_ji1_CATTTCACACTTCATT
12219	e16_ji1_CATTTCACAGGAAGTC
12220	e16_ji1_CATTTCAGTACAAGCG
12221	e16_ji1_CATTTCAGTTAGTCGT
12222	e16_ji1_CATTTCATCATTTGCT
12223	e16_ji1_CATTTCATCCCAACTC
12224	e16_ji1_CATTTCATCGATCCAA
12225	e16_ji1_CATTTCATCTCTTAAC
12226	e16_ji1_CCAAGCGAGCACTAGG
12227	e16_ji1_CCAAGCGAGCGGTATG
12228	e16_ji1_CCAAGCGCACGGCTAC
12229	e16_ji1_CCAAGCGCATCAGCGC
12230	e16_ji1_CCAAGCGGTGACATCT
12231	e16_ji1_CCAAGCGGTTCGGCTG
12232	e16_ji1_CCAAGCGTCGGCTGTG
12233	e16_ji1_CCAAGCGTCTCTCGCA
12234	e16_ji1_CCAATGAAGCAGCCCT
12235	e16_ji1_CCAATGAAGGCCTGAA
12236	e16_ji1_CCAATGAAGGTTAAAC
12237	e16_ji1_CCAATGACAAAGGCAC
12238	e16_ji1_CCAATGACATCCTGTC
12239	e16_ji1_CCAATGAGTAGCTTTG
12240	e16_ji1_CCAATGAGTAGGGTAC
12241	e16_ji1_CCAATGAGTGACAACG
12242	e16_ji1_CCAATGATCGCATGAT
12243	e16_ji1_CCAATGATCTACACTT
12244	e16_ji1_CCAATGATCTTCGTGC
12245	e16_ji1_CCAATTTAGCGTCGAA
12246	e16_ji1_CCAATTTAGGCAGCTA
12247	e16_ji1_CCAATTTCAAGTGCTT
12248	e16_ji1_CCAATTTCAGGCGAAT
12249	e16_ji1_CCAATTTGTATCGAAA
12250	e16_ji1_CCAATTTGTCAAGGCA
12251	e16_ji1_CCAATTTGTCATATGC
12252	e16_ji1_CCAATTTGTCATCGGC
12253	e16_ji1_CCAATTTGTCTATGAC
12254	e16_ji1_CCAATTTTCCACGGGT
12255	e16_ji1_CCAATTTTCTACTCAT
12256	e16_ji1_CCAATTTTCTCACGAA
12257	e16_ji1_CCACAAAAGATGACAT
12258	e16_ji1_CCACAAAAGTCCCAGC
12259	e16_ji1_CCACAAAAGTTGCGCC
12260	e16_ji1_CCACAAACAATGTGGG
12261	e16_ji1_CCACAAAGTGATATAG
12262	e16_ji1_CCACAAAGTGGCTGCT
12263	e16_ji1_CCACAAAGTTTGTTGG
12264	e16_ji1_CCACAAATCCATCACC
12265	e16_ji1_CCACAAATCGAACGGA
12266	e16_ji1_CCACAAATCTGGAAGG
12267	e16_ji1_CCACAAATCTTCCGTG
12268	e16_ji1_CCACACTAGCCGTCGT
12269	e16_ji1_CCACACTAGGCATTTC
12270	e16_ji1_CCACACTCAAATGCTC
12271	e16_ji1_CCACACTCACCGGTCA
12272	e16_ji1_CCACACTGTAGAGGAA
12273	e16_ji1_CCACACTGTAGTGATA
12274	e16_ji1_CCACACTGTCTTAGTG
12275	e16_ji1_CCACACTGTGATTCAC
12276	e16_ji1_CCACACTTCCAGGACC
12277	e16_ji1_CCACACTTCCCTATTA
12278	e16_ji1_CCACACTTCGGACTGC
12279	e16_ji1_CCACCATAGAGGCTGT
12280	e16_ji1_CCACCATAGGAGGTTC
12281	e16_ji1_CCACCATCAACTTCTT
12282	e16_ji1_CCACCATGTACCAGAG
12283	e16_ji1_CCACCATGTAGTGCGA
12284	e16_ji1_CCACCATGTATCATGC
12285	e16_ji1_CCACCATGTCTACAGT
12286	e16_ji1_CCACCATGTGCCTTTC
12287	e16_ji1_CCACCATTCGAAGCCC
12288	e16_ji1_CCACCATTCGACACTA
12289	e16_ji1_CCACCATTCTCAAAGC
12290	e16_ji1_CCACGAGAGCGCGTTC
12291	e16_ji1_CCACGAGAGTCAATCC
12292	e16_ji1_CCACGAGAGTGTACAA
12293	e16_ji1_CCACGAGCAACACTAC
12294	e16_ji1_CCACGAGCACGCTGCA
12295	e16_ji1_CCACGAGGTACGCGTC
12296	e16_ji1_CCACGAGGTCCAACGC
12297	e16_ji1_CCACGAGGTCGAATGG
12298	e16_ji1_CCACGAGGTGTAAACA
12299	e16_ji1_CCACGAGGTGTTAAAG
12300	e16_ji1_CCACGAGGTTGTATGC
12301	e16_ji1_CCACGAGTCGACATAC
12302	e16_ji1_CCACGAGTCGGTAGGA
12303	e16_ji1_CCACGTTAGAGCCTGA
12304	e16_ji1_CCACGTTCAGGTTCCG
12305	e16_ji1_CCACGTTGTAGGGAGG
12306	e16_ji1_CCACGTTGTCTTGTCC
12307	e16_ji1_CCACGTTTCCTAGAGT
12308	e16_ji1_CCACTTGCAACTGTGT
12309	e16_ji1_CCACTTGCATATCGGT
12310	e16_ji1_CCACTTGCATCGTGCG
12311	e16_ji1_CCACTTGGTAGCTTGT
12312	e16_ji1_CCACTTGTCTAGCCAA
12313	e16_ji1_CCACTTGTCTCTCTAA
12314	e16_ji1_CCACTTGTCTGCTTAT
12315	e16_ji1_CCATAAGAGTTTCGGT
12316	e16_ji1_CCATAAGGTAGTCGTT
12317	e16_ji1_CCATAAGTCCCATAAG
12318	e16_ji1_CCATCACCAAGCACAG
12319	e16_ji1_CCATCACGTCATCCCT
12320	e16_ji1_CCATCACGTGCTATTG
12321	e16_ji1_CCATCACTCCGTGCGA
12322	e16_ji1_CCATCACTCTTCCGTG
12323	e16_ji1_CCCAACTAGCCGTAAG
12324	e16_ji1_CCCAACTCAGACACAG
12325	e16_ji1_CCCAACTCATCTGTTT
12326	e16_ji1_CCCAACTGTCGAAGCA
12327	e16_ji1_CCCATTGAGCGATGGT
12328	e16_ji1_CCCATTGAGCTTTGTG
12329	e16_ji1_CCCATTGAGGTCCCTG
12330	e16_ji1_CCCATTGCAAAGCGTG
12331	e16_ji1_CCCATTGGTCCACGCA
12332	e16_ji1_CCCATTGGTCGCACGT
12333	e16_ji1_CCCATTGGTCTTGCGG
12334	e16_ji1_CCCATTGGTGCACATT
12335	e16_ji1_CCCATTGGTGGAACCA
12336	e16_ji1_CCCATTGGTGGTCTGC
12337	e16_ji1_CCCATTGGTGTACAGG
12338	e16_ji1_CCCATTGTCAATCCGA
12339	e16_ji1_CCCATTGTCGCTGTTC
12340	e16_ji1_CCCGAAGAGGACAGTC
12341	e16_ji1_CCCGAAGAGGCACTCC
12342	e16_ji1_CCCGAAGAGTCAACAA
12343	e16_ji1_CCCGAAGCACAGTCAT
12344	e16_ji1_CCCGAAGCATATTCGG
12345	e16_ji1_CCCGAAGGTAGAGATT
12346	e16_ji1_CCCGAAGGTCTGATAC
12347	e16_ji1_CCCGAAGGTGGACTAG
12348	e16_ji1_CCCGAAGGTTCCACGG
12349	e16_ji1_CCCGAAGGTTCGATTG
12350	e16_ji1_CCCGAAGTCACCATGA
12351	e16_ji1_CCCGAAGTCAGCATTG
12352	e16_ji1_CCCGAAGTCATGCCAA
12353	e16_ji1_CCCGAAGTCTGCTAGA
12354	e16_ji1_CCCGGAAAGAGAGCCT
12355	e16_ji1_CCCGGAAAGATGAAGG
12356	e16_ji1_CCCGGAAAGCTCTATG
12357	e16_ji1_CCCGGAAAGGGATCAC
12358	e16_ji1_CCCGGAAGTATTCTCT
12359	e16_ji1_CCCGGAAGTGCGAGTA
12360	e16_ji1_CCCGGAAGTTCTCGCT
12361	e16_ji1_CCCGGAATCATCTACT
12362	e16_ji1_CCCGGAATCCTAGCGG
12363	e16_ji1_CCCTAACAGATGCCGA
12364	e16_ji1_CCCTAACAGCGACTGA
12365	e16_ji1_CCCTAACCACATTACG
12366	e16_ji1_CCCTAACCAGGAATAT
12367	e16_ji1_CCCTAACCATCTCGTC
12368	e16_ji1_CCCTAACGTATAGCTC
12369	e16_ji1_CCCTAACGTCTGTCCT
12370	e16_ji1_CCCTAACTCCGTGTAA
12371	e16_ji1_CCCTAACTCGTTCCCA
12372	e16_ji1_CCCTAACTCTAACGGT
12373	e16_ji1_CCCTAACTCTGGAAGG
12374	e16_ji1_CCCTCAAAGGCCTAAG
12375	e16_ji1_CCCTCAAAGTTAACGA
12376	e16_ji1_CCCTCAAGTCGATTAC
12377	e16_ji1_CCCTCAATCAAGGTGG
12378	e16_ji1_CCCTCAATCTCTATGT
12379	e16_ji1_CCCTCTCAGCTCGGCT
12380	e16_ji1_CCCTCTCAGTGCTACT
12381	e16_ji1_CCCTCTCCAAGTATCC
12382	e16_ji1_CCCTCTCCACGCAAAG
12383	e16_ji1_CCCTCTCCACTAGTAC
12384	e16_ji1_CCCTCTCCATCAGCAT
12385	e16_ji1_CCCTCTCGTACGGCAA
12386	e16_ji1_CCCTCTCGTGTCCTAA
12387	e16_ji1_CCCTCTCTCACAGAGG
12388	e16_ji1_CCCTCTCTCCTTATCA
12389	e16_ji1_CCCTCTCTCGACGCGT
12390	e16_ji1_CCCTCTCTCGTTCCTG
12391	e16_ji1_CCCTGATAGATTGCGG
12392	e16_ji1_CCCTGATAGTGGTTCT
12393	e16_ji1_CCCTGATCACTTCATT
12394	e16_ji1_CCCTGATCAGCGCTTG
12395	e16_ji1_CCCTGATGTAGGCAAC
12396	e16_ji1_CCCTGATGTCCAGCAC
12397	e16_ji1_CCCTGATTCACTTCTA
12398	e16_ji1_CCCTGATTCTTCGGAA
12399	e16_ji1_CCCTTAGAGAGCTGAC
12400	e16_ji1_CCCTTAGCATGAGATA
12401	e16_ji1_CCCTTAGGTTTCGATG
12402	e16_ji1_CCCTTAGGTTTCTATC
12403	e16_ji1_CCCTTAGTCCACAGGC
12404	e16_ji1_CCGAACGAGAACAGGA
12405	e16_ji1_CCGAACGAGATTGAGT
12406	e16_ji1_CCGAACGAGCGTTAGG
12407	e16_ji1_CCGAACGAGGTGAGCT
12408	e16_ji1_CCGAACGCACGGCTAC
12409	e16_ji1_CCGAACGCATTGAGGG
12410	e16_ji1_CCGAACGGTGGACAGT
12411	e16_ji1_CCGAACGGTGTACGCC
12412	e16_ji1_CCGAACGGTTGCTAGT
12413	e16_ji1_CCGAACGGTTGGAGAC
12414	e16_ji1_CCGAACGTCCTAAGTG
12415	e16_ji1_CCGATCTAGCACTGGA
12416	e16_ji1_CCGATCTCAACAGATA
12417	e16_ji1_CCGATCTCAACTTCTT
12418	e16_ji1_CCGATCTCAGGGTCTC
12419	e16_ji1_CCGATCTGTAGCACGA
12420	e16_ji1_CCGATCTGTGAGTAGC
12421	e16_ji1_CCGATCTTCACTGTCC
12422	e16_ji1_CCGATGGAGAGATGCC
12423	e16_ji1_CCGATGGAGGTATTGA
12424	e16_ji1_CCGATGGAGTCTAGAA
12425	e16_ji1_CCGATGGCATACTTTC
12426	e16_ji1_CCGATGGCATCTCAAG
12427	e16_ji1_CCGATGGGTCGGTGAA
12428	e16_ji1_CCGATGGGTCTTGGTA
12429	e16_ji1_CCGATGGGTGGGCTCT
12430	e16_ji1_CCGATGGGTGGTTTAC
12431	e16_ji1_CCGATGGGTTAAGTCC
12432	e16_ji1_CCGATGGGTTGACGGA
12433	e16_ji1_CCGATGGTCTATCGCC
12434	e16_ji1_CCGCAAGAGCCATTTG
12435	e16_ji1_CCGCAAGCAACTCCCT
12436	e16_ji1_CCGCAAGCACCCTGAG
12437	e16_ji1_CCGCAAGCAGTTTGGT
12438	e16_ji1_CCGCAAGCATACGCAT
12439	e16_ji1_CCGCAAGGTATTAAGG
12440	e16_ji1_CCGCAAGTCAGCCTCT
12441	e16_ji1_CCGCAAGTCCCGTGAG
12442	e16_ji1_CCGCAAGTCCGTGTCT
12443	e16_ji1_CCGGACAAGTACCGGA
12444	e16_ji1_CCGGACAAGTCCTGTA
12445	e16_ji1_CCGGACACAAACGGCA
12446	e16_ji1_CCGGACACAAGCCCAC
12447	e16_ji1_CCGGACAGTCGACGCT
12448	e16_ji1_CCGGACAGTCGCAGTC
12449	e16_ji1_CCGGACATCCCTCTTT
12450	e16_ji1_CCGGACATCGACTCCT
12451	e16_ji1_CCGGGTAAGAAGGGAT
12452	e16_ji1_CCGGGTAAGTACCGGA
12453	e16_ji1_CCGGGTAAGTCCTACA
12454	e16_ji1_CCGGGTAAGTGATGGC
12455	e16_ji1_CCGGGTACAAACTGCT
12456	e16_ji1_CCGGGTACAAAGGGCT
12457	e16_ji1_CCGGGTACAACCGTAT
12458	e16_ji1_CCGGGTACATGAGTAA
12459	e16_ji1_CCGGGTAGTATGCGTT
12460	e16_ji1_CCGGGTAGTCTGATCA
12461	e16_ji1_CCGGGTAGTGCTGCAC
12462	e16_ji1_CCGGGTAGTGGCTACC
12463	e16_ji1_CCGGGTATCGCACTCT
12464	e16_ji1_CCGGTAGAGATTACCC
12465	e16_ji1_CCGGTAGAGGCGAACT
12466	e16_ji1_CCGGTAGGTCCAGTTA
12467	e16_ji1_CCGGTAGGTTTGCAGT
12468	e16_ji1_CCGGTAGTCACTGAAC
12469	e16_ji1_CCGGTAGTCATAGAGA
12470	e16_ji1_CCGGTGAAGTAATCCC
12471	e16_ji1_CCGGTGAAGTACAGAT
12472	e16_ji1_CCGGTGACAAAGCGTG
12473	e16_ji1_CCGGTGACACCCTATC
12474	e16_ji1_CCGGTGACAGCTCCTT
12475	e16_ji1_CCGGTGACATCCCGTT
12476	e16_ji1_CCGGTGAGTGGTCTTA
12477	e16_ji1_CCGGTGAGTTGCGAAG
12478	e16_ji1_CCGGTGATCCCTATTA
12479	e16_ji1_CCGTAGGAGAGCATCG
12480	e16_ji1_CCGTAGGAGCCGTAAG
12481	e16_ji1_CCGTAGGAGCGGACAT
12482	e16_ji1_CCGTAGGAGTTACGAA
12483	e16_ji1_CCGTAGGGTCCGCAGT
12484	e16_ji1_CCGTAGGGTTGGTGTT
12485	e16_ji1_CCGTAGGTCGTCGACG
12486	e16_ji1_CCGTAGGTCGTTCTCG
12487	e16_ji1_CCGTGAGCACGACGTC
12488	e16_ji1_CCGTGAGCAGCGGTTC
12489	e16_ji1_CCGTGAGGTCAAAGAT
12490	e16_ji1_CCGTGAGGTCCGATCG
12491	e16_ji1_CCGTGAGGTGACCGTC
12492	e16_ji1_CCGTGAGTCATTCATC
12493	e16_ji1_CCGTGAGTCCCAATAG
12494	e16_ji1_CCGTGAGTCTTCGGAA
12495	e16_ji1_CCGTTCAAGGCATGCA
12496	e16_ji1_CCGTTCAAGGTATTGA
12497	e16_ji1_CCGTTCAAGGTGCCTC
12498	e16_ji1_CCGTTCACATGAATAG
12499	e16_ji1_CCGTTCAGTACCGGAA
12500	e16_ji1_CCGTTCAGTAGCTGAG
12501	e16_ji1_CCGTTCAGTGCGGCTT
12502	e16_ji1_CCGTTCATCAAGAATG
12503	e16_ji1_CCGTTCATCCTGGGAC
12504	e16_ji1_CCTAACCAGCTCAGAG
12505	e16_ji1_CCTAACCCAACCGCTG
12506	e16_ji1_CCTAACCCAGCGTTTA
12507	e16_ji1_CCTAACCTCACCCTTG
12508	e16_ji1_CCTAACCTCCTTTAGT
12509	e16_ji1_CCTAACCTCTGGCCAG
12510	e16_ji1_CCTAACCTCTGGTGGC
12511	e16_ji1_CCTAACCTCTGTAACG
12512	e16_ji1_CCTAAGAAGGAACTCG
12513	e16_ji1_CCTAAGAAGGATTTCC
12514	e16_ji1_CCTAAGAAGTGACACG
12515	e16_ji1_CCTAAGACAAATTAGG
12516	e16_ji1_CCTAAGACAGGGAATC
12517	e16_ji1_CCTAAGACATCCCACT
12518	e16_ji1_CCTAAGAGTACGAGCA
12519	e16_ji1_CCTAAGAGTATTCCGA
12520	e16_ji1_CCTAAGAGTCCGGTGT
12521	e16_ji1_CCTAAGATCCCGAGTG
12522	e16_ji1_CCTAAGATCGTCTACC
12523	e16_ji1_CCTACGTAGAGAGTTT
12524	e16_ji1_CCTACGTAGCCTTGAT
12525	e16_ji1_CCTACGTAGGCGCTCT
12526	e16_ji1_CCTACGTAGTAGCATA
12527	e16_ji1_CCTACGTCACCGTACG
12528	e16_ji1_CCTACGTCATCATGAC
12529	e16_ji1_CCTACGTGTTGTAAAG
12530	e16_ji1_CCTACGTTCATGCCCT
12531	e16_ji1_CCTACGTTCGGTCATA
12532	e16_ji1_CCTATCGAGAGCCTGA
12533	e16_ji1_CCTATCGAGCTCGACC
12534	e16_ji1_CCTATCGCAAGCGCAA
12535	e16_ji1_CCTATCGCAATTCACG
12536	e16_ji1_CCTATCGCAGAACTTC
12537	e16_ji1_CCTATCGCATAGGTAA
12538	e16_ji1_CCTATCGGTAGTACGG
12539	e16_ji1_CCTATCGGTATCCCTC
12540	e16_ji1_CCTCAACAGACCCTTA
12541	e16_ji1_CCTCAACAGCTGCCTG
12542	e16_ji1_CCTCAACAGTGTCATC
12543	e16_ji1_CCTCAACCAACGTAAA
12544	e16_ji1_CCTCAACCAACTCCAA
12545	e16_ji1_CCTCAACCAAGATTGA
12546	e16_ji1_CCTCAACCATGACTGT
12547	e16_ji1_CCTCAACCATGTGTCA
12548	e16_ji1_CCTCAACGTACAATAG
12549	e16_ji1_CCTCAACGTTGCCATA
12550	e16_ji1_CCTCAACTCGGCGATC
12551	e16_ji1_CCTCACAAGTCACGCC
12552	e16_ji1_CCTCACACAACTGAAA
12553	e16_ji1_CCTCACACAGGCATGA
12554	e16_ji1_CCTCACAGTAGCGTCC
12555	e16_ji1_CCTCACAGTCCAGCGT
12556	e16_ji1_CCTCACATCCCAACTC
12557	e16_ji1_CCTCACATCCGATCTC
12558	e16_ji1_CCTCACATCGATTGGT
12559	e16_ji1_CCTCAGTCACAGCCAC
12560	e16_ji1_CCTCAGTTCAGCGCGT
12561	e16_ji1_CCTCAGTTCCATTTCA
12562	e16_ji1_CCTCATGAGACTAGAT
12563	e16_ji1_CCTCATGCATAGAAAC
12564	e16_ji1_CCTCATGCATCAACCA
12565	e16_ji1_CCTCATGCATCCCACT
12566	e16_ji1_CCTCATGGTTGCAACT
12567	e16_ji1_CCTCATGTCCTAGAGT
12568	e16_ji1_CCTCATGTCGTTAGTG
12569	e16_ji1_CCTCCAAAGTAACGAT
12570	e16_ji1_CCTCCAACAAGCGAAC
12571	e16_ji1_CCTCCAACAAGTAGTA
12572	e16_ji1_CCTCCAACACAGTGAG
12573	e16_ji1_CCTCCAACATAAGATG
12574	e16_ji1_CCTCCAAGTACCTTCC
12575	e16_ji1_CCTCCAAGTCCAATCA
12576	e16_ji1_CCTCCAATCCCTCATG
12577	e16_ji1_CCTCCAATCCGAGAAG
12578	e16_ji1_CCTCCAATCGGTAGGA
12579	e16_ji1_CCTCCTCAGAAGCTGC
12580	e16_ji1_CCTCCTCAGGAGACCT
12581	e16_ji1_CCTCCTCAGGCATCTT
12582	e16_ji1_CCTCCTCAGGTTGAGC
12583	e16_ji1_CCTCCTCCAAACCGGA
12584	e16_ji1_CCTCCTCCACTATCGA
12585	e16_ji1_CCTCCTCCAGAATTCC
12586	e16_ji1_CCTCCTCCAGGCATGA
12587	e16_ji1_CCTCCTCGTCAGTCGC
12588	e16_ji1_CCTCCTCTCACCATCC
12589	e16_ji1_CCTCCTCTCCAAATGC
12590	e16_ji1_CCTCCTCTCGGCACTG
12591	e16_ji1_CCTCTAGAGGATGAGA
12592	e16_ji1_CCTCTAGGTCGACGCT
12593	e16_ji1_CCTCTAGTCGAACACT
12594	e16_ji1_CCTCTCCAGAACAAGG
12595	e16_ji1_CCTCTCCAGTCAGAGC
12596	e16_ji1_CCTCTCCGTGCGGATA
12597	e16_ji1_CCTCTCCTCCTATGGA
12598	e16_ji1_CCTCTCCTCGTAACCA
12599	e16_ji1_CCTGCATAGGAACTCG
12600	e16_ji1_CCTGCATAGGTAGTAT
12601	e16_ji1_CCTGCATCAACACAGG
12602	e16_ji1_CCTGCATCAGTATTCG
12603	e16_ji1_CCTGCATCATTGACTG
12604	e16_ji1_CCTGCATGTCACCTTC
12605	e16_ji1_CCTGCATGTGGTTTAC
12606	e16_ji1_CCTGCATTCGACCATA
12607	e16_ji1_CCTGTTGAGGATTACA
12608	e16_ji1_CCTGTTGCACAAGCCC
12609	e16_ji1_CCTGTTGCAGGTAGTG
12610	e16_ji1_CCTGTTGGTAGGTACG
12611	e16_ji1_CCTGTTGGTATCAGCT
12612	e16_ji1_CCTGTTGGTCATCAGT
12613	e16_ji1_CCTGTTGTCCTAGAGT
12614	e16_ji1_CCTGTTGTCGCGCCAA
12615	e16_ji1_CCTGTTGTCGGCAGTC
12616	e16_ji1_CCTTCAGAGCTGAGTG
12617	e16_ji1_CCTTCAGAGGGCCCTT
12618	e16_ji1_CCTTCAGAGTGGCAGT
12619	e16_ji1_CCTTCAGCAGCGAGTA
12620	e16_ji1_CCTTCAGCATACCATG
12621	e16_ji1_CCTTCAGCATTGAAAG
12622	e16_ji1_CCTTCAGGTCCACAGC
12623	e16_ji1_CCTTCAGGTCTTGAGT
12624	e16_ji1_CCTTCAGGTTATAGCC
12625	e16_ji1_CCTTCAGTCAGACAAA
12626	e16_ji1_CCTTCAGTCCAATCCC
12627	e16_ji1_CCTTCAGTCCCAATAG
12628	e16_ji1_CCTTGTGAGATGATTG
12629	e16_ji1_CCTTGTGAGCGGTAAC
12630	e16_ji1_CCTTGTGAGGCAGTCA
12631	e16_ji1_CCTTGTGCACTGCACG
12632	e16_ji1_CCTTGTGTCATCTATC
12633	e16_ji1_CCTTGTGTCTATACGG
12634	e16_ji1_CCTTGTGTCTCGGGAC
12635	e16_ji1_CCTTGTGTCTTCTGGC
12636	e16_ji1_CCTTGTGTCTTCTGTA
12637	e16_ji1_CCTTTGGAGAACAGGA
12638	e16_ji1_CCTTTGGAGACTAAGT
12639	e16_ji1_CCTTTGGAGGAACTAT
12640	e16_ji1_CCTTTGGAGTTGGAGC
12641	e16_ji1_CCTTTGGCAAGACCTT
12642	e16_ji1_CCTTTGGCAAGTGACG
12643	e16_ji1_CCTTTGGGTGCGGATA
12644	e16_ji1_CCTTTGGGTGTGAATA
12645	e16_ji1_CGAAGGAAGAAGTCTA
12646	e16_ji1_CGAAGGAAGAGCAGTC
12647	e16_ji1_CGAAGGAAGAGGATGA
12648	e16_ji1_CGAAGGAAGGACAACC
12649	e16_ji1_CGAAGGAAGTCGTTAC
12650	e16_ji1_CGAAGGAAGTCTGCAT
12651	e16_ji1_CGAAGGACAACCGCCA
12652	e16_ji1_CGAAGGACAACTGGTT
12653	e16_ji1_CGAAGGACAGGGCTTC
12654	e16_ji1_CGAAGGACAGTAACGG
12655	e16_ji1_CGAAGGACATCGATAC
12656	e16_ji1_CGAAGGAGTAAGATCA
12657	e16_ji1_CGAAGGAGTGGACTGA
12658	e16_ji1_CGAAGGATCAACCCGG
12659	e16_ji1_CGAAGGATCACTGGTA
12660	e16_ji1_CGAAGGATCATTACGG
12661	e16_ji1_CGAAGGATCGAGAAAT
12662	e16_ji1_CGAAGTTCAAGATGTA
12663	e16_ji1_CGAAGTTCATCTTCGC
12664	e16_ji1_CGAAGTTGTGAGTTTC
12665	e16_ji1_CGAAGTTGTTAGGGAC
12666	e16_ji1_CGAAGTTGTTCCGTTC
12667	e16_ji1_CGAAGTTGTTTGACAC
12668	e16_ji1_CGAATTGAGATACGAT
12669	e16_ji1_CGAATTGAGCCACAAG
12670	e16_ji1_CGAATTGCACATGAAA
12671	e16_ji1_CGAATTGCAGAGTTGG
12672	e16_ji1_CGAATTGCAGTCAGTT
12673	e16_ji1_CGAATTGCATATAGCC
12674	e16_ji1_CGAATTGCATTGCCGG
12675	e16_ji1_CGAATTGGTCTGTGTA
12676	e16_ji1_CGAATTGTCACGATCA
12677	e16_ji1_CGAATTGTCCTAGCGG
12678	e16_ji1_CGAATTGTCGTTAGAC
12679	e16_ji1_CGACAGCCAAGAGATT
12680	e16_ji1_CGACAGCCAGGTATGG
12681	e16_ji1_CGACAGCGTTGCACGC
12682	e16_ji1_CGACAGCGTTGGGTTT
12683	e16_ji1_CGACAGCTCTTGCAAG
12684	e16_ji1_CGAGAAGCAGTCCGTG
12685	e16_ji1_CGAGAAGCATCACCAA
12686	e16_ji1_CGAGAAGGTATCTTCT
12687	e16_ji1_CGAGAAGGTTTCGTAG
12688	e16_ji1_CGAGAAGGTTTCGTGA
12689	e16_ji1_CGAGAAGTCCGTGGTG
12690	e16_ji1_CGAGGAAAGAGAGGTA
12691	e16_ji1_CGAGGAAAGAGATCGC
12692	e16_ji1_CGAGGAAAGAGTCTTC
12693	e16_ji1_CGAGGAAAGTAAGCAT
12694	e16_ji1_CGAGGAACACGCGTCA
12695	e16_ji1_CGAGGAATCCATCTCG
12696	e16_ji1_CGAGGAATCGCTGTTC
12697	e16_ji1_CGAGGCTAGATGGCGT
12698	e16_ji1_CGAGGCTAGCTTTCCC
12699	e16_ji1_CGAGGCTAGGGACACT
12700	e16_ji1_CGAGGCTCACAGGATG
12701	e16_ji1_CGAGGCTCATCGGTTA
12702	e16_ji1_CGAGGCTGTCAACACT
12703	e16_ji1_CGAGGCTTCAGAATAG
12704	e16_ji1_CGAGGCTTCAGCTAGT
12705	e16_ji1_CGAGGCTTCTATGCCC
12706	e16_ji1_CGAGGCTTCTGTCCGT
12707	e16_ji1_CGAGGCTTCTTAGCCC
12708	e16_ji1_CGAGTGCAGGCCTGAA
12709	e16_ji1_CGAGTGCAGTAAGCAT
12710	e16_ji1_CGAGTGCGTCCATAGT
12711	e16_ji1_CGAGTGCTCGGTAGAG
12712	e16_ji1_CGAGTGCTCGTCGACG
12713	e16_ji1_CGAGTGCTCGTGGGAA
12714	e16_ji1_CGAGTGCTCTAGGCAT
12715	e16_ji1_CGAGTTAAGCAGGGAG
12716	e16_ji1_CGAGTTAAGTCGGGAT
12717	e16_ji1_CGAGTTAAGTGATGGC
12718	e16_ji1_CGAGTTACAAACTCTG
12719	e16_ji1_CGAGTTACACCTGAAT
12720	e16_ji1_CGAGTTAGTCTCCTGT
12721	e16_ji1_CGAGTTAGTGTAGCAG
12722	e16_ji1_CGAGTTATCAGTGCGC
12723	e16_ji1_CGAGTTATCGATACTG
12724	e16_ji1_CGAGTTATCTGCCCTA
12725	e16_ji1_CGATCGGAGAGGATCC
12726	e16_ji1_CGATCGGAGCGACATG
12727	e16_ji1_CGATCGGAGCGATGAC
12728	e16_ji1_CGATCGGAGCTCCGAC
12729	e16_ji1_CGATCGGAGGACAGCT
12730	e16_ji1_CGATCGGAGTGGTCAG
12731	e16_ji1_CGATCGGAGTTGCGCC
12732	e16_ji1_CGATCGGCACGGAAGT
12733	e16_ji1_CGATCGGCATTCATCT
12734	e16_ji1_CGATCGGGTAATTGGA
12735	e16_ji1_CGATCGGGTGCGGATA
12736	e16_ji1_CGATCGGGTGGCTCTG
12737	e16_ji1_CGATCGGGTTGGGTAG
12738	e16_ji1_CGATCGGTCATGTCTT
12739	e16_ji1_CGATCGGTCCAAGGGA
12740	e16_ji1_CGATCGGTCTAGTTCT
12741	e16_ji1_CGATGCGAGTGGGAAA
12742	e16_ji1_CGATGCGCAATGTGGG
12743	e16_ji1_CGATGCGCAGTGCCTG
12744	e16_ji1_CGATGCGCATAGGTTC
12745	e16_ji1_CGATGCGGTCGGTGTC
12746	e16_ji1_CGATGCGGTGATCATC
12747	e16_ji1_CGATGCGGTGCGTCGT
12748	e16_ji1_CGATGCGGTTACGCCG
12749	e16_ji1_CGATGCGTCCAAAGGG
12750	e16_ji1_CGATGCGTCGTACACA
12751	e16_ji1_CGATGCGTCTTGGTGA
12752	e16_ji1_CGATGGCCAGTAGAGC
12753	e16_ji1_CGATGGCGTGCAAGAC
12754	e16_ji1_CGATGGCTCATAGACC
12755	e16_ji1_CGATGGCTCCCAGGAC
12756	e16_ji1_CGATGGCTCGGAGCAA
12757	e16_ji1_CGATGGCTCTAGACCA
12758	e16_ji1_CGATGGCTCTTCACGC
12759	e16_ji1_CGATGGCTCTTTCAGT
12760	e16_ji1_CGCAGGTAGCAAGCCA
12761	e16_ji1_CGCAGGTAGGGAGATA
12762	e16_ji1_CGCAGGTCAAAGCTCT
12763	e16_ji1_CGCAGGTCAAGTGGTG
12764	e16_ji1_CGCAGGTGTACATTGC
12765	e16_ji1_CGCAGGTGTGATTAGA
12766	e16_ji1_CGCAGGTGTTGTGGAG
12767	e16_ji1_CGCAGGTGTTGTGTTG
12768	e16_ji1_CGCATAAAGCATATGA
12769	e16_ji1_CGCATAAAGCCGATTT
12770	e16_ji1_CGCATAAAGCGCCTCA
12771	e16_ji1_CGCATAAAGTGCTAGG
12772	e16_ji1_CGCATAACAACCGTGC
12773	e16_ji1_CGCATAACACCCTGAG
12774	e16_ji1_CGCATAAGTCGGCCTA
12775	e16_ji1_CGCATAAGTGGCATCC
12776	e16_ji1_CGCATAAGTGTTTACG
12777	e16_ji1_CGCATAAGTTCGCGTG
12778	e16_ji1_CGCATGGAGCAGCAGT
12779	e16_ji1_CGCATGGAGGGCGAAG
12780	e16_ji1_CGCATGGCAAGAGATT
12781	e16_ji1_CGCATGGCACCGTCTT
12782	e16_ji1_CGCATGGCAGAGTTCT
12783	e16_ji1_CGCATGGCATGCCGGT
12784	e16_ji1_CGCATGGGTCCAGTTA
12785	e16_ji1_CGCATGGGTCTAGGCC
12786	e16_ji1_CGCATGGGTGCAATGG
12787	e16_ji1_CGCATGGGTTACCTTT
12788	e16_ji1_CGCATGGTCCAACTAG
12789	e16_ji1_CGCCAGAAGTACAGAT
12790	e16_ji1_CGCCAGACACGTTCGG
12791	e16_ji1_CGCCAGACAGCGCGTT
12792	e16_ji1_CGCCAGACATGAAAGT
12793	e16_ji1_CGCCAGAGTATCGGTT
12794	e16_ji1_CGCCAGATCCTGGCTT
12795	e16_ji1_CGCCAGATCGCTCATC
12796	e16_ji1_CGCCAGATCGGACAAG
12797	e16_ji1_CGCCATTAGACATAAC
12798	e16_ji1_CGCCATTAGACCCTTA
12799	e16_ji1_CGCCATTGTAGACGTG
12800	e16_ji1_CGCCATTGTCTGTGAT
12801	e16_ji1_CGCCATTGTGCCTAAT
12802	e16_ji1_CGCCATTTCAGTCAGT
12803	e16_ji1_CGCCATTTCCATTTCA
12804	e16_ji1_CGCCATTTCCTAGCGG
12805	e16_ji1_CGCCATTTCGAGAACG
12806	e16_ji1_CGCGTGAAGAGTCTGG
12807	e16_ji1_CGCGTGAAGTATGATG
12808	e16_ji1_CGCGTGAAGTCGGCCT
12809	e16_ji1_CGCGTGACACCACTGG
12810	e16_ji1_CGCGTGACATGGGTTT
12811	e16_ji1_CGCGTGAGTCCACATA
12812	e16_ji1_CGCGTGAGTCGAGTGA
12813	e16_ji1_CGCGTGAGTGTCTTGA
12814	e16_ji1_CGCGTGATCAAACGAA
12815	e16_ji1_CGGAACCCAATCAAGA
12816	e16_ji1_CGGAACCCATGATGCT
12817	e16_ji1_CGGAACCGTACGTGAG
12818	e16_ji1_CGGAACCGTAGTTAGA
12819	e16_ji1_CGGAACCGTATCCTCC
12820	e16_ji1_CGGAACCGTCCAAAGG
12821	e16_ji1_CGGAACCGTCGTAATC
12822	e16_ji1_CGGAACCGTTGCCGCA
12823	e16_ji1_CGGAACCTCCGTCAAA
12824	e16_ji1_CGGAACCTCGTAGGAG
12825	e16_ji1_CGGAATTAGAGATCGC
12826	e16_ji1_CGGAATTAGGGACCAT
12827	e16_ji1_CGGAATTAGTAGATCA
12828	e16_ji1_CGGAATTAGTGCTCGC
12829	e16_ji1_CGGAATTCAAACGAGC
12830	e16_ji1_CGGAATTCATCGATAC
12831	e16_ji1_CGGAATTGTAAGTTAG
12832	e16_ji1_CGGAATTGTGCCTTCT
12833	e16_ji1_CGGAATTGTGTCATTG
12834	e16_ji1_CGGAATTGTTCAGTAC
12835	e16_ji1_CGGAATTTCGTTGTGA
12836	e16_ji1_CGGACACCAGAGAGGG
12837	e16_ji1_CGGACACGTCTGCAAT
12838	e16_ji1_CGGACACGTTAGAAAC
12839	e16_ji1_CGGACACTCAAGTTGC
12840	e16_ji1_CGGACACTCCTGTAGA
12841	e16_ji1_CGGACACTCGATGGAG
12842	e16_ji1_CGGACACTCGCATTAG
12843	e16_ji1_CGGACACTCTGTGTGA
12844	e16_ji1_CGGAGAAAGACACACG
12845	e16_ji1_CGGAGAAAGATGCTAA
12846	e16_ji1_CGGAGAAAGCAGCGAT
12847	e16_ji1_CGGAGAACAAAGACGC
12848	e16_ji1_CGGAGAACAATACCTG
12849	e16_ji1_CGGAGAACACGTTCGG
12850	e16_ji1_CGGAGAACATCGGTTA
12851	e16_ji1_CGGAGAAGTCCTTAAG
12852	e16_ji1_CGGAGAATCCGTGTAA
12853	e16_ji1_CGGCAGTAGACTGTTC
12854	e16_ji1_CGGCAGTAGGTGAGCT
12855	e16_ji1_CGGCAGTAGTAATACG
12856	e16_ji1_CGGCAGTCAATCGAAA
12857	e16_ji1_CGGCAGTCAGATTCGT
12858	e16_ji1_CGGCAGTCAGGTTACT
12859	e16_ji1_CGGCAGTCATAGTCAC
12860	e16_ji1_CGGCAGTGTATGCGTT
12861	e16_ji1_CGGCAGTGTATGCTTG
12862	e16_ji1_CGGCAGTGTGAGCTCC
12863	e16_ji1_CGGCAGTGTGCTCTTC
12864	e16_ji1_CGGCAGTGTTTCGACA
12865	e16_ji1_CGGCAGTTCAGGGATG
12866	e16_ji1_CGGGACTAGAATACAC
12867	e16_ji1_CGGGACTAGGACCCAA
12868	e16_ji1_CGGGACTAGGTGCTTT
12869	e16_ji1_CGGGACTCAAGGTACG
12870	e16_ji1_CGGGACTCACATACGT
12871	e16_ji1_CGGGACTCAGGTTCAT
12872	e16_ji1_CGGGACTCATAATCCG
12873	e16_ji1_CGGGACTGTGGTCAAG
12874	e16_ji1_CGGGACTTCCATCTAT
12875	e16_ji1_CGGGACTTCGTTCAGA
12876	e16_ji1_CGGGCATAGCGAGTCA
12877	e16_ji1_CGGGCATAGCGATGGT
12878	e16_ji1_CGGGCATCAGACCTAT
12879	e16_ji1_CGGGCATCAGGTTACT
12880	e16_ji1_CGGGCATTCACTCCGT
12881	e16_ji1_CGGGCATTCTTTGATC
12882	e16_ji1_CGGGTCAAGACTCATC
12883	e16_ji1_CGGGTCAAGCAGGTCA
12884	e16_ji1_CGGGTCAAGCCACAAG
12885	e16_ji1_CGGGTCAAGCTCTATG
12886	e16_ji1_CGGGTCACAATAGTGA
12887	e16_ji1_CGGGTCACACGCAGTC
12888	e16_ji1_CGGGTCACACTCATAG
12889	e16_ji1_CGGGTCACAGCTACAT
12890	e16_ji1_CGGGTCAGTATCACCA
12891	e16_ji1_CGGGTCAGTCCCTCAT
12892	e16_ji1_CGGGTGTAGACCAACG
12893	e16_ji1_CGGGTGTAGGTTCCGC
12894	e16_ji1_CGGGTGTCAAAGGCTG
12895	e16_ji1_CGGGTGTCAACCCTAA
12896	e16_ji1_CGGGTGTCACCTGAAT
12897	e16_ji1_CGGGTGTCAGATTCGT
12898	e16_ji1_CGGGTGTTCATGCTAG
12899	e16_ji1_CGGTCAGAGAGCTTTC
12900	e16_ji1_CGGTCAGCAAGTGTCT
12901	e16_ji1_CGGTCAGCAGGTGTTT
12902	e16_ji1_CGGTCAGGTATGATCC
12903	e16_ji1_CGGTCAGGTATGCGGA
12904	e16_ji1_CGGTCAGTCCGCAACG
12905	e16_ji1_CGTAAGTAGTAGGCCA
12906	e16_ji1_CGTAAGTCACAGCGCT
12907	e16_ji1_CGTAAGTCACTGAGTT
12908	e16_ji1_CGTAAGTCAGCAGTTT
12909	e16_ji1_CGTAAGTCAGGCTACC
12910	e16_ji1_CGTAAGTCAGTATACC
12911	e16_ji1_CGTAAGTGTAGTCTGT
12912	e16_ji1_CGTAAGTGTCCAGCAC
12913	e16_ji1_CGTAAGTGTCGATTAC
12914	e16_ji1_CGTAAGTTCCTACACC
12915	e16_ji1_CGTAATGCAAATGGTA
12916	e16_ji1_CGTAATGCACTCAGAT
12917	e16_ji1_CGTAATGCATCAGCAT
12918	e16_ji1_CGTAATGGTCCAAATC
12919	e16_ji1_CGTAATGGTGTTCATG
12920	e16_ji1_CGTAATGGTTGTGTTG
12921	e16_ji1_CGTAATGTCACATTGG
12922	e16_ji1_CGTAATGTCCGCAAAT
12923	e16_ji1_CGTAATGTCGTAGTCA
12924	e16_ji1_CGTAATGTCTTTGATC
12925	e16_ji1_CGTAGTAAGAGCATTA
12926	e16_ji1_CGTAGTACATCAGCAT
12927	e16_ji1_CGTAGTAGTCAACGCC
12928	e16_ji1_CGTAGTAGTCACAGAG
12929	e16_ji1_CGTAGTAGTTTCGCTC
12930	e16_ji1_CGTAGTATCAGGAAAT
12931	e16_ji1_CGTAGTATCCACATAG
12932	e16_ji1_CGTAGTATCGTACACA
12933	e16_ji1_CGTAGTATCGTGCTCT
12934	e16_ji1_CGTCAAAAGAGAGGGC
12935	e16_ji1_CGTCAAAAGATTACCC
12936	e16_ji1_CGTCAAAAGCCTCTGG
12937	e16_ji1_CGTCAAAGTGGACTGA
12938	e16_ji1_CGTCAAAGTTCTTGTT
12939	e16_ji1_CGTCAAATCGATGCAT
12940	e16_ji1_CGTCCATAGATACGAT
12941	e16_ji1_CGTCCATAGATCCGAG
12942	e16_ji1_CGTCCATCACTTGTCC
12943	e16_ji1_CGTCCATCAGCTGTCG
12944	e16_ji1_CGTCCATGTGCCCGTA
12945	e16_ji1_CGTCCATGTTGGATCT
12946	e16_ji1_CGTCCATGTTTCTTAC
12947	e16_ji1_CGTCCATTCAGTGTCA
12948	e16_ji1_CGTGAATAGCCTTCTC
12949	e16_ji1_CGTGAATAGCGTGAAC
12950	e16_ji1_CGTGAATAGTGAGCCA
12951	e16_ji1_CGTGAATCATTGTGCA
12952	e16_ji1_CGTGAATGTACGTGTT
12953	e16_ji1_CGTGAATGTGAGCGAT
12954	e16_ji1_CGTGAATGTTTACGAC
12955	e16_ji1_CGTGAATTCGAACCTA
12956	e16_ji1_CGTGAATTCGAACGCC
12957	e16_ji1_CGTGAATTCTCAGAAC
12958	e16_ji1_CGTGAATTCTCTGACC
12959	e16_ji1_CGTGATAAGCCGGATA
12960	e16_ji1_CGTGATAAGCGTGTCC
12961	e16_ji1_CGTGATAAGGTTACCT
12962	e16_ji1_CGTGATACAAAGCTCT
12963	e16_ji1_CGTGATACAGATTTCG
12964	e16_ji1_CGTGATAGTCGAGCAA
12965	e16_ji1_CGTGATATCGCGTCGA
12966	e16_ji1_CGTGATATCTGCGGAC
12967	e16_ji1_CGTGATATCTTGATTC
12968	e16_ji1_CGTGCTTAGAACCGCA
12969	e16_ji1_CGTGCTTAGAGTCTGG
12970	e16_ji1_CGTGCTTAGATTGACA
12971	e16_ji1_CGTGCTTAGCACGGAT
12972	e16_ji1_CGTGCTTAGCGCCCAT
12973	e16_ji1_CGTGCTTGTAATTGGA
12974	e16_ji1_CGTGCTTGTCAAGCCC
12975	e16_ji1_CGTGCTTGTCGCACAC
12976	e16_ji1_CGTGCTTGTCTTCAAG
12977	e16_ji1_CGTGCTTGTTAGGCCC
12978	e16_ji1_CGTGCTTTCAGCCTCT
12979	e16_ji1_CGTGCTTTCCACAGGC
12980	e16_ji1_CGTGCTTTCCGAGGCT
12981	e16_ji1_CGTGCTTTCTCGACCT
12982	e16_ji1_CGTGTCTAGCGACAGT
12983	e16_ji1_CGTGTCTCAACATCGT
12984	e16_ji1_CGTGTCTCAACGGCTC
12985	e16_ji1_CGTGTCTCACTCGATA
12986	e16_ji1_CGTGTCTCACTTGGCG
12987	e16_ji1_CGTGTCTGTATAGGAT
12988	e16_ji1_CGTGTCTTCGACGTCG
12989	e16_ji1_CGTGTCTTCGCGTAGC
12990	e16_ji1_CGTTAGAAGGCCGCTT
12991	e16_ji1_CGTTAGACACGGCTAC
12992	e16_ji1_CGTTAGAGTGACCGAA
12993	e16_ji1_CGTTAGAGTGGCAACA
12994	e16_ji1_CGTTAGAGTTACAGCT
12995	e16_ji1_CGTTAGAGTTTAAGGA
12996	e16_ji1_CGTTAGATCTCATTTG
12997	e16_ji1_CGTTAGATCTGCTTTA
12998	e16_ji1_CGTTAGATCTGGCCTT
12999	e16_ji1_CGTTCTGAGCCTCAAT
13000	e16_ji1_CGTTCTGCATTGCCGG
13001	e16_ji1_CGTTCTGGTTAGCTAC
13002	e16_ji1_CGTTCTGTCGTTCTAT
13003	e16_ji1_CGTTGGGAGAGCAACC
13004	e16_ji1_CGTTGGGAGCAACTCT
13005	e16_ji1_CGTTGGGAGCCTCAAT
13006	e16_ji1_CGTTGGGCAAAGCGTG
13007	e16_ji1_CGTTGGGGTCCAATCA
13008	e16_ji1_CGTTGGGGTCTGTCAA
13009	e16_ji1_CGTTGGGGTTGCCGAC
13010	e16_ji1_CGTTGGGGTTTCGACA
13011	e16_ji1_CGTTGGGTCACCTCGT
13012	e16_ji1_CGTTGGGTCTCGTTTA
13013	e16_ji1_CTAACCCAGATCCCGC
13014	e16_ji1_CTAACCCAGTATTGCC
13015	e16_ji1_CTAACCCAGTTCCAGT
13016	e16_ji1_CTAACCCGTCGACGCT
13017	e16_ji1_CTAACCCTCGTCTAAG
13018	e16_ji1_CTAACCCTCTCCAAGA
13019	e16_ji1_CTAACTTAGCAACCAG
13020	e16_ji1_CTAACTTAGCCGAACA
13021	e16_ji1_CTAACTTAGTATAGAC
13022	e16_ji1_CTAACTTGTGGGTCAA
13023	e16_ji1_CTAACTTTCCTTTAGT
13024	e16_ji1_CTAACTTTCGAGAAAT
13025	e16_ji1_CTAAGTGAGGTCATCT
13026	e16_ji1_CTAAGTGAGGTTGAGC
13027	e16_ji1_CTAAGTGCAAGCGGAT
13028	e16_ji1_CTAAGTGCACATAACC
13029	e16_ji1_CTAAGTGCAGCTATTG
13030	e16_ji1_CTAAGTGGTCTGCATA
13031	e16_ji1_CTACAGAAGGCTCCCA
13032	e16_ji1_CTACAGAAGGTCGTCC
13033	e16_ji1_CTACAGAAGTGTTGTC
13034	e16_ji1_CTACAGACACAGCGCT
13035	e16_ji1_CTACAGACACTCCACT
13036	e16_ji1_CTACAGACATAAGCAA
13037	e16_ji1_CTACAGACATATGGCT
13038	e16_ji1_CTACAGACATCCTCAC
13039	e16_ji1_CTACAGAGTCATCTAG
13040	e16_ji1_CTACAGAGTTTCGTTT
13041	e16_ji1_CTACAGATCACATTGG
13042	e16_ji1_CTACAGATCTATACGG
13043	e16_ji1_CTACAGATCTCTCGCA
13044	e16_ji1_CTACAGATCTTACCAT
13045	e16_ji1_CTACATTAGCCAAGGT
13046	e16_ji1_CTACATTAGTCATGGG
13047	e16_ji1_CTACATTCACCATATG
13048	e16_ji1_CTACATTGTACTAACC
13049	e16_ji1_CTACATTTCATACGGT
13050	e16_ji1_CTACATTTCCATTTAC
13051	e16_ji1_CTACATTTCGCATGAT
13052	e16_ji1_CTACATTTCGTACACA
13053	e16_ji1_CTACCCAAGATTGATG
13054	e16_ji1_CTACCCACATATACCG
13055	e16_ji1_CTACCCAGTCGCTCGA
13056	e16_ji1_CTACCCAGTGCACATT
13057	e16_ji1_CTACCCAGTGGGTATG
13058	e16_ji1_CTACCCAGTTATCTTC
13059	e16_ji1_CTACCCAGTTGTGCCG
13060	e16_ji1_CTACCCATCGCTAGCG
13061	e16_ji1_CTACCTGAGAGTCAGC
13062	e16_ji1_CTACCTGAGTGGACGT
13063	e16_ji1_CTACCTGCACGATTCA
13064	e16_ji1_CTACCTGCAGATACCT
13065	e16_ji1_CTACCTGCAGCAGATG
13066	e16_ji1_CTACCTGCAGGCATTT
13067	e16_ji1_CTACCTGGTATCGTTG
13068	e16_ji1_CTACCTGGTGACATCT
13069	e16_ji1_CTACCTGTCAGTGCGC
13070	e16_ji1_CTACCTGTCATTGTTC
13071	e16_ji1_CTACCTGTCCGTATAG
13072	e16_ji1_CTACCTGTCCTGATAG
13073	e16_ji1_CTACGGGAGAGAGTTT
13074	e16_ji1_CTACGGGAGCGAATGC
13075	e16_ji1_CTACGGGCAGACTCTA
13076	e16_ji1_CTACGGGGTAACAAGT
13077	e16_ji1_CTACGGGGTCATCACA
13078	e16_ji1_CTACGGGTCACCTCTG
13079	e16_ji1_CTACGGGTCAGCGTCG
13080	e16_ji1_CTACGGGTCATAAGGA
13081	e16_ji1_CTACGGGTCATTGGTG
13082	e16_ji1_CTACGGGTCCACATAG
13083	e16_ji1_CTACGGGTCGTCAAAC
13084	e16_ji1_CTACGGGTCTGAGAGG
13085	e16_ji1_CTACTATAGCATGAAT
13086	e16_ji1_CTACTATCACGAAGAC
13087	e16_ji1_CTACTATGTACGATTC
13088	e16_ji1_CTACTATGTAGTAAGT
13089	e16_ji1_CTACTATGTCCTCCAT
13090	e16_ji1_CTACTATGTGAGCAGT
13091	e16_ji1_CTACTATTCACTGGGC
13092	e16_ji1_CTAGACAAGACATGCG
13093	e16_ji1_CTAGACAAGATGCTTC
13094	e16_ji1_CTAGACAAGGACAGTC
13095	e16_ji1_CTAGACAAGGTAGTCG
13096	e16_ji1_CTAGACACAAAGCAAT
13097	e16_ji1_CTAGACACAACAAGTA
13098	e16_ji1_CTAGACACAAGACCTT
13099	e16_ji1_CTAGACACACCAACAT
13100	e16_ji1_CTAGACACACCGTGGT
13101	e16_ji1_CTAGACACAGAGGTAC
13102	e16_ji1_CTAGACAGTCGTTATG
13103	e16_ji1_CTAGACAGTCTTGAAC
13104	e16_ji1_CTAGACAGTGAATATG
13105	e16_ji1_CTAGACAGTGACTATC
13106	e16_ji1_CTAGACAGTTGGAGAC
13107	e16_ji1_CTAGACATCAAGCTGT
13108	e16_ji1_CTAGACATCCTCGCAT
13109	e16_ji1_CTAGGTAAGCAACAGC
13110	e16_ji1_CTAGGTAAGGTAGACC
13111	e16_ji1_CTAGGTAAGTTAGAAC
13112	e16_ji1_CTAGGTAGTATCGCTA
13113	e16_ji1_CTAGGTAGTGCTCCGA
13114	e16_ji1_CTAGGTAGTTGCGGCT
13115	e16_ji1_CTATAGGAGAACTTCC
13116	e16_ji1_CTATAGGAGATGGTAT
13117	e16_ji1_CTATAGGCACCAGGTC
13118	e16_ji1_CTATAGGCAGAACCGA
13119	e16_ji1_CTATAGGCATTGCTTT
13120	e16_ji1_CTATAGGGTTGTAGCT
13121	e16_ji1_CTATAGGTCAACGCTA
13122	e16_ji1_CTATAGGTCCCAAGTA
13123	e16_ji1_CTATAGGTCCCTTCCC
13124	e16_ji1_CTATCCGAGAACCGCA
13125	e16_ji1_CTATCCGAGATCGCCC
13126	e16_ji1_CTATCCGAGATTGAGT
13127	e16_ji1_CTATCCGAGGCTAACG
13128	e16_ji1_CTATCCGAGTGTAGAT
13129	e16_ji1_CTATCCGCAGTCTCTC
13130	e16_ji1_CTATCCGGTAACACCT
13131	e16_ji1_CTATCCGGTACGGCAA
13132	e16_ji1_CTATCCGGTCCAGGTC
13133	e16_ji1_CTATCCGGTGAACTAA
13134	e16_ji1_CTATCCGGTGGGTCAA
13135	e16_ji1_CTATCCGTCGCATTAG
13136	e16_ji1_CTATCTAAGGCGAAGG
13137	e16_ji1_CTATCTAAGTTCGGTT
13138	e16_ji1_CTATCTACAATGTCTG
13139	e16_ji1_CTATCTAGTATGTCAC
13140	e16_ji1_CTATCTAGTCAGCTTA
13141	e16_ji1_CTATCTAGTTCAAGGG
13142	e16_ji1_CTATCTAGTTGACTGT
13143	e16_ji1_CTCAACCAGAGGCTGT
13144	e16_ji1_CTCAACCAGCTGGTGA
13145	e16_ji1_CTCAACCAGTATAGAC
13146	e16_ji1_CTCAACCCAGCAGTCC
13147	e16_ji1_CTCAACCCAGTTAGAA
13148	e16_ji1_CTCAACCCATTCTCCG
13149	e16_ji1_CTCAACCCATTCTGTT
13150	e16_ji1_CTCAACCGTACCTAGT
13151	e16_ji1_CTCAACCGTGAATAAC
13152	e16_ji1_CTCAACCGTGAATGAT
13153	e16_ji1_CTCAACCGTGCTCTCT
13154	e16_ji1_CTCAACCGTTCACGAT
13155	e16_ji1_CTCAACCTCAGATTGC
13156	e16_ji1_CTCAACCTCGCTTGAA
13157	e16_ji1_CTCAAGAAGCAATAAC
13158	e16_ji1_CTCAAGAAGCAGCACA
13159	e16_ji1_CTCAAGAAGCTAAACA
13160	e16_ji1_CTCAAGAAGGACGCAT
13161	e16_ji1_CTCAAGACAGCCTATA
13162	e16_ji1_CTCAAGACAGTAGATA
13163	e16_ji1_CTCAAGACATAGAATG
13164	e16_ji1_CTCAAGACATGATGCT
13165	e16_ji1_CTCAAGAGTCATGGCC
13166	e16_ji1_CTCAAGAGTCCGCAGT
13167	e16_ji1_CTCAAGAGTGTCACAT
13168	e16_ji1_CTCAAGAGTTGCTCAA
13169	e16_ji1_CTCAAGATCGCAGTCG
13170	e16_ji1_CTCAAGATCTAGCATG
13171	e16_ji1_CTCAAGATCTGTCCCA
13172	e16_ji1_CTCAAGATCTTCCAGC
13173	e16_ji1_CTCAATTAGCAGTAAT
13174	e16_ji1_CTCAATTAGCATGCGA
13175	e16_ji1_CTCAATTCATTATGCG
13176	e16_ji1_CTCAATTGTATCACCA
13177	e16_ji1_CTCAATTGTTTAGACC
13178	e16_ji1_CTCAATTTCACCACAA
13179	e16_ji1_CTCAATTTCACCCTGT
13180	e16_ji1_CTCACTGCAAAGGCTG
13181	e16_ji1_CTCACTGCACATACTG
13182	e16_ji1_CTCACTGCACTGGCCA
13183	e16_ji1_CTCACTGCAGTCAGTT
13184	e16_ji1_CTCACTGGTCGAACAG
13185	e16_ji1_CTCACTGGTTTACCTT
13186	e16_ji1_CTCACTGGTTTCTTAC
13187	e16_ji1_CTCACTGTCAACCGAT
13188	e16_ji1_CTCACTGTCTCCCTAG
13189	e16_ji1_CTCAGAAGTAGGCTGA
13190	e16_ji1_CTCAGAAGTATTTCGG
13191	e16_ji1_CTCAGAAGTTGGTGTT
13192	e16_ji1_CTCAGAATCACGGTCG
13193	e16_ji1_CTCAGGGAGAAATCCA
13194	e16_ji1_CTCAGGGAGCATCAAA
13195	e16_ji1_CTCAGGGAGGTTCATC
13196	e16_ji1_CTCAGGGAGTCTCTGA
13197	e16_ji1_CTCAGGGCAGTAACAA
13198	e16_ji1_CTCAGGGCATGACTCA
13199	e16_ji1_CTCAGGGGTACAAACA
13200	e16_ji1_CTCAGGGGTCGGCCTA
13201	e16_ji1_CTCAGGGGTGCAGATG
13202	e16_ji1_CTCAGGGTCAGAGTGG
13203	e16_ji1_CTCAGGGTCTGCTAGA
13204	e16_ji1_CTCAGTCAGATAGCTA
13205	e16_ji1_CTCAGTCCATAGGAGC
13206	e16_ji1_CTCAGTCCATGTTCAG
13207	e16_ji1_CTCAGTCGTCAGCGTC
13208	e16_ji1_CTCAGTCGTGTCTTCC
13209	e16_ji1_CTCAGTCGTTCCAAAC
13210	e16_ji1_CTCAGTCGTTTAGAGA
13211	e16_ji1_CTCAGTCTCATGCCGG
13212	e16_ji1_CTCAGTCTCCTTATAC
13213	e16_ji1_CTCATCGAGAACCCGA
13214	e16_ji1_CTCATCGAGCCATCCG
13215	e16_ji1_CTCATCGAGCGTGAGT
13216	e16_ji1_CTCATCGCACGCGTGT
13217	e16_ji1_CTCATCGCAGAACTTC
13218	e16_ji1_CTCATCGCAGCGTAGA
13219	e16_ji1_CTCATCGGTAGACACG
13220	e16_ji1_CTCATCGGTCTAGGCC
13221	e16_ji1_CTCATCGGTTAGCTAC
13222	e16_ji1_CTCATCGGTTTAGAGA
13223	e16_ji1_CTCATCGTCAGCTCTC
13224	e16_ji1_CTCATCGTCGCCTATC
13225	e16_ji1_CTCATCGTCTCATTTG
13226	e16_ji1_CTCATCGTCTGGTGGC
13227	e16_ji1_CTCATGCAGCGGACAT
13228	e16_ji1_CTCATGCCAGCACGAA
13229	e16_ji1_CTCATGCCAGGGTTGA
13230	e16_ji1_CTCATGCCAGGTGTGA
13231	e16_ji1_CTCATGCCAGTCGAGA
13232	e16_ji1_CTCATGCGTTAAGACA
13233	e16_ji1_CTCATGCGTTAGAGAT
13234	e16_ji1_CTCATGCTCCGCAAAT
13235	e16_ji1_CTCATGCTCGACGCTG
13236	e16_ji1_CTCATGCTCTGCCCTA
13237	e16_ji1_CTCATTAAGAGGGCGA
13238	e16_ji1_CTCATTAAGATAGCAT
13239	e16_ji1_CTCATTAAGCACTCAT
13240	e16_ji1_CTCATTACAAGGTCTT
13241	e16_ji1_CTCATTATCATTACGG
13242	e16_ji1_CTCATTATCCGTGCGA
13243	e16_ji1_CTCATTATCGGCAGTC
13244	e16_ji1_CTCATTATCTACTTCA
13245	e16_ji1_CTCCAACAGACGATAT
13246	e16_ji1_CTCCAACAGCGTGAGT
13247	e16_ji1_CTCCAACAGCTTAGTC
13248	e16_ji1_CTCCAACAGCTTTGTG
13249	e16_ji1_CTCCAACAGTAGGAAG
13250	e16_ji1_CTCCAACCAACCTAAC
13251	e16_ji1_CTCCAACCACCTCAGG
13252	e16_ji1_CTCCAACCAGTGTATC
13253	e16_ji1_CTCCAACGTTTCACAG
13254	e16_ji1_CTCCAACTCATGGTAC
13255	e16_ji1_CTCCAACTCCTTATCA
13256	e16_ji1_CTCCACAAGAAACTCA
13257	e16_ji1_CTCCACAAGAGTGACC
13258	e16_ji1_CTCCACAAGCTATCTG
13259	e16_ji1_CTCCACAAGGCAATGC
13260	e16_ji1_CTCCACAAGGTTCTTG
13261	e16_ji1_CTCCACACACCAATTG
13262	e16_ji1_CTCCACACATAGCTGT
13263	e16_ji1_CTCCACAGTTTGAACC
13264	e16_ji1_CTCCACATCATTACGG
13265	e16_ji1_CTCCACATCGAAATCC
13266	e16_ji1_CTCCACATCGTCGCTT
13267	e16_ji1_CTCCATGAGGTGGCTA
13268	e16_ji1_CTCCATGCACAGTCCG
13269	e16_ji1_CTCCATGCAGGCCTGT
13270	e16_ji1_CTCCATGCATGGCTGC
13271	e16_ji1_CTCCATGGTAGACTGG
13272	e16_ji1_CTCCATGGTCATATGC
13273	e16_ji1_CTCCATGGTCGAAGCA
13274	e16_ji1_CTCCATGGTTTGGGTT
13275	e16_ji1_CTCCATGTCACTTATC
13276	e16_ji1_CTCCCAAAGTTGCGCC
13277	e16_ji1_CTCCCAACACTACCCT
13278	e16_ji1_CTCCCAACATGAAGGC
13279	e16_ji1_CTCCCAACATGATGCT
13280	e16_ji1_CTCCCAAGTCACATTG
13281	e16_ji1_CTCCCAATCATTCACT
13282	e16_ji1_CTCCCTCCAGCTACCG
13283	e16_ji1_CTCCCTCTCAATCAGC
13284	e16_ji1_CTCCCTCTCCCTCGAT
13285	e16_ji1_CTCCCTCTCTTACTGT
13286	e16_ji1_CTCCCTCTCTTTCCGG
13287	e16_ji1_CTCCGATAGGAGTCTG
13288	e16_ji1_CTCCGATGTACAGTTC
13289	e16_ji1_CTCCGATGTGTTATCG
13290	e16_ji1_CTCCGATGTTTGATCG
13291	e16_ji1_CTCCGATTCATCAGTG
13292	e16_ji1_CTCCGATTCCTTATGT
13293	e16_ji1_CTCCTCCAGACACACG
13294	e16_ji1_CTCCTCCAGTCAACAA
13295	e16_ji1_CTCCTCCGTCACTCAA
13296	e16_ji1_CTCCTCCGTCATTCCC
13297	e16_ji1_CTCCTCCGTGAATGTA
13298	e16_ji1_CTCCTCCGTTCCAAAC
13299	e16_ji1_CTCCTCCTCCGTTGGG
13300	e16_ji1_CTCCTCCTCGCACTCT
13301	e16_ji1_CTCCTTTAGTGCACTT
13302	e16_ji1_CTCCTTTGTACCTATG
13303	e16_ji1_CTCCTTTGTGGTCTTA
13304	e16_ji1_CTCCTTTGTTCTTCAT
13305	e16_ji1_CTCGAGGAGATGGCAC
13306	e16_ji1_CTCGAGGAGCGTATGG
13307	e16_ji1_CTCGAGGCACGCGTCA
13308	e16_ji1_CTCGAGGCACGGTGAA
13309	e16_ji1_CTCGAGGCAGACCAGA
13310	e16_ji1_CTCGAGGGTGATTCTG
13311	e16_ji1_CTCGAGGGTTCCACAA
13312	e16_ji1_CTCGAGGTCTGAGAAA
13313	e16_ji1_CTCTCAGAGAACTCCT
13314	e16_ji1_CTCTCAGAGTGGTTAA
13315	e16_ji1_CTCTCAGCAAACCATC
13316	e16_ji1_CTCTCAGCACCGCTGA
13317	e16_ji1_CTCTCAGCACCTAAAC
13318	e16_ji1_CTCTCAGGTCCGAAGA
13319	e16_ji1_CTCTCAGGTGTACATC
13320	e16_ji1_CTCTCAGGTTATGACC
13321	e16_ji1_CTCTCAGGTTATGTGC
13322	e16_ji1_CTCTCAGGTTTCGGCG
13323	e16_ji1_CTCTCAGTCGTCCTTG
13324	e16_ji1_CTCTCAGTCTCGGCTT
13325	e16_ji1_CTCTCAGTCTGCGATA
13326	e16_ji1_CTCTCGAAGATCCAAA
13327	e16_ji1_CTCTCGAAGGCTTAAA
13328	e16_ji1_CTCTCGAAGGTATAGT
13329	e16_ji1_CTCTCGACACTATCCC
13330	e16_ji1_CTCTCGACAGCTTCCT
13331	e16_ji1_CTCTCGACAGTAACAA
13332	e16_ji1_CTCTCGACATGACGAG
13333	e16_ji1_CTCTCGAGTACCACGC
13334	e16_ji1_CTCTCGATCCATACAG
13335	e16_ji1_CTCTCGATCTAGCATG
13336	e16_ji1_CTCTGGTAGCCATGCC
13337	e16_ji1_CTCTGGTAGCGGTAGT
13338	e16_ji1_CTCTGGTAGTAAATGC
13339	e16_ji1_CTCTGGTCACTTGGCG
13340	e16_ji1_CTCTGGTCAGGACATG
13341	e16_ji1_CTCTGGTGTCGCATTA
13342	e16_ji1_CTCTGGTGTGACACGA
13343	e16_ji1_CTCTGGTGTGGCAACA
13344	e16_ji1_CTCTGGTTCACCGGGT
13345	e16_ji1_CTGAATGAGCCATTGT
13346	e16_ji1_CTGAATGAGGACAGCT
13347	e16_ji1_CTGAATGAGGTTCTTG
13348	e16_ji1_CTGAATGAGTCCTGCG
13349	e16_ji1_CTGAATGAGTGCTAGG
13350	e16_ji1_CTGAATGGTAATCAAG
13351	e16_ji1_CTGAATGGTAGGTCAG
13352	e16_ji1_CTGAATGGTCAGCTTA
13353	e16_ji1_CTGAATGGTCAGTCGC
13354	e16_ji1_CTGAATGGTTCAACGT
13355	e16_ji1_CTGAATGTCAAAGGTA
13356	e16_ji1_CTGAATGTCCAAGGGA
13357	e16_ji1_CTGAATGTCGAAGCAG
13358	e16_ji1_CTGAGCGAGGGAGGAC
13359	e16_ji1_CTGAGCGAGTTATGGA
13360	e16_ji1_CTGAGCGAGTTTGGCT
13361	e16_ji1_CTGAGCGCAAATGAGT
13362	e16_ji1_CTGAGCGCAATGGCCC
13363	e16_ji1_CTGAGCGCATCTCAAG
13364	e16_ji1_CTGAGCGGTAACGCGA
13365	e16_ji1_CTGAGCGGTCACTCAA
13366	e16_ji1_CTGAGCGTCTAGACAC
13367	e16_ji1_CTGAGGCAGCCACAAG
13368	e16_ji1_CTGAGGCAGGAGTACC
13369	e16_ji1_CTGAGGCAGGGTTAAT
13370	e16_ji1_CTGAGGCCACCGTCGA
13371	e16_ji1_CTGAGGCCAGACGGAT
13372	e16_ji1_CTGAGGCTCAAAGCCT
13373	e16_ji1_CTGAGGCTCGCGTAGC
13374	e16_ji1_CTGAGGCTCGTAGCTA
13375	e16_ji1_CTGAGGCTCTGCTTAT
13376	e16_ji1_CTGATCCAGAGGCTGT
13377	e16_ji1_CTGATCCAGGGATCTG
13378	e16_ji1_CTGATCCAGTAATCCC
13379	e16_ji1_CTGATCCCAACGGCCT
13380	e16_ji1_CTGATCCCACTTGGCG
13381	e16_ji1_CTGATCCGTTGACTGT
13382	e16_ji1_CTGATCCGTTGCTAGT
13383	e16_ji1_CTGATCCTCGACGACC
13384	e16_ji1_CTGATCCTCGTTCCTG
13385	e16_ji1_CTGCAGGAGTAAAGCT
13386	e16_ji1_CTGCAGGAGTGCTACT
13387	e16_ji1_CTGCAGGCAAAGACGC
13388	e16_ji1_CTGCAGGCAATAGTAG
13389	e16_ji1_CTGCAGGCATATCTCT
13390	e16_ji1_CTGCAGGGTACAGTAA
13391	e16_ji1_CTGCAGGGTTGATGTC
13392	e16_ji1_CTGCAGGGTTGGATCT
13393	e16_ji1_CTGCAGGTCCCAGCGA
13394	e16_ji1_CTGCATCAGATGATTG
13395	e16_ji1_CTGCATCAGGCCTGAA
13396	e16_ji1_CTGCATCAGTGAGCCA
13397	e16_ji1_CTGCATCAGTGGTGGT
13398	e16_ji1_CTGCATCGTACCGGAA
13399	e16_ji1_CTGCATCGTTGGGATG
13400	e16_ji1_CTGCATCTCTACACTT
13401	e16_ji1_CTGCCATAGATCACTC
13402	e16_ji1_CTGCCATAGATGGCAC
13403	e16_ji1_CTGCCATAGCATGGGT
13404	e16_ji1_CTGCCATAGCGCCTAC
13405	e16_ji1_CTGCCATCACCAAATC
13406	e16_ji1_CTGCCATCACGGAAGT
13407	e16_ji1_CTGCCATCACTTGAGT
13408	e16_ji1_CTGCCATGTATTTCTC
13409	e16_ji1_CTGCCATGTGACTATC
13410	e16_ji1_CTGCCATGTTCGGTCG
13411	e16_ji1_CTGCCATTCTGAATGC
13412	e16_ji1_CTGCCTAAGTTTAGGA
13413	e16_ji1_CTGCCTACAACTAGAA
13414	e16_ji1_CTGCCTACAAGCACAG
13415	e16_ji1_CTGCCTACATGAAGGC
13416	e16_ji1_CTGCCTACATGCCGAC
13417	e16_ji1_CTGCCTAGTCTCCCTA
13418	e16_ji1_CTGCCTAGTTAGAGTA
13419	e16_ji1_CTGCCTATCTACACAG
13420	e16_ji1_CTGCGAGGTATTCTCT
13421	e16_ji1_CTGCGAGGTCCATACA
13422	e16_ji1_CTGCTCAAGCATTGAA
13423	e16_ji1_CTGCTCAAGCCAAGCA
13424	e16_ji1_CTGCTCAAGTACCATC
13425	e16_ji1_CTGCTCAAGTAGCATA
13426	e16_ji1_CTGCTCAAGTTACGGG
13427	e16_ji1_CTGCTCAAGTTAGAAC
13428	e16_ji1_CTGCTCACAAATTGCC
13429	e16_ji1_CTGCTCACAACACAAA
13430	e16_ji1_CTGCTCACAAGAGATT
13431	e16_ji1_CTGCTCACAGCTCTGG
13432	e16_ji1_CTGCTCATCCCTGGTT
13433	e16_ji1_CTGCTCATCCTAGAGT
13434	e16_ji1_CTGCTCATCCTCACGT
13435	e16_ji1_CTGGACGAGACGCCCT
13436	e16_ji1_CTGGACGAGAGAGGGC
13437	e16_ji1_CTGGACGCAAGAGATT
13438	e16_ji1_CTGGACGCATAAGCAA
13439	e16_ji1_CTGGACGGTATCGCAT
13440	e16_ji1_CTGGACGGTGCGACAA
13441	e16_ji1_CTGGACGGTGCTGCAC
13442	e16_ji1_CTGGACGGTTGGAGAC
13443	e16_ji1_CTGGCAGAGACCATTC
13444	e16_ji1_CTGGCAGAGAGCACTG
13445	e16_ji1_CTGGCAGAGAGTCAGC
13446	e16_ji1_CTGGCAGAGCACGATG
13447	e16_ji1_CTGGCAGAGCGCTGAA
13448	e16_ji1_CTGGCAGAGGCATCAG
13449	e16_ji1_CTGGCAGAGGGCCTCT
13450	e16_ji1_CTGGCAGAGTACAGCG
13451	e16_ji1_CTGGCAGAGTCATGGG
13452	e16_ji1_CTGGCAGCAAAGCTCT
13453	e16_ji1_CTGGCAGCAAGAGGCT
13454	e16_ji1_CTGGCAGCAGCTGTGC
13455	e16_ji1_CTGGCAGCATGCTGCG
13456	e16_ji1_CTGGCAGGTACCGGAA
13457	e16_ji1_CTGGCAGGTATTGACC
13458	e16_ji1_CTGGCAGTCGTAGCCG
13459	e16_ji1_CTGGCAGTCTACTATC
13460	e16_ji1_CTGGTCTCAGACCATT
13461	e16_ji1_CTGTACCAGACTCGAG
13462	e16_ji1_CTGTACCCAATTGCGT
13463	e16_ji1_CTGTACCCATAGATGA
13464	e16_ji1_CTGTACCCATCCGAAT
13465	e16_ji1_CTGTACCGTTCTCCTG
13466	e16_ji1_CTGTACCTCACTGGGC
13467	e16_ji1_CTGTACCTCATCCCGT
13468	e16_ji1_CTGTAGAAGCCTATCA
13469	e16_ji1_CTGTAGAAGCGACATG
13470	e16_ji1_CTGTAGAAGCGGACAT
13471	e16_ji1_CTGTAGAAGCTGACTT
13472	e16_ji1_CTGTAGACAACCTAAC
13473	e16_ji1_CTGTAGAGTTGTTGCA
13474	e16_ji1_CTGTATTAGAATGTTG
13475	e16_ji1_CTGTATTAGCCAGACA
13476	e16_ji1_CTGTATTAGCTGCGAA
13477	e16_ji1_CTGTATTAGGTTGCCC
13478	e16_ji1_CTGTATTAGTACTGTC
13479	e16_ji1_CTGTATTAGTATGAGT
13480	e16_ji1_CTGTATTAGTGCGACA
13481	e16_ji1_CTGTATTAGTTTCTTC
13482	e16_ji1_CTGTATTCACGGTGCT
13483	e16_ji1_CTGTATTCAGCGTGAA
13484	e16_ji1_CTGTATTCAGTTAGGG
13485	e16_ji1_CTGTATTCATTGCAAC
13486	e16_ji1_CTGTATTGTTGGGCCT
13487	e16_ji1_CTGTATTTCTTCTCAA
13488	e16_ji1_CTGTCGTAGAGGGCGA
13489	e16_ji1_CTGTCGTAGCGTGCCT
13490	e16_ji1_CTGTCGTAGCTTTCCC
13491	e16_ji1_CTGTCGTAGTAAGCAT
13492	e16_ji1_CTGTCGTCAAGAGAGA
13493	e16_ji1_CTGTCGTCAATCGAAA
13494	e16_ji1_CTGTCGTCATTGTAGC
13495	e16_ji1_CTGTCGTGTAACACCT
13496	e16_ji1_CTGTCGTGTCAGTTTG
13497	e16_ji1_CTGTCGTGTCGCCACA
13498	e16_ji1_CTGTCGTGTTGGTGTT
13499	e16_ji1_CTGTCGTTCGCCACTT
13500	e16_ji1_CTGTGAAAGAGAGGGC
13501	e16_ji1_CTGTGAAAGAGGATGA
13502	e16_ji1_CTGTGAAAGTTACGTC
13503	e16_ji1_CTGTGAACACGGTCTG
13504	e16_ji1_CTGTGAACAGGGCTTC
13505	e16_ji1_CTGTGAAGTACAGCGA
13506	e16_ji1_CTGTGAAGTAGACGTG
13507	e16_ji1_CTGTGAAGTGTTACAC
13508	e16_ji1_CTGTGAATCAAACCCA
13509	e16_ji1_CTGTGGGAGCCTATTG
13510	e16_ji1_CTGTGGGAGGTCTGGA
13511	e16_ji1_CTGTGGGCAACCGGAA
13512	e16_ji1_CTGTGGGCACGACAGA
13513	e16_ji1_CTGTGGGCAGGACTTT
13514	e16_ji1_CTGTGGGCAGGCTTGC
13515	e16_ji1_CTGTGGGCATAGATCC
13516	e16_ji1_CTGTGGGGTACGCGTC
13517	e16_ji1_CTGTGGGGTATCCCAA
13518	e16_ji1_CTGTGGGGTCGCACGT
13519	e16_ji1_CTGTGGGGTTGAAGTA
13520	e16_ji1_CTGTGGGTCCTCACTG
13521	e16_ji1_CTTACCGAGTCGCCAC
13522	e16_ji1_CTTACCGCACGGCTAC
13523	e16_ji1_CTTACCGCATTGCCGG
13524	e16_ji1_CTTACCGGTGAGACCA
13525	e16_ji1_CTTACCGTCCATTCAT
13526	e16_ji1_CTTACCGTCGGATTAC
13527	e16_ji1_CTTACCGTCGTTCCCA
13528	e16_ji1_CTTAGGAAGGCATCGA
13529	e16_ji1_CTTAGGACAGACACAG
13530	e16_ji1_CTTAGGAGTACCCGAC
13531	e16_ji1_CTTAGGAGTGTTATCG
13532	e16_ji1_CTTAGGATCCATTCAT
13533	e16_ji1_CTTCAATAGCAGTAAT
13534	e16_ji1_CTTCAATGTGCAGGAT
13535	e16_ji1_CTTCAATGTGGGACAT
13536	e16_ji1_CTTCCGAAGTAGCCAG
13537	e16_ji1_CTTCCGACAATTTCTC
13538	e16_ji1_CTTCCGAGTCTTACTT
13539	e16_ji1_CTTCCGATCAAACTGC
13540	e16_ji1_CTTCCGATCAACTACG
13541	e16_ji1_CTTCCGATCACCTGTC
13542	e16_ji1_CTTCCGATCATGCAGT
13543	e16_ji1_CTTCCGATCGGACAAG
13544	e16_ji1_CTTCCGATCGTGGGAA
13545	e16_ji1_CTTCCGATCTGAGTCA
13546	e16_ji1_CTTCCTTAGGTCGCCT
13547	e16_ji1_CTTCCTTCAAACTCTG
13548	e16_ji1_CTTCCTTCATGGAACG
13549	e16_ji1_CTTCCTTGTATCGTGT
13550	e16_ji1_CTTCCTTGTCGCACAC
13551	e16_ji1_CTTCCTTGTGATCGTT
13552	e16_ji1_CTTCCTTGTTAGAAGT
13553	e16_ji1_CTTCCTTTCCATCTGC
13554	e16_ji1_CTTCCTTTCGCCTCTA
13555	e16_ji1_CTTCCTTTCGCTAATG
13556	e16_ji1_CTTCGGTCACGGTGAA
13557	e16_ji1_CTTCGGTCACTGGATT
13558	e16_ji1_CTTCGGTGTATTCCTT
13559	e16_ji1_CTTCGGTGTCCACATA
13560	e16_ji1_CTTCGGTGTCGAGCTC
13561	e16_ji1_CTTCGGTGTCTGATAC
13562	e16_ji1_CTTCGGTTCAAGGACG
13563	e16_ji1_CTTCGGTTCCGAGATT
13564	e16_ji1_CTTCTAAAGCTTACGT
13565	e16_ji1_CTTCTAAAGTCAGAGC
13566	e16_ji1_CTTCTAAAGTGCCAGA
13567	e16_ji1_CTTCTAAAGTTGTCGT
13568	e16_ji1_CTTCTAACAAATCAGA
13569	e16_ji1_CTTCTAACAAGAATGT
13570	e16_ji1_CTTCTAACAATTGAGA
13571	e16_ji1_CTTCTAACACAAGGTG
13572	e16_ji1_CTTCTAACATAGAGGC
13573	e16_ji1_CTTCTAACATATGCGT
13574	e16_ji1_CTTCTAAGTATGGAGC
13575	e16_ji1_CTTCTAAGTCGCGTTG
13576	e16_ji1_CTTCTAATCCACACCT
13577	e16_ji1_CTTCTAATCCGACATA
13578	e16_ji1_CTTCTAATCCTCTCGA
13579	e16_ji1_CTTCTCTAGAGAACCC
13580	e16_ji1_CTTCTCTAGGGAGAAT
13581	e16_ji1_CTTCTCTAGGTAAAGG
13582	e16_ji1_CTTCTCTCAAGCACCC
13583	e16_ji1_CTTCTCTCAGAAGTTA
13584	e16_ji1_CTTCTCTGTAGATCCT
13585	e16_ji1_CTTGAGAAGTGGTTCT
13586	e16_ji1_CTTGAGACAACACTAC
13587	e16_ji1_CTTGAGACAAGGTCAG
13588	e16_ji1_CTTGAGACATCCTGTC
13589	e16_ji1_CTTGAGAGTCCAGAAG
13590	e16_ji1_CTTGAGAGTTATCCAG
13591	e16_ji1_CTTGAGAGTTTCTATC
13592	e16_ji1_CTTGAGATCAACTACG
13593	e16_ji1_CTTGAGATCATCGTAG
13594	e16_ji1_CTTGATTCATGTACGT
13595	e16_ji1_CTTGATTGTCTGCCTT
13596	e16_ji1_CTTGATTTCATAGGCT
13597	e16_ji1_CTTGATTTCGAGTGAG
13598	e16_ji1_CTTGATTTCGTCCATC
13599	e16_ji1_CTTTCAAAGATTAGAC
13600	e16_ji1_CTTTCAAAGCACTCTA
13601	e16_ji1_CTTTCAACACAATTCG
13602	e16_ji1_CTTTCAAGTACTGCCG
13603	e16_ji1_CTTTCAAGTTGCCGCA
13604	e16_ji1_CTTTCGGGTACTGAGG
13605	e16_ji1_CTTTCGGGTGATGAAT
13606	e16_ji1_CTTTCGGTCACCCTGT
13607	e16_ji1_GAAACCTAGCGACAGT
13608	e16_ji1_GAAACCTAGTGCTACT
13609	e16_ji1_GAAACCTGTGGATACG
13610	e16_ji1_GAAACCTTCAGCGCGT
13611	e16_ji1_GAAACCTTCCATTCAT
13612	e16_ji1_GAAACCTTCGTCTAAG
13613	e16_ji1_GAAATGAAGGCGTTGA
13614	e16_ji1_GAAATGAAGGTGCCTC
13615	e16_ji1_GAAATGACAAACTCGT
13616	e16_ji1_GAAATGACATAATCGC
13617	e16_ji1_GAAATGATCAATCAGC
13618	e16_ji1_GAACACTAGCGAGTAC
13619	e16_ji1_GAACACTAGTCGCTAT
13620	e16_ji1_GAACACTCATTCTCTA
13621	e16_ji1_GAACACTGTCCCGTGA
13622	e16_ji1_GAACACTGTGAGAGGG
13623	e16_ji1_GAACACTTCATCGCCT
13624	e16_ji1_GAACGTTAGTAAGCAT
13625	e16_ji1_GAACGTTCACTGCATA
13626	e16_ji1_GAACGTTCATTGCCGG
13627	e16_ji1_GAACGTTGTCACTGAT
13628	e16_ji1_GAACGTTTCAGATGCT
13629	e16_ji1_GAACGTTTCCCGTTCA
13630	e16_ji1_GAACTGTAGTATAGAC
13631	e16_ji1_GAACTGTAGTTCCGGC
13632	e16_ji1_GAACTGTCAGACTGCC
13633	e16_ji1_GAACTGTGTACGAGTG
13634	e16_ji1_GAACTGTGTCAGACTT
13635	e16_ji1_GAACTGTGTGACATCT
13636	e16_ji1_GAACTGTTCCCAAGCG
13637	e16_ji1_GAACTGTTCGTAGCTA
13638	e16_ji1_GAACTGTTCTCCGAAA
13639	e16_ji1_GAACTGTTCTGTACAG
13640	e16_ji1_GAAGAATAGAGACAAG
13641	e16_ji1_GAAGAATAGAGTCTGG
13642	e16_ji1_GAAGAATAGCCAGACA
13643	e16_ji1_GAAGAATAGCGAGTCA
13644	e16_ji1_GAAGAATAGGTAAACT
13645	e16_ji1_GAAGAATAGTACTGGG
13646	e16_ji1_GAAGAATAGTGCAGGT
13647	e16_ji1_GAAGAATCACATGGTT
13648	e16_ji1_GAAGAATCAGCTATAC
13649	e16_ji1_GAAGAATGTGACCGTC
13650	e16_ji1_GAAGAATGTGTTCGTA
13651	e16_ji1_GAAGCCCAGCAACAAT
13652	e16_ji1_GAAGCCCAGTTTGTCG
13653	e16_ji1_GAAGCCCCACGCTGAC
13654	e16_ji1_GAAGCCCCATGGTACT
13655	e16_ji1_GAAGCCCGTCACTCGG
13656	e16_ji1_GAAGCCCGTGAATATG
13657	e16_ji1_GAAGCCCTCGCCTAGG
13658	e16_ji1_GAAGCGAAGGATTTCC
13659	e16_ji1_GAAGCGAAGGTGCAGT
13660	e16_ji1_GAAGCGAAGTGCAAAT
13661	e16_ji1_GAAGCGAAGTTGCATC
13662	e16_ji1_GAAGCGACATACTTTC
13663	e16_ji1_GAAGCGAGTATCAGGG
13664	e16_ji1_GAAGCGAGTTCGGCGT
13665	e16_ji1_GAAGCGATCAGCACCG
13666	e16_ji1_GAAGCGATCCTACGGG
13667	e16_ji1_GAAGGACCAATACCTG
13668	e16_ji1_GAAGGACTCAACTCTT
13669	e16_ji1_GAAGGACTCAGCATTG
13670	e16_ji1_GAAGGACTCGTTCTGC
13671	e16_ji1_GAAGGGTAGCATGGGT
13672	e16_ji1_GAAGGGTAGTCGAAGC
13673	e16_ji1_GAAGGGTCAATTGTGC
13674	e16_ji1_GAAGGGTCATGTGTCA
13675	e16_ji1_GAAGGGTGTAGGGTAC
13676	e16_ji1_GAAGGGTGTGTGGACA
13677	e16_ji1_GAAGGGTGTGTGTGGA
13678	e16_ji1_GAAGGGTGTTACTCAG
13679	e16_ji1_GAAGTAAAGTAGATCA
13680	e16_ji1_GAAGTAACAATACGAA
13681	e16_ji1_GAAGTAACAGAGCGTA
13682	e16_ji1_GAAGTAAGTAACAAGT
13683	e16_ji1_GAAGTAAGTTCTCCTG
13684	e16_ji1_GAAGTAAGTTTGATCG
13685	e16_ji1_GAAGTAAGTTTGCCGG
13686	e16_ji1_GAAGTAATCCGCGATG
13687	e16_ji1_GAATAGAAGGCCTAGA
13688	e16_ji1_GAATAGAAGTCGCCAC
13689	e16_ji1_GAATAGACACGGTCTG
13690	e16_ji1_GAATAGAGTATACAGA
13691	e16_ji1_GAATAGAGTTCTCTCG
13692	e16_ji1_GAATAGATCGCAAGAG
13693	e16_ji1_GAATAGATCGGACTTA
13694	e16_ji1_GAATAGATCTTTCGAT
13695	e16_ji1_GAATCACAGCACCTGC
13696	e16_ji1_GAATCACAGGAGCTGT
13697	e16_ji1_GAATCACCAGCTAACT
13698	e16_ji1_GAATCACTCCTTCGAC
13699	e16_ji1_GAATCACTCGTTAGAC
13700	e16_ji1_GAATCGTAGCGTATGG
13701	e16_ji1_GAATCGTCAACTAGAA
13702	e16_ji1_GAATCGTCAATCCTAG
13703	e16_ji1_GAATCGTCACCAGACC
13704	e16_ji1_GAATCGTCATTGGGAG
13705	e16_ji1_GAATCGTGTATCCCTC
13706	e16_ji1_GAATCGTGTGACAGCA
13707	e16_ji1_GAATCGTTCAAATAGG
13708	e16_ji1_GAATCGTTCATGTCAG
13709	e16_ji1_GACACGCAGATACTGA
13710	e16_ji1_GACACGCCAATTAGGA
13711	e16_ji1_GACACGCGTATGTCCA
13712	e16_ji1_GACACGCGTCTTCATT
13713	e16_ji1_GACACGCGTGCACGCT
13714	e16_ji1_GACACGCGTGTGAATA
13715	e16_ji1_GACAGCCAGCTCGGCT
13716	e16_ji1_GACAGCCAGGATTCAA
13717	e16_ji1_GACAGCCAGTTGCGCC
13718	e16_ji1_GACAGCCCAACAAGTA
13719	e16_ji1_GACAGCCGTGGGATTG
13720	e16_ji1_GACAGCCTCACTGTCC
13721	e16_ji1_GACATCAAGATAGTGT
13722	e16_ji1_GACATCAAGCAGCCCT
13723	e16_ji1_GACATCAAGGAATGTT
13724	e16_ji1_GACATCAAGGTGAGAA
13725	e16_ji1_GACATCACACATACTG
13726	e16_ji1_GACATCAGTGGAAGTC
13727	e16_ji1_GACATCAGTTAGAGTA
13728	e16_ji1_GACATCAGTTCACCGG
13729	e16_ji1_GACATCATCCACGTGG
13730	e16_ji1_GACATCATCCGGCAAC
13731	e16_ji1_GACCAATCACAAGCTT
13732	e16_ji1_GACCAATCACCAGCGT
13733	e16_ji1_GACCAATGTATGCGGA
13734	e16_ji1_GACCAATGTTTACTGG
13735	e16_ji1_GACCAATTCAAGTCTG
13736	e16_ji1_GACCAATTCTAGCATG
13737	e16_ji1_GACCCAGCAAACGTGG
13738	e16_ji1_GACCCAGCACGGATCC
13739	e16_ji1_GACCCAGCACTTCCTG
13740	e16_ji1_GACCCAGCATCCCGTT
13741	e16_ji1_GACCCAGGTAGTCGGA
13742	e16_ji1_GACCCAGGTCGGCACT
13743	e16_ji1_GACCCAGGTCTCACAA
13744	e16_ji1_GACCCAGGTGAGACGT
13745	e16_ji1_GACCCAGTCATTCACT
13746	e16_ji1_GACCCAGTCGGCATTA
13747	e16_ji1_GACCCTTAGGCCCGTT
13748	e16_ji1_GACCCTTCAACAACAA
13749	e16_ji1_GACCCTTCAAGTATAG
13750	e16_ji1_GACCCTTCACCAGCGT
13751	e16_ji1_GACCCTTCATTATGCG
13752	e16_ji1_GACCCTTGTAGAGTTA
13753	e16_ji1_GACCCTTGTGCTCTCT
13754	e16_ji1_GACCCTTGTGTCTAAC
13755	e16_ji1_GACCCTTGTTCATCTT
13756	e16_ji1_GACCCTTGTTGGGTTT
13757	e16_ji1_GACCCTTTCATCAGTG
13758	e16_ji1_GACCCTTTCATTCATC
13759	e16_ji1_GACCCTTTCCTACCAC
13760	e16_ji1_GACCCTTTCGCCGAAC
13761	e16_ji1_GACCCTTTCTGCAGCG
13762	e16_ji1_GACCCTTTCTTCCCGA
13763	e16_ji1_GACCGTGCAAGTATAG
13764	e16_ji1_GACCGTGCAAGTATCC
13765	e16_ji1_GACCGTGCAGAGTCTT
13766	e16_ji1_GACCGTGCATAATGCC
13767	e16_ji1_GACCGTGGTACGACAG
13768	e16_ji1_GACCGTGGTACTCGTA
13769	e16_ji1_GACCGTGGTAGCGCCT
13770	e16_ji1_GACCGTGGTATGACAA
13771	e16_ji1_GACCGTGGTCATTCCC
13772	e16_ji1_GACCGTGTCACTGTTT
13773	e16_ji1_GACCGTGTCATTACTC
13774	e16_ji1_GACCGTGTCGAGGCAA
13775	e16_ji1_GACCTTCAGACTACCT
13776	e16_ji1_GACCTTCAGCACCGAA
13777	e16_ji1_GACCTTCAGCGTGAAC
13778	e16_ji1_GACCTTCAGGCTTAGG
13779	e16_ji1_GACCTTCAGGTGGGTT
13780	e16_ji1_GACCTTCCATAACCCA
13781	e16_ji1_GACCTTCCATTCCTCG
13782	e16_ji1_GACCTTCGTGGTAATA
13783	e16_ji1_GACCTTCTCAAGTAAG
13784	e16_ji1_GACCTTCTCCCTCTCC
13785	e16_ji1_GACCTTCTCGGCACTG
13786	e16_ji1_GACGCTGGTCTAGGCC
13787	e16_ji1_GACGCTGTCCACTAGA
13788	e16_ji1_GACGCTGTCCCTCTTT
13789	e16_ji1_GACGCTGTCCTGGCTT
13790	e16_ji1_GACGCTGTCGGCCTTT
13791	e16_ji1_GACGTTAAGCACTCTA
13792	e16_ji1_GACGTTAAGTGGTGGT
13793	e16_ji1_GACGTTACACAATGTC
13794	e16_ji1_GACGTTACAGCTACAT
13795	e16_ji1_GACGTTACATGGCGCT
13796	e16_ji1_GACGTTATCCTACTGC
13797	e16_ji1_GACGTTATCGTAATGC
13798	e16_ji1_GACTATGAGAATACAC
13799	e16_ji1_GACTATGAGCATCGAG
13800	e16_ji1_GACTATGAGCTTCATG
13801	e16_ji1_GACTATGAGGCATGGT
13802	e16_ji1_GACTATGAGGCTTTCA
13803	e16_ji1_GACTATGCAAGAATAC
13804	e16_ji1_GACTATGGTAACACCT
13805	e16_ji1_GACTATGGTAGGGAGG
13806	e16_ji1_GACTATGGTTCCAGGC
13807	e16_ji1_GACTCAAAGCGGGTTA
13808	e16_ji1_GACTCAAAGGATCATA
13809	e16_ji1_GACTCAAGTAGGATAT
13810	e16_ji1_GACTCAATCTGAATGC
13811	e16_ji1_GACTCTCAGTGCAGGT
13812	e16_ji1_GACTCTCCAAATAAGC
13813	e16_ji1_GACTCTCCACGACAGA
13814	e16_ji1_GACTCTCCACTAAACC
13815	e16_ji1_GACTCTCGTTGCGGCT
13816	e16_ji1_GACTCTCGTTTCCCAC
13817	e16_ji1_GACTCTCTCGCTCTCA
13818	e16_ji1_GACTCTCTCTTACTGT
13819	e16_ji1_GACTGATAGAATCCCT
13820	e16_ji1_GACTGATAGACCAGAC
13821	e16_ji1_GACTGATAGGACCCAA
13822	e16_ji1_GACTGATAGGATTACA
13823	e16_ji1_GACTGATAGGCTGAAC
13824	e16_ji1_GACTGATAGTTGAAAC
13825	e16_ji1_GACTGATCACATGTTG
13826	e16_ji1_GACTGATCAGAGGCAT
13827	e16_ji1_GACTGATCAGCACGAA
13828	e16_ji1_GACTGATGTCCCACGA
13829	e16_ji1_GACTGATGTTATGGTC
13830	e16_ji1_GACTGATTCCTTATCA
13831	e16_ji1_GACTGATTCGCATTAG
13832	e16_ji1_GACTTCCAGCGATGCA
13833	e16_ji1_GACTTCCAGCGTATGG
13834	e16_ji1_GACTTCCCAAGGTCAG
13835	e16_ji1_GACTTCCCACAGAGAC
13836	e16_ji1_GACTTCCCACGACGTC
13837	e16_ji1_GACTTCCCACTCCGAG
13838	e16_ji1_GACTTCCCAGCACGAA
13839	e16_ji1_GACTTCCTCGTCAGAT
13840	e16_ji1_GACTTCCTCTGGACCG
13841	e16_ji1_GAGAAATAGAGGTGCT
13842	e16_ji1_GAGAAATAGATCCAAA
13843	e16_ji1_GAGAAATCAGAGGTTG
13844	e16_ji1_GAGAAATCATGGGAAC
13845	e16_ji1_GAGAAATTCAGGAGAC
13846	e16_ji1_GAGAAATTCATTATCC
13847	e16_ji1_GAGAAATTCGAGTGGA
13848	e16_ji1_GAGAAATTCGCAGAGA
13849	e16_ji1_GAGACCCAGTACAGAT
13850	e16_ji1_GAGACCCGTCATCACA
13851	e16_ji1_GAGACCCGTCTGCAAT
13852	e16_ji1_GAGACCCGTTACGTAC
13853	e16_ji1_GAGACCCTCTACCACC
13854	e16_ji1_GAGACTTAGCAGCGAT
13855	e16_ji1_GAGACTTCAGTCTCTC
13856	e16_ji1_GAGACTTGTAAGGCTG
13857	e16_ji1_GAGACTTTCATTTGTC
13858	e16_ji1_GAGACTTTCCCGAGGT
13859	e16_ji1_GAGACTTTCGTAACCA
13860	e16_ji1_GAGAGGTAGATTGACA
13861	e16_ji1_GAGAGGTAGCTCACTA
13862	e16_ji1_GAGAGGTAGGCTGAAC
13863	e16_ji1_GAGAGGTCAGATAAAC
13864	e16_ji1_GAGAGGTCATACTGTG
13865	e16_ji1_GAGAGGTGTAGTTCCA
13866	e16_ji1_GAGAGGTGTTACCTGA
13867	e16_ji1_GAGAGGTTCAGTCTTT
13868	e16_ji1_GAGAGGTTCGCTACGG
13869	e16_ji1_GAGAGGTTCTCGCCTA
13870	e16_ji1_GAGAGGTTCTGCCTCA
13871	e16_ji1_GAGATGGAGAGTTGAT
13872	e16_ji1_GAGATGGAGGCTTAAA
13873	e16_ji1_GAGATGGAGTAGACCG
13874	e16_ji1_GAGATGGCATGAAGGC
13875	e16_ji1_GAGATGGTCAGAATAG
13876	e16_ji1_GAGATGGTCGCACGAC
13877	e16_ji1_GAGATGGTCGGTGTAT
13878	e16_ji1_GAGCCTGAGTAGACCG
13879	e16_ji1_GAGCCTGAGTATCCTG
13880	e16_ji1_GAGCCTGCAAATCGGG
13881	e16_ji1_GAGCCTGCAGAAGCTG
13882	e16_ji1_GAGCCTGGTCACGACC
13883	e16_ji1_GAGCCTGGTTGTACGT
13884	e16_ji1_GAGCCTGTCAGCTCTC
13885	e16_ji1_GAGCCTGTCCATAGAC
13886	e16_ji1_GAGCTGCAGACTCATC
13887	e16_ji1_GAGCTGCAGTACTGTC
13888	e16_ji1_GAGCTGCGTATGGAGC
13889	e16_ji1_GAGCTGCGTCTACTGA
13890	e16_ji1_GAGCTGCGTTAAGCAA
13891	e16_ji1_GAGCTGCTCCGAAGGA
13892	e16_ji1_GAGCTGCTCGCCTTTG
13893	e16_ji1_GAGGCAAAGCTAAACA
13894	e16_ji1_GAGGCAAAGCTGTTAC
13895	e16_ji1_GAGGCAAAGGACTATA
13896	e16_ji1_GAGGCAAAGGCCTGCT
13897	e16_ji1_GAGGCAAAGTGCAGCA
13898	e16_ji1_GAGGCAACAAGATCCT
13899	e16_ji1_GAGGCAAGTATCGTTG
13900	e16_ji1_GAGGCAAGTCGCATGC
13901	e16_ji1_GAGGCAAGTGGAACCA
13902	e16_ji1_GAGGCAAGTGTCCACG
13903	e16_ji1_GAGGCAATCATTTACC
13904	e16_ji1_GAGGCAATCCAGCCTT
13905	e16_ji1_GAGGCAATCCGTTTCG
13906	e16_ji1_GAGGCCTAGGTCGACA
13907	e16_ji1_GAGGCCTCATTGCCTC
13908	e16_ji1_GAGGCCTGTCGAATGG
13909	e16_ji1_GAGGCCTTCCCTCTTT
13910	e16_ji1_GAGGCCTTCCGTAATG
13911	e16_ji1_GAGGGATCACTACCCT
13912	e16_ji1_GAGGGATGTATCAGCT
13913	e16_ji1_GAGGGATGTTGGAGGT
13914	e16_ji1_GAGGGATGTTGGCCGT
13915	e16_ji1_GAGGGATTCCTTGGAA
13916	e16_ji1_GAGGGATTCTAAGAAG
13917	e16_ji1_GAGGGTAAGCATGAAT
13918	e16_ji1_GAGGGTACATATGGCT
13919	e16_ji1_GAGGGTAGTAACTTCG
13920	e16_ji1_GAGGGTAGTGGCAGAT
13921	e16_ji1_GAGGGTAGTGGCTAGA
13922	e16_ji1_GAGGGTATCACTCACC
13923	e16_ji1_GAGGGTATCGACATAC
13924	e16_ji1_GAGTCATAGACATACA
13925	e16_ji1_GAGTCATAGCGTTCCG
13926	e16_ji1_GAGTCATAGGGCAAGG
13927	e16_ji1_GAGTCATAGTCCCAAT
13928	e16_ji1_GAGTCATCAACTGCTA
13929	e16_ji1_GAGTCATCACAGCATT
13930	e16_ji1_GAGTCATGTCTAACTG
13931	e16_ji1_GAGTCATGTTCCCACT
13932	e16_ji1_GAGTCATTCATTATCC
13933	e16_ji1_GAGTCATTCTCACTCG
13934	e16_ji1_GAGTCATTCTCTCGCA
13935	e16_ji1_GAGTCTAAGGTCCGAA
13936	e16_ji1_GAGTCTAGTACAGCGA
13937	e16_ji1_GAGTCTAGTATATGGA
13938	e16_ji1_GAGTCTAGTCATCTAG
13939	e16_ji1_GAGTCTAGTGCAACGA
13940	e16_ji1_GAGTCTAGTGCGTTTA
13941	e16_ji1_GAGTCTATCATTTACC
13942	e16_ji1_GAGTGAGAGATGATTG
13943	e16_ji1_GAGTGAGAGCCGAACA
13944	e16_ji1_GAGTGAGAGGAGTATT
13945	e16_ji1_GAGTGAGAGTTCCTGA
13946	e16_ji1_GAGTGAGCAGCACAAG
13947	e16_ji1_GAGTGAGGTGTGACCC
13948	e16_ji1_GAGTGTTAGTGAGTGC
13949	e16_ji1_GAGTGTTCACCAGCCA
13950	e16_ji1_GAGTGTTCACTCCTTG
13951	e16_ji1_GAGTGTTGTCCTTTGC
13952	e16_ji1_GAGTGTTGTCTGCCTT
13953	e16_ji1_GAGTGTTTCCCATAGA
13954	e16_ji1_GAGTGTTTCCGCATAA
13955	e16_ji1_GAGTTACCACCACTGG
13956	e16_ji1_GAGTTACGTAAGAACT
13957	e16_ji1_GAGTTACGTAATGCGG
13958	e16_ji1_GAGTTACGTCCTGTTC
13959	e16_ji1_GAGTTACGTTGACTGT
13960	e16_ji1_GAGTTGTAGCATTGAA
13961	e16_ji1_GAGTTGTCAGGTGTTT
13962	e16_ji1_GAGTTGTGTGAGTTTC
13963	e16_ji1_GAGTTGTGTTTGATCG
13964	e16_ji1_GAGTTGTTCGTGGCTG
13965	e16_ji1_GAGTTTGAGCGTACAG
13966	e16_ji1_GAGTTTGAGGCCCGTT
13967	e16_ji1_GAGTTTGAGGTAGGCT
13968	e16_ji1_GAGTTTGCACTGAGTT
13969	e16_ji1_GAGTTTGTCACTGTCC
13970	e16_ji1_GAGTTTGTCTAGTCAG
13971	e16_ji1_GAGTTTGTCTTGATTC
13972	e16_ji1_GATAGAAAGCTGGAGT
13973	e16_ji1_GATAGAAAGGACAAGA
13974	e16_ji1_GATAGAAAGGGCCTCT
13975	e16_ji1_GATAGAACAATAACCC
13976	e16_ji1_GATAGAACAATGAACA
13977	e16_ji1_GATAGAATCATGCCAA
13978	e16_ji1_GATAGCTAGAGCATAT
13979	e16_ji1_GATAGCTAGGTAAGGA
13980	e16_ji1_GATAGCTAGGTAGCAC
13981	e16_ji1_GATAGCTCAGTCGAGA
13982	e16_ji1_GATAGCTCATAATGCC
13983	e16_ji1_GATAGCTGTCACGCTG
13984	e16_ji1_GATAGCTGTGACTCTA
13985	e16_ji1_GATAGCTGTTGCTCGG
13986	e16_ji1_GATAGCTTCCACAGGC
13987	e16_ji1_GATAGCTTCGCTAATG
13988	e16_ji1_GATCACAAGAGTCCGA
13989	e16_ji1_GATCACAAGATCGGTG
13990	e16_ji1_GATCACACAAAGGATT
13991	e16_ji1_GATCACACAGCGCGTT
13992	e16_ji1_GATCACAGTGGCTAGA
13993	e16_ji1_GATCACAGTTTACTTC
13994	e16_ji1_GATCACATCAAGAGTA
13995	e16_ji1_GATCACATCAGGAAAT
13996	e16_ji1_GATCAGTAGAGAGCGG
13997	e16_ji1_GATCAGTAGGCCTTCG
13998	e16_ji1_GATCAGTCAAGCGCAA
13999	e16_ji1_GATCAGTCACGACGCT
14000	e16_ji1_GATCAGTTCTATACTC
14001	e16_ji1_GATCATGAGCGACATG
14002	e16_ji1_GATCATGAGTGAGTTA
14003	e16_ji1_GATCATGCAAGTGCTT
14004	e16_ji1_GATCATGCAGCATTGT
14005	e16_ji1_GATCATGCAGCTTTGA
14006	e16_ji1_GATCATGGTATCGAAA
14007	e16_ji1_GATCATGGTATCGAGG
14008	e16_ji1_GATCATGGTTGACTAC
14009	e16_ji1_GATCATGTCCATTTCA
14010	e16_ji1_GATCATGTCGGAAACG
14011	e16_ji1_GATCATGTCTCCGAGG
14012	e16_ji1_GATCATGTCTCTGCTG
14013	e16_ji1_GATCATGTCTGGACTA
14014	e16_ji1_GATCATGTCTGGTGCG
14015	e16_ji1_GATCCCTAGCCACTCG
14016	e16_ji1_GATCCCTCAATTTCTC
14017	e16_ji1_GATCCCTCACCGGTCA
14018	e16_ji1_GATCCCTCAGCAGTGA
14019	e16_ji1_GATCCCTGTCATGCAT
14020	e16_ji1_GATCCCTGTCGGATTT
14021	e16_ji1_GATCCCTGTGCCCTTT
14022	e16_ji1_GATCCCTTCAGAGCAG
14023	e16_ji1_GATCCCTTCCCAGGCA
14024	e16_ji1_GATCCCTTCCCGAAAT
14025	e16_ji1_GATCCCTTCTGAATCG
14026	e16_ji1_GATCGTAAGCCTATCA
14027	e16_ji1_GATCGTACAGCTATTG
14028	e16_ji1_GATCGTACATGAAGCG
14029	e16_ji1_GATCGTAGTGTCGCTG
14030	e16_ji1_GATCGTAGTTGGGAAC
14031	e16_ji1_GATCGTAGTTTACGAC
14032	e16_ji1_GATCGTAGTTTCGTTT
14033	e16_ji1_GATCGTATCCGATGCG
14034	e16_ji1_GATGACTAGATGGTCG
14035	e16_ji1_GATGACTAGCACCCAC
14036	e16_ji1_GATGACTAGGCGTCCT
14037	e16_ji1_GATGACTAGTTCAACC
14038	e16_ji1_GATGACTCAAGAATGT
14039	e16_ji1_GATGACTCACTACGGC
14040	e16_ji1_GATGACTCAGCGTGAA
14041	e16_ji1_GATGACTCAGCTTTCC
14042	e16_ji1_GATGACTCAGTTGTTG
14043	e16_ji1_GATGACTCATTGAGCT
14044	e16_ji1_GATGACTGTAAGCTCT
14045	e16_ji1_GATGACTGTCAGGTAG
14046	e16_ji1_GATGACTGTCCTCCTA
14047	e16_ji1_GATGACTGTTTCGTTT
14048	e16_ji1_GATGACTTCATATGGC
14049	e16_ji1_GATGACTTCCTCTGCA
14050	e16_ji1_GATGACTTCGGTCTGG
14051	e16_ji1_GATGAGGAGCTGTTCA
14052	e16_ji1_GATGAGGAGGACGGAG
14053	e16_ji1_GATGAGGAGTGCTCAT
14054	e16_ji1_GATGAGGCAATGACCT
14055	e16_ji1_GATGAGGCACAAGTTC
14056	e16_ji1_GATGAGGCATCAGCTA
14057	e16_ji1_GATGAGGCATCGATGT
14058	e16_ji1_GATGAGGTCGGTTCAA
14059	e16_ji1_GATGATCAGATAACGT
14060	e16_ji1_GATGATCAGATAGTGT
14061	e16_ji1_GATGATCAGCATGTTC
14062	e16_ji1_GATGATCAGGCACAAC
14063	e16_ji1_GATGATCAGTAGGAAG
14064	e16_ji1_GATGATCCAGGAGGTT
14065	e16_ji1_GATGATCCAGTTCACA
14066	e16_ji1_GATGATCCATGCGGTC
14067	e16_ji1_GATGATCGTGCATCTA
14068	e16_ji1_GATGATCTCACTGTTT
14069	e16_ji1_GATGATCTCCATAAGC
14070	e16_ji1_GATGATCTCTTCGATT
14071	e16_ji1_GATGCTAAGAAGCGGG
14072	e16_ji1_GATGCTAAGAGCCCAA
14073	e16_ji1_GATGCTAAGCGTGTTT
14074	e16_ji1_GATGCTAAGCTAAGTA
14075	e16_ji1_GATGCTAAGTGTTGTC
14076	e16_ji1_GATGCTACAGCGTATT
14077	e16_ji1_GATGCTACAGCTGTTA
14078	e16_ji1_GATGCTACAGTGGGTA
14079	e16_ji1_GATGCTACATTGTCGA
14080	e16_ji1_GATGCTAGTAGACAGC
14081	e16_ji1_GATGCTAGTCCCAAAT
14082	e16_ji1_GATGCTATCAAGTTGC
14083	e16_ji1_GATGCTATCCAGGACC
14084	e16_ji1_GATGCTATCCGTGGCA
14085	e16_ji1_GATGCTATCGCGTGCA
14086	e16_ji1_GATGCTATCTCGTCGT
14087	e16_ji1_GATGCTATCTTGTGCC
14088	e16_ji1_GATGGAGAGTAAGCAT
14089	e16_ji1_GATGGAGCAACATCGT
14090	e16_ji1_GATGGAGCACTTCATT
14091	e16_ji1_GATGGAGCATACCGTA
14092	e16_ji1_GATGGAGCATCAGTGT
14093	e16_ji1_GATGGAGCATGAATAG
14094	e16_ji1_GATGGAGGTCCACTTC
14095	e16_ji1_GATGGAGGTGATATAG
14096	e16_ji1_GATGTTGAGAAACACT
14097	e16_ji1_GATGTTGAGAGCTGAC
14098	e16_ji1_GATGTTGCAGAATCGG
14099	e16_ji1_GATGTTGCATAGGCGA
14100	e16_ji1_GATGTTGGTACAGTAA
14101	e16_ji1_GATGTTGGTGTCTTCC
14102	e16_ji1_GATGTTGTCACCATAG
14103	e16_ji1_GATGTTGTCAGTGTCA
14104	e16_ji1_GATGTTGTCTATCGTT
14105	e16_ji1_GATGTTGTCTTCGTGC
14106	e16_ji1_GATTCGAGTACTAAGA
14107	e16_ji1_GATTCGAGTAGAGCTG
14108	e16_ji1_GATTCGAGTATCACCA
14109	e16_ji1_GATTCGAGTCTGTGCG
14110	e16_ji1_GATTCGAGTTATTCCT
14111	e16_ji1_GATTCGATCATGAAAG
14112	e16_ji1_GATTCGATCCGCAGTG
14113	e16_ji1_GATTCTTAGCTAGCCC
14114	e16_ji1_GATTCTTAGTCATGGG
14115	e16_ji1_GATTCTTAGTTGTAGA
14116	e16_ji1_GATTCTTCAGGCCTGT
14117	e16_ji1_GATTCTTCATACAGAA
14118	e16_ji1_GATTCTTGTACAAACA
14119	e16_ji1_GATTCTTTCATTCATC
14120	e16_ji1_GATTCTTTCCATTTGT
14121	e16_ji1_GATTCTTTCCCATTTA
14122	e16_ji1_GATTGGTAGCGTCAGA
14123	e16_ji1_GATTGGTAGGTCATTC
14124	e16_ji1_GATTGGTAGGTTCATC
14125	e16_ji1_GATTGGTAGTCATTGC
14126	e16_ji1_GATTGGTAGTCGCTAT
14127	e16_ji1_GATTGGTAGTGGCCTC
14128	e16_ji1_GATTGGTCAACACAAA
14129	e16_ji1_GATTGGTTCAAATAGG
14130	e16_ji1_GATTGGTTCAACCTCC
14131	e16_ji1_GATTGGTTCCATCTGC
14132	e16_ji1_GATTTCTCACTGGAAG
14133	e16_ji1_GATTTCTCATTGGCAT
14134	e16_ji1_GATTTCTGTCTACAGT
14135	e16_ji1_GATTTCTTCACAACCA
14136	e16_ji1_GATTTCTTCCGTACGG
14137	e16_ji1_GCAACATAGCATACTC
14138	e16_ji1_GCAACATAGGTTCACT
14139	e16_ji1_GCAACATAGTGGAAGA
14140	e16_ji1_GCAACATCAGCGTGCT
14141	e16_ji1_GCAACATCATCACGGC
14142	e16_ji1_GCAACATCATGAATAG
14143	e16_ji1_GCAACATGTATGTCCA
14144	e16_ji1_GCAACATGTGCCGAAA
14145	e16_ji1_GCAACATTCGTCAGAT
14146	e16_ji1_GCAACCGAGGCACCAA
14147	e16_ji1_GCAACCGAGTCCCAGC
14148	e16_ji1_GCAACCGCAGAACCGA
14149	e16_ji1_GCAACCGGTTATGTGC
14150	e16_ji1_GCACATAAGATCGGTG
14151	e16_ji1_GCACATAAGCTCACTA
14152	e16_ji1_GCACATAAGTTCCGTA
14153	e16_ji1_GCACATAAGTTGGACG
14154	e16_ji1_GCACATACATCTGGGC
14155	e16_ji1_GCACATATCCGTCACT
14156	e16_ji1_GCACATATCTTAAGGC
14157	e16_ji1_GCACGGTAGACCTCAT
14158	e16_ji1_GCACGGTAGAGAGTTT
14159	e16_ji1_GCACGGTCAGAGGTAC
14160	e16_ji1_GCACGGTCAGATAAAC
14161	e16_ji1_GCACGGTGTTGTCAGT
14162	e16_ji1_GCACGGTTCTATCGGA
14163	e16_ji1_GCACGGTTCTTACACT
14164	e16_ji1_GCACGTGAGAATTCAG
14165	e16_ji1_GCACGTGAGAATTTGG
14166	e16_ji1_GCACGTGAGCAGGCAT
14167	e16_ji1_GCACGTGAGTCCGTCG
14168	e16_ji1_GCACGTGAGTGTCATC
14169	e16_ji1_GCACGTGCAAAGAACT
14170	e16_ji1_GCACGTGCACAGAAGC
14171	e16_ji1_GCACGTGCACATACTG
14172	e16_ji1_GCACGTGCACTTGAAC
14173	e16_ji1_GCACGTGTCAATGTCG
14174	e16_ji1_GCACGTGTCGCGGTAC
14175	e16_ji1_GCACGTGTCTCTATAC
14176	e16_ji1_GCACGTGTCTCTGACC
14177	e16_ji1_GCACTAAAGAGTCGAC
14178	e16_ji1_GCACTAAAGCTCGGCT
14179	e16_ji1_GCACTAAAGGGTATAT
14180	e16_ji1_GCACTAAGTCGAGCTC
14181	e16_ji1_GCACTAAGTCGGAAAC
14182	e16_ji1_GCACTAATCAGCAATC
14183	e16_ji1_GCACTAATCAGTGCGC
14184	e16_ji1_GCACTAATCCTACTGC
14185	e16_ji1_GCAGCCAAGAGGATGA
14186	e16_ji1_GCAGCCACACATCCCT
14187	e16_ji1_GCAGCCACATGAAGGC
14188	e16_ji1_GCAGCCAGTGTTAAAG
14189	e16_ji1_GCAGCCAGTGTTCATG
14190	e16_ji1_GCAGCCAGTTCCAAAC
14191	e16_ji1_GCAGCCATCCAAAGGG
14192	e16_ji1_GCAGCCATCGCATTAG
14193	e16_ji1_GCAGCCATCTAGATCG
14194	e16_ji1_GCAGCTGAGCGCTGAA
14195	e16_ji1_GCAGCTGAGCTGAGTG
14196	e16_ji1_GCAGCTGAGGCTCAAG
14197	e16_ji1_GCAGCTGAGTGAACAT
14198	e16_ji1_GCAGCTGAGTGCTCAT
14199	e16_ji1_GCAGCTGCAACTTGCA
14200	e16_ji1_GCAGCTGCACAGCATT
14201	e16_ji1_GCAGCTGGTATGGAAT
14202	e16_ji1_GCAGCTGGTCAATCTG
14203	e16_ji1_GCAGCTGGTTCAGCGC
14204	e16_ji1_GCAGCTGGTTCATCGA
14205	e16_ji1_GCAGCTGGTTGCATCA
14206	e16_ji1_GCAGCTGTCCCTCATG
14207	e16_ji1_GCAGCTGTCCGTTTCG
14208	e16_ji1_GCAGCTGTCGAGTTGT
14209	e16_ji1_GCAGCTGTCGCCTATC
14210	e16_ji1_GCAGGCTAGAGAATCT
14211	e16_ji1_GCAGGCTAGGCTGGAT
14212	e16_ji1_GCAGGCTAGTCACTGT
14213	e16_ji1_GCAGGCTCAGCCTATA
14214	e16_ji1_GCAGGCTCAGGAACCA
14215	e16_ji1_GCAGGCTCAGGAGGAG
14216	e16_ji1_GCAGGCTGTTTCCAAG
14217	e16_ji1_GCAGGCTTCCTCTGCA
14218	e16_ji1_GCAGGCTTCTACTTCA
14219	e16_ji1_GCAGGCTTCTGAGATC
14220	e16_ji1_GCAGTTAAGAGTTCGG
14221	e16_ji1_GCAGTTACAATATCCG
14222	e16_ji1_GCAGTTACATATAGCC
14223	e16_ji1_GCAGTTATCACCATGA
14224	e16_ji1_GCAGTTATCCATCACC
14225	e16_ji1_GCATCGGAGAGGCTGT
14226	e16_ji1_GCATCGGAGCTAAGTA
14227	e16_ji1_GCATCGGCAGAACTTC
14228	e16_ji1_GCATCGGCATTCACCC
14229	e16_ji1_GCATCGGGTGTATTGC
14230	e16_ji1_GCATCTCAGCCTTTCC
14231	e16_ji1_GCATCTCAGTGCTAGG
14232	e16_ji1_GCATCTCCATGGCCAC
14233	e16_ji1_GCATCTCGTCAAGGCA
14234	e16_ji1_GCATCTCGTCACGCTG
14235	e16_ji1_GCATCTCGTCCAAATC
14236	e16_ji1_GCATCTCGTTATGGTC
14237	e16_ji1_GCATCTCGTTATGTCG
14238	e16_ji1_GCATCTCTCCCATAGA
14239	e16_ji1_GCATCTCTCGTTCTGC
14240	e16_ji1_GCATCTCTCTGGTTGA
14241	e16_ji1_GCATGATAGAGTCAGC
14242	e16_ji1_GCATGATAGCCGCTTG
14243	e16_ji1_GCATGATCAAGAGTTA
14244	e16_ji1_GCATGATGTTCAAGTC
14245	e16_ji1_GCATGATTCGTGGCTG
14246	e16_ji1_GCATGATTCTAGTGAC
14247	e16_ji1_GCATTAGAGGTAGACC
14248	e16_ji1_GCATTAGCAAGTCCCG
14249	e16_ji1_GCATTAGCACACTTAG
14250	e16_ji1_GCATTAGCAGACATCT
14251	e16_ji1_GCATTAGGTGAGAGGG
14252	e16_ji1_GCATTAGGTTGACGGA
14253	e16_ji1_GCATTAGTCCTAGCTC
14254	e16_ji1_GCATTAGTCGTAATGC
14255	e16_ji1_GCCAACGAGTTTCTTC
14256	e16_ji1_GCCAACGCACGTACTA
14257	e16_ji1_GCCAACGCATAACGGG
14258	e16_ji1_GCCAACGGTACCTAGT
14259	e16_ji1_GCCAACGGTGAACTAA
14260	e16_ji1_GCCAACGGTGAGTGAC
14261	e16_ji1_GCCAACGTCAAAGACA
14262	e16_ji1_GCCAACGTCCGAAATC
14263	e16_ji1_GCCAACGTCCTTACCG
14264	e16_ji1_GCCAGCAAGCAGATAT
14265	e16_ji1_GCCAGCAAGCGACATG
14266	e16_ji1_GCCAGCAAGTCAACAA
14267	e16_ji1_GCCAGCACAATCTGCA
14268	e16_ji1_GCCAGCACACATACTG
14269	e16_ji1_GCCAGCACAGCTGTTA
14270	e16_ji1_GCCAGCAGTGGCAACA
14271	e16_ji1_GCCAGCAGTTCGGTAT
14272	e16_ji1_GCCAGCATCCTGGCTT
14273	e16_ji1_GCCAGCATCTAGGCCG
14274	e16_ji1_GCCAGCATCTCTTCAA
14275	e16_ji1_GCCAGCATCTGCCCTA
14276	e16_ji1_GCCAGCATCTGGTTGA
14277	e16_ji1_GCCAGCATCTTCCCGA
14278	e16_ji1_GCCAGCATCTTCCTAA
14279	e16_ji1_GCCAGGTAGGAGCAAA
14280	e16_ji1_GCCAGGTCATTGGCAT
14281	e16_ji1_GCCAGGTGTTATCTGG
14282	e16_ji1_GCCAGGTTCTCAGTCC
14283	e16_ji1_GCCAGTGAGAAACCAT
14284	e16_ji1_GCCAGTGAGGCTCTCG
14285	e16_ji1_GCCAGTGAGTCTTCGA
14286	e16_ji1_GCCAGTGCACTCAAGT
14287	e16_ji1_GCCAGTGCACTTGTCC
14288	e16_ji1_GCCAGTGGTCGAGTGA
14289	e16_ji1_GCCAGTGTCATATGGC
14290	e16_ji1_GCCAGTGTCATGGGAG
14291	e16_ji1_GCCAGTGTCTAGCCAA
14292	e16_ji1_GCCATGGAGAATTTGG
14293	e16_ji1_GCCATGGAGTCCGCCA
14294	e16_ji1_GCCATGGCATATAGCC
14295	e16_ji1_GCCATGGCATCTGTTT
14296	e16_ji1_GCCATGGGTCGCAGTC
14297	e16_ji1_GCCATGGTCACGGGAA
14298	e16_ji1_GCCATGGTCGGAAACG
14299	e16_ji1_GCCATGGTCTTTGATC
14300	e16_ji1_GCCATTCAGCTCTTCC
14301	e16_ji1_GCCATTCAGTTTCGAC
14302	e16_ji1_GCCATTCCAAAGCTCT
14303	e16_ji1_GCCATTCGTAGCTTGT
14304	e16_ji1_GCCATTCGTATAGGGC
14305	e16_ji1_GCCATTCGTCCTGAAT
14306	e16_ji1_GCCCAGAAGGAGGGTG
14307	e16_ji1_GCCCAGAAGGGCTGAT
14308	e16_ji1_GCCCAGATCCTCTCGA
14309	e16_ji1_GCCCAGATCGATACTG
14310	e16_ji1_GCCCAGATCGGACAAG
14311	e16_ji1_GCCCGAAAGGGATCGT
14312	e16_ji1_GCCCGAACAGAGAGGG
14313	e16_ji1_GCCCGAAGTCCACATA
14314	e16_ji1_GCCCGAAGTCTTACAG
14315	e16_ji1_GCCCGAAGTTCAAGGG
14316	e16_ji1_GCCCGAATCAAAGGAT
14317	e16_ji1_GCCCGAATCGCTGCGA
14318	e16_ji1_GCCCGAATCGGTCGAC
14319	e16_ji1_GCCGATGAGGAAGTCC
14320	e16_ji1_GCCGATGAGGTGCTTT
14321	e16_ji1_GCCGATGAGTAGTCCT
14322	e16_ji1_GCCGATGCACATGTTG
14323	e16_ji1_GCCGATGGTAGGTACG
14324	e16_ji1_GCCGATGGTCTGGTTA
14325	e16_ji1_GCCGATGGTGCAAGAC
14326	e16_ji1_GCCGATGGTTGTGCAT
14327	e16_ji1_GCCGATGGTTTCGGCG
14328	e16_ji1_GCCGATGTCCCTCAAC
14329	e16_ji1_GCCGATGTCCGATAGT
14330	e16_ji1_GCCGATGTCGGTAACT
14331	e16_ji1_GCCGATGTCTCAACGA
14332	e16_ji1_GCCGATGTCTCAGAAC
14333	e16_ji1_GCCGTGAAGCCGTTGC
14334	e16_ji1_GCCGTGAAGCTCACTA
14335	e16_ji1_GCCGTGAAGTAGTCTC
14336	e16_ji1_GCCGTGACACCACTGG
14337	e16_ji1_GCCGTGACAGGTTACT
14338	e16_ji1_GCCGTGACATACATCG
14339	e16_ji1_GCCGTGAGTACCGTCG
14340	e16_ji1_GCCTGTTAGCATCGAG
14341	e16_ji1_GCCTGTTAGCATGATA
14342	e16_ji1_GCCTGTTAGCGATTCT
14343	e16_ji1_GCCTGTTAGCGCTTCG
14344	e16_ji1_GCCTGTTAGTCTGGAG
14345	e16_ji1_GCCTGTTAGTTGCTGT
14346	e16_ji1_GCCTGTTCACACACTA
14347	e16_ji1_GCCTGTTCACATCCCT
14348	e16_ji1_GCCTGTTCACCCTAAA
14349	e16_ji1_GCCTGTTGTCAGGCAA
14350	e16_ji1_GCGAGAAAGAATACAC
14351	e16_ji1_GCGAGAACAACACGAG
14352	e16_ji1_GCGAGAACACACCGAC
14353	e16_ji1_GCGAGAACACAGAAGC
14354	e16_ji1_GCGAGAACACGCAGTC
14355	e16_ji1_GCGAGAATCCCAGGAC
14356	e16_ji1_GCGAGAATCCTAACAG
14357	e16_ji1_GCGAGAATCGACTCCT
14358	e16_ji1_GCGAGAATCTTAATCC
14359	e16_ji1_GCGATCGAGAACTGAT
14360	e16_ji1_GCGATCGAGAGGTCGT
14361	e16_ji1_GCGATCGCAACAAGTA
14362	e16_ji1_GCGATCGCACAGAGCA
14363	e16_ji1_GCGATCGGTAGGCAAC
14364	e16_ji1_GCGATCGGTATACGGG
14365	e16_ji1_GCGATCGGTCAACCAT
14366	e16_ji1_GCGATCGGTTCTCGTC
14367	e16_ji1_GCGGAAAAGACGACGT
14368	e16_ji1_GCGGAAAAGACGACTG
14369	e16_ji1_GCGGAAAAGCTCCCTT
14370	e16_ji1_GCGGAAACAACTCATG
14371	e16_ji1_GCGGAAACACACCGCA
14372	e16_ji1_GCGGAAACACCCTATC
14373	e16_ji1_GCGGAAACACCTGTCT
14374	e16_ji1_GCGGAAACACGGGCTT
14375	e16_ji1_GCGGAAACACGTGTGC
14376	e16_ji1_GCGGAAAGTTCCACGG
14377	e16_ji1_GCGGAAATCCAAGCTA
14378	e16_ji1_GCGGAAATCGCCAGAC
14379	e16_ji1_GCGGATCAGGTCATAA
14380	e16_ji1_GCGGATCCAATCGTCA
14381	e16_ji1_GCGGATCCACGGTGCT
14382	e16_ji1_GCGGATCGTATGCTTG
14383	e16_ji1_GCGGATCGTTGGAGAC
14384	e16_ji1_GCGGATCTCAAATGCC
14385	e16_ji1_GCGGATCTCCGGCAGT
14386	e16_ji1_GCGGATCTCGTGAGAG
14387	e16_ji1_GCGTGCAAGAATCGCG
14388	e16_ji1_GCGTGCAAGGGTAATT
14389	e16_ji1_GCGTGCAAGTGCACCC
14390	e16_ji1_GCGTGCACAACCGTAT
14391	e16_ji1_GCGTGCACACGGCACT
14392	e16_ji1_GCGTGCATCGCATGAT
14393	e16_ji1_GCGTGCATCTTTGATC
14394	e16_ji1_GCGTTTCAGACCTTTG
14395	e16_ji1_GCGTTTCAGCCTCTTC
14396	e16_ji1_GCGTTTCAGGTTGGTG
14397	e16_ji1_GCGTTTCAGTTGGAGC
14398	e16_ji1_GCGTTTCCAACCACAT
14399	e16_ji1_GCGTTTCCAACGCATT
14400	e16_ji1_GCGTTTCCACCTTCGT
14401	e16_ji1_GCGTTTCCAGAATGTA
14402	e16_ji1_GCGTTTCGTACGAGTG
14403	e16_ji1_GCGTTTCGTGCTCCGA
14404	e16_ji1_GCGTTTCTCTGCTGAA
14405	e16_ji1_GCTACAAAGGTCATAA
14406	e16_ji1_GCTACAAAGGTCTACT
14407	e16_ji1_GCTACAAAGTCCTGCG
14408	e16_ji1_GCTACAAAGTTCGCAT
14409	e16_ji1_GCTACAACATCGCTCT
14410	e16_ji1_GCTACAACATGTCTAG
14411	e16_ji1_GCTACCTAGGCTCTAT
14412	e16_ji1_GCTACCTAGTCCGCGT
14413	e16_ji1_GCTACCTAGTCTGTAC
14414	e16_ji1_GCTACCTCAAGCGAGT
14415	e16_ji1_GCTACCTCATCGGTTA
14416	e16_ji1_GCTACCTGTCGATGCC
14417	e16_ji1_GCTACCTGTCTTTCTA
14418	e16_ji1_GCTACCTTCTCCTGCA
14419	e16_ji1_GCTACCTTCTTAGCCC
14420	e16_ji1_GCTCAAAAGCAGCACA
14421	e16_ji1_GCTCAAAAGCGCCGTT
14422	e16_ji1_GCTCAAACACGCTTAA
14423	e16_ji1_GCTCAAACAGCGTACC
14424	e16_ji1_GCTCAAAGTAACGATA
14425	e16_ji1_GCTCAAAGTACCTTCC
14426	e16_ji1_GCTCAAAGTCTTGAGT
14427	e16_ji1_GCTCAAATCCTACCGT
14428	e16_ji1_GCTGAATAGAAGCTCG
14429	e16_ji1_GCTGAATAGCACTCGC
14430	e16_ji1_GCTGAATAGGTGTGAC
14431	e16_ji1_GCTGAATCATATGGCT
14432	e16_ji1_GCTGAATGTAGCGTAG
14433	e16_ji1_GCTGAATGTCGACTGC
14434	e16_ji1_GCTGAATTCGCCAGTG
14435	e16_ji1_GCTGAATTCGGTATGT
14436	e16_ji1_GCTGCAGAGATCACTC
14437	e16_ji1_GCTGCAGAGGGAGGGT
14438	e16_ji1_GCTGCAGAGGTCCCGT
14439	e16_ji1_GCTGCAGCACCTGCAG
14440	e16_ji1_GCTGCAGGTACTTGTG
14441	e16_ji1_GCTGCAGTCTTGCAGA
14442	e16_ji1_GCTGGGTAGACTCAAA
14443	e16_ji1_GCTGGGTAGCGCTTCG
14444	e16_ji1_GCTGGGTCAGACGCTC
14445	e16_ji1_GCTGGGTCATCGGAAG
14446	e16_ji1_GCTGGGTGTCCGGATC
14447	e16_ji1_GCTGGGTTCAAGCCTA
14448	e16_ji1_GCTGGGTTCATAAGGA
14449	e16_ji1_GCTGGGTTCCCGAATA
14450	e16_ji1_GCTGGGTTCGATACGT
14451	e16_ji1_GCTTCACAGTGTACCT
14452	e16_ji1_GCTTCACCACACCGAC
14453	e16_ji1_GCTTCACCAGTCGGAA
14454	e16_ji1_GCTTCACGTCACCACG
14455	e16_ji1_GCTTCACGTTCTGAGT
14456	e16_ji1_GCTTCACTCACCGACG
14457	e16_ji1_GCTTGGGAGTCCTACA
14458	e16_ji1_GCTTGGGAGTTCATCG
14459	e16_ji1_GCTTGGGCAAGAATGT
14460	e16_ji1_GCTTGGGCAATCCTTT
14461	e16_ji1_GCTTGGGCACGCGTCA
14462	e16_ji1_GCTTGGGCAGAGATGC
14463	e16_ji1_GCTTGGGCATGACACT
14464	e16_ji1_GCTTGGGTCCGAGCTG
14465	e16_ji1_GCTTTCGAGCATGCGA
14466	e16_ji1_GCTTTCGAGGCGAAGG
14467	e16_ji1_GCTTTCGAGGTTACAA
14468	e16_ji1_GCTTTCGAGTGAATAC
14469	e16_ji1_GCTTTCGCAGTCTGGC
14470	e16_ji1_GCTTTCGCATGGGTTT
14471	e16_ji1_GCTTTCGGTCAGGAGT
14472	e16_ji1_GCTTTCGGTGCAGTGA
14473	e16_ji1_GCTTTCGGTGCATTTG
14474	e16_ji1_GCTTTCGGTGTCCATA
14475	e16_ji1_GCTTTCGGTGTTCGTA
14476	e16_ji1_GCTTTCGTCCTGATAG
14477	e16_ji1_GCTTTCGTCCTTTGAT
14478	e16_ji1_GCTTTCGTCGAGAATA
14479	e16_ji1_GCTTTCGTCTCCGATC
14480	e16_ji1_GCTTTCGTCTCTCTTC
14481	e16_ji1_GGAACCCAGATAGGGA
14482	e16_ji1_GGAACCCAGCGTGAGT
14483	e16_ji1_GGAACCCAGGAGAGTA
14484	e16_ji1_GGAACCCCAAATGAGT
14485	e16_ji1_GGAACCCCAATCTGCA
14486	e16_ji1_GGAACCCCAGGGAGAG
14487	e16_ji1_GGAACCCGTTTCTTAC
14488	e16_ji1_GGAACCCTCGTGTTCC
14489	e16_ji1_GGAACCCTCTACGCGG
14490	e16_ji1_GGAACCCTCTGCTTTA
14491	e16_ji1_GGAAGTGAGGCTTTCA
14492	e16_ji1_GGAAGTGCAACAGATA
14493	e16_ji1_GGAAGTGGTATATGGA
14494	e16_ji1_GGAAGTGTCGAGTCTA
14495	e16_ji1_GGAATCTAGAGTGTGC
14496	e16_ji1_GGAATCTAGATGCCGA
14497	e16_ji1_GGAATCTAGGCTAACG
14498	e16_ji1_GGAATCTGTATGATCC
14499	e16_ji1_GGAATCTGTTCAGTAC
14500	e16_ji1_GGAATCTTCCCTCATG
14501	e16_ji1_GGAATCTTCCTACCGT
14502	e16_ji1_GGAATCTTCGTGGGTC
14503	e16_ji1_GGAATGGAGGAATGTT
14504	e16_ji1_GGAATGGCAATACGCT
14505	e16_ji1_GGAATGGCACACCTGG
14506	e16_ji1_GGAATGGCACGTCGGT
14507	e16_ji1_GGAATGGCACTGGAAG
14508	e16_ji1_GGAATGGCAGCTTTGA
14509	e16_ji1_GGAATGGCATCCGGTG
14510	e16_ji1_GGACGTCAGGGACACT
14511	e16_ji1_GGACGTCCAACTGCTA
14512	e16_ji1_GGACGTCCAAGACCGA
14513	e16_ji1_GGACGTCCAATCTCTT
14514	e16_ji1_GGACGTCCAATGCAAA
14515	e16_ji1_GGACGTCCAGAGGCAT
14516	e16_ji1_GGACGTCGTAGGCTCC
14517	e16_ji1_GGACGTCGTAGGTTTC
14518	e16_ji1_GGACGTCGTGAGCAGT
14519	e16_ji1_GGACGTCTCAGGAGAC
14520	e16_ji1_GGACGTCTCATTCGTT
14521	e16_ji1_GGACGTCTCCAGTTCC
14522	e16_ji1_GGACGTCTCCTGGTCT
14523	e16_ji1_GGACGTCTCGTTAGTG
14524	e16_ji1_GGACGTCTCTGGACTA
14525	e16_ji1_GGAGAACAGACTTCCA
14526	e16_ji1_GGAGAACAGATGACAT
14527	e16_ji1_GGAGAACAGGCACCAA
14528	e16_ji1_GGAGAACAGTTCCATG
14529	e16_ji1_GGAGAACCACATTACG
14530	e16_ji1_GGAGAACCACTGCGAC
14531	e16_ji1_GGAGAACCAGTGTATC
14532	e16_ji1_GGAGAACGTCCACTTC
14533	e16_ji1_GGAGAACGTGCAAGAC
14534	e16_ji1_GGAGAACTCACTGATG
14535	e16_ji1_GGAGAACTCCTCGATC
14536	e16_ji1_GGAGAACTCGATGCAT
14537	e16_ji1_GGAGAACTCTCATTAC
14538	e16_ji1_GGAGAACTCTCCGTGT
14539	e16_ji1_GGAGATGAGTCTAACC
14540	e16_ji1_GGAGATGCACAAAGTA
14541	e16_ji1_GGAGATGCAGCATGCC
14542	e16_ji1_GGAGATGGTCTGTCAA
14543	e16_ji1_GGAGATGTCGGCCCAA
14544	e16_ji1_GGAGATGTCTGTCCCA
14545	e16_ji1_GGAGCAAAGAGCAGCT
14546	e16_ji1_GGAGCAAAGGTTCCGC
14547	e16_ji1_GGAGCAAAGTGGCAGT
14548	e16_ji1_GGAGCAACATGATGCT
14549	e16_ji1_GGAGCAACATTGGATC
14550	e16_ji1_GGAGCAAGTCCTGTCT
14551	e16_ji1_GGAGCAAGTCTTCAAG
14552	e16_ji1_GGAGCAAGTTCGGCGT
14553	e16_ji1_GGAGCAAGTTCGGCTG
14554	e16_ji1_GGAGCAATCTCTAAGG
14555	e16_ji1_GGAGGATCACAAGCAG
14556	e16_ji1_GGAGGATCACCGGCTA
14557	e16_ji1_GGAGGATCAGGTCAGA
14558	e16_ji1_GGAGGATCATCCTTGC
14559	e16_ji1_GGAGGATGTGATTAGA
14560	e16_ji1_GGAGGTAAGCACGGAT
14561	e16_ji1_GGAGGTAAGGGCAAGG
14562	e16_ji1_GGAGGTACAAACCACT
14563	e16_ji1_GGAGGTACAGGATCTT
14564	e16_ji1_GGAGGTAGTAGAGTTA
14565	e16_ji1_GGAGGTAGTATATGGA
14566	e16_ji1_GGAGGTAGTGAGCCAA
14567	e16_ji1_GGAGGTATCATCTACT
14568	e16_ji1_GGAGGTATCTAGGCAT
14569	e16_ji1_GGATCTAAGCATCAGG
14570	e16_ji1_GGATCTAAGTCGGCAA
14571	e16_ji1_GGATCTAAGTTTCGAC
14572	e16_ji1_GGATCTACACTTGGCG
14573	e16_ji1_GGATCTACAGCAGTTT
14574	e16_ji1_GGATCTATCAAACCTG
14575	e16_ji1_GGATCTATCATTCGTT
14576	e16_ji1_GGATCTATCGAGATGG
14577	e16_ji1_GGATCTATCTAGACAC
14578	e16_ji1_GGATGTTAGATACTGA
14579	e16_ji1_GGATGTTAGTACAACA
14580	e16_ji1_GGATGTTCAACGATTC
14581	e16_ji1_GGATGTTCACGATTCA
14582	e16_ji1_GGATGTTCATCCGGTG
14583	e16_ji1_GGATGTTCATGCAGGA
14584	e16_ji1_GGATGTTGTTTCGACA
14585	e16_ji1_GGCACGTAGCAGAAAG
14586	e16_ji1_GGCACGTAGCCAAGCA
14587	e16_ji1_GGCACGTAGGGTTGCA
14588	e16_ji1_GGCACGTAGGTCCAGA
14589	e16_ji1_GGCACGTAGTGGTTCT
14590	e16_ji1_GGCACGTCAAATGGTA
14591	e16_ji1_GGCACGTCATAATGAG
14592	e16_ji1_GGCACGTGTGAATATG
14593	e16_ji1_GGCACGTTCAACGAGG
14594	e16_ji1_GGCACGTTCATTCTTG
14595	e16_ji1_GGCACGTTCCAACCAA
14596	e16_ji1_GGCACGTTCCCGTTCA
14597	e16_ji1_GGCAGTCAGACAGCTG
14598	e16_ji1_GGCAGTCAGCAGTACG
14599	e16_ji1_GGCAGTCCACCCTTGT
14600	e16_ji1_GGCAGTCCACGGCGTT
14601	e16_ji1_GGCAGTCCACTGTTCC
14602	e16_ji1_GGCAGTCCATCCTAAG
14603	e16_ji1_GGCAGTCGTGACTCGC
14604	e16_ji1_GGCAGTCGTTTACCAG
14605	e16_ji1_GGCGTCACAAAGCTCT
14606	e16_ji1_GGCGTCACACCACATA
14607	e16_ji1_GGCGTCACACTAGAGG
14608	e16_ji1_GGCGTCAGTGGGTCAA
14609	e16_ji1_GGCGTCAGTGTGTACT
14610	e16_ji1_GGCGTCAGTGTTACAC
14611	e16_ji1_GGCGTCATCCACTGAA
14612	e16_ji1_GGCGTCATCGCCGAAC
14613	e16_ji1_GGCTGTGAGGGCAAGG
14614	e16_ji1_GGCTGTGGTAGACAAT
14615	e16_ji1_GGCTGTGGTGTCTAAC
14616	e16_ji1_GGCTGTGGTTAGCTAC
14617	e16_ji1_GGCTGTGGTTCCATTT
14618	e16_ji1_GGCTGTGTCGTCTCAC
14619	e16_ji1_GGCTTGGAGCTTACGT
14620	e16_ji1_GGCTTGGAGGGCAACT
14621	e16_ji1_GGCTTGGCACTCAAGT
14622	e16_ji1_GGCTTGGGTAGCGCTC
14623	e16_ji1_GGCTTGGGTGCTTATG
14624	e16_ji1_GGCTTGGGTTTGAAAG
14625	e16_ji1_GGCTTGGTCGCGTTTC
14626	e16_ji1_GGCTTTCAGCGCGTTC
14627	e16_ji1_GGCTTTCCACGACTAT
14628	e16_ji1_GGCTTTCCATCACCAA
14629	e16_ji1_GGCTTTCGTCTTGAGT
14630	e16_ji1_GGCTTTCGTGGCGTAA
14631	e16_ji1_GGCTTTCGTTAGTTCG
14632	e16_ji1_GGCTTTCTCCCTTGGT
14633	e16_ji1_GGCTTTCTCCTCTAAT
14634	e16_ji1_GGGAAGTGTCGCTTAA
14635	e16_ji1_GGGAAGTGTGGTCTGC
14636	e16_ji1_GGGAAGTTCACGACTA
14637	e16_ji1_GGGAAGTTCGAGAATA
14638	e16_ji1_GGGAAGTTCGGATTAC
14639	e16_ji1_GGGAAGTTCTTCTCAA
14640	e16_ji1_GGGACAAAGCCTATCA
14641	e16_ji1_GGGACAAAGTACGTCT
14642	e16_ji1_GGGACAAAGTATTGCC
14643	e16_ji1_GGGACAAAGTCGCTAT
14644	e16_ji1_GGGACAACAAGTTTGC
14645	e16_ji1_GGGACAACATCAGCGC
14646	e16_ji1_GGGACAAGTGATGGCA
14647	e16_ji1_GGGACAAGTGTCCAAT
14648	e16_ji1_GGGACAAGTTACCCAA
14649	e16_ji1_GGGACAATCAGACAAA
14650	e16_ji1_GGGACAATCGGAACTT
14651	e16_ji1_GGGACCTAGCTTAGTC
14652	e16_ji1_GGGACCTCAAGACGAC
14653	e16_ji1_GGGACCTCACTTCTCG
14654	e16_ji1_GGGACCTCATAGTCGT
14655	e16_ji1_GGGACCTCATGATCTG
14656	e16_ji1_GGGACCTCATTAAGCC
14657	e16_ji1_GGGACCTGTCCAAAGG
14658	e16_ji1_GGGACCTGTTCGGGTC
14659	e16_ji1_GGGACCTTCAAGGACG
14660	e16_ji1_GGGACCTTCCGTAGGC
14661	e16_ji1_GGGACCTTCGTCGATA
14662	e16_ji1_GGGACCTTCTCTGCTG
14663	e16_ji1_GGGACCTTCTTGTGCC
14664	e16_ji1_GGGACTCCACCACTGG
14665	e16_ji1_GGGACTCGTGATGAAT
14666	e16_ji1_GGGACTCTCCGTAGGC
14667	e16_ji1_GGGACTCTCGGTGCAC
14668	e16_ji1_GGGACTCTCTGCCCTA
14669	e16_ji1_GGGAGATAGATGCTGG
14670	e16_ji1_GGGAGATAGCACGTCC
14671	e16_ji1_GGGAGATAGCGACCCT
14672	e16_ji1_GGGAGATCAACTCGAT
14673	e16_ji1_GGGAGATCACTATCCC
14674	e16_ji1_GGGAGATCAGCGACCT
14675	e16_ji1_GGGAGATCAGCTCCTT
14676	e16_ji1_GGGAGATCATGACTTG
14677	e16_ji1_GGGAGATGTGAGATTA
14678	e16_ji1_GGGAGATTCACTCTTA
14679	e16_ji1_GGGAGATTCCGTTTCG
14680	e16_ji1_GGGAGATTCGACCACG
14681	e16_ji1_GGGAGATTCGAGCCTG
14682	e16_ji1_GGGAGTAAGGCCCGTT
14683	e16_ji1_GGGAGTAAGTAGGGTC
14684	e16_ji1_GGGAGTACAGATTTCG
14685	e16_ji1_GGGAGTAGTCGCGGTT
14686	e16_ji1_GGGAGTAGTTGGCCTG
14687	e16_ji1_GGGAGTATCGGCTCTT
14688	e16_ji1_GGGAGTATCTAGTACG
14689	e16_ji1_GGGAGTATCTAGTTCT
14690	e16_ji1_GGGATCCAGAATTCAG
14691	e16_ji1_GGGATCCAGCCTGGAA
14692	e16_ji1_GGGATCCAGCGCACAA
14693	e16_ji1_GGGATCCAGGCTCAAG
14694	e16_ji1_GGGATCCCACCAAAGG
14695	e16_ji1_GGGATCCCACCTCAGG
14696	e16_ji1_GGGATCCCAGAATGTA
14697	e16_ji1_GGGATCCCAGTGCGCT
14698	e16_ji1_GGGATCCCATGCTGCG
14699	e16_ji1_GGGATCCCATGTTACG
14700	e16_ji1_GGGATCCCATTGACTG
14701	e16_ji1_GGGATCCGTCGCTTAA
14702	e16_ji1_GGGATCCGTTTAGTCG
14703	e16_ji1_GGGATCCTCCAGCACG
14704	e16_ji1_GGGATCCTCGTCGCTT
14705	e16_ji1_GGGATCCTCTGGGAGA
14706	e16_ji1_GGGATGAAGCTGGTGA
14707	e16_ji1_GGGATGAAGGTTGAGC
14708	e16_ji1_GGGATGACAGCGTGAA
14709	e16_ji1_GGGATGACAGCTGTGC
14710	e16_ji1_GGGATGAGTCAAAGAT
14711	e16_ji1_GGGATGAGTCAAAGCG
14712	e16_ji1_GGGATGAGTCCGATCG
14713	e16_ji1_GGGATGAGTGCATCTA
14714	e16_ji1_GGGATGAGTTGGTAGG
14715	e16_ji1_GGGATGATCCCAAGTA
14716	e16_ji1_GGGATGATCTACACAG
14717	e16_ji1_GGGCCATAGCAGTAAT
14718	e16_ji1_GGGCCATAGCTCCATA
14719	e16_ji1_GGGCCATAGTGGACGT
14720	e16_ji1_GGGCCATCAATCTCTT
14721	e16_ji1_GGGCCATCAGATTTCG
14722	e16_ji1_GGGCCATGTCCGGCAT
14723	e16_ji1_GGGCCATTCCGTGTAA
14724	e16_ji1_GGGCCATTCGCCAGAC
14725	e16_ji1_GGGCGTTAGGTCATTC
14726	e16_ji1_GGGCGTTAGGTCTACT
14727	e16_ji1_GGGCGTTAGTATCTGC
14728	e16_ji1_GGGCGTTAGTCGCGAA
14729	e16_ji1_GGGCGTTAGTTAACAG
14730	e16_ji1_GGGCGTTCAACCAACT
14731	e16_ji1_GGGCGTTCAATGAACA
14732	e16_ji1_GGGCGTTCAGGGACTA
14733	e16_ji1_GGGCGTTGTATGGTTC
14734	e16_ji1_GGGCGTTGTCCAGCCA
14735	e16_ji1_GGGCGTTGTGAGATAT
14736	e16_ji1_GGGCGTTGTTAGTCGT
14737	e16_ji1_GGGCGTTTCACTGTCC
14738	e16_ji1_GGGCGTTTCGTCGACG
14739	e16_ji1_GGGCGTTTCGTGGGAA
14740	e16_ji1_GGGCGTTTCTTTCGAT
14741	e16_ji1_GGGCTACAGACCAGCA
14742	e16_ji1_GGGCTACAGCGTTACT
14743	e16_ji1_GGGCTACAGTAGGTTA
14744	e16_ji1_GGGCTACCAGCCTTCT
14745	e16_ji1_GGGCTACCATGGAGAC
14746	e16_ji1_GGGCTCAAGAGTTGTA
14747	e16_ji1_GGGCTCAAGGTTGACG
14748	e16_ji1_GGGCTCACAATGTCTG
14749	e16_ji1_GGGCTCACACATTGTG
14750	e16_ji1_GGGCTCACAGTCTTCC
14751	e16_ji1_GGGCTCACATCATTGG
14752	e16_ji1_GGGCTCAGTGTTCATG
14753	e16_ji1_GGGCTCATCGGTCTGG
14754	e16_ji1_GGGTAGAAGCGCCCAT
14755	e16_ji1_GGGTAGACAACTGGTT
14756	e16_ji1_GGGTAGACAAGCAATA
14757	e16_ji1_GGGTAGAGTGCATTTG
14758	e16_ji1_GGGTAGATCACTTTGT
14759	e16_ji1_GGGTATTAGCAACCAG
14760	e16_ji1_GGGTATTAGCCTTTCC
14761	e16_ji1_GGGTATTAGGGATCTG
14762	e16_ji1_GGGTATTAGTACGTCT
14763	e16_ji1_GGGTATTCACCATTCC
14764	e16_ji1_GGGTATTCAGACGGAT
14765	e16_ji1_GGGTATTGTTGTACGT
14766	e16_ji1_GGGTATTGTTTGGCTA
14767	e16_ji1_GGGTATTTCCGACATA
14768	e16_ji1_GGGTATTTCTGGGTCG
14769	e16_ji1_GGGTATTTCTTCTGTA
14770	e16_ji1_GGGTCACAGAAATGGG
14771	e16_ji1_GGGTCACCAACCGTGC
14772	e16_ji1_GGGTCACTCAAACCTG
14773	e16_ji1_GGGTCACTCAACGTGT
14774	e16_ji1_GGGTCACTCAACTCTT
14775	e16_ji1_GGGTCACTCCCTCTTT
14776	e16_ji1_GGGTCTGAGAGAGCGG
14777	e16_ji1_GGGTCTGAGGTCTACT
14778	e16_ji1_GGGTCTGCACCCTAAA
14779	e16_ji1_GGGTCTGCACGGTAGA
14780	e16_ji1_GGGTCTGGTACAAAGT
14781	e16_ji1_GGGTCTGGTATTTCTC
14782	e16_ji1_GGGTCTGGTCTTACTT
14783	e16_ji1_GGGTCTGTCAAATGCC
14784	e16_ji1_GGGTCTGTCAGACATC
14785	e16_ji1_GGGTCTGTCTGCACCT
14786	e16_ji1_GGGTCTGTCTGGGCCA
14787	e16_ji1_GGGTGAAAGACCTCAT
14788	e16_ji1_GGGTGAAAGCGATTCT
14789	e16_ji1_GGGTGAACAACCCTAA
14790	e16_ji1_GGGTGAACAAGATCCT
14791	e16_ji1_GGGTGAACAGGTCTCG
14792	e16_ji1_GGGTGAACATATGCGT
14793	e16_ji1_GGGTGAACATCACGGC
14794	e16_ji1_GGGTGAAGTCCAATCA
14795	e16_ji1_GGGTGAAGTGGTTTAC
14796	e16_ji1_GGGTGAAGTTCAAAGA
14797	e16_ji1_GGGTGAATCAAGCCAT
14798	e16_ji1_GGGTGAATCTCTTAAC
14799	e16_ji1_GGGTGTCAGACCAGAC
14800	e16_ji1_GGGTGTCAGACTCCGC
14801	e16_ji1_GGGTGTCAGAGAATCT
14802	e16_ji1_GGGTGTCAGAGCTTTC
14803	e16_ji1_GGGTGTCAGCACGGAT
14804	e16_ji1_GGGTGTCAGCCTTTCC
14805	e16_ji1_GGGTGTCCAATTTCGG
14806	e16_ji1_GGGTGTCCATGTGGCC
14807	e16_ji1_GGGTGTCGTAATTGGA
14808	e16_ji1_GGGTGTCGTATCTCGA
14809	e16_ji1_GGGTGTCTCGCTGTCT
14810	e16_ji1_GGGTTATAGCAAATCA
14811	e16_ji1_GGGTTATAGCCATTCA
14812	e16_ji1_GGGTTATCATATCGGT
14813	e16_ji1_GGGTTATGTCGCCTAG
14814	e16_ji1_GGGTTATGTGCAATAA
14815	e16_ji1_GGGTTATTCATCGCCT
14816	e16_ji1_GGGTTATTCGCGCCAA
14817	e16_ji1_GGGTTATTCTTCGGAA
14818	e16_ji1_GGGTTTAAGAGAGCAA
14819	e16_ji1_GGGTTTAAGGTTATAG
14820	e16_ji1_GGGTTTAGTGTCCCTT
14821	e16_ji1_GGGTTTAGTGTCTTCC
14822	e16_ji1_GGTAACTCAACGACAG
14823	e16_ji1_GGTAACTCAGCACAAG
14824	e16_ji1_GGTAACTCAGCTCCTT
14825	e16_ji1_GGTAACTGTTCCTAGA
14826	e16_ji1_GGTAACTTCAAGAGGC
14827	e16_ji1_GGTAACTTCATACAGC
14828	e16_ji1_GGTAACTTCCAACACA
14829	e16_ji1_GGTAACTTCCCGTGTT
14830	e16_ji1_GGTAACTTCTTTGATC
14831	e16_ji1_GGTAATCAGCATTGAA
14832	e16_ji1_GGTAATCAGGTCTTTG
14833	e16_ji1_GGTAATCAGTCTGCAT
14834	e16_ji1_GGTAATCAGTTGGCGA
14835	e16_ji1_GGTAATCCAACAGCTT
14836	e16_ji1_GGTAATCCAAGTGACG
14837	e16_ji1_GGTAATCCATGGGTTT
14838	e16_ji1_GGTAATCGTAACATGA
14839	e16_ji1_GGTAATCGTACAGCGA
14840	e16_ji1_GGTAATCGTCCCTGTT
14841	e16_ji1_GGTAATCGTCCTCCAT
14842	e16_ji1_GGTAATCGTTAAGGAT
14843	e16_ji1_GGTAATCTCATCCTGC
14844	e16_ji1_GGTAATCTCCTGGTCT
14845	e16_ji1_GGTAATCTCGTAGCCG
14846	e16_ji1_GGTAATCTCGTGCGAC
14847	e16_ji1_GGTAGAGAGGCTCACC
14848	e16_ji1_GGTAGAGCACCTGAAT
14849	e16_ji1_GGTAGAGCAGAATCGG
14850	e16_ji1_GGTAGAGCAGGATTCT
14851	e16_ji1_GGTAGAGGTATCAAGA
14852	e16_ji1_GGTAGAGTCATACGAC
14853	e16_ji1_GGTAGAGTCCCGATCT
14854	e16_ji1_GGTAGAGTCGTGGTAT
14855	e16_ji1_GGTCACGAGCGTCTGC
14856	e16_ji1_GGTCACGAGGTTCCAT
14857	e16_ji1_GGTCACGAGTGCTAGG
14858	e16_ji1_GGTCACGAGTGGCGAT
14859	e16_ji1_GGTCACGCAATAGGAT
14860	e16_ji1_GGTCACGCAGCGTGAA
14861	e16_ji1_GGTCACGCAGCTATTG
14862	e16_ji1_GGTCACGGTCAAACGG
14863	e16_ji1_GGTCACGGTTGCATCA
14864	e16_ji1_GGTCACGGTTTCGGCG
14865	e16_ji1_GGTCACGTCATGACAC
14866	e16_ji1_GGTCACGTCCCATACC
14867	e16_ji1_GGTCTGGAGCACCGTC
14868	e16_ji1_GGTCTGGAGCGGCTCT
14869	e16_ji1_GGTCTGGCAGATTAAG
14870	e16_ji1_GGTCTGGTCCGCACTT
14871	e16_ji1_GGTGAAGAGAACTTCC
14872	e16_ji1_GGTGAAGAGACTCAAA
14873	e16_ji1_GGTGAAGAGCAGCCTC
14874	e16_ji1_GGTGAAGGTATAGGGC
14875	e16_ji1_GGTGAAGGTCACCGCA
14876	e16_ji1_GGTGAAGGTCATTCCC
14877	e16_ji1_GGTGAAGGTTCGGCGT
14878	e16_ji1_GGTGAAGTCCGCACGA
14879	e16_ji1_GGTGAAGTCGAACCAT
14880	e16_ji1_GGTGAAGTCGGACAAG
14881	e16_ji1_GGTGATTAGAAGCGGG
14882	e16_ji1_GGTGATTAGCCTGTCG
14883	e16_ji1_GGTGATTAGGTTACCT
14884	e16_ji1_GGTGATTAGTGGTGGT
14885	e16_ji1_GGTGATTCAACGACTT
14886	e16_ji1_GGTGATTCAGCGTTTA
14887	e16_ji1_GGTGATTCAGGTATGG
14888	e16_ji1_GGTGATTGTACTGTTG
14889	e16_ji1_GGTGATTTCAGTGTTG
14890	e16_ji1_GGTGATTTCGCCAATA
14891	e16_ji1_GGTGATTTCGTTCAGA
14892	e16_ji1_GGTGGCTAGCCATTCA
14893	e16_ji1_GGTGGCTAGCCTGAAG
14894	e16_ji1_GGTGGCTGTTTGCAGT
14895	e16_ji1_GGTGGCTTCCCGTAAA
14896	e16_ji1_GGTGTCGAGAAACCAT
14897	e16_ji1_GGTGTCGAGAGCTTTC
14898	e16_ji1_GGTGTCGAGCACTCCG
14899	e16_ji1_GGTGTCGAGTAACCGG
14900	e16_ji1_GGTGTCGCAGAGTTGG
14901	e16_ji1_GGTGTCGCAGCAATTC
14902	e16_ji1_GGTGTCGTCTGCACCT
14903	e16_ji1_GGTGTCGTCTTCCACG
14904	e16_ji1_GGTGTTAAGAAACCCG
14905	e16_ji1_GGTGTTAAGTCACTAC
14906	e16_ji1_GGTGTTACAACGCCCA
14907	e16_ji1_GGTGTTACACAGCGCT
14908	e16_ji1_GGTGTTAGTACCGTCG
14909	e16_ji1_GGTGTTAGTGCAGTGA
14910	e16_ji1_GGTGTTAGTGTCTCCT
14911	e16_ji1_GGTGTTATCCAGTGCG
14912	e16_ji1_GGTGTTATCGCGTCGA
14913	e16_ji1_GGTGTTATCGGATAAA
14914	e16_ji1_GGTGTTATCGTCTACC
14915	e16_ji1_GGTTAACCACAGGATG
14916	e16_ji1_GGTTAACCACTGAGTT
14917	e16_ji1_GGTTAACGTACAGCGA
14918	e16_ji1_GGTTAACGTGCACATT
14919	e16_ji1_GGTTAACGTGGTCTAT
14920	e16_ji1_GGTTAACGTTGCGAAG
14921	e16_ji1_GGTTAACTCCGGACTG
14922	e16_ji1_GGTTAACTCGCTGCGA
14923	e16_ji1_GGTTCTCAGAGCGACT
14924	e16_ji1_GGTTCTCAGCGCCTAC
14925	e16_ji1_GGTTCTCAGCTAAATG
14926	e16_ji1_GGTTCTCCACAGACGA
14927	e16_ji1_GGTTCTCCATGTGCTA
14928	e16_ji1_GGTTCTCTCCGTCAAA
14929	e16_ji1_GGTTCTCTCGAACGCC
14930	e16_ji1_GGTTGTAAGAAGCGCT
14931	e16_ji1_GGTTGTAAGAAGCGGG
14932	e16_ji1_GGTTGTAAGAGTCTTC
14933	e16_ji1_GGTTGTAAGCTGTTCA
14934	e16_ji1_GGTTGTAAGGCATCGA
14935	e16_ji1_GGTTGTAAGGGAGGTG
14936	e16_ji1_GGTTGTACAATACGCT
14937	e16_ji1_GGTTGTACATTGACCA
14938	e16_ji1_GGTTGTAGTAACTAAG
14939	e16_ji1_GGTTGTAGTACGACTT
14940	e16_ji1_GGTTGTAGTATTTCGG
14941	e16_ji1_GGTTGTAGTTCGCGTG
14942	e16_ji1_GGTTGTAGTTGGACCC
14943	e16_ji1_GGTTGTATCTTCCCAG
14944	e16_ji1_GTAACACCACCTAAAC
14945	e16_ji1_GTAACACGTATTCTCT
14946	e16_ji1_GTAACACGTTATCTGG
14947	e16_ji1_GTAACACTCAAAGAAC
14948	e16_ji1_GTAACACTCGAAGTGG
14949	e16_ji1_GTAACCAAGAGCGACT
14950	e16_ji1_GTAACCAAGCGTTAGG
14951	e16_ji1_GTAACCAAGTTTCGAC
14952	e16_ji1_GTAACCACAAAGGGTC
14953	e16_ji1_GTAACCACACAGTCAT
14954	e16_ji1_GTAACCATCAGGAAAT
14955	e16_ji1_GTAAGTCAGAAACTGT
14956	e16_ji1_GTAAGTCCACACCGCA
14957	e16_ji1_GTAAGTCCATTGGGAG
14958	e16_ji1_GTAAGTCGTAGGTACG
14959	e16_ji1_GTAAGTCGTTATGACC
14960	e16_ji1_GTAAGTCGTTGAGGAC
14961	e16_ji1_GTAAGTCTCAATGCAC
14962	e16_ji1_GTAAGTCTCTCAACCC
14963	e16_ji1_GTAAGTCTCTGGAGAG
14964	e16_ji1_GTAATCGAGAAGCGCT
14965	e16_ji1_GTAATCGAGGCTGAAC
14966	e16_ji1_GTAATCGGTGCAACGA
14967	e16_ji1_GTAATCGTCATATGGC
14968	e16_ji1_GTAATCGTCCAATCTT
14969	e16_ji1_GTAATGCAGAACGCGT
14970	e16_ji1_GTAATGCCACAGTCAT
14971	e16_ji1_GTAATGCCACCTCAGG
14972	e16_ji1_GTAATGCTCACATTGG
14973	e16_ji1_GTAATGCTCACCGACG
14974	e16_ji1_GTAATGCTCTGCGATA
14975	e16_ji1_GTACAACAGTTACTCG
14976	e16_ji1_GTACAACCACTTACAG
14977	e16_ji1_GTACAACCAGCAAGAC
14978	e16_ji1_GTACAACGTCACGCTG
14979	e16_ji1_GTACAACGTCAGATTC
14980	e16_ji1_GTACAACGTCTCGCGA
14981	e16_ji1_GTACAACTCAAGCCTA
14982	e16_ji1_GTACAACTCAGCAATC
14983	e16_ji1_GTACAACTCCGGTTCT
14984	e16_ji1_GTACAACTCTTTACAC
14985	e16_ji1_GTACAGTAGCATAGGC
14986	e16_ji1_GTACAGTAGCCTGAGA
14987	e16_ji1_GTACAGTAGTGAATAC
14988	e16_ji1_GTACAGTCACGCCACA
14989	e16_ji1_GTACAGTCAGCTGAGA
14990	e16_ji1_GTACAGTGTATGAGGC
14991	e16_ji1_GTACAGTGTCAGGAGT
14992	e16_ji1_GTACAGTGTGACTAAA
14993	e16_ji1_GTACAGTGTTGGGTTT
14994	e16_ji1_GTACAGTTCACTGTCC
14995	e16_ji1_GTACAGTTCATTCATC
14996	e16_ji1_GTAGAAAAGCGATGCA
14997	e16_ji1_GTAGAAACACGTTGGC
14998	e16_ji1_GTAGAAAGTGCTCTTC
14999	e16_ji1_GTAGAGGAGCGCTGCT
15000	e16_ji1_GTAGAGGAGCTGACCC
15001	e16_ji1_GTAGAGGAGTTGCATC
15002	e16_ji1_GTAGAGGCAGGACAGT
15003	e16_ji1_GTAGAGGCATGCAGCC
15004	e16_ji1_GTAGAGGGTACCCGAC
15005	e16_ji1_GTAGAGGGTGTCTCCT
15006	e16_ji1_GTAGAGGGTTGACGGA
15007	e16_ji1_GTAGAGGTCACTTCTA
15008	e16_ji1_GTAGAGGTCATTTCGT
15009	e16_ji1_GTAGAGGTCCGGTAGC
15010	e16_ji1_GTAGAGGTCGCCAACG
15011	e16_ji1_GTAGAGGTCTGACGCG
15012	e16_ji1_GTAGATCAGGGCAAGG
15013	e16_ji1_GTAGATCCACCCATAA
15014	e16_ji1_GTAGATCCACTGCTTC
15015	e16_ji1_GTAGATCCAGCGTAGA
15016	e16_ji1_GTAGATCGTAATGATG
15017	e16_ji1_GTAGATCGTCCCGCAA
15018	e16_ji1_GTAGATCGTTTACCAG
15019	e16_ji1_GTAGATCTCATGGCCG
15020	e16_ji1_GTAGCTAAGATACATG
15021	e16_ji1_GTAGCTAAGCCATTGT
15022	e16_ji1_GTAGCTAAGGAGTCTG
15023	e16_ji1_GTAGCTAAGGTGAGCT
15024	e16_ji1_GTAGCTACACCGTGAC
15025	e16_ji1_GTAGCTACAGGCATGA
15026	e16_ji1_GTAGCTACATCGGATT
15027	e16_ji1_GTAGCTATCCAGCAAT
15028	e16_ji1_GTAGCTATCCCGATCT
15029	e16_ji1_GTAGGAGAGCATGATA
15030	e16_ji1_GTAGGAGAGCTAGCCC
15031	e16_ji1_GTAGGAGAGGTTCTAC
15032	e16_ji1_GTAGGAGCAACCCGCA
15033	e16_ji1_GTAGGAGCACCTATCC
15034	e16_ji1_GTAGGAGCACTGTCCT
15035	e16_ji1_GTAGGAGCATTCACAG
15036	e16_ji1_GTAGGAGGTACTGTTG
15037	e16_ji1_GTAGGAGGTTCCTAAG
15038	e16_ji1_GTAGGAGTCTTGTTAC
15039	e16_ji1_GTAGGTTAGAAGTATC
15040	e16_ji1_GTAGGTTAGCCAAGTG
15041	e16_ji1_GTAGGTTAGCCGTTAT
15042	e16_ji1_GTAGGTTCAATCGAAA
15043	e16_ji1_GTAGGTTCACCCTAGG
15044	e16_ji1_GTAGGTTCACTACCGG
15045	e16_ji1_GTAGGTTCAGTTAAAG
15046	e16_ji1_GTAGGTTCATGACAAA
15047	e16_ji1_GTAGGTTCATGACACT
15048	e16_ji1_GTAGGTTGTCCGGCAT
15049	e16_ji1_GTAGGTTTCAACGTGT
15050	e16_ji1_GTAGGTTTCACTGCTC
15051	e16_ji1_GTAGGTTTCCACGGGT
15052	e16_ji1_GTAGGTTTCTAGCATG
15053	e16_ji1_GTAGTACAGAATCCCT
15054	e16_ji1_GTAGTACAGAGGACTC
15055	e16_ji1_GTAGTACAGCCTCCAG
15056	e16_ji1_GTAGTACAGGAAGAAC
15057	e16_ji1_GTAGTACAGGTGATCG
15058	e16_ji1_GTAGTACCAAAGGTTA
15059	e16_ji1_GTAGTACCACTGGACC
15060	e16_ji1_GTAGTACCATAATGAG
15061	e16_ji1_GTAGTACCATGACGGA
15062	e16_ji1_GTAGTACGTAACGCGA
15063	e16_ji1_GTAGTACGTAACGTTC
15064	e16_ji1_GTAGTACGTCTTACAG
15065	e16_ji1_GTAGTACGTTTACTGG
15066	e16_ji1_GTAGTACTCATCGCCT
15067	e16_ji1_GTAGTACTCGGTAACT
15068	e16_ji1_GTAGTACTCTTCCCGA
15069	e16_ji1_GTATTGGAGCGTATAA
15070	e16_ji1_GTATTGGAGCTAGATA
15071	e16_ji1_GTATTGGCAAGAAACT
15072	e16_ji1_GTATTGGCAGTTTCGA
15073	e16_ji1_GTATTGGGTCTTGCGG
15074	e16_ji1_GTATTGGGTGGCACTC
15075	e16_ji1_GTATTGGGTGGCAGAT
15076	e16_ji1_GTATTGGGTGTAACGG
15077	e16_ji1_GTATTGGTCCAACTGA
15078	e16_ji1_GTATTGGTCGGACGTC
15079	e16_ji1_GTATTGGTCTAGGAAA
15080	e16_ji1_GTATTTCAGGCTGGAT
15081	e16_ji1_GTATTTCCAAACGTGG
15082	e16_ji1_GTATTTCCAATGCAGG
15083	e16_ji1_GTATTTCTCTTGGTGA
15084	e16_ji1_GTCAAACAGATGATTG
15085	e16_ji1_GTCAAACAGCCGTCGT
15086	e16_ji1_GTCAAACAGCTTTCTT
15087	e16_ji1_GTCAAACCACGACAAG
15088	e16_ji1_GTCAAACGTATATGGA
15089	e16_ji1_GTCAAACGTCGTATGT
15090	e16_ji1_GTCAAGTAGAGATGCC
15091	e16_ji1_GTCAAGTAGTAGACCG
15092	e16_ji1_GTCAAGTCAGACCAAG
15093	e16_ji1_GTCAAGTCATCCTTGC
15094	e16_ji1_GTCAAGTGTAAGATAC
15095	e16_ji1_GTCAAGTGTAAGATCA
15096	e16_ji1_GTCAAGTGTCCACTTC
15097	e16_ji1_GTCAAGTGTCCTCCAT
15098	e16_ji1_GTCAAGTGTTTAAGGA
15099	e16_ji1_GTCAAGTTCAAGCCGC
15100	e16_ji1_GTCAAGTTCCTCGCAT
15101	e16_ji1_GTCACGGAGAAGCTGC
15102	e16_ji1_GTCACGGAGACCATAA
15103	e16_ji1_GTCACGGAGTCTGCGC
15104	e16_ji1_GTCACGGCAGGAGGTT
15105	e16_ji1_GTCACGGGTATGGAAT
15106	e16_ji1_GTCACGGTCAACGAGG
15107	e16_ji1_GTCACGGTCACCACAA
15108	e16_ji1_GTCACGGTCTTGGAAC
15109	e16_ji1_GTCACTCCAGAGAAAG
15110	e16_ji1_GTCACTCCAGGAGGTT
15111	e16_ji1_GTCACTCGTAACGGTG
15112	e16_ji1_GTCACTCTCATTTGTC
15113	e16_ji1_GTCACTCTCCTCTAAT
15114	e16_ji1_GTCACTCTCTCGGGAC
15115	e16_ji1_GTCAGCGAGACTGTTC
15116	e16_ji1_GTCAGCGAGCCGAATG
15117	e16_ji1_GTCAGCGAGCGAAACC
15118	e16_ji1_GTCAGCGAGCTCAGAG
15119	e16_ji1_GTCAGCGCACAAGCAG
15120	e16_ji1_GTCAGCGCACGGTCTG
15121	e16_ji1_GTCAGCGCATAAGATG
15122	e16_ji1_GTCAGCGCATATGCGT
15123	e16_ji1_GTCAGCGCATGCGTGC
15124	e16_ji1_GTCAGCGTCAAACTGC
15125	e16_ji1_GTCAGCGTCCCTTTGG
15126	e16_ji1_GTCAGCGTCGACGTCG
15127	e16_ji1_GTCATCCAGACAACTA
15128	e16_ji1_GTCATCCAGTTTCGAC
15129	e16_ji1_GTCATCCCAACGGGTA
15130	e16_ji1_GTCATCCCACAATTCG
15131	e16_ji1_GTCATCCCAGGTCCCA
15132	e16_ji1_GTCATCCCATCGCTCT
15133	e16_ji1_GTCATCCCATGACAGG
15134	e16_ji1_GTCATCCCATTAGGCT
15135	e16_ji1_GTCATCCGTGATTGGG
15136	e16_ji1_GTCATCCTCAGGAGAC
15137	e16_ji1_GTCATCCTCCTCGCAT
15138	e16_ji1_GTCATCCTCGATACAC
15139	e16_ji1_GTCATCCTCGTTGTTT
15140	e16_ji1_GTCATCCTCTAGCCAA
15141	e16_ji1_GTCATCCTCTCCACTG
15142	e16_ji1_GTCATGAAGCAAGGAA
15143	e16_ji1_GTCATGAAGCATTTGC
15144	e16_ji1_GTCATGAAGTCTAGCT
15145	e16_ji1_GTCATGAGTAGTACGG
15146	e16_ji1_GTCATGAGTCCTCATC
15147	e16_ji1_GTCATGAGTCCTGAAT
15148	e16_ji1_GTCATGATCTCGACGG
15149	e16_ji1_GTCATGATCTTCTCAA
15150	e16_ji1_GTCATTTAGACTCAAA
15151	e16_ji1_GTCATTTAGTGTACCT
15152	e16_ji1_GTCATTTCAAACACCT
15153	e16_ji1_GTCATTTCACACGTGC
15154	e16_ji1_GTCATTTCATTGCAAC
15155	e16_ji1_GTCATTTGTCCCAAAT
15156	e16_ji1_GTCATTTTCGTAGTCA
15157	e16_ji1_GTCATTTTCTGCGGAC
15158	e16_ji1_GTCCACTAGCAGCACA
15159	e16_ji1_GTCCACTAGCTACTGT
15160	e16_ji1_GTCCACTAGGAGAGTA
15161	e16_ji1_GTCCACTAGTGTTCCA
15162	e16_ji1_GTCCACTCAAGCACCC
15163	e16_ji1_GTCCACTCATCAGCAT
15164	e16_ji1_GTCCACTGTAGTCGTT
15165	e16_ji1_GTCCACTGTATTCCGA
15166	e16_ji1_GTCCACTTCGTCTCAC
15167	e16_ji1_GTCCCATAGGCTCTCG
15168	e16_ji1_GTCCCATAGGTTGGAC
15169	e16_ji1_GTCCCATAGTCAGCCC
15170	e16_ji1_GTCCCATAGTGATAGT
15171	e16_ji1_GTCCCATCACAACGTT
15172	e16_ji1_GTCCCATGTCGGCTAC
15173	e16_ji1_GTCCCATGTCTCGACG
15174	e16_ji1_GTCCCATGTTCTCACC
15175	e16_ji1_GTCCCATTCACGATCA
15176	e16_ji1_GTCCTCAAGACCATGG
15177	e16_ji1_GTCCTCAAGACTGTTC
15178	e16_ji1_GTCCTCAAGCACCAGA
15179	e16_ji1_GTCCTCAAGCGGATCA
15180	e16_ji1_GTCCTCAAGCTGTACT
15181	e16_ji1_GTCCTCACAGGTAGTG
15182	e16_ji1_GTCCTCACATATAGCC
15183	e16_ji1_GTCCTCAGTGATTAGA
15184	e16_ji1_GTCCTCAGTGTTCCAA
15185	e16_ji1_GTCCTCAGTTGGACCC
15186	e16_ji1_GTCCTCATCAACCTCC
15187	e16_ji1_GTCGAATAGTCATGCT
15188	e16_ji1_GTCGAATCAACGATCT
15189	e16_ji1_GTCGAATCAAGAGTTA
15190	e16_ji1_GTCGAATCAATGACCT
15191	e16_ji1_GTCGAATGTTAGAGTA
15192	e16_ji1_GTCGCGAAGCCGTCGT
15193	e16_ji1_GTCGCGACAAGACCTT
15194	e16_ji1_GTCGCGACACCTGAAT
15195	e16_ji1_GTCGCGACACGCTGCA
15196	e16_ji1_GTCGCGACACGTAGAG
15197	e16_ji1_GTCGCGACAGGTTCCG
15198	e16_ji1_GTCGCGACATTGAGCT
15199	e16_ji1_GTCGCGAGTTACCCAA
15200	e16_ji1_GTCGCGATCATGGCCG
15201	e16_ji1_GTCGTAAAGTTAACGA
15202	e16_ji1_GTCGTAACAAGCTACT
15203	e16_ji1_GTCGTAACAATTGTGC
15204	e16_ji1_GTCGTAACACTTGAAC
15205	e16_ji1_GTCGTAACAGATTTCG
15206	e16_ji1_GTCGTAAGTACCGGAA
15207	e16_ji1_GTCGTAAGTATCGCAT
15208	e16_ji1_GTCGTAATCGATACGT
15209	e16_ji1_GTCGTAATCGCCAGTG
15210	e16_ji1_GTCGTAATCGTTCGCT
15211	e16_ji1_GTCGTTCAGACCTCCG
15212	e16_ji1_GTCGTTCAGAGGATCC
15213	e16_ji1_GTCGTTCAGATCCGAG
15214	e16_ji1_GTCGTTCAGCTGTTAC
15215	e16_ji1_GTCGTTCAGGTTGGTG
15216	e16_ji1_GTCGTTCAGTCAGAGC
15217	e16_ji1_GTCGTTCCAATACCCA
15218	e16_ji1_GTCGTTCCACGCTGTG
15219	e16_ji1_GTCGTTCCAGACGATG
15220	e16_ji1_GTCGTTCCAGTGTACT
15221	e16_ji1_GTCGTTCGTACGGATG
15222	e16_ji1_GTCGTTCGTATCGATC
15223	e16_ji1_GTCGTTCTCATAGAGA
15224	e16_ji1_GTCTACCAGACTGAGC
15225	e16_ji1_GTCTACCAGAGAACCC
15226	e16_ji1_GTCTACCAGGGCAATC
15227	e16_ji1_GTCTACCCACGTAGTT
15228	e16_ji1_GTCTACCCAGTTGAAA
15229	e16_ji1_GTCTACCGTACCCGAC
15230	e16_ji1_GTCTACCGTACTAGCT
15231	e16_ji1_GTCTACCGTCTACAAC
15232	e16_ji1_GTCTACCTCCATGAGT
15233	e16_ji1_GTCTAGAAGCGAGTAC
15234	e16_ji1_GTCTAGACAGAACTTC
15235	e16_ji1_GTCTAGACAGAGGGTT
15236	e16_ji1_GTCTAGACATCGCCTT
15237	e16_ji1_GTCTAGAGTATGGGAC
15238	e16_ji1_GTCTAGATCGTGGGTC
15239	e16_ji1_GTCTAGATCTGTACAG
15240	e16_ji1_GTCTCACCAGGCGATA
15241	e16_ji1_GTCTCACGTGACTCTA
15242	e16_ji1_GTCTCACGTGGCACTC
15243	e16_ji1_GTCTCACGTTCAGTAC
15244	e16_ji1_GTCTCACTCAAGAGTA
15245	e16_ji1_GTCTGTCAGCACTAGG
15246	e16_ji1_GTCTGTCAGTCAGGGT
15247	e16_ji1_GTCTGTCAGTCGCCCA
15248	e16_ji1_GTCTGTCAGTCGCGAA
15249	e16_ji1_GTCTGTCAGTGCAGGT
15250	e16_ji1_GTCTGTCCAAACTGCT
15251	e16_ji1_GTCTGTCCACTGCTTC
15252	e16_ji1_GTCTGTCGTCACTGAT
15253	e16_ji1_GTCTGTCTCCGGTTCT
15254	e16_ji1_GTCTTTAAGTATGAAC
15255	e16_ji1_GTCTTTAAGTCAGGGT
15256	e16_ji1_GTCTTTAGTGTTCCAA
15257	e16_ji1_GTCTTTAGTTTCACTT
15258	e16_ji1_GTCTTTATCGTCTCAC
15259	e16_ji1_GTGACGCAGTGTTCCA
15260	e16_ji1_GTGACGCAGTTCCGTA
15261	e16_ji1_GTGACGCCAAGCTGTT
15262	e16_ji1_GTGACGCCAGTCGCTG
15263	e16_ji1_GTGACGCTCTAGTGAC
15264	e16_ji1_GTGACGCTCTTACACT
15265	e16_ji1_GTGACGCTCTTAGGAC
15266	e16_ji1_GTGACGCTCTTCACGC
15267	e16_ji1_GTGAGCCCAAGTCGTT
15268	e16_ji1_GTGAGCCCACCTATCC
15269	e16_ji1_GTGAGCCCAGTCCGTG
15270	e16_ji1_GTGAGCCCAGTGGTGA
15271	e16_ji1_GTGAGCCGTACACTCA
15272	e16_ji1_GTGAGCCTCTGCGTCT
15273	e16_ji1_GTGAGGAAGACCATGG
15274	e16_ji1_GTGAGGAAGCGAGGAG
15275	e16_ji1_GTGAGGAAGGGCTGAT
15276	e16_ji1_GTGAGGAAGGTGGGTT
15277	e16_ji1_GTGAGGAAGTGCCCGT
15278	e16_ji1_GTGAGGACAAACGTGG
15279	e16_ji1_GTGAGGACATCCGTGG
15280	e16_ji1_GTGAGGAGTGACCTGC
15281	e16_ji1_GTGAGGAGTTACGTAC
15282	e16_ji1_GTGAGGAGTTCTATCT
15283	e16_ji1_GTGAGGAGTTGAGTCT
15284	e16_ji1_GTGAGTTAGATCCTAC
15285	e16_ji1_GTGAGTTAGTAACGTA
15286	e16_ji1_GTGAGTTAGTCATTGC
15287	e16_ji1_GTGAGTTAGTCTACCA
15288	e16_ji1_GTGAGTTCACAAGTTC
15289	e16_ji1_GTGAGTTCACTGGATT
15290	e16_ji1_GTGAGTTGTAGGGTAC
15291	e16_ji1_GTGAGTTGTTGACGGA
15292	e16_ji1_GTGAGTTGTTTCAGAC
15293	e16_ji1_GTGAGTTTCCATAGGT
15294	e16_ji1_GTGAGTTTCTTGCGCT
15295	e16_ji1_GTGATGTAGATTGATG
15296	e16_ji1_GTGATGTAGCAATTAG
15297	e16_ji1_GTGATGTAGTATTAGG
15298	e16_ji1_GTGATGTCAATCAAGA
15299	e16_ji1_GTGATGTGTCTTCTAT
15300	e16_ji1_GTGATGTGTGTGTTTG
15301	e16_ji1_GTGATGTTCCATTTGT
15302	e16_ji1_GTGATGTTCCTTATCA
15303	e16_ji1_GTGATGTTCTAGTCAG
15304	e16_ji1_GTGCACGCAATCTCGA
15305	e16_ji1_GTGCACGCACTTTAGG
15306	e16_ji1_GTGCACGGTCCCTGTT
15307	e16_ji1_GTGCACGGTGGTAACG
15308	e16_ji1_GTGCACGGTGTGCTTA
15309	e16_ji1_GTGCACGTCCGTCAAA
15310	e16_ji1_GTGCAGCAGACCTCAT
15311	e16_ji1_GTGCAGCAGCCTCAAT
15312	e16_ji1_GTGCAGCAGTCATTGC
15313	e16_ji1_GTGCAGCAGTCGGCAA
15314	e16_ji1_GTGCAGCCAAACTAAG
15315	e16_ji1_GTGCAGCCACCATAAC
15316	e16_ji1_GTGCAGCTCATCTATC
15317	e16_ji1_GTGCAGCTCATTGAGC
15318	e16_ji1_GTGCAGCTCCGGTAAT
15319	e16_ji1_GTGCAGCTCTGTTCAT
15320	e16_ji1_GTGCGTGAGAATGTTG
15321	e16_ji1_GTGCGTGAGATGCAGC
15322	e16_ji1_GTGCGTGAGCCTAGGA
15323	e16_ji1_GTGCGTGAGGACAACC
15324	e16_ji1_GTGCGTGAGGACTATA
15325	e16_ji1_GTGCGTGAGGTCCCGT
15326	e16_ji1_GTGCGTGCACACACGC
15327	e16_ji1_GTGCGTGGTCTGTTAG
15328	e16_ji1_GTGCGTGGTGGTCTGC
15329	e16_ji1_GTGCTGGAGAGTGAAG
15330	e16_ji1_GTGCTGGAGCCTGAAG
15331	e16_ji1_GTGCTGGCACATCATG
15332	e16_ji1_GTGCTGGCACTATCCC
15333	e16_ji1_GTGCTGGGTAAGAACT
15334	e16_ji1_GTGCTGGGTATGTGTC
15335	e16_ji1_GTGCTGGTCCTAGAGT
15336	e16_ji1_GTGCTGGTCGGCTGAC
15337	e16_ji1_GTGCTGGTCTACCTTA
15338	e16_ji1_GTGCTGGTCTCTCGCA
15339	e16_ji1_GTGCTGGTCTGCTAGA
15340	e16_ji1_GTGCTGGTCTTCACAT
15341	e16_ji1_GTGCTTCAGATGGGCT
15342	e16_ji1_GTGCTTCAGGGAGGCA
15343	e16_ji1_GTGCTTCAGGTCGTGA
15344	e16_ji1_GTGCTTCCAAGGGCAT
15345	e16_ji1_GTGCTTCCATCCCACT
15346	e16_ji1_GTGCTTCGTGGCTCTG
15347	e16_ji1_GTGCTTCGTTGACGGA
15348	e16_ji1_GTGCTTCGTTGCTCGG
15349	e16_ji1_GTGCTTCTCCATTGGA
15350	e16_ji1_GTGCTTCTCCCAGGCA
15351	e16_ji1_GTGCTTCTCCGATGCG
15352	e16_ji1_GTGCTTCTCGGTCGAC
15353	e16_ji1_GTGCTTCTCTTCCCAG
15354	e16_ji1_GTGGAAGAGACCACGA
15355	e16_ji1_GTGGAAGCACTTGGGC
15356	e16_ji1_GTGGAAGGTAGACTGG
15357	e16_ji1_GTGGAAGGTAGGAGGG
15358	e16_ji1_GTGGAAGGTATTTCGG
15359	e16_ji1_GTGGAAGGTGTGACCC
15360	e16_ji1_GTGGAAGTCAACCTCC
15361	e16_ji1_GTGGAAGTCAGCTCTC
15362	e16_ji1_GTGGAAGTCGACGACC
15363	e16_ji1_GTGGAGAAGCGGGTTA
15364	e16_ji1_GTGGAGAAGGTTGGAC
15365	e16_ji1_GTGGAGACAATACGAA
15366	e16_ji1_GTGGAGACATCCAACA
15367	e16_ji1_GTGGAGAGTTGCATAC
15368	e16_ji1_GTGGAGATCGAGATAA
15369	e16_ji1_GTGGAGATCGCCAGTG
15370	e16_ji1_GTGGAGATCTGCACCT
15371	e16_ji1_GTGGCGTAGCGACAGT
15372	e16_ji1_GTGGCGTAGCTCGTGC
15373	e16_ji1_GTGGCGTAGGCCTGCT
15374	e16_ji1_GTGGCGTCAAAGGGCT
15375	e16_ji1_GTGGCGTGTGCTCTCT
15376	e16_ji1_GTGGCGTGTTGGGTAG
15377	e16_ji1_GTGGCGTTCTTAATCC
15378	e16_ji1_GTGGGAAAGTCCGCGT
15379	e16_ji1_GTGGGAACAAGCTGTT
15380	e16_ji1_GTGGGAACACAGCTGC
15381	e16_ji1_GTGGGAACACTTGAAC
15382	e16_ji1_GTGGGAACAGACCTAT
15383	e16_ji1_GTGGGAACAGCTCTGG
15384	e16_ji1_GTGGGAACATATTCGG
15385	e16_ji1_GTGGGAACATGGAAGC
15386	e16_ji1_GTGGGAAGTATGTCAC
15387	e16_ji1_GTGGGAAGTCTCGACG
15388	e16_ji1_GTGGGAATCACAATGC
15389	e16_ji1_GTGGGAATCACCTGTC
15390	e16_ji1_GTGGGAATCATCACAG
15391	e16_ji1_GTGGGAATCATCCCGT
15392	e16_ji1_GTGGGAATCCAGTTCC
15393	e16_ji1_GTGGGAATCTCTCTTC
15394	e16_ji1_GTGGTTAAGAATCTAG
15395	e16_ji1_GTGGTTAAGATGCGAC
15396	e16_ji1_GTGGTTAAGCAGTCTT
15397	e16_ji1_GTGGTTAAGGCTAAAT
15398	e16_ji1_GTGGTTAAGGTATCTC
15399	e16_ji1_GTGGTTACAAGGTCTT
15400	e16_ji1_GTGGTTACACGACGCT
15401	e16_ji1_GTGGTTACACGACGTC
15402	e16_ji1_GTGGTTACAGCTATTG
15403	e16_ji1_GTGGTTAGTACTGTTG
15404	e16_ji1_GTGGTTAGTATCGAGG
15405	e16_ji1_GTGGTTAGTATGACAA
15406	e16_ji1_GTGGTTAGTCAACCAT
15407	e16_ji1_GTGGTTAGTGCAATAA
15408	e16_ji1_GTGGTTATCTGAGGTT
15409	e16_ji1_GTGTAACAGCCTATCA
15410	e16_ji1_GTGTAACAGCGTCTGC
15411	e16_ji1_GTGTAACAGGACAGCT
15412	e16_ji1_GTGTAACAGGCTGAAC
15413	e16_ji1_GTGTAACAGGGTATAT
15414	e16_ji1_GTGTAACAGTTGAAAC
15415	e16_ji1_GTGTAACCAATGACCT
15416	e16_ji1_GTGTAACCACAAGCAG
15417	e16_ji1_GTGTAACCAGCAGTGA
15418	e16_ji1_GTGTAACGTAAGATTG
15419	e16_ji1_GTGTAACGTAGCTGCC
15420	e16_ji1_GTGTAACGTGCGGTAA
15421	e16_ji1_GTGTAACGTGTATTCG
15422	e16_ji1_GTGTAACGTTCTCCAC
15423	e16_ji1_GTGTAACTCGTGTGGC
15424	e16_ji1_GTGTCCTAGAAATTCG
15425	e16_ji1_GTGTCCTAGAGTGTGC
15426	e16_ji1_GTGTCCTAGCATTGAA
15427	e16_ji1_GTGTCCTCAGTTAGAA
15428	e16_ji1_GTGTCCTGTAGGTTTC
15429	e16_ji1_GTGTCCTGTCACTAGT
15430	e16_ji1_GTGTCCTGTGATTGGG
15431	e16_ji1_GTGTCCTGTGCCCACA
15432	e16_ji1_GTGTCCTGTGGTTTGT
15433	e16_ji1_GTGTCCTTCATAGACC
15434	e16_ji1_GTGTGATAGCAAATGT
15435	e16_ji1_GTGTGATAGTTCTACG
15436	e16_ji1_GTGTGATCAACACGTT
15437	e16_ji1_GTGTGATCAAGCGAGT
15438	e16_ji1_GTGTGATCACACACGC
15439	e16_ji1_GTGTGATGTCCAATCA
15440	e16_ji1_GTGTGATGTCGTCAGC
15441	e16_ji1_GTGTGATGTGCCTGAC
15442	e16_ji1_GTGTGATTCCGTTGAA
15443	e16_ji1_GTGTGATTCGGAGTGA
15444	e16_ji1_GTGTGATTCTGCGTCT
15445	e16_ji1_GTGTGGCGTAGCGTCC
15446	e16_ji1_GTGTGGCTCGCGATCG
15447	e16_ji1_GTGTGGCTCTCGTTTA
15448	e16_ji1_GTGTTAGAGGCATGCA
15449	e16_ji1_GTGTTAGAGTGCAAAT
15450	e16_ji1_GTGTTAGCAACCCGCA
15451	e16_ji1_GTGTTAGCAAGTGGGT
15452	e16_ji1_GTGTTAGCACACTGGC
15453	e16_ji1_GTGTTAGCACGCTATA
15454	e16_ji1_GTGTTAGCATCCGAGC
15455	e16_ji1_GTGTTAGGTACCACGC
15456	e16_ji1_GTGTTAGGTACGCTAT
15457	e16_ji1_GTGTTAGTCACCTCGT
15458	e16_ji1_GTGTTAGTCATGAGAA
15459	e16_ji1_GTGTTAGTCATGCATG
15460	e16_ji1_GTGTTAGTCCAAATGC
15461	e16_ji1_GTGTTAGTCTGAATGC
15462	e16_ji1_GTGTTCCCACAGTCCG
15463	e16_ji1_GTGTTCCCATGTCAGT
15464	e16_ji1_GTGTTCCGTCTCCCTA
15465	e16_ji1_GTGTTCCGTGCCCTTT
15466	e16_ji1_GTGTTCCTCATTACGG
15467	e16_ji1_GTGTTCCTCGTGGCTG
15468	e16_ji1_GTGTTCCTCTCCCTAG
15469	e16_ji1_GTGTTCCTCTGCACCT
15470	e16_ji1_GTTACAGCAGAGGAAA
15471	e16_ji1_GTTACAGCAGTTGGTT
15472	e16_ji1_GTTACAGGTCGAGCAA
15473	e16_ji1_GTTACAGGTCGTCATA
15474	e16_ji1_GTTACAGGTTGTCATG
15475	e16_ji1_GTTACAGTCACACCGG
15476	e16_ji1_GTTACAGTCATTGCGA
15477	e16_ji1_GTTACCCAGGTGATCG
15478	e16_ji1_GTTACCCCAACAAGAT
15479	e16_ji1_GTTACCCCACACTTAG
15480	e16_ji1_GTTACCCCACAGCTGC
15481	e16_ji1_GTTACCCCAGCCTATA
15482	e16_ji1_GTTACCCGTAGACTGG
15483	e16_ji1_GTTACCCTCCAGTACA
15484	e16_ji1_GTTACGACAGTGGTGA
15485	e16_ji1_GTTACGACATGATCTG
15486	e16_ji1_GTTACGAGTATCCCAA
15487	e16_ji1_GTTACGATCAGGAAAT
15488	e16_ji1_GTTACGATCATTGCTT
15489	e16_ji1_GTTACGATCGCCGATG
15490	e16_ji1_GTTACGATCGTACACA
15491	e16_ji1_GTTACGATCTGCCTGT
15492	e16_ji1_GTTAGACAGTCTTCCC
15493	e16_ji1_GTTAGACCACAGAGCA
15494	e16_ji1_GTTAGACCAGTAGTTC
15495	e16_ji1_GTTAGACGTAATCAAG
15496	e16_ji1_GTTAGACGTAATGCTC
15497	e16_ji1_GTTAGACGTCCCGCAA
15498	e16_ji1_GTTAGACTCCATTTCA
15499	e16_ji1_GTTAGTGAGACGACTG
15500	e16_ji1_GTTAGTGAGAGTCAAT
15501	e16_ji1_GTTAGTGCAAAGACGC
15502	e16_ji1_GTTAGTGCAACAACAA
15503	e16_ji1_GTTAGTGCATTGAGGG
15504	e16_ji1_GTTAGTGGTAGTCTGT
15505	e16_ji1_GTTAGTGGTGCACAAG
15506	e16_ji1_GTTAGTGTCGAGAAGC
15507	e16_ji1_GTTATGGCAACCGATT
15508	e16_ji1_GTTATGGCACAGCCAC
15509	e16_ji1_GTTATGGCATCCTCAC
15510	e16_ji1_GTTATGGGTGGCCACT
15511	e16_ji1_GTTATGGTCCCTCGAT
15512	e16_ji1_GTTATGGTCCTCAGAA
15513	e16_ji1_GTTCATTAGTAAGCAT
15514	e16_ji1_GTTCATTAGTGACACG
15515	e16_ji1_GTTCATTAGTGATAAC
15516	e16_ji1_GTTCATTCAAGTTGGG
15517	e16_ji1_GTTCATTCAGGTGGAT
15518	e16_ji1_GTTCATTCATGGATCT
15519	e16_ji1_GTTCATTGTCTGGTTA
15520	e16_ji1_GTTCCGTAGGAGTACC
15521	e16_ji1_GTTCCGTAGTTGCTCA
15522	e16_ji1_GTTCCGTCAAGCACCC
15523	e16_ji1_GTTCCGTCACAATGCT
15524	e16_ji1_GTTCCGTGTACTTGTG
15525	e16_ji1_GTTCCGTGTATTGCCA
15526	e16_ji1_GTTCCGTTCAAGCCAT
15527	e16_ji1_GTTCGCTCACGGTCTG
15528	e16_ji1_GTTCGCTCAGCTTCCT
15529	e16_ji1_GTTCTATAGTCTGGAG
15530	e16_ji1_GTTCTATCAGCAGATG
15531	e16_ji1_GTTCTATGTAAGCAAT
15532	e16_ji1_GTTCTATGTACACGTT
15533	e16_ji1_GTTCTATGTCACTCTC
15534	e16_ji1_GTTCTATGTCAGTTTG
15535	e16_ji1_GTTCTATGTTCAATCG
15536	e16_ji1_GTTCTATGTTCCCACT
15537	e16_ji1_GTTCTATTCACAAGGG
15538	e16_ji1_GTTCTATTCGTTAGAC
15539	e16_ji1_GTTGAACAGGTAGATT
15540	e16_ji1_GTTGAACAGGTCACTT
15541	e16_ji1_GTTGAACAGTAAGGGA
15542	e16_ji1_GTTGAACCAGAACGCA
15543	e16_ji1_GTTGAACGTTGCCGAC
15544	e16_ji1_GTTGAACTCGATGGAG
15545	e16_ji1_GTTGCGGAGCTTAGTC
15546	e16_ji1_GTTGCGGAGTTGGGAC
15547	e16_ji1_GTTGCGGCAACTGCCG
15548	e16_ji1_GTTGCGGCAAGGCAAC
15549	e16_ji1_GTTGCGGCAGGTTCGC
15550	e16_ji1_GTTGCGGGTCACAGAG
15551	e16_ji1_GTTGCTCAGGAATCGC
15552	e16_ji1_GTTGCTCCAGGAGACT
15553	e16_ji1_GTTGCTCCATGACAGG
15554	e16_ji1_GTTGCTCGTACTTCCC
15555	e16_ji1_GTTGCTCGTAGACGTG
15556	e16_ji1_GTTGCTCGTAGTGATA
15557	e16_ji1_GTTGCTCGTCGACTTA
15558	e16_ji1_GTTGCTCTCCCAACTC
15559	e16_ji1_GTTGTAGAGTGACCTT
15560	e16_ji1_GTTGTAGGTAATGATG
15561	e16_ji1_GTTGTAGGTCCCTGTT
15562	e16_ji1_GTTGTAGTCATCGCCT
15563	e16_ji1_GTTGTCCAGGGTGGGA
15564	e16_ji1_GTTGTCCCAAACCATC
15565	e16_ji1_GTTGTCCCAGTCGTTA
15566	e16_ji1_GTTGTCCCAGTTGTTG
15567	e16_ji1_GTTGTCCCATACCACA
15568	e16_ji1_GTTGTCCGTACAATAG
15569	e16_ji1_GTTGTCCGTTTCAGAC
15570	e16_ji1_GTTGTCCTCCAACACA
15571	e16_ji1_GTTGTCCTCCACATAG
15572	e16_ji1_GTTGTCCTCCACCCTA
15573	e16_ji1_GTTGTCCTCCCAGCGA
15574	e16_ji1_GTTGTCCTCCGTTGAA
15575	e16_ji1_GTTGTCCTCTGGCCAG
15576	e16_ji1_GTTGTGAAGAGCAAGA
15577	e16_ji1_GTTGTGAAGGACATCG
15578	e16_ji1_GTTGTGACAACAGTGG
15579	e16_ji1_GTTGTGACAGGCATTT
15580	e16_ji1_GTTGTGAGTATTGAGA
15581	e16_ji1_GTTGTGAGTCAAACGG
15582	e16_ji1_GTTGTGATCACTCACC
15583	e16_ji1_GTTGTGATCGATACGT
15584	e16_ji1_GTTGTGATCGTCAAAC
15585	e16_ji1_GTTGTGATCTGTCCCA
15586	e16_ji1_GTTTACTAGAGAGAAC
15587	e16_ji1_GTTTACTAGAGTCAGC
15588	e16_ji1_GTTTACTCAAGCCTGC
15589	e16_ji1_GTTTACTTCTGCGGGT
15590	e16_ji1_GTTTGGAAGACATCCT
15591	e16_ji1_GTTTGGAAGCAGCGAT
15592	e16_ji1_GTTTGGAAGCAGTCTT
15593	e16_ji1_GTTTGGAAGCTGGAGT
15594	e16_ji1_GTTTGGACAGAAATTG
15595	e16_ji1_GTTTGGACATCTAGAC
15596	e16_ji1_GTTTGGACATCTTTCA
15597	e16_ji1_GTTTGGACATTGGATC
15598	e16_ji1_GTTTGGAGTTTGTGGT
15599	e16_ji1_GTTTGGATCACGAACT
15600	e16_ji1_GTTTGGATCGTTCGCT
15601	e16_ji1_TAACACGAGACCATTC
15602	e16_ji1_TAACACGAGAGGATGA
15603	e16_ji1_TAACACGAGGTTGTTC
15604	e16_ji1_TAACACGCACACGTGC
15605	e16_ji1_TAACACGCATGAATCC
15606	e16_ji1_TAACACGCATTCACCC
15607	e16_ji1_TAACACGGTCTACGTA
15608	e16_ji1_TAACACGGTGCACGCT
15609	e16_ji1_TAACACGTCATCGACA
15610	e16_ji1_TAACCAGAGACAGCGT
15611	e16_ji1_TAACCAGAGCAAGCCA
15612	e16_ji1_TAACCAGAGCGCATCC
15613	e16_ji1_TAACCAGCATACTGAC
15614	e16_ji1_TAACCAGGTAACAGTA
15615	e16_ji1_TAACCAGGTGCTCCGA
15616	e16_ji1_TAACCAGTCACAGTGT
15617	e16_ji1_TAACCAGTCCTTATAC
15618	e16_ji1_TAACCAGTCTCTTAAC
15619	e16_ji1_TAACGACAGCAGCAGT
15620	e16_ji1_TAACGACCAGTCGCTG
15621	e16_ji1_TAACGACGTCTCCTGT
15622	e16_ji1_TAACGACGTGCTCGTG
15623	e16_ji1_TAACGACGTTTACTTC
15624	e16_ji1_TAACGACTCTTCCCAG
15625	e16_ji1_TAACTTCAGATGACCG
15626	e16_ji1_TAACTTCAGGATTCCT
15627	e16_ji1_TAACTTCCAAAGGTTA
15628	e16_ji1_TAACTTCCAGGACTAG
15629	e16_ji1_TAACTTCCAGTTTCAG
15630	e16_ji1_TAACTTCGTCACTGAT
15631	e16_ji1_TAACTTCGTCCAGCAC
15632	e16_ji1_TAACTTCGTCGCTTAA
15633	e16_ji1_TAACTTCGTGGATTTC
15634	e16_ji1_TAACTTCGTTGGAGAC
15635	e16_ji1_TAACTTCTCAACTCTT
15636	e16_ji1_TAACTTCTCGTTCTAT
15637	e16_ji1_TAAGCACAGACTCAAA
15638	e16_ji1_TAAGCACAGCACCGTC
15639	e16_ji1_TAAGCACCAACTGTGT
15640	e16_ji1_TAAGCACTCATTGCGA
15641	e16_ji1_TAAGCACTCCGAGTGC
15642	e16_ji1_TAAGCACTCCGTATAG
15643	e16_ji1_TAAGCCAAGCGTGCTC
15644	e16_ji1_TAAGCCAAGCTCCACG
15645	e16_ji1_TAAGCCACAACTTGGT
15646	e16_ji1_TAAGCCACACAGCTGC
15647	e16_ji1_TAAGCCACACCGTACG
15648	e16_ji1_TAAGCCACAGGACAGT
15649	e16_ji1_TAAGCCACAGGCTCTG
15650	e16_ji1_TAAGCCAGTAGCTCGC
15651	e16_ji1_TAAGCCAGTGTAACGG
15652	e16_ji1_TAAGCCATCATTGTTC
15653	e16_ji1_TAAGCCATCCCGTGAG
15654	e16_ji1_TAAGCGTCACAGTATC
15655	e16_ji1_TAAGCGTCACGACTAT
15656	e16_ji1_TAAGCGTGTGTGCCTG
15657	e16_ji1_TAAGTCGAGATGAAGG
15658	e16_ji1_TAAGTCGCAATCGCCG
15659	e16_ji1_TAAGTCGCAGCTTCCT
15660	e16_ji1_TAAGTCGCATAGGTTC
15661	e16_ji1_TAAGTCGGTGAATGTA
15662	e16_ji1_TAAGTCGTCTCGTTTA
15663	e16_ji1_TAATCTCAGATTCGCT
15664	e16_ji1_TAATCTCAGGGAGGAC
15665	e16_ji1_TAATCTCGTATTGACC
15666	e16_ji1_TAATCTCTCAGCTGAT
15667	e16_ji1_TAATTCCAGCGCAATG
15668	e16_ji1_TAATTCCAGGAGATAG
15669	e16_ji1_TAATTCCAGGTATCTC
15670	e16_ji1_TAATTCCCAACAGTGG
15671	e16_ji1_TAATTCCGTCTCACGG
15672	e16_ji1_TACAACGAGAACGTGC
15673	e16_ji1_TACAACGAGCAGCCTC
15674	e16_ji1_TACAACGAGGTGCTTT
15675	e16_ji1_TACAACGCACGCGCTA
15676	e16_ji1_TACAACGCAGCGCGTT
15677	e16_ji1_TACAACGGTATGCTTG
15678	e16_ji1_TACAACGGTGTCATTG
15679	e16_ji1_TACAACGGTTCTCCAC
15680	e16_ji1_TACAACGTCCGTGGGT
15681	e16_ji1_TACAACGTCGAAACAA
15682	e16_ji1_TACACCCAGACCAAGC
15683	e16_ji1_TACACCCAGATCGACG
15684	e16_ji1_TACACCCAGGTTATAG
15685	e16_ji1_TACACCCCAGAAGTTA
15686	e16_ji1_TACACCCTCGAGAGCA
15687	e16_ji1_TACACCCTCTAATTCC
15688	e16_ji1_TACAGGTAGACGAGCT
15689	e16_ji1_TACAGGTAGACGCCAA
15690	e16_ji1_TACAGGTAGATACTGA
15691	e16_ji1_TACAGGTAGCCTCCAG
15692	e16_ji1_TACAGGTAGGTTGCCC
15693	e16_ji1_TACAGGTCACGACAAG
15694	e16_ji1_TACAGGTCAGCAGTCC
15695	e16_ji1_TACAGGTTCATCTGTT
15696	e16_ji1_TACAGGTTCCGATCTC
15697	e16_ji1_TACAGGTTCCTCATAT
15698	e16_ji1_TACAGGTTCTACCACC
15699	e16_ji1_TACAGGTTCTTGCAGA
15700	e16_ji1_TACATTCAGAAGTGTT
15701	e16_ji1_TACATTCAGATTAGTG
15702	e16_ji1_TACATTCAGCGTGTCC
15703	e16_ji1_TACATTCCAACCCGCA
15704	e16_ji1_TACATTCCACACCTTC
15705	e16_ji1_TACATTCCATACCAGT
15706	e16_ji1_TACATTCCATTCATCT
15707	e16_ji1_TACATTCGTCACCACG
15708	e16_ji1_TACATTCGTGCGTGCT
15709	e16_ji1_TACATTCTCGCATAGT
15710	e16_ji1_TACCCACAGGTCACCC
15711	e16_ji1_TACCCACAGTATTGCC
15712	e16_ji1_TACCCACCAGAACCGA
15713	e16_ji1_TACCCACGTAGAATGT
15714	e16_ji1_TACCCACGTCTTCCGT
15715	e16_ji1_TACCCACGTGTTGATC
15716	e16_ji1_TACCCACGTTGCGTAT
15717	e16_ji1_TACCCACTCCGCAGTG
15718	e16_ji1_TACCCACTCGGTCTAA
15719	e16_ji1_TACCCGTAGATGAACT
15720	e16_ji1_TACCCGTAGCGGGTAT
15721	e16_ji1_TACCCGTCAAGTGATA
15722	e16_ji1_TACCCGTCACCAGTTA
15723	e16_ji1_TACCCGTCAGTATACC
15724	e16_ji1_TACCCGTGTCGAGTTT
15725	e16_ji1_TACCCGTGTCTCACGG
15726	e16_ji1_TACCCGTGTGAAGCTG
15727	e16_ji1_TACCCGTTCATAGACC
15728	e16_ji1_TACCCGTTCTAGTACG
15729	e16_ji1_TACCGAAAGATCCCGC
15730	e16_ji1_TACCGAAAGGTCGCCT
15731	e16_ji1_TACCGAAAGTACGAGC
15732	e16_ji1_TACCGAAAGTCATAGA
15733	e16_ji1_TACCGAACAACCGTGC
15734	e16_ji1_TACCGAACAAGTGATA
15735	e16_ji1_TACCGAACAGGGTCTC
15736	e16_ji1_TACCGAACAGGTATGG
15737	e16_ji1_TACCGAAGTCAACCAT
15738	e16_ji1_TACCGAAGTGTTAACC
15739	e16_ji1_TACCGAATCATTATCC
15740	e16_ji1_TACCGGGAGTTGGAAT
15741	e16_ji1_TACCGGGCAGCCCAGT
15742	e16_ji1_TACCGGGCAGCCTATA
15743	e16_ji1_TACCGGGCATCTAGAC
15744	e16_ji1_TACCGGGGTACTCGTA
15745	e16_ji1_TACCGGGGTCCGTTTC
15746	e16_ji1_TACCGGGGTCTGCGCA
15747	e16_ji1_TACCGGGTCATGCTAG
15748	e16_ji1_TACCGGGTCATTACGG
15749	e16_ji1_TACCGGGTCCTACGAA
15750	e16_ji1_TACCGGGTCGCTCTAC
15751	e16_ji1_TACCGGGTCTGTAAGC
15752	e16_ji1_TACCTCGAGATAACGT
15753	e16_ji1_TACCTCGAGCTCATAC
15754	e16_ji1_TACCTCGAGGAACGAA
15755	e16_ji1_TACCTCGAGGGTGAAA
15756	e16_ji1_TACCTCGCAGGATTCT
15757	e16_ji1_TACCTCGCATGCAGGA
15758	e16_ji1_TACCTCGGTGGTATGG
15759	e16_ji1_TACCTGCAGTTGAAAC
15760	e16_ji1_TACCTGCCATACAGCT
15761	e16_ji1_TACCTGCCATCATTGG
15762	e16_ji1_TACCTGCCATCCCGTT
15763	e16_ji1_TACCTGCGTCGCATCG
15764	e16_ji1_TACCTGCGTGCTTATG
15765	e16_ji1_TACCTGCGTGCTTCAA
15766	e16_ji1_TACCTGCGTGGCTACC
15767	e16_ji1_TACGCTCAGAAATTCG
15768	e16_ji1_TACGCTCAGAAGGATG
15769	e16_ji1_TACGCTCAGGTAAGAG
15770	e16_ji1_TACGCTCAGTCTTCGA
15771	e16_ji1_TACGCTCCAGCCCACA
15772	e16_ji1_TACGCTCCATCACCAA
15773	e16_ji1_TACGCTCGTGTTGACT
15774	e16_ji1_TACGCTCTCCCTCTCC
15775	e16_ji1_TACGCTCTCCTAGCGG
15776	e16_ji1_TACGCTCTCGTGTCAA
15777	e16_ji1_TACGGGCCAAACCGGA
15778	e16_ji1_TACGGGCCAAAGGGCT
15779	e16_ji1_TACGGGCCAGTAGTGG
15780	e16_ji1_TACGGGCGTATGCAAA
15781	e16_ji1_TACGGGCGTTCGGTTA
15782	e16_ji1_TACGGGCTCCCACAGG
15783	e16_ji1_TACGGGCTCTCTGGTC
15784	e16_ji1_TACGGTAAGCTGTTCA
15785	e16_ji1_TACGGTAAGTGTAGTA
15786	e16_ji1_TACGGTAGTCAAATCC
15787	e16_ji1_TACGGTAGTGAGTCAG
15788	e16_ji1_TACGGTAGTGCCGTAC
15789	e16_ji1_TACGGTAGTGGCTCTG
15790	e16_ji1_TACGGTAGTTCTCCAC
15791	e16_ji1_TACGGTATCAATGTCG
15792	e16_ji1_TACGGTATCATGTCAG
15793	e16_ji1_TACGGTATCCGGCAGT
15794	e16_ji1_TACGGTATCGGCCCAA
15795	e16_ji1_TACGGTATCGTTCAGA
15796	e16_ji1_TACGGTATCTACCACC
15797	e16_ji1_TACGTCCAGACCAAAT
15798	e16_ji1_TACGTCCAGCGATCGA
15799	e16_ji1_TACGTCCAGGAACGTC
15800	e16_ji1_TACGTCCAGGAGACCT
15801	e16_ji1_TACGTCCAGTCCTACA
15802	e16_ji1_TACGTCCCAAATGGAT
15803	e16_ji1_TACGTCCCAGGATTCT
15804	e16_ji1_TACGTCCCATTGAGCT
15805	e16_ji1_TACGTCCGTGCTCCGA
15806	e16_ji1_TACGTCCGTTGGGATG
15807	e16_ji1_TACGTCCGTTGTAAAG
15808	e16_ji1_TACGTCCTCAGCGTCG
15809	e16_ji1_TACGTCCTCAGCTGTA
15810	e16_ji1_TACGTCCTCCAACTGA
15811	e16_ji1_TACGTCCTCGTCGGGT
15812	e16_ji1_TACGTCCTCTCCGAAA
15813	e16_ji1_TACTGCCAGAATAGTC
15814	e16_ji1_TACTGCCAGCAAGGAA
15815	e16_ji1_TACTGCCAGGGAGAAT
15816	e16_ji1_TACTGCCAGTCTAACC
15817	e16_ji1_TACTGCCCAAGCGAAC
15818	e16_ji1_TACTGCCGTAGAGGAA
15819	e16_ji1_TACTGCCGTGGATGAC
15820	e16_ji1_TACTGCCGTTACAGCT
15821	e16_ji1_TACTGCCTCACTTATC
15822	e16_ji1_TACTGCCTCTACCTTA
15823	e16_ji1_TACTGCCTCTAGGCAT
15824	e16_ji1_TACTTACAGCACCGAA
15825	e16_ji1_TACTTACAGTCGAGGT
15826	e16_ji1_TACTTACGTAAGGAGA
15827	e16_ji1_TACTTACGTCCATAGT
15828	e16_ji1_TACTTACGTCCCTGAG
15829	e16_ji1_TACTTACGTCCGACGT
15830	e16_ji1_TACTTACGTCTCAGGC
15831	e16_ji1_TACTTACTCACGGAGA
15832	e16_ji1_TACTTACTCATTTGTC
15833	e16_ji1_TACTTACTCCCGTTCA
15834	e16_ji1_TACTTACTCGCTGTTC
15835	e16_ji1_TACTTCAAGCGGATCA
15836	e16_ji1_TACTTCACAAGTGCTT
15837	e16_ji1_TACTTCACACTAGTAC
15838	e16_ji1_TACTTCACAGGTCAAG
15839	e16_ji1_TACTTCAGTAGATCGG
15840	e16_ji1_TACTTCAGTCCGGATC
15841	e16_ji1_TACTTCAGTGCCAAGA
15842	e16_ji1_TACTTCAGTTTCGCTC
15843	e16_ji1_TACTTCATCGAGATAA
15844	e16_ji1_TACTTCATCGCCTCTA
15845	e16_ji1_TACTTCATCGGAATGG
15846	e16_ji1_TACTTCATCGGCTATA
15847	e16_ji1_TACTTCATCTCTGACC
15848	e16_ji1_TACTTGTAGGATATGT
15849	e16_ji1_TACTTGTAGGTGATCG
15850	e16_ji1_TACTTGTAGTAAACGT
15851	e16_ji1_TACTTGTAGTGGTCAG
15852	e16_ji1_TACTTGTCACTTGGCG
15853	e16_ji1_TACTTGTCAGCGGTTC
15854	e16_ji1_TACTTGTCAGCTAACT
15855	e16_ji1_TACTTGTGTAACGGTG
15856	e16_ji1_TACTTGTGTCGAGTTT
15857	e16_ji1_TACTTGTTCAGGAACG
15858	e16_ji1_TACTTGTTCATGGATC
15859	e16_ji1_TACTTGTTCATTACCT
15860	e16_ji1_TACTTGTTCCCTCTCC
15861	e16_ji1_TACTTGTTCGAACGGA
15862	e16_ji1_TACTTGTTCTCCTGAC
15863	e16_ji1_TAGACCAAGAGAGCGG
15864	e16_ji1_TAGACCAAGTCGGCCT
15865	e16_ji1_TAGACCAGTTCCAGGC
15866	e16_ji1_TAGACCATCATGAGGG
15867	e16_ji1_TAGACTGAGGTGAGAA
15868	e16_ji1_TAGACTGCAAGAGCTG
15869	e16_ji1_TAGACTGCAAGAGTGC
15870	e16_ji1_TAGACTGCACATGAAA
15871	e16_ji1_TAGACTGCATGACCCG
15872	e16_ji1_TAGACTGTCACAGTGT
15873	e16_ji1_TAGACTGTCCACTGAA
15874	e16_ji1_TAGACTGTCCTGCCAT
15875	e16_ji1_TAGAGTCAGAGGTATT
15876	e16_ji1_TAGAGTCAGGATACCG
15877	e16_ji1_TAGAGTCAGGTCTTTG
15878	e16_ji1_TAGAGTCAGTCTGTAC
15879	e16_ji1_TAGAGTCCAATTGCGT
15880	e16_ji1_TAGAGTCCAGAACTAA
15881	e16_ji1_TAGAGTCGTATACCCA
15882	e16_ji1_TAGAGTCGTCCACGCA
15883	e16_ji1_TAGAGTCGTCCTGGTG
15884	e16_ji1_TAGAGTCTCGCTTAAG
15885	e16_ji1_TAGAGTCTCGGTCATA
15886	e16_ji1_TAGATCGAGACATCAA
15887	e16_ji1_TAGATCGAGTGCTACT
15888	e16_ji1_TAGATCGCACTGGATT
15889	e16_ji1_TAGATCGCAGTTGAAA
15890	e16_ji1_TAGATCGGTGTGTCGC
15891	e16_ji1_TAGATCGTCAGTCAGT
15892	e16_ji1_TAGATCGTCTAAGAAG
15893	e16_ji1_TAGCACAAGCGACAGT
15894	e16_ji1_TAGCACAAGCGATGGT
15895	e16_ji1_TAGCACAAGTAATTGG
15896	e16_ji1_TAGCACAAGTGGAAAG
15897	e16_ji1_TAGCACACATCATTTC
15898	e16_ji1_TAGCACACATCGTGCG
15899	e16_ji1_TAGCACAGTGCGAGTA
15900	e16_ji1_TAGCACAGTGGTTCTA
15901	e16_ji1_TAGCACAGTTCGTTCC
15902	e16_ji1_TAGCACATCCCGAGAC
15903	e16_ji1_TAGCACATCTCAGTCC
15904	e16_ji1_TAGGAGGAGAGGTCAC
15905	e16_ji1_TAGGAGGAGATGTTCC
15906	e16_ji1_TAGGAGGCACATACGT
15907	e16_ji1_TAGGAGGCACTATCCC
15908	e16_ji1_TAGGAGGCAGCAGATG
15909	e16_ji1_TAGGAGGCAGTATACC
15910	e16_ji1_TAGGAGGCATCAGCGC
15911	e16_ji1_TAGGAGGGTAGACGGT
15912	e16_ji1_TAGGAGGGTTCCTAGA
15913	e16_ji1_TAGGAGGTCACAGAGG
15914	e16_ji1_TAGGAGGTCAGTGATC
15915	e16_ji1_TAGGGTTAGAGTCGAC
15916	e16_ji1_TAGGGTTCAGATCACT
15917	e16_ji1_TAGGGTTGTAATGATG
15918	e16_ji1_TAGGGTTGTCATCCGG
15919	e16_ji1_TAGGGTTGTTGCTCAA
15920	e16_ji1_TAGGGTTTCAACACGT
15921	e16_ji1_TAGGTACAGCTCGACC
15922	e16_ji1_TAGGTACAGTGTGTTC
15923	e16_ji1_TAGGTACAGTTGCATC
15924	e16_ji1_TAGGTACCAAGCGCTC
15925	e16_ji1_TAGGTACCAAGGCCTC
15926	e16_ji1_TAGGTACCAGAAATCA
15927	e16_ji1_TAGGTACCAGCTACAT
15928	e16_ji1_TAGGTACGTTTCGACA
15929	e16_ji1_TAGGTACTCGACGCTG
15930	e16_ji1_TAGGTTGAGCCTGAAG
15931	e16_ji1_TAGGTTGAGGGAGAAT
15932	e16_ji1_TAGGTTGGTACAGAAT
15933	e16_ji1_TAGGTTGGTGGCTGAA
15934	e16_ji1_TAGGTTGGTTTATGCG
15935	e16_ji1_TAGGTTGTCTTAAGGC
15936	e16_ji1_TAGTGCAAGAAACCCG
15937	e16_ji1_TAGTGCAAGAACAGGA
15938	e16_ji1_TAGTGCAAGAATCTAG
15939	e16_ji1_TAGTGCAAGCTTCATG
15940	e16_ji1_TAGTGCAAGGAGCTGT
15941	e16_ji1_TAGTGCACACGCCAGT
15942	e16_ji1_TAGTGCACATGGTACT
15943	e16_ji1_TAGTGCAGTCGTACAT
15944	e16_ji1_TAGTGCAGTGCAGATG
15945	e16_ji1_TAGTGCATCATCGACA
15946	e16_ji1_TAGTGCATCCATCCGT
15947	e16_ji1_TAGTGCATCCCGTGAG
15948	e16_ji1_TAGTGCATCTCGTCGT
15949	e16_ji1_TATACCTAGGATTTAG
15950	e16_ji1_TATACCTCAATTCTCT
15951	e16_ji1_TATACCTCATCCTATT
15952	e16_ji1_TATACCTCATCGATAC
15953	e16_ji1_TATACCTGTACGATTC
15954	e16_ji1_TATACCTGTGTTTCTT
15955	e16_ji1_TATACCTGTTTCGTTT
15956	e16_ji1_TATATCCAGATACCAA
15957	e16_ji1_TATATCCCACCGCTAG
15958	e16_ji1_TATATCCGTATCGCAT
15959	e16_ji1_TATATCCGTATTGCCA
15960	e16_ji1_TATATCCGTTGGTGTT
15961	e16_ji1_TATATCCTCCGCACTT
15962	e16_ji1_TATATCCTCTCCGAAA
15963	e16_ji1_TATATCCTCTGAATGC
15964	e16_ji1_TATCAGGAGGGAGTGG
15965	e16_ji1_TATCAGGAGGGTCAAC
15966	e16_ji1_TATCAGGAGGTCCTGC
15967	e16_ji1_TATCAGGAGTACAACA
15968	e16_ji1_TATCAGGCAGCGTACC
15969	e16_ji1_TATCAGGCAGTGACCC
15970	e16_ji1_TATCAGGCAGTTAGGG
15971	e16_ji1_TATCAGGGTAATTAGG
15972	e16_ji1_TATCAGGGTTGGACTT
15973	e16_ji1_TATCAGGGTTGGTACT
15974	e16_ji1_TATCAGGTCCTCATAT
15975	e16_ji1_TATCAGGTCGAAATCC
15976	e16_ji1_TATCCTAAGGCAGGTT
15977	e16_ji1_TATCCTAAGTTCGCAT
15978	e16_ji1_TATCCTACAACCGACC
15979	e16_ji1_TATCCTACACTCATAG
15980	e16_ji1_TATCCTACATCCAATG
15981	e16_ji1_TATCCTACATGGAACG
15982	e16_ji1_TATCCTACATGTGTCA
15983	e16_ji1_TATCCTATCCACTTTA
15984	e16_ji1_TATCGCCAGACAACTA
15985	e16_ji1_TATCGCCAGCAACTTC
15986	e16_ji1_TATCGCCAGCAAGGAA
15987	e16_ji1_TATCGCCAGCATTGTC
15988	e16_ji1_TATCGCCAGGCCTTGC
15989	e16_ji1_TATCGCCAGTAAAGCT
15990	e16_ji1_TATCGCCCAATTCACG
15991	e16_ji1_TATCGCCCACAACGAG
15992	e16_ji1_TATCGCCCAGTTACCA
15993	e16_ji1_TATCGCCCATCCAATG
15994	e16_ji1_TATCGCCGTGGAAGTC
15995	e16_ji1_TATCGCCTCAGTCATG
15996	e16_ji1_TATCTGTAGGCTGGAT
15997	e16_ji1_TATCTGTAGTGGCGAT
15998	e16_ji1_TATCTGTCAAGGCTTT
15999	e16_ji1_TATCTGTCACAGAGAC
16000	e16_ji1_TATCTGTCAGACCCGT
16001	e16_ji1_TATCTGTCAGCACCCA
16002	e16_ji1_TATCTGTCAGCGGTTC
16003	e16_ji1_TATCTGTCAGGAACCA
16004	e16_ji1_TATCTGTGTTGCACGC
16005	e16_ji1_TATCTGTTCAGGCGAA
16006	e16_ji1_TATCTGTTCATGCCCT
16007	e16_ji1_TATCTGTTCCTAGCCT
16008	e16_ji1_TATCTTGAGCCTGAGA
16009	e16_ji1_TATCTTGCAATGAGCG
16010	e16_ji1_TATCTTGCATCCTTGC
16011	e16_ji1_TATCTTGCATTACTCT
16012	e16_ji1_TATCTTGGTAGCCCTG
16013	e16_ji1_TATCTTGGTCTCGGAC
16014	e16_ji1_TATCTTGTCATGACAC
16015	e16_ji1_TATCTTGTCTGTAAGC
16016	e16_ji1_TATCTTGTCTTGGTGA
16017	e16_ji1_TATGTTCAGCCATTGT
16018	e16_ji1_TATGTTCCAATGTTGC
16019	e16_ji1_TATGTTCCAATTCTCT
16020	e16_ji1_TATGTTCCAGGACTTT
16021	e16_ji1_TATGTTCGTAACACCT
16022	e16_ji1_TATGTTCGTTCTCCCA
16023	e16_ji1_TATGTTCGTTGGGACA
16024	e16_ji1_TATGTTCGTTGTGGAG
16025	e16_ji1_TATGTTCTCAGTCATG
16026	e16_ji1_TATGTTCTCGGATTAC
16027	e16_ji1_TATTCCAAGCGAATGC
16028	e16_ji1_TATTCCAAGCGTTAGG
16029	e16_ji1_TATTCCACAAAGGCGT
16030	e16_ji1_TATTCCAGTCATCTAG
16031	e16_ji1_TATTCCAGTGAAGCGT
16032	e16_ji1_TATTCCAGTGTGAGCA
16033	e16_ji1_TATTCCAGTTACGATC
16034	e16_ji1_TATTCCAGTTGGAGAC
16035	e16_ji1_TATTCCATCAGCCTCT
16036	e16_ji1_TATTCCATCCGAGATT
16037	e16_ji1_TATTGCTCAAATAGCA
16038	e16_ji1_TATTGCTCACACTGGC
16039	e16_ji1_TATTGCTCACGGTCTG
16040	e16_ji1_TATTGCTCATTGCAAC
16041	e16_ji1_TATTGCTGTGCCAAGA
16042	e16_ji1_TATTGCTGTGTTAACC
16043	e16_ji1_TATTGCTGTTCTTCAT
16044	e16_ji1_TATTGCTTCACACCGG
16045	e16_ji1_TATTGGGGTGTACATC
16046	e16_ji1_TATTGGGGTTACGGAG
16047	e16_ji1_TATTGGGTCCCATAAG
16048	e16_ji1_TATTGGGTCCGTGGCA
16049	e16_ji1_TATTGGGTCGAATCCA
16050	e16_ji1_TATTGGGTCGCCTTTG
16051	e16_ji1_TATTTCGAGACGAAGA
16052	e16_ji1_TATTTCGAGGAGTATT
16053	e16_ji1_TATTTCGAGGGCAGTT
16054	e16_ji1_TATTTCGCATTCGATG
16055	e16_ji1_TATTTCGGTGGAAATT
16056	e16_ji1_TATTTCGGTTGCATTG
16057	e16_ji1_TATTTCGTCATGCCGG
16058	e16_ji1_TATTTCGTCCGAAGGA
16059	e16_ji1_TCAAGACAGATTCGCT
16060	e16_ji1_TCAAGACAGCTAGAGC
16061	e16_ji1_TCAAGACAGCTTAAGA
16062	e16_ji1_TCAAGACCAGTGTACT
16063	e16_ji1_TCAAGACCATCCTATT
16064	e16_ji1_TCAAGACGTACTCCGG
16065	e16_ji1_TCAAGACGTTGTGGAG
16066	e16_ji1_TCAAGACTCCGTGGTG
16067	e16_ji1_TCAAGACTCTTCGCTG
16068	e16_ji1_TCAAGCAAGAAGCCTG
16069	e16_ji1_TCAAGCAAGCGATCGA
16070	e16_ji1_TCAAGCAAGTAGATCA
16071	e16_ji1_TCAAGCACACAGGATG
16072	e16_ji1_TCAAGCACAGAAATTG
16073	e16_ji1_TCAAGCAGTGTGTACT
16074	e16_ji1_TCAAGCATCCGACGGT
16075	e16_ji1_TCAAGTGAGAGAGTTT
16076	e16_ji1_TCAAGTGAGATGATTG
16077	e16_ji1_TCAAGTGCAACAGATA
16078	e16_ji1_TCAAGTGCAGACATCT
16079	e16_ji1_TCAAGTGCATCGATCA
16080	e16_ji1_TCAAGTGGTACCTAAC
16081	e16_ji1_TCAAGTGGTGGTCTTA
16082	e16_ji1_TCAAGTGGTTCGGTTA
16083	e16_ji1_TCAATCTAGAGGGTGG
16084	e16_ji1_TCAATCTAGGGCTTCC
16085	e16_ji1_TCAATCTCACAATGCT
16086	e16_ji1_TCAATCTCAGACGATG
16087	e16_ji1_TCAATCTCAGCAGACA
16088	e16_ji1_TCAATCTCATGCAGGA
16089	e16_ji1_TCAATCTCATGTTACG
16090	e16_ji1_TCAATCTGTGGTCCGT
16091	e16_ji1_TCAATCTTCCACCTGT
16092	e16_ji1_TCAATCTTCCAGCCTT
16093	e16_ji1_TCAATTCAGAAGAACG
16094	e16_ji1_TCAATTCAGCGTTGTT
16095	e16_ji1_TCAATTCCAGAACTTC
16096	e16_ji1_TCAATTCGTCGTACTA
16097	e16_ji1_TCAATTCGTTATAGCC
16098	e16_ji1_TCAATTCTCAAGTCTG
16099	e16_ji1_TCAATTCTCTCGGGAC
16100	e16_ji1_TCAATTCTCTCTATAC
16101	e16_ji1_TCACAAGAGCGTGTCC
16102	e16_ji1_TCACAAGAGCTGTTCA
16103	e16_ji1_TCACAAGAGTCACGAG
16104	e16_ji1_TCACAAGCATAGGAGC
16105	e16_ji1_TCACAAGCATGAAGCG
16106	e16_ji1_TCACAAGTCCGAACGC
16107	e16_ji1_TCACAAGTCGCCAACG
16108	e16_ji1_TCACACCAGATGGTCG
16109	e16_ji1_TCACACCAGGTCACCC
16110	e16_ji1_TCACACCCAATTGTGC
16111	e16_ji1_TCACACCCACATCCCT
16112	e16_ji1_TCACACCCACCTGAAT
16113	e16_ji1_TCACACCCACGACAAG
16114	e16_ji1_TCACACCCAGAACATA
16115	e16_ji1_TCACACCCAGATCCAT
16116	e16_ji1_TCACACCGTCACTAGT
16117	e16_ji1_TCACACCGTCTCACGG
16118	e16_ji1_TCACACCTCAGTCATG
16119	e16_ji1_TCACACCTCCATTTCA
16120	e16_ji1_TCACACCTCTCTTAAC
16121	e16_ji1_TCACATTAGAGCACTG
16122	e16_ji1_TCACATTAGGCCCGTT
16123	e16_ji1_TCACATTCACGCAGTC
16124	e16_ji1_TCACATTCAGCATACT
16125	e16_ji1_TCACATTCAGCCTATA
16126	e16_ji1_TCACATTCAGGTGTTT
16127	e16_ji1_TCACATTCATCTATCT
16128	e16_ji1_TCACATTGTATGAAAC
16129	e16_ji1_TCACATTGTGTAAACA
16130	e16_ji1_TCACATTTCAGTGTCA
16131	e16_ji1_TCACATTTCCCTCTAG
16132	e16_ji1_TCACATTTCGCCGAGT
16133	e16_ji1_TCACATTTCGTAACAC
16134	e16_ji1_TCACATTTCGTCGCTT
16135	e16_ji1_TCACATTTCTAGATCG
16136	e16_ji1_TCACGCTAGCATATGA
16137	e16_ji1_TCACGCTCAGTGTGCC
16138	e16_ji1_TCACGCTGTTGTAAAG
16139	e16_ji1_TCACGCTTCCATGAGT
16140	e16_ji1_TCACGCTTCTGAGGCC
16141	e16_ji1_TCACGGGAGCTAATGA
16142	e16_ji1_TCACGGGAGGAGTATT
16143	e16_ji1_TCACGGGAGGTGCTTT
16144	e16_ji1_TCACGGGAGTCTGCGC
16145	e16_ji1_TCACGGGAGTCTTGGT
16146	e16_ji1_TCACGGGCAGTGGGTA
16147	e16_ji1_TCACGGGCATATGGCT
16148	e16_ji1_TCACGGGTCATCGCAA
16149	e16_ji1_TCACGGGTCGTCTCAC
16150	e16_ji1_TCACTATAGAATCGAT
16151	e16_ji1_TCACTATAGTCGCCCA
16152	e16_ji1_TCACTATCAATCGAAA
16153	e16_ji1_TCACTATCAGAAATTG
16154	e16_ji1_TCACTATCAGAGGACT
16155	e16_ji1_TCACTATCATTGAAAG
16156	e16_ji1_TCACTATGTCGACTTA
16157	e16_ji1_TCACTATTCACACCCT
16158	e16_ji1_TCACTATTCATTACCT
16159	e16_ji1_TCACTATTCATTACTC
16160	e16_ji1_TCACTATTCGATGCTA
16161	e16_ji1_TCACTCGAGAGAGCAA
16162	e16_ji1_TCACTCGAGCAACAAT
16163	e16_ji1_TCACTCGAGGACAGCT
16164	e16_ji1_TCACTCGAGTGCTCGC
16165	e16_ji1_TCACTCGCATCGAAGG
16166	e16_ji1_TCACTCGCATCTGGGC
16167	e16_ji1_TCACTCGGTCAGTTTG
16168	e16_ji1_TCACTCGGTCGAGCAA
16169	e16_ji1_TCACTCGTCCAAGCTA
16170	e16_ji1_TCACTCGTCGTTCCCA
16171	e16_ji1_TCAGCAAAGCGACTAG
16172	e16_ji1_TCAGCAAAGCTTCGTA
16173	e16_ji1_TCAGCAAAGCTTTGTG
16174	e16_ji1_TCAGCAACATGTTCGA
16175	e16_ji1_TCAGCAAGTCGAATTC
16176	e16_ji1_TCAGCAAGTGGGTTGA
16177	e16_ji1_TCAGCAAGTTAAGTCC
16178	e16_ji1_TCAGCAATCGCCTTGT
16179	e16_ji1_TCAGCAATCTCCAAGA
16180	e16_ji1_TCAGCAATCTTAGCAG
16181	e16_ji1_TCAGCCTAGAGTGACC
16182	e16_ji1_TCAGCCTAGCAGCCTC
16183	e16_ji1_TCAGCCTAGTTAACGA
16184	e16_ji1_TCAGCCTGTCCTGGTG
16185	e16_ji1_TCAGCCTGTGCAACAG
16186	e16_ji1_TCAGCCTGTGGGCTCT
16187	e16_ji1_TCAGGGCAGCTCGACC
16188	e16_ji1_TCAGGGCAGGCTTCCG
16189	e16_ji1_TCAGGGCTCCATCTGC
16190	e16_ji1_TCAGGTAAGGATGCGT
16191	e16_ji1_TCAGGTACAGAACATA
16192	e16_ji1_TCAGGTAGTAAGTTGA
16193	e16_ji1_TCAGGTATCCACAGCG
16194	e16_ji1_TCAGTCCAGATTGACA
16195	e16_ji1_TCAGTCCAGGTTGGTG
16196	e16_ji1_TCAGTCCCAAACACCT
16197	e16_ji1_TCAGTCCCAACACGTT
16198	e16_ji1_TCAGTCCCAGAGGCAT
16199	e16_ji1_TCAGTCCTCCCTTCCC
16200	e16_ji1_TCAGTCCTCGCTCTAC
16201	e16_ji1_TCAGTGAAGAAGCCAC
16202	e16_ji1_TCAGTGACATATCGGT
16203	e16_ji1_TCAGTGACATCTTTCA
16204	e16_ji1_TCAGTTTAGGTGCATG
16205	e16_ji1_TCAGTTTCAACGACTT
16206	e16_ji1_TCAGTTTCAATAAGGT
16207	e16_ji1_TCAGTTTCAGGTTTAC
16208	e16_ji1_TCAGTTTGTCAGACGA
16209	e16_ji1_TCAGTTTGTCGACTGC
16210	e16_ji1_TCAGTTTTCCACGTAA
16211	e16_ji1_TCAGTTTTCGACGATT
16212	e16_ji1_TCAGTTTTCTAGTCAG
16213	e16_ji1_TCAGTTTTCTGTAAGC
16214	e16_ji1_TCATACTAGCTGAGCA
16215	e16_ji1_TCATACTAGGAACGCT
16216	e16_ji1_TCATACTAGGAGGTTC
16217	e16_ji1_TCATACTAGGATGAGA
16218	e16_ji1_TCATACTCATGTGGTT
16219	e16_ji1_TCATACTTCCGTACGG
16220	e16_ji1_TCATACTTCTTCGTAT
16221	e16_ji1_TCATATCAGCCATTTG
16222	e16_ji1_TCATATCAGCGTTAGG
16223	e16_ji1_TCATATCAGGTCGAGT
16224	e16_ji1_TCATATCCAATGCTCA
16225	e16_ji1_TCATATCCATTGACTG
16226	e16_ji1_TCATATCGTACTGACT
16227	e16_ji1_TCATATCGTCGCTCGA
16228	e16_ji1_TCATATCGTGCTTATG
16229	e16_ji1_TCATATCTCAGCACCG
16230	e16_ji1_TCATATCTCATGCATG
16231	e16_ji1_TCATATCTCGCAAGAG
16232	e16_ji1_TCATATCTCGTCAAAC
16233	e16_ji1_TCATATCTCTGCGGCA
16234	e16_ji1_TCATCATAGACATACA
16235	e16_ji1_TCATCATCAACGTAAA
16236	e16_ji1_TCATCATCAATGAACA
16237	e16_ji1_TCATCATCAATTCACG
16238	e16_ji1_TCATCATCATCTTCGC
16239	e16_ji1_TCATCATCATTAAGCC
16240	e16_ji1_TCATCATGTGAATAAC
16241	e16_ji1_TCATCATTCTGAGCAT
16242	e16_ji1_TCATCCGAGAACTTCC
16243	e16_ji1_TCATCCGAGAAGTATC
16244	e16_ji1_TCATCCGAGACTCTAC
16245	e16_ji1_TCATCCGAGCAGTACG
16246	e16_ji1_TCATCCGAGGCTATCT
16247	e16_ji1_TCATCCGCACAACATC
16248	e16_ji1_TCATCCGCAGTGCGCT
16249	e16_ji1_TCATCCGCATATGCGT
16250	e16_ji1_TCATCCGGTGCAGATG
16251	e16_ji1_TCATCCGGTTAGAAAC
16252	e16_ji1_TCATCCGGTTCGTAAC
16253	e16_ji1_TCATCCGTCCTCCACA
16254	e16_ji1_TCATCCGTCGTACCTC
16255	e16_ji1_TCATCCGTCTCGCGTT
16256	e16_ji1_TCATCCGTCTTTCCAA
16257	e16_ji1_TCATGAGCAGCGTTTA
16258	e16_ji1_TCATGAGGTAGATTGA
16259	e16_ji1_TCATGAGGTCTTAGTG
16260	e16_ji1_TCATGAGGTTGCCGCA
16261	e16_ji1_TCATGAGTCAAGGACG
16262	e16_ji1_TCATGAGTCATGGCCG
16263	e16_ji1_TCATGAGTCGAAGCCC
16264	e16_ji1_TCATGAGTCGCTTGCT
16265	e16_ji1_TCATGCCAGCGATCGA
16266	e16_ji1_TCATGCCCATGGAGAC
16267	e16_ji1_TCATGCCGTCACTCAA
16268	e16_ji1_TCATGCCTCTTACACT
16269	e16_ji1_TCATGCCTCTTACCGC
16270	e16_ji1_TCATGGAAGCCTTCTC
16271	e16_ji1_TCATGGAAGGGTTAAT
16272	e16_ji1_TCATGGAAGGTAGCAC
16273	e16_ji1_TCATGGAAGTTTAGGA
16274	e16_ji1_TCATGGACAGTTCTAG
16275	e16_ji1_TCATGGAGTGAGACGT
16276	e16_ji1_TCATGGATCATATGGC
16277	e16_ji1_TCATGGATCCCTGGTT
16278	e16_ji1_TCATGGATCTGTGCTC
16279	e16_ji1_TCATGGATCTTTGCAT
16280	e16_ji1_TCATGTTCACAATTCG
16281	e16_ji1_TCATGTTGTTAAAGTG
16282	e16_ji1_TCATGTTTCAATCGGT
16283	e16_ji1_TCATGTTTCCGTGGGT
16284	e16_ji1_TCATGTTTCTCATGCC
16285	e16_ji1_TCATTACAGGTACTGG
16286	e16_ji1_TCATTACCAATCCAGT
16287	e16_ji1_TCATTACCATGACTGT
16288	e16_ji1_TCATTACGTCTAGATC
16289	e16_ji1_TCATTACGTTAGGCCC
16290	e16_ji1_TCATTACTCAGGCGAA
16291	e16_ji1_TCATTACTCTGGAAGG
16292	e16_ji1_TCATTCAAGGGAGGAC
16293	e16_ji1_TCATTCAAGGTAGACC
16294	e16_ji1_TCATTCAAGTCATACC
16295	e16_ji1_TCATTCACAACTGATC
16296	e16_ji1_TCATTCACAATCCAGT
16297	e16_ji1_TCATTCACATTATGCG
16298	e16_ji1_TCATTCAGTGACTCTA
16299	e16_ji1_TCATTCATCTCGGTCT
16300	e16_ji1_TCATTGTAGTCTCTGA
16301	e16_ji1_TCATTGTCATATACCG
16302	e16_ji1_TCATTGTTCCAACACA
16303	e16_ji1_TCATTTGAGCGACTAG
16304	e16_ji1_TCATTTGAGGTCGTAG
16305	e16_ji1_TCATTTGCAACCAATC
16306	e16_ji1_TCATTTGCAGAAGCGT
16307	e16_ji1_TCATTTGCAGGTCAGA
16308	e16_ji1_TCATTTGCAGTAGTGG
16309	e16_ji1_TCATTTGCATCGTCCT
16310	e16_ji1_TCATTTGGTCTACGTA
16311	e16_ji1_TCATTTGGTTCTCCCA
16312	e16_ji1_TCATTTGGTTGTTTGG
16313	e16_ji1_TCATTTGTCAACCTTT
16314	e16_ji1_TCCACCAAGACCATGG
16315	e16_ji1_TCCACCAAGCGACTTT
16316	e16_ji1_TCCACCAAGGATGGCT
16317	e16_ji1_TCCACCAAGTACCCTA
16318	e16_ji1_TCCACCACAGCGAACA
16319	e16_ji1_TCCACCACAGCGGTTC
16320	e16_ji1_TCCACCAGTCCGGTCA
16321	e16_ji1_TCCACCAGTGCGTTTA
16322	e16_ji1_TCCACCAGTGTACAGG
16323	e16_ji1_TCCACCAGTTCCGCAG
16324	e16_ji1_TCCACGTCACTACTTT
16325	e16_ji1_TCCACGTCAGAAGCTG
16326	e16_ji1_TCCACGTGTCCTCCTA
16327	e16_ji1_TCCACGTGTCGTCGGT
16328	e16_ji1_TCCACGTGTGATAGAT
16329	e16_ji1_TCCACGTGTGCAATGG
16330	e16_ji1_TCCAGAAAGATCACCT
16331	e16_ji1_TCCAGAACAACTGCCG
16332	e16_ji1_TCCAGAACACAGAGAC
16333	e16_ji1_TCCAGAAGTACGATTC
16334	e16_ji1_TCCAGAATCCATGATG
16335	e16_ji1_TCCAGAATCTTACTGT
16336	e16_ji1_TCCATCGAGAAGGCTC
16337	e16_ji1_TCCATCGAGCGGGTTA
16338	e16_ji1_TCCATCGAGGTTCTAC
16339	e16_ji1_TCCATCGCAACCGCTG
16340	e16_ji1_TCCATCGCACCTGATA
16341	e16_ji1_TCCATCGGTAGATGTA
16342	e16_ji1_TCCATCGGTCCGAAAG
16343	e16_ji1_TCCATCGTCCTGTTAT
16344	e16_ji1_TCCATCGTCGAGCACC
16345	e16_ji1_TCCATGCAGACTCTAC
16346	e16_ji1_TCCATGCAGAGAGCGG
16347	e16_ji1_TCCATGCAGTATGAAC
16348	e16_ji1_TCCATGCAGTTGGCTT
16349	e16_ji1_TCCATGCCAACACGTT
16350	e16_ji1_TCCATGCCAATCACGT
16351	e16_ji1_TCCATGCGTATAGCTC
16352	e16_ji1_TCCATGCGTCCGTACG
16353	e16_ji1_TCCATGCGTTCCTAAG
16354	e16_ji1_TCCCACAGTAGTGCGA
16355	e16_ji1_TCCCACAGTTCCGCGA
16356	e16_ji1_TCCCACATCCTCCACA
16357	e16_ji1_TCCCAGTAGCTACTGT
16358	e16_ji1_TCCCAGTGTAAGTTGA
16359	e16_ji1_TCCCAGTTCACAAGAA
16360	e16_ji1_TCCCAGTTCCATATGG
16361	e16_ji1_TCCCATGAGCGAGAAA
16362	e16_ji1_TCCCATGAGTGTTCCA
16363	e16_ji1_TCCCATGAGTTAACAG
16364	e16_ji1_TCCCATGCAACGGCTC
16365	e16_ji1_TCCCATGCAATGACCT
16366	e16_ji1_TCCCATGCACACACTA
16367	e16_ji1_TCCCATGCAGCGAACA
16368	e16_ji1_TCCCATGCATTGGGAG
16369	e16_ji1_TCCCATGGTGCTATTG
16370	e16_ji1_TCCCATGGTGCTCTCT
16371	e16_ji1_TCCCATGGTTCGATTG
16372	e16_ji1_TCCCATGTCATTGGTG
16373	e16_ji1_TCCCATGTCTGGCTGG
16374	e16_ji1_TCCGAAAAGCCGAACA
16375	e16_ji1_TCCGAAAAGCTGACTT
16376	e16_ji1_TCCGAAAAGTAAGGGA
16377	e16_ji1_TCCGAAAAGTTCAACC
16378	e16_ji1_TCCGAAACACCAGCGT
16379	e16_ji1_TCCGAAACAGGCGAAT
16380	e16_ji1_TCCGAAACATCCTAAG
16381	e16_ji1_TCCGAAAGTATTGCCA
16382	e16_ji1_TCCGAAATCACCATAG
16383	e16_ji1_TCCGATCAGAATTTGG
16384	e16_ji1_TCCGATCAGGAAAGTG
16385	e16_ji1_TCCGATCAGTCGCCCA
16386	e16_ji1_TCCGATCAGTGTAGAT
16387	e16_ji1_TCCGATCCAAACCATC
16388	e16_ji1_TCCGATCCAAATCAAG
16389	e16_ji1_TCCGATCCACTTCATT
16390	e16_ji1_TCCGATCCATAAGCGG
16391	e16_ji1_TCCGATCCATCAACCA
16392	e16_ji1_TCCGATCCATCTCATT
16393	e16_ji1_TCCGATCGTGTCACAT
16394	e16_ji1_TCCGATCTCGTTATCT
16395	e16_ji1_TCCGGGAAGCACGATG
16396	e16_ji1_TCCGGGAAGCATGCGA
16397	e16_ji1_TCCGGGAAGGTTAGTA
16398	e16_ji1_TCCGGGACACAGCGCT
16399	e16_ji1_TCCGGGACATGACTGT
16400	e16_ji1_TCCGGGAGTTCTAACG
16401	e16_ji1_TCCGGGATCCCATTCG
16402	e16_ji1_TCCGTGTCACCCTTAC
16403	e16_ji1_TCCGTGTCACTCCGGA
16404	e16_ji1_TCCGTGTGTCGTATTG
16405	e16_ji1_TCCGTGTGTTGGACTT
16406	e16_ji1_TCCGTGTTCATGGATC
16407	e16_ji1_TCCGTGTTCATTTCGT
16408	e16_ji1_TCCGTGTTCCTGGGTG
16409	e16_ji1_TCCGTGTTCTAAGAAG
16410	e16_ji1_TCCGTGTTCTGGGCCA
16411	e16_ji1_TCCGTGTTCTTGCGCT
16412	e16_ji1_TCCTAATAGAAGCTCG
16413	e16_ji1_TCCTAATCAAATTGGA
16414	e16_ji1_TCCTAATCAACATCGT
16415	e16_ji1_TCCTAATCAACTGCTA
16416	e16_ji1_TCCTAATCACAGCCTG
16417	e16_ji1_TCCTAATCAGACCAGA
16418	e16_ji1_TCCTAATCATCCTAAG
16419	e16_ji1_TCCTAATGTGCTCGTG
16420	e16_ji1_TCCTAATGTTAAACAG
16421	e16_ji1_TCCTCCCAGCAGAAAG
16422	e16_ji1_TCCTCCCAGGACAGCT
16423	e16_ji1_TCCTCCCAGGCACCAA
16424	e16_ji1_TCCTCCCAGTAGACCG
16425	e16_ji1_TCCTCCCCAGCCGGTT
16426	e16_ji1_TCCTCCCCATAGTCGT
16427	e16_ji1_TCCTCCCGTCATCAGT
16428	e16_ji1_TCCTCCCGTTTGATCG
16429	e16_ji1_TCCTCGAAGCCTCACG
16430	e16_ji1_TCCTCGAAGGGTATAT
16431	e16_ji1_TCCTCGACACACAGCC
16432	e16_ji1_TCCTCGACACATCCCT
16433	e16_ji1_TCCTCGAGTCCAAATC
16434	e16_ji1_TCCTCGAGTGTCTCCT
16435	e16_ji1_TCCTCGATCCACCTCA
16436	e16_ji1_TCCTCGATCCCTATTA
16437	e16_ji1_TCCTCTTAGATTGACA
16438	e16_ji1_TCCTCTTCAAGATCCT
16439	e16_ji1_TCCTCTTCAAGTTCGT
16440	e16_ji1_TCCTCTTCACCTTCCA
16441	e16_ji1_TCCTCTTCACTACCGG
16442	e16_ji1_TCCTCTTGTCTCGGAC
16443	e16_ji1_TCCTCTTGTGGTTCTA
16444	e16_ji1_TCCTCTTTCGCATTGA
16445	e16_ji1_TCCTCTTTCGTCAGAT
16446	e16_ji1_TCCTCTTTCTACGCAA
16447	e16_ji1_TCCTGCAAGCCTTGAT
16448	e16_ji1_TCCTGCAAGCTGAAGC
16449	e16_ji1_TCCTGCAAGGATTCCT
16450	e16_ji1_TCCTGCAAGTTCCGTA
16451	e16_ji1_TCCTGCACACCCAAGC
16452	e16_ji1_TCCTGCACACGCTGCA
16453	e16_ji1_TCCTGCACACTATGTG
16454	e16_ji1_TCCTGCACATGACCCG
16455	e16_ji1_TCCTGCAGTAGCTGCC
16456	e16_ji1_TCCTGCAGTCTTCTAT
16457	e16_ji1_TCCTGCAGTTGAGTCT
16458	e16_ji1_TCCTGCATCAGCACCG
16459	e16_ji1_TCCTGCATCCGGTTCT
16460	e16_ji1_TCCTGCATCTACACAG
16461	e16_ji1_TCCTTCTAGCCTTTCC
16462	e16_ji1_TCCTTCTAGGTCGTAG
16463	e16_ji1_TCCTTCTCACGCGTCA
16464	e16_ji1_TCCTTCTCAGGACAGT
16465	e16_ji1_TCCTTCTCAGGCATTT
16466	e16_ji1_TCCTTCTGTATGCTTG
16467	e16_ji1_TCCTTCTGTGGTTTGT
16468	e16_ji1_TCCTTCTTCCGTTGAA
16469	e16_ji1_TCCTTTCAGCATCGAG
16470	e16_ji1_TCCTTTCAGGGAGGGT
16471	e16_ji1_TCCTTTCAGTGTACAA
16472	e16_ji1_TCCTTTCCAAGACCGA
16473	e16_ji1_TCCTTTCCACGCAGTC
16474	e16_ji1_TCCTTTCGTACCACGC
16475	e16_ji1_TCCTTTCGTAGCGCCT
16476	e16_ji1_TCCTTTCTCATGCATG
16477	e16_ji1_TCGAACAAGCGGTAAC
16478	e16_ji1_TCGAACAAGGGTCAAC
16479	e16_ji1_TCGAACAAGTTTCTTC
16480	e16_ji1_TCGAACACAACTGAAA
16481	e16_ji1_TCGAACACAATAGAGT
16482	e16_ji1_TCGAACACAGATCCTA
16483	e16_ji1_TCGAACAGTACGTAGG
16484	e16_ji1_TCGAACAGTCGCTTGG
16485	e16_ji1_TCGAACAGTCTCGCGA
16486	e16_ji1_TCGAACATCATCTGTT
16487	e16_ji1_TCGAACATCCGACATA
16488	e16_ji1_TCGAACATCCGATAAC
16489	e16_ji1_TCGAACATCTCAGTCC
16490	e16_ji1_TCGAAGTAGAAGCGGG
16491	e16_ji1_TCGAAGTAGACATACA
16492	e16_ji1_TCGAAGTAGCTCGACC
16493	e16_ji1_TCGAAGTAGTTTGAGA
16494	e16_ji1_TCGAAGTCATGTGGTT
16495	e16_ji1_TCGAAGTGTACATACC
16496	e16_ji1_TCGAAGTGTCAGACGA
16497	e16_ji1_TCGAAGTGTGTATCCA
16498	e16_ji1_TCGAAGTGTGTGCTTA
16499	e16_ji1_TCGAAGTTCTTGGATG
16500	e16_ji1_TCGACCTAGAGTCAGC
16501	e16_ji1_TCGACCTAGATAGGGA
16502	e16_ji1_TCGACCTAGGAGCTGT
16503	e16_ji1_TCGACCTCACTGGCGT
16504	e16_ji1_TCGACCTCAGGAAGTC
16505	e16_ji1_TCGACCTGTCAAAGCG
16506	e16_ji1_TCGACCTGTCCATCTC
16507	e16_ji1_TCGACCTGTGGGATTG
16508	e16_ji1_TCGACGGAGATAGCAT
16509	e16_ji1_TCGACGGCAATTTCCT
16510	e16_ji1_TCGACGGCACGTCGGT
16511	e16_ji1_TCGACGGCATGACGAG
16512	e16_ji1_TCGACGGGTACGTGTT
16513	e16_ji1_TCGACGGGTAGTGCGA
16514	e16_ji1_TCGACGGGTTCTTGTT
16515	e16_ji1_TCGACGGTCTGGTGCG
16516	e16_ji1_TCGATTTAGACAACAT
16517	e16_ji1_TCGATTTAGCGGCTCT
16518	e16_ji1_TCGATTTCACCATATG
16519	e16_ji1_TCGATTTCAGTAGGAC
16520	e16_ji1_TCGATTTGTCTCACAA
16521	e16_ji1_TCGATTTTCACCTTGC
16522	e16_ji1_TCGCACTAGTGTTGAA
16523	e16_ji1_TCGCACTCATATCTCT
16524	e16_ji1_TCGCACTCATCTTTCA
16525	e16_ji1_TCGCACTGTACGTTCA
16526	e16_ji1_TCGCACTGTATCGCGC
16527	e16_ji1_TCGCACTGTTGCCTAA
16528	e16_ji1_TCGCACTTCAGCCTCT
16529	e16_ji1_TCGCACTTCCCGTGAG
16530	e16_ji1_TCGCACTTCGCCAACG
16531	e16_ji1_TCGCACTTCTGGAAGG
16532	e16_ji1_TCGCAGGAGTCGCCAC
16533	e16_ji1_TCGCAGGCAAGGGCAT
16534	e16_ji1_TCGCAGGCAAGTACCT
16535	e16_ji1_TCGCAGGCATGCAGGA
16536	e16_ji1_TCGCAGGGTGCAATGG
16537	e16_ji1_TCGCAGGGTGGATACG
16538	e16_ji1_TCGCAGGGTGTCATGT
16539	e16_ji1_TCGCAGGTCCTAGCTC
16540	e16_ji1_TCGCAGGTCGAGTCTA
16541	e16_ji1_TCGCAGGTCTCTTCAA
16542	e16_ji1_TCGCTCAAGGACTATA
16543	e16_ji1_TCGCTCACAGACACCC
16544	e16_ji1_TCGCTCAGTACAGTTC
16545	e16_ji1_TCGCTCAGTAGGTAGC
16546	e16_ji1_TCGCTCAGTCGCCACA
16547	e16_ji1_TCGCTCAGTGGCTTAT
16548	e16_ji1_TCGCTCATCGACGATT
16549	e16_ji1_TCGCTCATCTGGAAGG
16550	e16_ji1_TCGCTCATCTGGGCGT
16551	e16_ji1_TCGCTTGAGAGGCGTT
16552	e16_ji1_TCGCTTGAGCCAGAGT
16553	e16_ji1_TCGCTTGAGTGATCGG
16554	e16_ji1_TCGCTTGAGTTGCCCG
16555	e16_ji1_TCGCTTGCAAATCCCA
16556	e16_ji1_TCGCTTGCAAGTAGTA
16557	e16_ji1_TCGCTTGGTACCCAGC
16558	e16_ji1_TCGCTTGGTACGAGTG
16559	e16_ji1_TCGCTTGGTCACCCTT
16560	e16_ji1_TCGCTTGGTTGGTAGG
16561	e16_ji1_TCGCTTGTCAAGGAGC
16562	e16_ji1_TCGCTTGTCACTACGA
16563	e16_ji1_TCGGATAAGAATTTGG
16564	e16_ji1_TCGGATAAGACACACG
16565	e16_ji1_TCGGATAAGCGGTATG
16566	e16_ji1_TCGGATAAGCTAGATA
16567	e16_ji1_TCGGATACAAATGGAT
16568	e16_ji1_TCGGATACACGCACCA
16569	e16_ji1_TCGGATACACTCCTTG
16570	e16_ji1_TCGGATACACTTGTGA
16571	e16_ji1_TCGGATAGTAAGCAAT
16572	e16_ji1_TCGGATAGTCCCAAAT
16573	e16_ji1_TCGGATAGTCGATTAC
16574	e16_ji1_TCGGATATCACCGGGT
16575	e16_ji1_TCGGATATCAGCATTG
16576	e16_ji1_TCGGATATCCGCAGTG
16577	e16_ji1_TCGGATATCCTACCAC
16578	e16_ji1_TCGGGACAGGCTCTAT
16579	e16_ji1_TCGGGACCAAGACAAT
16580	e16_ji1_TCGGGACCAGCGTTTA
16581	e16_ji1_TCGGGACCATTAAAGG
16582	e16_ji1_TCGGGACGTATCGGTT
16583	e16_ji1_TCGGGACGTCATGCAT
16584	e16_ji1_TCGGGACGTCGAACGA
16585	e16_ji1_TCGGGACTCACTAGCA
16586	e16_ji1_TCGGGACTCATGAGTC
16587	e16_ji1_TCGGGACTCCAACTGA
16588	e16_ji1_TCGGGACTCCGGCAAC
16589	e16_ji1_TCGGGACTCTGCGGCA
16590	e16_ji1_TCGGGCAAGGTCATTC
16591	e16_ji1_TCGGGCACATGTGACT
16592	e16_ji1_TCGGGCAGTACCTGTA
16593	e16_ji1_TCGGGCATCCTCTTTC
16594	e16_ji1_TCGGGCATCGATACTG
16595	e16_ji1_TCGGGTGAGTAAACGT
16596	e16_ji1_TCGGGTGAGTGGATAT
16597	e16_ji1_TCGGGTGCACGATAGG
16598	e16_ji1_TCGGGTGCAGCAGATG
16599	e16_ji1_TCGGGTGCATATGCGT
16600	e16_ji1_TCGGGTGGTCACTTCC
16601	e16_ji1_TCGGGTGGTGAGTCAG
16602	e16_ji1_TCGGGTGTCGCTAATG
16603	e16_ji1_TCGGGTGTCTGCCCTA
16604	e16_ji1_TCGGTCTAGATGTTAG
16605	e16_ji1_TCGGTCTAGGTTAGTA
16606	e16_ji1_TCGGTCTCAACGGGTA
16607	e16_ji1_TCGGTCTCAGAGGCTA
16608	e16_ji1_TCGGTCTCAGCGCGTT
16609	e16_ji1_TCGGTCTCATTGAAGA
16610	e16_ji1_TCGGTCTGTCGGTGAA
16611	e16_ji1_TCGTAGAAGCATTGAA
16612	e16_ji1_TCGTAGAAGGCTTAGG
16613	e16_ji1_TCGTAGAAGTCTGGTT
16614	e16_ji1_TCGTAGACAGCTCGGT
16615	e16_ji1_TCGTAGAGTGGCCACT
16616	e16_ji1_TCGTAGATCAAACTGC
16617	e16_ji1_TCGTCCAAGAGAACCC
16618	e16_ji1_TCGTCCAAGCGAGGAG
16619	e16_ji1_TCGTCCAAGTCGAGGT
16620	e16_ji1_TCGTCCACACCATTCC
16621	e16_ji1_TCGTCCACATCGGTTA
16622	e16_ji1_TCGTCCATCAGGGTAG
16623	e16_ji1_TCGTCCATCGTAGTCA
16624	e16_ji1_TCGTCCATCTTAGCCC
16625	e16_ji1_TCGTGCTAGAATAACC
16626	e16_ji1_TCGTGCTCACCACATA
16627	e16_ji1_TCGTGCTCAGTCCGTG
16628	e16_ji1_TCGTGCTGTACTCCGG
16629	e16_ji1_TCGTGCTGTAGAGATT
16630	e16_ji1_TCGTGGGAGAAGCCAC
16631	e16_ji1_TCGTGGGAGAAGTCTA
16632	e16_ji1_TCGTGGGAGGGAGATA
16633	e16_ji1_TCGTGGGCAAAGACTA
16634	e16_ji1_TCGTGGGCAATGTCAC
16635	e16_ji1_TCGTGGGCAATTGCTG
16636	e16_ji1_TCGTGGGGTGACTCGC
16637	e16_ji1_TCGTGGGGTTGCCAAT
16638	e16_ji1_TCGTGGGTCGAGCCTG
16639	e16_ji1_TCGTGGGTCTGCATGA
16640	e16_ji1_TCTAACTAGAAGTGTT
16641	e16_ji1_TCTAACTAGCAACTTC
16642	e16_ji1_TCTAACTAGGGCGAAG
16643	e16_ji1_TCTAACTCATAACTCG
16644	e16_ji1_TCTAACTCATGACTAC
16645	e16_ji1_TCTAACTGTAGTCTGT
16646	e16_ji1_TCTAACTGTCTCGGGT
16647	e16_ji1_TCTAACTGTTGCACGC
16648	e16_ji1_TCTAACTTCTTCTGGC
16649	e16_ji1_TCTACATAGATGTTCC
16650	e16_ji1_TCTACATAGATTGAGT
16651	e16_ji1_TCTACATAGGCATCAG
16652	e16_ji1_TCTACATAGGTGCTAG
16653	e16_ji1_TCTACATCACGCTGTG
16654	e16_ji1_TCTACATGTATTTCGG
16655	e16_ji1_TCTACATGTTCAATCG
16656	e16_ji1_TCTACATGTTGCTCGG
16657	e16_ji1_TCTACATTCAAGGCTT
16658	e16_ji1_TCTACATTCACTTCTA
16659	e16_ji1_TCTACATTCAGGAAAT
16660	e16_ji1_TCTACATTCATTGCGA
16661	e16_ji1_TCTACATTCCACAGCG
16662	e16_ji1_TCTACATTCCATTTAC
16663	e16_ji1_TCTACATTCTGAGAGG
16664	e16_ji1_TCTACCGAGAGTGAAG
16665	e16_ji1_TCTACCGAGCGCCTAC
16666	e16_ji1_TCTACCGAGGATTACA
16667	e16_ji1_TCTACCGAGGGTGAGG
16668	e16_ji1_TCTACCGAGGTAGACC
16669	e16_ji1_TCTACCGCAATTGGTC
16670	e16_ji1_TCTACCGCACCAGCTG
16671	e16_ji1_TCTACCGGTAGCGATG
16672	e16_ji1_TCTACCGGTCCAAGAG
16673	e16_ji1_TCTACCGTCATAGACC
16674	e16_ji1_TCTATACAGACCGTTT
16675	e16_ji1_TCTATACAGACTTCAC
16676	e16_ji1_TCTATACAGGCCGCTT
16677	e16_ji1_TCTATACCAAGTGCTT
16678	e16_ji1_TCTATACCAGAAGTTA
16679	e16_ji1_TCTATACCATTCTCTA
16680	e16_ji1_TCTATACGTAGATCCT
16681	e16_ji1_TCTATACGTGCAGATG
16682	e16_ji1_TCTATACGTTAAGCAA
16683	e16_ji1_TCTATACGTTCGGTTA
16684	e16_ji1_TCTATACTCATTACGG
16685	e16_ji1_TCTATCAAGGGTTGCA
16686	e16_ji1_TCTATCACACACCAGC
16687	e16_ji1_TCTATCACAGACCCGT
16688	e16_ji1_TCTATCACATTGCTGA
16689	e16_ji1_TCTATCAGTTAGGCCC
16690	e16_ji1_TCTCACGAGCAGCAGT
16691	e16_ji1_TCTCACGAGTTGCTCA
16692	e16_ji1_TCTCACGCACGATTCA
16693	e16_ji1_TCTCACGGTTACCTGA
16694	e16_ji1_TCTCAGCAGGCCACTC
16695	e16_ji1_TCTCAGCCAAATGCTC
16696	e16_ji1_TCTCAGCCAAGTGGAC
16697	e16_ji1_TCTCAGCCATATAGCC
16698	e16_ji1_TCTCAGCGTATAGGGC
16699	e16_ji1_TCTCAGCGTTAGCTAC
16700	e16_ji1_TCTCAGCTCCTCCACA
16701	e16_ji1_TCTCCGAAGATTGCGG
16702	e16_ji1_TCTCCGAAGCAATTAG
16703	e16_ji1_TCTCCGAAGGTTCCAT
16704	e16_ji1_TCTCCGAAGGTTGTTC
16705	e16_ji1_TCTCCGAAGTAGGTTA
16706	e16_ji1_TCTCCGAAGTGGCAGT
16707	e16_ji1_TCTCCGACAACGCCCA
16708	e16_ji1_TCTCCGACACAGAAGC
16709	e16_ji1_TCTCCGACAGCTCGGT
16710	e16_ji1_TCTCCGAGTACTCGTA
16711	e16_ji1_TCTCCGAGTGGTTCTA
16712	e16_ji1_TCTCCGATCATCGCCT
16713	e16_ji1_TCTCCGATCGGAATGG
16714	e16_ji1_TCTCCGATCTCTGGTC
16715	e16_ji1_TCTCCGATCTCTTAAC
16716	e16_ji1_TCTCCGATCTGCATGA
16717	e16_ji1_TCTCCGATCTTCTGTA
16718	e16_ji1_TCTCTGGAGATCCCGC
16719	e16_ji1_TCTCTGGAGATGCTTC
16720	e16_ji1_TCTCTGGCAAGATGGC
16721	e16_ji1_TCTCTGGCAAGCGCAA
16722	e16_ji1_TCTCTGGCACGTTCGG
16723	e16_ji1_TCTCTGGCAGTACTAC
16724	e16_ji1_TCTCTGGGTCTTGGTA
16725	e16_ji1_TCTCTGGGTGTTTGCA
16726	e16_ji1_TCTCTGGTCCGGTAAT
16727	e16_ji1_TCTCTGGTCGCATGAT
16728	e16_ji1_TCTGCCAAGCAGCAGT
16729	e16_ji1_TCTGCCAAGCCATATC
16730	e16_ji1_TCTGCCAAGCGGTAGT
16731	e16_ji1_TCTGCCACAATGCAAA
16732	e16_ji1_TCTGCCACACTATGTG
16733	e16_ji1_TCTGCCACAGCTCATA
16734	e16_ji1_TCTGCCACAGGACATG
16735	e16_ji1_TCTGCCAGTAACCCGC
16736	e16_ji1_TCTGCCAGTCAGCTTA
16737	e16_ji1_TCTGCCAGTCCGGCAT
16738	e16_ji1_TCTGCCAGTGTCGATT
16739	e16_ji1_TCTGCCATCAGTCATG
16740	e16_ji1_TCTGCCATCGGTCACG
16741	e16_ji1_TCTGGCTAGAGTATAC
16742	e16_ji1_TCTGGCTCAACCACAT
16743	e16_ji1_TCTGGCTGTATGGGAC
16744	e16_ji1_TCTGGCTGTCACTAGT
16745	e16_ji1_TCTGGCTGTGCTGTCG
16746	e16_ji1_TCTGGCTTCAAACTGC
16747	e16_ji1_TCTGGCTTCGGCGATC
16748	e16_ji1_TCTGTCGAGCAGAAAG
16749	e16_ji1_TCTGTCGAGGGTTGCA
16750	e16_ji1_TCTGTCGCAACCACAT
16751	e16_ji1_TCTGTCGTCCGAAGGA
16752	e16_ji1_TCTTAGTAGACAACTA
16753	e16_ji1_TCTTAGTAGCTCAGAG
16754	e16_ji1_TCTTAGTAGGAGTCTG
16755	e16_ji1_TCTTAGTAGGCCATAG
16756	e16_ji1_TCTTAGTAGTCTGGTT
16757	e16_ji1_TCTTAGTGTACCTGTA
16758	e16_ji1_TCTTAGTGTCGAGTTT
16759	e16_ji1_TCTTCCTAGACTTAAG
16760	e16_ji1_TCTTCCTAGTGAACAT
16761	e16_ji1_TCTTCCTAGTTAGTGA
16762	e16_ji1_TCTTCCTCAAATGCTC
16763	e16_ji1_TCTTCCTCAACGATTC
16764	e16_ji1_TCTTCCTCAACTCCAA
16765	e16_ji1_TCTTCCTCAGCTTTGA
16766	e16_ji1_TCTTCCTCATGGAACG
16767	e16_ji1_TCTTCCTTCGCGCCAA
16768	e16_ji1_TCTTGCGAGAAGCCTG
16769	e16_ji1_TCTTGCGAGGCCGCTT
16770	e16_ji1_TCTTGCGTCCAGCCTT
16771	e16_ji1_TCTTGCGTCGAGCTGC
16772	e16_ji1_TCTTTGAAGCGAACTG
16773	e16_ji1_TCTTTGAAGTTGCGAG
16774	e16_ji1_TCTTTGACATCGAGCC
16775	e16_ji1_TCTTTGAGTATACGGG
16776	e16_ji1_TCTTTGAGTCCGGACT
16777	e16_ji1_TCTTTGAGTGGACTAG
16778	e16_ji1_TCTTTGATCCATTGGA
16779	e16_ji1_TCTTTGATCTCGCTTG
16780	e16_ji1_TCTTTGATCTGCCCTA
16781	e16_ji1_TCTTTGATCTTTCGAT
16782	e16_ji1_TGAACGTAGACCAACG
16783	e16_ji1_TGAACGTAGGTCGACA
16784	e16_ji1_TGAACGTAGTTTAGGA
16785	e16_ji1_TGAACGTCACAGCATT
16786	e16_ji1_TGAACGTGTTCGATTG
16787	e16_ji1_TGAACGTTCGATTTCT
16788	e16_ji1_TGAATCGAGATTGCGG
16789	e16_ji1_TGAATCGAGCAGAAAG
16790	e16_ji1_TGAATCGAGGTAAGAG
16791	e16_ji1_TGAATCGCAAGGTCTT
16792	e16_ji1_TGAATCGCAATCCAGT
16793	e16_ji1_TGAATCGGTAGCGTAG
16794	e16_ji1_TGAATCGGTCTGTAGT
16795	e16_ji1_TGAATCGGTGGTATGG
16796	e16_ji1_TGAATCGGTTCCATTT
16797	e16_ji1_TGAATCGTCAGGAAGC
16798	e16_ji1_TGAATCGTCCTCTTTC
16799	e16_ji1_TGAATCGTCGCGGTAC
16800	e16_ji1_TGAATGCAGCACCGTC
16801	e16_ji1_TGAATGCAGGCTGGAT
16802	e16_ji1_TGAATGCCAGCATGCC
16803	e16_ji1_TGAATGCCATGACTTG
16804	e16_ji1_TGAATGCGTAACGGTG
16805	e16_ji1_TGAATGCGTCCAAGAG
16806	e16_ji1_TGAATGCGTCCACTTC
16807	e16_ji1_TGAATGCGTGCATGTT
16808	e16_ji1_TGAATGCGTGGGTATG
16809	e16_ji1_TGAATGCTCACAGTGT
16810	e16_ji1_TGAATGCTCACGATCA
16811	e16_ji1_TGAATGCTCCCTATTA
16812	e16_ji1_TGAATGCTCGATACAC
16813	e16_ji1_TGAATGCTCTACCTTA
16814	e16_ji1_TGACAGTAGTCGTCTA
16815	e16_ji1_TGACAGTAGTGAGCCA
16816	e16_ji1_TGACAGTCAACAAAGT
16817	e16_ji1_TGACAGTCAAGGTACG
16818	e16_ji1_TGACAGTCATTACTCT
16819	e16_ji1_TGACAGTGTCGGTGTC
16820	e16_ji1_TGACAGTTCATTGGTG
16821	e16_ji1_TGACAGTTCCACTGAA
16822	e16_ji1_TGACCCTAGGCGCTCT
16823	e16_ji1_TGACCCTCAGGATGAC
16824	e16_ji1_TGACCCTGTACTCCCT
16825	e16_ji1_TGACCCTGTGTAGGAC
16826	e16_ji1_TGACCCTTCCACTTCG
16827	e16_ji1_TGACGCGCACCCATAA
16828	e16_ji1_TGACGCGCACGTCTCT
16829	e16_ji1_TGACGCGCAGCTCGGT
16830	e16_ji1_TGACGCGCAGTCGCAC
16831	e16_ji1_TGACGCGCATCAGTGT
16832	e16_ji1_TGACGCGGTCTGTAGT
16833	e16_ji1_TGACGCGGTTACGCCG
16834	e16_ji1_TGACGCGTCGATTGAC
16835	e16_ji1_TGACGCGTCGGAGTAG
16836	e16_ji1_TGACGCGTCTGGCTGG
16837	e16_ji1_TGACTCCAGAAGCGAA
16838	e16_ji1_TGACTCCAGGATTTCC
16839	e16_ji1_TGACTCCAGGTCATAA
16840	e16_ji1_TGACTCCCATAATCGC
16841	e16_ji1_TGACTCCCATTAAAGG
16842	e16_ji1_TGACTCCGTACAGGTG
16843	e16_ji1_TGACTCCGTAGCTGAG
16844	e16_ji1_TGACTCCGTCCTGAAT
16845	e16_ji1_TGACTCCGTTCCTAAG
16846	e16_ji1_TGACTCCTCCACACCT
16847	e16_ji1_TGAGACTAGATGCGAC
16848	e16_ji1_TGAGACTAGGATTCAA
16849	e16_ji1_TGAGACTAGGCCGCTT
16850	e16_ji1_TGAGACTCACAACGCC
16851	e16_ji1_TGAGACTCACTACCGG
16852	e16_ji1_TGAGACTCAGATAAAC
16853	e16_ji1_TGAGACTCATGGCCCA
16854	e16_ji1_TGAGACTCATGTTACG
16855	e16_ji1_TGAGACTGTCCACGCA
16856	e16_ji1_TGAGACTGTCGACGCT
16857	e16_ji1_TGAGACTTCCTCGCAT
16858	e16_ji1_TGAGACTTCGTCAAAC
16859	e16_ji1_TGAGACTTCGTGGCTG
16860	e16_ji1_TGAGCATAGAGGTGCT
16861	e16_ji1_TGAGCATCAAGGGTCA
16862	e16_ji1_TGAGCATCATCATCCC
16863	e16_ji1_TGAGCATCATTAAGCC
16864	e16_ji1_TGAGCATGTCTGTTAG
16865	e16_ji1_TGAGCATTCCTACCGT
16866	e16_ji1_TGAGCATTCTTGGGCG
16867	e16_ji1_TGAGCATTCTTGGTCC
16868	e16_ji1_TGAGCGCAGAAGCCTG
16869	e16_ji1_TGAGCGCAGCACCCAC
16870	e16_ji1_TGAGCGCAGCGCCTTG
16871	e16_ji1_TGAGCGCAGGCCCGTT
16872	e16_ji1_TGAGCGCGTGGACTAG
16873	e16_ji1_TGAGCGCGTGTGTGTT
16874	e16_ji1_TGAGCGCGTTCGGACC
16875	e16_ji1_TGAGCGCGTTGGCCGT
16876	e16_ji1_TGAGCGCTCCGTGTAA
16877	e16_ji1_TGAGCGCTCGTGTGAT
16878	e16_ji1_TGAGGAGAGAATGTTG
16879	e16_ji1_TGAGGAGAGCCAGAGT
16880	e16_ji1_TGAGGAGAGCCGGATA
16881	e16_ji1_TGAGGAGCACGTATAC
16882	e16_ji1_TGAGGAGCAGCTGTAT
16883	e16_ji1_TGAGGAGTCAACTACG
16884	e16_ji1_TGAGGGAAGCGACTTT
16885	e16_ji1_TGAGGGAAGGAGAGTA
16886	e16_ji1_TGAGGGACACAGCGCT
16887	e16_ji1_TGAGGGACACTAACGT
16888	e16_ji1_TGAGGGACACTCCGGA
16889	e16_ji1_TGAGGGACAGCTGTTA
16890	e16_ji1_TGAGGGACATCGGATT
16891	e16_ji1_TGAGGGACATGGACAG
16892	e16_ji1_TGAGGGACATTGTAGC
16893	e16_ji1_TGAGGGAGTAGAGATT
16894	e16_ji1_TGAGGGAGTCCATAGT
16895	e16_ji1_TGAGGGAGTCTCCTGT
16896	e16_ji1_TGAGGGAGTGTGGTCC
16897	e16_ji1_TGAGGGAGTTTGTTGG
16898	e16_ji1_TGAGGTTAGGTAATCA
16899	e16_ji1_TGAGGTTAGTTGTAGA
16900	e16_ji1_TGAGGTTCAGGATCTT
16901	e16_ji1_TGAGGTTCATCTCGTC
16902	e16_ji1_TGAGGTTGTACCTTCC
16903	e16_ji1_TGAGGTTGTATGCGTT
16904	e16_ji1_TGAGGTTGTCCACGCA
16905	e16_ji1_TGAGTCAAGAGGTTAT
16906	e16_ji1_TGAGTCAAGATCGACG
16907	e16_ji1_TGAGTCAAGGAGTCTG
16908	e16_ji1_TGAGTCAAGGATTTAG
16909	e16_ji1_TGAGTCAAGTATGAGT
16910	e16_ji1_TGAGTCACAAAGGAGA
16911	e16_ji1_TGAGTCACACAGTACT
16912	e16_ji1_TGAGTCACACGCAAAG
16913	e16_ji1_TGAGTCACATCAACCA
16914	e16_ji1_TGAGTCAGTATGGTAA
16915	e16_ji1_TGAGTCAGTGGCTTAT
16916	e16_ji1_TGAGTCAGTGTCCAAT
16917	e16_ji1_TGAGTCATCAAGGACG
16918	e16_ji1_TGAGTCATCGATGGAG
16919	e16_ji1_TGATCAGAGAAACTGT
16920	e16_ji1_TGATCAGAGGCTGAAC
16921	e16_ji1_TGATCAGCAAGACCGA
16922	e16_ji1_TGATCAGGTAGCCCTG
16923	e16_ji1_TGATCAGGTCTTACAG
16924	e16_ji1_TGATCAGGTGGTCTGC
16925	e16_ji1_TGATCAGTCAAGTTGC
16926	e16_ji1_TGATCAGTCAGGAAAT
16927	e16_ji1_TGATCAGTCCAAGAGG
16928	e16_ji1_TGATCAGTCCGATGTA
16929	e16_ji1_TGATCAGTCGTTCTGC
16930	e16_ji1_TGATCAGTCTGGGATT
16931	e16_ji1_TGATCTTAGGATACGC
16932	e16_ji1_TGATCTTAGTTCTCTT
16933	e16_ji1_TGATCTTCATAGACTC
16934	e16_ji1_TGATCTTGTCAACCAT
16935	e16_ji1_TGATCTTGTCATCGCG
16936	e16_ji1_TGATCTTTCACATACG
16937	e16_ji1_TGATCTTTCCCTTGGT
16938	e16_ji1_TGATGCAAGAGTCAGC
16939	e16_ji1_TGATGCAAGCTCGGCT
16940	e16_ji1_TGATGCAAGGCACAAC
16941	e16_ji1_TGATGCAAGTTCATCG
16942	e16_ji1_TGATGCACACACGCCA
16943	e16_ji1_TGATGGTCAGAATCGG
16944	e16_ji1_TGATGGTCATCGCTAA
16945	e16_ji1_TGATGGTGTCACGTGC
16946	e16_ji1_TGATGGTGTCGGAAAC
16947	e16_ji1_TGATGGTGTTGTCATG
16948	e16_ji1_TGATGGTTCAATCGGT
16949	e16_ji1_TGATGGTTCACCGGTG
16950	e16_ji1_TGATGGTTCCGTAGTA
16951	e16_ji1_TGATGGTTCTGATTCT
16952	e16_ji1_TGATTCTAGACATCCT
16953	e16_ji1_TGATTCTAGGGCCCTT
16954	e16_ji1_TGATTCTGTCCCTCAT
16955	e16_ji1_TGATTCTGTTCTTAGG
16956	e16_ji1_TGATTCTTCGTAACCA
16957	e16_ji1_TGATTTCAGCTGTGCC
16958	e16_ji1_TGATTTCCACTCAAGT
16959	e16_ji1_TGATTTCCATCCTCAC
16960	e16_ji1_TGATTTCCATCTCATT
16961	e16_ji1_TGATTTCGTCGCGTTG
16962	e16_ji1_TGATTTCGTGAATGTA
16963	e16_ji1_TGATTTCTCAATCCGA
16964	e16_ji1_TGCACGGAGCACACCC
16965	e16_ji1_TGCACGGAGCCGAATG
16966	e16_ji1_TGCACGGAGGTAGGCT
16967	e16_ji1_TGCACGGCACAATTCG
16968	e16_ji1_TGCACGGCACATGGTT
16969	e16_ji1_TGCACGGCACCACATA
16970	e16_ji1_TGCACGGCACGACGCT
16971	e16_ji1_TGCACGGCAGAAGCTG
16972	e16_ji1_TGCACGGCATGCCATA
16973	e16_ji1_TGCACGGGTCAAGTTC
16974	e16_ji1_TGCACGGGTGTAACGG
16975	e16_ji1_TGCACGGTCAGCTGTA
16976	e16_ji1_TGCACGGTCATCTGTT
16977	e16_ji1_TGCAGATAGACTACCT
16978	e16_ji1_TGCAGATAGCTGGCTC
16979	e16_ji1_TGCAGATCACATGACT
16980	e16_ji1_TGCAGATCACGTAACT
16981	e16_ji1_TGCAGATCATCACGGC
16982	e16_ji1_TGCAGATCATCCCACT
16983	e16_ji1_TGCAGATGTCGTCAGC
16984	e16_ji1_TGCAGATGTGCTGCAC
16985	e16_ji1_TGCAGGCAGCTCCCTT
16986	e16_ji1_TGCAGGCAGGATTTGA
16987	e16_ji1_TGCAGGCCAATCCTTT
16988	e16_ji1_TGCAGGCCAGTAGTTC
16989	e16_ji1_TGCAGGCCATGTTCGA
16990	e16_ji1_TGCAGGCGTGCCCTTT
16991	e16_ji1_TGCAGGCTCCTGATAG
16992	e16_ji1_TGCAGTAGTCAAAGCG
16993	e16_ji1_TGCAGTAGTCGTAATC
16994	e16_ji1_TGCAGTATCATATGGC
16995	e16_ji1_TGCAGTATCCCAAGTA
16996	e16_ji1_TGCAGTATCGGAATTC
16997	e16_ji1_TGCAGTATCGTCTACC
16998	e16_ji1_TGCATCCAGGAGCTGT
16999	e16_ji1_TGCATCCCAACTGGTT
17000	e16_ji1_TGCATCCCAATAGAGT
17001	e16_ji1_TGCATCCCAGCTTCCT
17002	e16_ji1_TGCATCCCATATAGCC
17003	e16_ji1_TGCATCCCATTAAGCC
17004	e16_ji1_TGCATCCGTACGGTTT
17005	e16_ji1_TGCATCCTCATGGATC
17006	e16_ji1_TGCATGAAGACGCCCT
17007	e16_ji1_TGCATGAAGTAAGAGG
17008	e16_ji1_TGCATGACAACCTAAC
17009	e16_ji1_TGCATGACAAGAGTTA
17010	e16_ji1_TGCATGACACATTCGA
17011	e16_ji1_TGCATGACATGTCTAG
17012	e16_ji1_TGCATGAGTCTACAGT
17013	e16_ji1_TGCATGAGTTTCGGCG
17014	e16_ji1_TGCCGAGAGCATGCAG
17015	e16_ji1_TGCCGAGCAACCGATT
17016	e16_ji1_TGCCGAGCACAAGCAG
17017	e16_ji1_TGCCGAGTCCAAGGGA
17018	e16_ji1_TGCCGAGTCTTAGCTT
17019	e16_ji1_TGCGACGAGCTGTCCG
17020	e16_ji1_TGCGACGAGTCACTGT
17021	e16_ji1_TGCGACGAGTTGCCTA
17022	e16_ji1_TGCGACGCAAGCGGAT
17023	e16_ji1_TGCGACGCAATAGGGC
17024	e16_ji1_TGCGACGCACATGACT
17025	e16_ji1_TGCGACGCACGACAAG
17026	e16_ji1_TGCGACGTCAGTCCGG
17027	e16_ji1_TGCGACGTCCACCTGT
17028	e16_ji1_TGCGACGTCGCCATAA
17029	e16_ji1_TGCGACGTCGGTTAGT
17030	e16_ji1_TGCGACGTCTATTGTC
17031	e16_ji1_TGCGATAAGACCTCAT
17032	e16_ji1_TGCGATACAGAAGCGT
17033	e16_ji1_TGCGATACAGCGATTT
17034	e16_ji1_TGCGATATCGAGTGAG
17035	e16_ji1_TGCGATATCGGCACTG
17036	e16_ji1_TGCGATATCTATACTC
17037	e16_ji1_TGCGATATCTCTGACC
17038	e16_ji1_TGCGGCACAGTCACGC
17039	e16_ji1_TGCGGCAGTAGATCCT
17040	e16_ji1_TGCGGCATCATTGCGA
17041	e16_ji1_TGCGGCATCGCCAATA
17042	e16_ji1_TGCGGCATCGGCCCAA
17043	e16_ji1_TGCGGGTAGAATTGCA
17044	e16_ji1_TGCGGGTAGGTGGGTT
17045	e16_ji1_TGCGGGTAGTGCCAGA
17046	e16_ji1_TGCGGGTCAATTGAAG
17047	e16_ji1_TGCGGGTCACCTGATA
17048	e16_ji1_TGCGGGTCAGAACTTC
17049	e16_ji1_TGCGGGTCATTCAGGT
17050	e16_ji1_TGCGGGTGTCAACCTA
17051	e16_ji1_TGCGGGTGTGACTCGC
17052	e16_ji1_TGCGGGTTCAAGGCTT
17053	e16_ji1_TGCGGGTTCCCGGTAG
17054	e16_ji1_TGCTCCAAGAAGCTCG
17055	e16_ji1_TGCTCCAAGCGTTAGG
17056	e16_ji1_TGCTCCAAGGACCCAA
17057	e16_ji1_TGCTCCAAGGGATCAC
17058	e16_ji1_TGCTCCAAGTATAGGT
17059	e16_ji1_TGCTCCAAGTCCCGGT
17060	e16_ji1_TGCTCCACAATTTCTC
17061	e16_ji1_TGCTCCACAGCTACAT
17062	e16_ji1_TGCTCCAGTAGCTGCC
17063	e16_ji1_TGCTCCAGTGAGCCAA
17064	e16_ji1_TGCTCCAGTTGCTCGG
17065	e16_ji1_TGCTCCATCCTCTAAT
17066	e16_ji1_TGCTCCATCCTGGGAC
17067	e16_ji1_TGCTCGTAGCCATTGT
17068	e16_ji1_TGCTCGTAGTCGAATA
17069	e16_ji1_TGCTCGTCAGGGTCTC
17070	e16_ji1_TGCTCGTCATTCCTAT
17071	e16_ji1_TGCTCGTTCGACGCTG
17072	e16_ji1_TGCTGAAAGCCTCTCT
17073	e16_ji1_TGCTGAAAGTAATTGG
17074	e16_ji1_TGCTGAAAGTTTCGAC
17075	e16_ji1_TGCTGAACAATGTCAC
17076	e16_ji1_TGCTGAACACCGCTGA
17077	e16_ji1_TGCTGAACATGAAAGT
17078	e16_ji1_TGCTGAACATTCTGTT
17079	e16_ji1_TGCTGAAGTGAACCGA
17080	e16_ji1_TGCTGAATCGTGCAGC
17081	e16_ji1_TGCTTCGAGACCAAAT
17082	e16_ji1_TGCTTCGAGACGCCCT
17083	e16_ji1_TGCTTCGAGAGCTGCA
17084	e16_ji1_TGCTTCGAGATGATTG
17085	e16_ji1_TGCTTCGAGGTGCGAT
17086	e16_ji1_TGCTTCGCAAAGGATT
17087	e16_ji1_TGCTTCGCACCCAACG
17088	e16_ji1_TGCTTCGCACTCGATA
17089	e16_ji1_TGCTTCGGTAGGGTAC
17090	e16_ji1_TGCTTCGGTAGGTACG
17091	e16_ji1_TGCTTCGGTATGCTAC
17092	e16_ji1_TGCTTCGGTCACTAGT
17093	e16_ji1_TGCTTCGGTCACTGAT
17094	e16_ji1_TGCTTCGTCGACACTA
17095	e16_ji1_TGCTTCGTCTGTAAGC
17096	e16_ji1_TGCTTGCAGCTTTCTT
17097	e16_ji1_TGCTTGCAGGAGCTGT
17098	e16_ji1_TGCTTGCAGGCTTCCG
17099	e16_ji1_TGCTTGCAGGGTACGT
17100	e16_ji1_TGCTTGCAGTATAGAC
17101	e16_ji1_TGCTTGCAGTCAAGCG
17102	e16_ji1_TGCTTGCAGTGGTTAA
17103	e16_ji1_TGCTTGCCAAGACCTT
17104	e16_ji1_TGCTTGCGTGGTTTAC
17105	e16_ji1_TGCTTGCTCATGCGGC
17106	e16_ji1_TGCTTGCTCCATCCGT
17107	e16_ji1_TGCTTGCTCTCTATGT
17108	e16_ji1_TGGAACTAGAACGCGT
17109	e16_ji1_TGGAACTAGAGTCAGC
17110	e16_ji1_TGGAACTAGATTGAGT
17111	e16_ji1_TGGAACTAGTTCTCTT
17112	e16_ji1_TGGAACTCAGTTGTCA
17113	e16_ji1_TGGAACTTCGATACAC
17114	e16_ji1_TGGAACTTCGATTTCT
17115	e16_ji1_TGGAACTTCTGGGCAC
17116	e16_ji1_TGGAGAGAGCGATGAC
17117	e16_ji1_TGGAGAGAGTAAACAC
17118	e16_ji1_TGGAGAGCAGTAGATA
17119	e16_ji1_TGGAGAGGTCGCCACA
17120	e16_ji1_TGGAGAGGTCGTTGGC
17121	e16_ji1_TGGAGAGGTCTGTCAA
17122	e16_ji1_TGGAGAGTCCGTGGCA
17123	e16_ji1_TGGAGAGTCGAAGCAG
17124	e16_ji1_TGGAGAGTCTACACTT
17125	e16_ji1_TGGAGGACAAATGGTA
17126	e16_ji1_TGGAGGACACGGCCAT
17127	e16_ji1_TGGAGGACATGACGAG
17128	e16_ji1_TGGAGGAGTCGTACAT
17129	e16_ji1_TGGAGGAGTGATTAGA
17130	e16_ji1_TGGAGGAGTGTGTCGC
17131	e16_ji1_TGGAGGATCGTCAAAC
17132	e16_ji1_TGGATCAAGGTTGGAC
17133	e16_ji1_TGGATCAGTCATTCCC
17134	e16_ji1_TGGATCAGTCGAATTC
17135	e16_ji1_TGGATCAGTTGCAAGG
17136	e16_ji1_TGGATCATCTCGAGTA
17137	e16_ji1_TGGATCATCTGGTGCG
17138	e16_ji1_TGGATGTCAGTCAGAG
17139	e16_ji1_TGGATGTGTAGTTAGA
17140	e16_ji1_TGGATGTGTGATCGTT
17141	e16_ji1_TGGATGTTCCAAGGGA
17142	e16_ji1_TGGATGTTCCGCAACG
17143	e16_ji1_TGGATGTTCCGTGACG
17144	e16_ji1_TGGATGTTCGGAAACG
17145	e16_ji1_TGGATGTTCTCCTGAC
17146	e16_ji1_TGGCGTGAGCAATAGT
17147	e16_ji1_TGGCGTGAGGAAGTAG
17148	e16_ji1_TGGCGTGAGGACTTCT
17149	e16_ji1_TGGCGTGCACAGTCCG
17150	e16_ji1_TGGCGTGCAGCAGTTT
17151	e16_ji1_TGGCGTGCAGGCAATG
17152	e16_ji1_TGGCGTGGTGGGACAT
17153	e16_ji1_TGGCGTGTCCAACACA
17154	e16_ji1_TGGCGTGTCGGCTTCT
17155	e16_ji1_TGGGAAGAGATGCTGG
17156	e16_ji1_TGGGAAGGTAGGTCAG
17157	e16_ji1_TGGGAAGGTCGTAATC
17158	e16_ji1_TGGGAAGGTGAATAAC
17159	e16_ji1_TGGGAAGGTGACCGAA
17160	e16_ji1_TGGGAAGTCAAACGAA
17161	e16_ji1_TGGGAAGTCCAGCTCT
17162	e16_ji1_TGGGAAGTCGCGCCAA
17163	e16_ji1_TGGGAAGTCGTTCTCG
17164	e16_ji1_TGGGAAGTCTTGTTAC
17165	e16_ji1_TGGGAGAAGACCTCCG
17166	e16_ji1_TGGGAGAAGCTAAGTA
17167	e16_ji1_TGGGAGAAGCTGAGTG
17168	e16_ji1_TGGGAGAAGGTTTGAA
17169	e16_ji1_TGGGAGACATGCTGCG
17170	e16_ji1_TGGGAGAGTCACTCGG
17171	e16_ji1_TGGGAGATCATTGCCC
17172	e16_ji1_TGGGAGATCGGCCCAA
17173	e16_ji1_TGGGATTGTATCGCAT
17174	e16_ji1_TGGGATTGTCACGACC
17175	e16_ji1_TGGGATTGTTCAATCG
17176	e16_ji1_TGGGATTGTTGCTAGT
17177	e16_ji1_TGGGATTTCAAATGCC
17178	e16_ji1_TGGGATTTCAAGCTTG
17179	e16_ji1_TGGGATTTCGTGTGAT
17180	e16_ji1_TGGGCGTAGACGATAT
17181	e16_ji1_TGGGCGTAGCAAATGT
17182	e16_ji1_TGGGCGTAGCACACAG
17183	e16_ji1_TGGGCGTAGGTAGTCG
17184	e16_ji1_TGGGCGTAGTCTTCGA
17185	e16_ji1_TGGGCGTCACTGGATT
17186	e16_ji1_TGGGCGTCAGTTACCA
17187	e16_ji1_TGGGCGTCATACTGTG
17188	e16_ji1_TGGGCGTGTCGTCAGC
17189	e16_ji1_TGGGCTGAGCTCCACG
17190	e16_ji1_TGGGCTGCAGGCTCTG
17191	e16_ji1_TGGGCTGCATGAATAG
17192	e16_ji1_TGGGCTGGTTATCTGG
17193	e16_ji1_TGGGCTGTCCAAGCCG
17194	e16_ji1_TGGGCTGTCTAACACG
17195	e16_ji1_TGGGCTGTCTTGATTC
17196	e16_ji1_TGGGTTAAGGCCGCTT
17197	e16_ji1_TGGGTTAAGTGCTCGC
17198	e16_ji1_TGGGTTACAACGCATT
17199	e16_ji1_TGGGTTAGTCCGTTTC
17200	e16_ji1_TGGGTTAGTCGCCTAG
17201	e16_ji1_TGGGTTATCAACTACG
17202	e16_ji1_TGGGTTATCCTACGGG
17203	e16_ji1_TGGGTTATCTCCATAT
17204	e16_ji1_TGGTACAAGCAATAAC
17205	e16_ji1_TGGTACAAGTGGATTA
17206	e16_ji1_TGGTACACAATGACCT
17207	e16_ji1_TGGTACACACTGGAAG
17208	e16_ji1_TGGTACACAGAAATTG
17209	e16_ji1_TGGTACACAGTTAAAG
17210	e16_ji1_TGGTACAGTAGGAAAG
17211	e16_ji1_TGGTACAGTCTAACTG
17212	e16_ji1_TGGTACATCACCTTGC
17213	e16_ji1_TGGTAGTAGAAACTCA
17214	e16_ji1_TGGTAGTAGGGTACGT
17215	e16_ji1_TGGTAGTCACCTCAGG
17216	e16_ji1_TGGTAGTCACGTTGGC
17217	e16_ji1_TGGTAGTGTATGTGTC
17218	e16_ji1_TGGTAGTGTGAGATAT
17219	e16_ji1_TGGTAGTGTTTGTTGG
17220	e16_ji1_TGGTAGTTCCGGTAAT
17221	e16_ji1_TGGTAGTTCGACTCCT
17222	e16_ji1_TGGTAGTTCGCTAAAC
17223	e16_ji1_TGGTAGTTCGGTAACT
17224	e16_ji1_TGGTAGTTCGGTCGAC
17225	e16_ji1_TGGTAGTTCTTTCCGG
17226	e16_ji1_TGGTGATAGCACTCCG
17227	e16_ji1_TGGTGATAGCAGAAAG
17228	e16_ji1_TGGTGATAGCTTTCCC
17229	e16_ji1_TGGTGATAGTCCGCCA
17230	e16_ji1_TGGTGATGTCACTACA
17231	e16_ji1_TGGTTAGAGGGAACAA
17232	e16_ji1_TGGTTAGAGGTAGTAT
17233	e16_ji1_TGGTTAGCAAGTCCCG
17234	e16_ji1_TGGTTAGCAATTTCCT
17235	e16_ji1_TGGTTAGCATACAGCT
17236	e16_ji1_TGGTTAGGTCCTACAA
17237	e16_ji1_TGGTTAGGTCGAATTC
17238	e16_ji1_TGGTTAGGTCTAGGCC
17239	e16_ji1_TGGTTAGTCCCGAGGT
17240	e16_ji1_TGGTTAGTCCGACATA
17241	e16_ji1_TGGTTAGTCCTAAGTG
17242	e16_ji1_TGGTTAGTCCTTCAGC
17243	e16_ji1_TGGTTAGTCGGCATAT
17244	e16_ji1_TGTAACGAGTACGTCT
17245	e16_ji1_TGTAACGAGTATTCCG
17246	e16_ji1_TGTAACGTCATTACTC
17247	e16_ji1_TGTAACGTCCCGTTGT
17248	e16_ji1_TGTAACGTCTTTACAC
17249	e16_ji1_TGTAAGCAGGCAATGC
17250	e16_ji1_TGTAAGCAGTGGAAAG
17251	e16_ji1_TGTAAGCGTATTTCTC
17252	e16_ji1_TGTAAGCTCAAGCCAT
17253	e16_ji1_TGTAAGCTCATTCATC
17254	e16_ji1_TGTAAGCTCCAAGCAT
17255	e16_ji1_TGTAAGCTCCCATGGG
17256	e16_ji1_TGTAAGCTCGGACAAG
17257	e16_ji1_TGTAAGCTCTAGTGTG
17258	e16_ji1_TGTACAGAGGGCCCTT
17259	e16_ji1_TGTACAGAGTCGCGAA
17260	e16_ji1_TGTACAGAGTGGACTG
17261	e16_ji1_TGTACAGCACCATAAC
17262	e16_ji1_TGTACAGGTAAGTAGT
17263	e16_ji1_TGTACAGGTATCGAGG
17264	e16_ji1_TGTACAGGTCCTACGG
17265	e16_ji1_TGTACAGTCAGCTGTA
17266	e16_ji1_TGTACAGTCCTTCTAA
17267	e16_ji1_TGTACAGTCGTGTGGC
17268	e16_ji1_TGTACAGTCTCGACCT
17269	e16_ji1_TGTACAGTCTGGTTGA
17270	e16_ji1_TGTACAGTCTGTCTCG
17271	e16_ji1_TGTAGACAGTGCTAGG
17272	e16_ji1_TGTAGACCAAGAGATT
17273	e16_ji1_TGTAGACGTTTATGCG
17274	e16_ji1_TGTAGACTCACTCCGT
17275	e16_ji1_TGTCAGAAGCGAACTG
17276	e16_ji1_TGTCAGAAGGATACAT
17277	e16_ji1_TGTCAGAAGGGCCTCT
17278	e16_ji1_TGTCAGACAAGACGAC
17279	e16_ji1_TGTCAGACAGTAGAAT
17280	e16_ji1_TGTCAGACATATGCGT
17281	e16_ji1_TGTCAGACATCCCACT
17282	e16_ji1_TGTCAGACATCTAACG
17283	e16_ji1_TGTCAGAGTAAGATTG
17284	e16_ji1_TGTCAGAGTGGTCTTA
17285	e16_ji1_TGTCCACAGATCGACG
17286	e16_ji1_TGTCCACAGCTGTTAC
17287	e16_ji1_TGTCCACAGGTCCAGA
17288	e16_ji1_TGTCCACCACACGGAA
17289	e16_ji1_TGTCCACGTACAGCGA
17290	e16_ji1_TGTCCACGTACGTGAG
17291	e16_ji1_TGTCCACTCCATTTCA
17292	e16_ji1_TGTCCACTCTACGCGG
17293	e16_ji1_TGTCCCAAGATGGTCG
17294	e16_ji1_TGTCCCAAGGCTGTAG
17295	e16_ji1_TGTCCCAAGGTGCTAG
17296	e16_ji1_TGTCCCAAGTCGGCCT
17297	e16_ji1_TGTCCCACAACCGCCA
17298	e16_ji1_TGTCCCACAGCCCACA
17299	e16_ji1_TGTCCCAGTCAAAGAT
17300	e16_ji1_TGTCCCATCCCTCGTA
17301	e16_ji1_TGTCCTGAGGAGGCAG
17302	e16_ji1_TGTCCTGAGTCACGCC
17303	e16_ji1_TGTCCTGCAAGCACAG
17304	e16_ji1_TGTCCTGCAGACTGCC
17305	e16_ji1_TGTCCTGGTACGAGTG
17306	e16_ji1_TGTCCTGGTGATTAGA
17307	e16_ji1_TGTCCTGTCTACAGGT
17308	e16_ji1_TGTGAGTAGGGATCTG
17309	e16_ji1_TGTGAGTCACGGCGTT
17310	e16_ji1_TGTGAGTCAGCTCATA
17311	e16_ji1_TGTGAGTCAGTCGGAA
17312	e16_ji1_TGTGAGTGTACTGGGA
17313	e16_ji1_TGTGAGTGTAGCACGA
17314	e16_ji1_TGTGAGTGTTGTCATG
17315	e16_ji1_TGTGAGTTCGCTGACG
17316	e16_ji1_TGTGATGAGTCCGTCG
17317	e16_ji1_TGTGATGAGTCTTCCC
17318	e16_ji1_TGTGATGCAAAGGTTA
17319	e16_ji1_TGTGATGCATGCAGCC
17320	e16_ji1_TGTGATGGTCATACCA
17321	e16_ji1_TGTGATGGTCTACAAC
17322	e16_ji1_TGTGATGTCCGGTTCT
17323	e16_ji1_TGTGCGGTCAACTTTC
17324	e16_ji1_TGTGCGGTCCGTAGGC
17325	e16_ji1_TGTGCGGTCGGTGAAG
17326	e16_ji1_TGTGGCGAGGTCACAG
17327	e16_ji1_TGTGGCGCACAAGTGG
17328	e16_ji1_TGTGGCGCACTCAAGT
17329	e16_ji1_TGTGGCGGTGCTGTCG
17330	e16_ji1_TGTGGCGGTTCCCACT
17331	e16_ji1_TGTGGCGTCATTTCCA
17332	e16_ji1_TGTGTGAAGGAAGTCC
17333	e16_ji1_TGTGTGAAGTCTGGTT
17334	e16_ji1_TGTGTGACAAAGGCAC
17335	e16_ji1_TGTGTGACAGCTGAAG
17336	e16_ji1_TGTGTGACATACTGAC
17337	e16_ji1_TGTGTGACATGTGGTT
17338	e16_ji1_TGTGTGAGTTCCGGTG
17339	e16_ji1_TGTGTGATCGCTACAA
17340	e16_ji1_TGTGTGATCTTGGTGA
17341	e16_ji1_TGTTACTCAAGTGCAG
17342	e16_ji1_TGTTACTCACAGTATC
17343	e16_ji1_TGTTACTGTTCAGGTT
17344	e16_ji1_TGTTACTTCAAACCTG
17345	e16_ji1_TGTTACTTCACTACGA
17346	e16_ji1_TGTTACTTCTATCGGA
17347	e16_ji1_TGTTCATAGAAGCGCT
17348	e16_ji1_TGTTCATAGACCAACG
17349	e16_ji1_TGTTCATCATTCAGGT
17350	e16_ji1_TGTTCATGTAGACGTG
17351	e16_ji1_TGTTCATGTTTACCTT
17352	e16_ji1_TGTTCATGTTTGCCGG
17353	e16_ji1_TGTTCATTCAAGCGTT
17354	e16_ji1_TGTTCATTCAATCGGT
17355	e16_ji1_TGTTCATTCGTTAGTG
17356	e16_ji1_TGTTCCGAGATCCTAC
17357	e16_ji1_TGTTCCGAGCATCAAA
17358	e16_ji1_TGTTCCGAGTCACGAG
17359	e16_ji1_TGTTCCGAGTGATAAC
17360	e16_ji1_TGTTCCGCAGGACTTT
17361	e16_ji1_TGTTCCGGTAAGCTCT
17362	e16_ji1_TGTTCCGTCGCAGTCG
17363	e16_ji1_TGTTCCGTCGTAGTGT
17364	e16_ji1_TGTTCCGTCTTTCCAA
17365	e16_ji1_TGTTCTAAGAACAAGG
17366	e16_ji1_TGTTCTAAGAAGTATC
17367	e16_ji1_TGTTCTAAGCGATCGA
17368	e16_ji1_TGTTCTAAGTTCACTG
17369	e16_ji1_TGTTCTACAACCTATG
17370	e16_ji1_TGTTCTACATCACAGT
17371	e16_ji1_TGTTGAGAGAGAGCCT
17372	e16_ji1_TGTTGAGAGCATATGA
17373	e16_ji1_TGTTGAGCAGGAATCG
17374	e16_ji1_TGTTGAGGTATTGACC
17375	e16_ji1_TGTTGAGGTCTGATAC
17376	e16_ji1_TGTTGAGGTGGATCAG
17377	e16_ji1_TGTTGAGGTTCCGTTC
17378	e16_ji1_TGTTGAGTCGTTGTTT
17379	e16_ji1_TGTTGGAAGATTGATG
17380	e16_ji1_TGTTGGACAACAAGAT
17381	e16_ji1_TGTTGGACACAAGTTC
17382	e16_ji1_TGTTGGACATTAAAGG
17383	e16_ji1_TGTTGGAGTGCGGCTT
17384	e16_ji1_TGTTGGAGTTCGTACA
17385	e16_ji1_TGTTGGATCAGGAAGC
17386	e16_ji1_TGTTGGATCCCAACTC
17387	e16_ji1_TGTTTGTAGATGTTGA
17388	e16_ji1_TGTTTGTCACCCTGAG
17389	e16_ji1_TGTTTGTCAGTGTGGA
17390	e16_ji1_TGTTTGTCATCCGGTG
17391	e16_ji1_TGTTTGTGTCTCTCCA
17392	e16_ji1_TGTTTGTGTCTGATCA
17393	e16_ji1_TGTTTGTGTGCAGTGA
17394	e16_ji1_TGTTTGTTCCCTGGTT
17395	e16_ji1_TGTTTGTTCTCAGAAC
17396	e16_ji1_TTAATCCAGAATCTAG
17397	e16_ji1_TTAATCCAGCTTTCCC
17398	e16_ji1_TTAATCCAGGACTATA
17399	e16_ji1_TTAATCCAGGCTATCT
17400	e16_ji1_TTAATCCAGGTAGTAT
17401	e16_ji1_TTAATCCAGGTGAGAA
17402	e16_ji1_TTAATCCCAAACACGG
17403	e16_ji1_TTAATCCCAAGGCTTT
17404	e16_ji1_TTACAGGAGACGATAT
17405	e16_ji1_TTACAGGAGATAGCTA
17406	e16_ji1_TTACAGGAGGTTCCAT
17407	e16_ji1_TTACAGGAGTACAGCG
17408	e16_ji1_TTACAGGCAAGAGCTG
17409	e16_ji1_TTACAGGCAATCTCTT
17410	e16_ji1_TTACAGGGTCCTGTTC
17411	e16_ji1_TTACAGGGTCGGAAAC
17412	e16_ji1_TTACAGGGTGTGTTTG
17413	e16_ji1_TTACAGGTCTAGGCCG
17414	e16_ji1_TTACCATAGAACGTGC
17415	e16_ji1_TTACCATAGACATAAC
17416	e16_ji1_TTACCATAGCAGTCTT
17417	e16_ji1_TTACCATCAAAGCACG
17418	e16_ji1_TTACCATCAAATCGGG
17419	e16_ji1_TTACCATCACAAGCAG
17420	e16_ji1_TTACCATCAGTTAAAG
17421	e16_ji1_TTACCATCATGGCCAC
17422	e16_ji1_TTACCATGTATGCTTG
17423	e16_ji1_TTACCATGTCTCACGG
17424	e16_ji1_TTACCATGTGAGTGAC
17425	e16_ji1_TTACCATGTGCACAAG
17426	e16_ji1_TTACCATTCACAGAGG
17427	e16_ji1_TTACCATTCCTTGAAG
17428	e16_ji1_TTACCGCAGGCCTGAA
17429	e16_ji1_TTACCGCAGGGTACGT
17430	e16_ji1_TTACCGCCACACCTAA
17431	e16_ji1_TTACCGCCACGCGCTA
17432	e16_ji1_TTACCGCCAGTAACCT
17433	e16_ji1_TTACCGCCATACACCA
17434	e16_ji1_TTACCGCCATGGAAGC
17435	e16_ji1_TTACCGCGTGCATTAC
17436	e16_ji1_TTACCGCGTTGCGGAA
17437	e16_ji1_TTACCGCTCTCGTGGG
17438	e16_ji1_TTACGCCAGCGTGAAC
17439	e16_ji1_TTACGCCAGGTCCAGA
17440	e16_ji1_TTACGCCAGTCTGTAC
17441	e16_ji1_TTACGCCAGTGGAAAG
17442	e16_ji1_TTACGCCCATCCGGTG
17443	e16_ji1_TTACGCCGTCATGCAT
17444	e16_ji1_TTACGCCGTCCCGGTA
17445	e16_ji1_TTACGCCGTTCGTACA
17446	e16_ji1_TTACGCCTCAATCCGA
17447	e16_ji1_TTACGCCTCACGAGGA
17448	e16_ji1_TTACGCCTCCTATTGT
17449	e16_ji1_TTACGCCTCTATCACT
17450	e16_ji1_TTACGTTAGATGGTCG
17451	e16_ji1_TTACGTTAGCGTACAG
17452	e16_ji1_TTACGTTCAAGTTGGG
17453	e16_ji1_TTACGTTCACAATTCG
17454	e16_ji1_TTACGTTCATGGGAAC
17455	e16_ji1_TTACGTTGTAGAGGAA
17456	e16_ji1_TTACGTTGTCACTTAG
17457	e16_ji1_TTACTGTAGACCTCCG
17458	e16_ji1_TTACTGTAGCACTTTG
17459	e16_ji1_TTACTGTAGCTGACAG
17460	e16_ji1_TTACTGTAGGTGCGAT
17461	e16_ji1_TTACTGTCAAACTGCT
17462	e16_ji1_TTACTGTCATAGAGGC
17463	e16_ji1_TTACTGTTCAAGAGTA
17464	e16_ji1_TTAGGCACAAATGCGG
17465	e16_ji1_TTAGGCACAGGCCTGT
17466	e16_ji1_TTAGGCACATCCAATG
17467	e16_ji1_TTAGGCACATCTGGGC
17468	e16_ji1_TTAGGCAGTGGTCTTA
17469	e16_ji1_TTAGGCAGTTATAGCC
17470	e16_ji1_TTAGGCAGTTCCTTGC
17471	e16_ji1_TTAGGCATCCGTGGCA
17472	e16_ji1_TTAGGCATCTAGTGTG
17473	e16_ji1_TTAGGCATCTATCACT
17474	e16_ji1_TTAGGCATCTGGCCGA
17475	e16_ji1_TTAGGCATCTGTCTCG
17476	e16_ji1_TTAGGGTAGATTAGTG
17477	e16_ji1_TTAGGGTAGCATCCCG
17478	e16_ji1_TTAGGGTAGGGTCAAC
17479	e16_ji1_TTAGGGTGTAGGTCAG
17480	e16_ji1_TTAGGGTTCCGTTTCG
17481	e16_ji1_TTAGGGTTCTGATGGT
17482	e16_ji1_TTAGTCTCAGTCGTTA
17483	e16_ji1_TTAGTCTGTCCAGCCA
17484	e16_ji1_TTAGTCTGTCCTGTCT
17485	e16_ji1_TTAGTCTTCAAGCCCG
17486	e16_ji1_TTAGTCTTCAGCCCAG
17487	e16_ji1_TTAGTCTTCCTCACCA
17488	e16_ji1_TTAGTCTTCCTGTAGA
17489	e16_ji1_TTAGTCTTCTGAGAAA
17490	e16_ji1_TTATTGCAGCCTTTCC
17491	e16_ji1_TTATTGCAGCTGTCCG
17492	e16_ji1_TTATTGCAGGCATGGT
17493	e16_ji1_TTATTGCAGTCTAACC
17494	e16_ji1_TTATTGCCAAGTCGTT
17495	e16_ji1_TTATTGCGTGTGAATA
17496	e16_ji1_TTATTGCGTTCTCGCT
17497	e16_ji1_TTATTGCTCCACGGAC
17498	e16_ji1_TTATTGCTCCGCATAA
17499	e16_ji1_TTCAATCAGGAGCAAA
17500	e16_ji1_TTCAATCCATGTTCGA
17501	e16_ji1_TTCAATCGTAACGATA
17502	e16_ji1_TTCAATCGTTCCTACC
17503	e16_ji1_TTCAATCTCAAGCTGT
17504	e16_ji1_TTCAATCTCACTGAAC
17505	e16_ji1_TTCAATCTCATACGGT
17506	e16_ji1_TTCAATCTCCGTTTCG
17507	e16_ji1_TTCAATCTCCTACAAG
17508	e16_ji1_TTCAATCTCTAGTGAC
17509	e16_ji1_TTCACCGAGTAGAATC
17510	e16_ji1_TTCACCGCACGTTGGC
17511	e16_ji1_TTCACCGTCTTCGTAT
17512	e16_ji1_TTCACGCAGCCTCAGC
17513	e16_ji1_TTCACGCAGCTAAACA
17514	e16_ji1_TTCACGCAGGCGCTTC
17515	e16_ji1_TTCACGCAGGCGTCCT
17516	e16_ji1_TTCACGCCAATTCTTC
17517	e16_ji1_TTCACGCCATAATGAG
17518	e16_ji1_TTCACGCTCAACCCGG
17519	e16_ji1_TTCACGCTCGGAATGG
17520	e16_ji1_TTCAGGAAGACGCCCT
17521	e16_ji1_TTCAGGACAACAAGTA
17522	e16_ji1_TTCAGGACAAGCGCTC
17523	e16_ji1_TTCAGGACACAAGTTC
17524	e16_ji1_TTCAGGACACCAAATC
17525	e16_ji1_TTCAGGACATAACTCG
17526	e16_ji1_TTCAGGACATGACAAA
17527	e16_ji1_TTCAGGAGTATATGGA
17528	e16_ji1_TTCAGGAGTGATCGTT
17529	e16_ji1_TTCAGGATCCCGAAAT
17530	e16_ji1_TTCATGTAGAAGATCT
17531	e16_ji1_TTCATGTAGGAGTATT
17532	e16_ji1_TTCATGTAGGTCATCT
17533	e16_ji1_TTCATGTCAGCCCAGT
17534	e16_ji1_TTCATGTCAGGCACAA
17535	e16_ji1_TTCATGTGTATGTCTG
17536	e16_ji1_TTCATGTGTCCGACGT
17537	e16_ji1_TTCATGTGTCGGTAAG
17538	e16_ji1_TTCATGTGTGATGGCA
17539	e16_ji1_TTCATGTGTGTCTTAG
17540	e16_ji1_TTCATGTGTTCAGGTT
17541	e16_ji1_TTCATTGAGAGAACCC
17542	e16_ji1_TTCATTGAGGGACCAT
17543	e16_ji1_TTCATTGAGGTGTGAC
17544	e16_ji1_TTCATTGAGTCGGGAT
17545	e16_ji1_TTCATTGAGTGCAACG
17546	e16_ji1_TTCATTGGTACGAGTG
17547	e16_ji1_TTCATTGGTGACGTCC
17548	e16_ji1_TTCATTGTCAACACCA
17549	e16_ji1_TTCATTGTCACTCTTA
17550	e16_ji1_TTCATTGTCAGGAACG
17551	e16_ji1_TTCCAATGTAACGGTG
17552	e16_ji1_TTCCAATGTCTAACTG
17553	e16_ji1_TTCCAATTCCCTTTGG
17554	e16_ji1_TTCCAATTCCGTGTAA
17555	e16_ji1_TTCCAATTCCGTTGAA
17556	e16_ji1_TTCCAATTCTCAAAGC
17557	e16_ji1_TTCCACGAGTTCAACC
17558	e16_ji1_TTCCACGCAAGTCATC
17559	e16_ji1_TTCCACGCACTTCATT
17560	e16_ji1_TTCCACGGTTGGGTAG
17561	e16_ji1_TTCCACGTCTCCACTG
17562	e16_ji1_TTCCGGTAGCTTTCTT
17563	e16_ji1_TTCCGGTCAATCACGT
17564	e16_ji1_TTCCGGTCAGCTGCCA
17565	e16_ji1_TTCCGGTGTAGCACAG
17566	e16_ji1_TTCCGGTGTCAAGCGA
17567	e16_ji1_TTCCGGTGTCTTAGTG
17568	e16_ji1_TTCCGGTTCCGAAGGA
17569	e16_ji1_TTCCGGTTCCTCACTG
17570	e16_ji1_TTCCGTGAGTAGGTTA
17571	e16_ji1_TTCCGTGCACAAGCAG
17572	e16_ji1_TTCCGTGCACTCCGGA
17573	e16_ji1_TTCCGTGGTAAGCTCT
17574	e16_ji1_TTCCGTGGTGACTCTA
17575	e16_ji1_TTCCGTGGTTGGAGAC
17576	e16_ji1_TTCCGTGTCCTGCCAT
17577	e16_ji1_TTCCTAACACAACGCC
17578	e16_ji1_TTCCTAACATGGGTCC
17579	e16_ji1_TTCCTAAGTCGACTGC
17580	e16_ji1_TTCCTAATCATGCGGC
17581	e16_ji1_TTCCTAATCGTCCTTG
17582	e16_ji1_TTCCTAATCGTTCCCA
17583	e16_ji1_TTCCTCTAGAGCGACT
17584	e16_ji1_TTCCTCTCACATGTTG
17585	e16_ji1_TTCCTCTCACTGGACC
17586	e16_ji1_TTCCTCTCACTGGCGT
17587	e16_ji1_TTCCTCTCATGGCACC
17588	e16_ji1_TTCCTCTGTCATCGCG
17589	e16_ji1_TTCCTCTGTCTGTGGC
17590	e16_ji1_TTCCTCTGTGGTCTCG
17591	e16_ji1_TTCCTCTGTTGCCGAC
17592	e16_ji1_TTCCTCTTCTTCACGC
17593	e16_ji1_TTCCTTCAGATAACAC
17594	e16_ji1_TTCCTTCAGCAACAAT
17595	e16_ji1_TTCCTTCAGCGAGTAC
17596	e16_ji1_TTCCTTCAGGGACTGT
17597	e16_ji1_TTCCTTCAGGTAGTAT
17598	e16_ji1_TTCCTTCCAGCATCTA
17599	e16_ji1_TTCCTTCGTCTTGAAC
17600	e16_ji1_TTCCTTCGTGGACTGA
17601	e16_ji1_TTCCTTCTCGTAGCTA
17602	e16_ji1_TTCCTTCTCTGCGAGC
17603	e16_ji1_TTCGATTAGGCATCTT
17604	e16_ji1_TTCGATTCACAATGCT
17605	e16_ji1_TTCGATTCAGAACTAA
17606	e16_ji1_TTCGATTCAGAATCGG
17607	e16_ji1_TTCGATTCAGGATTCT
17608	e16_ji1_TTCGATTCATCACGGC
17609	e16_ji1_TTCGATTGTCCGGATC
17610	e16_ji1_TTCGATTGTTAAAGTG
17611	e16_ji1_TTCGATTGTTACCCTC
17612	e16_ji1_TTCGATTTCGTTAGTG
17613	e16_ji1_TTCGCTGCAGCTACAT
17614	e16_ji1_TTCGCTGCAGTAACGG
17615	e16_ji1_TTCGCTGGTCAATCTG
17616	e16_ji1_TTCGCTGTCAAGAGTA
17617	e16_ji1_TTCGCTGTCCAACTAG
17618	e16_ji1_TTCGCTGTCCATCGTC
17619	e16_ji1_TTCGCTGTCGCAGTCG
17620	e16_ji1_TTCGCTGTCTGGGCAC
17621	e16_ji1_TTCGGTCCATGAAAGT
17622	e16_ji1_TTCGGTCGTCGCTTGG
17623	e16_ji1_TTCGGTCGTCGGCCTA
17624	e16_ji1_TTCGGTCGTGTTACTG
17625	e16_ji1_TTCGGTCGTTCTTCAT
17626	e16_ji1_TTCGGTCGTTTGGGTT
17627	e16_ji1_TTCGGTCTCGCTTAAG
17628	e16_ji1_TTCTAACCAACCGCTG
17629	e16_ji1_TTCTAACCACGAGGAT
17630	e16_ji1_TTCTAACCAGTAGAAT
17631	e16_ji1_TTCTAACGTCTCGCGA
17632	e16_ji1_TTCTAACGTGTTTGCA
17633	e16_ji1_TTCTAACTCAACACGT
17634	e16_ji1_TTCTAACTCTTCCTAA
17635	e16_ji1_TTCTAGTCAACCGTAT
17636	e16_ji1_TTCTAGTCAGAGGCTA
17637	e16_ji1_TTCTAGTCATTAGGAA
17638	e16_ji1_TTCTAGTGTCTATGAC
17639	e16_ji1_TTCTAGTTCACCACAA
17640	e16_ji1_TTCTAGTTCGAAGAAT
17641	e16_ji1_TTCTAGTTCGACCCAG
17642	e16_ji1_TTCTAGTTCGGTGAAG
17643	e16_ji1_TTCTAGTTCTGCGGCA
17644	e16_ji1_TTCTCTCAGAAGGCTC
17645	e16_ji1_TTCTCTCAGAAGGGAT
17646	e16_ji1_TTCTCTCAGAGGGTGG
17647	e16_ji1_TTCTCTCAGGCTCAAG
17648	e16_ji1_TTCTCTCCACGCTATA
17649	e16_ji1_TTCTCTCGTTACGGAG
17650	e16_ji1_TTCTCTCGTTCAATCG
17651	e16_ji1_TTCTCTCTCAGCTAGT
17652	e16_ji1_TTCTCTCTCCTACAAG
17653	e16_ji1_TTCTCTCTCGAAGCAG
17654	e16_ji1_TTCTCTCTCGACATAC
17655	e16_ji1_TTCTGTAAGCACCAGA
17656	e16_ji1_TTCTGTACAACCACGC
17657	e16_ji1_TTCTGTACAATTAGGA
17658	e16_ji1_TTCTGTACACACCTAA
17659	e16_ji1_TTCTGTACACTCAAGT
17660	e16_ji1_TTCTGTACATAATCGC
17661	e16_ji1_TTCTGTAGTTGGGACA
17662	e16_ji1_TTCTGTATCCGCTGTT
17663	e16_ji1_TTCTGTATCCGGACTG
17664	e16_ji1_TTCTTCCAGCAAGTGC
17665	e16_ji1_TTCTTCCCACTCGATA
17666	e16_ji1_TTCTTCCCATGGCGCT
17667	e16_ji1_TTCTTCCGTAGGTACG
17668	e16_ji1_TTCTTCCGTGGATTTC
17669	e16_ji1_TTCTTCCTCGAGCACC
17670	e16_ji1_TTCTTGAAGAGAATCT
17671	e16_ji1_TTCTTGAAGATGAATC
17672	e16_ji1_TTCTTGAAGCCTTGAT
17673	e16_ji1_TTCTTGACAAGAGTTA
17674	e16_ji1_TTCTTGACACGCGGTT
17675	e16_ji1_TTCTTGACAGCTAACT
17676	e16_ji1_TTCTTGAGTGGCTGAA
17677	e16_ji1_TTCTTGAGTTGTAAAG
17678	e16_ji1_TTCTTGATCGCCAGAC
17679	e16_ji1_TTGAACGAGCTCGTGC
17680	e16_ji1_TTGAACGGTAGTGGCA
17681	e16_ji1_TTGAACGGTGTTACAC
17682	e16_ji1_TTGAACGTCATTGAGC
17683	e16_ji1_TTGAACGTCCCGTGTT
17684	e16_ji1_TTGAACGTCTCGACGG
17685	e16_ji1_TTGAACGTCTCTCCGA
17686	e16_ji1_TTGAACGTCTGATTCT
17687	e16_ji1_TTGACCCAGGATCACG
17688	e16_ji1_TTGACCCAGTCACGCC
17689	e16_ji1_TTGACCCCATAAGCGG
17690	e16_ji1_TTGACCCTCATTACGG
17691	e16_ji1_TTGAGTGCATCGAAGG
17692	e16_ji1_TTGAGTGGTAAGGCTG
17693	e16_ji1_TTGAGTGGTGGCAACA
17694	e16_ji1_TTGAGTGTCGCTTACC
17695	e16_ji1_TTGAGTGTCTATCGGA
17696	e16_ji1_TTGATGGAGAAGTCTA
17697	e16_ji1_TTGATGGAGCCAGTAG
17698	e16_ji1_TTGATGGAGTCTCTGA
17699	e16_ji1_TTGATGGCATAGATCC
17700	e16_ji1_TTGATGGGTCGAGATG
17701	e16_ji1_TTGATGGGTGGCTCTG
17702	e16_ji1_TTGATGGTCCTTCACG
17703	e16_ji1_TTGCATTAGCATGCAG
17704	e16_ji1_TTGCATTGTAACATGA
17705	e16_ji1_TTGCATTGTCACAGTT
17706	e16_ji1_TTGCATTGTCGATGCC
17707	e16_ji1_TTGCATTTCAGGACGA
17708	e16_ji1_TTGCATTTCATACGGT
17709	e16_ji1_TTGCCTGAGCAATAGT
17710	e16_ji1_TTGCCTGAGTAGCATA
17711	e16_ji1_TTGCCTGCAGTCGCAC
17712	e16_ji1_TTGCCTGCATAGTCAC
17713	e16_ji1_TTGCCTGGTAGAGCTG
17714	e16_ji1_TTGCCTGGTGCAGATG
17715	e16_ji1_TTGCCTGGTGTCCATA
17716	e16_ji1_TTGCCTGTCAAGTGTC
17717	e16_ji1_TTGCGTCAGAGTTGCG
17718	e16_ji1_TTGCGTCCAAACGAGC
17719	e16_ji1_TTGCGTCCAAGCGCTC
17720	e16_ji1_TTGCGTCCACACCTGG
17721	e16_ji1_TTGCGTCCACCGCTGA
17722	e16_ji1_TTGCGTCCACCGGTCA
17723	e16_ji1_TTGCGTCGTTAAACAG
17724	e16_ji1_TTGCGTCTCAATGTCG
17725	e16_ji1_TTGCGTCTCATTTCGT
17726	e16_ji1_TTGCGTCTCCTTTGAT
17727	e16_ji1_TTGCGTCTCTTTACAC
17728	e16_ji1_TTGCTGCAGACACACG
17729	e16_ji1_TTGCTGCAGCATGAAT
17730	e16_ji1_TTGCTGCGTGATGAAT
17731	e16_ji1_TTGCTGCTCGCCACTT
17732	e16_ji1_TTGGATGAGAGAGCAA
17733	e16_ji1_TTGGATGAGCCGTAAG
17734	e16_ji1_TTGGATGAGCCTAACT
17735	e16_ji1_TTGGATGAGGGCCCTT
17736	e16_ji1_TTGGATGAGTAAGAGG
17737	e16_ji1_TTGGATGAGTATAGGT
17738	e16_ji1_TTGGATGAGTTCCAGT
17739	e16_ji1_TTGGATGCATCCAACA
17740	e16_ji1_TTGGATGGTAAGGTCG
17741	e16_ji1_TTGGATGGTACCAGAG
17742	e16_ji1_TTGGATGGTAGAGTTA
17743	e16_ji1_TTGGATGGTAGGATAT
17744	e16_ji1_TTGGATGGTGATCGTT
17745	e16_ji1_TTGGATGTCATTACGG
17746	e16_ji1_TTGGATGTCCTTCAGC
17747	e16_ji1_TTGGGATAGAGGTGCT
17748	e16_ji1_TTGGGATAGGCCCGTT
17749	e16_ji1_TTGGGATCAAGAGGTC
17750	e16_ji1_TTGGGATCAGAGTTGG
17751	e16_ji1_TTGGGATCAGATCATC
17752	e16_ji1_TTGGGATGTCCCACGA
17753	e16_ji1_TTGGGATGTGAATATG
17754	e16_ji1_TTGGGATGTGTAGGAC
17755	e16_ji1_TTGGGATTCAGACCGC
17756	e16_ji1_TTGGGATTCCCTGGTT
17757	e16_ji1_TTGGGATTCTCTCGCA
17758	e16_ji1_TTGGGATTCTGTCGTC
17759	e16_ji1_TTGGGCGAGAGAGGGC
17760	e16_ji1_TTGGGCGAGCTAATCC
17761	e16_ji1_TTGGGCGAGTACCATC
17762	e16_ji1_TTGGGCGCAAAGTATG
17763	e16_ji1_TTGGGCGCAGAAGTGC
17764	e16_ji1_TTGGGCGGTTACGTAC
17765	e16_ji1_TTGGGCGGTTGGTGTT
17766	e16_ji1_TTGGGCGGTTGTCATG
17767	e16_ji1_TTGGGCGTCGGACCAC
17768	e16_ji1_TTGGGTAAGAGGCTGT
17769	e16_ji1_TTGGGTAAGGTCGTCC
17770	e16_ji1_TTGGGTACAAGTACCT
17771	e16_ji1_TTGGGTAGTAACAGTA
17772	e16_ji1_TTGGGTAGTAGGATAT
17773	e16_ji1_TTGGGTAGTCTTGGTA
17774	e16_ji1_TTGGGTAGTTTGAACC
17775	e16_ji1_TTGGGTATCTCTCTTC
17776	e16_ji1_TTGGTTTAGAGTCACG
17777	e16_ji1_TTGGTTTAGGTTCCAT
17778	e16_ji1_TTGGTTTCACCCAAGC
17779	e16_ji1_TTGGTTTCATAGTCGT
17780	e16_ji1_TTGGTTTGTATCGTAC
17781	e16_ji1_TTGGTTTTCCACATAG
17782	e16_ji1_TTGGTTTTCCACCTCA
17783	e16_ji1_TTGGTTTTCTATCGCC
17784	e16_ji1_TTGTGGAAGAGGCCAT
17785	e16_ji1_TTGTGGAAGCCTTTCC
17786	e16_ji1_TTGTGGACACCGCTGA
17787	e16_ji1_TTGTGGAGTACCACGC
17788	e16_ji1_TTGTGGAGTGGAGGTT
17789	e16_ji1_TTGTGGAGTTCGGCTG
17790	e16_ji1_TTGTGGATCAAAGACA
17791	e16_ji1_TTGTGGATCGGTCTGG
17792	e16_ji1_TTGTGTTAGAGGTCGT
17793	e16_ji1_TTGTGTTAGATGGGCT
17794	e16_ji1_TTGTGTTAGCGGTAGT
17795	e16_ji1_TTGTGTTCAAGAGGTC
17796	e16_ji1_TTGTGTTCACCCTCTA
17797	e16_ji1_TTGTGTTCATCAGCTA
17798	e16_ji1_TTGTGTTGTCACATTG
17799	e16_ji1_TTGTGTTGTGATGTAA
17800	e16_ji1_TTGTGTTGTGGTTTGT
17801	e16_ji1_TTGTGTTTCTAAGCGT
17802	e16_ji1_TTGTGTTTCTGAATGC
17803	e16_ji1_TTGTTCAAGATGCTGG
17804	e16_ji1_TTGTTCAAGGGAGGCA
17805	e16_ji1_TTGTTCAAGGTAATCA
17806	e16_ji1_TTGTTCAAGTTCTACG
17807	e16_ji1_TTGTTCAAGTTTCGGT
17808	e16_ji1_TTGTTCACAACCGACC
17809	e16_ji1_TTGTTCACAATAGGAT
17810	e16_ji1_TTGTTCACAGAGCTAG
17811	e16_ji1_TTGTTCAGTGGAAATT
17812	e16_ji1_TTGTTCATCGGTGTTA
17813	e16_ji1_TTGTTCATCTTACGTT
17814	e16_ji1_TTGTTGTAGGATGGCT
17815	e16_ji1_TTGTTGTCACGCTATA
17816	e16_ji1_TTGTTGTCACGGATCC
17817	e16_ji1_TTGTTGTCAGGACTTT
17818	e16_ji1_TTGTTGTGTGAGGATC
17819	e16_ji1_TTGTTGTTCGAGATGG
17820	e16_ji1_TTGTTTGAGTTCTCTT
17821	e16_ji1_TTGTTTGCAACAAGTA
17822	e16_ji1_TTGTTTGCAATCTAGC
17823	e16_ji1_TTGTTTGGTACAAGCG
17824	e16_ji1_TTGTTTGGTACCCGCA
17825	e16_ji1_TTGTTTGGTCCCGTGA
17826	e16_ji1_TTGTTTGGTTCCAGGC
17827	e16_ji1_TTTACCACAAATCGTC
17828	e16_ji1_TTTACCACAGCATGCC
17829	e16_ji1_TTTACCACAGCTGTCG
17830	e16_ji1_TTTACCACATAATGCC
17831	e16_ji1_TTTACCACATCTAGAC
17832	e16_ji1_TTTACCAGTAGGTAGC
17833	e16_ji1_TTTACCAGTCACTCGG
17834	e16_ji1_TTTACCAGTGCAAGAC
17835	e16_ji1_TTTACCAGTTATTCCT
17836	e16_ji1_TTTACCATCAAAGAAC
17837	e16_ji1_TTTACCATCCATTGTT
17838	e16_ji1_TTTACCATCCCAGGAC
17839	e16_ji1_TTTACCATCGCCGTGA
17840	e16_ji1_TTTACCATCTTTGCTA
17841	e16_ji1_TTTACGTAGAAGCGCT
17842	e16_ji1_TTTACGTAGACGCATG
17843	e16_ji1_TTTACGTAGGCAGCTA
17844	e16_ji1_TTTACGTAGTAGCTCT
17845	e16_ji1_TTTACGTAGTCTACCA
17846	e16_ji1_TTTACGTCACTAAACC
17847	e16_ji1_TTTACGTCAGGCATGA
17848	e16_ji1_TTTACGTCAGTTGCGC
17849	e16_ji1_TTTACGTCATTGTCGA
17850	e16_ji1_TTTACGTGTTATCTTC
17851	e16_ji1_TTTACGTGTTTGTGGT
17852	e16_ji1_TTTACGTTCCACCTCA
17853	e16_ji1_TTTACTGAGCATAGGC
17854	e16_ji1_TTTACTGAGCATTTGC
17855	e16_ji1_TTTACTGCAATCAAGA
17856	e16_ji1_TTTACTGCAGGCAATG
17857	e16_ji1_TTTACTGCAGGGTTGA
17858	e16_ji1_TTTACTGCAGTCGCTG
17859	e16_ji1_TTTACTGTCCACTTCG
17860	e16_ji1_TTTACTGTCCTCTCTT
17861	e16_ji1_TTTACTGTCGTGTGGC
17862	e16_ji1_TTTAGTCAGGTCATCT
17863	e16_ji1_TTTAGTCAGTTGTACC
17864	e16_ji1_TTTAGTCCAAAGACTA
17865	e16_ji1_TTTAGTCCAAGTAGTA
17866	e16_ji1_TTTAGTCCAATTGCGT
17867	e16_ji1_TTTAGTCCAGAGGCAT
17868	e16_ji1_TTTAGTCGTAGTGCGA
17869	e16_ji1_TTTAGTCGTGCAAGAC
17870	e16_ji1_TTTAGTCGTTAAGACA
17871	e16_ji1_TTTAGTCTCCATGCAA
17872	e16_ji1_TTTATGCAGAAGCTCG
17873	e16_ji1_TTTATGCCACAAGTTC
17874	e16_ji1_TTTATGCCACACCTGG
17875	e16_ji1_TTTATGCCACCCTGTT
17876	e16_ji1_TTTATGCCAGCATGCC
17877	e16_ji1_TTTATGCGTGACATCT
17878	e16_ji1_TTTATGCGTGGACTGA
17879	e16_ji1_TTTATGCGTGTCATCA
17880	e16_ji1_TTTATGCGTGTCTCCT
17881	e16_ji1_TTTATGCGTTGGACCC
17882	e16_ji1_TTTATGCTCGTTCGCT
17883	e16_ji1_TTTCACAAGAGACAAG
17884	e16_ji1_TTTCACAAGGACAGTC
17885	e16_ji1_TTTCACAAGGTGATAT
17886	e16_ji1_TTTCACAAGTTTGGCT
17887	e16_ji1_TTTCACACAACGCATT
17888	e16_ji1_TTTCACACAACTGGTT
17889	e16_ji1_TTTCACACAATCGCCG
17890	e16_ji1_TTTCACACAGGATGAC
17891	e16_ji1_TTTCACAGTAGATGTA
17892	e16_ji1_TTTCACATCACTCACC
17893	e16_ji1_TTTCACATCTCTCTAA
17894	e16_ji1_TTTCAGTAGACATATG
17895	e16_ji1_TTTCAGTAGCTGGAGT
17896	e16_ji1_TTTCAGTCACTCATAG
17897	e16_ji1_TTTCAGTCAGTGGGTA
17898	e16_ji1_TTTCAGTCATCGTCCT
17899	e16_ji1_TTTCAGTGTAACAGGC
17900	e16_ji1_TTTCAGTGTTTGGGTT
17901	e16_ji1_TTTCAGTTCGACGCTG
17902	e16_ji1_TTTCAGTTCTGGCCGA
17903	e16_ji1_TTTCATGAGGTCTACT
17904	e16_ji1_TTTCATGAGTTCACTG
17905	e16_ji1_TTTCATGCACAGAGCA
17906	e16_ji1_TTTCATGCACAGCCTG
17907	e16_ji1_TTTCATGCACTTGGCG
17908	e16_ji1_TTTCATGCAGCAGATG
17909	e16_ji1_TTTCATGCATAGAATG
17910	e16_ji1_TTTCATGGTACAGCGA
17911	e16_ji1_TTTCATGGTATTCCTT
17912	e16_ji1_TTTCATGGTCTGATAC
17913	e16_ji1_TTTCATGGTCTTACAG
17914	e16_ji1_TTTCATGGTGGCCTCA
17915	e16_ji1_TTTCATGGTTGCATTG
17916	e16_ji1_TTTCATGTCGTACCTC
17917	e16_ji1_TTTCATGTCTAGGCAT
17918	e16_ji1_TTTCATGTCTAGTTCT
17919	e16_ji1_TTTCCTCAGAATTGCA
17920	e16_ji1_TTTCCTCAGAGCATAT
17921	e16_ji1_TTTCCTCAGGAAACGA
17922	e16_ji1_TTTCCTCCAAGCGATG
17923	e16_ji1_TTTCCTCCAGGTGACA
17924	e16_ji1_TTTCCTCGTTAGGGAC
17925	e16_ji1_TTTCCTCTCACCTCAC
17926	e16_ji1_TTTCCTCTCGGTCATA
17927	e16_ji1_TTTCCTCTCTCATGCC
17928	e16_ji1_TTTCGATAGACTTCGT
17929	e16_ji1_TTTCGATCAAATGAGT
17930	e16_ji1_TTTCGATCAGGGATAC
17931	e16_ji1_TTTCGATGTCATAAAG
17932	e16_ji1_TTTCGATTCCTTCACG
17933	e16_ji1_TTTGACTAGCCACCGT
17934	e16_ji1_TTTGACTCAAGAGCTG
17935	e16_ji1_TTTGACTCACTGATTG
17936	e16_ji1_TTTGACTTCCAAGAGG
17937	e16_ji1_TTTGACTTCGCATGAT
17938	e16_ji1_TTTGACTTCTACGCGG
17939	e16_ji1_TTTGATCAGGTATTGA
17940	e16_ji1_TTTGATCCACTCCACT
17941	e16_ji1_TTTGATCGTCACAGTT
17942	e16_ji1_TTTGATCGTGCGACAA
17943	e16_ji1_TTTGATCTCACTGGGC
17944	e16_ji1_TTTGGAGAGCTCCATA
17945	e16_ji1_TTTGGAGAGCTCTGTA
17946	e16_ji1_TTTGGAGAGTATTAGG
17947	e16_ji1_TTTGGAGCACGTCATA
17948	e16_ji1_TTTGGAGCACTAGTAC
17949	e16_ji1_TTTGGAGGTCGCTTGG
17950	e16_ji1_TTTGGAGGTGGCCTCA
17951	e16_ji1_TTTGGAGTCAACGTGT
17952	e16_ji1_TTTGGTTAGACGAAGA
17953	e16_ji1_TTTGGTTAGTGAGCCA
17954	e16_ji1_TTTGGTTAGTGGAAAG
17955	e16_ji1_TTTGGTTGTAGATTAG
17956	e16_ji1_TTTGGTTTCATTTGCT
17957	e16_ji1_TTTGGTTTCCACGTAA
17958	e16_ji1_TTTGGTTTCGGTTAGT
17959	e16_ji1_TTTGTTGAGAACTGAT
17960	e16_ji1_TTTGTTGAGCCTCTCT
17961	e16_ji1_TTTGTTGGTCACCCTT
17962	e16_ji1_TTTGTTGGTTGACTGT
17963	e16_ji1_TTTGTTGTCAGCGCAC
17964	e16_ji1_TTTGTTGTCCCAATAG
17965	e16_ji1_TTTGTTGTCTCGTCAC
17966	e16_c1_AAACCCAAGAAGAGCA
17967	e16_c1_AAACCCACAACCCTAA
17968	e16_c1_AAACCCATCATCCTAT
17969	e16_c1_AAACCCATCTATTCGT
17970	e16_c1_AAACGAAGTAACCCTA
17971	e16_c1_AAACGAAGTAGTGTGG
17972	e16_c1_AAACGCTAGGCCATAG
17973	e16_c1_AAACGCTAGTATGAAC
17974	e16_c1_AAACGCTAGTTGGCGA
17975	e16_c1_AAACGCTGTAGAGATT
17976	e16_c1_AAACGCTTCTCATTAC
17977	e16_c1_AAACGCTTCTTGCAGA
17978	e16_c1_AAAGAACAGAGCATCG
17979	e16_c1_AAAGAACCACCACTGG
17980	e16_c1_AAAGAACCAGCACGAA
17981	e16_c1_AAAGAACGTAGCGTCC
17982	e16_c1_AAAGAACTCAGAGCGA
17983	e16_c1_AAAGAACTCCGATGTA
17984	e16_c1_AAAGGATAGTGCAGCA
17985	e16_c1_AAAGGATAGTGTTCAC
17986	e16_c1_AAAGGATCACAATGAA
17987	e16_c1_AAAGGATCATACCGTA
17988	e16_c1_AAAGGATCATCCTTCG
17989	e16_c1_AAAGGATTCAAATGAG
17990	e16_c1_AAAGGATTCGTGGGAA
17991	e16_c1_AAAGGATTCTACCACC
17992	e16_c1_AAAGGGCAGAAACTCA
17993	e16_c1_AAAGGGCAGCTTAAGA
17994	e16_c1_AAAGGGCCAGACCCGT
17995	e16_c1_AAAGGTACACCATTCC
17996	e16_c1_AAAGGTAGTGTTCGTA
17997	e16_c1_AAAGGTAGTTCCTAGA
17998	e16_c1_AAAGGTATCTCGCCTA
17999	e16_c1_AAAGTCCCAAATGGTA
18000	e16_c1_AAAGTCCCAAGAGCTG
18001	e16_c1_AAAGTCCCACGGCTAC
18002	e16_c1_AAAGTGAAGGTTCAGG
18003	e16_c1_AAATGGAAGTCCCTAA
18004	e16_c1_AAATGGATCAACACGT
18005	e16_c1_AAATGGATCCCAGCGA
18006	e16_c1_AACAAAGGTACTCAAC
18007	e16_c1_AACAAAGGTCATGCAT
18008	e16_c1_AACAAAGTCTGGTCAA
18009	e16_c1_AACAACCCAACACGTT
18010	e16_c1_AACAACCCAAGCCATT
18011	e16_c1_AACAACCTCTGCGATA
18012	e16_c1_AACAAGAAGAAACCAT
18013	e16_c1_AACAAGAAGTTCTCTT
18014	e16_c1_AACAAGACAGCGTGAA
18015	e16_c1_AACAAGAGTATAGCTC
18016	e16_c1_AACACACCAATTCGTG
18017	e16_c1_AACACACCAGATCCTA
18018	e16_c1_AACAGGGAGGTGCTGA
18019	e16_c1_AACAGGGAGTAGTGCG
18020	e16_c1_AACAGGGCAATATCCG
18021	e16_c1_AACAGGGTCAGCGCGT
18022	e16_c1_AACAGGGTCCGCATAA
18023	e16_c1_AACAGGGTCGGAGTAG
18024	e16_c1_AACAGGGTCTTAAGGC
18025	e16_c1_AACCAACAGAGGTCGT
18026	e16_c1_AACCAACGTCAACACT
18027	e16_c1_AACCAACGTTAAGGGC
18028	e16_c1_AACCACAAGCTCCATA
18029	e16_c1_AACCACATCATTTGTC
18030	e16_c1_AACCATGAGGTTACAA
18031	e16_c1_AACCATGCAAGAGAGA
18032	e16_c1_AACCATGTCTCGTGAA
18033	e16_c1_AACCCAAAGAAACCAT
18034	e16_c1_AACCCAAAGGATGCGT
18035	e16_c1_AACCCAACAAGATGGC
18036	e16_c1_AACCCAACACACCTTC
18037	e16_c1_AACCCAACACCAAATC
18038	e16_c1_AACCCAATCACCGGTG
18039	e16_c1_AACCTGAAGCATCCTA
18040	e16_c1_AACCTGACACGCTTAA
18041	e16_c1_AACCTGAGTCTAGGTT
18042	e16_c1_AACCTGATCCTCAGGG
18043	e16_c1_AACCTTTTCACCACAA
18044	e16_c1_AACGAAAGTACAGAGC
18045	e16_c1_AACGAAAGTATGTCAC
18046	e16_c1_AACGAAATCTCATAGG
18047	e16_c1_AACGGGAAGACGACTG
18048	e16_c1_AACGGGAAGAGGCCAT
18049	e16_c1_AACGGGAAGCTTCGTA
18050	e16_c1_AACGGGAGTCTAGGTT
18051	e16_c1_AACGGGATCGGAAGGT
18052	e16_c1_AACGTCAAGGTGATCG
18053	e16_c1_AACGTCACACTGCTTC
18054	e16_c1_AACGTCACAGAACTCT
18055	e16_c1_AACGTCACAGGTTCAT
18056	e16_c1_AACGTCAGTGTCCGGT
18057	e16_c1_AACTTCTAGTACGTCT
18058	e16_c1_AACTTCTCATGGCCAC
18059	e16_c1_AACTTCTGTCGCACAC
18060	e16_c1_AACTTCTGTTCGTAAC
18061	e16_c1_AACTTCTTCCCTTGGT
18062	e16_c1_AAGAACAAGACAGTCG
18063	e16_c1_AAGAACAAGGTTCACT
18064	e16_c1_AAGAACACAATAGTGA
18065	e16_c1_AAGAACACACAACATC
18066	e16_c1_AAGAACAGTTATGACC
18067	e16_c1_AAGAACATCCTACGAA
18068	e16_c1_AAGAACATCGACATCA
18069	e16_c1_AAGACAACACACCTGG
18070	e16_c1_AAGACAATCCCTCTCC
18071	e16_c1_AAGACTCAGCCTCTCT
18072	e16_c1_AAGACTCAGTCTTCGA
18073	e16_c1_AAGACTCCACCAGTTA
18074	e16_c1_AAGACTCGTAGCGAGT
18075	e16_c1_AAGACTCGTCCTACAA
18076	e16_c1_AAGACTCTCCGGACGT
18077	e16_c1_AAGATAGAGCGCTGAA
18078	e16_c1_AAGATAGAGTCGCCAC
18079	e16_c1_AAGATAGGTTCCTAGA
18080	e16_c1_AAGATAGGTTGACTGT
18081	e16_c1_AAGATAGGTTTCGACA
18082	e16_c1_AAGATAGTCTATCGCC
18083	e16_c1_AAGCATCTCGCCTATC
18084	e16_c1_AAGCCATCAAATACGA
18085	e16_c1_AAGCCATCAGCGATTT
18086	e16_c1_AAGCCATGTCTTCAAG
18087	e16_c1_AAGCGAGAGGATACCG
18088	e16_c1_AAGCGAGCAACTGCTA
18089	e16_c1_AAGCGAGCATCGGATT
18090	e16_c1_AAGCGAGGTTTCGTAG
18091	e16_c1_AAGCGAGTCTGTCGTC
18092	e16_c1_AAGCGTTAGAGAGTTT
18093	e16_c1_AAGCGTTAGTCGAATA
18094	e16_c1_AAGCGTTCACCGTCGA
18095	e16_c1_AAGCGTTCATCATTTC
18096	e16_c1_AAGCGTTGTCGTCTCT
18097	e16_c1_AAGCGTTTCCCTCGAT
18098	e16_c1_AAGCGTTTCGTGGGTC
18099	e16_c1_AAGGAATAGCAAACAT
18100	e16_c1_AAGGAATGTCACTTAG
18101	e16_c1_AAGGAATTCCTAGCGG
18102	e16_c1_AAGGTAATCAAGCCGC
18103	e16_c1_AAGTACCAGAGCACTG
18104	e16_c1_AAGTACCAGTGCGACA
18105	e16_c1_AAGTACCGTCGCGTTG
18106	e16_c1_AAGTACCGTTCCTAAG
18107	e16_c1_AAGTACCTCAACCTTT
18108	e16_c1_AAGTACCTCATGTCTT
18109	e16_c1_AAGTACCTCTTTGCTA
18110	e16_c1_AAGTCGTAGTAGTGCG
18111	e16_c1_AAGTCGTCACGCAGTC
18112	e16_c1_AAGTCGTTCATCACCC
18113	e16_c1_AAGTGAACAAGTCCCG
18114	e16_c1_AAGTGAACATTGCAAC
18115	e16_c1_AAGTGAAGTAGGACCA
18116	e16_c1_AAGTGAAGTCGCACGT
18117	e16_c1_AAGTGAAGTTGTGCCG
18118	e16_c1_AAGTGAATCGGACAAG
18119	e16_c1_AAGTTCGAGTTGTCAC
18120	e16_c1_AAGTTCGCACAAATGA
18121	e16_c1_AAGTTCGCAGCCTTCT
18122	e16_c1_AAGTTCGCAGCGACAA
18123	e16_c1_AAGTTCGCATCGTCCT
18124	e16_c1_AAGTTCGTCATGGTAC
18125	e16_c1_AATAGAGCACTAGGCC
18126	e16_c1_AATAGAGCAGCCGTCA
18127	e16_c1_AATAGAGGTAATGCGG
18128	e16_c1_AATAGAGTCCCTCATG
18129	e16_c1_AATCACGAGTGCACTT
18130	e16_c1_AATCACGCAATCCTTT
18131	e16_c1_AATCGACAGCCATTCA
18132	e16_c1_AATCGACCAGCTCATA
18133	e16_c1_AATCGACCATACTTTC
18134	e16_c1_AATCGACGTGATTCAC
18135	e16_c1_AATCGTGAGGTATTGA
18136	e16_c1_AATCGTGGTCGTTCAA
18137	e16_c1_AATCGTGTCACCTACC
18138	e16_c1_AATGAAGAGGTTGGTG
18139	e16_c1_AATGAAGGTAGGAAAG
18140	e16_c1_AATGACCAGCCGTTGC
18141	e16_c1_AATGACCCAAGACGAC
18142	e16_c1_AATGACCCACATGGTT
18143	e16_c1_AATGACCCATTCACCC
18144	e16_c1_AATGACCGTACCGGCT
18145	e16_c1_AATGACCTCGACACCG
18146	e16_c1_AATGCCAAGCCGATTT
18147	e16_c1_AATGCCAGTGGACTGA
18148	e16_c1_AATGCCAGTGTAGGAC
18149	e16_c1_AATGCCAGTGTTGAGG
18150	e16_c1_AATGCCAGTTAAGTCC
18151	e16_c1_AATGCCAGTTCAAAGA
18152	e16_c1_AATGCCAGTTTGATCG
18153	e16_c1_AATGCCATCATAAGGA
18154	e16_c1_AATGGAAAGATTGTGA
18155	e16_c1_AATGGAACAAGACAAT
18156	e16_c1_AATGGAACAAGGTTGG
18157	e16_c1_AATGGAACACAAGGTG
18158	e16_c1_AATGGAACAGTCTACA
18159	e16_c1_AATGGAAGTCACAGAG
18160	e16_c1_AATGGAATCATCCCGT
18161	e16_c1_AATGGAATCTGCTTAT
18162	e16_c1_AATGGCTCAAAGCACG
18163	e16_c1_AATGGCTCACCCATAA
18164	e16_c1_AATGGCTGTAACGTTC
18165	e16_c1_AATGGCTTCCTTCACG
18166	e16_c1_AATTCCTAGGGTCACA
18167	e16_c1_AATTTCCAGACGTCGA
18168	e16_c1_AATTTCCAGTAACAGT
18169	e16_c1_AATTTCCCAAGTATCC
18170	e16_c1_AATTTCCCACGACAAG
18171	e16_c1_AATTTCCTCGGACAAG
18172	e16_c1_ACAAAGACACTGGAAG
18173	e16_c1_ACAAAGACAGGATGAC
18174	e16_c1_ACAAAGAGTGAGAACC
18175	e16_c1_ACAAAGATCTTCTTCC
18176	e16_c1_ACAACCACACACGTGC
18177	e16_c1_ACAACCATCCGGTAAT
18178	e16_c1_ACAAGCTAGCGTATGG
18179	e16_c1_ACAAGCTCATCGGCCA
18180	e16_c1_ACAAGCTGTTGCATCA
18181	e16_c1_ACAAGCTTCACCTTAT
18182	e16_c1_ACAAGCTTCCGTGGTG
18183	e16_c1_ACAAGCTTCGTGCGAC
18184	e16_c1_ACACAGTCAAGTCATC
18185	e16_c1_ACACAGTCACTCCCTA
18186	e16_c1_ACACAGTGTACTAGCT
18187	e16_c1_ACACCAAAGATTAGAC
18188	e16_c1_ACACCAAAGTTACGTC
18189	e16_c1_ACACCAAAGTTGCGCC
18190	e16_c1_ACACCAAGTCATTGCA
18191	e16_c1_ACACCAATCGTAGCCG
18192	e16_c1_ACACCAATCTCGAGTA
18193	e16_c1_ACACGCGAGACATCAA
18194	e16_c1_ACACGCGCACTTACAG
18195	e16_c1_ACACGCGCAGTCTGGC
18196	e16_c1_ACACGCGGTGGACAGT
18197	e16_c1_ACACGCGGTGTATTCG
18198	e16_c1_ACACTGAGTACCAGAG
18199	e16_c1_ACACTGAGTAGACAAT
18200	e16_c1_ACAGAAAAGTCTGCAT
18201	e16_c1_ACAGAAACACAACATC
18202	e16_c1_ACAGAAACAGACCAGA
18203	e16_c1_ACAGAAACAGTCAGTT
18204	e16_c1_ACAGCCGAGGCGTTAG
18205	e16_c1_ACAGCCGCACTGGCCA
18206	e16_c1_ACAGCCGCAGGATTCT
18207	e16_c1_ACAGCCGCATAGCTGT
18208	e16_c1_ACAGCCGGTACGAGCA
18209	e16_c1_ACAGCCGTCAACTACG
18210	e16_c1_ACAGGGAAGACTCGAG
18211	e16_c1_ACAGGGACAATTTCGG
18212	e16_c1_ACAGGGACAGTTGGTT
18213	e16_c1_ACAGGGAGTTGTCATG
18214	e16_c1_ACAGGGATCATCACAG
18215	e16_c1_ACAGGGATCGCCATAA
18216	e16_c1_ACAGGGATCTCAGAAC
18217	e16_c1_ACATCCCAGTCTCTGA
18218	e16_c1_ACATCCCCAACTCCCT
18219	e16_c1_ACATCCCCACACAGCC
18220	e16_c1_ACATCCCCACGAGGTA
18221	e16_c1_ACATCCCCAGCGACCT
18222	e16_c1_ACATCCCGTCCGTACG
18223	e16_c1_ACATCGACAAGCTCTA
18224	e16_c1_ACATCGACACACCTTC
18225	e16_c1_ACATGCAAGTGTAGTA
18226	e16_c1_ACATGCACACTCTGCT
18227	e16_c1_ACATGCAGTATCGAAA
18228	e16_c1_ACATGCATCGGTCGGT
18229	e16_c1_ACATTTCAGCCAGACA
18230	e16_c1_ACATTTCAGCCTCGTG
18231	e16_c1_ACATTTCGTACTCGCG
18232	e16_c1_ACATTTCGTTACGTAC
18233	e16_c1_ACATTTCGTTCCAGGC
18234	e16_c1_ACATTTCTCCAGCAAT
18235	e16_c1_ACATTTCTCTAGGCCG
18236	e16_c1_ACCAAACCAGTTTGGT
18237	e16_c1_ACCAAACTCCACGTAA
18238	e16_c1_ACCAAACTCTTCGTGC
18239	e16_c1_ACCAACAAGGGCAACT
18240	e16_c1_ACCAACACAAGATCCT
18241	e16_c1_ACCAACACAGAGAATT
18242	e16_c1_ACCACAAAGACGTCCC
18243	e16_c1_ACCACAAAGTTACGTC
18244	e16_c1_ACCACAATCGGCCTTT
18245	e16_c1_ACCATTTAGTTGTCAC
18246	e16_c1_ACCATTTTCCCTCAAC
18247	e16_c1_ACCATTTTCCGCGATG
18248	e16_c1_ACCCAAACAACAAAGT
18249	e16_c1_ACCCAAACATCGTCCT
18250	e16_c1_ACCCAAATCTACGCAA
18251	e16_c1_ACCCTCAAGAGGGTCT
18252	e16_c1_ACCCTCAAGCGCAATG
18253	e16_c1_ACCCTCAGTAGAGACC
18254	e16_c1_ACCCTCAGTAGTGGCA
18255	e16_c1_ACCCTCATCCATCGTC
18256	e16_c1_ACCCTCATCTCCTGTG
18257	e16_c1_ACCCTTGCACGACAAG
18258	e16_c1_ACCCTTGGTGGTTTAC
18259	e16_c1_ACCCTTGTCACGATAC
18260	e16_c1_ACCGTTCCAGTCCCGA
18261	e16_c1_ACCGTTCTCTCAGTCC
18262	e16_c1_ACCTACCAGACATCCT
18263	e16_c1_ACCTACCAGACGTCCC
18264	e16_c1_ACCTACCAGGGCTGAT
18265	e16_c1_ACCTACCCAATATCCG
18266	e16_c1_ACCTACCTCGCTACAA
18267	e16_c1_ACCTACCTCGCTGTCT
18268	e16_c1_ACCTGAAAGCGAGTCA
18269	e16_c1_ACCTGAAAGGTAATCA
18270	e16_c1_ACCTGAAAGTCCTGCG
18271	e16_c1_ACCTGAACAACTTGCA
18272	e16_c1_ACCTGAAGTGGATTTC
18273	e16_c1_ACCTGTCGTTAGGCTT
18274	e16_c1_ACCTGTCTCCGCGAGT
18275	e16_c1_ACGATCAAGGCTCAAG
18276	e16_c1_ACGATCAAGTAGTCAA
18277	e16_c1_ACGATCACAAACGAGC
18278	e16_c1_ACGATCACATAGAGGC
18279	e16_c1_ACGATCAGTATTCTCT
18280	e16_c1_ACGATCATCTGGCCGA
18281	e16_c1_ACGATGTCATCAGTGT
18282	e16_c1_ACGATGTGTGAACTAA
18283	e16_c1_ACGATGTGTGAGCTCC
18284	e16_c1_ACGATGTGTTTCGATG
18285	e16_c1_ACGATGTTCGACACCG
18286	e16_c1_ACGATGTTCGCGGACT
18287	e16_c1_ACGCACGAGCACACCC
18288	e16_c1_ACGCACGCAACACAAA
18289	e16_c1_ACGCACGTCTAGAGCT
18290	e16_c1_ACGCACGTCTCTCGAC
18291	e16_c1_ACGGAAGAGATTGATG
18292	e16_c1_ACGGAAGGTATCTCTT
18293	e16_c1_ACGGGTCCAAATGCTC
18294	e16_c1_ACGGGTCCACTGTCCT
18295	e16_c1_ACGGGTCTCAGTGTTG
18296	e16_c1_ACGGGTCTCCACACAA
18297	e16_c1_ACGGTCGAGATTCGCT
18298	e16_c1_ACGGTCGAGCAGCCTC
18299	e16_c1_ACGGTCGAGCCACCGT
18300	e16_c1_ACGGTCGAGTGCCGAA
18301	e16_c1_ACGGTCGGTAACTGCT
18302	e16_c1_ACGGTCGGTAGACTGG
18303	e16_c1_ACGGTTAAGAACCGCA
18304	e16_c1_ACGGTTAAGATTAGAC
18305	e16_c1_ACGGTTAAGGCCTGCT
18306	e16_c1_ACGGTTAAGTCTAGAA
18307	e16_c1_ACGGTTACAGGACTTT
18308	e16_c1_ACGTAACGTCAGTCGC
18309	e16_c1_ACGTAACGTCATCAGT
18310	e16_c1_ACGTACAAGCTCGAAG
18311	e16_c1_ACGTACACAGCAGTGA
18312	e16_c1_ACGTACAGTTGGCTAT
18313	e16_c1_ACGTACATCGCTGATA
18314	e16_c1_ACGTAGTAGATTGACA
18315	e16_c1_ACGTAGTAGATTGCGG
18316	e16_c1_ACGTAGTAGTTATGGA
18317	e16_c1_ACGTAGTCAAGACTGG
18318	e16_c1_ACGTAGTCACTCATAG
18319	e16_c1_ACGTAGTTCAGCTAGT
18320	e16_c1_ACGTAGTTCTCGGGAC
18321	e16_c1_ACGTCCTAGCTGAAGC
18322	e16_c1_ACGTCCTGTTTATGCG
18323	e16_c1_ACGTCCTTCGATTGGT
18324	e16_c1_ACGTCCTTCGCTCTCA
18325	e16_c1_ACGTCCTTCTTAATCC
18326	e16_c1_ACGTTCCAGACGTCGA
18327	e16_c1_ACGTTCCAGCAAGGAA
18328	e16_c1_ACGTTCCAGGCTTAGG
18329	e16_c1_ACGTTCCAGGTTATAG
18330	e16_c1_ACTACGAAGAGTTGTA
18331	e16_c1_ACTACGACAAGAGTTA
18332	e16_c1_ACTACGAGTTCTCCAC
18333	e16_c1_ACTATCTCATCGATGT
18334	e16_c1_ACTATCTTCGTTGCCT
18335	e16_c1_ACTATCTTCTCATGGA
18336	e16_c1_ACTATGGGTTGGCCTG
18337	e16_c1_ACTATTCGTCACAGAG
18338	e16_c1_ACTATTCTCACCTCTG
18339	e16_c1_ACTATTCTCATGGCCG
18340	e16_c1_ACTATTCTCGCTTGAA
18341	e16_c1_ACTATTCTCTCGACCT
18342	e16_c1_ACTCCCAGTTATGTGC
18343	e16_c1_ACTCCCATCCACTTTA
18344	e16_c1_ACTCTCGCACTGTGTA
18345	e16_c1_ACTCTCGGTTAAGACA
18346	e16_c1_ACTCTCGTCGTAACCA
18347	e16_c1_ACTGATGAGCACACAG
18348	e16_c1_ACTGATGGTTCTGACA
18349	e16_c1_ACTGATGTCATGCCCT
18350	e16_c1_ACTGATGTCTAAGCCA
18351	e16_c1_ACTGCAACATCGGAGA
18352	e16_c1_ACTGCAAGTTACCCAA
18353	e16_c1_ACTGCAATCGTAATGC
18354	e16_c1_ACTGCAATCTAAGCGT
18355	e16_c1_ACTGTCCAGCCAAGTG
18356	e16_c1_ACTGTCCCAGAACTTC
18357	e16_c1_ACTGTCCCAGCTTTGA
18358	e16_c1_ACTGTGAAGGTAGTAT
18359	e16_c1_ACTGTGAAGTAGTCTC
18360	e16_c1_ACTGTGAAGTCAGCGA
18361	e16_c1_ACTGTGACATACACCA
18362	e16_c1_ACTGTGAGTAAGTAGT
18363	e16_c1_ACTTAGGAGATTGTGA
18364	e16_c1_ACTTAGGAGGCAGTCA
18365	e16_c1_ACTTAGGCAGCGGTTC
18366	e16_c1_ACTTAGGTCACGATAC
18367	e16_c1_ACTTATCAGCCGTAAG
18368	e16_c1_ACTTATCCACCACATA
18369	e16_c1_ACTTATCCATGTGCCG
18370	e16_c1_ACTTCCGAGGATTTGA
18371	e16_c1_ACTTCCGCACTCTCGT
18372	e16_c1_ACTTCCGGTACGATGG
18373	e16_c1_ACTTCCGGTTAGGGTG
18374	e16_c1_ACTTCCGGTTTCGGCG
18375	e16_c1_ACTTCGCAGAGAGCGG
18376	e16_c1_ACTTCGCAGCAGCCCT
18377	e16_c1_ACTTCGCAGGCATCGA
18378	e16_c1_ACTTCGCGTTGCGGAA
18379	e16_c1_ACTTCGCTCACCTTAT
18380	e16_c1_ACTTCGCTCGGCTATA
18381	e16_c1_ACTTCGCTCTAGGCAT
18382	e16_c1_ACTTCGCTCTCGGTCT
18383	e16_c1_ACTTTCAAGAGATTCA
18384	e16_c1_ACTTTCACAAAGCAAT
18385	e16_c1_ACTTTCACAGTAGATA
18386	e16_c1_ACTTTCATCTTACTGT
18387	e16_c1_ACTTTGTAGGCACCAA
18388	e16_c1_ACTTTGTGTTCAATCG
18389	e16_c1_ACTTTGTTCGCAATGT
18390	e16_c1_AGAAATGAGGCATCGA
18391	e16_c1_AGAAATGAGTAGACAT
18392	e16_c1_AGAAATGGTCTGTGGC
18393	e16_c1_AGAAATGTCACATCAG
18394	e16_c1_AGAACAAGTATCGTGT
18395	e16_c1_AGAACAATCCACTGGG
18396	e16_c1_AGAACAATCTTCGGAA
18397	e16_c1_AGAACCTAGGATCATA
18398	e16_c1_AGAACCTCATCGGATT
18399	e16_c1_AGAAGCGAGGCTTAAA
18400	e16_c1_AGAAGCGCATTGGGAG
18401	e16_c1_AGAAGCGGTAGGAAAG
18402	e16_c1_AGAAGCGGTCCGAAAG
18403	e16_c1_AGAAGCGGTTATAGAG
18404	e16_c1_AGAAGTAAGAGCATTA
18405	e16_c1_AGAAGTACACCAATTG
18406	e16_c1_AGAAGTACACGTTCGG
18407	e16_c1_AGAAGTAGTAGAAACT
18408	e16_c1_AGAAGTAGTAGGATAT
18409	e16_c1_AGACACTAGCACACCC
18410	e16_c1_AGACACTAGGTAAAGG
18411	e16_c1_AGACACTAGGTGGGTT
18412	e16_c1_AGACACTCAATACCCA
18413	e16_c1_AGACACTGTACAGCGA
18414	e16_c1_AGACACTGTCTAACGT
18415	e16_c1_AGACAGGCACGGTAGA
18416	e16_c1_AGACAGGCATGCCGCA
18417	e16_c1_AGACAGGCATTGACAC
18418	e16_c1_AGACAGGGTATCTTCT
18419	e16_c1_AGACAGGGTGCGTCGT
18420	e16_c1_AGACAGGTCAATCCAG
18421	e16_c1_AGACAGGTCTGACAGT
18422	e16_c1_AGACCATCATGAGGGT
18423	e16_c1_AGACCATGTGCGACAA
18424	e16_c1_AGACCATTCTCCTGCA
18425	e16_c1_AGACCATTCTCTGACC
18426	e16_c1_AGACCCGAGAGATTCA
18427	e16_c1_AGACCCGAGCTCATAC
18428	e16_c1_AGACCCGCAAGATTGA
18429	e16_c1_AGACCCGGTACAACGG
18430	e16_c1_AGACCCGGTCTCGCGA
18431	e16_c1_AGACTCAGTCCACATA
18432	e16_c1_AGACTCAGTGTTTCTT
18433	e16_c1_AGAGAATAGCCTAGGA
18434	e16_c1_AGAGAATCATTGCAAC
18435	e16_c1_AGAGAGCAGCAACTTC
18436	e16_c1_AGAGAGCCAAGAAACT
18437	e16_c1_AGAGAGCCAAGAGTTA
18438	e16_c1_AGAGAGCCACAGCTGC
18439	e16_c1_AGAGAGCTCAGGCGAA
18440	e16_c1_AGAGAGCTCCTAAGTG
18441	e16_c1_AGAGAGCTCCTATTTG
18442	e16_c1_AGAGAGCTCGCTGTCT
18443	e16_c1_AGAGCAGCAAATCAAG
18444	e16_c1_AGAGCAGCAGTCACGC
18445	e16_c1_AGAGCAGGTCAGCGTC
18446	e16_c1_AGAGCCCAGAGCATAT
18447	e16_c1_AGAGCCCAGCCGTTGC
18448	e16_c1_AGAGCCCAGCTCGGCT
18449	e16_c1_AGAGCCCGTAATGTGA
18450	e16_c1_AGAGCCCTCCGTTGGG
18451	e16_c1_AGATAGATCACTCGAA
18452	e16_c1_AGATAGATCCAGCAAT
18453	e16_c1_AGATCCAGTTAGGGAC
18454	e16_c1_AGATCGTAGGTGTGAC
18455	e16_c1_AGATCGTCATCATGAC
18456	e16_c1_AGATCGTGTCGGATTT
18457	e16_c1_AGATGAACAACCGCTG
18458	e16_c1_AGATGAACAACTGCCG
18459	e16_c1_AGATGAAGTAGTCACT
18460	e16_c1_AGATGAAGTATGAGAT
18461	e16_c1_AGATGAAGTTAAGCAA
18462	e16_c1_AGATGCTAGAACAGGA
18463	e16_c1_AGATGCTAGATGGTCG
18464	e16_c1_AGATGCTAGGTGCTGA
18465	e16_c1_AGATGCTCAAGAATGT
18466	e16_c1_AGATGCTGTTACCTGA
18467	e16_c1_AGATGCTTCTAGGCCG
18468	e16_c1_AGCATCAAGACGAAGA
18469	e16_c1_AGCATCACAAAGACTA
18470	e16_c1_AGCATCAGTACCTAGT
18471	e16_c1_AGCATCATCAAGGAGC
18472	e16_c1_AGCCAATGTTACACAC
18473	e16_c1_AGCCAATTCTTCGCTG
18474	e16_c1_AGCCACGAGCAAGCCA
18475	e16_c1_AGCCACGGTATCGCAT
18476	e16_c1_AGCCACGGTCACGACC
18477	e16_c1_AGCCACGGTTGATGTC
18478	e16_c1_AGCGATTAGACCATGG
18479	e16_c1_AGCGATTGTATGAGCG
18480	e16_c1_AGCGATTTCCTGCTAC
18481	e16_c1_AGCGCCAAGCCTCACG
18482	e16_c1_AGCGCCAAGTGCCTCG
18483	e16_c1_AGCGCCACAGGTAGTG
18484	e16_c1_AGCGCCAGTCCCAAAT
18485	e16_c1_AGCGCCATCATAGCAC
18486	e16_c1_AGCGCCATCCGAGAAG
18487	e16_c1_AGCGCCATCGCTAAAC
18488	e16_c1_AGCGCTGAGAAAGCGA
18489	e16_c1_AGCGCTGAGAAGGCTC
18490	e16_c1_AGCGCTGCAGAACCGA
18491	e16_c1_AGCGCTGGTGGTATGG
18492	e16_c1_AGCGTATAGATTCGAA
18493	e16_c1_AGCGTATTCGTAACCA
18494	e16_c1_AGCGTCGAGCCTGAGA
18495	e16_c1_AGCGTCGCAACGCCCA
18496	e16_c1_AGCGTCGGTTGCTGAT
18497	e16_c1_AGCTACAAGAGCCGTA
18498	e16_c1_AGCTACACACGCAAAG
18499	e16_c1_AGCTACATCGATTCCC
18500	e16_c1_AGCTCAACAAGGAGTC
18501	e16_c1_AGCTCAATCACGGACC
18502	e16_c1_AGCTCAATCCGGTAAT
18503	e16_c1_AGCTTCCGTAACAGTA
18504	e16_c1_AGCTTCCGTTGATCGT
18505	e16_c1_AGCTTCCTCATCACCC
18506	e16_c1_AGGAAATCAACAGTGG
18507	e16_c1_AGGAAATGTTTGTGGT
18508	e16_c1_AGGAAATTCACAATGC
18509	e16_c1_AGGAAATTCTCTATGT
18510	e16_c1_AGGAATAAGTCCCAAT
18511	e16_c1_AGGAATAGTGTGCCTG
18512	e16_c1_AGGACGAAGTATCCTG
18513	e16_c1_AGGACGAAGTTGGGAC
18514	e16_c1_AGGACGACAAAGGAGA
18515	e16_c1_AGGACGATCCACTGGG
18516	e16_c1_AGGACTTCATGGCTAT
18517	e16_c1_AGGACTTTCCTTCTGG
18518	e16_c1_AGGACTTTCTGGCCAG
18519	e16_c1_AGGAGGTCAATTGCAC
18520	e16_c1_AGGAGGTCAGAGGTAC
18521	e16_c1_AGGAGGTCAGCGACCT
18522	e16_c1_AGGAGGTCATCGGCCA
18523	e16_c1_AGGATAAAGACTTCGT
18524	e16_c1_AGGATAAAGCCTAACT
18525	e16_c1_AGGATAACACGCTATA
18526	e16_c1_AGGATAAGTCATAGTC
18527	e16_c1_AGGATAAGTCATGGCC
18528	e16_c1_AGGATAATCGATTGAC
18529	e16_c1_AGGATCTCAATCGCAT
18530	e16_c1_AGGATCTGTCCGATCG
18531	e16_c1_AGGATCTGTTGCTTGA
18532	e16_c1_AGGCATTAGTAGGGTC
18533	e16_c1_AGGCATTCAGGCTACC
18534	e16_c1_AGGCATTGTAGCACGA
18535	e16_c1_AGGCATTGTGGTCCCA
18536	e16_c1_AGGCATTTCGAGCACC
18537	e16_c1_AGGCATTTCGTGCAGC
18538	e16_c1_AGGCCACCATGGCTGC
18539	e16_c1_AGGCCACGTGCCCGTA
18540	e16_c1_AGGCCACTCGCCTTTG
18541	e16_c1_AGGCCACTCGTACACA
18542	e16_c1_AGGCTGCAGAAATGGG
18543	e16_c1_AGGCTGCAGAATAACC
18544	e16_c1_AGGCTGCCATTGAAGA
18545	e16_c1_AGGCTGCGTCACTCGG
18546	e16_c1_AGGCTGCGTCCGGTGT
18547	e16_c1_AGGCTGCGTGGTAATA
18548	e16_c1_AGGCTGCTCTAGCCTC
18549	e16_c1_AGGGAGTAGCTTACGT
18550	e16_c1_AGGGAGTAGTAACGTA
18551	e16_c1_AGGGAGTCATCCAACA
18552	e16_c1_AGGGAGTCATCGAGCC
18553	e16_c1_AGGGAGTTCAGTGTCA
18554	e16_c1_AGGGAGTTCGATTTCT
18555	e16_c1_AGGGCCTCACCAGCGT
18556	e16_c1_AGGGCCTTCCTCACTG
18557	e16_c1_AGGGCTCTCCTCTTTC
18558	e16_c1_AGGGCTCTCGCATAGT
18559	e16_c1_AGGGTCCAGCCACCGT
18560	e16_c1_AGGGTCCCATTGCCTC
18561	e16_c1_AGGGTCCTCCATCTGC
18562	e16_c1_AGGGTCCTCGGAATGG
18563	e16_c1_AGGGTGAGTCGTATTG
18564	e16_c1_AGGGTGATCATCGCTC
18565	e16_c1_AGGGTTTAGCACCCAC
18566	e16_c1_AGGGTTTAGCTGCCAC
18567	e16_c1_AGGGTTTAGGACAAGA
18568	e16_c1_AGGGTTTCATGATAGA
18569	e16_c1_AGGTAGGAGCGTTCCG
18570	e16_c1_AGGTAGGCAGGTATGG
18571	e16_c1_AGGTAGGGTTCCTACC
18572	e16_c1_AGGTCATAGCGTGTTT
18573	e16_c1_AGGTCATTCAGACTGT
18574	e16_c1_AGGTCATTCCTTCTGG
18575	e16_c1_AGGTCATTCTACCTTA
18576	e16_c1_AGGTCATTCTAGCCTC
18577	e16_c1_AGGTCTAAGATCCTAC
18578	e16_c1_AGGTCTAAGCGTGCCT
18579	e16_c1_AGGTCTACAAGAGTTA
18580	e16_c1_AGGTCTACACAGTACT
18581	e16_c1_AGGTCTACACATTACG
18582	e16_c1_AGGTCTAGTCCCACGA
18583	e16_c1_AGGTCTATCCGTGCGA
18584	e16_c1_AGGTGTTAGAGCAGCT
18585	e16_c1_AGGTGTTAGGTCGCCT
18586	e16_c1_AGGTGTTCACGTTCGG
18587	e16_c1_AGGTGTTCAGTGTGCC
18588	e16_c1_AGGTGTTTCTGTGCAA
18589	e16_c1_AGGTTACAGAACGTGC
18590	e16_c1_AGGTTACAGCCTGCCA
18591	e16_c1_AGGTTACCAATCTAGC
18592	e16_c1_AGGTTACCAGCTATTG
18593	e16_c1_AGGTTACCATGAGAAT
18594	e16_c1_AGGTTACGTTGCCGAC
18595	e16_c1_AGGTTACTCCTCTGCA
18596	e16_c1_AGGTTGTTCATTGGTG
18597	e16_c1_AGTAACCAGACTTCGT
18598	e16_c1_AGTAACCAGCACCTGC
18599	e16_c1_AGTAACCAGGGCGAGA
18600	e16_c1_AGTAACCCAGGCACTC
18601	e16_c1_AGTACCAAGAGTTGCG
18602	e16_c1_AGTACCAAGGGTTTCT
18603	e16_c1_AGTACCAGTACGATTC
18604	e16_c1_AGTACCAGTATGCAAA
18605	e16_c1_AGTACCATCACATACG
18606	e16_c1_AGTACCATCCGATAAC
18607	e16_c1_AGTACTGGTTATTCCT
18608	e16_c1_AGTACTGTCATCCTAT
18609	e16_c1_AGTAGCTAGCTCATAC
18610	e16_c1_AGTAGCTAGGATTTAG
18611	e16_c1_AGTAGCTAGGGATCTG
18612	e16_c1_AGTAGCTAGTTAACAG
18613	e16_c1_AGTAGCTCAGGAGGAG
18614	e16_c1_AGTAGCTGTGTTCGAT
18615	e16_c1_AGTAGCTTCTGAGCAT
18616	e16_c1_AGTAGTCAGAATGTTG
18617	e16_c1_AGTAGTCAGGTAGTCG
18618	e16_c1_AGTAGTCAGTGCACCC
18619	e16_c1_AGTAGTCCATCGAAGG
18620	e16_c1_AGTAGTCTCCATTTCA
18621	e16_c1_AGTAGTCTCTGCTTAT
18622	e16_c1_AGTCAACAGCTTCATG
18623	e16_c1_AGTCAACAGTATAGAC
18624	e16_c1_AGTCAACCATTCCTAT
18625	e16_c1_AGTCAACGTTTGGAAA
18626	e16_c1_AGTCAACTCGGTGTTA
18627	e16_c1_AGTCACAGTTTCTTAC
18628	e16_c1_AGTCACATCCTTGACC
18629	e16_c1_AGTCATGAGTTAGTGA
18630	e16_c1_AGTCATGGTCAATGGG
18631	e16_c1_AGTCTCCAGTGTTGTC
18632	e16_c1_AGTCTCCCATCCTAAG
18633	e16_c1_AGTCTCCGTGGAACCA
18634	e16_c1_AGTCTCCTCGACATTG
18635	e16_c1_AGTGACTCATCTGTTT
18636	e16_c1_AGTGTTGAGCTCGGCT
18637	e16_c1_AGTGTTGAGGGTCAAC
18638	e16_c1_AGTGTTGTCTGTCGTC
18639	e16_c1_AGTTAGCAGAACGCGT
18640	e16_c1_AGTTAGCAGCAGCCTC
18641	e16_c1_AGTTAGCAGCCGTTAT
18642	e16_c1_AGTTAGCCACCCAACG
18643	e16_c1_AGTTAGCGTGCAGTGA
18644	e16_c1_AGTTAGCTCATCCTGC
18645	e16_c1_AGTTAGCTCCGCAAAT
18646	e16_c1_AGTTCCCAGTTGGCGA
18647	e16_c1_AGTTCCCCATTGCCGG
18648	e16_c1_AGTTCCCGTACTAAGA
18649	e16_c1_AGTTCCCGTCAGGCAA
18650	e16_c1_AGTTCGAAGATCCCAT
18651	e16_c1_AGTTCGATCACCTTAT
18652	e16_c1_AGTTCGATCTTAAGGC
18653	e16_c1_ATACCGAAGCTTTGTG
18654	e16_c1_ATACCGACAAGAGGCT
18655	e16_c1_ATACCGATCATTCGGA
18656	e16_c1_ATACCTTAGCCATATC
18657	e16_c1_ATACCTTCAATTGCGT
18658	e16_c1_ATACCTTGTGATGGCA
18659	e16_c1_ATACCTTGTTAAGGAT
18660	e16_c1_ATACTTCCAGACGGAT
18661	e16_c1_ATACTTCCAGCCTATA
18662	e16_c1_ATACTTCGTGTTTCTT
18663	e16_c1_ATACTTCTCATGGTAC
18664	e16_c1_ATAGACCAGACATAAC
18665	e16_c1_ATAGACCAGCACTCCG
18666	e16_c1_ATAGACCCAGCGTTGC
18667	e16_c1_ATAGACCCAGTTACCA
18668	e16_c1_ATAGACCGTAGACAAT
18669	e16_c1_ATAGACCTCTTTCGAT
18670	e16_c1_ATAGAGATCATCGCTC
18671	e16_c1_ATAGAGATCCACAAGT
18672	e16_c1_ATAGAGATCGCATTAG
18673	e16_c1_ATAGGCTTCAAAGACA
18674	e16_c1_ATAGGCTTCGATTGGT
18675	e16_c1_ATAGGCTTCGTCGACG
18676	e16_c1_ATAGGCTTCTTAGCCC
18677	e16_c1_ATATCCTTCATGCAGT
18678	e16_c1_ATATCCTTCCGGACGT
18679	e16_c1_ATATCCTTCTTTCAGT
18680	e16_c1_ATCACAGCAACAAGAT
18681	e16_c1_ATCACAGGTGAAAGTT
18682	e16_c1_ATCACAGTCTTCTGTA
18683	e16_c1_ATCACGAAGCTGTCCG
18684	e16_c1_ATCACGAAGGTCGCCT
18685	e16_c1_ATCACGAAGGTCTTTG
18686	e16_c1_ATCACGATCAGGAAGC
18687	e16_c1_ATCACTTAGACATAGT
18688	e16_c1_ATCAGGTAGCCTCTTC
18689	e16_c1_ATCAGGTAGTAGTCTC
18690	e16_c1_ATCATTCAGTACTCGT
18691	e16_c1_ATCATTCCAAGAGGTC
18692	e16_c1_ATCATTCCATAGGTAA
18693	e16_c1_ATCATTCGTTGGATCT
18694	e16_c1_ATCATTCTCAAAGCCT
18695	e16_c1_ATCCACCAGGCCCGTT
18696	e16_c1_ATCCACCTCGAGAGAC
18697	e16_c1_ATCCATTCAGCAGGAT
18698	e16_c1_ATCCATTGTAACGCGA
18699	e16_c1_ATCCATTTCATACAGC
18700	e16_c1_ATCCATTTCCTACGGG
18701	e16_c1_ATCCCTGCAAGGCAAC
18702	e16_c1_ATCCCTGCAAGTTGGG
18703	e16_c1_ATCCCTGCAGACCCGT
18704	e16_c1_ATCCCTGCATGACAGG
18705	e16_c1_ATCCCTGGTTACGATC
18706	e16_c1_ATCCCTGGTTTACGTG
18707	e16_c1_ATCCCTGTCGCGTGCA
18708	e16_c1_ATCCGTCGTACTCCGG
18709	e16_c1_ATCCTATAGGACTAAT
18710	e16_c1_ATCCTATGTAACGGTG
18711	e16_c1_ATCCTATTCACCTCAC
18712	e16_c1_ATCGATGAGCAAGTCG
18713	e16_c1_ATCGATGCAGGGTCTC
18714	e16_c1_ATCGCCTCAAGCGATG
18715	e16_c1_ATCGCCTCACTTCAGA
18716	e16_c1_ATCGCCTGTGCAACGA
18717	e16_c1_ATCGCCTTCATTCACT
18718	e16_c1_ATCGCCTTCTCATGGA
18719	e16_c1_ATCGGATAGCTGCCAC
18720	e16_c1_ATCGGATCACTAGGCC
18721	e16_c1_ATCGGATTCGATACTG
18722	e16_c1_ATCGGCGAGCTTGTTG
18723	e16_c1_ATCGGCGCAGACCATT
18724	e16_c1_ATCGGCGCATGTGTCA
18725	e16_c1_ATCGGCGGTTAGGAGC
18726	e16_c1_ATCGTAGAGACTTAAG
18727	e16_c1_ATCGTAGCAAACTCGT
18728	e16_c1_ATCGTAGCAGGATCTT
18729	e16_c1_ATCGTAGGTAGTATAG
18730	e16_c1_ATCGTAGGTATGTCAC
18731	e16_c1_ATCGTAGGTCTGTTAG
18732	e16_c1_ATCGTAGTCCCTCTTT
18733	e16_c1_ATCGTGAAGTCTACCA
18734	e16_c1_ATCGTGAAGTTGGCGA
18735	e16_c1_ATCGTGAGTCCCAAAT
18736	e16_c1_ATCTCTAAGCAAGGAA
18737	e16_c1_ATCTCTAAGGTTACCT
18738	e16_c1_ATCTTCAAGTAGTCAA
18739	e16_c1_ATCTTCACACACACTA
18740	e16_c1_ATCTTCACACAGTGAG
18741	e16_c1_ATCTTCACATGGGAAC
18742	e16_c1_ATGAAAGCAACTGGTT
18743	e16_c1_ATGAAAGCAATGCAAA
18744	e16_c1_ATGACCATCACCGGGT
18745	e16_c1_ATGACCATCACTCTTA
18746	e16_c1_ATGACCATCCTTATCA
18747	e16_c1_ATGACCATCTGAACGT
18748	e16_c1_ATGACCATCTGGGCGT
18749	e16_c1_ATGAGGGGTAAGGAGA
18750	e16_c1_ATGAGGGGTGAATGAT
18751	e16_c1_ATGAGGGTCATATGGC
18752	e16_c1_ATGAGTCCACCTGCAG
18753	e16_c1_ATGAGTCGTCACAATC
18754	e16_c1_ATGATCGAGCACACAG
18755	e16_c1_ATGCATGAGACCAAAT
18756	e16_c1_ATGCATGAGCTAGAAT
18757	e16_c1_ATGCATGAGTGGTTGG
18758	e16_c1_ATGCATGCAGTTGCGC
18759	e16_c1_ATGCCTCAGGAGTCTG
18760	e16_c1_ATGCCTCCAGGTCCGT
18761	e16_c1_ATGCCTCGTGGTCTTA
18762	e16_c1_ATGCCTCTCAACTGGT
18763	e16_c1_ATGCCTCTCACCTCTG
18764	e16_c1_ATGCCTCTCTAAGCGT
18765	e16_c1_ATGCGATCAAATAGCA
18766	e16_c1_ATGCGATCACCCTAAA
18767	e16_c1_ATGCGATCATGGTGGA
18768	e16_c1_ATGCGATGTCCCTAAA
18769	e16_c1_ATGGAGGAGCTCTATG
18770	e16_c1_ATGGAGGCATCTGCGG
18771	e16_c1_ATGGAGGCATGGTGGA
18772	e16_c1_ATGGAGGGTGATAGTA
18773	e16_c1_ATGGAGGGTTTACACG
18774	e16_c1_ATGGAGGGTTTCAGAC
18775	e16_c1_ATGGAGGTCACCCATC
18776	e16_c1_ATGGAGGTCACCCTTG
18777	e16_c1_ATGGAGGTCGATGGAG
18778	e16_c1_ATGGATCAGTGAGTTA
18779	e16_c1_ATGGATCGTACCTATG
18780	e16_c1_ATGGATCTCATGAAAG
18781	e16_c1_ATGGATCTCCGTATAG
18782	e16_c1_ATGGGAGAGAGGACTC
18783	e16_c1_ATGGGAGAGTAGACAT
18784	e16_c1_ATGGGAGAGTTGCTGT
18785	e16_c1_ATGGGAGCAGGCTATT
18786	e16_c1_ATGGGAGCAGGTCTCG
18787	e16_c1_ATGGGAGGTACATTGC
18788	e16_c1_ATGGGAGTCACATACG
18789	e16_c1_ATGGGAGTCAGAGTTC
18790	e16_c1_ATGGGAGTCGCACGAC
18791	e16_c1_ATGGGAGTCGTAACCA
18792	e16_c1_ATGGGAGTCTGGGTCG
18793	e16_c1_ATGGGTTAGTCGCTAT
18794	e16_c1_ATGGGTTTCCAAGAGG
18795	e16_c1_ATGGTTGAGATTGACA
18796	e16_c1_ATGGTTGCAATTCGTG
18797	e16_c1_ATGGTTGGTGTGTGTT
18798	e16_c1_ATGGTTGTCAAGTAAG
18799	e16_c1_ATGTCCCGTTGCATGT
18800	e16_c1_ATGTCTTGTCATCACA
18801	e16_c1_ATGTCTTGTGGACAGT
18802	e16_c1_ATGTCTTGTTCTCGTC
18803	e16_c1_ATGTCTTGTTGACTGT
18804	e16_c1_ATTACCTCATGACGGA
18805	e16_c1_ATTACCTGTATGGGAC
18806	e16_c1_ATTACCTTCAACTTTC
18807	e16_c1_ATTACTCAGCAGCCCT
18808	e16_c1_ATTACTCGTACCATAC
18809	e16_c1_ATTACTCTCTGGCTGG
18810	e16_c1_ATTATCCCAGCTACAT
18811	e16_c1_ATTCACTAGAGCCCAA
18812	e16_c1_ATTCACTAGCACTAGG
18813	e16_c1_ATTCACTCACCAAATC
18814	e16_c1_ATTCACTCAGCCGTTG
18815	e16_c1_ATTCACTCATGGCGCT
18816	e16_c1_ATTCACTTCTCGCGTT
18817	e16_c1_ATTCAGGAGTTTCGGT
18818	e16_c1_ATTCAGGGTGAGCAGT
18819	e16_c1_ATTCAGGTCTGGGCAC
18820	e16_c1_ATTCATCAGCCGTTGC
18821	e16_c1_ATTCATCTCCCTAGGG
18822	e16_c1_ATTCATCTCTGTGTGA
18823	e16_c1_ATTCCATCACTATGTG
18824	e16_c1_ATTCCATGTCCTGTCT
18825	e16_c1_ATTCCATGTGTAAACA
18826	e16_c1_ATTCCATTCACCATAG
18827	e16_c1_ATTCCATTCCACGTCT
18828	e16_c1_ATTCCATTCGAGAGAC
18829	e16_c1_ATTCCCGCAGAGACTG
18830	e16_c1_ATTCCCGGTGTTGAGG
18831	e16_c1_ATTCCTACAAATGCTC
18832	e16_c1_ATTCCTACATTCAGCA
18833	e16_c1_ATTCCTAGTATGGAGC
18834	e16_c1_ATTCCTAGTGGCTGCT
18835	e16_c1_ATTCGTTGTTACCCTC
18836	e16_c1_ATTCTACAGGCTATCT
18837	e16_c1_ATTCTACCACATTCTT
18838	e16_c1_ATTCTACCACCCTGAG
18839	e16_c1_ATTCTACGTGCCGGTT
18840	e16_c1_ATTCTACTCGAGCCTG
18841	e16_c1_ATTCTACTCTTCACAT
18842	e16_c1_ATTCTACTCTTTACAC
18843	e16_c1_ATTCTTGAGATAGTGT
18844	e16_c1_ATTCTTGAGGGCATGT
18845	e16_c1_ATTCTTGCAGAAACCG
18846	e16_c1_ATTCTTGCAGAATTCC
18847	e16_c1_ATTCTTGGTTATGACC
18848	e16_c1_ATTCTTGGTTCTTGCC
18849	e16_c1_ATTCTTGTCGCACGAC
18850	e16_c1_ATTGGGTGTATACCCA
18851	e16_c1_ATTGTTCGTGGGACAT
18852	e16_c1_ATTTACCGTGTCATGT
18853	e16_c1_ATTTACCTCGAAACAA
18854	e16_c1_ATTTCTGAGGTGCATG
18855	e16_c1_ATTTCTGCAACCCTAA
18856	e16_c1_CAAAGAAAGGCCCACT
18857	e16_c1_CAAAGAAAGGCTTCCG
18858	e16_c1_CAACAACAGGTTCCGC
18859	e16_c1_CAACAACCACCAGCTG
18860	e16_c1_CAACAACGTCGTCATA
18861	e16_c1_CAACAACTCATGGCCG
18862	e16_c1_CAACAGTTCAAGAGTA
18863	e16_c1_CAACAGTTCAATCTCT
18864	e16_c1_CAACCAAAGCGAACTG
18865	e16_c1_CAACCAAAGGGCTTCC
18866	e16_c1_CAACCAAAGTGACACG
18867	e16_c1_CAACCAAGTAACACGG
18868	e16_c1_CAACCAATCGTGGAAG
18869	e16_c1_CAACCTCAGACTAAGT
18870	e16_c1_CAACCTCCAAGACTGG
18871	e16_c1_CAACCTCCACGCAGTC
18872	e16_c1_CAACCTCCAGGCTATT
18873	e16_c1_CAACCTCCAGGTTCAT
18874	e16_c1_CAACCTCGTATACCCA
18875	e16_c1_CAACCTCTCAAGCCTA
18876	e16_c1_CAACCTCTCCACCCTA
18877	e16_c1_CAACCTCTCCACGTGG
18878	e16_c1_CAACGATAGATTAGCA
18879	e16_c1_CAACGATCAACTCCCT
18880	e16_c1_CAACGATCATGGGCAA
18881	e16_c1_CAACGATGTTAGAAGT
18882	e16_c1_CAACGATTCCTTGAAG
18883	e16_c1_CAACGGCGTCAGACGA
18884	e16_c1_CAACGGCGTGCGGTAA
18885	e16_c1_CAAGACTAGTCCGCGT
18886	e16_c1_CAAGACTCAAGTCATC
18887	e16_c1_CAAGACTGTACCCGCA
18888	e16_c1_CAAGACTTCCGTCACT
18889	e16_c1_CAAGACTTCGACGTCG
18890	e16_c1_CAAGACTTCTGAGAGG
18891	e16_c1_CAAGAGGAGCGGCTCT
18892	e16_c1_CAAGAGGGTGTTACTG
18893	e16_c1_CAAGAGGGTGTTCGTA
18894	e16_c1_CAAGAGGTCGAAGCAG
18895	e16_c1_CAAGAGGTCGATACAC
18896	e16_c1_CAAGAGGTCGTAGGAG
18897	e16_c1_CAAGCTAAGCTCGACC
18898	e16_c1_CAAGCTATCGCAACAT
18899	e16_c1_CAAGCTATCTGTCGTC
18900	e16_c1_CAAGGGAAGCCATATC
18901	e16_c1_CAAGGGAAGGTAACTA
18902	e16_c1_CAAGGGAAGTATGTAG
18903	e16_c1_CAAGGGACAATGACCT
18904	e16_c1_CAAGGGAGTCGTTGGC
18905	e16_c1_CAAGGGAGTTTGGCTA
18906	e16_c1_CAAGGGATCGCTCATC
18907	e16_c1_CAATACGAGATACTGA
18908	e16_c1_CAATACGAGTAAATGC
18909	e16_c1_CAATACGAGTAGGATT
18910	e16_c1_CAATACGGTACTCAAC
18911	e16_c1_CAATACGGTCAAAGCG
18912	e16_c1_CAATACGTCACCATAG
18913	e16_c1_CAATCGACATGACTCA
18914	e16_c1_CAATCGATCTAAGGAA
18915	e16_c1_CAATGACAGCCGATAG
18916	e16_c1_CAATGACCAACCGACC
18917	e16_c1_CAATGACCATTCACAG
18918	e16_c1_CAATTTCAGTGGTTCT
18919	e16_c1_CAATTTCTCTGTAACG
18920	e16_c1_CACACAAAGAATCCCT
18921	e16_c1_CACACAAAGTTACTCG
18922	e16_c1_CACACAAGTGAGCAGT
18923	e16_c1_CACACAAGTGCAAGAC
18924	e16_c1_CACACAATCCGTGGGT
18925	e16_c1_CACAGATAGAGCAGAA
18926	e16_c1_CACAGATAGCCTGAGA
18927	e16_c1_CACAGATAGGCGTCCT
18928	e16_c1_CACAGATAGGTCACAG
18929	e16_c1_CACAGATCAGCACAGA
18930	e16_c1_CACAGATGTTCTCCCA
18931	e16_c1_CACAGATTCCACCTGT
18932	e16_c1_CACAGGCAGTCTGGTT
18933	e16_c1_CACATGACAATACAGA
18934	e16_c1_CACATGAGTGCCGAAA
18935	e16_c1_CACATGATCGCCGAGT
18936	e16_c1_CACATGATCTGAGGTT
18937	e16_c1_CACCAAACAAGTGGTG
18938	e16_c1_CACCAAACACTGTCCT
18939	e16_c1_CACCGTTAGGACGGAG
18940	e16_c1_CACCGTTGTGCAGTGA
18941	e16_c1_CACGAATCACCCAACG
18942	e16_c1_CACGAATCAGCAGAAC
18943	e16_c1_CACGAATTCGCCATAA
18944	e16_c1_CACGAATTCGTTGTTT
18945	e16_c1_CACGGGTAGATCGGTG
18946	e16_c1_CACGGGTCAAGACTGG
18947	e16_c1_CACGGGTGTAGCACAG
18948	e16_c1_CACGTGGAGCCGAACA
18949	e16_c1_CACGTGGAGTATTAGG
18950	e16_c1_CACGTGGCATGGAAGC
18951	e16_c1_CACGTGGTCTCAACGA
18952	e16_c1_CACGTGGTCTCCTGAC
18953	e16_c1_CACGTTCCACGGTCTG
18954	e16_c1_CACGTTCTCTTCTGGC
18955	e16_c1_CACTAAGAGCGTTCAT
18956	e16_c1_CACTAAGCACGACGAA
18957	e16_c1_CACTAAGCACTCGATA
18958	e16_c1_CACTAAGCATGCAGCC
18959	e16_c1_CACTAAGTCGTACACA
18960	e16_c1_CACTGAAAGCCTATTG
18961	e16_c1_CACTGAAAGGGCTGAT
18962	e16_c1_CACTGAACAGAGAGGG
18963	e16_c1_CACTGAAGTTTCCATT
18964	e16_c1_CACTGAATCCATACTT
18965	e16_c1_CACTGGGAGTATGTAG
18966	e16_c1_CACTGGGCAGAGTCAG
18967	e16_c1_CACTGGGGTAGCGCCT
18968	e16_c1_CACTGTCTCCGGGACT
18969	e16_c1_CACTTCGCAATTGCTG
18970	e16_c1_CACTTCGGTACACGTT
18971	e16_c1_CAGAGCCAGTAATTGG
18972	e16_c1_CAGAGCCCAAAGGAGA
18973	e16_c1_CAGAGCCCATCTATCT
18974	e16_c1_CAGAGCCTCACAGAGG
18975	e16_c1_CAGAGCCTCGGTAGAG
18976	e16_c1_CAGATACAGTTGAAAC
18977	e16_c1_CAGATACCATATCTGG
18978	e16_c1_CAGATCACACAATTCG
18979	e16_c1_CAGATCACAGCACAAG
18980	e16_c1_CAGATCAGTATGGTAA
18981	e16_c1_CAGATCAGTCCCAAAT
18982	e16_c1_CAGATCAGTTGCGGCT
18983	e16_c1_CAGATTGAGAAGCGCT
18984	e16_c1_CAGATTGAGACATAAC
18985	e16_c1_CAGATTGCACACGGTC
18986	e16_c1_CAGATTGCACATTCGA
18987	e16_c1_CAGATTGCACTTGAGT
18988	e16_c1_CAGATTGTCATGGGAG
18989	e16_c1_CAGATTGTCTCTCAAT
18990	e16_c1_CAGCAATCACAACCGC
18991	e16_c1_CAGCAATTCGCCTTGT
18992	e16_c1_CAGCACGGTTTGAACC
18993	e16_c1_CAGCAGCCAAGGGCAT
18994	e16_c1_CAGCAGCCATTCAGGT
18995	e16_c1_CAGCAGCGTTAAAGTG
18996	e16_c1_CAGCAGCTCACAGTGT
18997	e16_c1_CAGCAGCTCATTCGTT
18998	e16_c1_CAGCAGCTCTTCGGAA
18999	e16_c1_CAGCCAGAGACCTCCG
19000	e16_c1_CAGCCAGGTGGGATTG
19001	e16_c1_CAGCCAGTCCCTATTA
19002	e16_c1_CAGCGTGAGTGCCTCG
19003	e16_c1_CAGCGTGCAGAGCGTA
19004	e16_c1_CAGCGTGGTCTTGCTC
19005	e16_c1_CAGGCCAGTCGGATTT
19006	e16_c1_CAGGCCAGTGCGAGTA
19007	e16_c1_CAGGGCTCACACTTAG
19008	e16_c1_CAGGGCTCATGTGGCC
19009	e16_c1_CAGGGCTGTGGACTGA
19010	e16_c1_CAGGGCTTCTGTCCCA
19011	e16_c1_CAGGTATGTGTTGACT
19012	e16_c1_CAGGTATTCACCGGTG
19013	e16_c1_CAGGTATTCCTTCAGC
19014	e16_c1_CAGTGCGAGAGGATCC
19015	e16_c1_CAGTGCGGTATCAAGA
19016	e16_c1_CAGTGCGGTTGGTAGG
19017	e16_c1_CAGTGCGGTTTCCAAG
19018	e16_c1_CAGTGCGTCGCTTGCT
19019	e16_c1_CAGTTAGGTCGTTCAA
19020	e16_c1_CAGTTCCAGAGGTTAT
19021	e16_c1_CAGTTCCCAGTCCCGA
19022	e16_c1_CAGTTCCGTCCGAAGA
19023	e16_c1_CAGTTCCGTGCCCACA
19024	e16_c1_CATAAGCAGAGGTCAC
19025	e16_c1_CATAAGCAGGATTTCC
19026	e16_c1_CATAAGCAGGTGGGTT
19027	e16_c1_CATAAGCCAGAACTTC
19028	e16_c1_CATAAGCGTACAACGG
19029	e16_c1_CATACAGAGCAGGCAT
19030	e16_c1_CATACAGAGTGAGTTA
19031	e16_c1_CATACAGGTTAGGCCC
19032	e16_c1_CATACCCAGTGGCCTC
19033	e16_c1_CATACCCGTTACTCAG
19034	e16_c1_CATACTTAGATCGCCC
19035	e16_c1_CATACTTAGGACAGTC
19036	e16_c1_CATACTTCAGCGCGTT
19037	e16_c1_CATACTTCAGTCAGTT
19038	e16_c1_CATACTTGTCGAACAG
19039	e16_c1_CATACTTGTGACCGTC
19040	e16_c1_CATACTTGTGGGCTTC
19041	e16_c1_CATACTTTCCACGTCT
19042	e16_c1_CATAGACAGCACAAAT
19043	e16_c1_CATAGACAGTACTCGT
19044	e16_c1_CATAGACCAAGTGTCT
19045	e16_c1_CATAGACGTTAGAAGT
19046	e16_c1_CATAGACGTTCTAACG
19047	e16_c1_CATAGACTCCTATTGT
19048	e16_c1_CATCAAGAGACATGCG
19049	e16_c1_CATCAAGAGCCTCAAT
19050	e16_c1_CATCAAGAGTGCACTT
19051	e16_c1_CATCAAGCAAATTGGA
19052	e16_c1_CATCAAGGTACTCGTA
19053	e16_c1_CATCAAGTCAGTGTTG
19054	e16_c1_CATCAAGTCCGATAGT
19055	e16_c1_CATCCACCACCCTTAC
19056	e16_c1_CATCCACGTACGACAG
19057	e16_c1_CATCCACTCGGCTCTT
19058	e16_c1_CATCCACTCGGCTTGG
19059	e16_c1_CATCCCACAATGACCT
19060	e16_c1_CATCCCACACTCCGAG
19061	e16_c1_CATCCCACAGTATACC
19062	e16_c1_CATCCCAGTGTGTACT
19063	e16_c1_CATCCGTCAGGGTTGA
19064	e16_c1_CATCCGTGTCACCTTC
19065	e16_c1_CATCCGTGTGTCCGGT
19066	e16_c1_CATCCGTTCAAGTTGC
19067	e16_c1_CATCCGTTCGGAGTGA
19068	e16_c1_CATCGCTCAATTGAGA
19069	e16_c1_CATCGCTCAGCTTCCT
19070	e16_c1_CATCGCTGTAATTAGG
19071	e16_c1_CATCGCTTCCGCAACG
19072	e16_c1_CATCGCTTCTATCCAT
19073	e16_c1_CATCGGGAGTGGATTA
19074	e16_c1_CATCGGGTCGGCCAAC
19075	e16_c1_CATCGGGTCGGTAACT
19076	e16_c1_CATCGGGTCGTGTCAA
19077	e16_c1_CATCGTCTCACTCTTA
19078	e16_c1_CATCGTCTCTCGTTTA
19079	e16_c1_CATGAGTTCCGGCAAC
19080	e16_c1_CATGAGTTCGAGCCAC
19081	e16_c1_CATGCAACATAACCCA
19082	e16_c1_CATGCAAGTCACCACG
19083	e16_c1_CATGCAATCAGTCATG
19084	e16_c1_CATGCAATCCCTTTGG
19085	e16_c1_CATGCAATCGAGTACT
19086	e16_c1_CATGCCTAGAATTTGG
19087	e16_c1_CATGCCTGTGTCGATT
19088	e16_c1_CATGCCTTCAGGAGAC
19089	e16_c1_CATGCCTTCATCGACA
19090	e16_c1_CATGCCTTCCGGACTG
19091	e16_c1_CATGCGGAGGAGGTTC
19092	e16_c1_CATGCGGCACCGGAAA
19093	e16_c1_CATGCGGCATAAGATG
19094	e16_c1_CATGCGGGTAGCGCCT
19095	e16_c1_CATGCTCAGGGATCTG
19096	e16_c1_CATGCTCAGTGATCGG
19097	e16_c1_CATGCTCTCGGAGTGA
19098	e16_c1_CATGCTCTCGTAACCA
19099	e16_c1_CATGGATAGCACCCAC
19100	e16_c1_CATGGATCAATCCAGT
19101	e16_c1_CATGGATCAGACCGCT
19102	e16_c1_CATGGATCAGTTGCGC
19103	e16_c1_CATGGTACAAATGGTA
19104	e16_c1_CATGGTATCAAGTCTG
19105	e16_c1_CATGGTATCTGGGCAC
19106	e16_c1_CATTCATTCAATCAGC
19107	e16_c1_CATTCATTCTCAATCT
19108	e16_c1_CATTCCGAGGATACGC
19109	e16_c1_CATTCCGCACACAGAG
19110	e16_c1_CATTCCGGTACCACGC
19111	e16_c1_CATTCCGTCAATCTCT
19112	e16_c1_CATTCCGTCGACGTCG
19113	e16_c1_CATTCCGTCTAGACCA
19114	e16_c1_CATTCTAAGCTACAAA
19115	e16_c1_CATTCTACAGGATTCT
19116	e16_c1_CATTCTAGTAAGCTCT
19117	e16_c1_CATTCTATCCATACTT
19118	e16_c1_CATTCTATCGATACGT
19119	e16_c1_CATTGAGGTACTGCCG
19120	e16_c1_CATTGAGGTGACTCTA
19121	e16_c1_CATTGAGGTGAGTAGC
19122	e16_c1_CATTGAGGTGCGGATA
19123	e16_c1_CATTGAGTCGTAGCCG
19124	e16_c1_CATTGAGTCTACTATC
19125	e16_c1_CATTGAGTCTCGCGTT
19126	e16_c1_CATTGAGTCTGTGCAA
19127	e16_c1_CATTGCCAGATTGACA
19128	e16_c1_CATTGCCCATGACTGT
19129	e16_c1_CATTGCCTCCTACGAA
19130	e16_c1_CATTGTTCATGCCGCA
19131	e16_c1_CATTGTTTCAACTACG
19132	e16_c1_CATTGTTTCATTTCGT
19133	e16_c1_CATTTCAAGGAACGAA
19134	e16_c1_CATTTCACATGTGCTA
19135	e16_c1_CCAAGCGAGCCTTTCC
19136	e16_c1_CCAAGCGAGCTCCACG
19137	e16_c1_CCAAGCGCAGAGATGC
19138	e16_c1_CCAAGCGTCGTCGATA
19139	e16_c1_CCAATGAAGGATTTAG
19140	e16_c1_CCAATGAGTGCGAACA
19141	e16_c1_CCAATGAGTTGGGACA
19142	e16_c1_CCAATTTAGGCTCAAG
19143	e16_c1_CCAATTTCAGTTCTAG
19144	e16_c1_CCAATTTGTGCAAGAC
19145	e16_c1_CCACAAACAGCTACAT
19146	e16_c1_CCACAAACAGCTCATA
19147	e16_c1_CCACAAAGTCGTCAGC
19148	e16_c1_CCACAAATCTGGTTGA
19149	e16_c1_CCACACTGTAACTTCG
19150	e16_c1_CCACACTGTTCGGCTG
19151	e16_c1_CCACACTTCTAGGCCG
19152	e16_c1_CCACCATAGGGATCGT
19153	e16_c1_CCACCATCAAAGCTAA
19154	e16_c1_CCACCATGTACGTACT
19155	e16_c1_CCACCATTCCGCTTAC
19156	e16_c1_CCACCATTCGACCATA
19157	e16_c1_CCACCATTCGTCTAAG
19158	e16_c1_CCACGAGAGCGATGCA
19159	e16_c1_CCACGAGAGCTTTCCC
19160	e16_c1_CCACGAGAGTTGCCCG
19161	e16_c1_CCACGAGGTACTCGCG
19162	e16_c1_CCACGTTAGAACGTGC
19163	e16_c1_CCACGTTCATGAAGGC
19164	e16_c1_CCACGTTGTACATACC
19165	e16_c1_CCACGTTGTAGTCGTT
19166	e16_c1_CCACGTTGTCGAATGG
19167	e16_c1_CCACGTTGTGCAGATG
19168	e16_c1_CCACGTTGTGGACCAA
19169	e16_c1_CCACGTTTCCGACAGC
19170	e16_c1_CCACGTTTCGTTCTAT
19171	e16_c1_CCACTTGAGGCAGTCA
19172	e16_c1_CCACTTGAGTCGCGAA
19173	e16_c1_CCACTTGCAACACAGG
19174	e16_c1_CCACTTGGTAGAAACT
19175	e16_c1_CCACTTGGTGCACAAG
19176	e16_c1_CCATAAGAGTTCATGC
19177	e16_c1_CCATAAGTCAGTGATC
19178	e16_c1_CCATCACAGAGCAGCT
19179	e16_c1_CCATCACCACTAGGCC
19180	e16_c1_CCATCACCAGACCTAT
19181	e16_c1_CCATCACTCACTGATG
19182	e16_c1_CCCAACTAGGTAAACT
19183	e16_c1_CCCAACTGTAGTTACC
19184	e16_c1_CCCATTGCAATCAGCT
19185	e16_c1_CCCATTGCAGGTTCAT
19186	e16_c1_CCCATTGCAGTATTCG
19187	e16_c1_CCCATTGGTGCATACT
19188	e16_c1_CCCATTGGTGCCTTTC
19189	e16_c1_CCCATTGTCTCCCTAG
19190	e16_c1_CCCGAAGAGGGACAGG
19191	e16_c1_CCCGAAGAGGTAAGTT
19192	e16_c1_CCCGAAGCAATTGCAC
19193	e16_c1_CCCGAAGCAATTGCCA
19194	e16_c1_CCCGAAGCACTCTGCT
19195	e16_c1_CCCGAAGCATGACCCG
19196	e16_c1_CCCGAAGCATGACTCA
19197	e16_c1_CCCGAAGGTCAGTCGC
19198	e16_c1_CCCGGAAAGACCTGGA
19199	e16_c1_CCCGGAAAGTATCCTG
19200	e16_c1_CCCGGAAGTGGACCAA
19201	e16_c1_CCCTAACAGACCCGCT
19202	e16_c1_CCCTCAAAGTCCGTCG
19203	e16_c1_CCCTCAAGTACGTACT
19204	e16_c1_CCCTCTCAGTCCGTCG
19205	e16_c1_CCCTCTCCAGCGTATT
19206	e16_c1_CCCTCTCGTCATCCGG
19207	e16_c1_CCCTCTCGTTGACTAC
19208	e16_c1_CCCTCTCTCATCACCC
19209	e16_c1_CCCTCTCTCTAAGCCA
19210	e16_c1_CCCTGATAGCCAGACA
19211	e16_c1_CCCTGATCAAGTGACG
19212	e16_c1_CCCTGATGTGAGACGT
19213	e16_c1_CCCTTAGAGAGTGACC
19214	e16_c1_CCCTTAGAGCGTTAGG
19215	e16_c1_CCCTTAGAGTCTGTAC
19216	e16_c1_CCCTTAGAGTTGAAGT
19217	e16_c1_CCCTTAGCACGCACCA
19218	e16_c1_CCCTTAGCATGCTGCG
19219	e16_c1_CCGAACGGTAAGCTCT
19220	e16_c1_CCGATCTAGCATTTGC
19221	e16_c1_CCGATGGCAAAGGGTC
19222	e16_c1_CCGATGGCACGCTGAC
19223	e16_c1_CCGATGGCAGACGGAT
19224	e16_c1_CCGATGGGTACAACGG
19225	e16_c1_CCGATGGGTCAGTCCG
19226	e16_c1_CCGATGGGTTCCTTGC
19227	e16_c1_CCGCAAGAGTACGTCT
19228	e16_c1_CCGCAAGCAGACACAG
19229	e16_c1_CCGCAAGTCGTCGGGT
19230	e16_c1_CCGGACACAAATGGTA
19231	e16_c1_CCGGACACAACTTCTT
19232	e16_c1_CCGGACACACGTATAC
19233	e16_c1_CCGGACACACTCTCGT
19234	e16_c1_CCGGACAGTATCAGGG
19235	e16_c1_CCGGACAGTGACGCCT
19236	e16_c1_CCGGACAGTGATAGTA
19237	e16_c1_CCGGGTAGTACCGTGC
19238	e16_c1_CCGGTAGAGTAGGCCA
19239	e16_c1_CCGGTAGCATGGGATG
19240	e16_c1_CCGGTAGGTGAACCGA
19241	e16_c1_CCGGTAGGTGTATTGC
19242	e16_c1_CCGGTAGGTTACAGCT
19243	e16_c1_CCGGTAGTCATCTCTA
19244	e16_c1_CCGGTGAAGGAGAGTA
19245	e16_c1_CCGGTGACAGAGGGTT
19246	e16_c1_CCGGTGAGTAGCGTAG
19247	e16_c1_CCGGTGATCTAGCAAC
19248	e16_c1_CCGTGAGCAATCCTAG
19249	e16_c1_CCGTGAGGTGATATAG
19250	e16_c1_CCGTTCAAGCGCAATG
19251	e16_c1_CCGTTCAAGCGTTCAT
19252	e16_c1_CCGTTCAAGGATACAT
19253	e16_c1_CCGTTCAAGTACGTCT
19254	e16_c1_CCGTTCAGTGGACAGT
19255	e16_c1_CCGTTCAGTTATTCTC
19256	e16_c1_CCGTTCAGTTCTATCT
19257	e16_c1_CCGTTCAGTTGGCCTG
19258	e16_c1_CCGTTCATCAACTGGT
19259	e16_c1_CCTAACCAGCAGTACG
19260	e16_c1_CCTAACCAGCTTCATG
19261	e16_c1_CCTAACCAGGCATCTT
19262	e16_c1_CCTAACCAGTAGTCCT
19263	e16_c1_CCTAACCCAGTTAAAG
19264	e16_c1_CCTAACCTCGGTGTTA
19265	e16_c1_CCTAAGATCGTGGCTG
19266	e16_c1_CCTAAGATCTATGCCC
19267	e16_c1_CCTACGTAGGAGAGGC
19268	e16_c1_CCTACGTAGGTAACTA
19269	e16_c1_CCTACGTCATAGGTAA
19270	e16_c1_CCTACGTCATCCTTCG
19271	e16_c1_CCTACGTTCGGAGTGA
19272	e16_c1_CCTATCGAGCAGCACA
19273	e16_c1_CCTATCGAGCTCGGCT
19274	e16_c1_CCTATCGCAAGGTCAG
19275	e16_c1_CCTATCGCAATGTCAC
19276	e16_c1_CCTCAACAGCAGGGAG
19277	e16_c1_CCTCAACAGCCTTTGA
19278	e16_c1_CCTCAACAGCGAGTCA
19279	e16_c1_CCTCAACCATGTTACG
19280	e16_c1_CCTCAACTCCTTCTTC
19281	e16_c1_CCTCACACAGCTATTG
19282	e16_c1_CCTCACAGTAGCCAGA
19283	e16_c1_CCTCACAGTAGGCAGT
19284	e16_c1_CCTCACAGTGTTAAAG
19285	e16_c1_CCTCAGTCAAGGTCTT
19286	e16_c1_CCTCAGTGTTCTAACG
19287	e16_c1_CCTCATGAGACATAAC
19288	e16_c1_CCTCATGCAACTCGTA
19289	e16_c1_CCTCATGGTTGGGTTT
19290	e16_c1_CCTCATGTCGGACAAG
19291	e16_c1_CCTCCAAGTAGCGCCT
19292	e16_c1_CCTCCAAGTCTGTAAC
19293	e16_c1_CCTCCAATCCTGGTCT
19294	e16_c1_CCTCCTCAGCACCTGC
19295	e16_c1_CCTCCTCAGTAAAGCT
19296	e16_c1_CCTCCTCGTCCGTACG
19297	e16_c1_CCTCCTCTCATCGGGC
19298	e16_c1_CCTCCTCTCCACAGCG
19299	e16_c1_CCTCTAGAGGACAGCT
19300	e16_c1_CCTCTAGCATCGGAGA
19301	e16_c1_CCTCTAGTCGGCACTG
19302	e16_c1_CCTCTAGTCTTGCGCT
19303	e16_c1_CCTCTCCCATAACCCA
19304	e16_c1_CCTCTCCGTAGTTCCA
19305	e16_c1_CCTCTCCGTTTAAGGA
19306	e16_c1_CCTCTCCTCTCGCGTT
19307	e16_c1_CCTGCATGTAACCCTA
19308	e16_c1_CCTGCATTCTTTCAGT
19309	e16_c1_CCTGTTGCACAAATCC
19310	e16_c1_CCTGTTGGTGCTCTCT
19311	e16_c1_CCTGTTGGTTTGGAAA
19312	e16_c1_CCTTCAGCAAAGACGC
19313	e16_c1_CCTTCAGGTATCTTCT
19314	e16_c1_CCTTGTGAGATAGTGT
19315	e16_c1_CCTTGTGAGTAGTGCG
19316	e16_c1_CCTTGTGCAGACGATG
19317	e16_c1_CCTTGTGCATCCGAAT
19318	e16_c1_CCTTGTGTCCCATTTA
19319	e16_c1_CCTTTGGAGGTGGGTT
19320	e16_c1_CGAAGGAAGAATGTTG
19321	e16_c1_CGAAGGAAGATTCGAA
19322	e16_c1_CGAAGGAAGGCCCACT
19323	e16_c1_CGAAGGAAGGTCGTGA
19324	e16_c1_CGAAGGAAGTGCAAAT
19325	e16_c1_CGAAGGACAGGACGAT
19326	e16_c1_CGAAGGACAGGCCCTA
19327	e16_c1_CGAAGGACAGTCTACA
19328	e16_c1_CGAAGGAGTCGCCTAG
19329	e16_c1_CGAAGTTGTAGTCGTT
19330	e16_c1_CGAAGTTGTTCTCCTG
19331	e16_c1_CGAAGTTTCAAGCCAT
19332	e16_c1_CGAATTGAGACATAGT
19333	e16_c1_CGAATTGCAACCGTGC
19334	e16_c1_CGAATTGCAAGGGCAT
19335	e16_c1_CGAATTGCAGAATTCC
19336	e16_c1_CGAATTGTCACACCGG
19337	e16_c1_CGACAGCAGCTCGACC
19338	e16_c1_CGACAGCCACCATATG
19339	e16_c1_CGACAGCTCGCGTGAC
19340	e16_c1_CGAGAAGAGTACTCGT
19341	e16_c1_CGAGAAGCACAAGCTT
19342	e16_c1_CGAGGAAAGTGGATAT
19343	e16_c1_CGAGGAACAAATCGGG
19344	e16_c1_CGAGGAAGTCATCGCG
19345	e16_c1_CGAGGCTAGTTCCTGA
19346	e16_c1_CGAGGCTCATGTGACT
19347	e16_c1_CGAGGCTGTATCGCAT
19348	e16_c1_CGAGGCTGTCGGCTAC
19349	e16_c1_CGAGGCTGTTACCCAA
19350	e16_c1_CGAGTGCAGACGGATC
19351	e16_c1_CGAGTGCCAGAATTCC
19352	e16_c1_CGAGTGCTCCTGATAG
19353	e16_c1_CGAGTTACAAATCCCA
19354	e16_c1_CGAGTTATCGTTCTCG
19355	e16_c1_CGATCGGCAATACAGA
19356	e16_c1_CGATCGGGTCACTTCC
19357	e16_c1_CGATCGGTCGCTTAAG
19358	e16_c1_CGATGCGAGAACTGAT
19359	e16_c1_CGATGCGAGTCAGAGC
19360	e16_c1_CGATGCGAGTCAGGGT
19361	e16_c1_CGATGCGCATCTTTCA
19362	e16_c1_CGATGCGGTTTGTTGG
19363	e16_c1_CGATGCGTCTAGATCG
19364	e16_c1_CGATGGCCACTGCTTC
19365	e16_c1_CGATGGCTCGCCTCTA
19366	e16_c1_CGATGGCTCTCTATAC
19367	e16_c1_CGCAGGTCACGAAGAC
19368	e16_c1_CGCATAAAGTACGTCT
19369	e16_c1_CGCATAAGTCCAGGTC
19370	e16_c1_CGCATAAGTGTTAAAG
19371	e16_c1_CGCATAATCCACACAA
19372	e16_c1_CGCATAATCTCGAACA
19373	e16_c1_CGCATGGCACACGCCA
19374	e16_c1_CGCATGGGTCCTGGGT
19375	e16_c1_CGCATGGGTTTACGAC
19376	e16_c1_CGCATGGTCCTACACC
19377	e16_c1_CGCATGGTCTCGTTTA
19378	e16_c1_CGCCAGAAGGACAAGA
19379	e16_c1_CGCCAGAAGTTCCTGA
19380	e16_c1_CGCCAGACACAACCGC
19381	e16_c1_CGCCATTAGTGAGGCT
19382	e16_c1_CGCGTGAAGTGCCAGA
19383	e16_c1_CGCGTGACATCTAGAC
19384	e16_c1_CGCGTGATCCTTACCG
19385	e16_c1_CGGAACCCAACCGCCA
19386	e16_c1_CGGAACCCAACTAGAA
19387	e16_c1_CGGAACCCAGAAGTTA
19388	e16_c1_CGGAACCGTTTGAAAG
19389	e16_c1_CGGAACCTCCTAGAGT
19390	e16_c1_CGGAATTAGCGACTGA
19391	e16_c1_CGGAATTCACATCATG
19392	e16_c1_CGGAATTGTAGTCCTA
19393	e16_c1_CGGAATTGTATCGCTA
19394	e16_c1_CGGAATTGTCTAGGCC
19395	e16_c1_CGGAATTTCGCTGTCT
19396	e16_c1_CGGAATTTCTACTCAT
19397	e16_c1_CGGACACAGAGAACCC
19398	e16_c1_CGGACACAGGGCGAGA
19399	e16_c1_CGGACACCAGGTATGG
19400	e16_c1_CGGACACTCCTCTCGA
19401	e16_c1_CGGACACTCGGATTAC
19402	e16_c1_CGGACACTCTAGAACC
19403	e16_c1_CGGAGAAGTACTGACT
19404	e16_c1_CGGAGAATCAGTGCGC
19405	e16_c1_CGGCAGTAGATTGTGA
19406	e16_c1_CGGGACTAGACTACGG
19407	e16_c1_CGGGACTAGTAAAGCT
19408	e16_c1_CGGGACTCACTGCACG
19409	e16_c1_CGGGACTCAGTCGAGA
19410	e16_c1_CGGGACTTCCAGCTCT
19411	e16_c1_CGGGCATAGCTAGCCC
19412	e16_c1_CGGGCATTCCACGGAC
19413	e16_c1_CGGGTCAGTATCCTCC
19414	e16_c1_CGGGTGTAGATGCTAA
19415	e16_c1_CGGGTGTAGTGGACGT
19416	e16_c1_CGGGTGTGTAGCCAGA
19417	e16_c1_CGGGTGTGTTGTGCCG
19418	e16_c1_CGGTCAGAGGTGCAGT
19419	e16_c1_CGGTCAGCACATATGC
19420	e16_c1_CGGTCAGCAGATCACT
19421	e16_c1_CGGTCAGCATCGTTCC
19422	e16_c1_CGGTCAGGTACACGCC
19423	e16_c1_CGGTCAGGTAGCTTAC
19424	e16_c1_CGGTCAGTCTCCCAAC
19425	e16_c1_CGTAAGTAGGGCAGTT
19426	e16_c1_CGTAAGTAGTTGGCTT
19427	e16_c1_CGTAAGTCACAGTGTT
19428	e16_c1_CGTAAGTCAGACCTAT
19429	e16_c1_CGTAAGTGTACCGCGT
19430	e16_c1_CGTAATGAGGGAACAA
19431	e16_c1_CGTAATGCAAACAGGC
19432	e16_c1_CGTAATGGTTCTCACC
19433	e16_c1_CGTAGTAAGTTTCTTC
19434	e16_c1_CGTAGTACATAATGCC
19435	e16_c1_CGTAGTACATCGCTAA
19436	e16_c1_CGTAGTAGTCGGATTT
19437	e16_c1_CGTCAAACAAGGTTGG
19438	e16_c1_CGTCAAACAGCTCCTT
19439	e16_c1_CGTCAAACAGTCTACA
19440	e16_c1_CGTCAAACATCCTATT
19441	e16_c1_CGTCAAAGTATCGTGT
19442	e16_c1_CGTCCATAGTCGGCCT
19443	e16_c1_CGTCCATGTACGGTTT
19444	e16_c1_CGTCCATGTGCATTAC
19445	e16_c1_CGTCCATTCGTACACA
19446	e16_c1_CGTCCATTCTCTAGGA
19447	e16_c1_CGTGAATAGAGTTCGG
19448	e16_c1_CGTGAATAGGGATCTG
19449	e16_c1_CGTGAATAGGTAATCA
19450	e16_c1_CGTGATAAGCCTGAGA
19451	e16_c1_CGTGATAAGTTACGTC
19452	e16_c1_CGTGATACAGTGGCTC
19453	e16_c1_CGTGATAGTCGCACGT
19454	e16_c1_CGTGCTTAGTCGGCCT
19455	e16_c1_CGTGCTTCACATAACC
19456	e16_c1_CGTGCTTCACCACTGG
19457	e16_c1_CGTGCTTGTGAGAACC
19458	e16_c1_CGTGTCTAGCAGGCTA
19459	e16_c1_CGTGTCTCAGTTAGGG
19460	e16_c1_CGTGTCTGTAGTACGG
19461	e16_c1_CGTTAGAAGTCATTGC
19462	e16_c1_CGTTAGAAGTGCCAGA
19463	e16_c1_CGTTAGACATCAGCTA
19464	e16_c1_CGTTAGATCCGGCTTT
19465	e16_c1_CGTTCTGAGAGAGGTA
19466	e16_c1_CGTTCTGCACTCGATA
19467	e16_c1_CGTTCTGCATCATCTT
19468	e16_c1_CGTTCTGCATCCAACA
19469	e16_c1_CGTTCTGTCCCGAGAC
19470	e16_c1_CGTTGGGCAGCACAAG
19471	e16_c1_CTAACCCGTATCGCGC
19472	e16_c1_CTAACCCGTGTCTTCC
19473	e16_c1_CTAACCCGTTCGAAGG
19474	e16_c1_CTAACTTCATAAGCGG
19475	e16_c1_CTAACTTGTCGTAATC
19476	e16_c1_CTAACTTGTCGTTGCG
19477	e16_c1_CTAACTTGTCTTACTT
19478	e16_c1_CTAACTTGTTGAAGTA
19479	e16_c1_CTAAGTGAGATAGCTA
19480	e16_c1_CTAAGTGGTTGCATTG
19481	e16_c1_CTACAGACAGTTTGGT
19482	e16_c1_CTACAGACATTGAGGG
19483	e16_c1_CTACAGAGTTACTCAG
19484	e16_c1_CTACAGATCAGAGCGA
19485	e16_c1_CTACATTGTAGGATAT
19486	e16_c1_CTACATTGTCATAGTC
19487	e16_c1_CTACATTTCTCACCCA
19488	e16_c1_CTACCCACATACCATG
19489	e16_c1_CTACCCAGTCGTGGTC
19490	e16_c1_CTACCCATCTCCGCAT
19491	e16_c1_CTACGGGAGGGTGGGA
19492	e16_c1_CTACGGGCAAGGTCAG
19493	e16_c1_CTACGGGCACTTTATC
19494	e16_c1_CTACGGGGTAGAGCTG
19495	e16_c1_CTACGGGGTCCACTCT
19496	e16_c1_CTACGGGTCCTAGCTC
19497	e16_c1_CTACGGGTCTTCCGTG
19498	e16_c1_CTACGGGTCTTTACAC
19499	e16_c1_CTACTATCAGCGTACC
19500	e16_c1_CTACTATGTCATAACC
19501	e16_c1_CTACTATGTGTGTTTG
19502	e16_c1_CTACTATGTTAGTCGT
19503	e16_c1_CTACTATTCACGTAGT
19504	e16_c1_CTAGACAGTTCAAAGA
19505	e16_c1_CTAGACATCCCGTGTT
19506	e16_c1_CTAGACATCGACCATA
19507	e16_c1_CTAGGTACAAACTAGA
19508	e16_c1_CTAGGTACACTATCGA
19509	e16_c1_CTAGGTACAGACACCC
19510	e16_c1_CTAGGTACAGTTAGGG
19511	e16_c1_CTAGGTAGTCCTCATC
19512	e16_c1_CTAGGTAGTGTTGATC
19513	e16_c1_CTAGGTATCTCCCAAC
19514	e16_c1_CTATAGGCATCGTGGC
19515	e16_c1_CTATAGGGTGCCCACA
19516	e16_c1_CTATAGGTCGATACAC
19517	e16_c1_CTATCCGAGACCAGCA
19518	e16_c1_CTATCCGAGCTCGACC
19519	e16_c1_CTATCCGAGGTCCTGC
19520	e16_c1_CTATCCGAGTCCCGGT
19521	e16_c1_CTATCCGTCAGTGCGC
19522	e16_c1_CTATCCGTCGACGCTG
19523	e16_c1_CTATCTAAGACTTGTC
19524	e16_c1_CTATCTAGTAGATCCT
19525	e16_c1_CTATCTAGTTAAGACA
19526	e16_c1_CTATCTATCCTATGGA
19527	e16_c1_CTCAACCAGATTCGCT
19528	e16_c1_CTCAACCGTCATCGCG
19529	e16_c1_CTCAAGAAGGCCTGAA
19530	e16_c1_CTCAAGACACACCAGC
19531	e16_c1_CTCAAGACATGGAGAC
19532	e16_c1_CTCAAGAGTCCGGATC
19533	e16_c1_CTCAATTCAACCGTAT
19534	e16_c1_CTCAATTGTTGATCGT
19535	e16_c1_CTCAATTTCGCGCTGA
19536	e16_c1_CTCAATTTCGTTTACT
19537	e16_c1_CTCACTGAGCTAAGTA
19538	e16_c1_CTCACTGAGTTTCGGT
19539	e16_c1_CTCACTGTCCAACTGA
19540	e16_c1_CTCACTGTCGGTAAGG
19541	e16_c1_CTCAGAACAGAGTGAC
19542	e16_c1_CTCAGAAGTAGGCAGT
19543	e16_c1_CTCAGAAGTCTTGCGG
19544	e16_c1_CTCAGGGAGAGGGTGG
19545	e16_c1_CTCAGGGAGATCACCT
19546	e16_c1_CTCAGGGCAACAGTGG
19547	e16_c1_CTCAGGGGTAACCAGG
19548	e16_c1_CTCAGGGGTACTCGAT
19549	e16_c1_CTCAGGGGTGAGATAT
19550	e16_c1_CTCAGGGTCTTGCGCT
19551	e16_c1_CTCAGTCAGAGTCCGA
19552	e16_c1_CTCAGTCCATATACCG
19553	e16_c1_CTCAGTCCATTCCTCG
19554	e16_c1_CTCAGTCGTACCATAC
19555	e16_c1_CTCAGTCGTCGTTATG
19556	e16_c1_CTCAGTCGTTCGGCGT
19557	e16_c1_CTCAGTCTCGTGTGGC
19558	e16_c1_CTCATCGCAACCGACC
19559	e16_c1_CTCATCGGTAACTTCG
19560	e16_c1_CTCATCGGTCGAGCTC
19561	e16_c1_CTCATCGTCAGACCGC
19562	e16_c1_CTCATCGTCATCGCCT
19563	e16_c1_CTCATGCAGAGAGCCT
19564	e16_c1_CTCATGCTCGGCTATA
19565	e16_c1_CTCATTAAGGCGTTAG
19566	e16_c1_CTCATTATCGGTCACG
19567	e16_c1_CTCATTATCTTGGCTC
19568	e16_c1_CTCCAACCATGCAGCC
19569	e16_c1_CTCCAACTCAAGCCGC
19570	e16_c1_CTCCAACTCATGGGAG
19571	e16_c1_CTCCACACAAAGACTA
19572	e16_c1_CTCCACAGTGGGTTGA
19573	e16_c1_CTCCACAGTGTGTGTT
19574	e16_c1_CTCCACAGTTATGTGC
19575	e16_c1_CTCCACATCTTTCAGT
19576	e16_c1_CTCCATGCAGCGTACC
19577	e16_c1_CTCCATGGTCCGGCAT
19578	e16_c1_CTCCATGGTTCCTTGC
19579	e16_c1_CTCCATGTCCCGAATA
19580	e16_c1_CTCCCAAGTACTGTTG
19581	e16_c1_CTCCCAAGTGGGTATG
19582	e16_c1_CTCCCAAGTGTCATCA
19583	e16_c1_CTCCCAAGTTACGGAG
19584	e16_c1_CTCCCAATCAAAGGAT
19585	e16_c1_CTCCCAATCAGATTGC
19586	e16_c1_CTCCCTCAGAAGGATG
19587	e16_c1_CTCCCTCCACACGGTC
19588	e16_c1_CTCCCTCCAGCACAGA
19589	e16_c1_CTCCCTCCAGGCACAA
19590	e16_c1_CTCCCTCGTTGGGTTT
19591	e16_c1_CTCCCTCTCTTACTGT
19592	e16_c1_CTCCGATAGTCGTCTA
19593	e16_c1_CTCCGATCAGGACAGT
19594	e16_c1_CTCCGATGTTCTCCTG
19595	e16_c1_CTCCGATGTTTCCATT
19596	e16_c1_CTCCGATTCTCTAGGA
19597	e16_c1_CTCCTCCAGCTGTACT
19598	e16_c1_CTCCTCCCAAATCAAG
19599	e16_c1_CTCCTCCTCGGTTAGT
19600	e16_c1_CTCCTTTAGTATGTAG
19601	e16_c1_CTCCTTTCAGACTGCC
19602	e16_c1_CTCCTTTTCGGACTGC
19603	e16_c1_CTCGAGGCATGAGAAT
19604	e16_c1_CTCGAGGTCAGAGCAG
19605	e16_c1_CTCTCAGAGCACTCAT
19606	e16_c1_CTCTCAGAGCCTGACC
19607	e16_c1_CTCTCAGCACTGTTCC
19608	e16_c1_CTCTCAGCAGAACTTC
19609	e16_c1_CTCTCAGCAGCACAAG
19610	e16_c1_CTCTCAGGTGACCGTC
19611	e16_c1_CTCTCAGTCATTGCGA
19612	e16_c1_CTCTCGAAGTCTGCGC
19613	e16_c1_CTCTCGACAATAGTCC
19614	e16_c1_CTCTCGACATGGCTAT
19615	e16_c1_CTCTCGACATGGGTTT
19616	e16_c1_CTCTCGAGTCCCACGA
19617	e16_c1_CTCTCGAGTCTAGTGT
19618	e16_c1_CTCTCGATCTTACCGC
19619	e16_c1_CTCTGGTAGGGTTAGC
19620	e16_c1_CTCTGGTGTTGTGCAT
19621	e16_c1_CTCTGGTTCTTAGCAG
19622	e16_c1_CTGAATGAGATCGCTT
19623	e16_c1_CTGAATGAGTAGAATC
19624	e16_c1_CTGAATGAGTAGTCCT
19625	e16_c1_CTGAATGAGTGTTGAA
19626	e16_c1_CTGAATGCAAGCACCC
19627	e16_c1_CTGAATGCATGCCGGT
19628	e16_c1_CTGAATGGTTGGGAAC
19629	e16_c1_CTGAGCGTCCAAATGC
19630	e16_c1_CTGAGGCGTGTTGACT
19631	e16_c1_CTGAGGCTCAGACATC
19632	e16_c1_CTGAGGCTCCTTCTAA
19633	e16_c1_CTGAGGCTCGGCTGAC
19634	e16_c1_CTGATCCAGAGTATAC
19635	e16_c1_CTGATCCAGCGCCTAC
19636	e16_c1_CTGATCCCACACTTAG
19637	e16_c1_CTGATCCGTACTGGGA
19638	e16_c1_CTGATCCTCTCCTACG
19639	e16_c1_CTGCAGGAGCTAATCC
19640	e16_c1_CTGCAGGCAACCACGC
19641	e16_c1_CTGCAGGGTATCACGT
19642	e16_c1_CTGCAGGGTCCGGTCA
19643	e16_c1_CTGCAGGGTGAGCTCC
19644	e16_c1_CTGCATCCAATGCAAA
19645	e16_c1_CTGCATCCAGGCGTTC
19646	e16_c1_CTGCATCTCCATAGAC
19647	e16_c1_CTGCATCTCTGCCTGT
19648	e16_c1_CTGCCATAGACAGCGT
19649	e16_c1_CTGCCATCAGAGGTAC
19650	e16_c1_CTGCCATGTAGCTGAG
19651	e16_c1_CTGCCATGTCCCTGTT
19652	e16_c1_CTGCCATGTCTACAGT
19653	e16_c1_CTGCCATTCATTGTGG
19654	e16_c1_CTGCCTACAACTTGGT
19655	e16_c1_CTGCCTACACTACCCT
19656	e16_c1_CTGCCTACAGTCTTCC
19657	e16_c1_CTGCCTAGTTGAGGAC
19658	e16_c1_CTGCCTATCGTGGGAA
19659	e16_c1_CTGCGAGGTGTTTGCA
19660	e16_c1_CTGCGAGTCATCGCCT
19661	e16_c1_CTGCGAGTCTGGGTCG
19662	e16_c1_CTGCTCATCCGTTGGG
19663	e16_c1_CTGGACGAGCTCCGAC
19664	e16_c1_CTGGACGAGGCATGGT
19665	e16_c1_CTGGACGCATAATGAG
19666	e16_c1_CTGGACGGTCTATGAC
19667	e16_c1_CTGGCAGCATCGATGT
19668	e16_c1_CTGGCAGGTACCAATC
19669	e16_c1_CTGGCAGGTTCATCGA
19670	e16_c1_CTGGCAGTCAAGCTTG
19671	e16_c1_CTGGCAGTCCTGTAAG
19672	e16_c1_CTGGCAGTCGACCATA
19673	e16_c1_CTGGTCTGTGTTTGCA
19674	e16_c1_CTGTACCAGCTGAGCA
19675	e16_c1_CTGTACCAGGAACATT
19676	e16_c1_CTGTACCGTCATGCAT
19677	e16_c1_CTGTACCGTGAGACGT
19678	e16_c1_CTGTACCTCCGAAATC
19679	e16_c1_CTGTAGACAGAGATGC
19680	e16_c1_CTGTAGATCTGGGCGT
19681	e16_c1_CTGTATTAGGGACACT
19682	e16_c1_CTGTATTAGTGTTGTC
19683	e16_c1_CTGTATTCACTGGCGT
19684	e16_c1_CTGTATTCACTGTCCT
19685	e16_c1_CTGTATTGTCTCTCTG
19686	e16_c1_CTGTATTGTGTACGCC
19687	e16_c1_CTGTATTGTTCCACAA
19688	e16_c1_CTGTATTGTTGCCATA
19689	e16_c1_CTGTATTTCCCGAGTG
19690	e16_c1_CTGTCGTAGATGGCAC
19691	e16_c1_CTGTCGTCAAGGTACG
19692	e16_c1_CTGTCGTCAGTATTCG
19693	e16_c1_CTGTCGTCAGTCAGTT
19694	e16_c1_CTGTCGTCAGTGTGCC
19695	e16_c1_CTGTCGTGTCGGTGAA
19696	e16_c1_CTGTGAAAGTTCAACC
19697	e16_c1_CTGTGAAGTATCGATC
19698	e16_c1_CTGTGAAGTTCCGGTG
19699	e16_c1_CTGTGAATCCTATTGT
19700	e16_c1_CTGTGGGGTTCTAAGC
19701	e16_c1_CTTACCGTCTGAACGT
19702	e16_c1_CTTAGGAAGGGAGGTG
19703	e16_c1_CTTAGGAAGGTCTACT
19704	e16_c1_CTTAGGACACCCGTAG
19705	e16_c1_CTTAGGAGTGTGATGG
19706	e16_c1_CTTCAATAGGATTTCC
19707	e16_c1_CTTCAATCATCAGCTA
19708	e16_c1_CTTCAATTCATCGCCT
19709	e16_c1_CTTCAATTCCACTTTA
19710	e16_c1_CTTCCGACAGCAGGAT
19711	e16_c1_CTTCCGAGTATGAGCG
19712	e16_c1_CTTCCTTAGCATATGA
19713	e16_c1_CTTCCTTAGGCTCTCG
19714	e16_c1_CTTCCTTCAAGAGGCT
19715	e16_c1_CTTCCTTCACTGTCCT
19716	e16_c1_CTTCGGTCACGCGTCA
19717	e16_c1_CTTCGGTCAGGATTCT
19718	e16_c1_CTTCGGTCATATGGCT
19719	e16_c1_CTTCGGTGTATGAGCG
19720	e16_c1_CTTCGGTTCACTGGGC
19721	e16_c1_CTTCTAAGTCTGCCTT
19722	e16_c1_CTTCTAAGTGTCGATT
19723	e16_c1_CTTCTAATCACGGAGA
19724	e16_c1_CTTCTAATCCAGTTCC
19725	e16_c1_CTTCTAATCTTCGATT
19726	e16_c1_CTTCTCTAGCACGATG
19727	e16_c1_CTTCTCTGTTGTTGTG
19728	e16_c1_CTTCTCTTCAAGCGTT
19729	e16_c1_CTTCTCTTCGTAGGAG
19730	e16_c1_CTTGAGAGTCTCGACG
19731	e16_c1_CTTGAGAGTTACCGTA
19732	e16_c1_CTTGAGATCATAGACC
19733	e16_c1_CTTGATTAGAGACAAG
19734	e16_c1_CTTGATTAGGCCTTGC
19735	e16_c1_CTTGATTGTAGCTTAC
19736	e16_c1_CTTGATTGTTTCCAAG
19737	e16_c1_CTTTCAAAGAGGTTTA
19738	e16_c1_CTTTCAACAGACTCTA
19739	e16_c1_CTTTCAAGTATTGGCT
19740	e16_c1_CTTTCGGCAAATCCCA
19741	e16_c1_CTTTCGGTCCTTCAGC
19742	e16_c1_CTTTCGGTCGTCTCAC
19743	e16_c1_GAAACCTAGCTTAGTC
19744	e16_c1_GAAACCTAGTGCACCC
19745	e16_c1_GAAACCTCAAGACGAC
19746	e16_c1_GAAACCTCATTGCCGG
19747	e16_c1_GAAACCTGTAGTTACC
19748	e16_c1_GAAACCTGTTTACCAG
19749	e16_c1_GAAACCTGTTTCTATC
19750	e16_c1_GAAACCTTCCCAATAG
19751	e16_c1_GAAACCTTCCTCACCA
19752	e16_c1_GAACACTCAGAGATTA
19753	e16_c1_GAACACTGTCTTAGTG
19754	e16_c1_GAACACTTCATGGAGG
19755	e16_c1_GAACGTTAGTTGAAAC
19756	e16_c1_GAACGTTCATTCCTCG
19757	e16_c1_GAACGTTGTTCTAACG
19758	e16_c1_GAACGTTTCATTTACC
19759	e16_c1_GAACGTTTCCTCAGGG
19760	e16_c1_GAACTGTAGCCTATCA
19761	e16_c1_GAACTGTAGCCTGAAG
19762	e16_c1_GAACTGTCATGTTACG
19763	e16_c1_GAACTGTGTGTGACCC
19764	e16_c1_GAAGAATAGATGTTCC
19765	e16_c1_GAAGAATAGTCCGTCG
19766	e16_c1_GAAGAATAGTCTCCTC
19767	e16_c1_GAAGAATGTCATGCAT
19768	e16_c1_GAAGAATGTCGATTTG
19769	e16_c1_GAAGCCCCATCCTTCG
19770	e16_c1_GAAGCCCGTAGTTCCA
19771	e16_c1_GAAGCGAAGGTCACCC
19772	e16_c1_GAAGCGAGTAACCAGG
19773	e16_c1_GAAGCGAGTACTCCCT
19774	e16_c1_GAAGCGATCTGGGTCG
19775	e16_c1_GAAGGACAGAGCAACC
19776	e16_c1_GAAGGACTCGCGGTAC
19777	e16_c1_GAAGGGTAGCAGTAAT
19778	e16_c1_GAAGGGTAGTAGACCG
19779	e16_c1_GAAGGGTCAGAAATCA
19780	e16_c1_GAAGGGTGTACCACGC
19781	e16_c1_GAAGGGTTCCCACAGG
19782	e16_c1_GAAGTAAAGCCAAGCA
19783	e16_c1_GAAGTAACACCGAATT
19784	e16_c1_GAAGTAACATTCGATG
19785	e16_c1_GAAGTAAGTTGCACGC
19786	e16_c1_GAATAGACACAAGCAG
19787	e16_c1_GAATAGATCGACCACG
19788	e16_c1_GAATCACGTCATGCAT
19789	e16_c1_GAATCACTCACTGAAC
19790	e16_c1_GAATCGTCAATCGAAA
19791	e16_c1_GAATCGTGTACCAGAG
19792	e16_c1_GAATCGTGTTCTCCAC
19793	e16_c1_GACACGCCAAGTCCCG
19794	e16_c1_GACACGCCAATCTCTT
19795	e16_c1_GACACGCTCCCAGTGG
19796	e16_c1_GACAGCCGTTGGGTAG
19797	e16_c1_GACAGCCTCTCTCTAA
19798	e16_c1_GACATCACACCCTAGG
19799	e16_c1_GACATCAGTAGAATGT
19800	e16_c1_GACATCATCCCGAAAT
19801	e16_c1_GACATCATCCCGATCT
19802	e16_c1_GACATCATCTTCGACC
19803	e16_c1_GACCAATAGAAGCTGC
19804	e16_c1_GACCAATAGCCTCACG
19805	e16_c1_GACCAATAGGCATTTC
19806	e16_c1_GACCAATGTACGTGTT
19807	e16_c1_GACCAATTCTTTGCAT
19808	e16_c1_GACCCAGAGTGGACTG
19809	e16_c1_GACCCAGGTTGTTGAC
19810	e16_c1_GACCCTTAGGTTCTAC
19811	e16_c1_GACCCTTAGTGATGGC
19812	e16_c1_GACCCTTAGTGCTACT
19813	e16_c1_GACCCTTCAGACAAGC
19814	e16_c1_GACCCTTGTTAGCGGA
19815	e16_c1_GACCCTTGTTTCCCAC
19816	e16_c1_GACCCTTTCCTTCGAC
19817	e16_c1_GACCGTGCAACGCATT
19818	e16_c1_GACCGTGCATAAGATG
19819	e16_c1_GACCGTGCATGTTCAG
19820	e16_c1_GACCGTGGTATTGAGA
19821	e16_c1_GACCGTGTCACAGAGG
19822	e16_c1_GACCGTGTCCGATGCG
19823	e16_c1_GACCGTGTCGATACGT
19824	e16_c1_GACCGTGTCGTGGCGT
19825	e16_c1_GACCTTCAGGCTTCCG
19826	e16_c1_GACGCTGCATCCGTTC
19827	e16_c1_GACGCTGGTAATGATG
19828	e16_c1_GACGCTGTCAACACGT
19829	e16_c1_GACGCTGTCGGATACT
19830	e16_c1_GACGTTAGTGGTAATA
19831	e16_c1_GACTATGAGCGTGAGT
19832	e16_c1_GACTATGAGTGTTGAA
19833	e16_c1_GACTATGGTATTTCCT
19834	e16_c1_GACTATGGTCACTTAG
19835	e16_c1_GACTATGGTTCCCACT
19836	e16_c1_GACTATGGTTCCTAAG
19837	e16_c1_GACTATGGTTGGGTTT
19838	e16_c1_GACTATGTCAGCTAGT
19839	e16_c1_GACTCAAAGCACCGAA
19840	e16_c1_GACTCAAAGGCACAAC
19841	e16_c1_GACTCAACAAATACGA
19842	e16_c1_GACTCAAGTATCGATC
19843	e16_c1_GACTCTCGTACGTTCA
19844	e16_c1_GACTCTCGTGCTCTTC
19845	e16_c1_GACTGATAGCGCATCC
19846	e16_c1_GACTGATCAGCACCCA
19847	e16_c1_GACTGATCATTCTCCG
19848	e16_c1_GACTGATTCCCAGGAC
19849	e16_c1_GACTTCCAGTTGGCGA
19850	e16_c1_GACTTCCGTCAGGTAG
19851	e16_c1_GAGAAATCAGAGTGTG
19852	e16_c1_GAGAAATCATTGTGCA
19853	e16_c1_GAGACCCAGGTACATA
19854	e16_c1_GAGACTTAGGGCCTCT
19855	e16_c1_GAGACTTGTCGGTACC
19856	e16_c1_GAGACTTTCGCTTACC
19857	e16_c1_GAGAGGTAGCGTCTCG
19858	e16_c1_GAGAGGTGTACTCGCG
19859	e16_c1_GAGAGGTGTAGCTAAA
19860	e16_c1_GAGCCTGCATGTGGTT
19861	e16_c1_GAGCTGCCACGCTGCA
19862	e16_c1_GAGCTGCGTGACTATC
19863	e16_c1_GAGGCAAGTGGTTCTA
19864	e16_c1_GAGGCAAGTTCGTAAC
19865	e16_c1_GAGGCAATCACTTTGT
19866	e16_c1_GAGGCCTGTCTTGAAC
19867	e16_c1_GAGGGATCAGGATGAC
19868	e16_c1_GAGGGTACACGGTGCT
19869	e16_c1_GAGGGTACAGCAGACA
19870	e16_c1_GAGGGTAGTGATCGTT
19871	e16_c1_GAGTCATCAACATCGT
19872	e16_c1_GAGTCATCATCATCTT
19873	e16_c1_GAGTCATCATCTCGTC
19874	e16_c1_GAGTCATGTTGCATCA
19875	e16_c1_GAGTCTAAGCAACAGC
19876	e16_c1_GAGTCTAAGTGCTCAT
19877	e16_c1_GAGTCTACACAGTCCG
19878	e16_c1_GAGTCTATCCACATAG
19879	e16_c1_GAGTGAGAGCCTCTCT
19880	e16_c1_GAGTGAGAGGGAGTGG
19881	e16_c1_GAGTGAGCACTTGAGT
19882	e16_c1_GAGTGAGCAGAAGCTG
19883	e16_c1_GAGTGAGGTCCTCCTA
19884	e16_c1_GAGTGAGGTCGGCTAC
19885	e16_c1_GAGTGAGGTGCGGCTT
19886	e16_c1_GAGTGTTAGAAGCTGC
19887	e16_c1_GAGTGTTAGATCCTAC
19888	e16_c1_GAGTGTTAGCGCCTAC
19889	e16_c1_GAGTGTTTCGTCCTTG
19890	e16_c1_GAGTGTTTCTGCTCTG
19891	e16_c1_GAGTTACAGCATCAGG
19892	e16_c1_GAGTTACCAGGTGTGA
19893	e16_c1_GAGTTGTAGTCACTGT
19894	e16_c1_GAGTTGTCATGAAAGT
19895	e16_c1_GAGTTGTGTACTAACC
19896	e16_c1_GAGTTTGCACAAGCTT
19897	e16_c1_GAGTTTGCATAGATGA
19898	e16_c1_GAGTTTGGTTCTAACG
19899	e16_c1_GAGTTTGTCAGCTAGT
19900	e16_c1_GATAGAAAGAATCGCG
19901	e16_c1_GATAGAAAGCGAATGC
19902	e16_c1_GATAGAAAGTATAACG
19903	e16_c1_GATAGAATCCATCTGC
19904	e16_c1_GATAGAATCGCATTAG
19905	e16_c1_GATAGCTAGGGATCTG
19906	e16_c1_GATAGCTCAAATTGCC
19907	e16_c1_GATAGCTGTAGACGGT
19908	e16_c1_GATCACAAGACACACG
19909	e16_c1_GATCACACAGCTAACT
19910	e16_c1_GATCACAGTGTTGCCG
19911	e16_c1_GATCAGTAGGCTAACG
19912	e16_c1_GATCAGTCAACCGATT
19913	e16_c1_GATCAGTGTAGAATGT
19914	e16_c1_GATCAGTGTCGTGGAA
19915	e16_c1_GATCAGTGTTGGTAGG
19916	e16_c1_GATCAGTTCCTACGGG
19917	e16_c1_GATCATGAGTGGTGAC
19918	e16_c1_GATCATGTCTGCGGCA
19919	e16_c1_GATCCCTAGACCATTC
19920	e16_c1_GATCCCTTCAACTGGT
19921	e16_c1_GATCCCTTCACCGCTT
19922	e16_c1_GATCGTACAACTGTGT
19923	e16_c1_GATGACTAGATACGAT
19924	e16_c1_GATGACTCAACCGATT
19925	e16_c1_GATGACTGTAACCCGC
19926	e16_c1_GATGACTTCCAGTGCG
19927	e16_c1_GATGAGGCATCGTTCC
19928	e16_c1_GATGAGGGTTCCGGTG
19929	e16_c1_GATGAGGGTTGCTGAT
19930	e16_c1_GATGATCGTCAACCTA
19931	e16_c1_GATGATCTCATAGAGA
19932	e16_c1_GATGATCTCCTACACC
19933	e16_c1_GATGCTAAGAGAGCCT
19934	e16_c1_GATGCTACAGTTTCGA
19935	e16_c1_GATGCTACATCCGGTG
19936	e16_c1_GATGCTAGTTGACGGA
19937	e16_c1_GATGCTATCATCGACA
19938	e16_c1_GATGGAGAGCGCTTCG
19939	e16_c1_GATGGAGAGGCCTAAG
19940	e16_c1_GATGGAGCACAAATAG
19941	e16_c1_GATGGAGTCAATCAGC
19942	e16_c1_GATGGAGTCCTCTAGC
19943	e16_c1_GATGTTGTCTCAGGCG
19944	e16_c1_GATTCGAGTACGTTCA
19945	e16_c1_GATTCGAGTGCCCAGT
19946	e16_c1_GATTCGATCTACTATC
19947	e16_c1_GATTCTTAGAAGCGAA
19948	e16_c1_GATTCTTAGCAGAAAG
19949	e16_c1_GATTCTTAGGGTTAAT
19950	e16_c1_GATTCTTGTGAGAGGG
19951	e16_c1_GATTCTTGTGTCTTAG
19952	e16_c1_GATTCTTTCTGTCAGA
19953	e16_c1_GATTGGTGTCCACACG
19954	e16_c1_GATTGGTGTGAGACCA
19955	e16_c1_GATTGGTGTTGGGATG
19956	e16_c1_GATTGGTTCGAACTCA
19957	e16_c1_GATTGGTTCGTCCATC
19958	e16_c1_GATTTCTAGTATCCTG
19959	e16_c1_GATTTCTAGTGCCTCG
19960	e16_c1_GATTTCTGTGTTGAGG
19961	e16_c1_GATTTCTTCCTCATAT
19962	e16_c1_GATTTCTTCGGTTGTA
19963	e16_c1_GCAACATAGCGAACTG
19964	e16_c1_GCAACATGTCCGGTCA
19965	e16_c1_GCAACATGTGACACGA
19966	e16_c1_GCAACATTCCTGTAAG
19967	e16_c1_GCAACATTCGATACAC
19968	e16_c1_GCAACATTCTGCCTGT
19969	e16_c1_GCAACCGAGAGTTGTA
19970	e16_c1_GCAACCGCACCATAAC
19971	e16_c1_GCACATAAGTTACGTC
19972	e16_c1_GCACATACATCGGTTA
19973	e16_c1_GCACATATCCTCATAT
19974	e16_c1_GCACGGTCATGATGCT
19975	e16_c1_GCACGGTTCCTCTAAT
19976	e16_c1_GCACGTGTCCTGGGTG
19977	e16_c1_GCACGTGTCGCGCCAA
19978	e16_c1_GCACTAACAACCGTGC
19979	e16_c1_GCACTAAGTGGCAACA
19980	e16_c1_GCACTAATCTCGTCAC
19981	e16_c1_GCAGCCAAGAGAGCAA
19982	e16_c1_GCAGCCACAATGGGTG
19983	e16_c1_GCAGCCACAGTATTCG
19984	e16_c1_GCAGCCATCCCTGGTT
19985	e16_c1_GCAGCTGAGTCATAGA
19986	e16_c1_GCAGCTGGTCGTCAGC
19987	e16_c1_GCAGCTGGTGGATTTC
19988	e16_c1_GCAGCTGGTGTGACCC
19989	e16_c1_GCAGGCTCACGTCGTG
19990	e16_c1_GCAGGCTTCCTTATGT
19991	e16_c1_GCAGTTAAGATGCTGG
19992	e16_c1_GCAGTTAAGCCGAATG
19993	e16_c1_GCAGTTAAGGCAGCTA
19994	e16_c1_GCAGTTAAGTTTGAGA
19995	e16_c1_GCAGTTAGTACCGGAA
19996	e16_c1_GCAGTTAGTCAAGCCC
19997	e16_c1_GCAGTTATCATGCCAA
19998	e16_c1_GCATCGGCAAGTAGTA
19999	e16_c1_GCATCGGCAGAGAAAG
20000	e16_c1_GCATCGGTCCCGAAAT
20001	e16_c1_GCATCGGTCGTGGCTG
20002	e16_c1_GCATCGGTCTCGGCTT
20003	e16_c1_GCATCTCAGCCACAAG
20004	e16_c1_GCATCTCGTGCTAGCC
20005	e16_c1_GCATTAGCAACATACC
20006	e16_c1_GCATTAGCAGTCTCTC
20007	e16_c1_GCATTAGGTGAGCTCC
20008	e16_c1_GCCAACGAGGACTAAT
20009	e16_c1_GCCAACGGTCTGTAAC
20010	e16_c1_GCCAGCAAGGGTTGCA
20011	e16_c1_GCCAGCACAATTCTTC
20012	e16_c1_GCCAGCAGTACAAGCG
20013	e16_c1_GCCAGCATCAGTCCGG
20014	e16_c1_GCCAGGTAGCTCACTA
20015	e16_c1_GCCAGGTCAAGTACCT
20016	e16_c1_GCCAGGTGTGCCTGCA
20017	e16_c1_GCCAGGTTCCTTATCA
20018	e16_c1_GCCAGGTTCGGATAAA
20019	e16_c1_GCCAGTGAGAATGTTG
20020	e16_c1_GCCAGTGCAAGTGGGT
20021	e16_c1_GCCAGTGCACTGTCCT
20022	e16_c1_GCCAGTGCAGGGAGAG
20023	e16_c1_GCCAGTGGTAGATTGA
20024	e16_c1_GCCAGTGGTTTCTTAC
20025	e16_c1_GCCAGTGTCGCTACGG
20026	e16_c1_GCCATGGAGAATTCAG
20027	e16_c1_GCCATTCCATCCGGTG
20028	e16_c1_GCCATTCGTACTGAGG
20029	e16_c1_GCCATTCGTTAAGGGC
20030	e16_c1_GCCATTCTCGGCTCTT
20031	e16_c1_GCCCAGAAGAAACTGT
20032	e16_c1_GCCCAGACAACCTAAC
20033	e16_c1_GCCCAGATCACTGGGC
20034	e16_c1_GCCCAGATCGAAGCCC
20035	e16_c1_GCCCGAAAGCTGACAG
20036	e16_c1_GCCCGAACACTATCCC
20037	e16_c1_GCCCGAACAGCAGAAC
20038	e16_c1_GCCGATGAGTTACGTC
20039	e16_c1_GCCGATGCAGAGTTCT
20040	e16_c1_GCCGATGCATCGTGGC
20041	e16_c1_GCCGATGTCATTGCCC
20042	e16_c1_GCCGATGTCCAAGCAT
20043	e16_c1_GCCGATGTCCCAAGCG
20044	e16_c1_GCCGTGAAGCCTCAAT
20045	e16_c1_GCCGTGAAGGTTTACC
20046	e16_c1_GCCGTGAAGTGCACCC
20047	e16_c1_GCCGTGACAGAATGTA
20048	e16_c1_GCCGTGAGTAGCGCCT
20049	e16_c1_GCCGTGAGTCCTCATC
20050	e16_c1_GCCGTGAGTGGTCCGT
20051	e16_c1_GCCGTGAGTGTCTTGA
20052	e16_c1_GCCTGTTAGCGTATAA
20053	e16_c1_GCCTGTTAGGCTTAGG
20054	e16_c1_GCCTGTTCAGAGCGTA
20055	e16_c1_GCCTGTTGTCGTTGGC
20056	e16_c1_GCCTGTTTCACACCCT
20057	e16_c1_GCCTGTTTCACTTGTT
20058	e16_c1_GCGAGAAAGGCCCGTT
20059	e16_c1_GCGAGAACACAGTGTT
20060	e16_c1_GCGAGAAGTGCATCTA
20061	e16_c1_GCGAGAAGTGGATCAG
20062	e16_c1_GCGAGAATCAGCACCG
20063	e16_c1_GCGAGAATCCAGGACC
20064	e16_c1_GCGAGAATCCTAGAGT
20065	e16_c1_GCGAGAATCTTGCGCT
20066	e16_c1_GCGATCGAGTCATGCT
20067	e16_c1_GCGATCGCAAGCTGTT
20068	e16_c1_GCGATCGGTGAGTGAC
20069	e16_c1_GCGGAAAAGAGTGGCT
20070	e16_c1_GCGGAAAAGTTCAACC
20071	e16_c1_GCGGATCCAAGCGAAC
20072	e16_c1_GCGGATCGTGACTGAG
20073	e16_c1_GCGTGCAAGAAGAACG
20074	e16_c1_GCGTGCAAGGAACGCT
20075	e16_c1_GCGTGCATCGAGCCAC
20076	e16_c1_GCGTGCATCGTGTGAT
20077	e16_c1_GCGTTTCGTGGATGAC
20078	e16_c1_GCGTTTCGTGTCATCA
20079	e16_c1_GCTACAACAAAGACGC
20080	e16_c1_GCTACAAGTCGGTGAA
20081	e16_c1_GCTACAATCGATGGAG
20082	e16_c1_GCTACCTCAACACACT
20083	e16_c1_GCTACCTCAGCTTCGG
20084	e16_c1_GCTACCTGTCCATCTC
20085	e16_c1_GCTACCTGTGAGGAAA
20086	e16_c1_GCTCAAAAGATCGCTT
20087	e16_c1_GCTCAAACAGCTGTCG
20088	e16_c1_GCTCAAAGTAATTAGG
20089	e16_c1_GCTCAAAGTTTATGCG
20090	e16_c1_GCTCAAATCTCCCATG
20091	e16_c1_GCTCAAATCTTCGACC
20092	e16_c1_GCTGAATAGCCTAACT
20093	e16_c1_GCTGAATAGTGCAGCA
20094	e16_c1_GCTGAATCAAGCACCC
20095	e16_c1_GCTGAATCAGCTTTCC
20096	e16_c1_GCTGAATGTAGGTTTC
20097	e16_c1_GCTGAATGTATCGATC
20098	e16_c1_GCTGAATGTATGGTTC
20099	e16_c1_GCTGCAGAGGAAAGTG
20100	e16_c1_GCTGCAGTCACCGACG
20101	e16_c1_GCTGGGTAGACTGGGT
20102	e16_c1_GCTGGGTAGAGCAGAA
20103	e16_c1_GCTGGGTAGCCTGTCG
20104	e16_c1_GCTGGGTCACGAAGAC
20105	e16_c1_GCTGGGTCACTTTAGG
20106	e16_c1_GCTGGGTGTAGCTGTT
20107	e16_c1_GCTGGGTGTAGCTTTG
20108	e16_c1_GCTGGGTGTTCTAAGC
20109	e16_c1_GCTGGGTTCTCTCTTC
20110	e16_c1_GCTTCACCAGTGCCTG
20111	e16_c1_GCTTCACGTCGGAAAC
20112	e16_c1_GCTTCACTCTCGTCAC
20113	e16_c1_GCTTGGGAGGCGTTAG
20114	e16_c1_GCTTGGGAGTGGTTAA
20115	e16_c1_GCTTGGGCAGAGGGTT
20116	e16_c1_GCTTTCGAGCCGTCGT
20117	e16_c1_GCTTTCGAGGAGCAAA
20118	e16_c1_GCTTTCGAGTTCTCTT
20119	e16_c1_GCTTTCGCAGAGTGAC
20120	e16_c1_GGAACCCAGCCTCTCT
20121	e16_c1_GGAACCCAGTATCCTG
20122	e16_c1_GGAACCCCAGGCACAA
20123	e16_c1_GGAACCCGTAGCTGCC
20124	e16_c1_GGAACCCGTCAAGCGA
20125	e16_c1_GGAACCCGTTTACCAG
20126	e16_c1_GGAACCCTCATGGAGG
20127	e16_c1_GGAAGTGCAGCTACTA
20128	e16_c1_GGAAGTGGTACAGCGA
20129	e16_c1_GGAATCTAGCAAATCA
20130	e16_c1_GGAATCTCAGCCGTTG
20131	e16_c1_GGAATCTCAGGTGTGA
20132	e16_c1_GGAATGGAGAAGTATC
20133	e16_c1_GGAATGGCAAGAATGT
20134	e16_c1_GGAATGGCAAGTGACG
20135	e16_c1_GGAATGGCACAATTCG
20136	e16_c1_GGAATGGCAGCACAGA
20137	e16_c1_GGAATGGCATTCGGGC
20138	e16_c1_GGAATGGTCTTCCGTG
20139	e16_c1_GGACGTCCATGTACGT
20140	e16_c1_GGACGTCGTAACATGA
20141	e16_c1_GGAGAACAGGGACACT
20142	e16_c1_GGAGAACCATCACGGC
20143	e16_c1_GGAGAACGTTAGTCGT
20144	e16_c1_GGAGAACTCCTACCAC
20145	e16_c1_GGAGATGAGAGTCTGG
20146	e16_c1_GGAGATGGTATTGACC
20147	e16_c1_GGAGATGGTTATGTGC
20148	e16_c1_GGAGCAAAGCAATTAG
20149	e16_c1_GGAGCAAGTAGTCGGA
20150	e16_c1_GGAGCAATCCGCGATG
20151	e16_c1_GGAGCAATCTTACCGC
20152	e16_c1_GGAGGATGTGCCAAGA
20153	e16_c1_GGAGGATGTGTGGTCC
20154	e16_c1_GGAGGATTCCACACAA
20155	e16_c1_GGAGGTACACAGTCGC
20156	e16_c1_GGATCTAAGAATCGTA
20157	e16_c1_GGATCTACAAGACTGG
20158	e16_c1_GGATCTACAATCGAAA
20159	e16_c1_GGATCTATCAGACCTA
20160	e16_c1_GGATCTATCGCTACGG
20161	e16_c1_GGATCTATCTCCCTAG
20162	e16_c1_GGCACGTAGATGATTG
20163	e16_c1_GGCACGTCAAAGCTCT
20164	e16_c1_GGCAGTCAGAGTTCGG
20165	e16_c1_GGCAGTCGTCATAGTC
20166	e16_c1_GGCAGTCTCTGCGAGC
20167	e16_c1_GGCGTCAGTCAAATCC
20168	e16_c1_GGCTGTGCAGAAGTTA
20169	e16_c1_GGCTGTGCAGCGTACC
20170	e16_c1_GGCTGTGGTTGTCATG
20171	e16_c1_GGCTTGGAGTTAGTGA
20172	e16_c1_GGCTTGGAGTTCCATG
20173	e16_c1_GGCTTGGGTACCCGAC
20174	e16_c1_GGCTTGGTCCTCGCAT
20175	e16_c1_GGCTTTCAGCTGGTGA
20176	e16_c1_GGCTTTCAGGGATCGT
20177	e16_c1_GGCTTTCAGTGCCAGA
20178	e16_c1_GGCTTTCCACTTTAGG
20179	e16_c1_GGCTTTCCAGGCGATA
20180	e16_c1_GGCTTTCGTACTCAAC
20181	e16_c1_GGCTTTCTCAGATGCT
20182	e16_c1_GGCTTTCTCATCACTT
20183	e16_c1_GGCTTTCTCGACGACC
20184	e16_c1_GGGAAGTTCCACGGGT
20185	e16_c1_GGGACAAAGACTTGTC
20186	e16_c1_GGGACAAAGTGCCGAA
20187	e16_c1_GGGACAACATATGGCT
20188	e16_c1_GGGACAATCACGATCA
20189	e16_c1_GGGACAATCTATGCCC
20190	e16_c1_GGGACAATCTTGAACG
20191	e16_c1_GGGACCTAGCTGGTGA
20192	e16_c1_GGGACCTCAGGTTCGC
20193	e16_c1_GGGACTCCAATAACGA
20194	e16_c1_GGGACTCCACAGTACT
20195	e16_c1_GGGACTCGTTAACCTG
20196	e16_c1_GGGACTCTCGAGCCTG
20197	e16_c1_GGGACTCTCGGTCATA
20198	e16_c1_GGGACTCTCTTCGACC
20199	e16_c1_GGGAGATTCGCTAAAC
20200	e16_c1_GGGAGATTCGTTCTCG
20201	e16_c1_GGGATCCAGCCTGCCA
20202	e16_c1_GGGATCCAGTAAGAGG
20203	e16_c1_GGGATCCAGTTGTACC
20204	e16_c1_GGGATCCCAAGACCGA
20205	e16_c1_GGGATCCCAAGTATCC
20206	e16_c1_GGGATCCTCTCGCAGG
20207	e16_c1_GGGATGAAGAGCGACT
20208	e16_c1_GGGATGAAGTGGAAAG
20209	e16_c1_GGGATGAAGTTGCTCA
20210	e16_c1_GGGATGACACTAACCA
20211	e16_c1_GGGATGACACTAGGTT
20212	e16_c1_GGGATGAGTGAGCCAA
20213	e16_c1_GGGCCATCACGAGAAC
20214	e16_c1_GGGCCATCAGCATACT
20215	e16_c1_GGGCCATTCTGAATGC
20216	e16_c1_GGGCGTTAGAAATCCA
20217	e16_c1_GGGCGTTAGAATACAC
20218	e16_c1_GGGCGTTTCAGGACGA
20219	e16_c1_GGGCTACAGATTGTGA
20220	e16_c1_GGGCTACAGCATTTGC
20221	e16_c1_GGGCTACCACGACGTC
20222	e16_c1_GGGCTACGTAGGTTTC
20223	e16_c1_GGGTAGACAAGAATAC
20224	e16_c1_GGGTAGACACCAGCGT
20225	e16_c1_GGGTAGACAGCTATTG
20226	e16_c1_GGGTAGAGTCACCGAC
20227	e16_c1_GGGTAGATCAGTAGGG
20228	e16_c1_GGGTATTAGCTCGCAC
20229	e16_c1_GGGTATTGTAGACAGC
20230	e16_c1_GGGTATTGTCGCGGTT
20231	e16_c1_GGGTATTTCATTACTC
20232	e16_c1_GGGTCACAGCGAGTCA
20233	e16_c1_GGGTCACCATTGGCAT
20234	e16_c1_GGGTCACGTCCACATA
20235	e16_c1_GGGTCACTCTTCTGTA
20236	e16_c1_GGGTCTGAGGGCGAAG
20237	e16_c1_GGGTCTGAGGGTTAGC
20238	e16_c1_GGGTCTGCAACCCGCA
20239	e16_c1_GGGTCTGCAAGTCCCG
20240	e16_c1_GGGTCTGCACGTACTA
20241	e16_c1_GGGTCTGGTCAAGCGA
20242	e16_c1_GGGTGAAGTGAGCAGT
20243	e16_c1_GGGTGAATCGGTAAGG
20244	e16_c1_GGGTGTCAGGGAGATA
20245	e16_c1_GGGTGTCAGTTTGCTG
20246	e16_c1_GGGTGTCGTCTTCTAT
20247	e16_c1_GGGTGTCTCGTCCTCA
20248	e16_c1_GGGTTATAGAATTTGG
20249	e16_c1_GGGTTATAGCACCGAA
20250	e16_c1_GGGTTATCAGTATGAA
20251	e16_c1_GGGTTATCATGTGTCA
20252	e16_c1_GGGTTATTCGGAATGG
20253	e16_c1_GGGTTTAAGCACCGTC
20254	e16_c1_GGGTTTAAGCGACAGT
20255	e16_c1_GGGTTTAAGGTAAGGA
20256	e16_c1_GGGTTTACAAATTGCC
20257	e16_c1_GGGTTTACAAGTCCAT
20258	e16_c1_GGTAACTCAGCTCCTT
20259	e16_c1_GGTAACTGTCTAATCG
20260	e16_c1_GGTAACTTCAGTCATG
20261	e16_c1_GGTAACTTCCGTTGAA
20262	e16_c1_GGTAACTTCTCGCAGG
20263	e16_c1_GGTAATCAGACTTCCA
20264	e16_c1_GGTAATCAGCGCCTAC
20265	e16_c1_GGTAATCCAATACGCT
20266	e16_c1_GGTAATCGTTTACGTG
20267	e16_c1_GGTAATCTCGCCGAGT
20268	e16_c1_GGTAGAGAGAGCTGAC
20269	e16_c1_GGTAGAGAGCTTTCTT
20270	e16_c1_GGTAGAGAGGAGTATT
20271	e16_c1_GGTAGAGCAACTCATG
20272	e16_c1_GGTAGAGCAGCGGATA
20273	e16_c1_GGTAGAGCAGTCTTCC
20274	e16_c1_GGTAGAGGTCGGCACT
20275	e16_c1_GGTAGAGGTTGTACGT
20276	e16_c1_GGTAGAGTCAAATGCC
20277	e16_c1_GGTAGAGTCAGATGCT
20278	e16_c1_GGTAGAGTCTGGGCCA
20279	e16_c1_GGTCACGCAGCAGTAG
20280	e16_c1_GGTCACGCATCGATAC
20281	e16_c1_GGTCACGCATCGTGGC
20282	e16_c1_GGTCACGGTCGCAGTC
20283	e16_c1_GGTCTGGAGGACTGGT
20284	e16_c1_GGTCTGGCAAGACCTT
20285	e16_c1_GGTCTGGCATGAATAG
20286	e16_c1_GGTCTGGTCATGGCCG
20287	e16_c1_GGTGAAGAGAAGCTCG
20288	e16_c1_GGTGAAGAGTCCCAAT
20289	e16_c1_GGTGATTAGTACGAGC
20290	e16_c1_GGTGATTCAAACTAGA
20291	e16_c1_GGTGATTCAATTGCTG
20292	e16_c1_GGTGATTGTCCACACG
20293	e16_c1_GGTGATTGTCGTTCAA
20294	e16_c1_GGTGATTGTGTTTACG
20295	e16_c1_GGTGATTTCGCCTTTG
20296	e16_c1_GGTGTCGAGCCGTAAG
20297	e16_c1_GGTGTCGCAACGTATC
20298	e16_c1_GGTGTCGGTAACAAGT
20299	e16_c1_GGTGTCGGTTACGGAG
20300	e16_c1_GGTGTTAAGGGTCTTT
20301	e16_c1_GGTGTTACAGGCTACC
20302	e16_c1_GGTTAACGTATTTCGG
20303	e16_c1_GGTTAACTCATTGCCC
20304	e16_c1_GGTTAACTCGTGGCGT
20305	e16_c1_GGTTAACTCTCCGTGT
20306	e16_c1_GGTTCTCAGTTCCATG
20307	e16_c1_GGTTCTCCACGACGCT
20308	e16_c1_GGTTCTCTCGGTGAAG
20309	e16_c1_GGTTGTAAGATGAAGG
20310	e16_c1_GTAACACGTTAACCTG
20311	e16_c1_GTAACACGTTGTAGCT
20312	e16_c1_GTAACACTCAGAGCAG
20313	e16_c1_GTAACACTCCATTGCC
20314	e16_c1_GTAACACTCGCCGAAC
20315	e16_c1_GTAACCAAGACCCTTA
20316	e16_c1_GTAACCAAGAGTAACT
20317	e16_c1_GTAACCAGTTCCCACT
20318	e16_c1_GTAACCATCGGATAAA
20319	e16_c1_GTAACCATCTCGTTTA
20320	e16_c1_GTAAGTCAGCAATTAG
20321	e16_c1_GTAAGTCCACAAGGTG
20322	e16_c1_GTAAGTCCATGATAGA
20323	e16_c1_GTAATCGCAGCAGGAT
20324	e16_c1_GTAATCGGTCGATTCA
20325	e16_c1_GTAATCGGTTCTTGTT
20326	e16_c1_GTAATCGTCCACGTCT
20327	e16_c1_GTAATGCAGGCCATAG
20328	e16_c1_GTACAACAGTAGTGCG
20329	e16_c1_GTACAACCAGGTCCGT
20330	e16_c1_GTACAACGTGTTCATG
20331	e16_c1_GTACAACGTTACCCTC
20332	e16_c1_GTACAGTAGGTTAGTA
20333	e16_c1_GTACAGTCAATGTTGC
20334	e16_c1_GTAGAAAAGGGCAGAG
20335	e16_c1_GTAGAAAGTGGAAATT
20336	e16_c1_GTAGAAATCGAGTACT
20337	e16_c1_GTAGAGGAGAACCGCA
20338	e16_c1_GTAGAGGAGCCTGAAG
20339	e16_c1_GTAGAGGAGGATATAC
20340	e16_c1_GTAGAGGGTGCCCTTT
20341	e16_c1_GTAGAGGTCGGTAACT
20342	e16_c1_GTAGATCCATCCAACA
20343	e16_c1_GTAGATCGTTTAGACC
20344	e16_c1_GTAGCTAAGCTAAACA
20345	e16_c1_GTAGCTACAACGCCCA
20346	e16_c1_GTAGCTACACTTTATC
20347	e16_c1_GTAGCTACATTGAGGG
20348	e16_c1_GTAGCTAGTTAAGAAC
20349	e16_c1_GTAGGAGAGGTCTGGA
20350	e16_c1_GTAGGAGAGTCATTGC
20351	e16_c1_GTAGGAGAGTTGCCTA
20352	e16_c1_GTAGGAGCACCGTACG
20353	e16_c1_GTAGGAGCACTACACA
20354	e16_c1_GTAGGAGGTTACCCAA
20355	e16_c1_GTAGGAGGTTGGGAAC
20356	e16_c1_GTAGGAGTCTCGCTCA
20357	e16_c1_GTAGGTTAGGATTACA
20358	e16_c1_GTAGGTTCACGAGGAT
20359	e16_c1_GTAGGTTCAGTTAGAA
20360	e16_c1_GTAGGTTCATGGAAGC
20361	e16_c1_GTAGGTTGTTGGACCC
20362	e16_c1_GTAGGTTTCATCCTGC
20363	e16_c1_GTAGGTTTCGAGTCTA
20364	e16_c1_GTAGTACAGCCTGAAG
20365	e16_c1_GTAGTACAGTGAGTTA
20366	e16_c1_GTAGTACGTGCAATAA
20367	e16_c1_GTATTGGCACGACGAA
20368	e16_c1_GTATTGGGTATGATCC
20369	e16_c1_GTATTGGGTTTGACAC
20370	e16_c1_GTATTGGTCGCAGAGA
20371	e16_c1_GTATTTCAGGGAGGCA
20372	e16_c1_GTATTTCTCCCGAATA
20373	e16_c1_GTATTTCTCCCGGTAG
20374	e16_c1_GTCAAACAGGTCGTCC
20375	e16_c1_GTCAAACCAGTGTGGA
20376	e16_c1_GTCAAACGTTCCGCAG
20377	e16_c1_GTCAAACTCTTCTGTA
20378	e16_c1_GTCAAGTAGAGGTGCT
20379	e16_c1_GTCAAGTAGCGTACAG
20380	e16_c1_GTCAAGTGTATACCCA
20381	e16_c1_GTCAAGTTCTCCATAT
20382	e16_c1_GTCACGGAGTTTGTCG
20383	e16_c1_GTCACGGTCCTATGGA
20384	e16_c1_GTCACTCTCTTCCACG
20385	e16_c1_GTCAGCGAGGTTGACG
20386	e16_c1_GTCAGCGAGTCTGGAG
20387	e16_c1_GTCAGCGCATGAGGGT
20388	e16_c1_GTCAGCGGTCTTCAAG
20389	e16_c1_GTCAGCGGTGTCTTGA
20390	e16_c1_GTCAGCGTCCATAGGT
20391	e16_c1_GTCAGCGTCTGGAAGG
20392	e16_c1_GTCATCCGTATGTCTG
20393	e16_c1_GTCATCCGTCAGCGTC
20394	e16_c1_GTCATCCGTGCCTTTC
20395	e16_c1_GTCATCCTCGTGTGAT
20396	e16_c1_GTCATCCTCTGTGCGG
20397	e16_c1_GTCATGAAGTCGTCTA
20398	e16_c1_GTCATGAGTTTGAACC
20399	e16_c1_GTCATGATCACCTTGC
20400	e16_c1_GTCATTTAGAACCGCA
20401	e16_c1_GTCATTTAGCGCATCC
20402	e16_c1_GTCATTTAGGCACCAA
20403	e16_c1_GTCATTTAGTGCACTT
20404	e16_c1_GTCATTTTCTGAGGTT
20405	e16_c1_GTCCACTAGCAGTCTT
20406	e16_c1_GTCCACTAGCCTCACG
20407	e16_c1_GTCCACTCAATCGCGC
20408	e16_c1_GTCCACTGTGAGAGGG
20409	e16_c1_GTCCCATAGATCGGTG
20410	e16_c1_GTCCCATAGGCACAAC
20411	e16_c1_GTCCCATCACGCTGCA
20412	e16_c1_GTCCCATCACTGAATC
20413	e16_c1_GTCCCATCAGCACGAA
20414	e16_c1_GTCCCATCATAAGCAA
20415	e16_c1_GTCCCATCATATGGCT
20416	e16_c1_GTCCCATGTCGATGCC
20417	e16_c1_GTCCCATTCTTGTTAC
20418	e16_c1_GTCCTCACAGTCAGAG
20419	e16_c1_GTCCTCAGTCAAAGAT
20420	e16_c1_GTCCTCATCACACGAT
20421	e16_c1_GTCGAATAGGATGTTA
20422	e16_c1_GTCGAATCACACCTAA
20423	e16_c1_GTCGAATCAGCCATTA
20424	e16_c1_GTCGAATGTGTGACCC
20425	e16_c1_GTCGAATTCGGACAAG
20426	e16_c1_GTCGCGAAGAAAGCGA
20427	e16_c1_GTCGCGATCCAGCACG
20428	e16_c1_GTCGCGATCCCTAGGG
20429	e16_c1_GTCGCGATCTAATTCC
20430	e16_c1_GTCGCGATCTCGCTTG
20431	e16_c1_GTCGTAAAGGGATCGT
20432	e16_c1_GTCGTAACATGTTACG
20433	e16_c1_GTCGTAAGTAGTCGGA
20434	e16_c1_GTCGTAAGTTGCAACT
20435	e16_c1_GTCGTAATCCCGGTAG
20436	e16_c1_GTCGTAATCGCAAGAG
20437	e16_c1_GTCGTTCCATTGAAAG
20438	e16_c1_GTCGTTCTCCCGTTCA
20439	e16_c1_GTCTACCAGGGCTGAT
20440	e16_c1_GTCTACCAGTAAATGC
20441	e16_c1_GTCTACCTCGGACAAG
20442	e16_c1_GTCTAGACATCGATGT
20443	e16_c1_GTCTAGATCAAGTAAG
20444	e16_c1_GTCTAGATCATCGTAG
20445	e16_c1_GTCTAGATCTCTCCGA
20446	e16_c1_GTCTCACAGAAGTGTT
20447	e16_c1_GTCTCACGTTTCCATT
20448	e16_c1_GTCTCACTCACGGACC
20449	e16_c1_GTCTCACTCCTTGGAA
20450	e16_c1_GTCTGTCAGTACCCTA
20451	e16_c1_GTCTGTCGTCATGCAT
20452	e16_c1_GTCTGTCTCACTACTT
20453	e16_c1_GTCTTTAAGACTAAGT
20454	e16_c1_GTCTTTAAGTCGTTAC
20455	e16_c1_GTCTTTACAAAGGCGT
20456	e16_c1_GTCTTTAGTTCGTGCG
20457	e16_c1_GTGACGCAGCACTAGG
20458	e16_c1_GTGACGCAGGACATCG
20459	e16_c1_GTGACGCGTAGTTCCA
20460	e16_c1_GTGAGCCAGAGGTATT
20461	e16_c1_GTGAGCCAGCCGATAG
20462	e16_c1_GTGAGCCCACCGGTCA
20463	e16_c1_GTGAGCCTCCGAAATC
20464	e16_c1_GTGAGGAAGACGCAGT
20465	e16_c1_GTGAGGAAGCACTAAA
20466	e16_c1_GTGAGGAAGGGAGGTG
20467	e16_c1_GTGAGGAGTCGATTCA
20468	e16_c1_GTGAGGATCAAACCTG
20469	e16_c1_GTGAGTTAGGTTGTTC
20470	e16_c1_GTGAGTTAGTGACACG
20471	e16_c1_GTGAGTTCAGAGACTG
20472	e16_c1_GTGAGTTGTCTCGACG
20473	e16_c1_GTGAGTTTCCCGATCT
20474	e16_c1_GTGAGTTTCTGAGTCA
20475	e16_c1_GTGATGTCACGAGAAC
20476	e16_c1_GTGATGTGTTAAGAAC
20477	e16_c1_GTGATGTGTTCCATTT
20478	e16_c1_GTGCACGAGCACCTGC
20479	e16_c1_GTGCACGCAATAGGGC
20480	e16_c1_GTGCACGCACTTACAG
20481	e16_c1_GTGCACGTCATGTCTT
20482	e16_c1_GTGCAGCAGCACGATG
20483	e16_c1_GTGCAGCCAGCGTTGC
20484	e16_c1_GTGCAGCGTTCTCAGA
20485	e16_c1_GTGCGTGAGCGGGTTA
20486	e16_c1_GTGCGTGGTGCCCACA
20487	e16_c1_GTGCGTGTCTCTGACC
20488	e16_c1_GTGCTGGAGGTTCACT
20489	e16_c1_GTGCTGGCAACGCCCA
20490	e16_c1_GTGCTGGTCACTGCTC
20491	e16_c1_GTGCTTCTCACCCTGT
20492	e16_c1_GTGCTTCTCATGCCGG
20493	e16_c1_GTGCTTCTCGCCAACG
20494	e16_c1_GTGGAAGAGTTAGTGA
20495	e16_c1_GTGGAAGTCCCTCGAT
20496	e16_c1_GTGGAAGTCTATCGTT
20497	e16_c1_GTGGAGAAGTCGCTAT
20498	e16_c1_GTGGAGAGTGGAAATT
20499	e16_c1_GTGGAGATCAAGCCCG
20500	e16_c1_GTGGAGATCGCGTTTC
20501	e16_c1_GTGGAGATCTTCTGGC
20502	e16_c1_GTGGCGTAGCTGAGTG
20503	e16_c1_GTGGCGTCACCTCTGT
20504	e16_c1_GTGGCGTCACTTCCTG
20505	e16_c1_GTGGCGTGTCTAGATC
20506	e16_c1_GTGGCGTTCGTCAAAC
20507	e16_c1_GTGGGAAAGGGATGTC
20508	e16_c1_GTGGGAAAGTAGGCCA
20509	e16_c1_GTGGGAACAGTAGATA
20510	e16_c1_GTGGGAACAGTGTATC
20511	e16_c1_GTGGGAACATTCGGGC
20512	e16_c1_GTGGTTAAGGCACGAT
20513	e16_c1_GTGGTTAAGGGTCACA
20514	e16_c1_GTGGTTAGTAGCACGA
20515	e16_c1_GTGGTTATCCTTGGAA
20516	e16_c1_GTGTAACAGAGAGCCT
20517	e16_c1_GTGTAACAGCTGAAGC
20518	e16_c1_GTGTAACAGTAACGTA
20519	e16_c1_GTGTCCTTCGGTCATA
20520	e16_c1_GTGTGATTCCAATCTT
20521	e16_c1_GTGTGGCAGGAGAGTA
20522	e16_c1_GTGTGGCCACGCACCA
20523	e16_c1_GTGTGGCCATGACTCA
20524	e16_c1_GTGTTAGAGGCCACCT
20525	e16_c1_GTGTTAGCAGACGGAT
20526	e16_c1_GTGTTAGGTATCTCGA
20527	e16_c1_GTGTTAGGTTACAGCT
20528	e16_c1_GTGTTCCAGGTGATAT
20529	e16_c1_GTGTTCCAGTTGTAGA
20530	e16_c1_GTGTTCCCACGAGAAC
20531	e16_c1_GTGTTCCCATGGCTGC
20532	e16_c1_GTGTTCCCATTCTGTT
20533	e16_c1_GTGTTCCTCGGTCAGC
20534	e16_c1_GTTACAGAGTCTAGAA
20535	e16_c1_GTTACAGCACTCCACT
20536	e16_c1_GTTACAGGTGGCGCTT
20537	e16_c1_GTTACAGTCCCTGGTT
20538	e16_c1_GTTACAGTCTCTTCAA
20539	e16_c1_GTTACCCCAATCGCGC
20540	e16_c1_GTTACCCCAGCACAGA
20541	e16_c1_GTTACCCCAGCAGTGA
20542	e16_c1_GTTACCCGTGCTCTTC
20543	e16_c1_GTTACCCTCACTGTTT
20544	e16_c1_GTTACCCTCCCAAGTA
20545	e16_c1_GTTACGACACTACAGT
20546	e16_c1_GTTACGAGTAGCGTTT
20547	e16_c1_GTTACGAGTCACCACG
20548	e16_c1_GTTACGAGTTGTACGT
20549	e16_c1_GTTACGATCACAAGGG
20550	e16_c1_GTTAGACAGTGGCCTC
20551	e16_c1_GTTAGACCACAACGAG
20552	e16_c1_GTTAGACCACTGCACG
20553	e16_c1_GTTAGACCATTGCCTC
20554	e16_c1_GTTAGTGGTAGTCTGT
20555	e16_c1_GTTAGTGTCAAATGAG
20556	e16_c1_GTTAGTGTCTTGGTCC
20557	e16_c1_GTTATGGAGCCGTCGT
20558	e16_c1_GTTATGGAGTGCCGAA
20559	e16_c1_GTTATGGCACAATCTG
20560	e16_c1_GTTATGGCACATCATG
20561	e16_c1_GTTATGGCACCTAAAC
20562	e16_c1_GTTATGGGTCACTCTC
20563	e16_c1_GTTATGGTCGATTGGT
20564	e16_c1_GTTATGGTCTGAGAGG
20565	e16_c1_GTTCATTAGACTGTTC
20566	e16_c1_GTTCATTCAGCTTCCT
20567	e16_c1_GTTCATTCATAGAATG
20568	e16_c1_GTTCCGTCAAAGCTAA
20569	e16_c1_GTTCCGTTCGTTGTAG
20570	e16_c1_GTTCGCTAGGTACCTT
20571	e16_c1_GTTCGCTCACCTTCCA
20572	e16_c1_GTTCGCTCAGCTTTCC
20573	e16_c1_GTTCGCTCATGCCGAC
20574	e16_c1_GTTCGCTGTTAAGGAT
20575	e16_c1_GTTCGCTTCAAGTGTC
20576	e16_c1_GTTCGCTTCACATCAG
20577	e16_c1_GTTCGCTTCCTACGGG
20578	e16_c1_GTTCGCTTCTTGGTCC
20579	e16_c1_GTTCTATAGCCTATCA
20580	e16_c1_GTTCTATAGGCTTAGG
20581	e16_c1_GTTCTATCAGGCACTC
20582	e16_c1_GTTCTATGTACCCAGC
20583	e16_c1_GTTCTATGTCACTCAA
20584	e16_c1_GTTCTATTCCATAGAC
20585	e16_c1_GTTCTATTCCGTACGG
20586	e16_c1_GTTCTATTCTATTGTC
20587	e16_c1_GTTGAACAGCGTGTCC
20588	e16_c1_GTTGAACAGTGTTGTC
20589	e16_c1_GTTGAACCAGTGAGCA
20590	e16_c1_GTTGAACCATGATAGA
20591	e16_c1_GTTGAACGTGCCCGTA
20592	e16_c1_GTTGCGGTCACTGGGC
20593	e16_c1_GTTGCGGTCGTGGTAT
20594	e16_c1_GTTGCTCCAGCTATTG
20595	e16_c1_GTTGCTCCATGCCATA
20596	e16_c1_GTTGCTCCATTGGATC
20597	e16_c1_GTTGCTCGTGGACCTC
20598	e16_c1_GTTGCTCGTTTGCCGG
20599	e16_c1_GTTGTAGAGTCACAGG
20600	e16_c1_GTTGTAGGTGTGAGCA
20601	e16_c1_GTTGTAGGTTCCGCAG
20602	e16_c1_GTTGTCCAGGTCGAGT
20603	e16_c1_GTTGTCCCATTCTCCG
20604	e16_c1_GTTGTCCGTCCAGAAG
20605	e16_c1_GTTGTCCGTGGCCACT
20606	e16_c1_GTTGTCCTCCGAGATT
20607	e16_c1_GTTGTGACAGCGCGTT
20608	e16_c1_GTTGTGAGTGTCCAAT
20609	e16_c1_GTTGTGATCCGATGTA
20610	e16_c1_GTTGTGATCCTGGCTT
20611	e16_c1_GTTGTGATCGGAAGGT
20612	e16_c1_GTTTACTAGGCTCTAT
20613	e16_c1_GTTTACTAGTCATTGC
20614	e16_c1_GTTTACTCACGCTTAA
20615	e16_c1_GTTTACTGTAGCGTAG
20616	e16_c1_GTTTACTGTCTAACTG
20617	e16_c1_GTTTACTGTGTGCTTA
20618	e16_c1_GTTTACTTCCATTTCA
20619	e16_c1_GTTTGGAGTTAGAAGT
20620	e16_c1_GTTTGGATCTGTCGCT
20621	e16_c1_TAACACGAGCAGGTCA
20622	e16_c1_TAACACGCAGGGATAC
20623	e16_c1_TAACACGGTCCGATCG
20624	e16_c1_TAACACGTCACTTGTT
20625	e16_c1_TAACCAGTCAAGGACG
20626	e16_c1_TAACGACCAAGCGAAC
20627	e16_c1_TAACGACCAGGAATAT
20628	e16_c1_TAACGACTCCGTGGCA
20629	e16_c1_TAACGACTCGGACTGC
20630	e16_c1_TAACTTCAGCTCGCAC
20631	e16_c1_TAACTTCCACTGAGGA
20632	e16_c1_TAACTTCGTAACTTCG
20633	e16_c1_TAACTTCGTAATGTGA
20634	e16_c1_TAACTTCGTCAGGAGT
20635	e16_c1_TAACTTCTCAGACCGC
20636	e16_c1_TAACTTCTCCAAGCTA
20637	e16_c1_TAACTTCTCGAGTGAG
20638	e16_c1_TAAGCACCATGGAAGC
20639	e16_c1_TAAGCACGTGGGACAT
20640	e16_c1_TAAGCCAAGCTGTACT
20641	e16_c1_TAAGCCAAGCTTCATG
20642	e16_c1_TAAGCCAAGTAACGAT
20643	e16_c1_TAAGCCACAACGTAAA
20644	e16_c1_TAAGCCACACAGCTTA
20645	e16_c1_TAAGCCATCACGTCCT
20646	e16_c1_TAAGCGTCACCCTTGT
20647	e16_c1_TAAGCGTCACGAGGTA
20648	e16_c1_TAAGCGTTCAATCCAG
20649	e16_c1_TAAGCGTTCCGAGAAG
20650	e16_c1_TAAGCGTTCGGAGCAA
20651	e16_c1_TAAGTCGGTTCCGGTG
20652	e16_c1_TAAGTCGTCGGCTTGG
20653	e16_c1_TAATCTCAGGGTGGGA
20654	e16_c1_TAATCTCAGGTACATA
20655	e16_c1_TAATCTCTCTAACGGT
20656	e16_c1_TAATTCCAGATACATG
20657	e16_c1_TAATTCCCATGTGACT
20658	e16_c1_TAATTCCTCGCAGTCG
20659	e16_c1_TAATTCCTCTGCTGAA
20660	e16_c1_TACAACGCATCCTCAC
20661	e16_c1_TACACCCCAATTGCAC
20662	e16_c1_TACACCCCACTGTTCC
20663	e16_c1_TACACCCCAGAGGGTT
20664	e16_c1_TACACCCCAGTCACGC
20665	e16_c1_TACACCCGTATACCCA
20666	e16_c1_TACACCCGTGCAACGA
20667	e16_c1_TACACCCTCTCGACGG
20668	e16_c1_TACAGGTAGGCACAAC
20669	e16_c1_TACAGGTAGTAAATGC
20670	e16_c1_TACAGGTCAATCGCCG
20671	e16_c1_TACAGGTTCGCTGTCT
20672	e16_c1_TACATTCAGGCTAAAT
20673	e16_c1_TACATTCAGGTCCCTG
20674	e16_c1_TACATTCCAGATCATC
20675	e16_c1_TACATTCCAGGTCAGA
20676	e16_c1_TACATTCGTGTGTGTT
20677	e16_c1_TACATTCTCAGCGCAC
20678	e16_c1_TACATTCTCATGCATG
20679	e16_c1_TACATTCTCCTAGCTC
20680	e16_c1_TACCCACAGATAACGT
20681	e16_c1_TACCCACCAAGTGGCA
20682	e16_c1_TACCCACCAAGTGTCT
20683	e16_c1_TACCCACCATTGGATC
20684	e16_c1_TACCCACTCGTGTGGC
20685	e16_c1_TACCCACTCTACTTCA
20686	e16_c1_TACCCGTAGGTCCAGA
20687	e16_c1_TACCCGTCAATTCTTC
20688	e16_c1_TACCCGTGTCACGTGC
20689	e16_c1_TACCCGTGTGGGATTG
20690	e16_c1_TACCCGTGTTTCGTGA
20691	e16_c1_TACCGAACACCGTGGT
20692	e16_c1_TACCGAACAGAACCGA
20693	e16_c1_TACCGAACATAGCACT
20694	e16_c1_TACCGAAGTAGATCGG
20695	e16_c1_TACCGGGAGATCGCTT
20696	e16_c1_TACCGGGAGCCTGTCG
20697	e16_c1_TACCGGGCAAGGGCAT
20698	e16_c1_TACCGGGGTATTGAGA
20699	e16_c1_TACCGGGTCTGACAGT
20700	e16_c1_TACCTCGAGCGGTAAC
20701	e16_c1_TACCTCGAGGAAACGA
20702	e16_c1_TACCTCGAGGTGGTTG
20703	e16_c1_TACCTCGAGTCCCTAA
20704	e16_c1_TACCTGCAGATCGACG
20705	e16_c1_TACCTGCAGGGAGAAT
20706	e16_c1_TACCTGCGTCAGACGA
20707	e16_c1_TACCTGCTCCCGTAAA
20708	e16_c1_TACCTGCTCTAAGCGT
20709	e16_c1_TACGCTCCAATAGGAT
20710	e16_c1_TACGCTCCAGGACATG
20711	e16_c1_TACGCTCGTGCCTAAT
20712	e16_c1_TACGGGCCAAGCAGGT
20713	e16_c1_TACGGGCCATTGCCGG
20714	e16_c1_TACGGGCGTATGTGTC
20715	e16_c1_TACGGGCGTTGTCATG
20716	e16_c1_TACGGGCTCTGATGGT
20717	e16_c1_TACGGTACAGAAACCG
20718	e16_c1_TACGGTACAGTATGAA
20719	e16_c1_TACGGTACATTGTACG
20720	e16_c1_TACGGTAGTGCACATT
20721	e16_c1_TACGGTATCGCCGATG
20722	e16_c1_TACGTCCCAATAGTCC
20723	e16_c1_TACGTCCCAATTTCGG
20724	e16_c1_TACGTCCGTGGTCAAG
20725	e16_c1_TACGTCCGTGTTCATG
20726	e16_c1_TACGTCCGTTGTTGAC
20727	e16_c1_TACGTCCTCCATAGGT
20728	e16_c1_TACGTCCTCGGTAACT
20729	e16_c1_TACTGCCAGATGGGCT
20730	e16_c1_TACTGCCAGGGTTAGC
20731	e16_c1_TACTGCCAGTTTGGCT
20732	e16_c1_TACTTACAGATAACAC
20733	e16_c1_TACTTACCAACCCGCA
20734	e16_c1_TACTTACCAATAGGGC
20735	e16_c1_TACTTACCACCCTAGG
20736	e16_c1_TACTTACCATTGTAGC
20737	e16_c1_TACTTCACACGCTATA
20738	e16_c1_TACTTCACAGCACGAA
20739	e16_c1_TACTTCATCAGGGTAG
20740	e16_c1_TACTTGTAGATCGGTG
20741	e16_c1_TACTTGTAGATGTTAG
20742	e16_c1_TACTTGTCAAACAGGC
20743	e16_c1_TACTTGTCAACACAAA
20744	e16_c1_TACTTGTCACAAATGA
20745	e16_c1_TACTTGTGTCTGTGGC
20746	e16_c1_TACTTGTTCGCTACGG
20747	e16_c1_TAGACCACAAGTGGCA
20748	e16_c1_TAGACCACATCCGAAT
20749	e16_c1_TAGACCAGTAATACCC
20750	e16_c1_TAGACCATCATCGTAG
20751	e16_c1_TAGACTGCAAAGGCTG
20752	e16_c1_TAGACTGGTAGACACG
20753	e16_c1_TAGACTGGTATCGCTA
20754	e16_c1_TAGACTGTCCCGTTCA
20755	e16_c1_TAGACTGTCCGACATA
20756	e16_c1_TAGAGTCAGTGCCGAA
20757	e16_c1_TAGAGTCCAAAGGCGT
20758	e16_c1_TAGAGTCCAGAAGCTG
20759	e16_c1_TAGAGTCCAGACATCT
20760	e16_c1_TAGAGTCGTACGCTAT
20761	e16_c1_TAGAGTCGTACGCTTA
20762	e16_c1_TAGAGTCGTAGCTGTT
20763	e16_c1_TAGAGTCGTTGCGGCT
20764	e16_c1_TAGAGTCTCCTTTGAT
20765	e16_c1_TAGATCGGTGATCGTT
20766	e16_c1_TAGATCGTCGCCGTGA
20767	e16_c1_TAGCACAGTGCGTTTA
20768	e16_c1_TAGCACAGTTAGAAGT
20769	e16_c1_TAGGGTTCATAATCGC
20770	e16_c1_TAGGTACAGGCTGAAC
20771	e16_c1_TAGGTACGTTTCACTT
20772	e16_c1_TAGGTTGAGTCTGGAG
20773	e16_c1_TAGGTTGCAAGGCGTA
20774	e16_c1_TAGGTTGCACAACATC
20775	e16_c1_TAGGTTGCATACATCG
20776	e16_c1_TAGGTTGTCCCATGGG
20777	e16_c1_TAGGTTGTCCGGGACT
20778	e16_c1_TAGTGCAAGCACTAGG
20779	e16_c1_TAGTGCACATGACTTG
20780	e16_c1_TAGTGCATCTCGCCTA
20781	e16_c1_TATACCTAGAGTGTGC
20782	e16_c1_TATACCTCAAAGACTA
20783	e16_c1_TATACCTCACATAGCT
20784	e16_c1_TATACCTTCACTAGCA
20785	e16_c1_TATATCCAGGGTTTCT
20786	e16_c1_TATATCCAGGTTAGTA
20787	e16_c1_TATATCCAGTCACTCA
20788	e16_c1_TATATCCCAGATCCAT
20789	e16_c1_TATATCCGTACGTACT
20790	e16_c1_TATATCCGTTGTAGCT
20791	e16_c1_TATCAGGAGAGCAGTC
20792	e16_c1_TATCAGGGTAGGTAGC
20793	e16_c1_TATCCTAAGTGTTCAC
20794	e16_c1_TATCCTACAGCACCCA
20795	e16_c1_TATCCTACATATCGGT
20796	e16_c1_TATCCTAGTACGCGTC
20797	e16_c1_TATCCTAGTAGCTGCC
20798	e16_c1_TATCCTATCGCCGAGT
20799	e16_c1_TATCGCCAGCGAGAAA
20800	e16_c1_TATCGCCAGGCGAAGG
20801	e16_c1_TATCGCCCAAACACGG
20802	e16_c1_TATCGCCGTTTCGTGA
20803	e16_c1_TATCGCCTCAACCTCC
20804	e16_c1_TATCGCCTCTAACGCA
20805	e16_c1_TATCGCCTCTTCGTGC
20806	e16_c1_TATCTGTAGTTGCTCA
20807	e16_c1_TATCTGTCACCAAATC
20808	e16_c1_TATCTGTCAGCTCTGG
20809	e16_c1_TATCTGTTCCGTACGG
20810	e16_c1_TATCTTGAGCAGCAGT
20811	e16_c1_TATCTTGGTCGCACGT
20812	e16_c1_TATCTTGTCAAGTGTC
20813	e16_c1_TATGTTCTCGACATTG
20814	e16_c1_TATGTTCTCGTTCCCA
20815	e16_c1_TATTCCAAGCGAATGC
20816	e16_c1_TATTCCACACCATAAC
20817	e16_c1_TATTCCAGTTGCATCA
20818	e16_c1_TATTCCATCGGTCTGG
20819	e16_c1_TATTGCTAGAGTCACG
20820	e16_c1_TATTGCTCAAACTGCT
20821	e16_c1_TATTGGGAGACCAGAC
20822	e16_c1_TATTGGGCATCACCAA
20823	e16_c1_TATTGGGTCCCGAGTG
20824	e16_c1_TATTTCGAGCGTTACT
20825	e16_c1_TATTTCGCAACCAATC
20826	e16_c1_TATTTCGCACGTACTA
20827	e16_c1_TATTTCGCAGCAGACA
20828	e16_c1_TATTTCGGTAGTATAG
20829	e16_c1_TATTTCGGTGACACGA
20830	e16_c1_TCAAGACAGAGCCTGA
20831	e16_c1_TCAAGACAGGTACCTT
20832	e16_c1_TCAAGACGTACTAACC
20833	e16_c1_TCAAGACTCATAGACC
20834	e16_c1_TCAAGACTCCATTCGC
20835	e16_c1_TCAAGACTCTGCGTCT
20836	e16_c1_TCAAGCAAGCCGTAAG
20837	e16_c1_TCAAGCACATGGCCAC
20838	e16_c1_TCAAGCAGTCTACGAT
20839	e16_c1_TCAAGCAGTTCATCTT
20840	e16_c1_TCAAGCATCAGCCCAG
20841	e16_c1_TCAAGCATCCACAGCG
20842	e16_c1_TCAAGCATCTGCTAGA
20843	e16_c1_TCAAGTGAGTTACTCG
20844	e16_c1_TCAAGTGCAAGTTCGT
20845	e16_c1_TCAAGTGGTGCTGATT
20846	e16_c1_TCAAGTGTCCGATGCG
20847	e16_c1_TCAAGTGTCCTAGCTC
20848	e16_c1_TCAAGTGTCTTTCCGG
20849	e16_c1_TCAATCTCAGTACTAC
20850	e16_c1_TCAATCTCATCTCAAG
20851	e16_c1_TCAATCTGTAAGTTGA
20852	e16_c1_TCAATCTGTATAGGAT
20853	e16_c1_TCAATCTGTATCACGT
20854	e16_c1_TCAATCTTCGACCCAG
20855	e16_c1_TCAATCTTCGGTGTAT
20856	e16_c1_TCAATTCAGAAGTCTA
20857	e16_c1_TCAATTCAGATGGTCG
20858	e16_c1_TCAATTCAGCGCCGTT
20859	e16_c1_TCAATTCAGGGTATAT
20860	e16_c1_TCAATTCCACTTCCTG
20861	e16_c1_TCAATTCCATGGATCT
20862	e16_c1_TCAATTCGTCCCAAAT
20863	e16_c1_TCACAAGCACAAGTGG
20864	e16_c1_TCACAAGGTACTCGCG
20865	e16_c1_TCACAAGGTATAGGAT
20866	e16_c1_TCACAAGTCCAGCAAT
20867	e16_c1_TCACAAGTCGCACGGT
20868	e16_c1_TCACACCAGACCAGCA
20869	e16_c1_TCACACCAGCTAAGTA
20870	e16_c1_TCACACCTCAGGGATG
20871	e16_c1_TCACATTCAAATAAGC
20872	e16_c1_TCACATTCAAGCCATT
20873	e16_c1_TCACATTCACCCTAAA
20874	e16_c1_TCACATTGTGCACATT
20875	e16_c1_TCACATTTCCGAAGGA
20876	e16_c1_TCACATTTCGGCTGAC
20877	e16_c1_TCACGCTAGACCAACG
20878	e16_c1_TCACGCTAGATGGTCG
20879	e16_c1_TCACGCTAGCGACATG
20880	e16_c1_TCACGCTGTTCACCGG
20881	e16_c1_TCACGCTTCCGGTAAT
20882	e16_c1_TCACGCTTCGTAACTG
20883	e16_c1_TCACGCTTCGTGTGGC
20884	e16_c1_TCACGGGAGGCTGTAG
20885	e16_c1_TCACGGGAGGGTATAT
20886	e16_c1_TCACGGGTCCGCTGTT
20887	e16_c1_TCACTATAGAAGCTGC
20888	e16_c1_TCACTATCAAAGGATT
20889	e16_c1_TCACTATCAAGGCGTA
20890	e16_c1_TCACTATGTCCTACGG
20891	e16_c1_TCACTATGTTCTTCAT
20892	e16_c1_TCACTATTCGGAACTT
20893	e16_c1_TCACTCGAGGCTCAAG
20894	e16_c1_TCACTCGAGTAAGCAT
20895	e16_c1_TCACTCGCACGAAAGC
20896	e16_c1_TCACTCGGTAGAGACC
20897	e16_c1_TCACTCGTCTAACGGT
20898	e16_c1_TCAGCAAAGGGTAGCT
20899	e16_c1_TCAGCAAAGTTCAACC
20900	e16_c1_TCAGCAAGTACAACGG
20901	e16_c1_TCAGCAAGTAGCCAGA
20902	e16_c1_TCAGCAAGTCGGAACA
20903	e16_c1_TCAGCAAGTGAGAACC
20904	e16_c1_TCAGCAATCCGAAGGA
20905	e16_c1_TCAGCCTGTAAGCTCT
20906	e16_c1_TCAGCCTGTTGCTGAT
20907	e16_c1_TCAGCCTTCAAGCTGT
20908	e16_c1_TCAGCCTTCTTGAGCA
20909	e16_c1_TCAGGGCCAAGCGCAA
20910	e16_c1_TCAGGGCCAGAGTCAG
20911	e16_c1_TCAGGGCCATGACAAA
20912	e16_c1_TCAGGGCGTAACCAGG
20913	e16_c1_TCAGGGCTCGTGTCAA
20914	e16_c1_TCAGGTACAAAGCTCT
20915	e16_c1_TCAGGTATCGATCCAA
20916	e16_c1_TCAGTCCAGACTACCT
20917	e16_c1_TCAGTGATCTGTCGCT
20918	e16_c1_TCAGTTTAGTTGGACG
20919	e16_c1_TCAGTTTCAACACAAA
20920	e16_c1_TCAGTTTCAGGCACAA
20921	e16_c1_TCAGTTTCAGGGTCTC
20922	e16_c1_TCAGTTTTCATTCACT
20923	e16_c1_TCATACTAGCCATGCC
20924	e16_c1_TCATACTAGCGGACAT
20925	e16_c1_TCATACTAGTTGTCGT
20926	e16_c1_TCATACTCAACATCGT
20927	e16_c1_TCATACTCAAGGACAC
20928	e16_c1_TCATACTGTCACTTCC
20929	e16_c1_TCATATCCATCCGATA
20930	e16_c1_TCATATCTCCCGTTCA
20931	e16_c1_TCATCATAGCCAAGCA
20932	e16_c1_TCATCATAGGTTCTTG
20933	e16_c1_TCATCATCATCCCACT
20934	e16_c1_TCATCATCATCGGATT
20935	e16_c1_TCATCATGTGGCTGAA
20936	e16_c1_TCATCATTCACGAACT
20937	e16_c1_TCATCATTCGGTTGTA
20938	e16_c1_TCATCCGAGAATCCCT
20939	e16_c1_TCATCCGAGGGTATAT
20940	e16_c1_TCATCCGAGGTTGCCC
20941	e16_c1_TCATCCGTCTTCCCAG
20942	e16_c1_TCATGAGCAGCGAACA
20943	e16_c1_TCATGCCGTAAGAACT
20944	e16_c1_TCATGCCTCTGCCCTA
20945	e16_c1_TCATGGACACGTACAT
20946	e16_c1_TCATGTTCACGTACTA
20947	e16_c1_TCATGTTTCTGTGCTC
20948	e16_c1_TCATTACCAGAGTGAC
20949	e16_c1_TCATTACGTATCTCGA
20950	e16_c1_TCATTACGTTGAGTCT
20951	e16_c1_TCATTACTCGGACGTC
20952	e16_c1_TCATTACTCTTCTGTA
20953	e16_c1_TCATTCAAGCGGATCA
20954	e16_c1_TCATTCAAGTAAACTG
20955	e16_c1_TCATTCACAAAGCTAA
20956	e16_c1_TCATTCACAACGTAAA
20957	e16_c1_TCATTCACAGATACTC
20958	e16_c1_TCATTCAGTGCGACAA
20959	e16_c1_TCATTCATCCTAAGTG
20960	e16_c1_TCATTGTAGGGTAATT
20961	e16_c1_TCATTGTCACATTCGA
20962	e16_c1_TCATTGTCACCCTGAG
20963	e16_c1_TCATTGTGTCGTTCAA
20964	e16_c1_TCATTGTTCTATGTGG
20965	e16_c1_TCATTGTTCTCGCTTG
20966	e16_c1_TCATTGTTCTTCCCGA
20967	e16_c1_TCATTTGAGGTGGTTG
20968	e16_c1_TCATTTGCATAGAAAC
20969	e16_c1_TCATTTGGTATTAAGG
20970	e16_c1_TCATTTGTCCATTGTT
20971	e16_c1_TCATTTGTCGTAATGC
20972	e16_c1_TCCACCAAGAAACTCA
20973	e16_c1_TCCACCAAGACTGGGT
20974	e16_c1_TCCACCAAGCGTGTTT
20975	e16_c1_TCCACCAAGGCAGTCA
20976	e16_c1_TCCACCAGTACGACAG
20977	e16_c1_TCCACCAGTCGTAATC
20978	e16_c1_TCCACGTAGCAGGTCA
20979	e16_c1_TCCACGTAGGCCACTC
20980	e16_c1_TCCACGTAGTGCCTCG
20981	e16_c1_TCCACGTGTCGTGGAA
20982	e16_c1_TCCACGTGTTTACGTG
20983	e16_c1_TCCACGTTCCTGTACC
20984	e16_c1_TCCAGAAGTCAACGCC
20985	e16_c1_TCCAGAAGTTGCAAGG
20986	e16_c1_TCCATCGAGATCACTC
20987	e16_c1_TCCATCGCATGGGCAA
20988	e16_c1_TCCATCGGTCAGTCGC
20989	e16_c1_TCCATCGTCTTACGGA
20990	e16_c1_TCCATGCAGGGTATAT
20991	e16_c1_TCCATGCAGTGATCGG
20992	e16_c1_TCCATGCGTAAGGAGA
20993	e16_c1_TCCATGCGTGTTACAC
20994	e16_c1_TCCATGCTCGCGTGAC
20995	e16_c1_TCCATGCTCGGTGTTA
20996	e16_c1_TCCCACATCACCTTAT
20997	e16_c1_TCCCAGTCAGAAGTGC
20998	e16_c1_TCCCAGTGTTCTCCTG
20999	e16_c1_TCCCAGTTCCGGTAGC
21000	e16_c1_TCCCATGAGGGTATAT
21001	e16_c1_TCCCATGCACTGAGGA
21002	e16_c1_TCCCATGCAGAGTTCT
21003	e16_c1_TCCCATGGTCTTACAG
21004	e16_c1_TCCGAAAAGACGAGCT
21005	e16_c1_TCCGAAACAGGGATAC
21006	e16_c1_TCCGAAATCCTTATGT
21007	e16_c1_TCCGAAATCTGCGTCT
21008	e16_c1_TCCGATCAGAGTGTTA
21009	e16_c1_TCCGATCCACCAGTAT
21010	e16_c1_TCCGATCCAGCTGTAT
21011	e16_c1_TCCGATCGTAGGAAAG
21012	e16_c1_TCCGATCGTTTGAACC
21013	e16_c1_TCCGGGACATTGTCGA
21014	e16_c1_TCCGGGAGTAAGTAGT
21015	e16_c1_TCCGGGAGTCAAAGTA
21016	e16_c1_TCCGGGAGTGGAGAAA
21017	e16_c1_TCCGTGTGTACACTCA
21018	e16_c1_TCCTAATGTTCTTGCC
21019	e16_c1_TCCTAATGTTGATCGT
21020	e16_c1_TCCTCCCAGGTTAGTA
21021	e16_c1_TCCTCCCGTGTTAAAG
21022	e16_c1_TCCTCCCTCAGTCTTT
21023	e16_c1_TCCTCCCTCTAACGGT
21024	e16_c1_TCCTCGAAGATAGGGA
21025	e16_c1_TCCTCGACATCGAACT
21026	e16_c1_TCCTCGAGTGTTTGCA
21027	e16_c1_TCCTCTTAGACTTCCA
21028	e16_c1_TCCTCTTCACTGGCGT
21029	e16_c1_TCCTCTTCACTTGACA
21030	e16_c1_TCCTCTTCATGGCTGC
21031	e16_c1_TCCTCTTGTGGATACG
21032	e16_c1_TCCTCTTTCATCTGTT
21033	e16_c1_TCCTCTTTCGACGATT
21034	e16_c1_TCCTGCACAGTCTGGC
21035	e16_c1_TCCTGCAGTGCAGATG
21036	e16_c1_TCCTTCTAGCAGCACA
21037	e16_c1_TCCTTCTAGGAAGAAC
21038	e16_c1_TCCTTCTAGGTACTGG
21039	e16_c1_TCCTTCTAGTGCCCGT
21040	e16_c1_TCCTTCTCAGAGTTGG
21041	e16_c1_TCCTTCTCAGCAGATG
21042	e16_c1_TCCTTCTCATTCACCC
21043	e16_c1_TCCTTCTGTATGCGTT
21044	e16_c1_TCCTTCTTCCACGAAT
21045	e16_c1_TCCTTCTTCGTAGAGG
21046	e16_c1_TCCTTTCAGAAGCGAA
21047	e16_c1_TCCTTTCAGGAGACCT
21048	e16_c1_TCCTTTCAGTCGAGGT
21049	e16_c1_TCCTTTCCACCTGCGA
21050	e16_c1_TCCTTTCCAGGTATGG
21051	e16_c1_TCCTTTCTCCATTGCC
21052	e16_c1_TCGAACAAGCTGCGAA
21053	e16_c1_TCGAACAAGTCGCCCA
21054	e16_c1_TCGAACACAGACCTGC
21055	e16_c1_TCGAACACATGGTACT
21056	e16_c1_TCGAACAGTTTACTTC
21057	e16_c1_TCGAACATCGACGAGA
21058	e16_c1_TCGAACATCTAGACCA
21059	e16_c1_TCGAAGTCATGCCGAC
21060	e16_c1_TCGAAGTGTCGCACAC
21061	e16_c1_TCGAAGTTCACCGGGT
21062	e16_c1_TCGAAGTTCTGCGTCT
21063	e16_c1_TCGACCTAGAGTCGAC
21064	e16_c1_TCGACCTAGCATCGAG
21065	e16_c1_TCGACCTAGTGTAGAT
21066	e16_c1_TCGACCTCAGAGATGC
21067	e16_c1_TCGACCTCAGGTGGAT
21068	e16_c1_TCGACCTTCATGACAC
21069	e16_c1_TCGACCTTCTGCATAG
21070	e16_c1_TCGACGGAGGCAGGGA
21071	e16_c1_TCGACGGGTGTTGAGG
21072	e16_c1_TCGATTTCACCTCTAC
21073	e16_c1_TCGATTTCATGCGTGC
21074	e16_c1_TCGATTTGTACGGTTT
21075	e16_c1_TCGATTTTCCCTCATG
21076	e16_c1_TCGCACTGTGAGTTGG
21077	e16_c1_TCGCACTTCACATTGG
21078	e16_c1_TCGCACTTCTCGTGAA
21079	e16_c1_TCGCAGGCATCTATCT
21080	e16_c1_TCGCAGGTCGGCATCG
21081	e16_c1_TCGCAGGTCTCATGCC
21082	e16_c1_TCGCTCAAGAGCGACT
21083	e16_c1_TCGCTCAGTAGTGGCA
21084	e16_c1_TCGCTCAGTGATAGAT
21085	e16_c1_TCGCTCATCTATTTCG
21086	e16_c1_TCGCTTGCAAGAAATC
21087	e16_c1_TCGCTTGGTCTACGAT
21088	e16_c1_TCGCTTGTCGACGAGA
21089	e16_c1_TCGGATAAGCTGAAGC
21090	e16_c1_TCGGATAAGGTTCTTG
21091	e16_c1_TCGGATAAGTGGTTGG
21092	e16_c1_TCGGATACAGAGCGTA
21093	e16_c1_TCGGATAGTATCTTCT
21094	e16_c1_TCGGATAGTCCTTAAG
21095	e16_c1_TCGGGACAGTCAACAA
21096	e16_c1_TCGGGACCAAATGATG
21097	e16_c1_TCGGGACCAGGGACTA
21098	e16_c1_TCGGGACGTACTGCCG
21099	e16_c1_TCGGGACGTGCGAGTA
21100	e16_c1_TCGGGACGTTCAGCTA
21101	e16_c1_TCGGGACGTTCTCGTC
21102	e16_c1_TCGGGCAAGCCGTTGC
21103	e16_c1_TCGGGCAAGGTGAGAA
21104	e16_c1_TCGGGCAGTATAGGGC
21105	e16_c1_TCGGGCATCACAAGGG
21106	e16_c1_TCGGGTGAGCTCCATA
21107	e16_c1_TCGGGTGAGTCGGCCT
21108	e16_c1_TCGGGTGGTAGAGACC
21109	e16_c1_TCGGTCTCACAAATCC
21110	e16_c1_TCGGTCTCACTTTAGG
21111	e16_c1_TCGGTCTGTTGTTGAC
21112	e16_c1_TCGTAGACAATGTCTG
21113	e16_c1_TCGTAGAGTCAGGAGT
21114	e16_c1_TCGTAGATCTCAAAGC
21115	e16_c1_TCGTCCAAGCTAGTTC
21116	e16_c1_TCGTCCAGTGGCAGAT
21117	e16_c1_TCGTCCATCCCAACTC
21118	e16_c1_TCGTCCATCTAGCCTC
21119	e16_c1_TCGTGCTGTCTTCTAT
21120	e16_c1_TCGTGCTTCCCAAGCG
21121	e16_c1_TCGTGCTTCGTGTGAT
21122	e16_c1_TCGTGGGAGCACTGGA
21123	e16_c1_TCGTGGGGTAACGCGA
21124	e16_c1_TCGTGGGTCCTACGAA
21125	e16_c1_TCTAACTAGCACGATG
21126	e16_c1_TCTAACTAGCGCCGTT
21127	e16_c1_TCTAACTGTCTATGAC
21128	e16_c1_TCTAACTTCCACTGGG
21129	e16_c1_TCTACATAGCGTACAG
21130	e16_c1_TCTACATCAGACCTAT
21131	e16_c1_TCTACATCATCCTTCG
21132	e16_c1_TCTACATGTCGAGTTT
21133	e16_c1_TCTACATTCCTACGGG
21134	e16_c1_TCTACATTCGGTCGGT
21135	e16_c1_TCTACATTCTCGAGTA
21136	e16_c1_TCTACCGAGTCGTCTA
21137	e16_c1_TCTACCGGTCATGGCC
21138	e16_c1_TCTACCGGTGGCTAGA
21139	e16_c1_TCTACCGGTTAAGAAC
21140	e16_c1_TCTACCGTCACCGGGT
21141	e16_c1_TCTATACCAAGACAAT
21142	e16_c1_TCTATACGTTAAGACA
21143	e16_c1_TCTATCACACTATCCC
21144	e16_c1_TCTATCAGTGCCTGAC
21145	e16_c1_TCTATCAGTGTACAGG
21146	e16_c1_TCTATCATCAGTCACA
21147	e16_c1_TCTATCATCGTACACA
21148	e16_c1_TCTCACGGTACAATAG
21149	e16_c1_TCTCACGTCACCATGA
21150	e16_c1_TCTCACGTCGGTTAGT
21151	e16_c1_TCTCACGTCTGACAGT
21152	e16_c1_TCTCAGCAGTCCGCGT
21153	e16_c1_TCTCAGCCAGATTAAG
21154	e16_c1_TCTCAGCTCATGAAAG
21155	e16_c1_TCTCAGCTCGCATTGA
21156	e16_c1_TCTCCGAGTAGCTGCC
21157	e16_c1_TCTCCGAGTGTACATC
21158	e16_c1_TCTCTGGCATCGTGCG
21159	e16_c1_TCTCTGGGTAGACACG
21160	e16_c1_TCTGCCACATAATCGC
21161	e16_c1_TCTGCCATCACTGTCC
21162	e16_c1_TCTGCCATCGCGGACT
21163	e16_c1_TCTGGCTAGACGCCAA
21164	e16_c1_TCTGGCTCAGACATCT
21165	e16_c1_TCTGGCTCAGATACTC
21166	e16_c1_TCTGGCTCATGAAGGC
21167	e16_c1_TCTGGCTGTATCCCAA
21168	e16_c1_TCTGGCTGTCATAACC
21169	e16_c1_TCTGTCGCAGCTACAT
21170	e16_c1_TCTGTCGCATCCGTGG
21171	e16_c1_TCTGTCGTCACAATGC
21172	e16_c1_TCTTAGTCAGTCTCTC
21173	e16_c1_TCTTAGTCATGGCCAC
21174	e16_c1_TCTTAGTGTAGTCTGT
21175	e16_c1_TCTTAGTTCTTAGCCC
21176	e16_c1_TCTTCCTAGTAATACG
21177	e16_c1_TCTTCCTCATACGCAT
21178	e16_c1_TCTTCCTGTCTGTCAA
21179	e16_c1_TCTTCCTTCACATTGG
21180	e16_c1_TCTTCCTTCTTGAACG
21181	e16_c1_TCTTGCGCAAAGGGCT
21182	e16_c1_TCTTGCGTCCACACCT
21183	e16_c1_TCTTGCGTCGCACTCT
21184	e16_c1_TCTTTGAAGGAGACCT
21185	e16_c1_TCTTTGAAGTTGGACG
21186	e16_c1_TCTTTGACAAGACGGT
21187	e16_c1_TCTTTGAGTAGTGATA
21188	e16_c1_TCTTTGAGTCTCAAGT
21189	e16_c1_TCTTTGAGTCTTCGAA
21190	e16_c1_TCTTTGAGTTAAGACA
21191	e16_c1_TCTTTGATCTTCCACG
21192	e16_c1_TGAACGTAGGTAGTCG
21193	e16_c1_TGAACGTAGTGATGGC
21194	e16_c1_TGAACGTAGTGCAACG
21195	e16_c1_TGAACGTCAATCTCTT
21196	e16_c1_TGAATCGTCACTTGTT
21197	e16_c1_TGAATCGTCGGTGTTA
21198	e16_c1_TGAATGCAGGTCTTTG
21199	e16_c1_TGAATGCCAGACTCTA
21200	e16_c1_TGAATGCCAGAGCTAG
21201	e16_c1_TGAATGCGTTGCATCA
21202	e16_c1_TGAATGCGTTGTTGAC
21203	e16_c1_TGAATGCGTTTGCAGT
21204	e16_c1_TGAATGCTCGTACCTC
21205	e16_c1_TGACAGTTCAGCATTG
21206	e16_c1_TGACAGTTCGGTGCAC
21207	e16_c1_TGACCCTCATCCCGTT
21208	e16_c1_TGACGCGCAGTAGATA
21209	e16_c1_TGACGCGGTTTCGACA
21210	e16_c1_TGACGCGTCCGCAAAT
21211	e16_c1_TGACGCGTCGAGATAA
21212	e16_c1_TGACTCCAGCATTTCG
21213	e16_c1_TGACTCCCAACAACAA
21214	e16_c1_TGAGACTAGTTGGGAC
21215	e16_c1_TGAGACTTCACGGTCG
21216	e16_c1_TGAGACTTCCCAATAG
21217	e16_c1_TGAGACTTCTCACGAA
21218	e16_c1_TGAGACTTCTTTCAGT
21219	e16_c1_TGAGCATAGGACGCTA
21220	e16_c1_TGAGCATCACAATGAA
21221	e16_c1_TGAGCATCAGTGGGTA
21222	e16_c1_TGAGCATGTAGGTCAG
21223	e16_c1_TGAGCGCAGAGTGTTA
21224	e16_c1_TGAGCGCCAGGAGACT
21225	e16_c1_TGAGCGCCATCAGCGC
21226	e16_c1_TGAGCGCCATCCAATG
21227	e16_c1_TGAGCGCGTACGTACT
21228	e16_c1_TGAGCGCGTCTCAGGC
21229	e16_c1_TGAGCGCTCAACCGAT
21230	e16_c1_TGAGGAGAGGGCTTCC
21231	e16_c1_TGAGGAGCAAGGTCTT
21232	e16_c1_TGAGGAGCAGTAACCT
21233	e16_c1_TGAGGAGCATCGATAC
21234	e16_c1_TGAGGAGGTACTCGTA
21235	e16_c1_TGAGGAGGTAGTAAGT
21236	e16_c1_TGAGGAGGTTTACACG
21237	e16_c1_TGAGGAGTCAACGAGG
21238	e16_c1_TGAGGAGTCTCGCAGG
21239	e16_c1_TGAGGGAGTATGGTAA
21240	e16_c1_TGAGGGAGTTCGCGTG
21241	e16_c1_TGAGGGATCTAGTCAG
21242	e16_c1_TGAGGGATCTGTGTGA
21243	e16_c1_TGAGGTTAGGAACGCT
21244	e16_c1_TGAGGTTAGGCCTGCT
21245	e16_c1_TGAGGTTTCGACGCTG
21246	e16_c1_TGAGGTTTCTAACGGT
21247	e16_c1_TGAGGTTTCTGGGTCG
21248	e16_c1_TGAGTCAGTAGGTTTC
21249	e16_c1_TGAGTCAGTCGCATCG
21250	e16_c1_TGATCAGCACTCTGCT
21251	e16_c1_TGATCAGCACTGTCCT
21252	e16_c1_TGATCAGCAGCTGTAT
21253	e16_c1_TGATCAGGTATACAGA
21254	e16_c1_TGATCAGGTCGCCACA
21255	e16_c1_TGATCAGGTGTTCCTC
21256	e16_c1_TGATCTTAGGTGCCTC
21257	e16_c1_TGATCTTCATCTATCT
21258	e16_c1_TGATCTTGTCCATAGT
21259	e16_c1_TGATCTTGTTGTGCCG
21260	e16_c1_TGATGCAAGGTCGACA
21261	e16_c1_TGATGCACAGGAGGAG
21262	e16_c1_TGATGCAGTTGTCATG
21263	e16_c1_TGATGCATCGAAGTGG
21264	e16_c1_TGATGGTAGCTCTTCC
21265	e16_c1_TGATGGTCATTCCTAT
21266	e16_c1_TGATGGTGTACTCCCT
21267	e16_c1_TGATGGTTCGGCCCAA
21268	e16_c1_TGATTCTAGTTGCCCG
21269	e16_c1_TGATTCTCACGCGTCA
21270	e16_c1_TGATTCTTCCTAGCTC
21271	e16_c1_TGATTTCAGTCCTGTA
21272	e16_c1_TGATTTCCAACCAACT
21273	e16_c1_TGATTTCTCCAATCCC
21274	e16_c1_TGCACGGAGTTCTCTT
21275	e16_c1_TGCACGGAGTTGGGAC
21276	e16_c1_TGCACGGGTGCCGTAC
21277	e16_c1_TGCAGATAGATAGTCA
21278	e16_c1_TGCAGATCATGAGATA
21279	e16_c1_TGCAGATGTGGGCTCT
21280	e16_c1_TGCAGATTCCTCTAAT
21281	e16_c1_TGCAGGCAGAAGTCCG
21282	e16_c1_TGCAGGCAGCCAAGTG
21283	e16_c1_TGCAGGCAGTTGTCAC
21284	e16_c1_TGCAGGCCAAGTGACG
21285	e16_c1_TGCAGGCCACAGAGCA
21286	e16_c1_TGCAGGCCACATGTTG
21287	e16_c1_TGCAGGCCACGACCTG
21288	e16_c1_TGCAGGCGTCCTCCTA
21289	e16_c1_TGCAGGCTCCGTGGCA
21290	e16_c1_TGCAGGCTCCTGGCTT
21291	e16_c1_TGCAGTAAGGAGGCAG
21292	e16_c1_TGCAGTACAACGCATT
21293	e16_c1_TGCAGTACAGATCCAT
21294	e16_c1_TGCAGTACAGGTTCGC
21295	e16_c1_TGCAGTAGTCCCAAAT
21296	e16_c1_TGCAGTATCACTGAAC
21297	e16_c1_TGCAGTATCTAAGCGT
21298	e16_c1_TGCATCCAGGTCCAGA
21299	e16_c1_TGCATCCAGGTCCGAA
21300	e16_c1_TGCATCCAGGTCTACT
21301	e16_c1_TGCATGACAAGACTGG
21302	e16_c1_TGCATGACACTGATTG
21303	e16_c1_TGCATGACAGTCACGC
21304	e16_c1_TGCATGATCAAGGACG
21305	e16_c1_TGCATGATCGTAGTGT
21306	e16_c1_TGCCGAGCAGTATTCG
21307	e16_c1_TGCCGAGGTTATCCAG
21308	e16_c1_TGCGACGCACACGGTC
21309	e16_c1_TGCGATAAGTGTTCCA
21310	e16_c1_TGCGATACATATACCG
21311	e16_c1_TGCGATAGTACGCTAT
21312	e16_c1_TGCGATATCTGTCGCT
21313	e16_c1_TGCGGCAAGACGCTCC
21314	e16_c1_TGCGGCAAGCGGACAT
21315	e16_c1_TGCGGCAAGTCTCTGA
21316	e16_c1_TGCGGCACATCTCGTC
21317	e16_c1_TGCGGCAGTCCTTGTC
21318	e16_c1_TGCGGCATCATGGAGG
21319	e16_c1_TGCGGCATCGAAACAA
21320	e16_c1_TGCGGGTCAAGTCGTT
21321	e16_c1_TGCGGGTTCTGGTTGA
21322	e16_c1_TGCTCCAAGCCTCGTG
21323	e16_c1_TGCTCCAAGCGTGAAC
21324	e16_c1_TGCTCCAAGGTGCTAG
21325	e16_c1_TGCTCCACAACTGAAA
21326	e16_c1_TGCTCCACAAGTATAG
21327	e16_c1_TGCTCCACAGGACAGT
21328	e16_c1_TGCTCCATCAAGCTTG
21329	e16_c1_TGCTCCATCCGACAGC
21330	e16_c1_TGCTCGTAGCACGATG
21331	e16_c1_TGCTCGTGTTTGAACC
21332	e16_c1_TGCTGAAAGAAGGCTC
21333	e16_c1_TGCTGAAAGTATGACA
21334	e16_c1_TGCTGAACAGAGTGTG
21335	e16_c1_TGCTGAATCAGGTGTT
21336	e16_c1_TGCTTCGCAGTGTGCC
21337	e16_c1_TGCTTCGCATACCACA
21338	e16_c1_TGCTTCGGTGTTCATG
21339	e16_c1_TGCTTCGGTTCTATCT
21340	e16_c1_TGGAACTAGCGAAACC
21341	e16_c1_TGGAACTAGCTTTCTT
21342	e16_c1_TGGAACTAGTCGAGGT
21343	e16_c1_TGGAACTGTGAGAGGG
21344	e16_c1_TGGAACTGTGATTGGG
21345	e16_c1_TGGAACTTCGTCGACG
21346	e16_c1_TGGAACTTCTAGATCG
21347	e16_c1_TGGAACTTCTATTCGT
21348	e16_c1_TGGAGAGAGTATAGAC
21349	e16_c1_TGGAGAGCAACTGTGT
21350	e16_c1_TGGAGAGCAGGCGAAT
21351	e16_c1_TGGAGGAAGAGCAGAA
21352	e16_c1_TGGAGGAAGGCCTGCT
21353	e16_c1_TGGAGGAAGGTTGCCC
21354	e16_c1_TGGAGGACAACGTTAC
21355	e16_c1_TGGAGGAGTGCAGTGA
21356	e16_c1_TGGAGGATCCCGAGGT
21357	e16_c1_TGGAGGATCGGAAACG
21358	e16_c1_TGGAGGATCTTGGTGA
21359	e16_c1_TGGATCAAGGGCGAGA
21360	e16_c1_TGGATCACACCTGCTT
21361	e16_c1_TGGATCAGTCAAAGCG
21362	e16_c1_TGGATCAGTCCCTAAA
21363	e16_c1_TGGATGTCAAGAGGCT
21364	e16_c1_TGGATGTTCTTTCTAG
21365	e16_c1_TGGCGTGAGTCGCCAC
21366	e16_c1_TGGCGTGTCTTTCAGT
21367	e16_c1_TGGGAAGAGACATATG
21368	e16_c1_TGGGAAGAGGGCTGAT
21369	e16_c1_TGGGAAGCATCGGTTA
21370	e16_c1_TGGGAAGGTAACGATA
21371	e16_c1_TGGGAGAAGATTGACA
21372	e16_c1_TGGGAGAAGCTTAGTC
21373	e16_c1_TGGGAGACAGTAGTGG
21374	e16_c1_TGGGAGAGTATCATGC
21375	e16_c1_TGGGAGAGTCTCTCTG
21376	e16_c1_TGGGAGAGTGATAGTA
21377	e16_c1_TGGGAGAGTGGAGAAA
21378	e16_c1_TGGGAGAGTTCTGAGT
21379	e16_c1_TGGGATTAGAAGCTCG
21380	e16_c1_TGGGATTAGCCGATTT
21381	e16_c1_TGGGATTGTCTCACGG
21382	e16_c1_TGGGCGTCACGACGCT
21383	e16_c1_TGGGCGTCATAAGATG
21384	e16_c1_TGGGCGTGTGCCGAAA
21385	e16_c1_TGGGCTGCAAGCCATT
21386	e16_c1_TGGGCTGGTATCGCGC
21387	e16_c1_TGGGCTGTCCGTGGTG
21388	e16_c1_TGGGCTGTCCTGTTGC
21389	e16_c1_TGGGTTAAGCCTAACT
21390	e16_c1_TGGGTTAAGTCTGCGC
21391	e16_c1_TGGGTTACAGTGTATC
21392	e16_c1_TGGGTTAGTGTTCGTA
21393	e16_c1_TGGGTTATCACGGGCT
21394	e16_c1_TGGTAGTAGTTGAAGT
21395	e16_c1_TGGTAGTCAAGAAATC
21396	e16_c1_TGGTAGTCACATTGTG
21397	e16_c1_TGGTAGTCAGGCACAA
21398	e16_c1_TGGTAGTGTAGGAGGG
21399	e16_c1_TGGTAGTTCTCTTCAA
21400	e16_c1_TGGTGATCAGACAATA
21401	e16_c1_TGGTGATGTGGCTTAT
21402	e16_c1_TGGTGATTCGACCACG
21403	e16_c1_TGGTTAGCAAGCGCTC
21404	e16_c1_TGGTTAGCAATCCTAG
21405	e16_c1_TGGTTAGGTATGTCCA
21406	e16_c1_TGGTTAGGTTCATCTT
21407	e16_c1_TGGTTAGTCTAAACGC
21408	e16_c1_TGGTTAGTCTTACCAT
21409	e16_c1_TGTAACGAGCAACCAG
21410	e16_c1_TGTAACGCAGATCATC
21411	e16_c1_TGTAACGGTCCAGAAG
21412	e16_c1_TGTAACGTCAGACTGT
21413	e16_c1_TGTAAGCAGTCGCCCA
21414	e16_c1_TGTAAGCCAATTGAGA
21415	e16_c1_TGTAAGCGTAGTCACT
21416	e16_c1_TGTAAGCGTCGTCGGT
21417	e16_c1_TGTAAGCTCTTTCTAG
21418	e16_c1_TGTACAGAGCCATTGT
21419	e16_c1_TGTACAGCAGCCGGTT
21420	e16_c1_TGTACAGTCTTCCAGC
21421	e16_c1_TGTAGACGTCAGACTT
21422	e16_c1_TGTAGACGTCTCTCTG
21423	e16_c1_TGTCAGAAGAAGAGCA
21424	e16_c1_TGTCAGAAGCACCGAA
21425	e16_c1_TGTCAGAAGCAGGGAG
21426	e16_c1_TGTCAGAAGGCCCGTT
21427	e16_c1_TGTCAGAAGGGCTGAT
21428	e16_c1_TGTCAGAAGTAGCAAT
21429	e16_c1_TGTCAGATCCCTCGAT
21430	e16_c1_TGTCCACAGGGATCGT
21431	e16_c1_TGTCCACCAAGAAACT
21432	e16_c1_TGTCCACCATCTATCT
21433	e16_c1_TGTCCACGTATCAAGA
21434	e16_c1_TGTCCACGTCACTTAG
21435	e16_c1_TGTCCACGTGTTCAGT
21436	e16_c1_TGTCCACTCACGGACC
21437	e16_c1_TGTCCCAAGCAATTCC
21438	e16_c1_TGTCCCACATGACGGA
21439	e16_c1_TGTCCCAGTTTAGAGA
21440	e16_c1_TGTCCCATCCCGGTAG
21441	e16_c1_TGTCCTGAGTGGAATT
21442	e16_c1_TGTCCTGCAGTCAGTT
21443	e16_c1_TGTCCTGGTTGAGGAC
21444	e16_c1_TGTGAGTAGTGATGGC
21445	e16_c1_TGTGAGTGTACCATAC
21446	e16_c1_TGTGAGTGTGCGCTCA
21447	e16_c1_TGTGAGTGTTATGTCG
21448	e16_c1_TGTGAGTTCAACTGGT
21449	e16_c1_TGTGATGCAATCTAGC
21450	e16_c1_TGTGATGTCTGGTGCG
21451	e16_c1_TGTGCGGCACGTCATA
21452	e16_c1_TGTGCGGGTACCCAGC
21453	e16_c1_TGTGCGGGTTGCCGCA
21454	e16_c1_TGTGCGGTCCAACTAG
21455	e16_c1_TGTGCGGTCCTAGCCT
21456	e16_c1_TGTGCGGTCTGAGGCC
21457	e16_c1_TGTGCGGTCTGTCGCT
21458	e16_c1_TGTGGCGAGCCGTAAG
21459	e16_c1_TGTGGCGAGCTCGTGC
21460	e16_c1_TGTGGCGGTGGCATCC
21461	e16_c1_TGTGGCGGTTTGCCGG
21462	e16_c1_TGTGGCGTCACTTCTA
21463	e16_c1_TGTGGCGTCTGACCCT
21464	e16_c1_TGTGTGAAGACCAGCA
21465	e16_c1_TGTGTGAAGATCACCT
21466	e16_c1_TGTTACTCACTTGAGT
21467	e16_c1_TGTTACTGTAGACGTG
21468	e16_c1_TGTTACTTCATTACCT
21469	e16_c1_TGTTCATCAACAAGAT
21470	e16_c1_TGTTCATCACAGTATC
21471	e16_c1_TGTTCATGTTGATCGT
21472	e16_c1_TGTTCCGGTGGATGAC
21473	e16_c1_TGTTCCGGTTGCGAAG
21474	e16_c1_TGTTCCGTCCGGTAGC
21475	e16_c1_TGTTCTAAGCTCGACC
21476	e16_c1_TGTTCTACATACTGTG
21477	e16_c1_TGTTCTAGTATGTCTG
21478	e16_c1_TGTTCTAGTTCCGCAG
21479	e16_c1_TGTTGAGAGAAATTGC
21480	e16_c1_TGTTGAGAGGGCTAAC
21481	e16_c1_TGTTGAGCACTTACAG
21482	e16_c1_TGTTGAGTCTGATTCT
21483	e16_c1_TGTTGGACACAAGTTC
21484	e16_c1_TGTTGGAGTAGGTACG
21485	e16_c1_TGTTTGTCAGTCGGAA
21486	e16_c1_TGTTTGTGTGATCGTT
21487	e16_c1_TGTTTGTGTGCGAGTA
21488	e16_c1_TTAATCCAGAAAGTCT
21489	e16_c1_TTACAGGCAGCTTTCC
21490	e16_c1_TTACCATAGAAGCCAC
21491	e16_c1_TTACCATAGACTTCCA
21492	e16_c1_TTACCATAGCGTGTTT
21493	e16_c1_TTACCATCACGTGTGC
21494	e16_c1_TTACCATCACTATCCC
21495	e16_c1_TTACCATCACTGCGTG
21496	e16_c1_TTACCATCAGCATACT
21497	e16_c1_TTACCATTCCCACAGG
21498	e16_c1_TTACCATTCCCGAGGT
21499	e16_c1_TTACCATTCTGCGGAC
21500	e16_c1_TTACCGCAGACAGCTG
21501	e16_c1_TTACCGCAGCGTTCAT
21502	e16_c1_TTACCGCAGTGCTAGG
21503	e16_c1_TTACCGCGTCATATGC
21504	e16_c1_TTACCGCGTCTACATG
21505	e16_c1_TTACCGCGTGTACATC
21506	e16_c1_TTACCGCGTGTTCCTC
21507	e16_c1_TTACCGCTCATAGACC
21508	e16_c1_TTACCGCTCCAGTGTA
21509	e16_c1_TTACGCCAGAAAGCGA
21510	e16_c1_TTACGCCAGCGACTAG
21511	e16_c1_TTACGCCAGTTAACAG
21512	e16_c1_TTACGCCCAGAAGTGC
21513	e16_c1_TTACGCCGTCAGGCAA
21514	e16_c1_TTACGCCTCATTATCC
21515	e16_c1_TTACGTTAGTAGGATT
21516	e16_c1_TTACGTTCAGGCTTGC
21517	e16_c1_TTACGTTGTGTAGGAC
21518	e16_c1_TTACGTTTCATTTGGG
21519	e16_c1_TTACTGTCAAACAGGC
21520	e16_c1_TTACTGTGTATAATGG
21521	e16_c1_TTACTGTGTGTTAGCT
21522	e16_c1_TTACTGTTCCTGCTAC
21523	e16_c1_TTAGGCAAGACTACGG
21524	e16_c1_TTAGGCAAGTCAGGGT
21525	e16_c1_TTAGGCACACAAATGA
21526	e16_c1_TTAGGCATCGAGAATA
21527	e16_c1_TTAGGGTCAGCCTATA
21528	e16_c1_TTAGGGTGTCGCACAC
21529	e16_c1_TTAGGGTTCCGGTAGC
21530	e16_c1_TTAGGGTTCTATCACT
21531	e16_c1_TTAGTCTCAAACTGCT
21532	e16_c1_TTAGTCTCACCCTCTA
21533	e16_c1_TTAGTCTCATCGATGT
21534	e16_c1_TTAGTCTGTCTCGACG
21535	e16_c1_TTAGTCTGTGCGTTTA
21536	e16_c1_TTAGTCTTCCCATACC
21537	e16_c1_TTATTGCCAGATGCGA
21538	e16_c1_TTATTGCTCATGACAC
21539	e16_c1_TTCAATCAGTTACGTC
21540	e16_c1_TTCAATCGTGTGAATA
21541	e16_c1_TTCAATCTCAGTGTCA
21542	e16_c1_TTCAATCTCCTCACTG
21543	e16_c1_TTCAATCTCGAGATGG
21544	e16_c1_TTCAATCTCTGCAGCG
21545	e16_c1_TTCACCGAGCTACTAC
21546	e16_c1_TTCACCGCACAATGTC
21547	e16_c1_TTCACCGCATGTGGTT
21548	e16_c1_TTCACCGGTCTACAAC
21549	e16_c1_TTCACGCAGATGCGAC
21550	e16_c1_TTCACGCTCGCGTCGA
21551	e16_c1_TTCAGGACAGCATACT
21552	e16_c1_TTCATGTAGCTCCACG
21553	e16_c1_TTCATGTCAACACGTT
21554	e16_c1_TTCATGTCAGGTTTAC
21555	e16_c1_TTCATGTGTGCATTAC
21556	e16_c1_TTCATGTGTGTGTGTT
21557	e16_c1_TTCATGTGTTACGATC
21558	e16_c1_TTCATGTTCGCAGTGC
21559	e16_c1_TTCATTGAGACCATGG
21560	e16_c1_TTCATTGAGCAGGCAT
21561	e16_c1_TTCATTGCACCAATTG
21562	e16_c1_TTCATTGCATGAGTAA
21563	e16_c1_TTCATTGGTAACAGTA
21564	e16_c1_TTCATTGGTAACCCTA
21565	e16_c1_TTCATTGGTCTGTAGT
21566	e16_c1_TTCATTGTCGAAGTGG
21567	e16_c1_TTCATTGTCGCTAAAC
21568	e16_c1_TTCCAATAGAGACAAG
21569	e16_c1_TTCCAATGTTCTCACC
21570	e16_c1_TTCCACGAGGATATGT
21571	e16_c1_TTCCACGAGGATTTCC
21572	e16_c1_TTCCACGCACTGTTCC
21573	e16_c1_TTCCACGCAGTCAGTT
21574	e16_c1_TTCCACGGTAGGCTGA
21575	e16_c1_TTCCACGGTCATCTAG
21576	e16_c1_TTCCACGGTGACCGAA
21577	e16_c1_TTCCGGTCATTAGGCT
21578	e16_c1_TTCCGGTTCACTGCTC
21579	e16_c1_TTCCGTGAGGTTCTAC
21580	e16_c1_TTCCGTGGTATCGCGC
21581	e16_c1_TTCCGTGGTCCTGTTC
21582	e16_c1_TTCCGTGTCGAAGCCC
21583	e16_c1_TTCCGTGTCGCTGACG
21584	e16_c1_TTCCGTGTCGGACTGC
21585	e16_c1_TTCCTAAGTCAAAGAT
21586	e16_c1_TTCCTAAGTGTCCACG
21587	e16_c1_TTCCTCTAGCGTTACT
21588	e16_c1_TTCCTCTCAACCACGC
21589	e16_c1_TTCCTCTCATGTTACG
21590	e16_c1_TTCCTCTGTATAGGAT
21591	e16_c1_TTCCTCTGTTGGGCCT
21592	e16_c1_TTCCTCTTCGTAGGGA
21593	e16_c1_TTCCTTCGTGATTCTG
21594	e16_c1_TTCCTTCGTGGCTGCT
21595	e16_c1_TTCGATTAGAGGGTGG
21596	e16_c1_TTCGATTCATGTCTAG
21597	e16_c1_TTCGATTGTAACTTCG
21598	e16_c1_TTCGCTGAGAAGTCCG
21599	e16_c1_TTCGCTGAGTCTCGTA
21600	e16_c1_TTCGCTGCAAGGATGC
21601	e16_c1_TTCGCTGTCGAACCTA
21602	e16_c1_TTCGGTCAGAGTCTGG
21603	e16_c1_TTCGGTCCACTGCATA
21604	e16_c1_TTCGGTCGTGCTCGTG
21605	e16_c1_TTCGGTCTCCCAGGAC
21606	e16_c1_TTCGGTCTCGCCGTGA
21607	e16_c1_TTCTAACCATCTAACG
21608	e16_c1_TTCTAACGTTACTCAG
21609	e16_c1_TTCTAACGTTTATGCG
21610	e16_c1_TTCTAACTCCATCACC
21611	e16_c1_TTCTAGTAGGACGCAT
21612	e16_c1_TTCTAGTAGTGAACAT
21613	e16_c1_TTCTAGTCAAACTAGA
21614	e16_c1_TTCTAGTGTGTAGTGG
21615	e16_c1_TTCTAGTGTTACGTAC
21616	e16_c1_TTCTCTCAGTTCCGGC
21617	e16_c1_TTCTCTCCAGCTTCGG
21618	e16_c1_TTCTGTAAGATTGGGC
21619	e16_c1_TTCTGTACAATGCAAA
21620	e16_c1_TTCTGTAGTGAGCTCC
21621	e16_c1_TTCTGTAGTTGGCTAT
21622	e16_c1_TTCTTCCCACCAGCGT
21623	e16_c1_TTCTTCCTCCGCTTAC
21624	e16_c1_TTCTTGAAGAACTGAT
21625	e16_c1_TTCTTGACACTTACAG
21626	e16_c1_TTCTTGACAGAGTAAT
21627	e16_c1_TTCTTGATCTTTCGAT
21628	e16_c1_TTGAACGAGATCGCCC
21629	e16_c1_TTGAACGAGCGTGTCC
21630	e16_c1_TTGAACGAGTTGGCGA
21631	e16_c1_TTGAACGCACTGCATA
21632	e16_c1_TTGAACGCAGCCCACA
21633	e16_c1_TTGACCCAGGCACAAC
21634	e16_c1_TTGACCCCAGGCAATG
21635	e16_c1_TTGACCCGTATTTCCT
21636	e16_c1_TTGACCCTCCGAAGGA
21637	e16_c1_TTGAGTGCAGGACTAG
21638	e16_c1_TTGAGTGGTCACGACC
21639	e16_c1_TTGAGTGGTGTGAGCA
21640	e16_c1_TTGAGTGTCCTTATAC
21641	e16_c1_TTGAGTGTCGCGGACT
21642	e16_c1_TTGATGGGTGGCTGCT
21643	e16_c1_TTGATGGTCGATTGAC
21644	e16_c1_TTGCATTAGGCCCAAA
21645	e16_c1_TTGCATTGTAGTAAGT
21646	e16_c1_TTGCATTGTATGGAGC
21647	e16_c1_TTGCATTTCCCAACTC
21648	e16_c1_TTGCCTGAGCAGCGAT
21649	e16_c1_TTGCCTGAGGAACGCT
21650	e16_c1_TTGCCTGAGGAATGTT
21651	e16_c1_TTGCCTGCAGCCGGTT
21652	e16_c1_TTGCCTGCAGGGAATC
21653	e16_c1_TTGCCTGTCAGCTGAT
21654	e16_c1_TTGCCTGTCGTGTCAA
21655	e16_c1_TTGCGTCAGACGGTTG
21656	e16_c1_TTGCGTCCACTTCTCG
21657	e16_c1_TTGCGTCGTTACGGAG
21658	e16_c1_TTGCTGCAGCAGCCTC
21659	e16_c1_TTGCTGCCAATCGCCG
21660	e16_c1_TTGCTGCCACTTCCTG
21661	e16_c1_TTGCTGCGTAGAATAC
21662	e16_c1_TTGCTGCGTAGCCAGA
21663	e16_c1_TTGCTGCTCACCTGGG
21664	e16_c1_TTGCTGCTCATGCAGT
21665	e16_c1_TTGCTGCTCGTCCATC
21666	e16_c1_TTGGATGCAGGCGAAT
21667	e16_c1_TTGGATGGTGGGTCAA
21668	e16_c1_TTGGATGTCCATGATG
21669	e16_c1_TTGGATGTCCTGATAG
21670	e16_c1_TTGGGATAGCGTATAA
21671	e16_c1_TTGGGATAGTCATCGT
21672	e16_c1_TTGGGATGTACAGTCT
21673	e16_c1_TTGGGATGTACCGGAA
21674	e16_c1_TTGGGATGTGCCCGTA
21675	e16_c1_TTGGGATTCGACACTA
21676	e16_c1_TTGGGATTCGCCTCTA
21677	e16_c1_TTGGGCGCACGTTCGG
21678	e16_c1_TTGGGCGCATAAGCAA
21679	e16_c1_TTGGGCGTCCGGCAAC
21680	e16_c1_TTGGGTATCACGGGCT
21681	e16_c1_TTGGTTTAGCTGGTGA
21682	e16_c1_TTGGTTTAGGCCACCT
21683	e16_c1_TTGGTTTCAGCGTGCT
21684	e16_c1_TTGGTTTCATAAGCGG
21685	e16_c1_TTGGTTTCATCGGCCA
21686	e16_c1_TTGGTTTGTAGTGATA
21687	e16_c1_TTGGTTTGTATCACCA
21688	e16_c1_TTGGTTTGTCACCTTC
21689	e16_c1_TTGGTTTGTTCACCGG
21690	e16_c1_TTGTGGACAGGTCTCG
21691	e16_c1_TTGTGGAGTAAGACCG
21692	e16_c1_TTGTGGATCATTGGTG
21693	e16_c1_TTGTGTTAGCGGATCA
21694	e16_c1_TTGTGTTAGGGTCTTT
21695	e16_c1_TTGTTCAAGTTGGACG
21696	e16_c1_TTGTTGTGTCATGGCC
21697	e16_c1_TTGTTGTGTGCCGTTG
21698	e16_c1_TTGTTTGAGAAATTGC
21699	e16_c1_TTGTTTGAGAGTGTTA
21700	e16_c1_TTGTTTGCAGGCTTGC
21701	e16_c1_TTGTTTGGTTCTTCAT
21702	e16_c1_TTGTTTGTCGCAGTCG
21703	e16_c1_TTTACCAGTAACCCGC
21704	e16_c1_TTTACCATCGCAATTG
21705	e16_c1_TTTACGTTCCACAAGT
21706	e16_c1_TTTACTGAGTCCCGGT
21707	e16_c1_TTTACTGTCTACGGGC
21708	e16_c1_TTTAGTCAGTCAGCGA
21709	e16_c1_TTTAGTCGTGATGTAA
21710	e16_c1_TTTATGCAGATGCTTC
21711	e16_c1_TTTATGCGTTGGTAGG
21712	e16_c1_TTTATGCTCAAATAGG
21713	e16_c1_TTTCACACACGTGTGC
21714	e16_c1_TTTCACACATACAGGG
21715	e16_c1_TTTCAGTGTTTCACTT
21716	e16_c1_TTTCAGTTCACCTCTG
21717	e16_c1_TTTCAGTTCCTAAACG
21718	e16_c1_TTTCATGCACCTTCCA
21719	e16_c1_TTTCATGCATACTGAC
21720	e16_c1_TTTCATGGTAACATAG
21721	e16_c1_TTTCATGGTGAACCGA
21722	e16_c1_TTTCATGGTTACGGAG
21723	e16_c1_TTTCATGTCAGCCTTC
21724	e16_c1_TTTCATGTCGGACAAG
21725	e16_c1_TTTCCTCAGAGCAGCT
21726	e16_c1_TTTCCTCCAATCTAGC
21727	e16_c1_TTTCCTCGTAACTAAG
21728	e16_c1_TTTCGATAGACTTCGT
21729	e16_c1_TTTCGATCAAATCAAG
21730	e16_c1_TTTGACTAGCAGAAAG
21731	e16_c1_TTTGACTAGGGCAGAG
21732	e16_c1_TTTGACTGTATGTCCA
21733	e16_c1_TTTGACTTCACTGATG
21734	e16_c1_TTTGATCAGTATAGAC
21735	e16_c1_TTTGATCGTAGACAGC
21736	e16_c1_TTTGATCTCTGGTGCG
21737	e16_c1_TTTGGAGAGGAGATAG
21738	e16_c1_TTTGGAGAGTCTGCAT
21739	e16_c1_TTTGGAGGTGATTCTG
21740	e16_c1_TTTGGAGTCTATACGG
21741	e16_c1_TTTGGTTCATCGGATT
21742	e16_c1_TTTGGTTTCGACCATA
21743	e16_c1_TTTGTTGCAAGGCTTT
21744	e16_c1_TTTGTTGCACGACGCT
21745	e16_c1_TTTGTTGCACTTCAGA
21746	e16_c1_TTTGTTGCAGGTGGAT
21747	e16_c1_TTTGTTGCATGACGAG
21748	e16_c1_TTTGTTGGTACCCAGC
