"","cloneID","ident"
"e16_s1_AAACCCAAGGCAGCTA-1",525,"Foregut Basal"
"e16_s1_AAACCCATCACTCACC-1",1107,"Fibroblast 3 (Adam12)"
"e16_s1_AAACCCATCGCTGTTC-1",888,"Smooth muscle"
"e16_s1_AAACGAAAGGTCATCT-1",623,"Fibroblast 1 (Col6a4/Adamdec1)"
"e16_s1_AAACGAAAGTCCGCGT-1",210,"Fibroblast 6 (Lepr/Sp5)"
"e16_s1_AAACGAATCGTGAGAG-1",761,"Foregut Basal"
"e16_s1_AAACGCTTCACCTGGG-1",620,"Fibroblast 1 (Col6a4/Adamdec1)"
"e16_s1_AAACGCTTCTTGGGCG-1",816,"Fibroblast 2 (Fndc1/Dpt)"
"e16_s1_AAAGAACCACCCTCTA-1",1125,"Fibroblast 5 (Mfap5/Grm3)"
"e16_s1_AAAGAACTCGTGGCTG-1",892,"Fibroblast 3 (Adam12)"
"e16_s1_AAAGGATGTCAGTTTG-1",575,"Fibroblast 1 (Col6a4/Adamdec1)"
"e16_s1_AAAGGATGTGTAGCAG-1",575,"Pericyte"
"e16_s1_AAAGGATGTTCGGTTA-1",371,"Fibroblast 6 (Lepr/Sp5)"
"e16_s1_AAAGGGCAGATGCTTC-1",1219,"Smooth muscle"
"e16_s1_AAAGGGCCACCAATTG-1",631,"Fibroblast 6 (Lepr/Sp5)"
"e16_s1_AAAGGGCGTACGACAG-1",1235,"Simple Epithelial"
"e16_s1_AAAGGGCTCTCGCGTT-1",217,"Fibroblast 1 (Col6a4/Adamdec1)"
"e16_s1_AAAGGGCTCTCTAAGG-1",1095,"Endothelial"
"e16_s1_AAAGGTAAGTACTCGT-1",622,"Fibroblast 5 (Mfap5/Grm3)"
"e16_s1_AAAGGTACAGGCATGA-1",829,"Fibroblast 4 (Kcnn3)"
"e16_s1_AAAGTCCAGCACTAGG-1",1219,"Fibroblast 2 (Fndc1/Dpt)"
"e16_s1_AAAGTCCCAACTGATC-1",904,"Fibroblast 1 (Col6a4/Adamdec1)"
"e16_s1_AAAGTCCGTTGGGACA-1",1144,"Foregut Basal"
"e16_s1_AAAGTGAAGGTCGCCT-1",762,"Foregut Basal"
"e16_s1_AAAGTGATCCATTCAT-1",1036,"Smooth muscle"
"e16_s1_AAAGTGATCGCCATAA-1",968,"Fibroblast 6 (Lepr/Sp5)"
"e16_s1_AAAGTGATCGCTCTCA-1",1616,"Proliferative Fibroblast"
"e16_s1_AAAGTGATCTACCAGA-1",1020,"Fibroblast 2 (Fndc1/Dpt)"
"e16_s1_AAATGGAGTAGCGCCT-1",878,"Pericyte"
"e16_s1_AACAAGAAGTAGTCCT-1",941,"Fibroblast 5 (Mfap5/Grm3)"
"e16_s1_AACAAGACATAGACTC-1",624,"Pericyte"
"e16_s1_AACACACCATTATGCG-1",1018,"Proliferative Fibroblast"
"e16_s1_AACACACGTCCCGGTA-1",1304,"Fibroblast 1 (Col6a4/Adamdec1)"
"e16_s1_AACACACTCCATACAG-1",1496,"ENS"
"e16_s1_AACAGGGCAATCGCCG-1",808,"Foregut Basal"
"e16_s1_AACAGGGTCAGATTGC-1",243,"Simple Epithelial"
"e16_s1_AACAGGGTCTACGCAA-1",1286,"Smooth muscle"
"e16_s1_AACCACAAGAGGCCAT-1",1190,"Fibroblast 6 (Lepr/Sp5)"
"e16_s1_AACCACAAGCCGATTT-1",203,"Simple Epithelial"
"e16_s1_AACCACACATATGAAG-1",663,"Fibroblast 5 (Mfap5/Grm3)"
"e16_s1_AACCACATCTGTGCGG-1",1203,"Smooth muscle"
"e16_s1_AACCATGGTTGATGTC-1",793,"Fibroblast 6 (Lepr/Sp5)"
"e16_s1_AACCCAAAGATGCTAA-1",854,"Immune"
"e16_s1_AACCCAAAGCGCCTTG-1",943,"ICC"
"e16_s1_AACCCAAGTGACTCGC-1",304,"Foregut Basal"
"e16_s1_AACCCAATCGGCTTCT-1",273,"Fibroblast 5 (Mfap5/Grm3)"
"e16_s1_AACCTGAAGTGCAACG-1",726,"Simple Epithelial"
"e16_s1_AACCTGATCTTCGGAA-1",575,"Fibroblast 5 (Mfap5/Grm3)"
"e16_s1_AACCTTTGTGAACGGT-1",534,"Fibroblast 5 (Mfap5/Grm3)"
"e16_s1_AACGGGACATATCTCT-1",1373,"Fibroblast 5 (Mfap5/Grm3)"
"e16_s1_AACGGGATCAAACGAA-1",320,"Smooth muscle"
"e16_s1_AACGTCAAGACAGTCG-1",1300,"Proliferative Fibroblast"
"e16_s1_AACTTCTCAGTTGAAA-1",1237,"Endothelial"
"e16_s1_AAGAACATCCGTTGGG-1",1541,"Proliferative Fibroblast"
"e16_s1_AAGACAAAGACAAGCC-1",257,"Fibroblast 2 (Fndc1/Dpt)"
"e16_s1_AAGACAATCCAACCGG-1",1269,"Fibroblast 2 (Fndc1/Dpt)"
"e16_s1_AAGACTCAGGTGTGAC-1",1412,"Proliferative Fibroblast"
"e16_s1_AAGATAGAGCCTTTGA-1",1547,"Fibroblast 3 (Adam12)"
"e16_s1_AAGATAGAGTTTCGGT-1",789,"Simple Epithelial"
"e16_s1_AAGCATCCAAGATGTA-1",465,"Fibroblast 4 (Kcnn3)"
"e16_s1_AAGCATCCATGACTCA-1",519,"Fibroblast 1 (Col6a4/Adamdec1)"
"e16_s1_AAGCATCTCAAGCCAT-1",1110,"ENS"
"e16_s1_AAGCCATCAGACCAGA-1",762,"Foregut Basal"
"e16_s1_AAGCCATGTTTGACAC-1",614,"Pericyte"
"e16_s1_AAGCGAGGTATACAGA-1",1541,"Fibroblast 3 (Adam12)"
"e16_s1_AAGCGAGGTCATAAAG-1",666,"Smooth muscle"
"e16_s1_AAGCGAGTCATTACCT-1",1023,"Proliferative Fibroblast"
"e16_s1_AAGCGTTTCTCTCCGA-1",374,"Fibroblast 3 (Adam12)"
"e16_s1_AAGGAATTCACCGCTT-1",599,"Myofibroblast"
"e16_s1_AAGGTAAGTTCAAGGG-1",466,"Fibroblast 3 (Adam12)"
"e16_s1_AAGTACCCACGACGCT-1",754,"Fibroblast 2 (Fndc1/Dpt)"
"e16_s1_AAGTACCTCCTACCAC-1",371,"Fibroblast 6 (Lepr/Sp5)"
"e16_s1_AAGTACCTCGTCGGGT-1",1651,"Fibroblast 4 (Kcnn3)"
"e16_s1_AAGTCGTAGAGCCCAA-1",800,"Fibroblast 5 (Mfap5/Grm3)"
"e16_s1_AAGTCGTTCTGGACCG-1",924,"Endothelial"
"e16_s1_AAGTTCGAGAGTTCGG-1",1304,"Smooth muscle"
"e16_s1_AAGTTCGGTCGTGGAA-1",1482,"Fibroblast 2 (Fndc1/Dpt)"
"e16_s1_AAGTTCGTCCAAACCA-1",466,"Pericyte"
"e16_s1_AAGTTCGTCCCTCGTA-1",808,"Foregut Basal"
"e16_s1_AAGTTCGTCGCCTCTA-1",892,"Proliferative Fibroblast"
"e16_s1_AATAGAGCAGCATTGT-1",762,"Foregut Basal"
"e16_s1_AATAGAGCATAATCCG-1",837,"Fibroblast 6 (Lepr/Sp5)"
"e16_s1_AATAGAGGTACTGCCG-1",247,"Fibroblast 1 (Col6a4/Adamdec1)"
"e16_s1_AATAGAGGTCTTCAAG-1",921,"Fibroblast 2 (Fndc1/Dpt)"
"e16_s1_AATCACGAGCTTAAGA-1",1028,"Fibroblast 6 (Lepr/Sp5)"
"e16_s1_AATCACGCAACACTAC-1",466,"Fibroblast 2 (Fndc1/Dpt)"
"e16_s1_AATCACGCAACTCGAT-1",1234,"Fibroblast 4 (Kcnn3)"
"e16_s1_AATCACGGTGCCGGTT-1",1243,"Fibroblast 2 (Fndc1/Dpt)"
"e16_s1_AATCACGGTGTCACAT-1",1577,"Simple Epithelial"
"e16_s1_AATCGACAGCCTCATA-1",871,"Fibroblast 2 (Fndc1/Dpt)"
"e16_s1_AATCGACCAATAGTCC-1",742,"ICC"
"e16_s1_AATCGACTCCCGAATA-1",1366,"Mesothelial"
"e16_s1_AATCGTGAGAGTGTGC-1",519,"Fibroblast 5 (Mfap5/Grm3)"
"e16_s1_AATCGTGAGGCTCACC-1",762,"Foregut Basal"
"e16_s1_AATCGTGAGTGGACTG-1",1237,"Endothelial"
"e16_s1_AATCGTGCACAACATC-1",1409,"Fibroblast 5 (Mfap5/Grm3)"
"e16_s1_AATCGTGTCATGCCGG-1",1228,"Mesothelial"
"e16_s1_AATCGTGTCCCGAGGT-1",921,"Proliferative Fibroblast"
"e16_s1_AATGAAGTCCCGAGAC-1",664,"Fibroblast 3 (Adam12)"
"e16_s1_AATGACCCATGCAGGA-1",623,"Fibroblast 1 (Col6a4/Adamdec1)"
"e16_s1_AATGACCTCATGCCAA-1",586,"Fibroblast 1 (Col6a4/Adamdec1)"
"e16_s1_AATGCCAAGCATCCCG-1",249,"Fibroblast 5 (Mfap5/Grm3)"
"e16_s1_AATGCCACACAGTCCG-1",794,"Endothelial"
"e16_s1_AATGGAAGTGACGCCT-1",1624,"ENS"
"e16_s1_AATGGAATCCAACACA-1",1472,"Proliferative Smooth muscle"
"e16_s1_AATGGCTAGGGTGAAA-1",1525,"Pericyte"
"e16_s1_AATGGCTCAGTTTGGT-1",762,"Foregut Basal"
"e16_s1_AATTCCTAGATTACCC-1",1409,"Myofibroblast"
"e16_s1_AATTCCTGTCTAACGT-1",356,"Fibroblast 3 (Adam12)"
"e16_s1_AATTCCTGTTCGTACA-1",561,"Pericyte"
"e16_s1_AATTCCTTCACTCTTA-1",1023,"Pericyte"
"e16_s1_AATTTCCAGATACAGT-1",1190,"Fibroblast 6 (Lepr/Sp5)"
"e16_s1_ACAAAGAGTATTAAGG-1",1482,"Fibroblast 2 (Fndc1/Dpt)"
"e16_s1_ACAAAGAGTTGCATGT-1",620,"Fibroblast 5 (Mfap5/Grm3)"
"e16_s1_ACAACCAAGAATCGCG-1",1405,"ENS"
"e16_s1_ACAACCAAGGATGTTA-1",683,"Fibroblast 2 (Fndc1/Dpt)"
"e16_s1_ACAACCACAGCAAGAC-1",1496,"ENS"
"e16_s1_ACAACCACAGTGTACT-1",853,"Fibroblast 3 (Adam12)"
"e16_s1_ACAACCAGTACTGTTG-1",595,"Fibroblast 6 (Lepr/Sp5)"
"e16_s1_ACAACCAGTCTGTGCG-1",1616,"Fibroblast 4 (Kcnn3)"
"e16_s1_ACAAGCTTCTAGGCCG-1",984,"Fibroblast 6 (Lepr/Sp5)"
"e16_s1_ACACAGTCACACACGC-1",414,"Fibroblast 5 (Mfap5/Grm3)"
"e16_s1_ACACCAAAGGCACTCC-1",958,"Endothelial"
"e16_s1_ACACCAAAGTCTAACC-1",1020,"Fibroblast 6 (Lepr/Sp5)"
"e16_s1_ACACCAAGTAGCCCTG-1",1402,"Fibroblast 3 (Adam12)"
"e16_s1_ACACGCGCAAGTATAG-1",1364,"ENS"
"e16_s1_ACACTGAAGGAAAGAC-1",1359,"Smooth muscle"
"e16_s1_ACAGAAAAGAGGGCGA-1",988,"Fibroblast 1 (Col6a4/Adamdec1)"
"e16_s1_ACAGAAATCCCGAACG-1",575,"Fibroblast 1 (Col6a4/Adamdec1)"
"e16_s1_ACAGCCGCACTGGCGT-1",1009,"Smooth muscle"
"e16_s1_ACAGCCGGTATGAGAT-1",366,"Fibroblast 1 (Col6a4/Adamdec1)"
"e16_s1_ACAGCCGTCATGCCCT-1",533,"Smooth muscle"
"e16_s1_ACAGGGACACCTCGTT-1",1203,"Fibroblast 3 (Adam12)"
"e16_s1_ACAGGGAGTATGGGAC-1",1074,"Pericyte"
"e16_s1_ACATCCCCATCGCCTT-1",816,"Pericyte"
"e16_s1_ACATCCCGTCTAGTGT-1",432,"Mesothelial"
"e16_s1_ACATCCCTCCATAGGT-1",784,"Smooth muscle"
"e16_s1_ACATCGAGTGCAACGA-1",965,"Proliferative Fibroblast"
"e16_s1_ACATCGATCTTTCAGT-1",1166,"Fibroblast 1 (Col6a4/Adamdec1)"
"e16_s1_ACATGCACATGACTGT-1",817,"Fibroblast 2 (Fndc1/Dpt)"
"e16_s1_ACATGCAGTCACTAGT-1",304,"Foregut Basal"
"e16_s1_ACATGCAGTCCGAAAG-1",1100,"Smooth muscle"
"e16_s1_ACATGCAGTGGCTCTG-1",771,"Myofibroblast"
"e16_s1_ACATGCATCATTGGTG-1",1245,"Fibroblast 4 (Kcnn3)"
"e16_s1_ACATGCATCCTTACCG-1",1409,"Fibroblast 2 (Fndc1/Dpt)"
"e16_s1_ACATTTCAGCAGCCTC-1",1482,"Fibroblast 5 (Mfap5/Grm3)"
"e16_s1_ACATTTCCACCCTTGT-1",542,"Fibroblast 1 (Col6a4/Adamdec1)"
"e16_s1_ACATTTCTCGAGTGGA-1",463,"Proliferative Fibroblast"
"e16_s1_ACCAAACAGACCAACG-1",260,"Fibroblast 6 (Lepr/Sp5)"
"e16_s1_ACCAAACAGTAGTCAA-1",1464,"Fibroblast 2 (Fndc1/Dpt)"
"e16_s1_ACCAAACCACACAGCC-1",1128,"Foregut Basal"
"e16_s1_ACCAAACTCCTCTTTC-1",1107,"Fibroblast 3 (Adam12)"
"e16_s1_ACCACAAAGATGGCGT-1",260,"Fibroblast 4 (Kcnn3)"
"e16_s1_ACCACAAAGTTATGGA-1",1300,"Fibroblast 2 (Fndc1/Dpt)"
"e16_s1_ACCACAAGTCGTTGCG-1",1009,"Smooth muscle"
"e16_s1_ACCACAATCGCTCTCA-1",933,"Fibroblast 5 (Mfap5/Grm3)"
"e16_s1_ACCATTTAGTCAAGCG-1",546,"Proliferative Fibroblast"
"e16_s1_ACCATTTGTCCAAATC-1",1623,"Smooth muscle"
"e16_s1_ACCATTTGTTGGGATG-1",719,"Proliferative Fibroblast"
"e16_s1_ACCATTTTCTTGGTGA-1",463,"Fibroblast 6 (Lepr/Sp5)"
"e16_s1_ACCCAAACACTCATAG-1",829,"Fibroblast 3 (Adam12)"
"e16_s1_ACCCTTGGTCGGTAAG-1",693,"Immune"
"e16_s1_ACCCTTGGTCGTAATC-1",320,"Proliferative Fibroblast"
"e16_s1_ACCCTTGGTTCTCCTG-1",1610,"ICC"
"e16_s1_ACCCTTGGTTGATCGT-1",1528,"Fibroblast 3 (Adam12)"
"e16_s1_ACCGTTCGTCGTGATT-1",1623,"Fibroblast 4 (Kcnn3)"
"e16_s1_ACCGTTCGTCTCGACG-1",1523,"Smooth muscle"
"e16_s1_ACCTACCCATCCAACA-1",1311,"ENS"
"e16_s1_ACCTGAAAGTGTAGTA-1",1236,"Foregut Basal"
"e16_s1_ACCTGAAGTCTAGTGT-1",1633,"Fibroblast 4 (Kcnn3)"
"e16_s1_ACCTGTCCAAATTAGG-1",576,"Fibroblast 6 (Lepr/Sp5)"
"e16_s1_ACCTGTCCAATGGCAG-1",458,"Pericyte"
"e16_s1_ACCTGTCGTAACCCTA-1",1100,"Fibroblast 6 (Lepr/Sp5)"
"e16_s1_ACCTGTCGTTTACCTT-1",1235,"Simple Epithelial"
"e16_s1_ACCTGTCGTTTCCAAG-1",831,"Pericyte"
"e16_s1_ACCTGTCTCCTTTGAT-1",646,"Fibroblast 2 (Fndc1/Dpt)"
"e16_s1_ACCTGTCTCGACGATT-1",458,"Fibroblast 3 (Adam12)"
"e16_s1_ACCTGTCTCGTAGCTA-1",71,"Fibroblast 6 (Lepr/Sp5)"
"e16_s1_ACGATCACATTCGATG-1",1199,"Proliferative Fibroblast"
"e16_s1_ACGATCATCGAGATGG-1",1427,"Proliferative Fibroblast"
"e16_s1_ACGATGTTCTAGGCAT-1",637,"Fibroblast 1 (Col6a4/Adamdec1)"
"e16_s1_ACGGAAGGTGATGTAA-1",467,"Fibroblast 4 (Kcnn3)"
"e16_s1_ACGGAAGTCGTAACTG-1",525,"Foregut Basal"
"e16_s1_ACGGGTCTCTTTACAC-1",789,"Simple Epithelial"
"e16_s1_ACGTAACCACGTATAC-1",1097,"Smooth muscle"
"e16_s1_ACGTACAAGACTTGTC-1",762,"Foregut Basal"
"e16_s1_ACGTACACAATCTCGA-1",678,"Fibroblast 2 (Fndc1/Dpt)"
"e16_s1_ACGTACACACACGGAA-1",1206,"ENS"
"e16_s1_ACGTACAGTGCTCTTC-1",958,"Endothelial"
"e16_s1_ACGTACAGTGGCGCTT-1",659,"Fibroblast 2 (Fndc1/Dpt)"
"e16_s1_ACGTACATCTTCCGTG-1",1538,"Smooth muscle"
"e16_s1_ACGTCCTAGAGACAAG-1",523,"Fibroblast 1 (Col6a4/Adamdec1)"
"e16_s1_ACGTCCTAGTGTACAA-1",1190,"Pericyte"
"e16_s1_ACGTCCTCACCGTCTT-1",586,"Proliferative Fibroblast"
"e16_s1_ACGTCCTCAGTGAGCA-1",1144,"Foregut Basal"
"e16_s1_ACGTCCTGTAACTTCG-1",1427,"Mesothelial"
"e16_s1_ACGTCCTTCGGTAGGA-1",1203,"Fibroblast 1 (Col6a4/Adamdec1)"
"e16_s1_ACGTTCCAGCTTCGTA-1",217,"Smooth muscle"
"e16_s1_ACTACGACAACGTATC-1",287,"Fibroblast 1 (Col6a4/Adamdec1)"
"e16_s1_ACTATCTAGAACGCGT-1",957,"Proliferative Fibroblast"
"e16_s1_ACTATCTAGGACGCTA-1",377,"Fibroblast 6 (Lepr/Sp5)"
"e16_s1_ACTATCTAGTAGTGCG-1",1326,"Fibroblast 4 (Kcnn3)"
"e16_s1_ACTATCTCAATTTCGG-1",576,"Fibroblast 1 (Col6a4/Adamdec1)"
"e16_s1_ACTATCTCATGGAACG-1",1517,"ICC"
"e16_s1_ACTATCTGTACTGTTG-1",1515,"Fibroblast 3 (Adam12)"
"e16_s1_ACTATCTTCGTAACTG-1",1366,"Fibroblast 1 (Col6a4/Adamdec1)"
"e16_s1_ACTATGGCAGAAGTTA-1",193,"Smooth muscle"
"e16_s1_ACTATGGTCAGATTGC-1",620,"Smooth muscle"
"e16_s1_ACTATGGTCGAAGAAT-1",1511,"Simple Epithelial"
"e16_s1_ACTATGGTCGCTTAAG-1",1200,"Proliferative Fibroblast"
"e16_s1_ACTATTCAGGGCGAGA-1",833,"Fibroblast 4 (Kcnn3)"
"e16_s1_ACTATTCTCCAAATGC-1",1053,"Proliferative Fibroblast"
"e16_s1_ACTCCCAGTACGAGTG-1",1293,"Smooth muscle"
"e16_s1_ACTCCCAGTATCGTAC-1",1375,"Endothelial"
"e16_s1_ACTCCCAGTCATCTAG-1",590,"ENS"
"e16_s1_ACTCTCGAGAAACTCA-1",398,"Fibroblast 5 (Mfap5/Grm3)"
"e16_s1_ACTCTCGCAACCGTAT-1",871,"Fibroblast 2 (Fndc1/Dpt)"
"e16_s1_ACTCTCGCACACAGCC-1",817,"Fibroblast 6 (Lepr/Sp5)"
"e16_s1_ACTGATGAGGGTAGCT-1",1028,"Fibroblast 2 (Fndc1/Dpt)"
"e16_s1_ACTGATGCACTCCCTA-1",762,"Foregut Basal"
"e16_s1_ACTGCAACACGGGTAA-1",828,"Myofibroblast"
"e16_s1_ACTGCAACAGGGATAC-1",1316,"Fibroblast 6 (Lepr/Sp5)"
"e16_s1_ACTGCAAGTCACGCTG-1",1072,"Myofibroblast"
"e16_s1_ACTGCAAGTGTCTTCC-1",1144,"Foregut Basal"
"e16_s1_ACTGCAATCTGCATAG-1",595,"ICC"
"e16_s1_ACTGCAATCTGGCCAG-1",1144,"Simple Epithelial"
"e16_s1_ACTGTCCGTCGCATCG-1",1162,"Simple Epithelial"
"e16_s1_ACTGTGAAGCATACTC-1",1514,"Smooth muscle"
"e16_s1_ACTGTGAAGCTGGCCT-1",523,"Fibroblast 6 (Lepr/Sp5)"
"e16_s1_ACTGTGACACCAGCCA-1",808,"Foregut Basal"
"e16_s1_ACTTAGGAGATCGGTG-1",816,"Fibroblast 6 (Lepr/Sp5)"
"e16_s1_ACTTAGGCACAGTCCG-1",1512,"Smooth muscle"
"e16_s1_ACTTAGGCATCGCTAA-1",320,"Fibroblast 1 (Col6a4/Adamdec1)"
"e16_s1_ACTTATCTCATCGCCT-1",491,"Foregut Basal"
"e16_s1_ACTTATCTCGTTCAGA-1",1235,"Simple Epithelial"
"e16_s1_ACTTCCGAGCTGCGAA-1",1108,"Proliferative Fibroblast"
"e16_s1_ACTTCCGGTAACCCGC-1",457,"Fibroblast 5 (Mfap5/Grm3)"
"e16_s1_ACTTCGCCAGGACATG-1",273,"Fibroblast 2 (Fndc1/Dpt)"
"e16_s1_ACTTCGCCATCTTCGC-1",1300,"Proliferative Fibroblast"
"e16_s1_ACTTTGTCACTAACGT-1",1293,"Fibroblast 6 (Lepr/Sp5)"
"e16_s1_ACTTTGTTCGGTGTTA-1",595,"Proliferative Fibroblast"
"e16_s1_AGAAATGGTGGTCCCA-1",1300,"Fibroblast 1 (Col6a4/Adamdec1)"
"e16_s1_AGAAATGTCCGTATGA-1",465,"Fibroblast 6 (Lepr/Sp5)"
"e16_s1_AGAACAAGTTGCAACT-1",1178,"Fibroblast 1 (Col6a4/Adamdec1)"
"e16_s1_AGAACCTTCTTCTGTA-1",631,"Fibroblast 6 (Lepr/Sp5)"
"e16_s1_AGAAGCGAGGACCCAA-1",428,"Smooth muscle"
"e16_s1_AGAAGCGCAATCCAGT-1",366,"Pericyte"
"e16_s1_AGAAGCGCACCAGTAT-1",1427,"Fibroblast 2 (Fndc1/Dpt)"
"e16_s1_AGAAGCGCACGGTGTC-1",1262,"Foregut Basal"
"e16_s1_AGAAGCGGTCCGATCG-1",620,"Fibroblast 1 (Col6a4/Adamdec1)"
"e16_s1_AGAAGCGGTTCAAAGA-1",892,"Fibroblast 2 (Fndc1/Dpt)"
"e16_s1_AGAAGCGGTTCAACGT-1",283,"Mesothelial"
"e16_s1_AGAAGTACACAAGCCC-1",1304,"Proliferative Fibroblast"
"e16_s1_AGAAGTACACCGTGAC-1",1520,"Fibroblast 1 (Col6a4/Adamdec1)"
"e16_s1_AGAAGTAGTTCCTAGA-1",800,"Fibroblast 6 (Lepr/Sp5)"
"e16_s1_AGACAAACAGCTTCCT-1",878,"Fibroblast 3 (Adam12)"
"e16_s1_AGACACTAGGACCCAA-1",533,"Proliferative Fibroblast"
"e16_s1_AGACAGGGTAAGAACT-1",623,"ICC"
"e16_s1_AGACAGGGTCACTCTC-1",1658,"Fibroblast 1 (Col6a4/Adamdec1)"
"e16_s1_AGACCATGTGATTGGG-1",659,"Fibroblast 2 (Fndc1/Dpt)"
"e16_s1_AGACCATGTGGTTTGT-1",519,"Smooth muscle"
"e16_s1_AGACCATTCGTTCTGC-1",1353,"Smooth muscle"
"e16_s1_AGACCCGAGAAAGTCT-1",1097,"Smooth muscle"
"e16_s1_AGACCCGCAACCACGC-1",1125,"Fibroblast 5 (Mfap5/Grm3)"
"e16_s1_AGACCCGCACACCTAA-1",1344,"Foregut Basal"
"e16_s1_AGACCCGTCACCTTGC-1",1144,"Simple Epithelial"
"e16_s1_AGACTCATCATGGCCG-1",1569,"Mesothelial"
"e16_s1_AGACTCATCGTCTACC-1",624,"Fibroblast 1 (Col6a4/Adamdec1)"
"e16_s1_AGAGAATAGCTAGAAT-1",1390,"ENS"
"e16_s1_AGAGAATAGCTATCCA-1",818,"Fibroblast 2 (Fndc1/Dpt)"
"e16_s1_AGAGAATGTGCTCTCT-1",870,"Proliferative Fibroblast"
"e16_s1_AGAGAGCAGAATAGTC-1",547,"ICC"
"e16_s1_AGAGAGCAGAGGACTC-1",1482,"Fibroblast 6 (Lepr/Sp5)"
"e16_s1_AGAGCAGAGTCGGCAA-1",1110,"ENS"
"e16_s1_AGAGCAGTCCATTTCA-1",659,"Fibroblast 6 (Lepr/Sp5)"
"e16_s1_AGAGCCCAGAAAGCGA-1",664,"Proliferative Fibroblast"
"e16_s1_AGAGCCCCACGTCATA-1",1006,"Fibroblast 2 (Fndc1/Dpt)"
"e16_s1_AGATCCACACTGTGAT-1",377,"Fibroblast 6 (Lepr/Sp5)"
"e16_s1_AGATCGTCAGCTCCTT-1",1299,"Fibroblast 3 (Adam12)"
"e16_s1_AGATCGTCAGCTTTCC-1",1088,"Fibroblast 2 (Fndc1/Dpt)"
"e16_s1_AGATCGTGTGCTGCAC-1",1047,"Endothelial"
"e16_s1_AGATCGTGTTAGCTAC-1",748,"Fibroblast 3 (Adam12)"
"e16_s1_AGATCGTTCATTTCGT-1",1402,"Fibroblast 1 (Col6a4/Adamdec1)"
"e16_s1_AGATCGTTCGAAGAAT-1",576,"Fibroblast 1 (Col6a4/Adamdec1)"
"e16_s1_AGATGAAAGCGCACAA-1",1144,"Foregut Basal"
"e16_s1_AGATGAACACAAGTTC-1",1144,"Simple Epithelial"
"e16_s1_AGATGAACATACCACA-1",1144,"Foregut Basal"
"e16_s1_AGATGAATCACTTCTA-1",666,"Fibroblast 1 (Col6a4/Adamdec1)"
"e16_s1_AGATGAATCGGCACTG-1",968,"Myofibroblast"
"e16_s1_AGATGCTGTGGTAATA-1",377,"Fibroblast 5 (Mfap5/Grm3)"
"e16_s1_AGATGCTGTTGGGTAG-1",575,"Fibroblast 1 (Col6a4/Adamdec1)"
"e16_s1_AGATGCTTCATTGTTC-1",249,"Fibroblast 4 (Kcnn3)"
"e16_s1_AGCATCATCCTAAACG-1",1178,"Fibroblast 6 (Lepr/Sp5)"
"e16_s1_AGCCAATGTAGCTTTG-1",607,"Proliferative Fibroblast"
"e16_s1_AGCCAATTCCAAGCCG-1",576,"Fibroblast 1 (Col6a4/Adamdec1)"
"e16_s1_AGCCAATTCCTGCCAT-1",175,"Fibroblast 1 (Col6a4/Adamdec1)"
"e16_s1_AGCCACGCATACAGGG-1",224,"Fibroblast 4 (Kcnn3)"
"e16_s1_AGCCACGTCATCTATC-1",918,"Fibroblast 1 (Col6a4/Adamdec1)"
"e16_s1_AGCCACGTCTCCCAAC-1",1042,"Proliferative Fibroblast"
"e16_s1_AGCCAGCAGCCGCACT-1",1472,"Fibroblast 6 (Lepr/Sp5)"
"e16_s1_AGCCAGCAGCCTCTTC-1",1346,"Smooth muscle"
"e16_s1_AGCCAGCCAGAGGACT-1",451,"Smooth muscle"
"e16_s1_AGCCAGCGTCGATTTG-1",320,"Fibroblast 1 (Col6a4/Adamdec1)"
"e16_s1_AGCCAGCTCTGGGCCA-1",829,"Fibroblast 2 (Fndc1/Dpt)"
"e16_s1_AGCGATTAGACCATAA-1",800,"Fibroblast 6 (Lepr/Sp5)"
"e16_s1_AGCGATTAGAGCTGCA-1",816,"Proliferative Fibroblast"
"e16_s1_AGCGATTCAATACCTG-1",975,"Fibroblast 5 (Mfap5/Grm3)"
"e16_s1_AGCGATTCATGTGGTT-1",663,"Fibroblast 5 (Mfap5/Grm3)"
"e16_s1_AGCGCCAGTTCCACAA-1",607,"Fibroblast 6 (Lepr/Sp5)"
"e16_s1_AGCGCTGCAAAGAACT-1",931,"Fibroblast 6 (Lepr/Sp5)"
"e16_s1_AGCGCTGTCGGAACTT-1",1359,"Proliferative Fibroblast"
"e16_s1_AGCGCTGTCTGACGCG-1",1383,"Proliferative Fibroblast"
"e16_s1_AGCGTATAGCCATCCG-1",1025,"Proliferative Fibroblast"
"e16_s1_AGCGTATAGTATAACG-1",1285,"Fibroblast 2 (Fndc1/Dpt)"
"e16_s1_AGCGTATAGTGTTGAA-1",595,"Fibroblast 4 (Kcnn3)"
"e16_s1_AGCGTATCACCTGCTT-1",576,"Fibroblast 2 (Fndc1/Dpt)"
"e16_s1_AGCGTATGTCCTTTGC-1",1081,"Proliferative Fibroblast"
"e16_s1_AGCGTATGTCTTCTAT-1",512,"Proliferative Smooth muscle"
"e16_s1_AGCGTATTCAGGCGAA-1",440,"Immune"
"e16_s1_AGCGTATTCTCCGTGT-1",1470,"Fibroblast 6 (Lepr/Sp5)"
"e16_s1_AGCGTCGCACACCTTC-1",666,"Fibroblast 1 (Col6a4/Adamdec1)"
"e16_s1_AGCGTCGGTATTTCGG-1",1496,"ENS"
"e16_s1_AGCTACACACGGGTAA-1",1178,"ICC"
"e16_s1_AGCTACACATGAAAGT-1",1482,"Fibroblast 2 (Fndc1/Dpt)"
"e16_s1_AGCTCAAAGTACAGCG-1",390,"Fibroblast 3 (Adam12)"
"e16_s1_AGCTCAAGTACAGGTG-1",607,"Fibroblast 6 (Lepr/Sp5)"
"e16_s1_AGCTCAAGTATGGAGC-1",1475,"Smooth muscle"
"e16_s1_AGCTCAATCTGAGGCC-1",203,"Simple Epithelial"
"e16_s1_AGCTTCCAGCCATCCG-1",543,"Foregut Basal"
"e16_s1_AGCTTCCGTATGCAAA-1",726,"Simple Epithelial"
"e16_s1_AGCTTCCGTTAACAGA-1",1316,"Fibroblast 6 (Lepr/Sp5)"
"e16_s1_AGCTTCCTCGCAACAT-1",681,"Proliferative Fibroblast"
"e16_s1_AGGAAATAGCTGAGTG-1",1482,"Fibroblast 4 (Kcnn3)"
"e16_s1_AGGAAATCAGCAGTTT-1",1414,"Fibroblast 2 (Fndc1/Dpt)"
"e16_s1_AGGAAATGTCGGTGTC-1",1633,"Fibroblast 3 (Adam12)"
"e16_s1_AGGAAATGTCTACGAT-1",324,"Proliferative Fibroblast"
"e16_s1_AGGAAATTCAAGGACG-1",800,"Fibroblast 6 (Lepr/Sp5)"
"e16_s1_AGGAATATCACATCAG-1",487,"Fibroblast 1 (Col6a4/Adamdec1)"
"e16_s1_AGGACGAGTGCGGATA-1",1162,"Foregut Basal"
"e16_s1_AGGAGGTGTTACCGTA-1",1190,"Fibroblast 5 (Mfap5/Grm3)"
"e16_s1_AGGATAACAACCGTAT-1",1610,"Fibroblast 3 (Adam12)"
"e16_s1_AGGATAAGTACACGTT-1",260,"Fibroblast 2 (Fndc1/Dpt)"
"e16_s1_AGGATAATCGTAATGC-1",1128,"Foregut Basal"
"e16_s1_AGGATCTAGTCCTGCG-1",1658,"Fibroblast 1 (Col6a4/Adamdec1)"
"e16_s1_AGGATCTCAAACACGG-1",916,"Mesothelial"
"e16_s1_AGGCATTCAATCAAGA-1",1178,"Smooth muscle"
"e16_s1_AGGCATTGTCGTTGGC-1",104,"Smooth muscle"
"e16_s1_AGGCATTTCGTTCTAT-1",512,"Fibroblast 2 (Fndc1/Dpt)"
"e16_s1_AGGCCACAGGTTGGTG-1",320,"Fibroblast 1 (Col6a4/Adamdec1)"
"e16_s1_AGGCTGCGTCAACACT-1",1511,"Simple Epithelial"
"e16_s1_AGGGAGTGTGGGACAT-1",663,"Pericyte"
"e16_s1_AGGGCCTAGCGCCTTG-1",1081,"Fibroblast 4 (Kcnn3)"
"e16_s1_AGGGCCTAGTAAGCAT-1",748,"Fibroblast 1 (Col6a4/Adamdec1)"
"e16_s1_AGGGCTCGTCATGGCC-1",1623,"Fibroblast 2 (Fndc1/Dpt)"
"e16_s1_AGGGCTCTCATGCCCT-1",595,"Proliferative Fibroblast"
"e16_s1_AGGGTCCGTGAGTTTC-1",1203,"Fibroblast 1 (Col6a4/Adamdec1)"
"e16_s1_AGGGTCCTCACTCCGT-1",182,"Proliferative Fibroblast"
"e16_s1_AGGGTGAAGATTGTGA-1",465,"Proliferative Fibroblast"
"e16_s1_AGGGTTTAGCTGTACT-1",1633,"Fibroblast 5 (Mfap5/Grm3)"
"e16_s1_AGGGTTTCACTATCGA-1",604,"Fibroblast 1 (Col6a4/Adamdec1)"
"e16_s1_AGGGTTTTCGACCATA-1",190,"Smooth muscle"
"e16_s1_AGGTAGGCAGACGATG-1",460,"Smooth muscle"
"e16_s1_AGGTAGGGTGCTCCGA-1",1178,"Pericyte"
"e16_s1_AGGTCATAGGATGGCT-1",807,"Immune"
"e16_s1_AGGTCATGTAAGATCA-1",1366,"Fibroblast 3 (Adam12)"
"e16_s1_AGGTCATTCCTTATCA-1",1623,"Myofibroblast"
"e16_s1_AGGTGTTAGACGGAAA-1",440,"Immune"
"e16_s1_AGGTGTTAGTTGTCGT-1",210,"Fibroblast 5 (Mfap5/Grm3)"
"e16_s1_AGGTGTTCATACGCAT-1",1366,"ICC"
"e16_s1_AGGTGTTGTCGAAGCA-1",1088,"ICC"
"e16_s1_AGGTGTTGTGACATCT-1",1322,"Smooth muscle"
"e16_s1_AGGTGTTGTTACCCTC-1",547,"Smooth muscle"
"e16_s1_AGGTGTTGTTGTGGAG-1",757,"Smooth muscle"
"e16_s1_AGGTTACGTGCGGCTT-1",1116,"Simple Epithelial"
"e16_s1_AGGTTACTCACGGTCG-1",1347,"Endothelial"
"e16_s1_AGTAACCAGAGGCGTT-1",366,"Fibroblast 3 (Adam12)"
"e16_s1_AGTACTGCAGCAATTC-1",988,"Fibroblast 4 (Kcnn3)"
"e16_s1_AGTACTGCAGTTACCA-1",935,"Fibroblast 6 (Lepr/Sp5)"
"e16_s1_AGTACTGTCGGATACT-1",958,"Endothelial"
"e16_s1_AGTAGCTAGTACGTCT-1",1375,"Endothelial"
"e16_s1_AGTAGCTCAGGGCTTC-1",568,"ENS"
"e16_s1_AGTAGTCAGCGTGCTC-1",985,"Fibroblast 2 (Fndc1/Dpt)"
"e16_s1_AGTAGTCCACTGGCGT-1",451,"Mesothelial"
"e16_s1_AGTCACAAGCTAAGTA-1",1028,"Fibroblast 5 (Mfap5/Grm3)"
"e16_s1_AGTCACATCATCCTAT-1",942,"ENS"
"e16_s1_AGTCATGAGCCACCGT-1",535,"Fibroblast 6 (Lepr/Sp5)"
"e16_s1_AGTCTCCTCACCCTGT-1",941,"Smooth muscle"
"e16_s1_AGTCTCCTCTCAGAAC-1",715,"Proliferative Fibroblast"
"e16_s1_AGTGACTAGCCTCCAG-1",576,"Fibroblast 1 (Col6a4/Adamdec1)"
"e16_s1_AGTGACTCACCATAAC-1",385,"ENS"
"e16_s1_AGTGATCCACCCTGTT-1",1633,"Myofibroblast"
"e16_s1_AGTGCCGAGGTACCTT-1",1300,"Fibroblast 1 (Col6a4/Adamdec1)"
"e16_s1_AGTGCCGAGTAGACCG-1",1236,"Foregut Basal"
"e16_s1_AGTGCCGGTCCCTCAT-1",921,"Fibroblast 4 (Kcnn3)"
"e16_s1_AGTGTTGTCGATCCAA-1",443,"Mesothelial"
"e16_s1_AGTTAGCGTTCGTTCC-1",1203,"Fibroblast 1 (Col6a4/Adamdec1)"
"e16_s1_AGTTCCCCAAGAGGCT-1",304,"Foregut Basal"
"e16_s1_AGTTCCCGTAAGTTGA-1",371,"Fibroblast 5 (Mfap5/Grm3)"
"e16_s1_AGTTCGAGTAAGGAGA-1",1322,"Fibroblast 1 (Col6a4/Adamdec1)"
"e16_s1_AGTTCGAGTCGGCTAC-1",1203,"Fibroblast 3 (Adam12)"
"e16_s1_AGTTCGATCGTCCTCA-1",1234,"Fibroblast 6 (Lepr/Sp5)"
"e16_s1_ATACCGACAGCTTTGA-1",1053,"Fibroblast 5 (Mfap5/Grm3)"
"e16_s1_ATACCTTCAACTCGAT-1",1373,"Pericyte"
"e16_s1_ATACTTCCAAGGTCAG-1",816,"Fibroblast 6 (Lepr/Sp5)"
"e16_s1_ATACTTCGTACTGCCG-1",175,"Fibroblast 2 (Fndc1/Dpt)"
"e16_s1_ATAGACCAGAAACACT-1",427,"Fibroblast 4 (Kcnn3)"
"e16_s1_ATAGACCAGTCGGCCT-1",693,"Immune"
"e16_s1_ATAGACCGTGTGATGG-1",988,"Fibroblast 2 (Fndc1/Dpt)"
"e16_s1_ATAGAGAAGGACACTG-1",465,"Smooth muscle"
"e16_s1_ATAGAGATCGCTATTT-1",145,"Proliferative Fibroblast"
"e16_s1_ATAGGCTTCATCGCTC-1",595,"Pericyte"
"e16_s1_ATAGGCTTCTGAGCAT-1",1235,"Simple Epithelial"
"e16_s1_ATCACAGAGCGGGTTA-1",1449,"Pericyte"
"e16_s1_ATCACAGAGGGCTAAC-1",197,"Smooth muscle"
"e16_s1_ATCACAGGTATACCTG-1",281,"Endothelial"
"e16_s1_ATCACAGGTGAGATTA-1",1388,"Fibroblast 3 (Adam12)"
"e16_s1_ATCACGAAGCGAACTG-1",420,"Fibroblast 4 (Kcnn3)"
"e16_s1_ATCACTTAGTAGGGTC-1",371,"Proliferative Fibroblast"
"e16_s1_ATCACTTAGTCACTAC-1",771,"Proliferative Fibroblast"
"e16_s1_ATCAGGTCACCTTCCA-1",904,"Smooth muscle"
"e16_s1_ATCAGGTGTAGGAAAG-1",533,"Fibroblast 1 (Col6a4/Adamdec1)"
"e16_s1_ATCATTCGTCCCGCAA-1",1128,"Foregut Basal"
"e16_s1_ATCATTCGTGGAAATT-1",1577,"Simple Epithelial"
"e16_s1_ATCCACCAGACCGTTT-1",390,"Proliferative Fibroblast"
"e16_s1_ATCCACCTCCTGTAAG-1",762,"Foregut Basal"
"e16_s1_ATCCATTAGCCGTCGT-1",969,"Fibroblast 2 (Fndc1/Dpt)"
"e16_s1_ATCCATTAGCTCGCAC-1",1198,"Smooth muscle"
"e16_s1_ATCCATTGTATCGCTA-1",789,"Simple Epithelial"
"e16_s1_ATCCGTCAGTCGTCTA-1",1651,"Fibroblast 2 (Fndc1/Dpt)"
"e16_s1_ATCCGTCTCGTACCTC-1",988,"Proliferative Fibroblast"
"e16_s1_ATCCTATAGGTAACTA-1",1520,"Fibroblast 1 (Col6a4/Adamdec1)"
"e16_s1_ATCCTATGTTGGACTT-1",1316,"Proliferative Smooth muscle"
"e16_s1_ATCCTATTCTGGCCTT-1",224,"Fibroblast 4 (Kcnn3)"
"e16_s1_ATCGATGAGCCTGCCA-1",762,"Foregut Basal"
"e16_s1_ATCGATGCAATAGGAT-1",957,"Proliferative Fibroblast"
"e16_s1_ATCGCCTGTGAGTTGG-1",1137,"Fibroblast 4 (Kcnn3)"
"e16_s1_ATCGGATTCCGGACGT-1",681,"Fibroblast 4 (Kcnn3)"
"e16_s1_ATCGGATTCTCATGGA-1",1166,"Proliferative Fibroblast"
"e16_s1_ATCGGCGCATACAGCT-1",595,"Fibroblast 5 (Mfap5/Grm3)"
"e16_s1_ATCGGCGGTGGGTCAA-1",298,"Fibroblast 5 (Mfap5/Grm3)"
"e16_s1_ATCGTAGAGGTTACAA-1",1031,"Proliferative Fibroblast"
"e16_s1_ATCGTAGGTCGTACTA-1",1352,"Fibroblast 2 (Fndc1/Dpt)"
"e16_s1_ATCGTCCCAGATAAAC-1",599,"Fibroblast 2 (Fndc1/Dpt)"
"e16_s1_ATCGTCCTCGCCAGTG-1",568,"ENS"
"e16_s1_ATCGTCCTCTGTCAGA-1",959,"ENS"
"e16_s1_ATCTCTAAGCTAATGA-1",1427,"Fibroblast 2 (Fndc1/Dpt)"
"e16_s1_ATCTCTAAGCTGACAG-1",1482,"Fibroblast 6 (Lepr/Sp5)"
"e16_s1_ATCTCTACATAGGAGC-1",1373,"Mesothelial"
"e16_s1_ATCTTCAAGGACTGGT-1",988,"Proliferative Fibroblast"
"e16_s1_ATCTTCACATCGTTCC-1",1162,"Simple Epithelial"
"e16_s1_ATGAAAGGTCGTCAGC-1",707,"Pericyte"
"e16_s1_ATGAAAGGTGCCTGAC-1",1623,"Smooth muscle"
"e16_s1_ATGAAAGTCCACACCT-1",1624,"ENS"
"e16_s1_ATGACCACAATTGAGA-1",303,"Myofibroblast"
"e16_s1_ATGACCAGTAAGTCAA-1",1206,"ENS"
"e16_s1_ATGACCATCCTCGCAT-1",1118,"Smooth muscle"
"e16_s1_ATGAGTCCAAGCCATT-1",921,"Fibroblast 6 (Lepr/Sp5)"
"e16_s1_ATGAGTCCAATGTGGG-1",385,"ENS"
"e16_s1_ATGAGTCCATTCATCT-1",1198,"Fibroblast 2 (Fndc1/Dpt)"
"e16_s1_ATGATCGAGGATATGT-1",762,"Foregut Basal"
"e16_s1_ATGATCGCATCTATCT-1",577,"Fibroblast 5 (Mfap5/Grm3)"
"e16_s1_ATGATCGTCTCCTGCA-1",356,"Fibroblast 3 (Adam12)"
"e16_s1_ATGCATGGTCTGATAC-1",1500,"Fibroblast 4 (Kcnn3)"
"e16_s1_ATGCATGGTCTGTCCT-1",826,"Mesothelial"
"e16_s1_ATGCCTCCAATTGTGC-1",1479,"Fibroblast 5 (Mfap5/Grm3)"
"e16_s1_ATGCCTCGTACCGGAA-1",809,"Foregut Basal"
"e16_s1_ATGCGATCAAGGCTTT-1",576,"Fibroblast 1 (Col6a4/Adamdec1)"
"e16_s1_ATGCGATGTGAGCGAT-1",789,"Simple Epithelial"
"e16_s1_ATGCGATGTTCTTCAT-1",1577,"Simple Epithelial"
"e16_s1_ATGGATCCATCGGATT-1",519,"Fibroblast 1 (Col6a4/Adamdec1)"
"e16_s1_ATGGATCTCGGACCAC-1",1178,"Proliferative Fibroblast"
"e16_s1_ATGGGAGAGTAGATCA-1",138,"Fibroblast 5 (Mfap5/Grm3)"
"e16_s1_ATGGGAGGTGACCGAA-1",1144,"Foregut Basal"
"e16_s1_ATGGGTTAGGTAAACT-1",1235,"Simple Epithelial"
"e16_s1_ATGGGTTCATTAGGAA-1",808,"Foregut Basal"
"e16_s1_ATGGGTTGTGTCTTCC-1",892,"Fibroblast 6 (Lepr/Sp5)"
"e16_s1_ATGGGTTTCCGGACTG-1",355,"Fibroblast 3 (Adam12)"
"e16_s1_ATGGTTGAGGGACACT-1",678,"Smooth muscle"
"e16_s1_ATGGTTGCATCGAACT-1",519,"Smooth muscle"
"e16_s1_ATGTCCCCAACCTAAC-1",1409,"Proliferative Fibroblast"
"e16_s1_ATGTCTTGTAGTCGTT-1",1178,"Pericyte"
"e16_s1_ATTACCTTCGCGCTGA-1",1482,"Proliferative Fibroblast"
"e16_s1_ATTACCTTCGCGTCGA-1",1116,"Simple Epithelial"
"e16_s1_ATTATCCTCATTCGGA-1",260,"Fibroblast 6 (Lepr/Sp5)"
"e16_s1_ATTATCCTCGGTATGT-1",1084,"Proliferative Fibroblast"
"e16_s1_ATTCACTGTGTATTCG-1",1128,"Foregut Basal"
"e16_s1_ATTCACTTCAGACAAA-1",509,"Fibroblast 2 (Fndc1/Dpt)"
"e16_s1_ATTCAGGGTTCGTACA-1",1274,"Fibroblast 2 (Fndc1/Dpt)"
"e16_s1_ATTCATCAGTTTGGCT-1",595,"Proliferative Fibroblast"
"e16_s1_ATTCATCGTCATAAAG-1",1084,"Smooth muscle"
"e16_s1_ATTCATCGTGGACCAA-1",491,"Simple Epithelial"
"e16_s1_ATTCCATCAAACGAGC-1",575,"Fibroblast 2 (Fndc1/Dpt)"
"e16_s1_ATTCCATTCAAGTCTG-1",816,"Fibroblast 5 (Mfap5/Grm3)"
"e16_s1_ATTCCATTCATCTCTA-1",864,"Proliferative Fibroblast"
"e16_s1_ATTCCATTCCGCGATG-1",1009,"Fibroblast 6 (Lepr/Sp5)"
"e16_s1_ATTCCCGGTAGTCTTG-1",624,"Pericyte"
"e16_s1_ATTCCCGTCAACCCGG-1",707,"Fibroblast 1 (Col6a4/Adamdec1)"
"e16_s1_ATTCCCGTCCCAGCGA-1",355,"Fibroblast 1 (Col6a4/Adamdec1)"
"e16_s1_ATTCCCGTCTAGTACG-1",666,"Fibroblast 2 (Fndc1/Dpt)"
"e16_s1_ATTCGTTAGAGAGGGC-1",371,"Fibroblast 6 (Lepr/Sp5)"
"e16_s1_ATTCGTTAGCGCCTAC-1",892,"Fibroblast 2 (Fndc1/Dpt)"
"e16_s1_ATTCGTTCACATTACG-1",320,"Smooth muscle"
"e16_s1_ATTCGTTGTCCACGCA-1",800,"Pericyte"
"e16_s1_ATTCTACAGACGCATG-1",137,"Fibroblast 6 (Lepr/Sp5)"
"e16_s1_ATTCTACAGGTCACTT-1",1525,"Fibroblast 1 (Col6a4/Adamdec1)"
"e16_s1_ATTCTACGTCCCGGTA-1",586,"ICC"
"e16_s1_ATTCTTGAGCCAAGTG-1",1108,"Fibroblast 2 (Fndc1/Dpt)"
"e16_s1_ATTCTTGCACCTGCTT-1",1352,"Proliferative Fibroblast"
"e16_s1_ATTCTTGCAGGCATGA-1",1142,"Fibroblast 3 (Adam12)"
"e16_s1_ATTCTTGGTAATTGGA-1",1293,"Fibroblast 4 (Kcnn3)"
"e16_s1_ATTGGGTCACGTCGGT-1",842,"Myofibroblast"
"e16_s1_ATTGTTCCATCATCTT-1",1623,"Smooth muscle"
"e16_s1_ATTGTTCGTGTCATTG-1",1144,"Foregut Basal"
"e16_s1_ATTGTTCGTTTCGGCG-1",750,"Foregut Basal"
"e16_s1_ATTGTTCTCCAAACCA-1",1542,"Immune"
"e16_s1_ATTTACCAGTTGTAGA-1",352,"Fibroblast 3 (Adam12)"
"e16_s1_ATTTACCGTTGGAGGT-1",1118,"Proliferative Fibroblast"
"e16_s1_ATTTCACAGCAACTTC-1",892,"Fibroblast 3 (Adam12)"
"e16_s1_ATTTCACAGGCAATGC-1",818,"Fibroblast 6 (Lepr/Sp5)"
"e16_s1_ATTTCACCACAGCATT-1",1190,"Fibroblast 5 (Mfap5/Grm3)"
"e16_s1_ATTTCTGAGGTCATCT-1",1009,"Fibroblast 6 (Lepr/Sp5)"
"e16_s1_ATTTCTGAGGTTGACG-1",817,"Smooth muscle"
"e16_s1_ATTTCTGCATGACCCG-1",1402,"Fibroblast 1 (Col6a4/Adamdec1)"
"e16_s1_ATTTCTGTCGGCATAT-1",440,"Immune"
"e16_s1_CAAAGAAAGGTAGGCT-1",371,"Fibroblast 5 (Mfap5/Grm3)"
"e16_s1_CAAAGAAGTGTGTTTG-1",1128,"Foregut Basal"
"e16_s1_CAAAGAAGTTCGGCGT-1",1494,"Fibroblast 6 (Lepr/Sp5)"
"e16_s1_CAACAACAGCCGAATG-1",574,"Fibroblast 5 (Mfap5/Grm3)"
"e16_s1_CAACAACCAGTGTATC-1",366,"Fibroblast 1 (Col6a4/Adamdec1)"
"e16_s1_CAACAACTCAGCCTCT-1",1512,"Proliferative Fibroblast"
"e16_s1_CAACAGTAGGATACAT-1",1581,"Fibroblast 3 (Adam12)"
"e16_s1_CAACAGTGTCGACTGC-1",569,"Fibroblast 2 (Fndc1/Dpt)"
"e16_s1_CAACAGTTCAGTCCGG-1",1629,"Smooth muscle"
"e16_s1_CAACCAAAGATGGTCG-1",466,"Proliferative Fibroblast"
"e16_s1_CAAGACTGTCCGTTTC-1",1545,"ICC"
"e16_s1_CAAGCTAAGTTGTACC-1",1191,"Fibroblast 6 (Lepr/Sp5)"
"e16_s1_CAAGCTACAGGACTTT-1",800,"Fibroblast 6 (Lepr/Sp5)"
"e16_s1_CAAGCTAGTTAGGGAC-1",1006,"Proliferative Fibroblast"
"e16_s1_CAAGGGAGTGTTAAAG-1",802,"Fibroblast 6 (Lepr/Sp5)"
"e16_s1_CAAGGGATCACTTGTT-1",1116,"Simple Epithelial"
"e16_s1_CAATACGCAAACTAAG-1",491,"Simple Epithelial"
"e16_s1_CAATACGCAAGAATAC-1",519,"Proliferative Fibroblast"
"e16_s1_CAATACGCAATAGTGA-1",1402,"Fibroblast 3 (Adam12)"
"e16_s1_CAATACGTCCACAGGC-1",1228,"Myofibroblast"
"e16_s1_CAATACGTCTCTGACC-1",256,"Proliferative Smooth muscle"
"e16_s1_CAATCGACAGGACTAG-1",364,"Myofibroblast"
"e16_s1_CAATCGAGTCATTCCC-1",1620,"Fibroblast 2 (Fndc1/Dpt)"
"e16_s1_CAATGACAGGGCTTCC-1",463,"Fibroblast 2 (Fndc1/Dpt)"
"e16_s1_CAATGACAGTCACGAG-1",595,"Fibroblast 2 (Fndc1/Dpt)"
"e16_s1_CAATGACCAGGCAATG-1",1409,"Fibroblast 3 (Adam12)"
"e16_s1_CAATGACGTATATGGA-1",257,"Fibroblast 4 (Kcnn3)"
"e16_s1_CAATTTCCACAGCCAC-1",1036,"Pericyte"
"e16_s1_CAATTTCCAGCTGTGC-1",800,"Fibroblast 6 (Lepr/Sp5)"
"e16_s1_CAATTTCCATGACAGG-1",1623,"Myofibroblast"
"e16_s1_CACAACACACACGGTC-1",576,"Fibroblast 1 (Col6a4/Adamdec1)"
"e16_s1_CACAACACAGGACTAG-1",659,"Fibroblast 4 (Kcnn3)"
"e16_s1_CACAACATCTTGGTCC-1",1240,"Fibroblast 1 (Col6a4/Adamdec1)"
"e16_s1_CACACAATCGTTGTAG-1",646,"Proliferative Fibroblast"
"e16_s1_CACAGATGTTGCCGAC-1",1066,"Foregut Basal"
"e16_s1_CACAGATTCCCAGTGG-1",1166,"Fibroblast 1 (Col6a4/Adamdec1)"
"e16_s1_CACAGGCAGCGACTTT-1",1633,"Proliferative Fibroblast"
"e16_s1_CACAGGCCAAGGCGTA-1",1538,"Smooth muscle"
"e16_s1_CACAGGCCAGGTCAGA-1",374,"Fibroblast 2 (Fndc1/Dpt)"
"e16_s1_CACAGGCGTTGTGGAG-1",1234,"Fibroblast 2 (Fndc1/Dpt)"
"e16_s1_CACAGGCTCATGCCAA-1",743,"Fibroblast 6 (Lepr/Sp5)"
"e16_s1_CACAGGCTCTCGTTTA-1",182,"Fibroblast 6 (Lepr/Sp5)"
"e16_s1_CACATGAAGGATTCCT-1",1321,"Fibroblast 2 (Fndc1/Dpt)"
"e16_s1_CACATGAAGGGACAGG-1",935,"Fibroblast 2 (Fndc1/Dpt)"
"e16_s1_CACATGACACCCTAGG-1",831,"Fibroblast 2 (Fndc1/Dpt)"
"e16_s1_CACATGAGTGCCGGTT-1",1300,"ICC"
"e16_s1_CACATGATCCATTCAT-1",1128,"Foregut Basal"
"e16_s1_CACCAAAAGACATAAC-1",845,"Fibroblast 2 (Fndc1/Dpt)"
"e16_s1_CACCAAAAGGTAATCA-1",958,"Endothelial"
"e16_s1_CACCAAAAGTCACGCC-1",444,"Smooth muscle"
"e16_s1_CACCAAACAATTCTTC-1",377,"Fibroblast 5 (Mfap5/Grm3)"
"e16_s1_CACCGTTCAACGATCT-1",556,"Immune"
"e16_s1_CACCGTTTCGAAGAAT-1",1219,"Proliferative Fibroblast"
"e16_s1_CACCGTTTCTGTCCCA-1",428,"Pericyte"
"e16_s1_CACGAATCAACCGTGC-1",932,"Fibroblast 5 (Mfap5/Grm3)"
"e16_s1_CACGAATGTCGATTAC-1",283,"Fibroblast 3 (Adam12)"
"e16_s1_CACGAATTCGGCTGAC-1",371,"Fibroblast 2 (Fndc1/Dpt)"
"e16_s1_CACGGGTAGCAATAGT-1",809,"Foregut Basal"
"e16_s1_CACGGGTGTAATCAAG-1",1633,"Fibroblast 2 (Fndc1/Dpt)"
"e16_s1_CACGGGTGTCTTGAAC-1",604,"Fibroblast 1 (Col6a4/Adamdec1)"
"e16_s1_CACGGGTGTGGGATTG-1",146,"Fibroblast 4 (Kcnn3)"
"e16_s1_CACGTGGAGGTATTGA-1",1088,"Proliferative Fibroblast"
"e16_s1_CACGTGGCAGTGTATC-1",788,"ICC"
"e16_s1_CACGTGGTCACATCAG-1",983,"Endothelial"
"e16_s1_CACGTGGTCACTGGTA-1",624,"Pericyte"
"e16_s1_CACGTTCTCAAAGCCT-1",1472,"Fibroblast 5 (Mfap5/Grm3)"
"e16_s1_CACGTTCTCGAGCCTG-1",1327,"Simple Epithelial"
"e16_s1_CACTAAGTCAACTCTT-1",1084,"Fibroblast 1 (Col6a4/Adamdec1)"
"e16_s1_CACTAAGTCGTTTACT-1",1327,"Simple Epithelial"
"e16_s1_CACTGAAAGTGTTCCA-1",1219,"Fibroblast 2 (Fndc1/Dpt)"
"e16_s1_CACTGGGCACTTGAAC-1",850,"Fibroblast 5 (Mfap5/Grm3)"
"e16_s1_CACTGTCGTTGGATCT-1",138,"Fibroblast 5 (Mfap5/Grm3)"
"e16_s1_CACTTCGCATTAGGAA-1",1542,"Immune"
"e16_s1_CACTTCGGTCGGTGAA-1",614,"Fibroblast 1 (Col6a4/Adamdec1)"
"e16_s1_CAGAGCCAGATGGCAC-1",595,"Fibroblast 4 (Kcnn3)"
"e16_s1_CAGAGCCTCGAGAATA-1",620,"Fibroblast 2 (Fndc1/Dpt)"
"e16_s1_CAGATACTCGACGTCG-1",1633,"Fibroblast 6 (Lepr/Sp5)"
"e16_s1_CAGATACTCGTTCCCA-1",521,"Simple Epithelial"
"e16_s1_CAGATCAGTGGACTGA-1",1052,"Simple Epithelial"
"e16_s1_CAGATTGGTGGACAGT-1",1464,"Fibroblast 5 (Mfap5/Grm3)"
"e16_s1_CAGCAGCCAGGACATG-1",257,"Fibroblast 6 (Lepr/Sp5)"
"e16_s1_CAGCAGCCATGTGACT-1",1330,"Fibroblast 2 (Fndc1/Dpt)"
"e16_s1_CAGCAGCTCAATGCAC-1",1502,"Fibroblast 2 (Fndc1/Dpt)"
"e16_s1_CAGCAGCTCGAATGCT-1",1173,"Proliferative Fibroblast"
"e16_s1_CAGCAGCTCGTCTAAG-1",837,"Fibroblast 2 (Fndc1/Dpt)"
"e16_s1_CAGCCAGCATCATGAC-1",1658,"Smooth muscle"
"e16_s1_CAGCCAGGTATGCGGA-1",633,"Fibroblast 2 (Fndc1/Dpt)"
"e16_s1_CAGGCCAAGGTACTGG-1",1553,"Fibroblast 1 (Col6a4/Adamdec1)"
"e16_s1_CAGGCCAGTAAGTTGA-1",854,"Immune"
"e16_s1_CAGGGCTTCGTCAAAC-1",324,"ICC"
"e16_s1_CAGGGCTTCTCAGAAC-1",467,"Smooth muscle"
"e16_s1_CAGGTATCAGATACCT-1",800,"Pericyte"
"e16_s1_CAGGTATCATAGGTTC-1",676,"ENS"
"e16_s1_CAGGTATTCCCTTGTG-1",762,"Foregut Basal"
"e16_s1_CAGTGCGAGGAATGTT-1",932,"Fibroblast 2 (Fndc1/Dpt)"
"e16_s1_CAGTGCGGTTCGGTAT-1",1651,"Fibroblast 2 (Fndc1/Dpt)"
"e16_s1_CAGTGCGTCCGTGGTG-1",1414,"Fibroblast 5 (Mfap5/Grm3)"
"e16_s1_CAGTGCGTCTAGTGTG-1",646,"Fibroblast 2 (Fndc1/Dpt)"
"e16_s1_CAGTTAGAGCCGAATG-1",761,"Foregut Basal"
"e16_s1_CAGTTAGCAATAGTGA-1",678,"Pericyte"
"e16_s1_CAGTTAGTCATGCCCT-1",1615,"Fibroblast 2 (Fndc1/Dpt)"
"e16_s1_CAGTTCCCATCGGAAG-1",921,"Fibroblast 6 (Lepr/Sp5)"
"e16_s1_CATAAGCTCCGCGGAT-1",988,"Smooth muscle"
"e16_s1_CATAAGCTCTATACGG-1",1234,"Fibroblast 6 (Lepr/Sp5)"
"e16_s1_CATACAGCACGGATCC-1",539,"Smooth muscle"
"e16_s1_CATACAGGTCGCAACC-1",762,"Foregut Basal"
"e16_s1_CATACTTGTGTAACGG-1",493,"Fibroblast 6 (Lepr/Sp5)"
"e16_s1_CATAGACAGGGTCTTT-1",195,"Proliferative Fibroblast"
"e16_s1_CATAGACGTCCCACGA-1",1300,"Fibroblast 4 (Kcnn3)"
"e16_s1_CATCAAGTCCGTTGAA-1",366,"Fibroblast 1 (Col6a4/Adamdec1)"
"e16_s1_CATCAAGTCGTCACCT-1",1633,"Fibroblast 6 (Lepr/Sp5)"
"e16_s1_CATCCACAGCGATCGA-1",761,"Foregut Basal"
"e16_s1_CATCCACCAAACCATC-1",941,"Smooth muscle"
"e16_s1_CATCCACCAATGGCAG-1",339,"Fibroblast 1 (Col6a4/Adamdec1)"
"e16_s1_CATCCACTCATTATCC-1",755,"Fibroblast 2 (Fndc1/Dpt)"
"e16_s1_CATCCCAGTACAGAAT-1",379,"Fibroblast 5 (Mfap5/Grm3)"
"e16_s1_CATCCCAGTGCCCACA-1",1006,"Fibroblast 1 (Col6a4/Adamdec1)"
"e16_s1_CATCCCATCCCAACTC-1",385,"ENS"
"e16_s1_CATCCCATCCCGTGTT-1",908,"Fibroblast 3 (Adam12)"
"e16_s1_CATCCGTAGACCTGGA-1",666,"Smooth muscle"
"e16_s1_CATCCGTCACCGTGCA-1",333,"Smooth muscle"
"e16_s1_CATCGCTTCATCGACA-1",440,"Immune"
"e16_s1_CATCGGGGTCTTCGAA-1",1243,"Fibroblast 4 (Kcnn3)"
"e16_s1_CATCGGGGTGAGTAAT-1",1511,"Foregut Basal"
"e16_s1_CATCGTCAGCTACAAA-1",1393,"ENS"
"e16_s1_CATCGTCCAATACCTG-1",666,"Fibroblast 2 (Fndc1/Dpt)"
"e16_s1_CATCGTCTCGTTTACT-1",864,"Fibroblast 6 (Lepr/Sp5)"
"e16_s1_CATGCAACACGGGTAA-1",727,"Fibroblast 6 (Lepr/Sp5)"
"e16_s1_CATGCAAGTGTCATTG-1",1404,"Mesothelial"
"e16_s1_CATGCAATCCAACTAG-1",1322,"Proliferative Fibroblast"
"e16_s1_CATGCCTGTGTCCACG-1",789,"Simple Epithelial"
"e16_s1_CATGCGGAGGGACACT-1",1144,"Simple Epithelial"
"e16_s1_CATGCGGGTTCACGAT-1",444,"Fibroblast 2 (Fndc1/Dpt)"
"e16_s1_CATGCTCAGTCAGCGA-1",665,"Proliferative Fibroblast"
"e16_s1_CATGCTCCAAATGATG-1",519,"Smooth muscle"
"e16_s1_CATGCTCCATTCTGTT-1",1532,"Smooth muscle"
"e16_s1_CATGCTCTCAGCCTTC-1",622,"Myofibroblast"
"e16_s1_CATGCTCTCCCAAGTA-1",1249,"Fibroblast 1 (Col6a4/Adamdec1)"
"e16_s1_CATGGATAGTAAACTG-1",969,"Fibroblast 5 (Mfap5/Grm3)"
"e16_s1_CATGGATCAACCAATC-1",1028,"Fibroblast 2 (Fndc1/Dpt)"
"e16_s1_CATGGATCAGTAACGG-1",444,"Smooth muscle"
"e16_s1_CATGGATCATACCGTA-1",1472,"Fibroblast 6 (Lepr/Sp5)"
"e16_s1_CATGGATCATGGAACG-1",304,"Foregut Basal"
"e16_s1_CATGGATGTGCGGCTT-1",1204,"Immune"
"e16_s1_CATGGTAGTATCTCTT-1",1347,"Endothelial"
"e16_s1_CATTCATAGCGCCATC-1",631,"Fibroblast 5 (Mfap5/Grm3)"
"e16_s1_CATTCCGGTAAGATTG-1",217,"Smooth muscle"
"e16_s1_CATTCCGGTCGAGTGA-1",818,"Fibroblast 6 (Lepr/Sp5)"
"e16_s1_CATTCCGTCCGTGGCA-1",249,"Fibroblast 5 (Mfap5/Grm3)"
"e16_s1_CATTCCGTCCTATTTG-1",847,"Mesothelial"
"e16_s1_CATTCCGTCCTGGGAC-1",1496,"ENS"
"e16_s1_CATTCTAAGGACTATA-1",762,"Foregut Basal"
"e16_s1_CATTCTACAGTTTCAG-1",817,"Fibroblast 5 (Mfap5/Grm3)"
"e16_s1_CATTGAGAGCGCCTAC-1",683,"Proliferative Fibroblast"
"e16_s1_CATTGAGCAAACCACT-1",751,"Endothelial"
"e16_s1_CATTGAGTCAGCTTGA-1",931,"Fibroblast 2 (Fndc1/Dpt)"
"e16_s1_CATTGAGTCGACCAAT-1",881,"Fibroblast 4 (Kcnn3)"
"e16_s1_CATTGAGTCTGCTTAT-1",257,"Proliferative Fibroblast"
"e16_s1_CATTGCCAGCAGCACA-1",1321,"Pericyte"
"e16_s1_CATTGCCTCATGCGGC-1",366,"Fibroblast 1 (Col6a4/Adamdec1)"
"e16_s1_CATTGTTAGAAGCGAA-1",620,"Fibroblast 2 (Fndc1/Dpt)"
"e16_s1_CATTGTTTCTATACTC-1",206,"Simple Epithelial"
"e16_s1_CATTTCACATATTCGG-1",1293,"Fibroblast 2 (Fndc1/Dpt)"
"e16_s1_CCAATGAGTTTCTATC-1",54,"Mesothelial"
"e16_s1_CCAATGATCGCAGTGC-1",187,"Fibroblast 2 (Fndc1/Dpt)"
"e16_s1_CCAATGATCTCCCTAG-1",1528,"Fibroblast 6 (Lepr/Sp5)"
"e16_s1_CCAATTTGTTGGACCC-1",1178,"Pericyte"
"e16_s1_CCAATTTGTTTGCCGG-1",1128,"Foregut Basal"
"e16_s1_CCAATTTTCATGCAGT-1",1006,"Fibroblast 2 (Fndc1/Dpt)"
"e16_s1_CCACAAAGTCCGGACT-1",892,"Fibroblast 5 (Mfap5/Grm3)"
"e16_s1_CCACACTAGAATAACC-1",1444,"Simple Epithelial"
"e16_s1_CCACACTCAATACCCA-1",1366,"Proliferative Fibroblast"
"e16_s1_CCACACTTCAGATGCT-1",846,"Proliferative Smooth muscle"
"e16_s1_CCACACTTCATCGACA-1",1168,"Fibroblast 6 (Lepr/Sp5)"
"e16_s1_CCACACTTCTCGTGGG-1",589,"Fibroblast 1 (Col6a4/Adamdec1)"
"e16_s1_CCACGAGCACAAGCAG-1",329,"Endothelial"
"e16_s1_CCACGAGGTATCACCA-1",1327,"Simple Epithelial"
"e16_s1_CCACGAGTCAGCCTCT-1",304,"Foregut Basal"
"e16_s1_CCACGTTCAACCGACC-1",277,"ENS"
"e16_s1_CCACGTTGTCCTCAGG-1",888,"Fibroblast 2 (Fndc1/Dpt)"
"e16_s1_CCACGTTGTCTGCGCA-1",390,"Pericyte"
"e16_s1_CCACGTTTCTTCCGTG-1",1110,"ENS"
"e16_s1_CCACTTGTCAAGATAG-1",1402,"Fibroblast 1 (Col6a4/Adamdec1)"
"e16_s1_CCATAAGAGCGCCCAT-1",1616,"Fibroblast 1 (Col6a4/Adamdec1)"
"e16_s1_CCATAAGAGGAGATAG-1",550,"Foregut Basal"
"e16_s1_CCATCACAGTTCACTG-1",631,"Fibroblast 2 (Fndc1/Dpt)"
"e16_s1_CCATCACGTAGCCCTG-1",247,"Fibroblast 2 (Fndc1/Dpt)"
"e16_s1_CCCAACTAGACGCCCT-1",864,"Fibroblast 2 (Fndc1/Dpt)"
"e16_s1_CCCAACTGTATCCCAA-1",892,"Proliferative Fibroblast"
"e16_s1_CCCATTGAGTTGTACC-1",1352,"Fibroblast 2 (Fndc1/Dpt)"
"e16_s1_CCCGGAAAGAGTCACG-1",693,"Immune"
"e16_s1_CCCGGAAGTACTTCCC-1",373,"Fibroblast 3 (Adam12)"
"e16_s1_CCCTCTCCACAACGCC-1",863,"ENS"
"e16_s1_CCCTCTCTCAGCAGAG-1",210,"Fibroblast 6 (Lepr/Sp5)"
"e16_s1_CCCTGATAGCGCCTCA-1",465,"Smooth muscle"
"e16_s1_CCCTGATAGCTAGAAT-1",620,"Fibroblast 2 (Fndc1/Dpt)"
"e16_s1_CCCTGATCAAGCCATT-1",523,"Fibroblast 3 (Adam12)"
"e16_s1_CCCTGATGTCCATACA-1",320,"Fibroblast 1 (Col6a4/Adamdec1)"
"e16_s1_CCCTGATTCAATGTCG-1",1200,"Smooth muscle"
"e16_s1_CCCTGATTCCCAATAG-1",1300,"Proliferative Smooth muscle"
"e16_s1_CCCTGATTCTAGAACC-1",1611,"Fibroblast 6 (Lepr/Sp5)"
"e16_s1_CCCTTAGCACCCGTAG-1",888,"Fibroblast 6 (Lepr/Sp5)"
"e16_s1_CCCTTAGGTAGTCGGA-1",607,"Fibroblast 5 (Mfap5/Grm3)"
"e16_s1_CCCTTAGGTGAACCGA-1",257,"Fibroblast 6 (Lepr/Sp5)"
"e16_s1_CCCTTAGTCGACGCGT-1",257,"Fibroblast 2 (Fndc1/Dpt)"
"e16_s1_CCGAACGAGAACAGGA-1",620,"Smooth muscle"
"e16_s1_CCGAACGTCAGGACGA-1",671,"Proliferative Fibroblast"
"e16_s1_CCGATCTCACATAACC-1",416,"Fibroblast 5 (Mfap5/Grm3)"
"e16_s1_CCGATGGGTTGGTACT-1",607,"Fibroblast 6 (Lepr/Sp5)"
"e16_s1_CCGCAAGCATGCAGGA-1",371,"Fibroblast 6 (Lepr/Sp5)"
"e16_s1_CCGCAAGGTATGAAAC-1",762,"Foregut Basal"
"e16_s1_CCGCAAGTCGCCATAA-1",595,"Proliferative Fibroblast"
"e16_s1_CCGGTAGTCAATCTCT-1",1271,"Fibroblast 4 (Kcnn3)"
"e16_s1_CCGGTAGTCATACAGC-1",465,"Fibroblast 2 (Fndc1/Dpt)"
"e16_s1_CCGGTGAAGTGGTTAA-1",797,"ENS"
"e16_s1_CCGGTGAGTTGGGACA-1",761,"Foregut Basal"
"e16_s1_CCGTAGGGTTCTTCAT-1",1427,"Proliferative Fibroblast"
"e16_s1_CCGTAGGTCATGTCTT-1",1066,"Foregut Basal"
"e16_s1_CCGTGAGAGGCTAGCA-1",1532,"Smooth muscle"
"e16_s1_CCGTGAGCAGTCGCTG-1",1633,"Fibroblast 5 (Mfap5/Grm3)"
"e16_s1_CCGTGAGGTGGTCAAG-1",1300,"Fibroblast 1 (Col6a4/Adamdec1)"
"e16_s1_CCGTTCATCATTTCCA-1",921,"Fibroblast 4 (Kcnn3)"
"e16_s1_CCTAACCGTGCTCGTG-1",998,"Fibroblast 2 (Fndc1/Dpt)"
"e16_s1_CCTAAGAAGCTACTGT-1",550,"Foregut Basal"
"e16_s1_CCTAAGAAGGTAATCA-1",1616,"Fibroblast 6 (Lepr/Sp5)"
"e16_s1_CCTAAGAGTACCTGTA-1",1128,"Foregut Basal"
"e16_s1_CCTAAGATCTCGAACA-1",654,"Fibroblast 1 (Col6a4/Adamdec1)"
"e16_s1_CCTACGTAGGTGCATG-1",816,"Fibroblast 2 (Fndc1/Dpt)"
"e16_s1_CCTACGTGTTCTCAGA-1",1611,"Smooth muscle"
"e16_s1_CCTATCGCACATACGT-1",863,"ENS"
"e16_s1_CCTCAACCAAAGTATG-1",1245,"Fibroblast 5 (Mfap5/Grm3)"
"e16_s1_CCTCAACCACTGCTTC-1",551,"Fibroblast 2 (Fndc1/Dpt)"
"e16_s1_CCTCAACCAGGTAGTG-1",1234,"Proliferative Fibroblast"
"e16_s1_CCTCAACGTTGCATGT-1",626,"Fibroblast 2 (Fndc1/Dpt)"
"e16_s1_CCTCAACTCATCTACT-1",762,"Simple Epithelial"
"e16_s1_CCTCACACAATACCTG-1",1489,"Fibroblast 5 (Mfap5/Grm3)"
"e16_s1_CCTCAGTAGCCATATC-1",1144,"Foregut Basal"
"e16_s1_CCTCAGTAGGAGGTTC-1",1304,"Fibroblast 2 (Fndc1/Dpt)"
"e16_s1_CCTCAGTTCAGCGCGT-1",1479,"Fibroblast 6 (Lepr/Sp5)"
"e16_s1_CCTCATGAGAGGGTAA-1",908,"Fibroblast 3 (Adam12)"
"e16_s1_CCTCATGCAAGCGGAT-1",145,"Proliferative Fibroblast"
"e16_s1_CCTCCTCAGAGTGGCT-1",1633,"Fibroblast 6 (Lepr/Sp5)"
"e16_s1_CCTCCTCAGTTGTACC-1",829,"Fibroblast 4 (Kcnn3)"
"e16_s1_CCTCCTCCAGAGTTGG-1",1191,"Fibroblast 3 (Adam12)"
"e16_s1_CCTCTAGCACTTCAGA-1",1633,"Fibroblast 2 (Fndc1/Dpt)"
"e16_s1_CCTCTAGGTCCCTGTT-1",771,"Smooth muscle"
"e16_s1_CCTCTCCAGGGCAACT-1",1603,"Fibroblast 1 (Col6a4/Adamdec1)"
"e16_s1_CCTCTCCCATCTTTCA-1",1235,"Simple Epithelial"
"e16_s1_CCTGCATAGATTTGCC-1",1168,"Fibroblast 6 (Lepr/Sp5)"
"e16_s1_CCTGCATAGGTTCCGC-1",1144,"Foregut Basal"
"e16_s1_CCTGCATCAGGAATCG-1",631,"Fibroblast 6 (Lepr/Sp5)"
"e16_s1_CCTGCATGTTCGTACA-1",176,"Fibroblast 1 (Col6a4/Adamdec1)"
"e16_s1_CCTGCATTCAATCCGA-1",1023,"Fibroblast 6 (Lepr/Sp5)"
"e16_s1_CCTGCATTCTCGCGTT-1",888,"Fibroblast 2 (Fndc1/Dpt)"
"e16_s1_CCTGTTGGTACAGAAT-1",1237,"Endothelial"
"e16_s1_CCTTCAGGTCTTAGTG-1",1048,"Endothelial"
"e16_s1_CCTTCAGTCGAGTGGA-1",1234,"Fibroblast 4 (Kcnn3)"
"e16_s1_CCTTGTGGTAGACGTG-1",493,"Fibroblast 5 (Mfap5/Grm3)"
"e16_s1_CCTTGTGGTGTTAAAG-1",612,"Fibroblast 5 (Mfap5/Grm3)"
"e16_s1_CCTTTGGAGTGCACAG-1",800,"Fibroblast 6 (Lepr/Sp5)"
"e16_s1_CCTTTGGCACAGAGAC-1",921,"Fibroblast 5 (Mfap5/Grm3)"
"e16_s1_CCTTTGGGTACCTTCC-1",818,"Fibroblast 6 (Lepr/Sp5)"
"e16_s1_CGAAGGAAGCACTTTG-1",1347,"Endothelial"
"e16_s1_CGAAGGACAGCTGCCA-1",1097,"Smooth muscle"
"e16_s1_CGAAGTTGTAGGCAAC-1",953,"Mesothelial"
"e16_s1_CGAAGTTGTATCGTAC-1",166,"Foregut Basal"
"e16_s1_CGAATTGAGCTATCCA-1",878,"Fibroblast 4 (Kcnn3)"
"e16_s1_CGAATTGTCCTGCCAT-1",665,"Fibroblast 6 (Lepr/Sp5)"
"e16_s1_CGAATTGTCGGAATGG-1",1542,"Immune"
"e16_s1_CGAATTGTCGTACACA-1",984,"Fibroblast 6 (Lepr/Sp5)"
"e16_s1_CGACAGCAGTGAGTTA-1",555,"Myofibroblast"
"e16_s1_CGACAGCCACATATCG-1",1245,"Fibroblast 1 (Col6a4/Adamdec1)"
"e16_s1_CGACAGCTCAAGTAAG-1",623,"Fibroblast 3 (Adam12)"
"e16_s1_CGAGAAGAGCATAGGC-1",676,"ENS"
"e16_s1_CGAGAAGGTACGGGAT-1",409,"Smooth muscle"
"e16_s1_CGAGAAGGTGGACTAG-1",281,"Myofibroblast"
"e16_s1_CGAGGAACATATGAAG-1",379,"ICC"
"e16_s1_CGAGGAATCTCAAAGC-1",818,"Fibroblast 5 (Mfap5/Grm3)"
"e16_s1_CGAGGCTGTCTCAAGT-1",959,"ENS"
"e16_s1_CGAGGCTGTTCAAGTC-1",903,"Fibroblast 1 (Col6a4/Adamdec1)"
"e16_s1_CGAGTGCAGAAGTGTT-1",836,"ENS"
"e16_s1_CGAGTGCGTCTCACAA-1",1234,"Fibroblast 6 (Lepr/Sp5)"
"e16_s1_CGAGTTAAGAACGCGT-1",817,"Proliferative Fibroblast"
"e16_s1_CGAGTTAAGGGCGAAG-1",339,"Fibroblast 2 (Fndc1/Dpt)"
"e16_s1_CGAGTTAGTAAGAACT-1",519,"Proliferative Fibroblast"
"e16_s1_CGAGTTAGTACTCCGG-1",187,"Proliferative Fibroblast"
"e16_s1_CGATCGGCACCCGTAG-1",1285,"Fibroblast 2 (Fndc1/Dpt)"
"e16_s1_CGATCGGTCGCTCTAC-1",584,"Proliferative Fibroblast"
"e16_s1_CGATGCGAGCAGGCAT-1",1507,"Proliferative Fibroblast"
"e16_s1_CGATGCGAGGCACTCC-1",808,"Foregut Basal"
"e16_s1_CGATGCGTCTACTCAT-1",975,"Fibroblast 6 (Lepr/Sp5)"
"e16_s1_CGATGGCAGTCACACT-1",800,"Fibroblast 6 (Lepr/Sp5)"
"e16_s1_CGCATAACACCTCTGT-1",463,"Fibroblast 5 (Mfap5/Grm3)"
"e16_s1_CGCATAAGTAGTTCCA-1",215,"Fibroblast 1 (Col6a4/Adamdec1)"
"e16_s1_CGCATAATCAAACCTG-1",1482,"Fibroblast 5 (Mfap5/Grm3)"
"e16_s1_CGCATGGAGGTAAGTT-1",871,"Fibroblast 5 (Mfap5/Grm3)"
"e16_s1_CGCATGGTCTCTAAGG-1",802,"Fibroblast 5 (Mfap5/Grm3)"
"e16_s1_CGCATGGTCTTCGTGC-1",197,"Smooth muscle"
"e16_s1_CGCCAGACAGCGGTCT-1",217,"Fibroblast 5 (Mfap5/Grm3)"
"e16_s1_CGCCATTCATGTTACG-1",273,"Fibroblast 6 (Lepr/Sp5)"
"e16_s1_CGCCATTTCTGGCCTT-1",390,"Fibroblast 1 (Col6a4/Adamdec1)"
"e16_s1_CGCGTGATCTCTCGCA-1",892,"Fibroblast 5 (Mfap5/Grm3)"
"e16_s1_CGGAACCCAGACTGCC-1",957,"Fibroblast 6 (Lepr/Sp5)"
"e16_s1_CGGAACCGTAGGTTTC-1",444,"Smooth muscle"
"e16_s1_CGGAACCGTGTTCCAA-1",460,"Smooth muscle"
"e16_s1_CGGAACCTCAAGCTTG-1",1077,"Proliferative Fibroblast"
"e16_s1_CGGAATTCACCCAACG-1",1018,"Fibroblast 2 (Fndc1/Dpt)"
"e16_s1_CGGACACAGCAGATAT-1",1170,"Fibroblast 1 (Col6a4/Adamdec1)"
"e16_s1_CGGACACTCCAATCCC-1",539,"Fibroblast 5 (Mfap5/Grm3)"
"e16_s1_CGGACACTCTGGCTGG-1",1072,"ICC"
"e16_s1_CGGAGAAAGGATTCCT-1",1300,"ICC"
"e16_s1_CGGAGAACAATCCAGT-1",633,"Fibroblast 5 (Mfap5/Grm3)"
"e16_s1_CGGAGAACACAAAGTA-1",1500,"Proliferative Smooth muscle"
"e16_s1_CGGAGAACAGCTACTA-1",959,"ENS"
"e16_s1_CGGAGAACAGGTACGA-1",1444,"Simple Epithelial"
"e16_s1_CGGAGAACATTCACCC-1",1623,"Proliferative Smooth muscle"
"e16_s1_CGGAGAATCCCGAGAC-1",1322,"Fibroblast 1 (Col6a4/Adamdec1)"
"e16_s1_CGGCAGTTCCGGCAGT-1",1409,"Proliferative Fibroblast"
"e16_s1_CGGGACTCATGGCTGC-1",1128,"Foregut Basal"
"e16_s1_CGGGACTGTCTACGAT-1",1028,"Fibroblast 6 (Lepr/Sp5)"
"e16_s1_CGGGACTGTTCTTGTT-1",892,"Proliferative Fibroblast"
"e16_s1_CGGGCATGTGCACAAG-1",521,"Simple Epithelial"
"e16_s1_CGGGTCAAGATGCGAC-1",903,"Fibroblast 3 (Adam12)"
"e16_s1_CGGGTCAAGCCACCGT-1",1523,"Fibroblast 5 (Mfap5/Grm3)"
"e16_s1_CGGGTCAGTGCCCACA-1",1405,"ENS"
"e16_s1_CGGTCAGGTACTTCCC-1",273,"Fibroblast 2 (Fndc1/Dpt)"
"e16_s1_CGGTCAGTCCACCCTA-1",958,"Endothelial"
"e16_s1_CGGTCAGTCGAACGCC-1",1514,"Proliferative Smooth muscle"
"e16_s1_CGTAAGTGTACTCCCT-1",1305,"Fibroblast 2 (Fndc1/Dpt)"
"e16_s1_CGTAAGTTCGGTCATA-1",1304,"Fibroblast 1 (Col6a4/Adamdec1)"
"e16_s1_CGTAAGTTCTCATTAC-1",467,"Fibroblast 4 (Kcnn3)"
"e16_s1_CGTAATGCAATCCTAG-1",1353,"Proliferative Fibroblast"
"e16_s1_CGTAATGCATAGACTC-1",1383,"Endothelial"
"e16_s1_CGTAATGTCAAGAATG-1",607,"Fibroblast 2 (Fndc1/Dpt)"
"e16_s1_CGTAATGTCTCCCAAC-1",891,"Endothelial"
"e16_s1_CGTCAAAAGACGCAGT-1",1128,"Foregut Basal"
"e16_s1_CGTCAAATCAGTGCGC-1",832,"Fibroblast 1 (Col6a4/Adamdec1)"
"e16_s1_CGTGAATAGCGCCTCA-1",1234,"Fibroblast 6 (Lepr/Sp5)"
"e16_s1_CGTGAATCAAGTTCGT-1",1245,"Fibroblast 1 (Col6a4/Adamdec1)"
"e16_s1_CGTGAATCACAGCGCT-1",287,"Fibroblast 5 (Mfap5/Grm3)"
"e16_s1_CGTGAATGTGTAAACA-1",575,"Fibroblast 2 (Fndc1/Dpt)"
"e16_s1_CGTGAATGTGTTTACG-1",1399,"ENS"
"e16_s1_CGTGAATTCGTTAGAC-1",664,"Fibroblast 3 (Adam12)"
"e16_s1_CGTGATAAGGCGAAGG-1",715,"Fibroblast 2 (Fndc1/Dpt)"
"e16_s1_CGTGATAAGTCACTGT-1",743,"Fibroblast 5 (Mfap5/Grm3)"
"e16_s1_CGTGATACAAGCAGGT-1",1327,"Simple Epithelial"
"e16_s1_CGTGATAGTTTGTTCT-1",1234,"Fibroblast 6 (Lepr/Sp5)"
"e16_s1_CGTGCTTGTCTAACTG-1",205,"Fibroblast 4 (Kcnn3)"
"e16_s1_CGTGTCTCATGCCGCA-1",595,"Fibroblast 5 (Mfap5/Grm3)"
"e16_s1_CGTGTCTCATTCTCTA-1",1236,"Foregut Basal"
"e16_s1_CGTGTCTTCCCGTTCA-1",800,"Fibroblast 6 (Lepr/Sp5)"
"e16_s1_CGTTAGAAGTAAGCAT-1",829,"Fibroblast 3 (Adam12)"
"e16_s1_CGTTAGAGTGCCTTCT-1",807,"Immune"
"e16_s1_CGTTCTGCACACGCCA-1",1128,"Foregut Basal"
"e16_s1_CGTTCTGGTGGAATGC-1",910,"Fibroblast 6 (Lepr/Sp5)"
"e16_s1_CGTTCTGTCGAGAATA-1",519,"Fibroblast 1 (Col6a4/Adamdec1)"
"e16_s1_CGTTGGGCATGGCTAT-1",816,"Fibroblast 6 (Lepr/Sp5)"
"e16_s1_CGTTGGGGTGTTTCTT-1",1300,"ICC"
"e16_s1_CTAACCCGTCCGGTGT-1",1399,"ENS"
"e16_s1_CTAACCCTCCCATAAG-1",1482,"Proliferative Fibroblast"
"e16_s1_CTAACCCTCGAGAGAC-1",817,"Fibroblast 2 (Fndc1/Dpt)"
"e16_s1_CTAACTTTCTATCACT-1",619,"Smooth muscle"
"e16_s1_CTAAGTGGTGTGGACA-1",595,"Fibroblast 2 (Fndc1/Dpt)"
"e16_s1_CTAAGTGTCTTCTAAC-1",1409,"Fibroblast 6 (Lepr/Sp5)"
"e16_s1_CTACAGAAGGGTTGCA-1",1052,"Simple Epithelial"
"e16_s1_CTACAGACATCTAGAC-1",379,"Fibroblast 5 (Mfap5/Grm3)"
"e16_s1_CTACAGATCAACGTGT-1",1519,"Foregut Basal"
"e16_s1_CTACATTAGTAGGGTC-1",1409,"Fibroblast 6 (Lepr/Sp5)"
"e16_s1_CTACATTAGTTCAACC-1",190,"Smooth muscle"
"e16_s1_CTACATTTCGAGATAA-1",37,"Foregut Basal"
"e16_s1_CTACCCATCTAGAGCT-1",1142,"ICC"
"e16_s1_CTACCTGCATTCCTCG-1",766,"Proliferative Fibroblast"
"e16_s1_CTACGGGAGTAGGATT-1",967,"Fibroblast 1 (Col6a4/Adamdec1)"
"e16_s1_CTACGGGGTTGGGCCT-1",878,"Fibroblast 3 (Adam12)"
"e16_s1_CTACGGGTCCATTTCA-1",1078,"Proliferative Fibroblast"
"e16_s1_CTACGGGTCTGGTCAA-1",837,"Fibroblast 2 (Fndc1/Dpt)"
"e16_s1_CTACTATAGGTTGGTG-1",1547,"Fibroblast 3 (Adam12)"
"e16_s1_CTACTATCACATATGC-1",1473,"Fibroblast 6 (Lepr/Sp5)"
"e16_s1_CTACTATGTATGACAA-1",1316,"Fibroblast 1 (Col6a4/Adamdec1)"
"e16_s1_CTACTATGTCTGGTTA-1",1069,"ENS"
"e16_s1_CTACTATGTGAGTAAT-1",1358,"Fibroblast 1 (Col6a4/Adamdec1)"
"e16_s1_CTAGACACATTGACTG-1",672,"Proliferative Fibroblast"
"e16_s1_CTAGACATCCGATAAC-1",355,"Fibroblast 3 (Adam12)"
"e16_s1_CTAGACATCCTACACC-1",197,"Myofibroblast"
"e16_s1_CTAGGTAAGTGCTCAT-1",304,"Foregut Basal"
"e16_s1_CTAGGTATCTCTGCTG-1",371,"Myofibroblast"
"e16_s1_CTAGGTATCTTTGGAG-1",1219,"Pericyte"
"e16_s1_CTATAGGTCGCCGATG-1",976,"Fibroblast 6 (Lepr/Sp5)"
"e16_s1_CTATAGGTCTCACCCA-1",414,"Fibroblast 4 (Kcnn3)"
"e16_s1_CTATCCGCAGGACTTT-1",624,"Proliferative Fibroblast"
"e16_s1_CTATCCGGTAGGAGGG-1",595,"Smooth muscle"
"e16_s1_CTATCCGTCTTACTGT-1",1245,"Proliferative Fibroblast"
"e16_s1_CTATCTAAGGCATGCA-1",784,"Fibroblast 3 (Adam12)"
"e16_s1_CTATCTACAAATGGAT-1",707,"Fibroblast 1 (Col6a4/Adamdec1)"
"e16_s1_CTATCTAGTCAAAGCG-1",1427,"Fibroblast 4 (Kcnn3)"
"e16_s1_CTATCTAGTTTCGTTT-1",1108,"Pericyte"
"e16_s1_CTCAACCGTCTAATCG-1",666,"Fibroblast 1 (Col6a4/Adamdec1)"
"e16_s1_CTCAACCTCGGATAAA-1",829,"Fibroblast 4 (Kcnn3)"
"e16_s1_CTCAACCTCGTTGTAG-1",1118,"Fibroblast 2 (Fndc1/Dpt)"
"e16_s1_CTCAAGAGTATTCTCT-1",1144,"Foregut Basal"
"e16_s1_CTCACTGCAGAGGCAT-1",336,"ENS"
"e16_s1_CTCAGAACATTGAGGG-1",1168,"Fibroblast 2 (Fndc1/Dpt)"
"e16_s1_CTCAGAAGTGTTCCAA-1",932,"Fibroblast 2 (Fndc1/Dpt)"
"e16_s1_CTCAGAATCCTTCAGC-1",595,"Fibroblast 5 (Mfap5/Grm3)"
"e16_s1_CTCAGAATCTATGTGG-1",1118,"Fibroblast 5 (Mfap5/Grm3)"
"e16_s1_CTCAGGGAGAGTGGCT-1",373,"Fibroblast 3 (Adam12)"
"e16_s1_CTCAGGGTCCGATGTA-1",829,"Proliferative Fibroblast"
"e16_s1_CTCAGGGTCGGTCACG-1",1427,"Fibroblast 2 (Fndc1/Dpt)"
"e16_s1_CTCAGTCGTAGTCACT-1",379,"Fibroblast 5 (Mfap5/Grm3)"
"e16_s1_CTCAGTCTCGAGAAAT-1",836,"ENS"
"e16_s1_CTCATCGCAAACACCT-1",1304,"Fibroblast 2 (Fndc1/Dpt)"
"e16_s1_CTCATCGTCTTAGCCC-1",624,"Pericyte"
"e16_s1_CTCATGCCATTGAAGA-1",247,"Fibroblast 6 (Lepr/Sp5)"
"e16_s1_CTCATGCGTATACCTG-1",1240,"Fibroblast 5 (Mfap5/Grm3)"
"e16_s1_CTCATTAAGTTGGAAT-1",193,"Fibroblast 6 (Lepr/Sp5)"
"e16_s1_CTCATTACAATTCGTG-1",398,"Fibroblast 2 (Fndc1/Dpt)"
"e16_s1_CTCCAACCAAATGCTC-1",371,"Fibroblast 2 (Fndc1/Dpt)"
"e16_s1_CTCCAACGTACTCGAT-1",817,"Fibroblast 5 (Mfap5/Grm3)"
"e16_s1_CTCCAACGTAGGCTCC-1",1018,"Proliferative Fibroblast"
"e16_s1_CTCCAACGTGTCCGTG-1",1655,"Fibroblast 4 (Kcnn3)"
"e16_s1_CTCCACAGTGCATGTT-1",800,"Fibroblast 6 (Lepr/Sp5)"
"e16_s1_CTCCATGTCTCTGGTC-1",700,"Immune"
"e16_s1_CTCCCAAAGGCACCAA-1",87,"Fibroblast 5 (Mfap5/Grm3)"
"e16_s1_CTCCCAACAACTTGGT-1",1515,"Fibroblast 3 (Adam12)"
"e16_s1_CTCCCAAGTTAATCGC-1",54,"Fibroblast 1 (Col6a4/Adamdec1)"
"e16_s1_CTCCCTCCAACCGTAT-1",1274,"Smooth muscle"
"e16_s1_CTCCGATCACCATAAC-1",1480,"Fibroblast 6 (Lepr/Sp5)"
"e16_s1_CTCCGATCAGAACATA-1",1144,"Foregut Basal"
"e16_s1_CTCCGATTCAAGCCCG-1",1018,"Fibroblast 1 (Col6a4/Adamdec1)"
"e16_s1_CTCCTCCGTGATACCT-1",421,"Proliferative Smooth muscle"
"e16_s1_CTCCTCCTCCACGTGG-1",465,"Myofibroblast"
"e16_s1_CTCCTTTCAACCAGAG-1",205,"Fibroblast 4 (Kcnn3)"
"e16_s1_CTCCTTTCACAACGTT-1",304,"Foregut Basal"
"e16_s1_CTCCTTTGTAACATCC-1",1162,"Simple Epithelial"
"e16_s1_CTCCTTTGTCAGGTAG-1",374,"Fibroblast 4 (Kcnn3)"
"e16_s1_CTCGAGGGTGTACAGG-1",379,"Fibroblast 6 (Lepr/Sp5)"
"e16_s1_CTCGAGGGTGTCCGGT-1",1375,"Endothelial"
"e16_s1_CTCGAGGTCAAAGAAC-1",367,"Smooth muscle"
"e16_s1_CTCGAGGTCACCTTAT-1",1316,"Fibroblast 2 (Fndc1/Dpt)"
"e16_s1_CTCGAGGTCGCAAGAG-1",1144,"Foregut Basal"
"e16_s1_CTCTCAGCATCCGAGC-1",1623,"Smooth muscle"
"e16_s1_CTCTCGAAGCGTCTCG-1",1502,"Fibroblast 2 (Fndc1/Dpt)"
"e16_s1_CTCTCGAGTCCTTAAG-1",576,"Fibroblast 1 (Col6a4/Adamdec1)"
"e16_s1_CTCTCGATCTGAATCG-1",1245,"Fibroblast 1 (Col6a4/Adamdec1)"
"e16_s1_CTCTGGTGTGATTCAC-1",1118,"Fibroblast 6 (Lepr/Sp5)"
"e16_s1_CTCTGGTTCTAGGAAA-1",553,"Endothelial"
"e16_s1_CTGAATGAGTACCGGA-1",788,"Fibroblast 1 (Col6a4/Adamdec1)"
"e16_s1_CTGAGCGCAGTGTGGA-1",664,"Fibroblast 1 (Col6a4/Adamdec1)"
"e16_s1_CTGAGCGGTAGAATAC-1",217,"Smooth muscle"
"e16_s1_CTGAGGCCAATCGCGC-1",553,"Endothelial"
"e16_s1_CTGATCCAGGGACCAT-1",831,"Proliferative Fibroblast"
"e16_s1_CTGATCCCAATGAGCG-1",525,"Foregut Basal"
"e16_s1_CTGCAGGGTGCTATTG-1",543,"Fibroblast 3 (Adam12)"
"e16_s1_CTGCATCCAGTGACCC-1",1084,"Smooth muscle"
"e16_s1_CTGCATCGTGGCAGAT-1",1128,"Foregut Basal"
"e16_s1_CTGCATCTCGTTTACT-1",373,"Fibroblast 3 (Adam12)"
"e16_s1_CTGCCATCAAAGGCTG-1",808,"Foregut Basal"
"e16_s1_CTGCCATCACGTGTGC-1",523,"Fibroblast 1 (Col6a4/Adamdec1)"
"e16_s1_CTGCCTAGTTTCGTGA-1",1031,"Fibroblast 2 (Fndc1/Dpt)"
"e16_s1_CTGCCTATCCACAAGT-1",414,"Smooth muscle"
"e16_s1_CTGCTCAAGTGGTCAG-1",1489,"Fibroblast 5 (Mfap5/Grm3)"
"e16_s1_CTGCTCACAAGTGTCT-1",377,"Proliferative Fibroblast"
"e16_s1_CTGCTCACAGGCACTC-1",624,"Fibroblast 2 (Fndc1/Dpt)"
"e16_s1_CTGCTCAGTAGTCTGT-1",273,"Fibroblast 2 (Fndc1/Dpt)"
"e16_s1_CTGGACGAGTATGACA-1",1108,"Myofibroblast"
"e16_s1_CTGGACGGTAGATCCT-1",1249,"Fibroblast 3 (Adam12)"
"e16_s1_CTGGACGGTCTCACAA-1",1305,"Smooth muscle"
"e16_s1_CTGGACGTCCATACAG-1",1365,"Immune"
"e16_s1_CTGGCAGAGTGCACAG-1",271,"Endothelial"
"e16_s1_CTGGCAGCATGACAGG-1",525,"Foregut Basal"
"e16_s1_CTGGCAGTCCTAGAGT-1",633,"Fibroblast 2 (Fndc1/Dpt)"
"e16_s1_CTGGTCTCAGTTAGAA-1",1616,"Fibroblast 6 (Lepr/Sp5)"
"e16_s1_CTGGTCTGTTACACAC-1",948,"Smooth muscle"
"e16_s1_CTGGTCTTCGAGGCAA-1",272,"Immune"
"e16_s1_CTGTACCCAAGGCGTA-1",371,"Fibroblast 5 (Mfap5/Grm3)"
"e16_s1_CTGTACCGTCACCCTT-1",335,"Proliferative Fibroblast"
"e16_s1_CTGTACCTCTAGAGCT-1",1128,"Foregut Basal"
"e16_s1_CTGTAGAAGACGCCAA-1",519,"Fibroblast 1 (Col6a4/Adamdec1)"
"e16_s1_CTGTAGAAGGGTACAC-1",771,"Fibroblast 5 (Mfap5/Grm3)"
"e16_s1_CTGTAGACACCTGTCT-1",1645,"Endothelial"
"e16_s1_CTGTAGACAGCGTATT-1",816,"Pericyte"
"e16_s1_CTGTAGATCATTGGTG-1",761,"Foregut Basal"
"e16_s1_CTGTATTGTAGACAAT-1",1504,"Fibroblast 3 (Adam12)"
"e16_s1_CTGTGAAAGCCTCCAG-1",355,"Fibroblast 5 (Mfap5/Grm3)"
"e16_s1_CTGTGAAGTGACCGAA-1",371,"Fibroblast 6 (Lepr/Sp5)"
"e16_s1_CTGTGGGAGCTTAGTC-1",1353,"Smooth muscle"
"e16_s1_CTGTGGGGTGGAAATT-1",707,"Proliferative Fibroblast"
"e16_s1_CTTACCGGTGGATCGA-1",256,"Smooth muscle"
"e16_s1_CTTAGGAGTAGCGTCC-1",1581,"Pericyte"
"e16_s1_CTTAGGAGTATCCCTC-1",808,"Foregut Basal"
"e16_s1_CTTAGGATCATCACAG-1",837,"Fibroblast 6 (Lepr/Sp5)"
"e16_s1_CTTAGGATCGCGAAGA-1",1219,"Smooth muscle"
"e16_s1_CTTCAATAGAATACAC-1",624,"Smooth muscle"
"e16_s1_CTTCAATAGACGGAAA-1",377,"Fibroblast 5 (Mfap5/Grm3)"
"e16_s1_CTTCAATAGCGTACAG-1",1399,"ENS"
"e16_s1_CTTCAATCACTGGATT-1",190,"Smooth muscle"
"e16_s1_CTTCAATTCCGTACGG-1",273,"Fibroblast 6 (Lepr/Sp5)"
"e16_s1_CTTCCGACATCGGCCA-1",1352,"Fibroblast 2 (Fndc1/Dpt)"
"e16_s1_CTTCCGATCATGTCAG-1",432,"Proliferative Smooth muscle"
"e16_s1_CTTCCTTGTAATACCC-1",338,"Immune"
"e16_s1_CTTCGGTGTTGCTCGG-1",863,"ENS"
"e16_s1_CTTCGGTTCGTCGGGT-1",1206,"ENS"
"e16_s1_CTTCTAACAGTTTCGA-1",519,"Fibroblast 1 (Col6a4/Adamdec1)"
"e16_s1_CTTCTAATCCAGCACG-1",853,"Fibroblast 3 (Adam12)"
"e16_s1_CTTCTAATCGTGCACG-1",129,"Fibroblast 3 (Adam12)"
"e16_s1_CTTCTCTTCCGATAAC-1",833,"Fibroblast 2 (Fndc1/Dpt)"
"e16_s1_CTTCTCTTCCGCTAGG-1",574,"Fibroblast 1 (Col6a4/Adamdec1)"
"e16_s1_CTTCTCTTCTGCCTCA-1",424,"Fibroblast 1 (Col6a4/Adamdec1)"
"e16_s1_CTTGAGACACATTCTT-1",631,"Fibroblast 6 (Lepr/Sp5)"
"e16_s1_CTTGATTCAACTAGAA-1",427,"Fibroblast 4 (Kcnn3)"
"e16_s1_CTTGATTGTGGTCTCG-1",979,"Fibroblast 5 (Mfap5/Grm3)"
"e16_s1_CTTTCAAAGAGTCACG-1",665,"Myofibroblast"
"e16_s1_CTTTCAAGTAAGACCG-1",1234,"Fibroblast 4 (Kcnn3)"
"e16_s1_CTTTCAAGTGGAACAC-1",1475,"ICC"
"e16_s1_CTTTCAATCGGTGCAC-1",1300,"Fibroblast 2 (Fndc1/Dpt)"
"e16_s1_CTTTCGGAGGCCTGCT-1",640,"Fibroblast 4 (Kcnn3)"
"e16_s1_GAAACCTAGAGAAGGT-1",983,"Endothelial"
"e16_s1_GAAATGACAAGAGGCT-1",451,"Smooth muscle"
"e16_s1_GAAATGACACATATGC-1",1274,"Fibroblast 4 (Kcnn3)"
"e16_s1_GAAATGAGTCCGTACG-1",1074,"Fibroblast 4 (Kcnn3)"
"e16_s1_GAAATGAGTCTCTCAC-1",837,"ICC"
"e16_s1_GAAATGATCCGCAACG-1",379,"Fibroblast 2 (Fndc1/Dpt)"
"e16_s1_GAACACTAGCCAGTAG-1",1020,"Fibroblast 6 (Lepr/Sp5)"
"e16_s1_GAACACTAGTTGTAGA-1",828,"Fibroblast 6 (Lepr/Sp5)"
"e16_s1_GAACACTGTAACTAAG-1",249,"Fibroblast 6 (Lepr/Sp5)"
"e16_s1_GAACACTGTATGCAAA-1",206,"Simple Epithelial"
"e16_s1_GAACGTTAGGCTCAAG-1",519,"Fibroblast 1 (Col6a4/Adamdec1)"
"e16_s1_GAACGTTCAAATCGGG-1",1375,"Endothelial"
"e16_s1_GAACGTTGTCGTGTTA-1",465,"Myofibroblast"
"e16_s1_GAACTGTGTGGATACG-1",377,"Fibroblast 4 (Kcnn3)"
"e16_s1_GAACTGTGTTTCCAAG-1",1341,"Fibroblast 5 (Mfap5/Grm3)"
"e16_s1_GAAGAATGTTCTTGCC-1",1178,"Proliferative Fibroblast"
"e16_s1_GAAGAATTCCATGATG-1",304,"Foregut Basal"
"e16_s1_GAAGCCCCAAGTTCCA-1",273,"Fibroblast 4 (Kcnn3)"
"e16_s1_GAAGCCCCACTACGGC-1",807,"Immune"
"e16_s1_GAAGCCCTCCCAGTGG-1",1346,"Fibroblast 1 (Col6a4/Adamdec1)"
"e16_s1_GAAGGACCACATTCTT-1",1069,"ENS"
"e16_s1_GAAGGACGTCAGTCGC-1",847,"Mesothelial"
"e16_s1_GAAGGGTTCGCATTAG-1",663,"Fibroblast 4 (Kcnn3)"
"e16_s1_GAAGTAACAGATCCAT-1",1095,"Endothelial"
"e16_s1_GAATAGATCCAAGCTA-1",1274,"Proliferative Fibroblast"
"e16_s1_GAATCACAGTTCATGC-1",687,"Proliferative Fibroblast"
"e16_s1_GAATCACTCAGCGGAA-1",829,"Fibroblast 3 (Adam12)"
"e16_s1_GAATCGTAGCAGCGAT-1",1025,"Fibroblast 3 (Adam12)"
"e16_s1_GACACGCAGCGCACAA-1",1235,"Simple Epithelial"
"e16_s1_GACACGCCATGGTACT-1",904,"Proliferative Fibroblast"
"e16_s1_GACACGCTCGCTTAAG-1",623,"Fibroblast 5 (Mfap5/Grm3)"
"e16_s1_GACAGCCCAGAATTCC-1",891,"Endothelial"
"e16_s1_GACAGCCCATAGCTGT-1",903,"Fibroblast 3 (Adam12)"
"e16_s1_GACATCAAGATACTGA-1",943,"Smooth muscle"
"e16_s1_GACATCACATTATGCG-1",129,"Fibroblast 2 (Fndc1/Dpt)"
"e16_s1_GACCAATAGATAGCAT-1",550,"Foregut Basal"
"e16_s1_GACCAATTCTTCACAT-1",1009,"Proliferative Smooth muscle"
"e16_s1_GACCCAGAGCCGTTAT-1",998,"Fibroblast 1 (Col6a4/Adamdec1)"
"e16_s1_GACCCTTAGTCTGGTT-1",421,"Smooth muscle"
"e16_s1_GACCGTGAGGTAATCA-1",633,"Fibroblast 4 (Kcnn3)"
"e16_s1_GACCGTGCAGACCTAT-1",640,"Fibroblast 2 (Fndc1/Dpt)"
"e16_s1_GACCGTGCAGCATACT-1",1139,"Fibroblast 3 (Adam12)"
"e16_s1_GACCGTGCATCCTATT-1",761,"Foregut Basal"
"e16_s1_GACCGTGTCATGCATG-1",1173,"Smooth muscle"
"e16_s1_GACCTTCAGTCTAGAA-1",1120,"ICC"
"e16_s1_GACCTTCGTGGCTCTG-1",1269,"Fibroblast 4 (Kcnn3)"
"e16_s1_GACCTTCTCTCGGCTT-1",1489,"Fibroblast 3 (Adam12)"
"e16_s1_GACGCTGCAATTCTCT-1",1375,"Endothelial"
"e16_s1_GACTCAAAGCCTAGGA-1",460,"Smooth muscle"
"e16_s1_GACTCAAGTGAATTGA-1",817,"Fibroblast 6 (Lepr/Sp5)"
"e16_s1_GACTCAAGTGGATCGA-1",944,"Smooth muscle"
"e16_s1_GACTCTCCAAAGGGTC-1",817,"Fibroblast 6 (Lepr/Sp5)"
"e16_s1_GACTCTCTCTCTGACC-1",958,"Endothelial"
"e16_s1_GACTGATGTTTAGAGA-1",1482,"Fibroblast 5 (Mfap5/Grm3)"
"e16_s1_GACTGATTCGCGCCAA-1",1633,"Fibroblast 6 (Lepr/Sp5)"
"e16_s1_GAGAAATAGCGTCTGC-1",550,"Foregut Basal"
"e16_s1_GAGAAATAGTGCAGCA-1",197,"Fibroblast 1 (Col6a4/Adamdec1)"
"e16_s1_GAGACTTGTAAGGTCG-1",377,"Smooth muscle"
"e16_s1_GAGAGGTAGGTTAAAC-1",1475,"Fibroblast 3 (Adam12)"
"e16_s1_GAGAGGTAGTTCCATG-1",1482,"Smooth muscle"
"e16_s1_GAGATGGAGGAGAGGC-1",1162,"Simple Epithelial"
"e16_s1_GAGATGGCACGTCGGT-1",726,"Simple Epithelial"
"e16_s1_GAGATGGCATGACGAG-1",72,"Pericyte"
"e16_s1_GAGATGGGTGGATCAG-1",1234,"Fibroblast 5 (Mfap5/Grm3)"
"e16_s1_GAGCTGCAGACGCATG-1",1341,"Fibroblast 2 (Fndc1/Dpt)"
"e16_s1_GAGCTGCCATAGGTAA-1",863,"ENS"
"e16_s1_GAGCTGCGTCGCTGCA-1",451,"Fibroblast 1 (Col6a4/Adamdec1)"
"e16_s1_GAGCTGCGTGTCTAAC-1",1620,"Fibroblast 6 (Lepr/Sp5)"
"e16_s1_GAGCTGCTCATGCGGC-1",421,"Fibroblast 2 (Fndc1/Dpt)"
"e16_s1_GAGCTGCTCGAACGGA-1",137,"Fibroblast 6 (Lepr/Sp5)"
"e16_s1_GAGGCAAAGTACCATC-1",1052,"Simple Epithelial"
"e16_s1_GAGGCAACAGTCGTTA-1",1139,"Fibroblast 3 (Adam12)"
"e16_s1_GAGGCAAGTACACGTT-1",614,"Fibroblast 3 (Adam12)"
"e16_s1_GAGGCCTAGCAACTCT-1",976,"Fibroblast 6 (Lepr/Sp5)"
"e16_s1_GAGGCCTGTGGGTTGA-1",892,"Fibroblast 5 (Mfap5/Grm3)"
"e16_s1_GAGGGATCACCCATAA-1",1623,"Myofibroblast"
"e16_s1_GAGGGTAAGGTTCAGG-1",466,"Fibroblast 2 (Fndc1/Dpt)"
"e16_s1_GAGGGTACAGTGAGCA-1",562,"Simple Epithelial"
"e16_s1_GAGGGTAGTAACAGTA-1",1553,"Smooth muscle"
"e16_s1_GAGGGTAGTTAGGCTT-1",576,"Fibroblast 1 (Col6a4/Adamdec1)"
"e16_s1_GAGTGAGAGTCTAGCT-1",631,"Fibroblast 6 (Lepr/Sp5)"
"e16_s1_GAGTGAGGTCTGTGAT-1",1496,"ENS"
"e16_s1_GAGTGTTAGGTTGCCC-1",523,"Smooth muscle"
"e16_s1_GAGTGTTCAACACGTT-1",784,"Fibroblast 1 (Col6a4/Adamdec1)"
"e16_s1_GAGTTACAGCATTGTC-1",1088,"Fibroblast 4 (Kcnn3)"
"e16_s1_GAGTTACGTTCCGGTG-1",424,"Fibroblast 1 (Col6a4/Adamdec1)"
"e16_s1_GAGTTACTCAGTCCGG-1",432,"Proliferative Smooth muscle"
"e16_s1_GAGTTGTCAAAGGATT-1",766,"Foregut Basal"
"e16_s1_GAGTTGTGTTGATCGT-1",428,"Smooth muscle"
"e16_s1_GAGTTTGCACTTTATC-1",1120,"Myofibroblast"
"e16_s1_GAGTTTGGTAACGCGA-1",1616,"Fibroblast 5 (Mfap5/Grm3)"
"e16_s1_GAGTTTGGTACGTAGG-1",1200,"Fibroblast 2 (Fndc1/Dpt)"
"e16_s1_GAGTTTGTCTGCGGAC-1",607,"Fibroblast 1 (Col6a4/Adamdec1)"
"e16_s1_GATAGAACAAATTAGG-1",196,"Fibroblast 5 (Mfap5/Grm3)"
"e16_s1_GATCACAAGAGAATCT-1",1116,"Simple Epithelial"
"e16_s1_GATCAGTAGTGTTGTC-1",1335,"Immune"
"e16_s1_GATCAGTCATAGCTGT-1",1028,"Fibroblast 5 (Mfap5/Grm3)"
"e16_s1_GATCAGTTCGCTCCTA-1",535,"Fibroblast 5 (Mfap5/Grm3)"
"e16_s1_GATCATGGTACGGCAA-1",1025,"Mesothelial"
"e16_s1_GATCATGTCCTCACGT-1",267,"Proliferative Fibroblast"
"e16_s1_GATCCCTAGAGGTTTA-1",821,"Fibroblast 3 (Adam12)"
"e16_s1_GATCCCTCAACTTGGT-1",1645,"Endothelial"
"e16_s1_GATCCCTCAGAAGTGC-1",1519,"Foregut Basal"
"e16_s1_GATCGTAGTAGAGCTG-1",1168,"Fibroblast 6 (Lepr/Sp5)"
"e16_s1_GATGACTAGCAGGCAT-1",921,"Smooth muscle"
"e16_s1_GATGACTAGCTATCTG-1",457,"Fibroblast 2 (Fndc1/Dpt)"
"e16_s1_GATGACTAGTTGCCTA-1",1489,"Fibroblast 3 (Adam12)"
"e16_s1_GATGACTCAGAGAAAG-1",221,"Fibroblast 5 (Mfap5/Grm3)"
"e16_s1_GATGACTTCCAACTGA-1",1190,"Smooth muscle"
"e16_s1_GATGACTTCTAGCATG-1",965,"Fibroblast 3 (Adam12)"
"e16_s1_GATGAGGAGACAGCGT-1",249,"Fibroblast 2 (Fndc1/Dpt)"
"e16_s1_GATGAGGAGCTGTTCA-1",1128,"Foregut Basal"
"e16_s1_GATGAGGCATCGTCCT-1",1228,"Pericyte"
"e16_s1_GATGATCAGCGCAATG-1",1532,"Fibroblast 6 (Lepr/Sp5)"
"e16_s1_GATGATCGTCGGAACA-1",998,"Fibroblast 1 (Col6a4/Adamdec1)"
"e16_s1_GATGATCGTCTTTCAT-1",1166,"Smooth muscle"
"e16_s1_GATGCTACAGCTTCGG-1",707,"Fibroblast 1 (Col6a4/Adamdec1)"
"e16_s1_GATGCTAGTCGTTGCG-1",666,"Fibroblast 2 (Fndc1/Dpt)"
"e16_s1_GATGCTAGTTTCCATT-1",1116,"Simple Epithelial"
"e16_s1_GATGGAGAGAGCCGTA-1",140,"Foregut Basal"
"e16_s1_GATGGAGCACAAACGG-1",716,"Smooth muscle"
"e16_s1_GATGGAGGTACTCCGG-1",800,"Pericyte"
"e16_s1_GATGGAGTCCGCTGTT-1",1523,"Fibroblast 1 (Col6a4/Adamdec1)"
"e16_s1_GATGTTGAGGGTTAAT-1",575,"Fibroblast 2 (Fndc1/Dpt)"
"e16_s1_GATGTTGGTCACTTAG-1",355,"Pericyte"
"e16_s1_GATTCGAAGGTCGAGT-1",547,"Mesothelial"
"e16_s1_GATTCGAGTCACCCTT-1",1610,"Fibroblast 6 (Lepr/Sp5)"
"e16_s1_GATTCTTAGGTTCTAC-1",1316,"Fibroblast 6 (Lepr/Sp5)"
"e16_s1_GATTGGTCATAGGCGA-1",193,"Proliferative Fibroblast"
"e16_s1_GATTGGTTCATTGCGA-1",1327,"Simple Epithelial"
"e16_s1_GATTTCTCAAAGGGTC-1",1234,"Fibroblast 5 (Mfap5/Grm3)"
"e16_s1_GATTTCTCACAGCCAC-1",1234,"Fibroblast 6 (Lepr/Sp5)"
"e16_s1_GATTTCTCAGCTCATA-1",1163,"Simple Epithelial"
"e16_s1_GATTTCTGTTATCTGG-1",850,"Smooth muscle"
"e16_s1_GATTTCTTCATCGCAA-1",509,"Fibroblast 6 (Lepr/Sp5)"
"e16_s1_GCAACATAGCGTTACT-1",176,"Fibroblast 1 (Col6a4/Adamdec1)"
"e16_s1_GCAACATCAACGACAG-1",458,"Fibroblast 3 (Adam12)"
"e16_s1_GCAACCGAGTTGGCGA-1",352,"Mesothelial"
"e16_s1_GCAACCGGTGCCGTAC-1",511,"Fibroblast 1 (Col6a4/Adamdec1)"
"e16_s1_GCAACCGTCAAGAATG-1",203,"Simple Epithelial"
"e16_s1_GCACATATCCCATAGA-1",793,"Proliferative Fibroblast"
"e16_s1_GCACGTGCAGGTGTTT-1",979,"Fibroblast 3 (Adam12)"
"e16_s1_GCACGTGGTACACTCA-1",1168,"Smooth muscle"
"e16_s1_GCACTAAAGAAACCCG-1",1255,"Pericyte"
"e16_s1_GCACTAACATTAAAGG-1",620,"Smooth muscle"
"e16_s1_GCACTAAGTCGAACGA-1",217,"Proliferative Smooth muscle"
"e16_s1_GCACTAATCACCGGGT-1",762,"Foregut Basal"
"e16_s1_GCAGCCAGTACCCGCA-1",1514,"Fibroblast 5 (Mfap5/Grm3)"
"e16_s1_GCAGCCAGTGTGCCTG-1",659,"Fibroblast 6 (Lepr/Sp5)"
"e16_s1_GCAGCTGCAGTTCCAA-1",762,"Foregut Basal"
"e16_s1_GCAGCTGGTGCATTAC-1",298,"Pericyte"
"e16_s1_GCAGCTGTCACAAGGG-1",392,"Fibroblast 3 (Adam12)"
"e16_s1_GCAGCTGTCCCAGGCA-1",836,"ENS"
"e16_s1_GCAGGCTCAACGGCTC-1",371,"Proliferative Fibroblast"
"e16_s1_GCAGGCTCACACGTGC-1",1204,"Immune"
"e16_s1_GCAGGCTGTTGCAAGG-1",595,"Fibroblast 6 (Lepr/Sp5)"
"e16_s1_GCAGTTAAGATCCCAT-1",576,"ICC"
"e16_s1_GCAGTTACAAGATTGA-1",1170,"Proliferative Smooth muscle"
"e16_s1_GCAGTTATCAACTGGT-1",645,"ENS"
"e16_s1_GCATCGGAGCCGTAAG-1",1542,"Immune"
"e16_s1_GCATCGGCAATGAAAC-1",1162,"Foregut Basal"
"e16_s1_GCATCGGTCCACGAAT-1",1144,"Foregut Basal"
"e16_s1_GCATCGGTCCTACGAA-1",1658,"Fibroblast 1 (Col6a4/Adamdec1)"
"e16_s1_GCATCTCCAGACGGAT-1",1234,"Fibroblast 4 (Kcnn3)"
"e16_s1_GCATCTCGTTGGTGTT-1",988,"ICC"
"e16_s1_GCATGATAGCTGAGCA-1",817,"Fibroblast 6 (Lepr/Sp5)"
"e16_s1_GCATGATCAAGAGATT-1",461,"Proliferative Fibroblast"
"e16_s1_GCATGATCACAACGCC-1",577,"Proliferative Smooth muscle"
"e16_s1_GCATGATGTCAGACTT-1",481,"Immune"
"e16_s1_GCATGATTCCAACTGA-1",944,"Fibroblast 2 (Fndc1/Dpt)"
"e16_s1_GCATTAGCACAACCGC-1",590,"ENS"
"e16_s1_GCATTAGTCGCCTAGG-1",589,"Myofibroblast"
"e16_s1_GCATTAGTCTTTCGAT-1",1517,"Fibroblast 1 (Col6a4/Adamdec1)"
"e16_s1_GCCAACGAGCCTCAAT-1",726,"Simple Epithelial"
"e16_s1_GCCAGCACATCCGATA-1",716,"Smooth muscle"
"e16_s1_GCCAGCACATGGGTTT-1",793,"Fibroblast 6 (Lepr/Sp5)"
"e16_s1_GCCAGCAGTTATCTTC-1",1489,"Fibroblast 6 (Lepr/Sp5)"
"e16_s1_GCCAGCATCAGACCGC-1",569,"Fibroblast 2 (Fndc1/Dpt)"
"e16_s1_GCCAGGTGTTACCTGA-1",965,"Fibroblast 3 (Adam12)"
"e16_s1_GCCAGTGCACACCAGC-1",1173,"Smooth muscle"
"e16_s1_GCCAGTGGTGCCTTTC-1",1190,"Myofibroblast"
"e16_s1_GCCATGGTCACAAGAA-1",182,"Fibroblast 5 (Mfap5/Grm3)"
"e16_s1_GCCATGGTCATCGCCT-1",754,"Proliferative Fibroblast"
"e16_s1_GCCATGGTCGTCTACC-1",1472,"Fibroblast 2 (Fndc1/Dpt)"
"e16_s1_GCCATTCAGAGGGTAA-1",743,"Fibroblast 6 (Lepr/Sp5)"
"e16_s1_GCCATTCAGAGTTCGG-1",585,"Fibroblast 2 (Fndc1/Dpt)"
"e16_s1_GCCATTCAGCATGATA-1",1321,"Fibroblast 2 (Fndc1/Dpt)"
"e16_s1_GCCCAGAAGGCCTAGA-1",595,"Fibroblast 2 (Fndc1/Dpt)"
"e16_s1_GCCCAGACAAATTGGA-1",333,"Fibroblast 3 (Adam12)"
"e16_s1_GCCCAGAGTGTGGTCC-1",324,"Fibroblast 1 (Col6a4/Adamdec1)"
"e16_s1_GCCCGAAAGGCGAACT-1",1190,"Fibroblast 6 (Lepr/Sp5)"
"e16_s1_GCCCGAAAGTATGCAA-1",1286,"Smooth muscle"
"e16_s1_GCCCGAAGTATCGGTT-1",267,"Fibroblast 5 (Mfap5/Grm3)"
"e16_s1_GCCGTGACAAACCACT-1",1234,"Fibroblast 2 (Fndc1/Dpt)"
"e16_s1_GCCTGTTGTACTGCGC-1",1300,"Proliferative Fibroblast"
"e16_s1_GCCTGTTTCACATACG-1",182,"Fibroblast 6 (Lepr/Sp5)"
"e16_s1_GCCTGTTTCATGCCGG-1",943,"Proliferative Smooth muscle"
"e16_s1_GCGAGAACAGCCTACG-1",1375,"Endothelial"
"e16_s1_GCGAGAACAGCTACCG-1",320,"Fibroblast 1 (Col6a4/Adamdec1)"
"e16_s1_GCGAGAAGTTATCTTC-1",1300,"Proliferative Fibroblast"
"e16_s1_GCGAGAATCGAGAATA-1",355,"Fibroblast 3 (Adam12)"
"e16_s1_GCGATCGCACCTGATA-1",904,"Pericyte"
"e16_s1_GCGGAAAAGCGTGTTT-1",888,"Fibroblast 3 (Adam12)"
"e16_s1_GCGGAAATCACCTGGG-1",296,"Fibroblast 1 (Col6a4/Adamdec1)"
"e16_s1_GCGGAAATCCAACCGG-1",1234,"Proliferative Fibroblast"
"e16_s1_GCGTGCATCGCCAACG-1",1344,"Foregut Basal"
"e16_s1_GCGTGCATCGGTGTAT-1",1088,"Fibroblast 4 (Kcnn3)"
"e16_s1_GCGTGCATCTGTTCAT-1",1168,"Smooth muscle"
"e16_s1_GCGTTTCCACGCGCAT-1",1316,"Fibroblast 6 (Lepr/Sp5)"
"e16_s1_GCTACAAGTGATCGTT-1",377,"Fibroblast 2 (Fndc1/Dpt)"
"e16_s1_GCTACAATCTGGGCCA-1",592,"ENS"
"e16_s1_GCTGCAGAGCGGTAGT-1",519,"Smooth muscle"
"e16_s1_GCTGCAGTCACTGAAC-1",800,"Fibroblast 5 (Mfap5/Grm3)"
"e16_s1_GCTTCACGTACAGTAA-1",1110,"ENS"
"e16_s1_GCTTCACGTCAGTCCG-1",193,"Fibroblast 2 (Fndc1/Dpt)"
"e16_s1_GCTTGGGAGGCGAACT-1",1322,"Fibroblast 1 (Col6a4/Adamdec1)"
"e16_s1_GCTTGGGTCAAACTGC-1",1028,"Fibroblast 5 (Mfap5/Grm3)"
"e16_s1_GGAACCCAGTTACTCG-1",1116,"Simple Epithelial"
"e16_s1_GGAACCCGTACTAAGA-1",1095,"Endothelial"
"e16_s1_GGAACCCTCTCGCGTT-1",277,"ENS"
"e16_s1_GGAAGTGGTTGCGTAT-1",217,"Fibroblast 6 (Lepr/Sp5)"
"e16_s1_GGAAGTGTCATCGCCT-1",1528,"Fibroblast 6 (Lepr/Sp5)"
"e16_s1_GGAATCTAGCAACAAT-1",1623,"Smooth muscle"
"e16_s1_GGAATCTAGCCTGTCG-1",176,"Fibroblast 1 (Col6a4/Adamdec1)"
"e16_s1_GGAATCTAGGATATAC-1",628,"Fibroblast 3 (Adam12)"
"e16_s1_GGAATCTTCCCTGGTT-1",1603,"Smooth muscle"
"e16_s1_GGAATCTTCCTAGAGT-1",1538,"Fibroblast 4 (Kcnn3)"
"e16_s1_GGAATCTTCGTAGGAG-1",1651,"Pericyte"
"e16_s1_GGAATCTTCTTCGGAA-1",1532,"Fibroblast 6 (Lepr/Sp5)"
"e16_s1_GGAATCTTCTTGGATG-1",1365,"Immune"
"e16_s1_GGAATGGGTTCGTGCG-1",988,"Fibroblast 4 (Kcnn3)"
"e16_s1_GGACGTCCAAACTAAG-1",320,"Fibroblast 1 (Col6a4/Adamdec1)"
"e16_s1_GGACGTCGTTGGGAAC-1",784,"Smooth muscle"
"e16_s1_GGACGTCTCTGAGATC-1",215,"Fibroblast 1 (Col6a4/Adamdec1)"
"e16_s1_GGAGAACGTCGGCACT-1",1326,"Proliferative Fibroblast"
"e16_s1_GGAGAACTCAGACCCG-1",1547,"Smooth muscle"
"e16_s1_GGAGATGCACATCATG-1",1255,"Fibroblast 5 (Mfap5/Grm3)"
"e16_s1_GGAGATGGTTAGGAGC-1",953,"Fibroblast 4 (Kcnn3)"
"e16_s1_GGAGCAAAGGATATGT-1",1144,"Foregut Basal"
"e16_s1_GGAGCAACAAGAGGCT-1",414,"Fibroblast 2 (Fndc1/Dpt)"
"e16_s1_GGAGGTACACTTCTCG-1",1236,"Foregut Basal"
"e16_s1_GGAGGTAGTTCTCACC-1",1514,"ICC"
"e16_s1_GGATCTACAACTCATG-1",355,"Smooth muscle"
"e16_s1_GGATCTACACTACAGT-1",1520,"Fibroblast 3 (Adam12)"
"e16_s1_GGATCTACATCCTTGC-1",1547,"Fibroblast 6 (Lepr/Sp5)"
"e16_s1_GGCACGTCATCCTGTC-1",1300,"Proliferative Fibroblast"
"e16_s1_GGCACGTGTCATAGTC-1",1150,"Pericyte"
"e16_s1_GGCAGTCAGTGGCGAT-1",1206,"ENS"
"e16_s1_GGCAGTCGTCTCCCTA-1",1600,"Fibroblast 2 (Fndc1/Dpt)"
"e16_s1_GGCAGTCGTTTCTTAC-1",1472,"Proliferative Fibroblast"
"e16_s1_GGCGTCACAGATCCAT-1",1595,"Smooth muscle"
"e16_s1_GGCTTGGCAACCGCTG-1",789,"Simple Epithelial"
"e16_s1_GGCTTGGCAAGGATGC-1",631,"Fibroblast 6 (Lepr/Sp5)"
"e16_s1_GGCTTTCAGCTTACGT-1",203,"Simple Epithelial"
"e16_s1_GGCTTTCGTAAGTTGA-1",584,"Fibroblast 2 (Fndc1/Dpt)"
"e16_s1_GGGAAGTAGAAGCGAA-1",374,"Proliferative Fibroblast"
"e16_s1_GGGACAACACACCTTC-1",1658,"Fibroblast 1 (Col6a4/Adamdec1)"
"e16_s1_GGGACAACACTAGGTT-1",1168,"ICC"
"e16_s1_GGGACAAGTGGGTATG-1",1116,"Simple Epithelial"
"e16_s1_GGGACAAGTTCCTAGA-1",304,"Foregut Basal"
"e16_s1_GGGACAATCATGACAC-1",726,"Simple Epithelial"
"e16_s1_GGGACCTAGAAGGATG-1",1078,"Proliferative Fibroblast"
"e16_s1_GGGACTCGTGGATACG-1",1455,"Fibroblast 3 (Adam12)"
"e16_s1_GGGAGATAGCTAGTTC-1",761,"Foregut Basal"
"e16_s1_GGGAGATCAGAGGTAC-1",1369,"Smooth muscle"
"e16_s1_GGGAGTAGTGTACATC-1",677,"Fibroblast 3 (Adam12)"
"e16_s1_GGGAGTAGTTGGGTAG-1",371,"Fibroblast 5 (Mfap5/Grm3)"
"e16_s1_GGGATCCAGAGCAACC-1",957,"Fibroblast 6 (Lepr/Sp5)"
"e16_s1_GGGATCCAGGTCGTGA-1",257,"Proliferative Fibroblast"
"e16_s1_GGGATCCCACACACTA-1",260,"Fibroblast 6 (Lepr/Sp5)"
"e16_s1_GGGATCCCACGACAAG-1",1528,"Proliferative Fibroblast"
"e16_s1_GGGATCCTCCGATGTA-1",1170,"ICC"
"e16_s1_GGGATGAAGCCATGCC-1",1133,"Proliferative Fibroblast"
"e16_s1_GGGCGTTAGCCGAATG-1",355,"Fibroblast 1 (Col6a4/Adamdec1)"
"e16_s1_GGGCGTTTCAGCTCTC-1",257,"Fibroblast 4 (Kcnn3)"
"e16_s1_GGGCTACGTACGTACT-1",335,"Fibroblast 4 (Kcnn3)"
"e16_s1_GGGCTCACAGTAACGG-1",1097,"ICC"
"e16_s1_GGGTAGAAGTCAGCGA-1",260,"Fibroblast 2 (Fndc1/Dpt)"
"e16_s1_GGGTAGACACTTCTCG-1",1648,"Fibroblast 5 (Mfap5/Grm3)"
"e16_s1_GGGTAGAGTCAACACT-1",1500,"Fibroblast 3 (Adam12)"
"e16_s1_GGGTATTCACGATTCA-1",1553,"Fibroblast 1 (Col6a4/Adamdec1)"
"e16_s1_GGGTATTCAGCATTGT-1",1359,"Myofibroblast"
"e16_s1_GGGTATTTCATAAGGA-1",1525,"Fibroblast 2 (Fndc1/Dpt)"
"e16_s1_GGGTCACGTTCCGCAG-1",1162,"Foregut Basal"
"e16_s1_GGGTCACTCGACTCCT-1",430,"Fibroblast 4 (Kcnn3)"
"e16_s1_GGGTCTGCAGCCTTCT-1",1271,"Fibroblast 4 (Kcnn3)"
"e16_s1_GGGTGAACACAAAGTA-1",473,"Fibroblast 1 (Col6a4/Adamdec1)"
"e16_s1_GGGTGAAGTCGAATGG-1",1219,"Proliferative Fibroblast"
"e16_s1_GGGTGTCAGGAGGTTC-1",1191,"Fibroblast 5 (Mfap5/Grm3)"
"e16_s1_GGGTGTCCACTCATAG-1",523,"Proliferative Smooth muscle"
"e16_s1_GGGTTATAGCATGCGA-1",385,"ENS"
"e16_s1_GGGTTATAGGATGAGA-1",1369,"Myofibroblast"
"e16_s1_GGGTTATCAATTGCGT-1",1383,"Fibroblast 1 (Col6a4/Adamdec1)"
"e16_s1_GGGTTATCAGATCACT-1",1255,"Fibroblast 6 (Lepr/Sp5)"
"e16_s1_GGGTTATTCAAAGGTA-1",681,"ICC"
"e16_s1_GGGTTATTCAACCGAT-1",837,"Smooth muscle"
"e16_s1_GGGTTTAAGCAGTCTT-1",420,"Smooth muscle"
"e16_s1_GGGTTTAGTTGCCAAT-1",193,"Fibroblast 6 (Lepr/Sp5)"
"e16_s1_GGGTTTATCGATGCAT-1",1144,"Foregut Basal"
"e16_s1_GGTAACTAGTTGAATG-1",1128,"Foregut Basal"
"e16_s1_GGTAACTCAACTGCCG-1",1489,"Fibroblast 3 (Adam12)"
"e16_s1_GGTAACTCACCCAATA-1",863,"ENS"
"e16_s1_GGTAACTGTCCGAAGA-1",1020,"Fibroblast 3 (Adam12)"
"e16_s1_GGTAACTGTCTGCGCA-1",253,"Immune"
"e16_s1_GGTAACTTCCTAAGTG-1",493,"Fibroblast 5 (Mfap5/Grm3)"
"e16_s1_GGTAATCGTACCGTCG-1",817,"Endothelial"
"e16_s1_GGTAATCGTTTGTTGG-1",467,"Fibroblast 4 (Kcnn3)"
"e16_s1_GGTAATCTCCCGAAAT-1",1053,"Proliferative Fibroblast"
"e16_s1_GGTAGAGAGTTGGGAC-1",473,"Proliferative Fibroblast"
"e16_s1_GGTAGAGCATGTAACC-1",465,"Fibroblast 6 (Lepr/Sp5)"
"e16_s1_GGTAGAGCATGTCTAG-1",1346,"Fibroblast 1 (Col6a4/Adamdec1)"
"e16_s1_GGTCACGAGTAGAATC-1",761,"Foregut Basal"
"e16_s1_GGTCACGGTGAATTGA-1",550,"Foregut Basal"
"e16_s1_GGTCTGGAGGGCATGT-1",1507,"Myofibroblast"
"e16_s1_GGTGAAGCAATGCAAA-1",336,"ENS"
"e16_s1_GGTGATTAGAGCTGCA-1",1427,"Proliferative Fibroblast"
"e16_s1_GGTGATTAGCTGGCCT-1",1412,"Fibroblast 5 (Mfap5/Grm3)"
"e16_s1_GGTGATTAGGCTATCT-1",400,"Fibroblast 5 (Mfap5/Grm3)"
"e16_s1_GGTGATTCACGCAGTC-1",239,"Proliferative Fibroblast"
"e16_s1_GGTGATTCATTCACAG-1",1240,"Fibroblast 2 (Fndc1/Dpt)"
"e16_s1_GGTGATTGTTAGCGGA-1",639,"Myofibroblast"
"e16_s1_GGTGGCTAGATAGTGT-1",607,"Proliferative Fibroblast"
"e16_s1_GGTGGCTGTCATACCA-1",367,"Fibroblast 4 (Kcnn3)"
"e16_s1_GGTGGCTGTCGGTGAA-1",493,"Proliferative Fibroblast"
"e16_s1_GGTGGCTTCTCGGTCT-1",339,"Fibroblast 1 (Col6a4/Adamdec1)"
"e16_s1_GGTGTCGAGAGCTTTC-1",904,"Fibroblast 2 (Fndc1/Dpt)"
"e16_s1_GGTGTCGTCAGTCTTT-1",983,"Endothelial"
"e16_s1_GGTGTTATCGTTCCCA-1",1118,"Smooth muscle"
"e16_s1_GGTGTTATCTGAGAGG-1",1489,"Fibroblast 1 (Col6a4/Adamdec1)"
"e16_s1_GGTTAACAGTATTGCC-1",460,"Fibroblast 5 (Mfap5/Grm3)"
"e16_s1_GGTTAACCAGAAATCA-1",985,"Smooth muscle"
"e16_s1_GGTTAACGTGAGATTA-1",921,"Fibroblast 6 (Lepr/Sp5)"
"e16_s1_GGTTAACTCCGCAGTG-1",984,"Fibroblast 6 (Lepr/Sp5)"
"e16_s1_GGTTCTCTCACCCTTG-1",1375,"Endothelial"
"e16_s1_GGTTGTAGTTGCTAGT-1",589,"Smooth muscle"
"e16_s1_GTAACACAGGATTACA-1",784,"Fibroblast 1 (Col6a4/Adamdec1)"
"e16_s1_GTAACACGTACAAAGT-1",762,"Foregut Basal"
"e16_s1_GTAAGTCTCAACCTCC-1",561,"Proliferative Fibroblast"
"e16_s1_GTAATCGAGCAACTCT-1",888,"Fibroblast 2 (Fndc1/Dpt)"
"e16_s1_GTAATCGAGCATACTC-1",1515,"Smooth muscle"
"e16_s1_GTAATGCCAACACGAG-1",595,"Fibroblast 5 (Mfap5/Grm3)"
"e16_s1_GTAATGCCAGGTATGG-1",633,"Fibroblast 2 (Fndc1/Dpt)"
"e16_s1_GTAATGCTCCAGCAAT-1",197,"Fibroblast 1 (Col6a4/Adamdec1)"
"e16_s1_GTACAACGTAAGTTAG-1",1620,"Proliferative Fibroblast"
"e16_s1_GTACAACGTATCTTCT-1",921,"Fibroblast 5 (Mfap5/Grm3)"
"e16_s1_GTAGAAACATCGATGT-1",1300,"Fibroblast 1 (Col6a4/Adamdec1)"
"e16_s1_GTAGAAAGTTAGGAGC-1",1133,"Fibroblast 5 (Mfap5/Grm3)"
"e16_s1_GTAGAAATCGTGAGAG-1",871,"Fibroblast 2 (Fndc1/Dpt)"
"e16_s1_GTAGAGGAGCCTGTGC-1",771,"Fibroblast 2 (Fndc1/Dpt)"
"e16_s1_GTAGAGGCAGTCGCTG-1",678,"Fibroblast 2 (Fndc1/Dpt)"
"e16_s1_GTAGAGGGTAGTACGG-1",932,"Proliferative Smooth muscle"
"e16_s1_GTAGAGGGTCTTCGAA-1",818,"Fibroblast 6 (Lepr/Sp5)"
"e16_s1_GTAGAGGTCCAACACA-1",807,"Immune"
"e16_s1_GTAGATCCACCTGTCT-1",1042,"Proliferative Fibroblast"
"e16_s1_GTAGCTACACCGGTCA-1",958,"Endothelial"
"e16_s1_GTAGCTACACTGGATT-1",1620,"Fibroblast 6 (Lepr/Sp5)"
"e16_s1_GTAGCTACAGCGCGTT-1",575,"Pericyte"
"e16_s1_GTAGCTACATGGCTGC-1",1234,"Fibroblast 6 (Lepr/Sp5)"
"e16_s1_GTAGCTATCACCTTAT-1",607,"Fibroblast 5 (Mfap5/Grm3)"
"e16_s1_GTAGCTATCACGTAGT-1",1077,"Fibroblast 6 (Lepr/Sp5)"
"e16_s1_GTAGGAGAGAGAGAAC-1",948,"Smooth muscle"
"e16_s1_GTAGGAGCAGCGACCT-1",862,"Immune"
"e16_s1_GTAGGAGCAGCGGATA-1",1163,"Simple Epithelial"
"e16_s1_GTAGGTTCAAGAGAGA-1",1234,"Fibroblast 6 (Lepr/Sp5)"
"e16_s1_GTAGGTTTCGCGGACT-1",681,"Myofibroblast"
"e16_s1_GTAGTACAGCCGTTGC-1",1234,"Fibroblast 4 (Kcnn3)"
"e16_s1_GTAGTACGTACACTCA-1",726,"Simple Epithelial"
"e16_s1_GTAGTACTCAAGGCTT-1",534,"Fibroblast 4 (Kcnn3)"
"e16_s1_GTATTGGCACATGAAA-1",523,"Endothelial"
"e16_s1_GTATTGGGTCCAAAGG-1",831,"Fibroblast 6 (Lepr/Sp5)"
"e16_s1_GTATTGGTCCTCACGT-1",140,"Foregut Basal"
"e16_s1_GTATTTCGTTCCGCAG-1",374,"Proliferative Fibroblast"
"e16_s1_GTATTTCGTTCGAAGG-1",623,"Fibroblast 1 (Col6a4/Adamdec1)"
"e16_s1_GTCAAACAGGAGTCTG-1",509,"Pericyte"
"e16_s1_GTCAAACGTGCCCACA-1",1494,"Fibroblast 6 (Lepr/Sp5)"
"e16_s1_GTCAAGTAGGAGAGTA-1",463,"Fibroblast 2 (Fndc1/Dpt)"
"e16_s1_GTCAAGTAGTTCCGGC-1",958,"Endothelial"
"e16_s1_GTCAAGTGTGATCGTT-1",1144,"Foregut Basal"
"e16_s1_GTCACGGCATCGCTGG-1",1047,"Endothelial"
"e16_s1_GTCACGGGTATTTCGG-1",628,"Fibroblast 3 (Adam12)"
"e16_s1_GTCACTCGTATCGGTT-1",741,"ENS"
"e16_s1_GTCAGCGGTCCCTGAG-1",1383,"Fibroblast 3 (Adam12)"
"e16_s1_GTCAGCGGTTGTAGCT-1",1447,"Pericyte"
"e16_s1_GTCATCCCAACAGAGC-1",1629,"Myofibroblast"
"e16_s1_GTCATCCCAAGGTCAG-1",1069,"ENS"
"e16_s1_GTCATCCTCGGATAAA-1",562,"Simple Epithelial"
"e16_s1_GTCATGAAGTGGCAGT-1",221,"Pericyte"
"e16_s1_GTCATGACACGCTTAA-1",1489,"Fibroblast 2 (Fndc1/Dpt)"
"e16_s1_GTCATTTAGAGCAAGA-1",1092,"Myofibroblast"
"e16_s1_GTCATTTGTTACACAC-1",606,"Smooth muscle"
"e16_s1_GTCCCATAGGGTAATT-1",1234,"Fibroblast 5 (Mfap5/Grm3)"
"e16_s1_GTCCCATGTGCTGCAC-1",1616,"Fibroblast 6 (Lepr/Sp5)"
"e16_s1_GTCCTCACACATACGT-1",533,"Fibroblast 4 (Kcnn3)"
"e16_s1_GTCCTCAGTAGGAAAG-1",1084,"Proliferative Fibroblast"
"e16_s1_GTCCTCAGTCCAGCCA-1",1234,"Fibroblast 6 (Lepr/Sp5)"
"e16_s1_GTCCTCATCCTAAGTG-1",1489,"Smooth muscle"
"e16_s1_GTCCTCATCGTTTACT-1",1118,"Proliferative Fibroblast"
"e16_s1_GTCGAATCAAGTGACG-1",762,"Foregut Basal"
"e16_s1_GTCGAATCATAGATCC-1",1414,"Fibroblast 2 (Fndc1/Dpt)"
"e16_s1_GTCGAATGTAGAGACC-1",1128,"Foregut Basal"
"e16_s1_GTCGAATTCTAAACGC-1",595,"Fibroblast 3 (Adam12)"
"e16_s1_GTCGCGAAGCACCGAA-1",1399,"ENS"
"e16_s1_GTCGCGAAGTGCAACG-1",595,"Fibroblast 2 (Fndc1/Dpt)"
"e16_s1_GTCGCGAGTGACATCT-1",800,"Fibroblast 6 (Lepr/Sp5)"
"e16_s1_GTCGTAAGTAGCTTTG-1",1528,"Proliferative Smooth muscle"
"e16_s1_GTCGTAAGTGAGCGAT-1",197,"Proliferative Fibroblast"
"e16_s1_GTCTACCCAGGATGAC-1",206,"Simple Epithelial"
"e16_s1_GTCTAGACACAAGTTC-1",243,"Simple Epithelial"
"e16_s1_GTCTAGATCAATCAGC-1",304,"Proliferative Fibroblast"
"e16_s1_GTCTAGATCAGGGATG-1",1018,"Fibroblast 2 (Fndc1/Dpt)"
"e16_s1_GTCTCACCACTAGGTT-1",771,"Fibroblast 2 (Fndc1/Dpt)"
"e16_s1_GTCTCACCAGCAGGAT-1",1234,"Pericyte"
"e16_s1_GTCTCACTCAGGACGA-1",1042,"Proliferative Fibroblast"
"e16_s1_GTCTTTACACACTGGC-1",1245,"Fibroblast 2 (Fndc1/Dpt)"
"e16_s1_GTCTTTACACCCTTAC-1",451,"ICC"
"e16_s1_GTCTTTATCAGGAAGC-1",390,"Fibroblast 3 (Adam12)"
"e16_s1_GTCTTTATCCTCTAAT-1",1199,"Fibroblast 1 (Col6a4/Adamdec1)"
"e16_s1_GTGACGCGTCTGTGAT-1",1134,"Simple Epithelial"
"e16_s1_GTGAGCCCAAGCGAGT-1",1480,"Fibroblast 4 (Kcnn3)"
"e16_s1_GTGAGCCCAGAGGAAA-1",1519,"Foregut Basal"
"e16_s1_GTGAGGAAGCCTAGGA-1",1144,"Simple Epithelial"
"e16_s1_GTGAGGACAAGCTGCC-1",1053,"Fibroblast 2 (Fndc1/Dpt)"
"e16_s1_GTGAGGAGTGTAAACA-1",467,"Fibroblast 2 (Fndc1/Dpt)"
"e16_s1_GTGAGGATCCCGTAAA-1",487,"Smooth muscle"
"e16_s1_GTGAGGATCGCTATTT-1",1245,"Smooth muscle"
"e16_s1_GTGAGTTTCAGCCCAG-1",1316,"Fibroblast 6 (Lepr/Sp5)"
"e16_s1_GTGAGTTTCGGTGTAT-1",872,"Proliferative Fibroblast"
"e16_s1_GTGATGTAGGCTGGAT-1",681,"Myofibroblast"
"e16_s1_GTGCACGAGTATGTAG-1",1457,"Immune"
"e16_s1_GTGCACGGTGTCCGTG-1",1504,"Fibroblast 3 (Adam12)"
"e16_s1_GTGCACGTCCCGAGAC-1",244,"Fibroblast 6 (Lepr/Sp5)"
"e16_s1_GTGCACGTCTCGAACA-1",816,"Fibroblast 6 (Lepr/Sp5)"
"e16_s1_GTGCAGCAGCTTTCTT-1",1274,"Fibroblast 2 (Fndc1/Dpt)"
"e16_s1_GTGCAGCCAAATGGCG-1",888,"Fibroblast 2 (Fndc1/Dpt)"
"e16_s1_GTGCAGCGTGCGGATA-1",789,"Simple Epithelial"
"e16_s1_GTGCAGCGTGTCCCTT-1",467,"Fibroblast 3 (Adam12)"
"e16_s1_GTGCGTGAGTATGGCG-1",1616,"Smooth muscle"
"e16_s1_GTGCGTGGTTGAGGAC-1",726,"Simple Epithelial"
"e16_s1_GTGCTGGTCTGCCCTA-1",1234,"Fibroblast 6 (Lepr/Sp5)"
"e16_s1_GTGCTGGTCTGGTCAA-1",1330,"Proliferative Smooth muscle"
"e16_s1_GTGCTTCAGAGATGCC-1",784,"Smooth muscle"
"e16_s1_GTGCTTCCAACCCGCA-1",1249,"Fibroblast 1 (Col6a4/Adamdec1)"
"e16_s1_GTGCTTCCACCCAATA-1",1623,"Fibroblast 5 (Mfap5/Grm3)"
"e16_s1_GTGCTTCCAGACGGAT-1",1341,"Myofibroblast"
"e16_s1_GTGCTTCGTAACCAGG-1",633,"Fibroblast 6 (Lepr/Sp5)"
"e16_s1_GTGCTTCGTACTGTTG-1",752,"Proliferative Fibroblast"
"e16_s1_GTGCTTCTCGTGCATA-1",789,"Simple Epithelial"
"e16_s1_GTGGAAGCAACCAGAG-1",1203,"Fibroblast 1 (Col6a4/Adamdec1)"
"e16_s1_GTGGAAGCACGTAGAG-1",37,"Foregut Basal"
"e16_s1_GTGGAGACACGGCACT-1",645,"ENS"
"e16_s1_GTGGCGTGTATCATGC-1",1402,"Proliferative Fibroblast"
"e16_s1_GTGGCGTGTGTCATTG-1",1633,"Proliferative Fibroblast"
"e16_s1_GTGGGAAAGACTTCCA-1",892,"Fibroblast 6 (Lepr/Sp5)"
"e16_s1_GTGGGAAGTAGCTCGC-1",1444,"Simple Epithelial"
"e16_s1_GTGGGAAGTGCCCAGT-1",461,"Myofibroblast"
"e16_s1_GTGGTTAAGCGTGTTT-1",802,"Fibroblast 6 (Lepr/Sp5)"
"e16_s1_GTGGTTACAATAGTCC-1",273,"Fibroblast 6 (Lepr/Sp5)"
"e16_s1_GTGGTTATCTATGCCC-1",1300,"Proliferative Fibroblast"
"e16_s1_GTGTAACGTAGTCACT-1",1633,"Fibroblast 2 (Fndc1/Dpt)"
"e16_s1_GTGTAACGTTGTTGAC-1",663,"Fibroblast 6 (Lepr/Sp5)"
"e16_s1_GTGTAACTCTACCAGA-1",1118,"Proliferative Fibroblast"
"e16_s1_GTGTCCTCAAAGTATG-1",631,"Fibroblast 5 (Mfap5/Grm3)"
"e16_s1_GTGTGATTCAGACCTA-1",932,"Fibroblast 2 (Fndc1/Dpt)"
"e16_s1_GTGTGGCAGATTTGCC-1",1300,"Fibroblast 2 (Fndc1/Dpt)"
"e16_s1_GTGTTAGCATACTTTC-1",1150,"Proliferative Smooth muscle"
"e16_s1_GTGTTCCCACTTGTCC-1",385,"ENS"
"e16_s1_GTGTTCCCATCTAACG-1",800,"Fibroblast 2 (Fndc1/Dpt)"
"e16_s1_GTGTTCCGTCAAACGG-1",1277,"Fibroblast 5 (Mfap5/Grm3)"
"e16_s1_GTGTTCCTCGAACCTA-1",943,"Proliferative Fibroblast"
"e16_s1_GTTACAGAGCGGTAGT-1",802,"Proliferative Fibroblast"
"e16_s1_GTTACAGCAGGTCTCG-1",1178,"Fibroblast 4 (Kcnn3)"
"e16_s1_GTTACCCTCGAGTGAG-1",193,"Proliferative Fibroblast"
"e16_s1_GTTACCCTCGGTAGAG-1",420,"Mesothelial"
"e16_s1_GTTACGACACAGGATG-1",512,"Proliferative Fibroblast"
"e16_s1_GTTACGATCTGTCCGT-1",1620,"Fibroblast 6 (Lepr/Sp5)"
"e16_s1_GTTAGACAGCGTTCAT-1",329,"Endothelial"
"e16_s1_GTTAGACAGTGGCAGT-1",1366,"Fibroblast 1 (Col6a4/Adamdec1)"
"e16_s1_GTTAGACCAGAACTCT-1",754,"Fibroblast 2 (Fndc1/Dpt)"
"e16_s1_GTTAGACGTTTCGTTT-1",1329,"Fibroblast 1 (Col6a4/Adamdec1)"
"e16_s1_GTTAGTGAGTTGTACC-1",663,"Fibroblast 6 (Lepr/Sp5)"
"e16_s1_GTTAGTGCATACCAGT-1",555,"Fibroblast 4 (Kcnn3)"
"e16_s1_GTTAGTGGTCTACACA-1",273,"Fibroblast 2 (Fndc1/Dpt)"
"e16_s1_GTTAGTGGTCTCCTGT-1",942,"ENS"
"e16_s1_GTTATGGAGAAACCAT-1",821,"Smooth muscle"
"e16_s1_GTTATGGTCTGGCTGG-1",1042,"Smooth muscle"
"e16_s1_GTTCATTAGGTAGTAT-1",371,"Fibroblast 2 (Fndc1/Dpt)"
"e16_s1_GTTCATTCAAGATGTA-1",1569,"Fibroblast 4 (Kcnn3)"
"e16_s1_GTTCATTCACGCGTCA-1",853,"Fibroblast 3 (Adam12)"
"e16_s1_GTTCATTGTGCTCGTG-1",298,"Myofibroblast"
"e16_s1_GTTCCGTAGATAACGT-1",754,"Fibroblast 6 (Lepr/Sp5)"
"e16_s1_GTTCCGTAGCCGGATA-1",491,"Simple Epithelial"
"e16_s1_GTTCCGTAGTCAGCCC-1",888,"Pericyte"
"e16_s1_GTTCCGTCACCAGCCA-1",1240,"Smooth muscle"
"e16_s1_GTTCCGTCAGAGGAAA-1",1238,"Fibroblast 2 (Fndc1/Dpt)"
"e16_s1_GTTCCGTCATGGGTTT-1",339,"Fibroblast 2 (Fndc1/Dpt)"
"e16_s1_GTTCCGTGTGCGAACA-1",521,"Simple Epithelial"
"e16_s1_GTTCCGTGTGCGTGCT-1",754,"Fibroblast 6 (Lepr/Sp5)"
"e16_s1_GTTCGCTCATGACAAA-1",910,"Smooth muscle"
"e16_s1_GTTCGCTGTTCTCTCG-1",1299,"Fibroblast 3 (Adam12)"
"e16_s1_GTTCGCTTCAAAGGAT-1",942,"ENS"
"e16_s1_GTTCTATAGACCCGCT-1",1482,"Fibroblast 2 (Fndc1/Dpt)"
"e16_s1_GTTCTATGTTCGGTCG-1",809,"Foregut Basal"
"e16_s1_GTTGCGGCACATCATG-1",1009,"Fibroblast 2 (Fndc1/Dpt)"
"e16_s1_GTTGCGGTCCTAACAG-1",1311,"ENS"
"e16_s1_GTTGCGGTCGACTCCT-1",1611,"Fibroblast 6 (Lepr/Sp5)"
"e16_s1_GTTGCTCAGGTATAGT-1",1399,"ENS"
"e16_s1_GTTGCTCAGTAGAATC-1",1390,"ENS"
"e16_s1_GTTGTAGAGTGCAGGT-1",998,"Fibroblast 1 (Col6a4/Adamdec1)"
"e16_s1_GTTGTAGAGTGGTTAA-1",1234,"Fibroblast 6 (Lepr/Sp5)"
"e16_s1_GTTGTAGCAACTCGTA-1",303,"Proliferative Smooth muscle"
"e16_s1_GTTGTCCCACATATCG-1",367,"Fibroblast 5 (Mfap5/Grm3)"
"e16_s1_GTTGTCCCATGACTGT-1",1274,"Fibroblast 5 (Mfap5/Grm3)"
"e16_s1_GTTGTGACAACTGCCG-1",752,"Fibroblast 3 (Adam12)"
"e16_s1_GTTGTGAGTCGGCTAC-1",491,"Simple Epithelial"
"e16_s1_GTTGTGATCTCCGATC-1",561,"Fibroblast 3 (Adam12)"
"e16_s1_GTTTACTGTAGTCTGT-1",465,"Fibroblast 6 (Lepr/Sp5)"
"e16_s1_GTTTACTGTCAGCTTA-1",892,"Proliferative Fibroblast"
"e16_s1_GTTTGGAAGCGTACAG-1",1144,"Foregut Basal"
"e16_s1_GTTTGGAGTCGCGTTG-1",1219,"Proliferative Fibroblast"
"e16_s1_GTTTGGATCCCTCGAT-1",574,"Proliferative Smooth muscle"
"e16_s1_TAACACGGTGGGATTG-1",1234,"Fibroblast 6 (Lepr/Sp5)"
"e16_s1_TAACCAGCATCCGAGC-1",221,"Fibroblast 3 (Adam12)"
"e16_s1_TAACCAGGTTTGAACC-1",1238,"Fibroblast 6 (Lepr/Sp5)"
"e16_s1_TAACGACAGCCGTCGT-1",1088,"ICC"
"e16_s1_TAACGACCAATAGGAT-1",818,"Fibroblast 5 (Mfap5/Grm3)"
"e16_s1_TAACGACCACTCCTGT-1",1346,"Smooth muscle"
"e16_s1_TAACGACCAGCCTATA-1",430,"Fibroblast 2 (Fndc1/Dpt)"
"e16_s1_TAAGCACAGATGGCGT-1",1633,"Pericyte"
"e16_s1_TAAGCACTCCGTAGGC-1",1616,"Myofibroblast"
"e16_s1_TAAGCCAAGATACATG-1",1330,"Myofibroblast"
"e16_s1_TAAGCCATCCATAGGT-1",666,"Fibroblast 1 (Col6a4/Adamdec1)"
"e16_s1_TAAGCCATCCGAACGC-1",1383,"Endothelial"
"e16_s1_TAAGCCATCTATCGGA-1",762,"Foregut Basal"
"e16_s1_TAAGCGTGTGCCTAAT-1",584,"Pericyte"
"e16_s1_TAAGTCGCACGTTCGG-1",1219,"Proliferative Fibroblast"
"e16_s1_TAAGTCGCAGGTACGA-1",959,"ENS"
"e16_s1_TAAGTCGTCGGTCTGG-1",888,"Fibroblast 2 (Fndc1/Dpt)"
"e16_s1_TAATCTCCAATGAAAC-1",1457,"Immune"
"e16_s1_TAATCTCGTGTTCGAT-1",1118,"Fibroblast 5 (Mfap5/Grm3)"
"e16_s1_TAATTCCAGCGGGTTA-1",924,"Endothelial"
"e16_s1_TACAACGTCGTGGACC-1",1206,"ENS"
"e16_s1_TACACCCCAGCTGCCA-1",863,"ENS"
"e16_s1_TACACCCGTCGATTTG-1",1346,"Smooth muscle"
"e16_s1_TACAGGTCAGGTTCAT-1",639,"Fibroblast 4 (Kcnn3)"
"e16_s1_TACAGGTGTACGTGAG-1",333,"Smooth muscle"
"e16_s1_TACAGGTTCTGGACCG-1",607,"Fibroblast 1 (Col6a4/Adamdec1)"
"e16_s1_TACATTCAGTCATAGA-1",748,"ICC"
"e16_s1_TACATTCGTCCAGCAC-1",754,"Fibroblast 4 (Kcnn3)"
"e16_s1_TACATTCGTGGACTAG-1",938,"Proliferative Fibroblast"
"e16_s1_TACATTCTCCCTGTTG-1",1200,"Fibroblast 4 (Kcnn3)"
"e16_s1_TACATTCTCTACCCAC-1",683,"Fibroblast 2 (Fndc1/Dpt)"
"e16_s1_TACCCACAGACATACA-1",1581,"Mesothelial"
"e16_s1_TACCCACAGGATGGCT-1",809,"Foregut Basal"
"e16_s1_TACCCACGTGTCTCCT-1",1255,"Pericyte"
"e16_s1_TACCCGTCACGACGAA-1",757,"Smooth muscle"
"e16_s1_TACCCGTTCAATCGGT-1",726,"Simple Epithelial"
"e16_s1_TACCGAAAGTCCGCCA-1",195,"Myofibroblast"
"e16_s1_TACCTCGAGCCAAGTG-1",1327,"Simple Epithelial"
"e16_s1_TACCTCGAGCTTTCTT-1",550,"Foregut Basal"
"e16_s1_TACCTCGTCAATCAGC-1",1255,"Fibroblast 6 (Lepr/Sp5)"
"e16_s1_TACCTGCGTAATCAGA-1",1472,"Fibroblast 6 (Lepr/Sp5)"
"e16_s1_TACCTGCTCACCTCGT-1",1128,"Foregut Basal"
"e16_s1_TACCTGCTCTGTCGCT-1",303,"Smooth muscle"
"e16_s1_TACGCTCGTTCGTAAC-1",1470,"Fibroblast 6 (Lepr/Sp5)"
"e16_s1_TACGCTCTCCATACAG-1",800,"Fibroblast 6 (Lepr/Sp5)"
"e16_s1_TACGCTCTCCCAACTC-1",400,"Fibroblast 2 (Fndc1/Dpt)"
"e16_s1_TACGGGCCAGCGTGAA-1",1404,"Fibroblast 5 (Mfap5/Grm3)"
"e16_s1_TACGGGCTCCAAATGC-1",637,"Fibroblast 5 (Mfap5/Grm3)"
"e16_s1_TACGGTAAGGGCCCTT-1",519,"Fibroblast 2 (Fndc1/Dpt)"
"e16_s1_TACGGTAAGGGCTTCC-1",444,"Smooth muscle"
"e16_s1_TACGGTATCACCATGA-1",539,"Fibroblast 5 (Mfap5/Grm3)"
"e16_s1_TACGTCCAGTTTCGAC-1",808,"Foregut Basal"
"e16_s1_TACGTCCCAAATTGCC-1",1475,"Fibroblast 6 (Lepr/Sp5)"
"e16_s1_TACGTCCGTATACAGA-1",1414,"Fibroblast 2 (Fndc1/Dpt)"
"e16_s1_TACGTCCTCATGCGGC-1",816,"Fibroblast 5 (Mfap5/Grm3)"
"e16_s1_TACTGCCAGGCTGAAC-1",623,"Fibroblast 1 (Col6a4/Adamdec1)"
"e16_s1_TACTGCCTCTTGTGCC-1",304,"Foregut Basal"
"e16_s1_TACTTACGTAGCTTGT-1",1234,"Fibroblast 2 (Fndc1/Dpt)"
"e16_s1_TACTTCACAGCTGAAG-1",257,"Fibroblast 5 (Mfap5/Grm3)"
"e16_s1_TACTTCATCCACCTGT-1",816,"Proliferative Fibroblast"
"e16_s1_TAGACCAAGGCTATCT-1",663,"Fibroblast 6 (Lepr/Sp5)"
"e16_s1_TAGACCAAGTCTGCAT-1",72,"Proliferative Fibroblast"
"e16_s1_TAGACCATCATTTGGG-1",575,"Pericyte"
"e16_s1_TAGACTGCAATGTTGC-1",998,"Fibroblast 2 (Fndc1/Dpt)"
"e16_s1_TAGACTGCATACTGAC-1",614,"Smooth muscle"
"e16_s1_TAGACTGTCGCTCATC-1",612,"ICC"
"e16_s1_TAGAGTCAGCGCAATG-1",491,"Foregut Basal"
"e16_s1_TAGAGTCAGGCTGGAT-1",1366,"Fibroblast 3 (Adam12)"
"e16_s1_TAGAGTCGTACGACTT-1",561,"Fibroblast 2 (Fndc1/Dpt)"
"e16_s1_TAGAGTCGTATCATGC-1",1162,"Simple Epithelial"
"e16_s1_TAGAGTCTCTAGAACC-1",1128,"Foregut Basal"
"e16_s1_TAGATCGTCGGATAAA-1",430,"Fibroblast 5 (Mfap5/Grm3)"
"e16_s1_TAGCACACAAGCCTGC-1",539,"Fibroblast 6 (Lepr/Sp5)"
"e16_s1_TAGCACACAATTGCTG-1",419,"Fibroblast 5 (Mfap5/Grm3)"
"e16_s1_TAGCACATCGTAGCCG-1",818,"Fibroblast 6 (Lepr/Sp5)"
"e16_s1_TAGCACATCTTGCGCT-1",379,"Fibroblast 5 (Mfap5/Grm3)"
"e16_s1_TAGGGTTAGAAACTCA-1",371,"Fibroblast 4 (Kcnn3)"
"e16_s1_TAGGGTTAGGATAATC-1",789,"Simple Epithelial"
"e16_s1_TAGGGTTGTAGTACGG-1",1629,"Proliferative Smooth muscle"
"e16_s1_TAGGTACTCTGACGCG-1",146,"Smooth muscle"
"e16_s1_TAGGTTGAGGTTGACG-1",1133,"Fibroblast 6 (Lepr/Sp5)"
"e16_s1_TAGGTTGGTGCACGCT-1",304,"Foregut Basal"
"e16_s1_TAGGTTGTCGGTCGGT-1",892,"Fibroblast 2 (Fndc1/Dpt)"
"e16_s1_TAGTGCATCAAAGAAC-1",665,"ICC"
"e16_s1_TATACCTAGACATGCG-1",1235,"Simple Epithelial"
"e16_s1_TATACCTAGCGACAGT-1",260,"Proliferative Fibroblast"
"e16_s1_TATACCTAGCTCCACG-1",1329,"Fibroblast 3 (Adam12)"
"e16_s1_TATACCTCACGTGAGA-1",1095,"Endothelial"
"e16_s1_TATATCCAGAGCATCG-1",491,"Simple Epithelial"
"e16_s1_TATATCCCACTTTAGG-1",842,"Fibroblast 2 (Fndc1/Dpt)"
"e16_s1_TATATCCTCCGTGTAA-1",1178,"Fibroblast 1 (Col6a4/Adamdec1)"
"e16_s1_TATCAGGGTCTACACA-1",1219,"Proliferative Smooth muscle"
"e16_s1_TATCCTAAGTAAGGGA-1",816,"Fibroblast 6 (Lepr/Sp5)"
"e16_s1_TATCCTACAAAGAACT-1",1191,"Fibroblast 4 (Kcnn3)"
"e16_s1_TATCCTACACTCCTGT-1",1482,"Fibroblast 5 (Mfap5/Grm3)"
"e16_s1_TATCCTATCCTGGGAC-1",1118,"Proliferative Fibroblast"
"e16_s1_TATCGCCAGCTAATCC-1",921,"Fibroblast 4 (Kcnn3)"
"e16_s1_TATCGCCCATCTGCGG-1",1304,"Fibroblast 1 (Col6a4/Adamdec1)"
"e16_s1_TATCGCCTCACCTGTC-1",260,"Fibroblast 2 (Fndc1/Dpt)"
"e16_s1_TATCTGTAGACAACAT-1",1616,"Smooth muscle"
"e16_s1_TATCTGTAGGATTCAA-1",460,"Fibroblast 6 (Lepr/Sp5)"
"e16_s1_TATCTGTAGTGCTCGC-1",1134,"Simple Epithelial"
"e16_s1_TATCTGTAGTTTGAGA-1",1646,"Endothelial"
"e16_s1_TATCTGTTCCGTATAG-1",1523,"Proliferative Fibroblast"
"e16_s1_TATCTGTTCTCAGGCG-1",1316,"Fibroblast 6 (Lepr/Sp5)"
"e16_s1_TATCTGTTCTTCCACG-1",1120,"Smooth muscle"
"e16_s1_TATCTTGCAATCACGT-1",1234,"Fibroblast 6 (Lepr/Sp5)"
"e16_s1_TATCTTGGTCGAACAG-1",1648,"Fibroblast 6 (Lepr/Sp5)"
"e16_s1_TATCTTGTCACTGTCC-1",1108,"Fibroblast 3 (Adam12)"
"e16_s1_TATGTTCGTGAGTAGC-1",1144,"Foregut Basal"
"e16_s1_TATTCCAAGCTTCTAG-1",1081,"Fibroblast 2 (Fndc1/Dpt)"
"e16_s1_TATTCCACAGGCTATT-1",979,"Fibroblast 5 (Mfap5/Grm3)"
"e16_s1_TATTGCTTCGAACGGA-1",1514,"Smooth muscle"
"e16_s1_TATTGGGAGTGATTCC-1",817,"Fibroblast 5 (Mfap5/Grm3)"
"e16_s1_TATTTCGCAGCGGTTC-1",1525,"Smooth muscle"
"e16_s1_TATTTCGGTCGCACGT-1",1144,"Foregut Basal"
"e16_s1_TCAAGCAGTGAGATCG-1",243,"Simple Epithelial"
"e16_s1_TCAAGTGCAATCGTCA-1",519,"Fibroblast 1 (Col6a4/Adamdec1)"
"e16_s1_TCAAGTGGTACGAAAT-1",678,"Smooth muscle"
"e16_s1_TCAAGTGTCGTCAAAC-1",1142,"ICC"
"e16_s1_TCAATCTCACGGGCTT-1",487,"Smooth muscle"
"e16_s1_TCAATCTCATGCGTGC-1",1198,"Smooth muscle"
"e16_s1_TCAATCTGTCGAGATG-1",631,"Fibroblast 6 (Lepr/Sp5)"
"e16_s1_TCAATCTGTTCACGAT-1",607,"Fibroblast 5 (Mfap5/Grm3)"
"e16_s1_TCAATCTTCTACTGAG-1",377,"Smooth muscle"
"e16_s1_TCAATTCGTCTCGCGA-1",1144,"Foregut Basal"
"e16_s1_TCACAAGCACTAGTAC-1",218,"Myofibroblast"
"e16_s1_TCACAAGGTGTCCACG-1",584,"Fibroblast 1 (Col6a4/Adamdec1)"
"e16_s1_TCACACCAGAGCAGCT-1",1170,"Proliferative Smooth muscle"
"e16_s1_TCACACCCAGCACAAG-1",424,"Proliferative Fibroblast"
"e16_s1_TCACACCCAGTGTGGA-1",932,"Fibroblast 6 (Lepr/Sp5)"
"e16_s1_TCACACCGTGGTCTCG-1",904,"Proliferative Smooth muscle"
"e16_s1_TCACACCGTGTGTCGC-1",607,"Fibroblast 2 (Fndc1/Dpt)"
"e16_s1_TCACACCGTTACTCAG-1",575,"Fibroblast 5 (Mfap5/Grm3)"
"e16_s1_TCACATTAGCCGCACT-1",87,"Myofibroblast"
"e16_s1_TCACATTAGGAACGAA-1",1511,"Simple Epithelial"
"e16_s1_TCACATTCACAAGGTG-1",1472,"ICC"
"e16_s1_TCACATTCAGACGATG-1",196,"Fibroblast 6 (Lepr/Sp5)"
"e16_s1_TCACATTGTCGAACAG-1",487,"Fibroblast 5 (Mfap5/Grm3)"
"e16_s1_TCACGCTAGAGTGTTA-1",677,"Fibroblast 3 (Adam12)"
"e16_s1_TCACGCTGTGACAACG-1",1479,"Proliferative Fibroblast"
"e16_s1_TCACGGGTCTCCGATC-1",1571,"Fibroblast 1 (Col6a4/Adamdec1)"
"e16_s1_TCACTATCAAGGCTTT-1",550,"Foregut Basal"
"e16_s1_TCACTATTCCATTCGC-1",1274,"Fibroblast 2 (Fndc1/Dpt)"
"e16_s1_TCACTATTCTATTCGT-1",985,"Fibroblast 5 (Mfap5/Grm3)"
"e16_s1_TCACTCGAGGAGATAG-1",1427,"Fibroblast 6 (Lepr/Sp5)"
"e16_s1_TCACTCGAGTAGGCCA-1",585,"Fibroblast 1 (Col6a4/Adamdec1)"
"e16_s1_TCACTCGGTCCGTACG-1",182,"Fibroblast 6 (Lepr/Sp5)"
"e16_s1_TCACTCGGTCGGCTAC-1",575,"Fibroblast 1 (Col6a4/Adamdec1)"
"e16_s1_TCACTCGGTGATACAA-1",1646,"Endothelial"
"e16_s1_TCACTCGTCTGTGTGA-1",1494,"Proliferative Fibroblast"
"e16_s1_TCAGCAATCCTCTCGA-1",809,"Foregut Basal"
"e16_s1_TCAGCCTCAAGTGCAG-1",374,"Fibroblast 6 (Lepr/Sp5)"
"e16_s1_TCAGCCTGTCTGTGCG-1",218,"Mesothelial"
"e16_s1_TCAGGGCAGGTTCCAT-1",1366,"Fibroblast 1 (Col6a4/Adamdec1)"
"e16_s1_TCAGGGCGTATCGAGG-1",800,"Fibroblast 6 (Lepr/Sp5)"
"e16_s1_TCAGGTAAGTAAAGCT-1",1300,"Smooth muscle"
"e16_s1_TCAGGTACAGTTTCGA-1",1523,"Fibroblast 6 (Lepr/Sp5)"
"e16_s1_TCAGGTAGTGTATTGC-1",542,"Smooth muscle"
"e16_s1_TCAGTCCCAGCAGATG-1",539,"Fibroblast 2 (Fndc1/Dpt)"
"e16_s1_TCAGTCCCAGGCCTGT-1",193,"Endothelial"
"e16_s1_TCAGTCCCATTAGGCT-1",1545,"Smooth muscle"
"e16_s1_TCAGTCCTCTGCTTTA-1",846,"Smooth muscle"
"e16_s1_TCAGTGACATCTCCCA-1",1444,"Simple Epithelial"
"e16_s1_TCAGTGAGTGTATTGC-1",303,"Smooth muscle"
"e16_s1_TCAGTGATCATCACCC-1",762,"Foregut Basal"
"e16_s1_TCAGTTTAGATACAGT-1",595,"Fibroblast 6 (Lepr/Sp5)"
"e16_s1_TCAGTTTAGGTAGCAC-1",519,"Proliferative Fibroblast"
"e16_s1_TCAGTTTCAAGAGGTC-1",1449,"Fibroblast 1 (Col6a4/Adamdec1)"
"e16_s1_TCAGTTTGTAATCAGA-1",542,"Fibroblast 2 (Fndc1/Dpt)"
"e16_s1_TCATACTGTAGACTGG-1",460,"Smooth muscle"
"e16_s1_TCATACTTCTTGGATG-1",1118,"Fibroblast 4 (Kcnn3)"
"e16_s1_TCATATCTCACGACTA-1",671,"Proliferative Fibroblast"
"e16_s1_TCATATCTCATGCCGG-1",260,"Fibroblast 6 (Lepr/Sp5)"
"e16_s1_TCATATCTCGAAGTGG-1",182,"Fibroblast 2 (Fndc1/Dpt)"
"e16_s1_TCATCATAGGAATCGC-1",463,"Fibroblast 2 (Fndc1/Dpt)"
"e16_s1_TCATCATCAAGGCGTA-1",1120,"ICC"
"e16_s1_TCATCATCACCAGCGT-1",845,"Fibroblast 2 (Fndc1/Dpt)"
"e16_s1_TCATCATGTGAGGAAA-1",1511,"Simple Epithelial"
"e16_s1_TCATCATTCGGCCAAC-1",523,"Endothelial"
"e16_s1_TCATCCGAGCGAGTCA-1",217,"Smooth muscle"
"e16_s1_TCATCCGAGCTCACTA-1",1274,"Fibroblast 6 (Lepr/Sp5)"
"e16_s1_TCATCCGGTAGGTCAG-1",1375,"Endothelial"
"e16_s1_TCATCCGTCCGATAAC-1",595,"Fibroblast 4 (Kcnn3)"
"e16_s1_TCATGAGAGGTAGGCT-1",633,"Fibroblast 5 (Mfap5/Grm3)"
"e16_s1_TCATGAGCAAGGTCAG-1",1219,"Proliferative Smooth muscle"
"e16_s1_TCATGCCTCGGCACTG-1",1162,"Simple Epithelial"
"e16_s1_TCATGGAAGCAGGCTA-1",833,"Fibroblast 5 (Mfap5/Grm3)"
"e16_s1_TCATGGACAGTTGTTG-1",260,"Fibroblast 6 (Lepr/Sp5)"
"e16_s1_TCATGGAGTGTATCCA-1",1298,"Fibroblast 5 (Mfap5/Grm3)"
"e16_s1_TCATGTTGTTTGATCG-1",1481,"Fibroblast 3 (Adam12)"
"e16_s1_TCATGTTTCATTCACT-1",1523,"Fibroblast 1 (Col6a4/Adamdec1)"
"e16_s1_TCATTACAGTGATAGT-1",1655,"ICC"
"e16_s1_TCATTACCATACTGTG-1",465,"Proliferative Smooth muscle"
"e16_s1_TCATTACTCATTGCCC-1",374,"Fibroblast 6 (Lepr/Sp5)"
"e16_s1_TCATTACTCTACTGCC-1",1120,"Smooth muscle"
"e16_s1_TCATTCAAGTCTAACC-1",870,"Fibroblast 3 (Adam12)"
"e16_s1_TCATTCACAGAGAATT-1",793,"Fibroblast 2 (Fndc1/Dpt)"
"e16_s1_TCATTCAGTGAGGCAT-1",1352,"Fibroblast 5 (Mfap5/Grm3)"
"e16_s1_TCATTGTCAGTAGATA-1",1616,"Fibroblast 5 (Mfap5/Grm3)"
"e16_s1_TCATTGTTCCCGAGGT-1",467,"Fibroblast 2 (Fndc1/Dpt)"
"e16_s1_TCATTTGGTCATATGC-1",828,"Fibroblast 4 (Kcnn3)"
"e16_s1_TCCACCACACGGTAGA-1",1219,"Smooth muscle"
"e16_s1_TCCACGTTCCCTTTGG-1",1009,"Proliferative Fibroblast"
"e16_s1_TCCAGAACAGGTGGAT-1",1178,"Smooth muscle"
"e16_s1_TCCATCGGTAGGCAAC-1",871,"Fibroblast 5 (Mfap5/Grm3)"
"e16_s1_TCCATCGTCCATCTCG-1",719,"Fibroblast 1 (Col6a4/Adamdec1)"
"e16_s1_TCCATGCAGTGTACCT-1",1525,"Fibroblast 1 (Col6a4/Adamdec1)"
"e16_s1_TCCATGCCACGTGAGA-1",666,"Smooth muscle"
"e16_s1_TCCCAGTAGAAACTCA-1",1088,"Proliferative Fibroblast"
"e16_s1_TCCCAGTAGTCATTGC-1",1074,"Fibroblast 5 (Mfap5/Grm3)"
"e16_s1_TCCCAGTCAAACGAGC-1",817,"Proliferative Fibroblast"
"e16_s1_TCCCATGTCGTTCCCA-1",1623,"Fibroblast 2 (Fndc1/Dpt)"
"e16_s1_TCCCATGTCTCCTGTG-1",193,"Endothelial"
"e16_s1_TCCGAAAAGCTACTGT-1",1262,"Foregut Basal"
"e16_s1_TCCGAAAAGGCCACTC-1",878,"Myofibroblast"
"e16_s1_TCCGAAACAGAGGACT-1",247,"Fibroblast 2 (Fndc1/Dpt)"
"e16_s1_TCCGAAAGTTCTTGTT-1",969,"Smooth muscle"
"e16_s1_TCCGATCAGTGTACAA-1",273,"Fibroblast 6 (Lepr/Sp5)"
"e16_s1_TCCGGGAAGCGAGGAG-1",1304,"Fibroblast 1 (Col6a4/Adamdec1)"
"e16_s1_TCCGGGAAGTAGTCAA-1",619,"Fibroblast 4 (Kcnn3)"
"e16_s1_TCCGGGACACTAGTAC-1",871,"Fibroblast 2 (Fndc1/Dpt)"
"e16_s1_TCCGGGAGTACCGCGT-1",355,"Proliferative Smooth muscle"
"e16_s1_TCCGGGATCTACTGCC-1",414,"Smooth muscle"
"e16_s1_TCCTAATAGAGGCTGT-1",366,"Fibroblast 1 (Col6a4/Adamdec1)"
"e16_s1_TCCTAATCAGGTAGTG-1",271,"Endothelial"
"e16_s1_TCCTCCCAGTAACCTC-1",556,"Immune"
"e16_s1_TCCTCCCGTCGATGCC-1",816,"Fibroblast 6 (Lepr/Sp5)"
"e16_s1_TCCTCGACAAATGGAT-1",1409,"Fibroblast 2 (Fndc1/Dpt)"
"e16_s1_TCCTCGACACGGGCTT-1",871,"Fibroblast 2 (Fndc1/Dpt)"
"e16_s1_TCCTCGAGTAATCAGA-1",881,"Smooth muscle"
"e16_s1_TCCTCTTGTCGCATCG-1",379,"Proliferative Fibroblast"
"e16_s1_TCCTCTTTCGAGAATA-1",197,"Proliferative Smooth muscle"
"e16_s1_TCCTCTTTCGGACAAG-1",829,"Fibroblast 1 (Col6a4/Adamdec1)"
"e16_s1_TCCTCTTTCTGGTCAA-1",1402,"Fibroblast 3 (Adam12)"
"e16_s1_TCCTGCAAGAGCTGCA-1",802,"Fibroblast 5 (Mfap5/Grm3)"
"e16_s1_TCCTGCACAGGACATG-1",203,"Simple Epithelial"
"e16_s1_TCCTGCAGTATTCCGA-1",1542,"Immune"
"e16_s1_TCCTGCATCTCCGTGT-1",762,"Foregut Basal"
"e16_s1_TCCTTTCAGGGTACAC-1",1528,"Fibroblast 5 (Mfap5/Grm3)"
"e16_s1_TCCTTTCCAGAGCTAG-1",957,"Proliferative Fibroblast"
"e16_s1_TCCTTTCGTACCGTCG-1",197,"Fibroblast 1 (Col6a4/Adamdec1)"
"e16_s1_TCCTTTCGTAGAATAC-1",881,"Smooth muscle"
"e16_s1_TCCTTTCGTTAGAAGT-1",921,"Fibroblast 2 (Fndc1/Dpt)"
"e16_s1_TCGAACACATCCGTGG-1",1316,"Proliferative Fibroblast"
"e16_s1_TCGAACAGTCATGACT-1",676,"ENS"
"e16_s1_TCGAACATCTGTGCGG-1",457,"Fibroblast 2 (Fndc1/Dpt)"
"e16_s1_TCGACCTCACCACATA-1",1519,"Foregut Basal"
"e16_s1_TCGACCTCAGAGGCAT-1",1190,"Proliferative Fibroblast"
"e16_s1_TCGACCTCATCTCATT-1",719,"Pericyte"
"e16_s1_TCGACCTGTAGTCCTA-1",816,"Fibroblast 6 (Lepr/Sp5)"
"e16_s1_TCGACCTGTGACAGCA-1",984,"Fibroblast 2 (Fndc1/Dpt)"
"e16_s1_TCGACCTGTTTCTATC-1",659,"Fibroblast 5 (Mfap5/Grm3)"
"e16_s1_TCGACCTTCCGGTAGC-1",1168,"Fibroblast 6 (Lepr/Sp5)"
"e16_s1_TCGACGGAGTGCACAG-1",550,"Foregut Basal"
"e16_s1_TCGACGGGTAACAGGC-1",140,"Foregut Basal"
"e16_s1_TCGACGGTCAAACCCA-1",221,"Mesothelial"
"e16_s1_TCGATTTCACCCTGTT-1",1494,"Fibroblast 2 (Fndc1/Dpt)"
"e16_s1_TCGATTTCATCGCTCT-1",1097,"Fibroblast 5 (Mfap5/Grm3)"
"e16_s1_TCGCACTAGAAAGTCT-1",1235,"Simple Epithelial"
"e16_s1_TCGCACTAGAGGTTAT-1",427,"Fibroblast 5 (Mfap5/Grm3)"
"e16_s1_TCGCACTAGCAAGGAA-1",904,"Fibroblast 1 (Col6a4/Adamdec1)"
"e16_s1_TCGCACTAGCGCACAA-1",932,"Fibroblast 2 (Fndc1/Dpt)"
"e16_s1_TCGCACTTCCTTGACC-1",1206,"ENS"
"e16_s1_TCGCACTTCGAACCTA-1",595,"Fibroblast 6 (Lepr/Sp5)"
"e16_s1_TCGCAGGCAAGGTCTT-1",1178,"Proliferative Smooth muscle"
"e16_s1_TCGCAGGCACGGAAGT-1",1293,"Smooth muscle"
"e16_s1_TCGCAGGGTAGACGGT-1",1168,"Fibroblast 6 (Lepr/Sp5)"
"e16_s1_TCGCAGGGTCGCGTTG-1",210,"Fibroblast 6 (Lepr/Sp5)"
"e16_s1_TCGCTTGTCGGAATTC-1",1335,"Immune"
"e16_s1_TCGGATAGTAAGGCTG-1",1409,"Fibroblast 6 (Lepr/Sp5)"
"e16_s1_TCGGATAGTTAGAGAT-1",595,"Fibroblast 6 (Lepr/Sp5)"
"e16_s1_TCGGATATCCATTTCA-1",1088,"Proliferative Fibroblast"
"e16_s1_TCGGATATCGAGAATA-1",1137,"Fibroblast 5 (Mfap5/Grm3)"
"e16_s1_TCGGATATCGGTCACG-1",1255,"Pericyte"
"e16_s1_TCGGGACAGGGATCTG-1",1405,"ENS"
"e16_s1_TCGGGACGTTGAGTCT-1",924,"Endothelial"
"e16_s1_TCGGGCAAGTGGCGAT-1",1066,"Foregut Basal"
"e16_s1_TCGGGCAGTCAAGCCC-1",1162,"Simple Epithelial"
"e16_s1_TCGGGCAGTGTTAAAG-1",754,"Fibroblast 6 (Lepr/Sp5)"
"e16_s1_TCGGGTGAGACCACGA-1",619,"Smooth muscle"
"e16_s1_TCGGGTGGTACAAACA-1",762,"Foregut Basal"
"e16_s1_TCGGGTGGTGCAGGAT-1",1620,"Fibroblast 6 (Lepr/Sp5)"
"e16_s1_TCGGTCTCAGGTTTAC-1",863,"ENS"
"e16_s1_TCGGTCTGTTGGACTT-1",784,"Smooth muscle"
"e16_s1_TCGTCCACATAGGTTC-1",416,"Myofibroblast"
"e16_s1_TCGTCCAGTTCTCCAC-1",933,"Fibroblast 4 (Kcnn3)"
"e16_s1_TCGTCCAGTTGTGGCC-1",550,"Foregut Basal"
"e16_s1_TCGTGCTAGTCACAGG-1",741,"ENS"
"e16_s1_TCGTGCTCATCCGGCA-1",320,"Proliferative Fibroblast"
"e16_s1_TCGTGCTGTGGTAACG-1",1427,"Fibroblast 4 (Kcnn3)"
"e16_s1_TCGTGGGAGAATCTAG-1",576,"Fibroblast 1 (Col6a4/Adamdec1)"
"e16_s1_TCGTGGGAGCCTGAGA-1",761,"Foregut Basal"
"e16_s1_TCGTGGGAGGACTATA-1",793,"Fibroblast 2 (Fndc1/Dpt)"
"e16_s1_TCGTGGGCAAGTCCAT-1",304,"Foregut Basal"
"e16_s1_TCGTGGGCAGACCAGA-1",881,"Fibroblast 3 (Adam12)"
"e16_s1_TCGTGGGCATGGGTCC-1",903,"Fibroblast 4 (Kcnn3)"
"e16_s1_TCTAACTAGGTGCATG-1",620,"Fibroblast 2 (Fndc1/Dpt)"
"e16_s1_TCTAACTTCACCATCC-1",204,"ENS"
"e16_s1_TCTAACTTCGAGAGCA-1",870,"Fibroblast 3 (Adam12)"
"e16_s1_TCTACATAGACATGCG-1",1234,"Proliferative Fibroblast"
"e16_s1_TCTACCGTCGCCGATG-1",138,"Fibroblast 5 (Mfap5/Grm3)"
"e16_s1_TCTATACAGTCACACT-1",1620,"Proliferative Fibroblast"
"e16_s1_TCTATACAGTTGCATC-1",1311,"ENS"
"e16_s1_TCTATCAAGCCATTGT-1",398,"Fibroblast 5 (Mfap5/Grm3)"
"e16_s1_TCTATCAAGTCGCTAT-1",1006,"Fibroblast 4 (Kcnn3)"
"e16_s1_TCTCAGCCACCACATA-1",1366,"Fibroblast 5 (Mfap5/Grm3)"
"e16_s1_TCTCAGCGTTCCTAGA-1",807,"Immune"
"e16_s1_TCTCAGCTCCATAGGT-1",525,"Foregut Basal"
"e16_s1_TCTCTGGCAATAGTCC-1",1178,"Fibroblast 2 (Fndc1/Dpt)"
"e16_s1_TCTCTGGCACACAGAG-1",1616,"Proliferative Fibroblast"
"e16_s1_TCTCTGGTCAACCTCC-1",1200,"Fibroblast 2 (Fndc1/Dpt)"
"e16_s1_TCTGCCAGTCCATCTC-1",1359,"Smooth muscle"
"e16_s1_TCTGCCAGTGATACCT-1",575,"Smooth muscle"
"e16_s1_TCTGCCATCCAGTTCC-1",296,"Fibroblast 1 (Col6a4/Adamdec1)"
"e16_s1_TCTGGCTAGTCTGCGC-1",704,"Fibroblast 3 (Adam12)"
"e16_s1_TCTGGCTGTACGTAGG-1",903,"Fibroblast 5 (Mfap5/Grm3)"
"e16_s1_TCTGGCTTCTTTGGAG-1",1234,"Fibroblast 6 (Lepr/Sp5)"
"e16_s1_TCTGTCGTCGACACCG-1",1206,"ENS"
"e16_s1_TCTTAGTGTCTGTGCG-1",847,"Fibroblast 3 (Adam12)"
"e16_s1_TCTTAGTTCACCTGTC-1",626,"Fibroblast 1 (Col6a4/Adamdec1)"
"e16_s1_TCTTCCTAGTGCACTT-1",1658,"Fibroblast 1 (Col6a4/Adamdec1)"
"e16_s1_TCTTCCTCAACAAAGT-1",1300,"Fibroblast 1 (Col6a4/Adamdec1)"
"e16_s1_TCTTCCTGTATAGGAT-1",304,"Foregut Basal"
"e16_s1_TCTTCCTTCATGGATC-1",1137,"Fibroblast 5 (Mfap5/Grm3)"
"e16_s1_TCTTGCGTCCGGCAGT-1",1455,"Fibroblast 3 (Adam12)"
"e16_s1_TCTTGCGTCTCCTGCA-1",519,"Pericyte"
"e16_s1_TCTTGCGTCTGAGGTT-1",298,"Fibroblast 2 (Fndc1/Dpt)"
"e16_s1_TCTTTGAAGAAACTAC-1",704,"Fibroblast 3 (Adam12)"
"e16_s1_TCTTTGACACTAGGTT-1",1633,"Fibroblast 6 (Lepr/Sp5)"
"e16_s1_TCTTTGATCGCCATAA-1",460,"Proliferative Fibroblast"
"e16_s1_TGAACGTCACCCTTAC-1",1519,"Foregut Basal"
"e16_s1_TGAACGTGTACGATTC-1",1391,"Foregut Basal"
"e16_s1_TGAACGTTCCTGTACC-1",967,"Proliferative Smooth muscle"
"e16_s1_TGAATCGAGGGTATAT-1",1028,"Smooth muscle"
"e16_s1_TGAATGCTCCGTAGTA-1",1473,"Fibroblast 2 (Fndc1/Dpt)"
"e16_s1_TGAATGCTCGAATCCA-1",968,"Fibroblast 3 (Adam12)"
"e16_s1_TGACAGTGTTGCCGCA-1",1629,"Smooth muscle"
"e16_s1_TGACCCTAGCACTGGA-1",1394,"Fibroblast 4 (Kcnn3)"
"e16_s1_TGACCCTAGCTGACCC-1",1081,"Fibroblast 2 (Fndc1/Dpt)"
"e16_s1_TGACCCTAGTGAATAC-1",1482,"Fibroblast 6 (Lepr/Sp5)"
"e16_s1_TGACCCTCAATGAGCG-1",1366,"Fibroblast 1 (Col6a4/Adamdec1)"
"e16_s1_TGACCCTCACGGTGCT-1",1084,"Proliferative Smooth muscle"
"e16_s1_TGACGCGAGAGCCATG-1",1525,"Fibroblast 4 (Kcnn3)"
"e16_s1_TGACGCGAGGGATCGT-1",257,"Fibroblast 4 (Kcnn3)"
"e16_s1_TGACGCGGTCTGCAAT-1",1528,"Fibroblast 4 (Kcnn3)"
"e16_s1_TGACGCGGTGGCCACT-1",663,"Fibroblast 2 (Fndc1/Dpt)"
"e16_s1_TGACTCCAGGCTTAAA-1",1479,"Fibroblast 5 (Mfap5/Grm3)"
"e16_s1_TGAGACTGTTATGACC-1",957,"Proliferative Fibroblast"
"e16_s1_TGAGCATGTCAGGCAA-1",836,"ENS"
"e16_s1_TGAGCATGTTGTGTAC-1",430,"Fibroblast 6 (Lepr/Sp5)"
"e16_s1_TGAGCATTCGACACCG-1",1449,"Fibroblast 5 (Mfap5/Grm3)"
"e16_s1_TGAGCATTCGACATTG-1",816,"Fibroblast 2 (Fndc1/Dpt)"
"e16_s1_TGAGCATTCGGATAAA-1",743,"Fibroblast 2 (Fndc1/Dpt)"
"e16_s1_TGAGCGCAGGCATGCA-1",1608,"Simple Epithelial"
"e16_s1_TGAGGAGCATTCGATG-1",1304,"Proliferative Fibroblast"
"e16_s1_TGAGGAGTCGAGTGAG-1",273,"Fibroblast 6 (Lepr/Sp5)"
"e16_s1_TGAGGGAAGCACTAAA-1",715,"Fibroblast 1 (Col6a4/Adamdec1)"
"e16_s1_TGAGGGAAGGTGTGAC-1",1481,"Proliferative Fibroblast"
"e16_s1_TGAGGGACAGTAACGG-1",921,"Fibroblast 2 (Fndc1/Dpt)"
"e16_s1_TGAGTCACACAGCTTA-1",1571,"Fibroblast 1 (Col6a4/Adamdec1)"
"e16_s1_TGAGTCACATAGAATG-1",320,"Fibroblast 1 (Col6a4/Adamdec1)"
"e16_s1_TGATCAGCAACGGTAG-1",771,"Smooth muscle"
"e16_s1_TGATCAGGTCTGTAGT-1",379,"Fibroblast 4 (Kcnn3)"
"e16_s1_TGATCAGTCACGAACT-1",784,"Pericyte"
"e16_s1_TGATCTTGTAGGGTAC-1",832,"Fibroblast 4 (Kcnn3)"
"e16_s1_TGATCTTGTATGAAGT-1",1402,"Fibroblast 1 (Col6a4/Adamdec1)"
"e16_s1_TGATCTTGTTCTCTCG-1",519,"Fibroblast 1 (Col6a4/Adamdec1)"
"e16_s1_TGATCTTTCATTTACC-1",1300,"Fibroblast 1 (Col6a4/Adamdec1)"
"e16_s1_TGATGCACACACCGCA-1",766,"Foregut Basal"
"e16_s1_TGATGCACACGATAGG-1",547,"Smooth muscle"
"e16_s1_TGATGGTAGCGACTAG-1",942,"ENS"
"e16_s1_TGATGGTCAGCTGTCG-1",1482,"Fibroblast 6 (Lepr/Sp5)"
"e16_s1_TGATGGTTCTACGGGC-1",800,"Fibroblast 2 (Fndc1/Dpt)"
"e16_s1_TGATTCTAGGTGATAT-1",465,"ICC"
"e16_s1_TGATTTCCAAGACGGT-1",1128,"Foregut Basal"
"e16_s1_TGATTTCGTATAGGAT-1",182,"Myofibroblast"
"e16_s1_TGATTTCTCTGCGGGT-1",1482,"Fibroblast 2 (Fndc1/Dpt)"
"e16_s1_TGCACGGAGCGTGCCT-1",1329,"Smooth muscle"
"e16_s1_TGCACGGGTCGACTGC-1",1018,"Fibroblast 1 (Col6a4/Adamdec1)"
"e16_s1_TGCAGATGTACCTTCC-1",1316,"Smooth muscle"
"e16_s1_TGCAGATGTGAATGTA-1",1444,"Simple Epithelial"
"e16_s1_TGCAGGCAGCTAAATG-1",1116,"Simple Epithelial"
"e16_s1_TGCAGGCGTCGAGCTC-1",666,"Smooth muscle"
"e16_s1_TGCAGTAAGGCGATAC-1",1249,"ICC"
"e16_s1_TGCAGTAGTAGGGTAC-1",424,"Fibroblast 5 (Mfap5/Grm3)"
"e16_s1_TGCATCCAGAGAGTTT-1",104,"Smooth muscle"
"e16_s1_TGCATCCAGGTTGAGC-1",595,"Proliferative Fibroblast"
"e16_s1_TGCATCCGTGGCTCTG-1",832,"Fibroblast 5 (Mfap5/Grm3)"
"e16_s1_TGCATGAAGCATTTGC-1",460,"Fibroblast 2 (Fndc1/Dpt)"
"e16_s1_TGCATGAGTGCCTGCA-1",555,"Fibroblast 4 (Kcnn3)"
"e16_s1_TGCGACGAGCCGCACT-1",221,"Fibroblast 1 (Col6a4/Adamdec1)"
"e16_s1_TGCGACGCAGACCATT-1",1620,"Fibroblast 6 (Lepr/Sp5)"
"e16_s1_TGCGATACACAGTATC-1",666,"Pericyte"
"e16_s1_TGCGATATCCGATAAC-1",663,"Fibroblast 4 (Kcnn3)"
"e16_s1_TGCGGCAAGAGGTCGT-1",654,"Smooth muscle"
"e16_s1_TGCGGCAAGGTAGTCG-1",968,"Fibroblast 4 (Kcnn3)"
"e16_s1_TGCGGCATCGAGCCTG-1",1262,"Foregut Basal"
"e16_s1_TGCTCCAGTGATACCT-1",1620,"Myofibroblast"
"e16_s1_TGCTCGTAGCCATGCC-1",766,"Foregut Basal"
"e16_s1_TGCTCGTGTGGCGTAA-1",320,"Fibroblast 1 (Col6a4/Adamdec1)"
"e16_s1_TGCTCGTGTTGCTTGA-1",665,"Fibroblast 5 (Mfap5/Grm3)"
"e16_s1_TGCTCGTTCCACAAGT-1",1144,"Foregut Basal"
"e16_s1_TGCTCGTTCCATCACC-1",606,"Proliferative Smooth muscle"
"e16_s1_TGCTGAAGTAGACGTG-1",535,"Myofibroblast"
"e16_s1_TGCTGAATCAAGGCTT-1",371,"Proliferative Fibroblast"
"e16_s1_TGCTGAATCCCATTCG-1",1391,"Simple Epithelial"
"e16_s1_TGCTTGCCAGCTCGGT-1",624,"Fibroblast 2 (Fndc1/Dpt)"
"e16_s1_TGCTTGCGTAGAGTTA-1",892,"Fibroblast 2 (Fndc1/Dpt)"
"e16_s1_TGCTTGCGTGTCCGTG-1",221,"Mesothelial"
"e16_s1_TGCTTGCGTTGCCTAA-1",628,"Myofibroblast"
"e16_s1_TGCTTGCGTTTCGTAG-1",975,"ICC"
"e16_s1_TGGAACTAGTGGCCTC-1",1346,"Fibroblast 2 (Fndc1/Dpt)"
"e16_s1_TGGAACTCAAATACAG-1",1447,"Fibroblast 1 (Col6a4/Adamdec1)"
"e16_s1_TGGAACTCAGCTAACT-1",1447,"Fibroblast 4 (Kcnn3)"
"e16_s1_TGGAACTGTCCTGTCT-1",595,"Fibroblast 6 (Lepr/Sp5)"
"e16_s1_TGGAACTGTCGTATTG-1",1190,"Proliferative Fibroblast"
"e16_s1_TGGAACTGTGGTCCCA-1",451,"Fibroblast 4 (Kcnn3)"
"e16_s1_TGGAGAGCAAGCGATG-1",817,"Fibroblast 6 (Lepr/Sp5)"
"e16_s1_TGGAGAGGTATCACCA-1",392,"Fibroblast 3 (Adam12)"
"e16_s1_TGGAGAGGTTGGCCTG-1",624,"Proliferative Fibroblast"
"e16_s1_TGGAGGATCCACGTCT-1",355,"Fibroblast 3 (Adam12)"
"e16_s1_TGGATCAAGAATACAC-1",1427,"Fibroblast 5 (Mfap5/Grm3)"
"e16_s1_TGGATCAGTACCTAGT-1",968,"Fibroblast 2 (Fndc1/Dpt)"
"e16_s1_TGGATCAGTATACCTG-1",366,"Fibroblast 3 (Adam12)"
"e16_s1_TGGATCAGTTCACCGG-1",707,"Fibroblast 1 (Col6a4/Adamdec1)"
"e16_s1_TGGATCATCGATACGT-1",1316,"Smooth muscle"
"e16_s1_TGGGAAGCAGCACAGA-1",1048,"Endothelial"
"e16_s1_TGGGAAGGTCTGTTAG-1",762,"Simple Epithelial"
"e16_s1_TGGGAGAGTCTTTCAT-1",663,"Smooth muscle"
"e16_s1_TGGGATTTCTATTGTC-1",467,"Smooth muscle"
"e16_s1_TGGGCGTCAACGGCTC-1",1595,"ICC"
"e16_s1_TGGGCTGTCCGAGAAG-1",619,"Smooth muscle"
"e16_s1_TGGGTTACATGACTCA-1",523,"Fibroblast 3 (Adam12)"
"e16_s1_TGGGTTAGTGAAGCGT-1",620,"Fibroblast 1 (Col6a4/Adamdec1)"
"e16_s1_TGGTACATCAAGTGTC-1",1234,"Proliferative Fibroblast"
"e16_s1_TGGTAGTAGGAAGAAC-1",595,"Fibroblast 5 (Mfap5/Grm3)"
"e16_s1_TGGTAGTTCCCTCTAG-1",1347,"Endothelial"
"e16_s1_TGGTAGTTCGTGTGGC-1",273,"Fibroblast 5 (Mfap5/Grm3)"
"e16_s1_TGGTGATAGATTCGCT-1",1128,"Foregut Basal"
"e16_s1_TGGTGATCACGCGTGT-1",1144,"Foregut Basal"
"e16_s1_TGGTTAGAGAGGTTTA-1",816,"Fibroblast 5 (Mfap5/Grm3)"
"e16_s1_TGGTTAGGTGCGAGTA-1",1028,"Smooth muscle"
"e16_s1_TGTAACGTCATCCTGC-1",569,"Proliferative Fibroblast"
"e16_s1_TGTAAGCCACAATTCG-1",550,"Foregut Basal"
"e16_s1_TGTAAGCTCTCAGAAC-1",904,"Proliferative Smooth muscle"
"e16_s1_TGTACAGCACTAGGCC-1",190,"Smooth muscle"
"e16_s1_TGTACAGGTTGCTGAT-1",1144,"Foregut Basal"
"e16_s1_TGTAGACCATCGTCCT-1",797,"ENS"
"e16_s1_TGTAGACGTTTGGAGG-1",1128,"Foregut Basal"
"e16_s1_TGTCAGAGTACTCGCG-1",829,"Fibroblast 2 (Fndc1/Dpt)"
"e16_s1_TGTCAGATCACTAGCA-1",762,"Foregut Basal"
"e16_s1_TGTCAGATCAGTGTGT-1",1525,"Fibroblast 1 (Col6a4/Adamdec1)"
"e16_s1_TGTCAGATCATCTACT-1",988,"Fibroblast 1 (Col6a4/Adamdec1)"
"e16_s1_TGTCCACCATCGAAGG-1",1390,"ENS"
"e16_s1_TGTCCACTCCACTTCG-1",872,"Fibroblast 5 (Mfap5/Grm3)"
"e16_s1_TGTCCCACAATTGCGT-1",1255,"Fibroblast 6 (Lepr/Sp5)"
"e16_s1_TGTCCCAGTTTATGCG-1",569,"Proliferative Fibroblast"
"e16_s1_TGTCCTGTCAAGCTGT-1",918,"Proliferative Smooth muscle"
"e16_s1_TGTGAGTCAGGAGGTT-1",678,"Fibroblast 2 (Fndc1/Dpt)"
"e16_s1_TGTGATGGTATGTGTC-1",1237,"Endothelial"
"e16_s1_TGTGATGTCTCCTGCA-1",371,"Fibroblast 6 (Lepr/Sp5)"
"e16_s1_TGTGGCGAGGTTCAGG-1",1144,"Foregut Basal"
"e16_s1_TGTGGCGCAAATAGCA-1",1298,"Fibroblast 2 (Fndc1/Dpt)"
"e16_s1_TGTGGCGGTGTCTTCC-1",1042,"Proliferative Fibroblast"
"e16_s1_TGTGGCGTCCAGTGCG-1",1447,"Proliferative Fibroblast"
"e16_s1_TGTGGCGTCGCTGCGA-1",193,"Fibroblast 6 (Lepr/Sp5)"
"e16_s1_TGTTACTAGTAGACCG-1",575,"Pericyte"
"e16_s1_TGTTACTGTCGACTTA-1",888,"ICC"
"e16_s1_TGTTACTTCATTTGCT-1",1072,"Fibroblast 4 (Kcnn3)"
"e16_s1_TGTTCATAGTCCTACA-1",892,"Fibroblast 2 (Fndc1/Dpt)"
"e16_s1_TGTTCATAGTCGGGAT-1",762,"Foregut Basal"
"e16_s1_TGTTCCGCACCCTTAC-1",304,"Foregut Basal"
"e16_s1_TGTTCCGGTGACGCCT-1",975,"Proliferative Smooth muscle"
"e16_s1_TGTTCCGTCGTTGTAG-1",215,"Fibroblast 3 (Adam12)"
"e16_s1_TGTTCTACAAATGGTA-1",239,"Pericyte"
"e16_s1_TGTTCTATCCTACCGT-1",1412,"Pericyte"
"e16_s1_TGTTGAGGTCAAAGCG-1",379,"Fibroblast 6 (Lepr/Sp5)"
"e16_s1_TGTTGGATCTGCCTGT-1",607,"Fibroblast 5 (Mfap5/Grm3)"
"e16_s1_TGTTTGTAGTGGTTAA-1",1327,"Simple Epithelial"
"e16_s1_TGTTTGTCAGGATGAC-1",443,"Fibroblast 3 (Adam12)"
"e16_s1_TGTTTGTTCATGGCCG-1",71,"Fibroblast 5 (Mfap5/Grm3)"
"e16_s1_TTAATCCCAATTGCTG-1",465,"Smooth muscle"
"e16_s1_TTAATCCCACCATAAC-1",1277,"Fibroblast 6 (Lepr/Sp5)"
"e16_s1_TTAATCCCATCATTGG-1",1203,"Pericyte"
"e16_s1_TTACAGGAGAGTTGCG-1",916,"Pericyte"
"e16_s1_TTACAGGCACAGTCAT-1",988,"Fibroblast 1 (Col6a4/Adamdec1)"
"e16_s1_TTACAGGGTACGACAG-1",551,"Smooth muscle"
"e16_s1_TTACAGGTCAAGAGGC-1",595,"Fibroblast 6 (Lepr/Sp5)"
"e16_s1_TTACAGGTCACTAGCA-1",1009,"Proliferative Fibroblast"
"e16_s1_TTACCATAGACTCTTG-1",754,"Smooth muscle"
"e16_s1_TTACCATAGGCTTCCG-1",1150,"Proliferative Smooth muscle"
"e16_s1_TTACCATGTCTACAAC-1",1525,"Fibroblast 2 (Fndc1/Dpt)"
"e16_s1_TTACCATGTCTTCTAT-1",1009,"Smooth muscle"
"e16_s1_TTACCGCAGCCTGCCA-1",678,"Myofibroblast"
"e16_s1_TTACCGCTCATGGAGG-1",146,"Fibroblast 6 (Lepr/Sp5)"
"e16_s1_TTACGCCCAACGGGTA-1",193,"Fibroblast 6 (Lepr/Sp5)"
"e16_s1_TTACGCCGTACTAAGA-1",771,"Smooth muscle"
"e16_s1_TTACGCCGTGCACGCT-1",217,"ICC"
"e16_s1_TTACGCCGTTAAGGAT-1",633,"Fibroblast 6 (Lepr/Sp5)"
"e16_s1_TTACGTTGTCTTTATC-1",672,"Proliferative Smooth muscle"
"e16_s1_TTACGTTTCTGTACAG-1",555,"Fibroblast 4 (Kcnn3)"
"e16_s1_TTACTGTGTTTCGACA-1",942,"ENS"
"e16_s1_TTAGGCAAGACTCTTG-1",1616,"Smooth muscle"
"e16_s1_TTAGGGTAGTATGTAG-1",466,"Proliferative Fibroblast"
"e16_s1_TTAGGGTGTGAGCTCC-1",1538,"Smooth muscle"
"e16_s1_TTAGTCTAGCCTTGAT-1",666,"Smooth muscle"
"e16_s1_TTAGTCTCAGTTGCGC-1",1394,"Fibroblast 4 (Kcnn3)"
"e16_s1_TTAGTCTGTCCGGCAT-1",932,"Fibroblast 2 (Fndc1/Dpt)"
"e16_s1_TTAGTCTTCTAAGGAA-1",1615,"Fibroblast 4 (Kcnn3)"
"e16_s1_TTCAATCTCTTCTGGC-1",1051,"Immune"
"e16_s1_TTCACCGAGGGTTGCA-1",676,"ENS"
"e16_s1_TTCACCGAGTACGAGC-1",244,"Smooth muscle"
"e16_s1_TTCACCGCAGTCAGTT-1",687,"Fibroblast 1 (Col6a4/Adamdec1)"
"e16_s1_TTCACGCAGGTGATCG-1",366,"Fibroblast 1 (Col6a4/Adamdec1)"
"e16_s1_TTCAGGAAGGAAGTGA-1",607,"Fibroblast 6 (Lepr/Sp5)"
"e16_s1_TTCAGGACACCAGTTA-1",1405,"ENS"
"e16_s1_TTCAGGATCGCCATAA-1",762,"Foregut Basal"
"e16_s1_TTCATGTAGGTGCGAT-1",766,"Foregut Basal"
"e16_s1_TTCATGTCATGACAAA-1",206,"Simple Epithelial"
"e16_s1_TTCATGTGTCGCATTA-1",646,"Smooth muscle"
"e16_s1_TTCATGTTCCAGTGCG-1",539,"Smooth muscle"
"e16_s1_TTCATGTTCCGAGCTG-1",224,"Fibroblast 3 (Adam12)"
"e16_s1_TTCCACGGTTGGAGGT-1",460,"Fibroblast 6 (Lepr/Sp5)"
"e16_s1_TTCCGGTGTTAAGCAA-1",1092,"Pericyte"
"e16_s1_TTCCGGTTCCTTCACG-1",921,"Fibroblast 4 (Kcnn3)"
"e16_s1_TTCCGTGCACCAAAGG-1",1517,"Fibroblast 1 (Col6a4/Adamdec1)"
"e16_s1_TTCCGTGCAGGGTTGA-1",846,"Smooth muscle"
"e16_s1_TTCCGTGGTCCCTGAG-1",727,"Proliferative Fibroblast"
"e16_s1_TTCCGTGTCCCACAGG-1",239,"Pericyte"
"e16_s1_TTCCTAAAGTAAACAC-1",862,"Immune"
"e16_s1_TTCCTCTGTTGTCAGT-1",1427,"Fibroblast 2 (Fndc1/Dpt)"
"e16_s1_TTCCTTCGTACGGTTT-1",1447,"Fibroblast 1 (Col6a4/Adamdec1)"
"e16_s1_TTCGCTGAGACCATGG-1",1482,"Fibroblast 5 (Mfap5/Grm3)"
"e16_s1_TTCGCTGCACCGAATT-1",666,"Fibroblast 2 (Fndc1/Dpt)"
"e16_s1_TTCGCTGGTTGCTGAT-1",1178,"Proliferative Fibroblast"
"e16_s1_TTCGCTGTCGAGCACC-1",1366,"Fibroblast 3 (Adam12)"
"e16_s1_TTCGCTGTCGCACTCT-1",303,"Smooth muscle"
"e16_s1_TTCTAACGTTCTCTAT-1",1116,"Simple Epithelial"
"e16_s1_TTCTAACTCCTAGAGT-1",1245,"Fibroblast 3 (Adam12)"
"e16_s1_TTCTAGTAGAGGGTCT-1",525,"Foregut Basal"
"e16_s1_TTCTAGTAGGTCGACA-1",816,"Fibroblast 5 (Mfap5/Grm3)"
"e16_s1_TTCTCTCAGTCATACC-1",371,"Fibroblast 6 (Lepr/Sp5)"
"e16_s1_TTCTGTAAGGGCCAAT-1",938,"Smooth muscle"
"e16_s1_TTCTGTACAAAGGTTA-1",762,"Foregut Basal"
"e16_s1_TTCTGTAGTTAGAAAC-1",1409,"Fibroblast 5 (Mfap5/Grm3)"
"e16_s1_TTCTGTATCGTCCTCA-1",892,"Proliferative Fibroblast"
"e16_s1_TTCTTCCAGGCTTTCA-1",1393,"ENS"
"e16_s1_TTCTTCCCAATAGAGT-1",1023,"Fibroblast 2 (Fndc1/Dpt)"
"e16_s1_TTCTTCCCAGATCCTA-1",428,"Fibroblast 2 (Fndc1/Dpt)"
"e16_s1_TTCTTCCCAGGCTTGC-1",193,"Fibroblast 2 (Fndc1/Dpt)"
"e16_s1_TTCTTCCTCAACCTTT-1",948,"Smooth muscle"
"e16_s1_TTCTTCCTCCACGTAA-1",190,"Smooth muscle"
"e16_s1_TTCTTGATCGAAGTGG-1",206,"Simple Epithelial"
"e16_s1_TTGAACGCAACCTATG-1",1048,"Endothelial"
"e16_s1_TTGAACGCACAAAGTA-1",809,"Foregut Basal"
"e16_s1_TTGAACGGTACAGAAT-1",575,"Fibroblast 1 (Col6a4/Adamdec1)"
"e16_s1_TTGAACGGTGGCTGCT-1",366,"Fibroblast 1 (Col6a4/Adamdec1)"
"e16_s1_TTGAACGTCATCACTT-1",1316,"Proliferative Smooth muscle"
"e16_s1_TTGAACGTCTAAGGAA-1",519,"Fibroblast 1 (Col6a4/Adamdec1)"
"e16_s1_TTGACCCAGGCCCAAA-1",1190,"Proliferative Smooth muscle"
"e16_s1_TTGACCCTCCCTATTA-1",607,"Fibroblast 5 (Mfap5/Grm3)"
"e16_s1_TTGACCCTCTAGAACC-1",1624,"ENS"
"e16_s1_TTGAGTGAGTTTGTCG-1",465,"Fibroblast 2 (Fndc1/Dpt)"
"e16_s1_TTGAGTGGTCGGTGTC-1",1128,"Foregut Basal"
"e16_s1_TTGAGTGTCGATGCAT-1",419,"Smooth muscle"
"e16_s1_TTGATGGCACGTAACT-1",826,"Mesothelial"
"e16_s1_TTGATGGCAGTTAGGG-1",509,"Proliferative Fibroblast"
"e16_s1_TTGATGGTCCGTGGTG-1",595,"Proliferative Fibroblast"
"e16_s1_TTGCATTAGAAGTATC-1",969,"Smooth muscle"
"e16_s1_TTGCATTAGCGTCAGA-1",1402,"Fibroblast 3 (Adam12)"
"e16_s1_TTGCATTGTGAACTAA-1",260,"Fibroblast 5 (Mfap5/Grm3)"
"e16_s1_TTGCATTTCTGAACGT-1",320,"Fibroblast 1 (Col6a4/Adamdec1)"
"e16_s1_TTGCCTGCAACGATCT-1",664,"Fibroblast 1 (Col6a4/Adamdec1)"
"e16_s1_TTGCCTGCAGTAGTTC-1",1525,"Fibroblast 2 (Fndc1/Dpt)"
"e16_s1_TTGCCTGCATCTAGAC-1",335,"Fibroblast 4 (Kcnn3)"
"e16_s1_TTGCCTGGTCGAATGG-1",1633,"Fibroblast 6 (Lepr/Sp5)"
"e16_s1_TTGCCTGTCAAATGCC-1",355,"Fibroblast 3 (Adam12)"
"e16_s1_TTGCGTCAGAAATCCA-1",465,"Fibroblast 6 (Lepr/Sp5)"
"e16_s1_TTGCGTCCAACCCTCT-1",546,"Proliferative Fibroblast"
"e16_s1_TTGCGTCCATTATGCG-1",1616,"Fibroblast 5 (Mfap5/Grm3)"
"e16_s1_TTGCGTCGTCACTCTC-1",1608,"Simple Epithelial"
"e16_s1_TTGCGTCTCGGTGAAG-1",751,"Endothelial"
"e16_s1_TTGCTGCTCGGTTGTA-1",794,"Endothelial"
"e16_s1_TTGGATGAGAATGTTG-1",1344,"Foregut Basal"
"e16_s1_TTGGATGGTCAATCTG-1",817,"Fibroblast 5 (Mfap5/Grm3)"
"e16_s1_TTGGATGGTGTAAATG-1",533,"Fibroblast 1 (Col6a4/Adamdec1)"
"e16_s1_TTGGATGGTTCCACGG-1",821,"Fibroblast 3 (Adam12)"
"e16_s1_TTGGGATAGTCTAGAA-1",1206,"ENS"
"e16_s1_TTGGGATGTGTCGATT-1",364,"Fibroblast 3 (Adam12)"
"e16_s1_TTGGGATTCCTTCTAA-1",374,"Fibroblast 2 (Fndc1/Dpt)"
"e16_s1_TTGGGCGAGCAGTCTT-1",750,"Foregut Basal"
"e16_s1_TTGGGCGAGGGATCAC-1",742,"ICC"
"e16_s1_TTGGGCGCAAAGAACT-1",487,"Fibroblast 1 (Col6a4/Adamdec1)"
"e16_s1_TTGGGCGCACGCCACA-1",665,"Smooth muscle"
"e16_s1_TTGGGTAAGGGCAGAG-1",1616,"Fibroblast 2 (Fndc1/Dpt)"
"e16_s1_TTGGGTAAGGTAAGAG-1",1206,"ENS"
"e16_s1_TTGGTTTCATACAGAA-1",511,"Proliferative Smooth muscle"
"e16_s1_TTGTGGAGTGCAAGAC-1",1168,"Proliferative Fibroblast"
"e16_s1_TTGTGTTCAGGGAATC-1",1304,"Proliferative Fibroblast"
"e16_s1_TTGTGTTCATAGGTAA-1",562,"Simple Epithelial"
"e16_s1_TTGTGTTGTCGTATTG-1",607,"Fibroblast 2 (Fndc1/Dpt)"
"e16_s1_TTGTGTTGTGACCGAA-1",1245,"Smooth muscle"
"e16_s1_TTGTGTTTCGACCTAA-1",1074,"Fibroblast 3 (Adam12)"
"e16_s1_TTGTGTTTCGCGTGAC-1",409,"ICC"
"e16_s1_TTGTTCATCTGCTAGA-1",1353,"Proliferative Smooth muscle"
"e16_s1_TTGTTGTCATCAGTGT-1",1500,"Fibroblast 4 (Kcnn3)"
"e16_s1_TTGTTTGCAAATTGGA-1",687,"Fibroblast 3 (Adam12)"
"e16_s1_TTGTTTGGTAGTCGTT-1",466,"Fibroblast 2 (Fndc1/Dpt)"
"e16_s1_TTTACGTGTGCGCTCA-1",1300,"Proliferative Fibroblast"
"e16_s1_TTTACTGCATAACGGG-1",562,"Simple Epithelial"
"e16_s1_TTTAGTCAGCGTATGG-1",1069,"ENS"
"e16_s1_TTTAGTCTCGGTCGGT-1",390,"Pericyte"
"e16_s1_TTTATGCCACGGGTAA-1",904,"Fibroblast 1 (Col6a4/Adamdec1)"
"e16_s1_TTTATGCCAGAGGACT-1",1219,"Fibroblast 1 (Col6a4/Adamdec1)"
"e16_s1_TTTATGCCAGTGACCC-1",678,"Fibroblast 5 (Mfap5/Grm3)"
"e16_s1_TTTATGCTCAACCTCC-1",624,"Fibroblast 2 (Fndc1/Dpt)"
"e16_s1_TTTCAGTAGAGTTGCG-1",525,"Foregut Basal"
"e16_s1_TTTCAGTCACAGTCGC-1",1243,"Smooth muscle"
"e16_s1_TTTCAGTCAGCAGTCC-1",398,"Fibroblast 5 (Mfap5/Grm3)"
"e16_s1_TTTCAGTGTATCGTGT-1",1494,"Fibroblast 6 (Lepr/Sp5)"
"e16_s1_TTTCAGTTCAGGGTAG-1",1234,"Fibroblast 4 (Kcnn3)"
"e16_s1_TTTCAGTTCGGATTAC-1",1144,"Simple Epithelial"
"e16_s1_TTTCATGAGACCAAAT-1",257,"Fibroblast 6 (Lepr/Sp5)"
"e16_s1_TTTCATGAGTAATACG-1",1358,"Fibroblast 1 (Col6a4/Adamdec1)"
"e16_s1_TTTCATGCATTACGGT-1",921,"Proliferative Fibroblast"
"e16_s1_TTTCATGTCCACAAGT-1",550,"Foregut Basal"
"e16_s1_TTTCCTCCACTATCGA-1",755,"Fibroblast 5 (Mfap5/Grm3)"
"e16_s1_TTTCCTCTCCCAGGAC-1",624,"Proliferative Fibroblast"
"e16_s1_TTTCCTCTCGACGCGT-1",166,"Foregut Basal"
"e16_s1_TTTCCTCTCTCCGAGG-1",1600,"Fibroblast 2 (Fndc1/Dpt)"
"e16_s1_TTTCGATAGTCCTACA-1",1329,"Fibroblast 3 (Adam12)"
"e16_s1_TTTCGATCAGGTCCCA-1",592,"ENS"
"e16_s1_TTTCGATGTGTCGCTG-1",197,"Proliferative Fibroblast"
"e16_s1_TTTGACTCACACTTAG-1",1206,"ENS"
"e16_s1_TTTGATCAGCCAAGCA-1",619,"Smooth muscle"
"e16_s1_TTTGATCCATCACAGT-1",1120,"Fibroblast 4 (Kcnn3)"
"e16_s1_TTTGATCTCCGCTGTT-1",1178,"Fibroblast 6 (Lepr/Sp5)"
"e16_s1_TTTGGAGGTTTAGAGA-1",371,"Fibroblast 2 (Fndc1/Dpt)"
"e16_s1_TTTGGAGTCCCTCATG-1",217,"Fibroblast 2 (Fndc1/Dpt)"
"e16_s1_TTTGGAGTCCGTGGTG-1",377,"Smooth muscle"
"e16_s1_TTTGGTTCAGTTTCAG-1",1553,"Fibroblast 3 (Adam12)"
"e16_s1_TTTGGTTTCCGTGACG-1",1359,"Myofibroblast"
"e16_s1_TTTGTTGCAGAACTTC-1",998,"Fibroblast 2 (Fndc1/Dpt)"
"e16_i1_AAAGAACTCCGCTAGG-1",450,"Pericyte"
"e16_i1_AAAGGATCAGCTCCTT-1",876,"Smooth muscle"
"e16_i1_AAAGGGCGTTTACCAG-1",1289,"Fibroblast 2 (Fndc1/Dpt)"
"e16_i1_AAAGGTAAGAGTGTTA-1",1613,"Smooth muscle"
"e16_i1_AAAGTCCTCCCTTTGG-1",277,"ENS"
"e16_i1_AAAGTGAGTTGCTAGT-1",439,"Immune"
"e16_i1_AAATGGATCTCAATCT-1",899,"Pericyte"
"e16_i1_AACAAAGAGGAAGTGA-1",1067,"Fibroblast 1 (Col6a4/Adamdec1)"
"e16_i1_AACAACCAGGTAGATT-1",899,"Fibroblast 4 (Kcnn3)"
"e16_i1_AACAACCCAGCTATTG-1",1174,"Proliferative Smooth muscle"
"e16_i1_AACACACTCCTGGCTT-1",1446,"Pericyte"
"e16_i1_AACCATGCATTGAGGG-1",442,"Smooth muscle"
"e16_i1_AACCTTTTCGATACAC-1",962,"Fibroblast 1 (Col6a4/Adamdec1)"
"e16_i1_AACGGGACACGCTGTG-1",823,"Simple Epithelial"
"e16_i1_AACGGGAGTTCGTGCG-1",261,"Fibroblast 1 (Col6a4/Adamdec1)"
"e16_i1_AACGTCAGTATAATGG-1",737,"Proliferative Fibroblast"
"e16_i1_AACTTCTTCGACGATT-1",1407,"Simple Epithelial"
"e16_i1_AAGAACAAGCTGGCTC-1",482,"Proliferative Fibroblast"
"e16_i1_AAGAACAAGTTTGTCG-1",1573,"Mesothelial"
"e16_i1_AAGACAACAAACGAGC-1",448,"Fibroblast 1 (Col6a4/Adamdec1)"
"e16_i1_AAGACAATCATGCGGC-1",580,"Fibroblast 1 (Col6a4/Adamdec1)"
"e16_i1_AAGACAATCCTGGGTG-1",1509,"Smooth muscle"
"e16_i1_AAGATAGGTAGTCCTA-1",1370,"Fibroblast 2 (Fndc1/Dpt)"
"e16_i1_AAGCATCAGGACGCAT-1",907,"Fibroblast 1 (Col6a4/Adamdec1)"
"e16_i1_AAGCATCTCCCATTTA-1",1568,"Smooth muscle"
"e16_i1_AAGCGAGCATCAGCGC-1",1265,"Endothelial"
"e16_i1_AAGCGTTCAAGCTGCC-1",1253,"Fibroblast 1 (Col6a4/Adamdec1)"
"e16_i1_AAGGAATAGGAGCTGT-1",867,"Proliferative Smooth muscle"
"e16_i1_AAGGAATAGGGCTTCC-1",899,"Proliferative Smooth muscle"
"e16_i1_AAGGAATTCTGGTTGA-1",1356,"Fibroblast 1 (Col6a4/Adamdec1)"
"e16_i1_AAGGTAACAATTGCTG-1",1573,"Smooth muscle"
"e16_i1_AAGGTAACATCCTTGC-1",401,"Fibroblast 2 (Fndc1/Dpt)"
"e16_i1_AAGTACCGTCTACGTA-1",682,"Fibroblast 2 (Fndc1/Dpt)"
"e16_i1_AAGTCGTCATTGCCGG-1",1193,"Fibroblast 3 (Adam12)"
"e16_i1_AAGTTCGTCGTGAGAG-1",1576,"Endothelial"
"e16_i1_AATAGAGTCAGGACGA-1",536,"Fibroblast 3 (Adam12)"
"e16_i1_AATCACGTCGAAGGAC-1",1388,"Simple Epithelial"
"e16_i1_AATCGACTCGACGTCG-1",695,"Myofibroblast"
"e16_i1_AATCGTGTCAAGCTTG-1",691,"Proliferative Smooth muscle"
"e16_i1_AATGAAGCACTCCTTG-1",541,"Fibroblast 1 (Col6a4/Adamdec1)"
"e16_i1_AATGACCGTCACTACA-1",867,"Pericyte"
"e16_i1_AATGACCTCGCTGACG-1",448,"Fibroblast 2 (Fndc1/Dpt)"
"e16_i1_ACAAAGAGTTCGTACA-1",807,"Immune"
"e16_i1_ACACAGTAGTCAATCC-1",1253,"Fibroblast 1 (Col6a4/Adamdec1)"
"e16_i1_ACACCAAGTCATCTAG-1",1555,"Fibroblast 2 (Fndc1/Dpt)"
"e16_i1_ACACCAATCCGCTGTT-1",253,"Immune"
"e16_i1_ACACGCGCAGGTCAGA-1",1573,"Proliferative Fibroblast"
"e16_i1_ACAGCCGAGTTGGACG-1",1568,"Myofibroblast"
"e16_i1_ACAGGGACAAACGTGG-1",1050,"Fibroblast 3 (Adam12)"
"e16_i1_ACATCGATCGCAACAT-1",960,"Fibroblast 3 (Adam12)"
"e16_i1_ACATTTCAGGAGATAG-1",450,"Fibroblast 1 (Col6a4/Adamdec1)"
"e16_i1_ACCAAACCATAACTCG-1",1536,"ICC"
"e16_i1_ACCAAACCATAGGTAA-1",1556,"Myofibroblast"
"e16_i1_ACCAAACGTATCAGCT-1",901,"Fibroblast 1 (Col6a4/Adamdec1)"
"e16_i1_ACCACAACACTCTAGA-1",987,"Proliferative Fibroblast"
"e16_i1_ACCCTCACATCGATAC-1",1518,"Fibroblast 1 (Col6a4/Adamdec1)"
"e16_i1_ACCGTTCAGAGTCACG-1",388,"Smooth muscle"
"e16_i1_ACCGTTCAGCTGGCTC-1",1493,"Fibroblast 1 (Col6a4/Adamdec1)"
"e16_i1_ACCGTTCCAATCTCTT-1",286,"Smooth muscle"
"e16_i1_ACCGTTCCACTGAGGA-1",1175,"Myofibroblast"
"e16_i1_ACCTACCAGCATGAAT-1",404,"Fibroblast 1 (Col6a4/Adamdec1)"
"e16_i1_ACCTACCTCGTAACAC-1",973,"Smooth muscle"
"e16_i1_ACCTGAAGTACGTAGG-1",951,"Fibroblast 1 (Col6a4/Adamdec1)"
"e16_i1_ACCTGTCCAATGTCAC-1",772,"Fibroblast 2 (Fndc1/Dpt)"
"e16_i1_ACGGGTCAGTTGCTGT-1",204,"ENS"
"e16_i1_ACGGTCGGTCTCACGG-1",1396,"Fibroblast 1 (Col6a4/Adamdec1)"
"e16_i1_ACGTAACAGGTGCATG-1",277,"ENS"
"e16_i1_ACGTAACCACATAACC-1",1562,"Fibroblast 2 (Fndc1/Dpt)"
"e16_i1_ACGTAGTCATAAGATG-1",1440,"Fibroblast 2 (Fndc1/Dpt)"
"e16_i1_ACGTAGTGTAGTCTTG-1",1058,"Smooth muscle"
"e16_i1_ACTACGAGTACTCGCG-1",1417,"ENS"
"e16_i1_ACTATCTCAGTTAGAA-1",449,"Smooth muscle"
"e16_i1_ACTATCTGTGTCTTGA-1",848,"Simple Epithelial"
"e16_i1_ACTATGGGTCCGGCAT-1",440,"Immune"
"e16_i1_ACTATTCTCTGCAGCG-1",388,"Proliferative Smooth muscle"
"e16_i1_ACTGTCCTCATACGAC-1",388,"Pericyte"
"e16_i1_ACTTAGGAGCCATGCC-1",1549,"Fibroblast 2 (Fndc1/Dpt)"
"e16_i1_ACTTCCGCAGTCAGTT-1",401,"Fibroblast 1 (Col6a4/Adamdec1)"
"e16_i1_ACTTTCACACAGCATT-1",359,"Pericyte"
"e16_i1_ACTTTGTAGCTAGAAT-1",1556,"Proliferative Smooth muscle"
"e16_i1_AGAACAACAAGGTTGG-1",1016,"Simple Epithelial"
"e16_i1_AGAACCTAGTGCGTCC-1",907,"Myofibroblast"
"e16_i1_AGAAGCGCAAGCAATA-1",300,"Endothelial"
"e16_i1_AGAAGTAAGGGCGAGA-1",951,"Fibroblast 1 (Col6a4/Adamdec1)"
"e16_i1_AGACACTAGCTGGAGT-1",1146,"Smooth muscle"
"e16_i1_AGACAGGAGTCACAGG-1",1290,"Smooth muscle"
"e16_i1_AGACAGGTCTATCGCC-1",376,"Endothelial"
"e16_i1_AGACCCGGTATGCTTG-1",1051,"Immune"
"e16_i1_AGAGAATCAAATGCTC-1",741,"ENS"
"e16_i1_AGAGAGCAGCTAGTTC-1",1217,"Proliferative Fibroblast"
"e16_i1_AGAGAGCCAAACGGCA-1",309,"Fibroblast 1 (Col6a4/Adamdec1)"
"e16_i1_AGAGCCCAGAGTCTTC-1",1573,"ICC"
"e16_i1_AGATGAAAGTGTAGAT-1",286,"Proliferative Smooth muscle"
"e16_i1_AGCCAATTCTGCTAGA-1",536,"Proliferative Fibroblast"
"e16_i1_AGCGATTCAGTCAGAG-1",1183,"Proliferative Fibroblast"
"e16_i1_AGCGCCAAGGTGCCTC-1",796,"Proliferative Fibroblast"
"e16_i1_AGCTACAGTACAATAG-1",1573,"Fibroblast 1 (Col6a4/Adamdec1)"
"e16_i1_AGCTCAAAGCTCTTCC-1",450,"Fibroblast 4 (Kcnn3)"
"e16_i1_AGCTTCCAGACCGTTT-1",579,"Proliferative Fibroblast"
"e16_i1_AGGAAATCAAATACGA-1",973,"Fibroblast 2 (Fndc1/Dpt)"
"e16_i1_AGGACGAAGGTAAGAG-1",1201,"Proliferative Smooth muscle"
"e16_i1_AGGCATTCAGTAGTGG-1",1568,"Smooth muscle"
"e16_i1_AGGCCACGTCCTTGTC-1",874,"Fibroblast 1 (Col6a4/Adamdec1)"
"e16_i1_AGGCCACGTGTTTACG-1",695,"Fibroblast 3 (Adam12)"
"e16_i1_AGGCCACTCTATACTC-1",962,"Fibroblast 1 (Col6a4/Adamdec1)"
"e16_i1_AGGCTGCAGCACACAG-1",1188,"Simple Epithelial"
"e16_i1_AGGCTGCTCTGCGAGC-1",691,"Proliferative Smooth muscle"
"e16_i1_AGGGAGTAGTACAGAT-1",1076,"Smooth muscle"
"e16_i1_AGGGTCCGTATGGAGC-1",369,"Fibroblast 1 (Col6a4/Adamdec1)"
"e16_i1_AGGGTTTCAAATACGA-1",1059,"Smooth muscle"
"e16_i1_AGGTCATAGATTCGCT-1",1202,"Fibroblast 2 (Fndc1/Dpt)"
"e16_i1_AGGTCATGTGCAAGAC-1",1383,"Simple Epithelial"
"e16_i1_AGGTCTACAAATCGGG-1",1109,"Smooth muscle"
"e16_i1_AGGTCTATCGATGCAT-1",629,"Fibroblast 1 (Col6a4/Adamdec1)"
"e16_i1_AGGTGTTCACGCTGCA-1",401,"Fibroblast 1 (Col6a4/Adamdec1)"
"e16_i1_AGGTTACTCGGCATCG-1",987,"Fibroblast 1 (Col6a4/Adamdec1)"
"e16_i1_AGTAGCTAGTTAACGA-1",536,"Proliferative Fibroblast"
"e16_i1_AGTAGCTTCCAATCTT-1",876,"Fibroblast 3 (Adam12)"
"e16_i1_AGTAGCTTCTGAGATC-1",1289,"Proliferative Smooth muscle"
"e16_i1_AGTCAACAGATTTGCC-1",1146,"Fibroblast 2 (Fndc1/Dpt)"
"e16_i1_AGTCAACCAGAGTGAC-1",334,"Pericyte"
"e16_i1_AGTCAACCATCAGTCA-1",1562,"Fibroblast 4 (Kcnn3)"
"e16_i1_AGTCATGCACCTATCC-1",874,"Pericyte"
"e16_i1_AGTCTCCAGGATTTCC-1",537,"Fibroblast 2 (Fndc1/Dpt)"
"e16_i1_AGTGCCGAGATTACCC-1",1193,"Fibroblast 2 (Fndc1/Dpt)"
"e16_i1_AGTGTTGGTAGACGGT-1",970,"Fibroblast 2 (Fndc1/Dpt)"
"e16_i1_AGTTCGAGTTCCACAA-1",1518,"Proliferative Fibroblast"
"e16_i1_AGTTCGATCAGGGTAG-1",450,"Fibroblast 1 (Col6a4/Adamdec1)"
"e16_i1_AGTTCGATCCGCGGAT-1",713,"Fibroblast 2 (Fndc1/Dpt)"
"e16_i1_ATACCGACAGGCGTTC-1",559,"Smooth muscle"
"e16_i1_ATATCCTTCGTCCTTG-1",1342,"Proliferative Fibroblast"
"e16_i1_ATCACAGGTGTCGCTG-1",482,"Proliferative Fibroblast"
"e16_i1_ATCACGAAGTTTGTCG-1",185,"Proliferative Fibroblast"
"e16_i1_ATCACTTGTAGCGTTT-1",962,"Fibroblast 1 (Col6a4/Adamdec1)"
"e16_i1_ATCAGGTGTGAGAGGG-1",874,"Fibroblast 2 (Fndc1/Dpt)"
"e16_i1_ATCCATTCACTAAACC-1",1579,"Proliferative Smooth muscle"
"e16_i1_ATCCCTGGTCCACTCT-1",442,"Fibroblast 1 (Col6a4/Adamdec1)"
"e16_i1_ATCCGTCTCCCGAATA-1",1323,"Proliferative Smooth muscle"
"e16_i1_ATCCGTCTCTTCGTAT-1",963,"Fibroblast 2 (Fndc1/Dpt)"
"e16_i1_ATCGATGCACACGGAA-1",530,"Fibroblast 2 (Fndc1/Dpt)"
"e16_i1_ATCGCCTCAAGTGGTG-1",876,"Endothelial"
"e16_i1_ATCGTAGCATCAGTCA-1",1207,"Fibroblast 4 (Kcnn3)"
"e16_i1_ATCGTGACAAAGCAAT-1",1568,"Endothelial"
"e16_i1_ATCTCTAGTGACATCT-1",1058,"Fibroblast 2 (Fndc1/Dpt)"
"e16_i1_ATGACCACATCGCTCT-1",899,"Fibroblast 1 (Col6a4/Adamdec1)"
"e16_i1_ATGAGTCAGGAGTATT-1",1119,"Smooth muscle"
"e16_i1_ATGATCGTCAAGATAG-1",282,"Smooth muscle"
"e16_i1_ATGCCTCAGCATTTGC-1",899,"Fibroblast 1 (Col6a4/Adamdec1)"
"e16_i1_ATGCCTCGTATGTCTG-1",185,"Proliferative Fibroblast"
"e16_i1_ATGCGATGTAGGGAGG-1",579,"Smooth muscle"
"e16_i1_ATGGATCTCTGACGCG-1",1089,"Proliferative Fibroblast"
"e16_i1_ATGGTTGCACTCAGAT-1",1493,"Smooth muscle"
"e16_i1_ATGGTTGTCAAGGACG-1",261,"Smooth muscle"
"e16_i1_ATGTCTTGTACTAGCT-1",914,"Proliferative Fibroblast"
"e16_i1_ATTACCTGTGACAGCA-1",541,"Fibroblast 1 (Col6a4/Adamdec1)"
"e16_i1_ATTACCTTCTCGCTCA-1",1613,"Fibroblast 1 (Col6a4/Adamdec1)"
"e16_i1_ATTACTCCATCTAACG-1",783,"Immune"
"e16_i1_ATTATCCGTGTCTAAC-1",453,"Proliferative Fibroblast"
"e16_i1_ATTCAGGAGACTCCGC-1",1216,"Proliferative Fibroblast"
"e16_i1_ATTCGTTTCTTGTGCC-1",661,"Myofibroblast"
"e16_i1_ATTCTTGAGACCCGCT-1",1193,"Fibroblast 1 (Col6a4/Adamdec1)"
"e16_i1_ATTCTTGCATCTTCGC-1",481,"Immune"
"e16_i1_ATTTACCTCTTACGGA-1",285,"Smooth muscle"
"e16_i1_CAAAGAAAGTGAATAC-1",796,"Proliferative Fibroblast"
"e16_i1_CAACAACAGTTGCGAG-1",1518,"Fibroblast 2 (Fndc1/Dpt)"
"e16_i1_CAACAGTCACTGCACG-1",1226,"Proliferative Fibroblast"
"e16_i1_CAACAGTTCGAGCCAC-1",536,"Fibroblast 1 (Col6a4/Adamdec1)"
"e16_i1_CAACCAAAGCCTCTGG-1",1428,"Pericyte"
"e16_i1_CAACGATAGTGTGTTC-1",282,"Proliferative Smooth muscle"
"e16_i1_CAACGGCGTATTCCGA-1",1518,"Fibroblast 1 (Col6a4/Adamdec1)"
"e16_i1_CAAGAGGGTAGCCAGA-1",1518,"Fibroblast 1 (Col6a4/Adamdec1)"
"e16_i1_CAAGCTAGTACACGTT-1",1439,"Fibroblast 2 (Fndc1/Dpt)"
"e16_i1_CAATACGGTAAGGTCG-1",1493,"Smooth muscle"
"e16_i1_CAATACGGTAGGACTG-1",580,"Proliferative Fibroblast"
"e16_i1_CAATACGGTGGAACAC-1",962,"Proliferative Fibroblast"
"e16_i1_CAATGACAGGTGCAGT-1",1552,"Proliferative Smooth muscle"
"e16_i1_CAATGACGTGGTCCCA-1",722,"Fibroblast 2 (Fndc1/Dpt)"
"e16_i1_CAATGACTCCGCTTAC-1",1604,"Fibroblast 3 (Adam12)"
"e16_i1_CAATTTCAGGGATCGT-1",1050,"Fibroblast 3 (Adam12)"
"e16_i1_CACAACAAGCTAAACA-1",388,"Proliferative Fibroblast"
"e16_i1_CACAACATCCAAGCCG-1",1493,"Fibroblast 1 (Col6a4/Adamdec1)"
"e16_i1_CACACAATCCGCTAGG-1",1556,"Pericyte"
"e16_i1_CACAGATCATGAGTAA-1",375,"Mesothelial"
"e16_i1_CACAGATGTCGGCTAC-1",1370,"Fibroblast 2 (Fndc1/Dpt)"
"e16_i1_CACGTGGTCTTCTTCC-1",1364,"ENS"
"e16_i1_CACGTTCAGCGTGCTC-1",1155,"Fibroblast 3 (Adam12)"
"e16_i1_CACTGTCCAAAGGCGT-1",613,"Fibroblast 2 (Fndc1/Dpt)"
"e16_i1_CACTGTCTCGAGCCAC-1",1563,"Pericyte"
"e16_i1_CAGAGCCTCGACCTAA-1",883,"Fibroblast 2 (Fndc1/Dpt)"
"e16_i1_CAGCAATAGCGCGTTC-1",733,"Endothelial"
"e16_i1_CAGCACGCACGACGTC-1",375,"Smooth muscle"
"e16_i1_CAGCACGGTTATGACC-1",1563,"Fibroblast 1 (Col6a4/Adamdec1)"
"e16_i1_CAGCCAGTCTCGCTTG-1",876,"ICC"
"e16_i1_CAGCGTGAGGTCGTCC-1",1335,"Immune"
"e16_i1_CAGCGTGCATACAGGG-1",1067,"Pericyte"
"e16_i1_CAGCGTGGTAGGCAAC-1",1524,"Smooth muscle"
"e16_i1_CAGTTAGAGGGCAACT-1",907,"Fibroblast 2 (Fndc1/Dpt)"
"e16_i1_CAGTTAGGTTCGAACT-1",1119,"Proliferative Fibroblast"
"e16_i1_CAGTTAGTCGGCACTG-1",876,"Fibroblast 1 (Col6a4/Adamdec1)"
"e16_i1_CATACTTCAGCTATAC-1",1146,"Fibroblast 3 (Adam12)"
"e16_i1_CATACTTCAGGTGTGA-1",717,"Fibroblast 1 (Col6a4/Adamdec1)"
"e16_i1_CATCAAGAGGTGCATG-1",1342,"Proliferative Smooth muscle"
"e16_i1_CATCCACTCATTCTTG-1",1446,"Fibroblast 3 (Adam12)"
"e16_i1_CATCCCAGTAGATTAG-1",717,"Fibroblast 1 (Col6a4/Adamdec1)"
"e16_i1_CATCCGTTCGCGCCAA-1",1175,"Myofibroblast"
"e16_i1_CATGCAAAGTAGGAAG-1",1253,"Proliferative Fibroblast"
"e16_i1_CATGCAAAGTTTCGAC-1",1059,"Endothelial"
"e16_i1_CATGCCTGTGACATCT-1",1370,"Smooth muscle"
"e16_i1_CATGCGGAGGTAAGAG-1",679,"Fibroblast 2 (Fndc1/Dpt)"
"e16_i1_CATGGATCAACCACGC-1",1226,"Proliferative Smooth muscle"
"e16_i1_CATTCATGTACCTAGT-1",587,"Pericyte"
"e16_i1_CATTCCGAGGGAGATA-1",1016,"Simple Epithelial"
"e16_i1_CATTCCGGTTCCTAGA-1",334,"ICC"
"e16_i1_CATTGCCCAAGTGCAG-1",667,"Fibroblast 4 (Kcnn3)"
"e16_i1_CATTGCCCAGGTTTAC-1",963,"Proliferative Fibroblast"
"e16_i1_CATTTCATCGTTATCT-1",300,"Endothelial"
"e16_i1_CCAAGCGAGCGACAGT-1",1446,"Proliferative Smooth muscle"
"e16_i1_CCAATGAAGTTACGGG-1",405,"Smooth muscle"
"e16_i1_CCAATGACACTCAAGT-1",661,"Smooth muscle"
"e16_i1_CCACACTCACGCTGCA-1",962,"Proliferative Fibroblast"
"e16_i1_CCACGAGCATATCGGT-1",300,"Endothelial"
"e16_i1_CCACGTTTCGGAGTAG-1",536,"Proliferative Smooth muscle"
"e16_i1_CCACTTGCAACGCCCA-1",1290,"Fibroblast 2 (Fndc1/Dpt)"
"e16_i1_CCATAAGCACTTGGGC-1",701,"Fibroblast 1 (Col6a4/Adamdec1)"
"e16_i1_CCATCACAGTGTGTTC-1",559,"Proliferative Fibroblast"
"e16_i1_CCCAACTAGAGTATAC-1",876,"Fibroblast 1 (Col6a4/Adamdec1)"
"e16_i1_CCCATTGGTTCCGCGA-1",1076,"Fibroblast 2 (Fndc1/Dpt)"
"e16_i1_CCCTAACTCAAGTCGT-1",185,"Fibroblast 2 (Fndc1/Dpt)"
"e16_i1_CCCTCAATCTAGCCAA-1",1417,"ENS"
"e16_i1_CCGAACGAGTTGGCTT-1",926,"Proliferative Fibroblast"
"e16_i1_CCGATGGAGCGCTGCT-1",1573,"Proliferative Fibroblast"
"e16_i1_CCGATGGGTTGCACGC-1",823,"Simple Epithelial"
"e16_i1_CCGGTGACAATAAGGT-1",1562,"Fibroblast 1 (Col6a4/Adamdec1)"
"e16_i1_CCGGTGATCACTACTT-1",1370,"Proliferative Fibroblast"
"e16_i1_CCGGTGATCTGAATCG-1",1216,"Proliferative Fibroblast"
"e16_i1_CCGTGAGAGAGCCATG-1",482,"Proliferative Fibroblast"
"e16_i1_CCGTGAGCATCCGATA-1",970,"Smooth muscle"
"e16_i1_CCTAACCTCCCGAGTG-1",1196,"Fibroblast 2 (Fndc1/Dpt)"
"e16_i1_CCTAAGAAGAAGTCCG-1",536,"Proliferative Fibroblast"
"e16_i1_CCTAAGATCTACTGAG-1",1067,"Proliferative Fibroblast"
"e16_i1_CCTCAACGTTGACTGT-1",1568,"Proliferative Fibroblast"
"e16_i1_CCTCACAAGCAGTAAT-1",359,"Proliferative Fibroblast"
"e16_i1_CCTCAGTGTGCCCACA-1",277,"ENS"
"e16_i1_CCTCCAAAGAGTTGCG-1",717,"Fibroblast 2 (Fndc1/Dpt)"
"e16_i1_CCTCCTCTCGCATTGA-1",772,"Smooth muscle"
"e16_i1_CCTTCAGTCTGGGCAC-1",1374,"Smooth muscle"
"e16_i1_CGAAGGAGTTAGTTCG-1",1037,"Fibroblast 4 (Kcnn3)"
"e16_i1_CGAAGTTGTCTTACTT-1",1518,"Proliferative Fibroblast"
"e16_i1_CGAGAAGCACCATAAC-1",1396,"Proliferative Smooth muscle"
"e16_i1_CGAGGAAGTTGTAGCT-1",388,"Smooth muscle"
"e16_i1_CGAGGCTGTACAGTTC-1",1356,"Smooth muscle"
"e16_i1_CGAGGCTGTCAGACGA-1",1202,"Fibroblast 1 (Col6a4/Adamdec1)"
"e16_i1_CGAGTGCCACAGTCCG-1",1196,"Smooth muscle"
"e16_i1_CGAGTGCGTTGAGGAC-1",1016,"Simple Epithelial"
"e16_i1_CGATGCGGTGCACATT-1",1602,"Endothelial"
"e16_i1_CGATGCGTCCGGGACT-1",1524,"Pericyte"
"e16_i1_CGCATGGTCGTGTTCC-1",1497,"Myofibroblast"
"e16_i1_CGCATGGTCTGTGCTC-1",1067,"Fibroblast 1 (Col6a4/Adamdec1)"
"e16_i1_CGCCAGAGTAGCTGAG-1",1396,"Fibroblast 4 (Kcnn3)"
"e16_i1_CGCGTGATCTAACGCA-1",1530,"Smooth muscle"
"e16_i1_CGGAATTAGGTGCATG-1",629,"Fibroblast 4 (Kcnn3)"
"e16_i1_CGGAATTCACAAGTTC-1",291,"Fibroblast 1 (Col6a4/Adamdec1)"
"e16_i1_CGGAATTTCATAGAGA-1",899,"Fibroblast 2 (Fndc1/Dpt)"
"e16_i1_CGGAATTTCGATTGAC-1",876,"Fibroblast 2 (Fndc1/Dpt)"
"e16_i1_CGGACACCACGTCATA-1",449,"Smooth muscle"
"e16_i1_CGGACACCAGTCAGAG-1",923,"Smooth muscle"
"e16_i1_CGGAGAATCCCATAAG-1",962,"Fibroblast 3 (Adam12)"
"e16_i1_CGGCAGTGTGACTATC-1",1265,"Endothelial"
"e16_i1_CGGGACTTCAGAGTTC-1",1207,"Smooth muscle"
"e16_i1_CGGGACTTCTTCGTAT-1",1302,"Proliferative Fibroblast"
"e16_i1_CGGGTCAGTATCGCGC-1",405,"Fibroblast 1 (Col6a4/Adamdec1)"
"e16_i1_CGGGTCATCCTCTCGA-1",468,"Simple Epithelial"
"e16_i1_CGGGTGTGTCGAACGA-1",189,"Fibroblast 4 (Kcnn3)"
"e16_i1_CGGTCAGGTGTAGTGG-1",1174,"Pericyte"
"e16_i1_CGTCCATAGTAAGACT-1",1568,"Endothelial"
"e16_i1_CGTCCATTCACCTCAC-1",232,"Fibroblast 3 (Adam12)"
"e16_i1_CGTGAATAGCGTCTCG-1",608,"Fibroblast 2 (Fndc1/Dpt)"
"e16_i1_CGTGCTTTCGATCCCT-1",334,"Fibroblast 3 (Adam12)"
"e16_i1_CGTGTCTGTTAAGCAA-1",733,"Endothelial"
"e16_i1_CGTTGGGGTTTGTTCT-1",613,"Myofibroblast"
"e16_i1_CTAACCCGTCGTTATG-1",1493,"Fibroblast 1 (Col6a4/Adamdec1)"
"e16_i1_CTAAGTGGTTGATCGT-1",404,"ICC"
"e16_i1_CTACAGAAGAAGCCAC-1",439,"Immune"
"e16_i1_CTACAGAGTGGAAATT-1",201,"Fibroblast 1 (Col6a4/Adamdec1)"
"e16_i1_CTACATTAGCCGATTT-1",848,"Simple Epithelial"
"e16_i1_CTACATTCAGGCGTTC-1",468,"Simple Epithelial"
"e16_i1_CTACATTCATCCTATT-1",1573,"Fibroblast 1 (Col6a4/Adamdec1)"
"e16_i1_CTACATTGTTCTGAGT-1",302,"Proliferative Fibroblast"
"e16_i1_CTACGGGCACCATTCC-1",261,"Proliferative Smooth muscle"
"e16_i1_CTATCCGTCCAAGCAT-1",960,"Fibroblast 1 (Col6a4/Adamdec1)"
"e16_i1_CTCAAGATCGTCCATC-1",1573,"Fibroblast 3 (Adam12)"
"e16_i1_CTCAGTCCATGCAGGA-1",1175,"ICC"
"e16_i1_CTCATCGCATGCGTGC-1",354,"Fibroblast 2 (Fndc1/Dpt)"
"e16_i1_CTCATGCGTGCCTAAT-1",354,"Fibroblast 2 (Fndc1/Dpt)"
"e16_i1_CTCATGCTCTTCACGC-1",876,"Fibroblast 4 (Kcnn3)"
"e16_i1_CTCCAACAGGTCACAG-1",907,"Smooth muscle"
"e16_i1_CTCCACAAGCAAGTCG-1",868,"Mesothelial"
"e16_i1_CTCTGGTCAGAATTCC-1",899,"Fibroblast 1 (Col6a4/Adamdec1)"
"e16_i1_CTGAGCGCAATCGCAT-1",185,"Fibroblast 2 (Fndc1/Dpt)"
"e16_i1_CTGAGGCAGCAGAAAG-1",299,"Smooth muscle"
"e16_i1_CTGAGGCAGTGTTCAC-1",285,"Proliferative Fibroblast"
"e16_i1_CTGAGGCTCTACACTT-1",185,"Fibroblast 4 (Kcnn3)"
"e16_i1_CTGCAGGTCATTATCC-1",1555,"Fibroblast 1 (Col6a4/Adamdec1)"
"e16_i1_CTGCAGGTCTCAGGCG-1",774,"Myofibroblast"
"e16_i1_CTGCATCTCACTACGA-1",299,"Smooth muscle"
"e16_i1_CTGCCATCAGACCCGT-1",1214,"Proliferative Smooth muscle"
"e16_i1_CTGCTCACAAGGATGC-1",453,"Fibroblast 2 (Fndc1/Dpt)"
"e16_i1_CTGTACCAGAACCCGA-1",917,"Fibroblast 3 (Adam12)"
"e16_i1_CTGTGAAGTGCTCTTC-1",1175,"Proliferative Smooth muscle"
"e16_i1_CTGTGAATCACAAGAA-1",1417,"ENS"
"e16_i1_CTTAGGACAAACTCTG-1",580,"Pericyte"
"e16_i1_CTTCAATAGCGACTAG-1",874,"Fibroblast 1 (Col6a4/Adamdec1)"
"e16_i1_CTTCTCTCAATTCGTG-1",1556,"Fibroblast 1 (Col6a4/Adamdec1)"
"e16_i1_CTTTCGGTCGCTAAAC-1",1146,"Proliferative Smooth muscle"
"e16_i1_GAAACCTAGAGCAGCT-1",737,"Proliferative Smooth muscle"
"e16_i1_GAAACCTAGCTAAGTA-1",201,"Smooth muscle"
"e16_i1_GAAATGATCCCATACC-1",282,"Fibroblast 4 (Kcnn3)"
"e16_i1_GAACACTTCCGACAGC-1",587,"Fibroblast 1 (Col6a4/Adamdec1)"
"e16_i1_GAACGTTCACCGCTAG-1",987,"Fibroblast 1 (Col6a4/Adamdec1)"
"e16_i1_GAACGTTTCATCGCTC-1",629,"Proliferative Fibroblast"
"e16_i1_GAACTGTGTCATCGCG-1",1602,"Endothelial"
"e16_i1_GAAGAATGTCCACAGC-1",286,"Smooth muscle"
"e16_i1_GAAGTAATCTCGGTAA-1",973,"Proliferative Fibroblast"
"e16_i1_GACCAATGTAGGACCA-1",559,"Smooth muscle"
"e16_i1_GACCAATTCCCGTTGT-1",1493,"Pericyte"
"e16_i1_GACCCTTTCGTTCATT-1",923,"Smooth muscle"
"e16_i1_GACCTTCCATCGCTAA-1",1428,"Pericyte"
"e16_i1_GACCTTCTCCGTGCGA-1",868,"Smooth muscle"
"e16_i1_GACGCTGAGCAAATGT-1",667,"Smooth muscle"
"e16_i1_GACTATGTCAAATGCC-1",1204,"Immune"
"e16_i1_GACTCAAAGCCAACCC-1",899,"Proliferative Fibroblast"
"e16_i1_GACTCAAAGGTACCTT-1",388,"Fibroblast 1 (Col6a4/Adamdec1)"
"e16_i1_GACTGATCAACAAGTA-1",1189,"Endothelial"
"e16_i1_GACTGATCAGTCACGC-1",917,"Endothelial"
"e16_i1_GACTTCCGTACAAACA-1",202,"Proliferative Fibroblast"
"e16_i1_GAGAAATAGTAAGGGA-1",1657,"Smooth muscle"
"e16_i1_GAGACTTTCGAAATCC-1",1579,"Smooth muscle"
"e16_i1_GAGAGGTAGCAACCAG-1",1469,"Fibroblast 2 (Fndc1/Dpt)"
"e16_i1_GAGCCTGAGTTGGAAT-1",1201,"Smooth muscle"
"e16_i1_GAGCCTGGTCGTACAT-1",1428,"Fibroblast 1 (Col6a4/Adamdec1)"
"e16_i1_GAGCTGCAGGATGTTA-1",1058,"Fibroblast 1 (Col6a4/Adamdec1)"
"e16_i1_GAGGCAAGTGAGGAAA-1",261,"Fibroblast 1 (Col6a4/Adamdec1)"
"e16_i1_GAGGCCTGTTATTCTC-1",1446,"Fibroblast 2 (Fndc1/Dpt)"
"e16_i1_GAGGGATAGTCCCAGC-1",695,"Proliferative Fibroblast"
"e16_i1_GAGGGATCAATCAGCT-1",1469,"Smooth muscle"
"e16_i1_GAGTGTTAGGAGTCTG-1",1119,"Fibroblast 4 (Kcnn3)"
"e16_i1_GAGTTACAGTGATAAC-1",907,"Fibroblast 4 (Kcnn3)"
"e16_i1_GAGTTACAGTTCCGTA-1",1510,"Smooth muscle"
"e16_i1_GATAGCTGTTCCCACT-1",202,"Mesothelial"
"e16_i1_GATCACAAGACGACTG-1",548,"Endothelial"
"e16_i1_GATCATGAGTATGTAG-1",989,"Pericyte"
"e16_i1_GATCGTATCTACTTCA-1",450,"Proliferative Fibroblast"
"e16_i1_GATGACTTCAAGTTGC-1",713,"Fibroblast 1 (Col6a4/Adamdec1)"
"e16_i1_GATGATCAGAAGGATG-1",564,"Endothelial"
"e16_i1_GATGCTAGTCCGGATC-1",1497,"Smooth muscle"
"e16_i1_GATGTTGGTACGATGG-1",580,"Pericyte"
"e16_i1_GATGTTGGTGGCCTCA-1",1556,"Smooth muscle"
"e16_i1_GATTCTTCAATTGCAC-1",401,"Fibroblast 3 (Adam12)"
"e16_i1_GCAACATCAAATTGCC-1",232,"Proliferative Fibroblast"
"e16_i1_GCAACCGAGTAGCATA-1",282,"Proliferative Smooth muscle"
"e16_i1_GCAACCGCACTACCCT-1",1109,"Smooth muscle"
"e16_i1_GCAACCGCAGCTGTTA-1",1282,"Fibroblast 1 (Col6a4/Adamdec1)"
"e16_i1_GCACGGTGTCGTCGGT-1",1428,"Fibroblast 4 (Kcnn3)"
"e16_i1_GCACTAAAGGTAGATT-1",209,"Fibroblast 2 (Fndc1/Dpt)"
"e16_i1_GCACTAATCCATTTGT-1",653,"Pericyte"
"e16_i1_GCAGCCAAGACAGCTG-1",369,"Fibroblast 4 (Kcnn3)"
"e16_i1_GCAGCCACACGGTGAA-1",682,"Fibroblast 4 (Kcnn3)"
"e16_i1_GCAGCCACAGAGGCTA-1",1428,"Proliferative Fibroblast"
"e16_i1_GCAGCTGTCTAGCCAA-1",717,"Fibroblast 1 (Col6a4/Adamdec1)"
"e16_i1_GCAGTTAAGATAGCTA-1",661,"Smooth muscle"
"e16_i1_GCAGTTATCGGTCGAC-1",774,"Smooth muscle"
"e16_i1_GCATCGGAGATGGGCT-1",1568,"Endothelial"
"e16_i1_GCATCGGGTCATAGTC-1",388,"Fibroblast 1 (Col6a4/Adamdec1)"
"e16_i1_GCATCTCTCGGCTGGT-1",1264,"Fibroblast 1 (Col6a4/Adamdec1)"
"e16_i1_GCATGATAGTATGTAG-1",1524,"Proliferative Fibroblast"
"e16_i1_GCATGATTCAAACGAA-1",354,"Fibroblast 3 (Adam12)"
"e16_i1_GCCAACGTCCCGGTAG-1",1518,"Fibroblast 2 (Fndc1/Dpt)"
"e16_i1_GCCAGCAGTGCTTATG-1",876,"Endothelial"
"e16_i1_GCCAGGTAGCTGTACT-1",1566,"Fibroblast 1 (Col6a4/Adamdec1)"
"e16_i1_GCCAGGTCAATTCTTC-1",649,"Fibroblast 1 (Col6a4/Adamdec1)"
"e16_i1_GCCAGTGCAGTAGAAT-1",783,"Immune"
"e16_i1_GCCATGGAGTCCTACA-1",796,"Pericyte"
"e16_i1_GCCATTCAGATTAGTG-1",876,"Fibroblast 2 (Fndc1/Dpt)"
"e16_i1_GCCCAGACACAGCCTG-1",1551,"Smooth muscle"
"e16_i1_GCCCAGAGTGATTCTG-1",587,"Fibroblast 2 (Fndc1/Dpt)"
"e16_i1_GCCCGAAGTTCCATTT-1",482,"Fibroblast 1 (Col6a4/Adamdec1)"
"e16_i1_GCCGTGAAGCGCACAA-1",1576,"Endothelial"
"e16_i1_GCGGAAAAGTTGTCAC-1",1551,"Proliferative Smooth muscle"
"e16_i1_GCGTGCACATTGTGCA-1",1232,"Fibroblast 1 (Col6a4/Adamdec1)"
"e16_i1_GCTACAACAAGCTGCC-1",960,"Fibroblast 1 (Col6a4/Adamdec1)"
"e16_i1_GCTCAAAGTGACCGAA-1",1566,"Proliferative Fibroblast"
"e16_i1_GCTGCAGAGGTATTGA-1",649,"Proliferative Fibroblast"
"e16_i1_GCTGCAGCAATCGCGC-1",285,"Fibroblast 1 (Col6a4/Adamdec1)"
"e16_i1_GCTGCAGCATCATGAC-1",790,"Endothelial"
"e16_i1_GCTGGGTTCTCAAAGC-1",772,"Smooth muscle"
"e16_i1_GCTTCACGTTCGGGTC-1",1439,"Smooth muscle"
"e16_i1_GGAACCCAGAGAGCGG-1",564,"Endothelial"
"e16_i1_GGAACCCGTTTGAAAG-1",277,"ENS"
"e16_i1_GGAACCCTCCTTCTTC-1",468,"Simple Epithelial"
"e16_i1_GGAAGTGCACAACGTT-1",189,"Smooth muscle"
"e16_i1_GGACGTCTCGTGCAGC-1",917,"Endothelial"
"e16_i1_GGAGATGTCGAGCCTG-1",1037,"Proliferative Fibroblast"
"e16_i1_GGAGCAACATTCACCC-1",876,"Proliferative Smooth muscle"
"e16_i1_GGAGCAAGTAACCCGC-1",989,"Fibroblast 3 (Adam12)"
"e16_i1_GGAGGATCAGATAAAC-1",1440,"Fibroblast 1 (Col6a4/Adamdec1)"
"e16_i1_GGAGGTAGTCAGGTGA-1",617,"Smooth muscle"
"e16_i1_GGATGTTGTTATCTGG-1",541,"Proliferative Fibroblast"
"e16_i1_GGCGTCATCAAACGAA-1",530,"Fibroblast 3 (Adam12)"
"e16_i1_GGCTTTCCACAGCTTA-1",185,"Fibroblast 1 (Col6a4/Adamdec1)"
"e16_i1_GGCTTTCTCAGCTTGA-1",1253,"Proliferative Fibroblast"
"e16_i1_GGGAAGTTCACTACTT-1",442,"Fibroblast 1 (Col6a4/Adamdec1)"
"e16_i1_GGGACAATCTTGTTAC-1",1175,"Smooth muscle"
"e16_i1_GGGACCTAGTCACGCC-1",922,"Fibroblast 2 (Fndc1/Dpt)"
"e16_i1_GGGATCCAGCTCCATA-1",309,"Pericyte"
"e16_i1_GGGATCCTCACCTTAT-1",1370,"Fibroblast 1 (Col6a4/Adamdec1)"
"e16_i1_GGGATGAAGGTAGATT-1",1568,"Endothelial"
"e16_i1_GGGCCATCATCATTGG-1",1549,"Fibroblast 1 (Col6a4/Adamdec1)"
"e16_i1_GGGCTCATCGCCATAA-1",1439,"Smooth muscle"
"e16_i1_GGGCTCATCTCACGAA-1",536,"ICC"
"e16_i1_GGGTAGATCTAGCCTC-1",1568,"Smooth muscle"
"e16_i1_GGGTATTCAAGACAAT-1",1264,"Pericyte"
"e16_i1_GGGTATTTCCCGAACG-1",1428,"Fibroblast 2 (Fndc1/Dpt)"
"e16_i1_GGGTCTGCAATCGCCG-1",917,"Endothelial"
"e16_i1_GGTAACTCACACCAGC-1",1355,"Pericyte"
"e16_i1_GGTAGAGAGTATAGAC-1",613,"Myofibroblast"
"e16_i1_GGTCTGGAGGGACAGG-1",1657,"Myofibroblast"
"e16_i1_GGTGAAGTCGTAGGGA-1",559,"Smooth muscle"
"e16_i1_GGTGGCTGTTCGGCTG-1",1099,"Fibroblast 1 (Col6a4/Adamdec1)"
"e16_i1_GGTGTCGAGTGTACCT-1",848,"Simple Epithelial"
"e16_i1_GGTTGTACACATTCTT-1",1323,"Proliferative Smooth muscle"
"e16_i1_GGTTGTATCACGGGCT-1",282,"Smooth muscle"
"e16_i1_GTAACACAGGTACAAT-1",1374,"Proliferative Smooth muscle"
"e16_i1_GTAAGTCTCTTCGCTG-1",1340,"Fibroblast 2 (Fndc1/Dpt)"
"e16_i1_GTAATGCGTAAGATTG-1",876,"Fibroblast 3 (Adam12)"
"e16_i1_GTACAACAGCGCTGAA-1",1117,"Smooth muscle"
"e16_i1_GTACAGTGTCTTGCTC-1",922,"Proliferative Fibroblast"
"e16_i1_GTAGAGGCACACCAGC-1",1099,"Fibroblast 2 (Fndc1/Dpt)"
"e16_i1_GTAGGAGTCCGATTAG-1",1216,"Fibroblast 2 (Fndc1/Dpt)"
"e16_i1_GTAGGTTAGGTATAGT-1",942,"ENS"
"e16_i1_GTAGTACTCAGGACAG-1",212,"Proliferative Smooth muscle"
"e16_i1_GTAGTACTCCGCGAGT-1",548,"Endothelial"
"e16_i1_GTATTGGTCTAAGCGT-1",1428,"Pericyte"
"e16_i1_GTCAAGTAGAGTCAGC-1",452,"Myofibroblast"
"e16_i1_GTCACGGCACTTGTCC-1",922,"Smooth muscle"
"e16_i1_GTCACGGTCCGTAGGC-1",1401,"Pericyte"
"e16_i1_GTCATGAAGAGGTCGT-1",1193,"Proliferative Fibroblast"
"e16_i1_GTCATGACACGATTCA-1",608,"Fibroblast 1 (Col6a4/Adamdec1)"
"e16_i1_GTCCACTGTCGAATTC-1",1302,"Fibroblast 1 (Col6a4/Adamdec1)"
"e16_i1_GTCCTCAGTACACGTT-1",261,"Smooth muscle"
"e16_i1_GTCCTCATCAGACAAA-1",899,"Smooth muscle"
"e16_i1_GTCGCGAAGGAAGTAG-1",1568,"Smooth muscle"
"e16_i1_GTCTAGACAACATACC-1",722,"Fibroblast 3 (Adam12)"
"e16_i1_GTCTAGACAGGACAGT-1",791,"Fibroblast 1 (Col6a4/Adamdec1)"
"e16_i1_GTCTCACGTGAGTGAC-1",1509,"Smooth muscle"
"e16_i1_GTCTTTATCACGGTCG-1",1521,"Fibroblast 2 (Fndc1/Dpt)"
"e16_i1_GTGACGCAGGGACCAT-1",947,"Proliferative Fibroblast"
"e16_i1_GTGACGCCATCAGCTA-1",1253,"Pericyte"
"e16_i1_GTGAGCCTCGCCTCTA-1",1518,"Fibroblast 1 (Col6a4/Adamdec1)"
"e16_i1_GTGATGTCATACCAGT-1",593,"Proliferative Fibroblast"
"e16_i1_GTGCACGCAATTCACG-1",1251,"Pericyte"
"e16_i1_GTGCGTGCAGACACAG-1",1302,"Fibroblast 3 (Adam12)"
"e16_i1_GTGCGTGCAGAGTGTG-1",354,"Proliferative Smooth muscle"
"e16_i1_GTGCGTGGTATCAAGA-1",536,"Fibroblast 3 (Adam12)"
"e16_i1_GTGCGTGGTATGAGGC-1",962,"Proliferative Fibroblast"
"e16_i1_GTGCGTGGTCGCACGT-1",1193,"Fibroblast 3 (Adam12)"
"e16_i1_GTGCTTCCACTATGTG-1",277,"ENS"
"e16_i1_GTGCTTCTCATTCGTT-1",914,"Fibroblast 1 (Col6a4/Adamdec1)"
"e16_i1_GTGGAAGTCTCGACCT-1",917,"Fibroblast 3 (Adam12)"
"e16_i1_GTGGAGACATGAAAGT-1",1437,"Fibroblast 2 (Fndc1/Dpt)"
"e16_i1_GTGGAGACATGAATCC-1",530,"Fibroblast 1 (Col6a4/Adamdec1)"
"e16_i1_GTGGCGTAGATGAACT-1",730,"Myofibroblast"
"e16_i1_GTGGGAAGTGGCAACA-1",1058,"Fibroblast 1 (Col6a4/Adamdec1)"
"e16_i1_GTGGTTAAGAGTCTGG-1",369,"Fibroblast 1 (Col6a4/Adamdec1)"
"e16_i1_GTGGTTAGTTTATGCG-1",617,"Fibroblast 1 (Col6a4/Adamdec1)"
"e16_i1_GTGTCCTAGACCCGCT-1",305,"Proliferative Smooth muscle"
"e16_i1_GTGTTAGGTCGCTCGA-1",309,"Fibroblast 1 (Col6a4/Adamdec1)"
"e16_i1_GTGTTAGTCAAACCTG-1",1530,"Fibroblast 1 (Col6a4/Adamdec1)"
"e16_i1_GTGTTCCGTCGACGCT-1",794,"Endothelial"
"e16_i1_GTGTTCCGTGGCTGCT-1",1437,"Smooth muscle"
"e16_i1_GTTACCCTCGGTATGT-1",359,"Proliferative Fibroblast"
"e16_i1_GTTACGAAGCTGTACT-1",201,"Fibroblast 1 (Col6a4/Adamdec1)"
"e16_i1_GTTAGACTCCGTAGTA-1",261,"Smooth muscle"
"e16_i1_GTTAGTGAGAGCATAT-1",452,"Smooth muscle"
"e16_i1_GTTAGTGCAAGTGCAG-1",1556,"Smooth muscle"
"e16_i1_GTTATGGGTTGCCGCA-1",1099,"Proliferative Fibroblast"
"e16_i1_GTTCCGTGTTCTCCCA-1",536,"Fibroblast 3 (Adam12)"
"e16_i1_GTTCCGTTCAGAGTGG-1",1524,"Fibroblast 2 (Fndc1/Dpt)"
"e16_i1_GTTCTATTCCCGGTAG-1",1119,"Myofibroblast"
"e16_i1_GTTCTATTCCGGTAGC-1",922,"Mesothelial"
"e16_i1_GTTCTATTCTGTCCGT-1",876,"Fibroblast 3 (Adam12)"
"e16_i1_GTTGCGGGTTCTTGTT-1",282,"Proliferative Smooth muscle"
"e16_i1_GTTGTAGCATCAACCA-1",876,"Endothelial"
"e16_i1_GTTGTGAGTAATGCTC-1",823,"Simple Epithelial"
"e16_i1_GTTTACTGTCAAAGAT-1",1282,"Smooth muscle"
"e16_i1_GTTTACTTCGTTACCC-1",1355,"Fibroblast 3 (Adam12)"
"e16_i1_TAACCAGCACACAGAG-1",1657,"Fibroblast 4 (Kcnn3)"
"e16_i1_TAACCAGTCCGAGAAG-1",536,"Fibroblast 1 (Col6a4/Adamdec1)"
"e16_i1_TAACGACGTTGCTTGA-1",1302,"Proliferative Smooth muscle"
"e16_i1_TAACGACTCACGAGGA-1",1562,"Pericyte"
"e16_i1_TAACTTCAGCCTCACG-1",1396,"Proliferative Fibroblast"
"e16_i1_TAACTTCAGCCTGAGA-1",876,"Fibroblast 2 (Fndc1/Dpt)"
"e16_i1_TAACTTCCACAGAAGC-1",1342,"Proliferative Fibroblast"
"e16_i1_TAAGCACGTCAAAGAT-1",901,"Fibroblast 1 (Col6a4/Adamdec1)"
"e16_i1_TAAGCCAGTGCATACT-1",1202,"Fibroblast 2 (Fndc1/Dpt)"
"e16_i1_TAAGCCATCTTCCAGC-1",1393,"ENS"
"e16_i1_TAAGCGTAGACTCCGC-1",579,"ICC"
"e16_i1_TAAGTCGAGAATTTGG-1",917,"Endothelial"
"e16_i1_TAAGTCGAGATAACGT-1",185,"Proliferative Fibroblast"
"e16_i1_TAAGTCGGTCAGTTTG-1",272,"Immune"
"e16_i1_TAATCTCTCGACGAGA-1",1524,"Pericyte"
"e16_i1_TACACCCTCAGTGATC-1",907,"Fibroblast 3 (Adam12)"
"e16_i1_TACAGGTCAAATGGCG-1",901,"Proliferative Fibroblast"
"e16_i1_TACCGAATCACTGTCC-1",737,"Proliferative Fibroblast"
"e16_i1_TACCGGGTCTTCGGTC-1",537,"Fibroblast 1 (Col6a4/Adamdec1)"
"e16_i1_TACGGTAGTAGATCCT-1",661,"Myofibroblast"
"e16_i1_TACGGTAGTAGTGGCA-1",334,"Mesothelial"
"e16_i1_TACGGTATCGACACTA-1",530,"Proliferative Fibroblast"
"e16_i1_TACTTCAAGTGAATAC-1",536,"Fibroblast 1 (Col6a4/Adamdec1)"
"e16_i1_TACTTGTGTGTATCCA-1",1218,"Smooth muscle"
"e16_i1_TAGACTGTCGACGACC-1",1493,"Proliferative Fibroblast"
"e16_i1_TAGATCGCACTATCGA-1",608,"Fibroblast 1 (Col6a4/Adamdec1)"
"e16_i1_TAGGAGGAGATTGATG-1",989,"Fibroblast 3 (Adam12)"
"e16_i1_TAGGGTTTCTCCGAAA-1",899,"Proliferative Fibroblast"
"e16_i1_TAGGTACAGTGTACAA-1",962,"Fibroblast 1 (Col6a4/Adamdec1)"
"e16_i1_TAGGTTGGTAGCTGCC-1",1188,"Simple Epithelial"
"e16_i1_TAGTGCAAGCAGCAGT-1",1183,"Fibroblast 1 (Col6a4/Adamdec1)"
"e16_i1_TATATCCTCAGCGCGT-1",1202,"Fibroblast 1 (Col6a4/Adamdec1)"
"e16_i1_TATCAGGCAGGCACAA-1",1573,"Proliferative Fibroblast"
"e16_i1_TATCTGTTCGCGTAGC-1",963,"Pericyte"
"e16_i1_TATCTTGGTGACCGAA-1",536,"Proliferative Fibroblast"
"e16_i1_TATTGCTAGTGCGCTC-1",450,"Fibroblast 1 (Col6a4/Adamdec1)"
"e16_i1_TATTTCGTCTCTATAC-1",338,"Immune"
"e16_i1_TATTTCGTCTTTGATC-1",1518,"Fibroblast 1 (Col6a4/Adamdec1)"
"e16_i1_TCAAGTGCATCCAATG-1",442,"Fibroblast 3 (Adam12)"
"e16_i1_TCACACCGTACCGTCG-1",1340,"Fibroblast 3 (Adam12)"
"e16_i1_TCACACCGTGTTCCTC-1",1289,"Smooth muscle"
"e16_i1_TCACACCTCTGTGCTC-1",951,"Fibroblast 3 (Adam12)"
"e16_i1_TCACATTCAAAGACTA-1",962,"Fibroblast 1 (Col6a4/Adamdec1)"
"e16_i1_TCACATTCAAGACCGA-1",963,"Proliferative Fibroblast"
"e16_i1_TCACGGGCAACCGTGC-1",1218,"Smooth muscle"
"e16_i1_TCACTATGTGGCTACC-1",449,"Smooth muscle"
"e16_i1_TCAGGTAGTTCTCGTC-1",701,"Proliferative Smooth muscle"
"e16_i1_TCAGTCCAGGTATTGA-1",1524,"Fibroblast 2 (Fndc1/Dpt)"
"e16_i1_TCAGTCCCAAACTGCT-1",1117,"Fibroblast 2 (Fndc1/Dpt)"
"e16_i1_TCAGTCCGTAATGATG-1",593,"Fibroblast 2 (Fndc1/Dpt)"
"e16_i1_TCAGTCCTCGCCGATG-1",700,"Immune"
"e16_i1_TCATACTGTTAACCTG-1",334,"Pericyte"
"e16_i1_TCATGCCAGACATCCT-1",442,"Fibroblast 2 (Fndc1/Dpt)"
"e16_i1_TCATGCCTCTTTCGAT-1",1576,"Fibroblast 1 (Col6a4/Adamdec1)"
"e16_i1_TCATGGATCCGCTTAC-1",1563,"Proliferative Fibroblast"
"e16_i1_TCATGGATCGCAAGAG-1",1510,"Smooth muscle"
"e16_i1_TCATGTTAGGATGAGA-1",947,"Fibroblast 1 (Col6a4/Adamdec1)"
"e16_i1_TCATTACAGGCGTCCT-1",951,"Proliferative Fibroblast"
"e16_i1_TCATTGTAGAGGTGCT-1",1337,"Proliferative Fibroblast"
"e16_i1_TCATTGTTCGGTTCAA-1",541,"Endothelial"
"e16_i1_TCATTTGTCCGATAGT-1",1189,"Endothelial"
"e16_i1_TCCACCAAGGGCCAAT-1",876,"ICC"
"e16_i1_TCCACCAGTCACTACA-1",922,"Fibroblast 2 (Fndc1/Dpt)"
"e16_i1_TCCACCATCATACGGT-1",1282,"Smooth muscle"
"e16_i1_TCCACGTCAGAGCTAG-1",823,"Simple Epithelial"
"e16_i1_TCCATCGCACCTGCTT-1",737,"Proliferative Fibroblast"
"e16_i1_TCCCAGTAGAGCACTG-1",442,"Myofibroblast"
"e16_i1_TCCCAGTCAAACCATC-1",1518,"Proliferative Fibroblast"
"e16_i1_TCCCATGGTGGGCTCT-1",1175,"Fibroblast 2 (Fndc1/Dpt)"
"e16_i1_TCCGATCCAAATGCTC-1",1657,"Proliferative Smooth muscle"
"e16_i1_TCCGTGTCATAGGTAA-1",774,"Fibroblast 3 (Adam12)"
"e16_i1_TCCTAATCATACTGTG-1",1417,"ENS"
"e16_i1_TCCTAATGTGCATGAG-1",305,"Fibroblast 1 (Col6a4/Adamdec1)"
"e16_i1_TCCTCCCTCGGACTGC-1",1428,"Fibroblast 1 (Col6a4/Adamdec1)"
"e16_i1_TCCTCCCTCTTACCAT-1",717,"Proliferative Fibroblast"
"e16_i1_TCCTGCATCACCTTGC-1",1573,"Proliferative Fibroblast"
"e16_i1_TCCTTCTAGTATTAGG-1",987,"Fibroblast 2 (Fndc1/Dpt)"
"e16_i1_TCCTTTCGTCGCAGTC-1",1551,"Fibroblast 2 (Fndc1/Dpt)"
"e16_i1_TCGACCTTCAACCTTT-1",1016,"Simple Epithelial"
"e16_i1_TCGCACTTCCTACGGG-1",1407,"Simple Epithelial"
"e16_i1_TCGCACTTCCTTGGAA-1",1399,"ENS"
"e16_i1_TCGCAGGAGAAGCTGC-1",717,"Fibroblast 1 (Col6a4/Adamdec1)"
"e16_i1_TCGCAGGCAGAAGTTA-1",376,"Endothelial"
"e16_i1_TCGCAGGTCGAGAGCA-1",541,"Endothelial"
"e16_i1_TCGCTCAGTAGGTTTC-1",1417,"ENS"
"e16_i1_TCGCTTGAGTCGCTAT-1",1562,"Proliferative Fibroblast"
"e16_i1_TCGCTTGTCTAGTGAC-1",717,"Fibroblast 1 (Col6a4/Adamdec1)"
"e16_i1_TCGGATACACAGCCTG-1",541,"Endothelial"
"e16_i1_TCGGATAGTCAGTCGC-1",185,"Pericyte"
"e16_i1_TCGGGACTCACCATGA-1",1216,"Proliferative Fibroblast"
"e16_i1_TCGGGTGGTCTTAGTG-1",277,"ENS"
"e16_i1_TCGGGTGGTTGCCGAC-1",1576,"Endothelial"
"e16_i1_TCGTAGAGTCGGTACC-1",185,"Proliferative Fibroblast"
"e16_i1_TCGTAGATCGCTCTAC-1",907,"Fibroblast 4 (Kcnn3)"
"e16_i1_TCGTGCTTCTTTCGAT-1",1518,"Proliferative Smooth muscle"
"e16_i1_TCGTGGGCAAAGACGC-1",883,"Fibroblast 3 (Adam12)"
"e16_i1_TCTACCGTCTCTCCGA-1",302,"Fibroblast 1 (Col6a4/Adamdec1)"
"e16_i1_TCTATCACACATTACG-1",277,"ENS"
"e16_i1_TCTATCACAGCACGAA-1",285,"Endothelial"
"e16_i1_TCTATCACAGGTGACA-1",737,"Fibroblast 1 (Col6a4/Adamdec1)"
"e16_i1_TCTATCATCCGTATAG-1",1216,"Proliferative Fibroblast"
"e16_i1_TCTCACGCAGACCAGA-1",682,"Fibroblast 2 (Fndc1/Dpt)"
"e16_i1_TCTCACGCATACAGCT-1",1437,"Fibroblast 1 (Col6a4/Adamdec1)"
"e16_i1_TCTCAGCCACGCCACA-1",536,"Myofibroblast"
"e16_i1_TCTCTGGAGGTCCCTG-1",691,"Myofibroblast"
"e16_i1_TCTGTCGCACATACGT-1",559,"Smooth muscle"
"e16_i1_TCTTCCTGTAAGCGGT-1",1175,"Proliferative Smooth muscle"
"e16_i1_TCTTCCTTCTCCCTAG-1",282,"Fibroblast 2 (Fndc1/Dpt)"
"e16_i1_TCTTGCGTCTCAAAGC-1",1067,"Proliferative Fibroblast"
"e16_i1_TGAATGCAGAAACTGT-1",1440,"Smooth muscle"
"e16_i1_TGAATGCCATGGCACC-1",580,"Fibroblast 1 (Col6a4/Adamdec1)"
"e16_i1_TGACAGTCACCCAACG-1",185,"Fibroblast 1 (Col6a4/Adamdec1)"
"e16_i1_TGACAGTCAGACCGCT-1",579,"Myofibroblast"
"e16_i1_TGACAGTCAGTTGGTT-1",1428,"Proliferative Fibroblast"
"e16_i1_TGACAGTTCCAACCAA-1",951,"Fibroblast 1 (Col6a4/Adamdec1)"
"e16_i1_TGACCCTAGTTATGGA-1",1183,"Proliferative Fibroblast"
"e16_i1_TGACCCTCAGGTGTTT-1",1518,"Fibroblast 1 (Col6a4/Adamdec1)"
"e16_i1_TGACGCGGTCTCGCGA-1",1536,"Endothelial"
"e16_i1_TGAGACTAGGATGTTA-1",1518,"Fibroblast 2 (Fndc1/Dpt)"
"e16_i1_TGAGCATAGGAAAGAC-1",277,"ENS"
"e16_i1_TGAGCGCTCCCGAGTG-1",876,"Pericyte"
"e16_i1_TGAGGAGCAGCCGTCA-1",309,"Fibroblast 1 (Col6a4/Adamdec1)"
"e16_i1_TGAGGAGGTCCGGATC-1",580,"Proliferative Fibroblast"
"e16_i1_TGAGGGACAAAGCTAA-1",737,"Proliferative Fibroblast"
"e16_i1_TGAGGTTAGGCCATAG-1",209,"Fibroblast 1 (Col6a4/Adamdec1)"
"e16_i1_TGAGTCAGTATAATGG-1",1265,"Endothelial"
"e16_i1_TGATGCAAGGTGCATG-1",737,"Smooth muscle"
"e16_i1_TGATGCACAATAGGAT-1",1530,"Smooth muscle"
"e16_i1_TGATTTCAGTTAGTGA-1",796,"Proliferative Fibroblast"
"e16_i1_TGCACGGGTCATGGCC-1",925,"Fibroblast 2 (Fndc1/Dpt)"
"e16_i1_TGCACGGTCGAAGCAG-1",536,"Fibroblast 3 (Adam12)"
"e16_i1_TGCATGATCCTTATGT-1",541,"Proliferative Fibroblast"
"e16_i1_TGCATGATCGGCCCAA-1",450,"Fibroblast 2 (Fndc1/Dpt)"
"e16_i1_TGCCGAGCAAATCAGA-1",212,"Proliferative Smooth muscle"
"e16_i1_TGCCGAGTCCCAGGCA-1",334,"Pericyte"
"e16_i1_TGCGGCAAGGATCACG-1",730,"Fibroblast 2 (Fndc1/Dpt)"
"e16_i1_TGCGGCAGTGGATCAG-1",823,"Simple Epithelial"
"e16_i1_TGCGGGTGTTAAGGGC-1",1117,"Pericyte"
"e16_i1_TGCGGGTGTTTCCCAC-1",309,"Fibroblast 1 (Col6a4/Adamdec1)"
"e16_i1_TGCTGAATCTTACCAT-1",653,"Pericyte"
"e16_i1_TGCTTCGCAGCAATTC-1",404,"Fibroblast 1 (Col6a4/Adamdec1)"
"e16_i1_TGCTTGCGTTCCACGG-1",282,"Fibroblast 1 (Col6a4/Adamdec1)"
"e16_i1_TGCTTGCTCCGTGGGT-1",1193,"Smooth muscle"
"e16_i1_TGGAACTAGGAACGAA-1",1155,"Proliferative Smooth muscle"
"e16_i1_TGGAACTCAACCGATT-1",1556,"Smooth muscle"
"e16_i1_TGGAACTGTATACGGG-1",942,"ENS"
"e16_i1_TGGAGGACACCAGCCA-1",1401,"Proliferative Smooth muscle"
"e16_i1_TGGCGTGAGGTAAAGG-1",1258,"Smooth muscle"
"e16_i1_TGGGAAGGTGTTAAAG-1",925,"Fibroblast 3 (Adam12)"
"e16_i1_TGGGAGAGTCACTCTC-1",1417,"ENS"
"e16_i1_TGGGCGTGTCGAGTTT-1",369,"Fibroblast 1 (Col6a4/Adamdec1)"
"e16_i1_TGGTACATCTCATGCC-1",277,"ENS"
"e16_i1_TGGTAGTAGGGATCAC-1",1302,"Proliferative Fibroblast"
"e16_i1_TGGTAGTAGTTCTACG-1",1226,"Proliferative Smooth muscle"
"e16_i1_TGTAAGCAGACTGGGT-1",962,"Fibroblast 1 (Col6a4/Adamdec1)"
"e16_i1_TGTAAGCAGGCTATCT-1",282,"Proliferative Smooth muscle"
"e16_i1_TGTAGACGTTGCAACT-1",1518,"Smooth muscle"
"e16_i1_TGTAGACTCGCTTACC-1",1059,"Myofibroblast"
"e16_i1_TGTCAGACAGCAGTCC-1",1193,"Proliferative Smooth muscle"
"e16_i1_TGTCAGATCCTCACCA-1",442,"ICC"
"e16_i1_TGTCCCACATGCGGTC-1",1282,"Smooth muscle"
"e16_i1_TGTCCTGGTTCAAACC-1",1188,"Simple Epithelial"
"e16_i1_TGTGAGTTCAGACCGC-1",309,"Fibroblast 1 (Col6a4/Adamdec1)"
"e16_i1_TGTGATGAGATTCGAA-1",790,"Endothelial"
"e16_i1_TGTGTGAGTGGACAGT-1",876,"Proliferative Fibroblast"
"e16_i1_TGTGTGATCGTTCAGA-1",629,"Fibroblast 1 (Col6a4/Adamdec1)"
"e16_i1_TGTTACTCAGCAGTTT-1",536,"Fibroblast 1 (Col6a4/Adamdec1)"
"e16_i1_TGTTCATAGCCTGAGA-1",212,"Smooth muscle"
"e16_i1_TGTTCATCACGTCGGT-1",717,"Fibroblast 1 (Col6a4/Adamdec1)"
"e16_i1_TGTTCCGGTACCCACG-1",541,"Endothelial"
"e16_i1_TGTTCTATCCGACAGC-1",1117,"Fibroblast 4 (Kcnn3)"
"e16_i1_TGTTGAGCAGAACGCA-1",291,"Pericyte"
"e16_i1_TTACAGGCAAGCGCAA-1",536,"Smooth muscle"
"e16_i1_TTACAGGCACGCGTCA-1",1573,"Fibroblast 3 (Adam12)"
"e16_i1_TTACAGGCAGCTGGTC-1",1258,"Smooth muscle"
"e16_i1_TTACAGGCATCGCTGG-1",653,"Proliferative Fibroblast"
"e16_i1_TTACAGGTCATTTGCT-1",359,"Proliferative Fibroblast"
"e16_i1_TTACCATCAGTATTCG-1",1399,"ENS"
"e16_i1_TTACCGCGTTAACAGA-1",1604,"Fibroblast 1 (Col6a4/Adamdec1)"
"e16_i1_TTACTGTAGCCTAACT-1",1521,"Proliferative Smooth muscle"
"e16_i1_TTACTGTCACCTGCTT-1",1216,"Fibroblast 1 (Col6a4/Adamdec1)"
"e16_i1_TTAGGCACAAACTAAG-1",338,"Immune"
"e16_i1_TTAGGCACAACCGATT-1",741,"ENS"
"e16_i1_TTATTGCCACCCTTAC-1",1613,"Proliferative Fibroblast"
"e16_i1_TTATTGCTCGCGAAGA-1",277,"ENS"
"e16_i1_TTCAATCCAATTCTCT-1",1217,"Pericyte"
"e16_i1_TTCAATCGTCACCGCA-1",282,"Myofibroblast"
"e16_i1_TTCATTGTCACCCTTG-1",334,"ICC"
"e16_i1_TTCATTGTCCACTTCG-1",1576,"Endothelial"
"e16_i1_TTCCACGTCCCATTTA-1",926,"Fibroblast 1 (Col6a4/Adamdec1)"
"e16_i1_TTCCGGTGTAAGATTG-1",1568,"Smooth muscle"
"e16_i1_TTCCGGTTCTGAGAGG-1",1058,"Fibroblast 2 (Fndc1/Dpt)"
"e16_i1_TTCCGTGAGCGCCGTT-1",1251,"Fibroblast 1 (Col6a4/Adamdec1)"
"e16_i1_TTCCGTGTCCAGCTCT-1",401,"Fibroblast 2 (Fndc1/Dpt)"
"e16_i1_TTCCTTCGTACTGCCG-1",772,"Myofibroblast"
"e16_i1_TTCGGTCAGAATAACC-1",1175,"Smooth muscle"
"e16_i1_TTCGGTCCAGGAACCA-1",772,"Smooth muscle"
"e16_i1_TTCGGTCGTGTAACGG-1",1337,"Proliferative Fibroblast"
"e16_i1_TTCTAGTAGACCATTC-1",359,"Fibroblast 1 (Col6a4/Adamdec1)"
"e16_i1_TTCTAGTCAGAGGGTT-1",951,"Fibroblast 1 (Col6a4/Adamdec1)"
"e16_i1_TTCTAGTTCGCACTCT-1",682,"Proliferative Fibroblast"
"e16_i1_TTCTGTACAGATTAAG-1",1457,"Immune"
"e16_i1_TTCTGTAGTCGAACGA-1",1193,"Fibroblast 3 (Adam12)"
"e16_i1_TTCTTCCGTAGCTGTT-1",580,"Pericyte"
"e16_i1_TTCTTCCGTATACCTG-1",653,"Fibroblast 1 (Col6a4/Adamdec1)"
"e16_i1_TTCTTGAAGTGCCCGT-1",1562,"Pericyte"
"e16_i1_TTCTTGACATCGGTTA-1",359,"Smooth muscle"
"e16_i1_TTGAACGCACAGTCCG-1",1302,"Proliferative Fibroblast"
"e16_i1_TTGAGTGCAGAAACCG-1",1258,"Proliferative Smooth muscle"
"e16_i1_TTGAGTGCATATCTCT-1",1232,"Fibroblast 1 (Col6a4/Adamdec1)"
"e16_i1_TTGAGTGGTGCCTAAT-1",874,"Fibroblast 2 (Fndc1/Dpt)"
"e16_i1_TTGCATTGTGGGCTCT-1",962,"Pericyte"
"e16_i1_TTGCATTTCCTTATAC-1",1214,"Proliferative Smooth muscle"
"e16_i1_TTGGGATTCTCTAGGA-1",876,"Endothelial"
"e16_i1_TTGGTTTCACTCTGCT-1",1469,"Proliferative Smooth muscle"
"e16_i1_TTGGTTTTCACTGCTC-1",1428,"Fibroblast 1 (Col6a4/Adamdec1)"
"e16_i1_TTGTGGATCGGACTGC-1",354,"Pericyte"
"e16_i1_TTGTGTTCAAGTACCT-1",1417,"ENS"
"e16_i1_TTGTTGTAGCTTAAGA-1",1059,"Endothelial"
"e16_i1_TTGTTTGAGGCTTTCA-1",1510,"Fibroblast 3 (Adam12)"
"e16_i1_TTTACGTTCTCGGTCT-1",679,"Myofibroblast"
"e16_i1_TTTACTGAGGAATCGC-1",942,"ENS"
"e16_i1_TTTAGTCCAGGCAATG-1",1089,"Proliferative Fibroblast"
"e16_i1_TTTATGCAGATGGGCT-1",548,"Endothelial"
"e16_i1_TTTCACAAGTCCCAAT-1",791,"Fibroblast 1 (Col6a4/Adamdec1)"
"e16_i1_TTTCAGTAGCAATTAG-1",951,"Fibroblast 1 (Col6a4/Adamdec1)"
"e16_i1_TTTCATGGTTAAACCC-1",1469,"Smooth muscle"
"e16_i1_TTTCATGGTTCCTAGA-1",404,"Proliferative Fibroblast"
"e16_i1_TTTCGATCAAGCGCTC-1",1552,"Fibroblast 1 (Col6a4/Adamdec1)"
"e16_i1_TTTGACTAGTCTTGGT-1",481,"Immune"
"e16_i1_TTTGATCCAATAGGAT-1",1204,"Immune"
"e16_i1_TTTGATCTCCATAAGC-1",807,"Immune"
"e16_i1_TTTGGAGAGAGAGGGC-1",926,"Pericyte"
"e16_i1_TTTGTTGAGTAACCGG-1",973,"Smooth muscle"
