"","cloneID","ident"
"e16_s1_AAACCCAAGCCGTAAG-1",2396,"Fibroblast 2 (Fndc1/Dpt)"
"e16_s1_AAACCCACAACGGCTC-1",2605,"Fibroblast 2 (Fndc1/Dpt)"
"e16_s1_AAACCCACAGCATTGT-1",2928,"Proliferative Fibroblast"
"e16_s1_AAACCCACATAGAAAC-1",2048,"ICC"
"e16_s1_AAACGAAAGGAGACCT-1",916,"Fibroblast 1 (Col6a4/Adamdec1)"
"e16_s1_AAACGAACATTAAAGG-1",2540,"Fibroblast 6 (Lepr/Sp5)"
"e16_s1_AAACGAAGTAAGGCTG-1",3251,"Mesothelial"
"e16_s1_AAACGAAGTGATACCT-1",2064,"Fibroblast 3 (Adam12)"
"e16_s1_AAACGCTCAGGACTTT-1",1158,"Fibroblast 1 (Col6a4/Adamdec1)"
"e16_s1_AAACGCTGTCTTTCTA-1",846,"Fibroblast 1 (Col6a4/Adamdec1)"
"e16_s1_AAACGCTGTGATATAG-1",3207,"Fibroblast 2 (Fndc1/Dpt)"
"e16_s1_AAAGAACAGGGTGAAA-1",2787,"Fibroblast 4 (Kcnn3)"
"e16_s1_AAAGAACAGTCAGCGA-1",3251,"Myofibroblast"
"e16_s1_AAAGAACGTATCGTTG-1",3215,"Smooth muscle"
"e16_s1_AAAGGATAGCGATTCT-1",598,"Fibroblast 5 (Mfap5/Grm3)"
"e16_s1_AAAGGATAGTTTGTCG-1",2788,"Pericyte"
"e16_s1_AAAGGGCAGAATTGCA-1",2836,"Endothelial"
"e16_s1_AAAGGGCCATACACCA-1",2316,"Fibroblast 4 (Kcnn3)"
"e16_s1_AAAGGGCTCGGCTGAC-1",1576,"ICC"
"e16_s1_AAAGGTAAGCCAAGTG-1",2911,"Fibroblast 6 (Lepr/Sp5)"
"e16_s1_AAAGGTAAGGGCGAGA-1",2605,"Smooth muscle"
"e16_s1_AAAGGTAAGTGGTTGG-1",1427,"Fibroblast 6 (Lepr/Sp5)"
"e16_s1_AAAGGTAGTGCAATAA-1",2497,"Myofibroblast"
"e16_s1_AAAGTCCAGACGAGCT-1",656,"Fibroblast 5 (Mfap5/Grm3)"
"e16_s1_AAAGTCCAGAGAGCAA-1",676,"Fibroblast 6 (Lepr/Sp5)"
"e16_s1_AAAGTCCAGGAACTAT-1",916,"Fibroblast 6 (Lepr/Sp5)"
"e16_s1_AAAGTCCAGGTTTACC-1",794,"Fibroblast 6 (Lepr/Sp5)"
"e16_s1_AAAGTCCAGTCACGCC-1",2347,"Fibroblast 5 (Mfap5/Grm3)"
"e16_s1_AAAGTCCAGTGGATAT-1",2916,"Pericyte"
"e16_s1_AAAGTCCCAACTGATC-1",1860,"Fibroblast 6 (Lepr/Sp5)"
"e16_s1_AAAGTCCGTTGGCCGT-1",1997,"Fibroblast 3 (Adam12)"
"e16_s1_AAAGTGAAGGGTCACA-1",1079,"Fibroblast 6 (Lepr/Sp5)"
"e16_s1_AAATGGAAGATTTGCC-1",1091,"Mesothelial"
"e16_s1_AAATGGAAGTTGCTGT-1",2928,"Fibroblast 6 (Lepr/Sp5)"
"e16_s1_AAATGGACACTACACA-1",1860,"Myofibroblast"
"e16_s1_AAATGGACAGCTGAGA-1",1593,"Fibroblast 1 (Col6a4/Adamdec1)"
"e16_s1_AACAAAGAGTACAACA-1",2380,"Fibroblast 1 (Col6a4/Adamdec1)"
"e16_s1_AACAAAGCATCGGATT-1",2075,"Myofibroblast"
"e16_s1_AACAACCGTGGAGGTT-1",2800,"Endothelial"
"e16_s1_AACAACCTCCTACAAG-1",2890,"Fibroblast 6 (Lepr/Sp5)"
"e16_s1_AACAACCTCGCATGAT-1",2307,"Fibroblast 2 (Fndc1/Dpt)"
"e16_s1_AACAAGACAGCTATAC-1",2203,"Endothelial"
"e16_s1_AACAAGATCGCAATGT-1",598,"Fibroblast 2 (Fndc1/Dpt)"
"e16_s1_AACAAGATCTACCCAC-1",3083,"Fibroblast 1 (Col6a4/Adamdec1)"
"e16_s1_AACACACAGTCTAACC-1",1861,"Fibroblast 6 (Lepr/Sp5)"
"e16_s1_AACAGGGAGGATTTCC-1",2110,"Fibroblast 6 (Lepr/Sp5)"
"e16_s1_AACCAACTCTGTTCAT-1",2380,"ICC"
"e16_s1_AACCACACACACGCCA-1",2217,"Fibroblast 4 (Kcnn3)"
"e16_s1_AACCACACACGGATCC-1",2918,"Fibroblast 2 (Fndc1/Dpt)"
"e16_s1_AACCATGAGCCGGAAT-1",1555,"Endothelial"
"e16_s1_AACCCAACACGTAGTT-1",2347,"Mesothelial"
"e16_s1_AACCCAATCCTTCAGC-1",2307,"Fibroblast 5 (Mfap5/Grm3)"
"e16_s1_AACCCAATCGAATGCT-1",2891,"Fibroblast 1 (Col6a4/Adamdec1)"
"e16_s1_AACCTGAAGCCTCCAG-1",2936,"Fibroblast 1 (Col6a4/Adamdec1)"
"e16_s1_AACCTGACAGACCAGA-1",2307,"Fibroblast 4 (Kcnn3)"
"e16_s1_AACCTTTAGGAAGTAG-1",2928,"Fibroblast 1 (Col6a4/Adamdec1)"
"e16_s1_AACCTTTAGGTAGTCG-1",2307,"Fibroblast 6 (Lepr/Sp5)"
"e16_s1_AACCTTTAGTTCCGTA-1",815,"Fibroblast 6 (Lepr/Sp5)"
"e16_s1_AACCTTTCAGTGTGGA-1",916,"Fibroblast 2 (Fndc1/Dpt)"
"e16_s1_AACCTTTGTATTTCCT-1",2217,"Mesothelial"
"e16_s1_AACCTTTTCGATTCCC-1",598,"Fibroblast 6 (Lepr/Sp5)"
"e16_s1_AACCTTTTCGGCACTG-1",1384,"Smooth muscle"
"e16_s1_AACGAAAAGAAGTCCG-1",2040,"Fibroblast 2 (Fndc1/Dpt)"
"e16_s1_AACGAAAAGTTACTCG-1",2928,"Smooth muscle"
"e16_s1_AACGGGACAGACAAGC-1",3215,"Myofibroblast"
"e16_s1_AACGGGAGTGTTTGCA-1",829,"Myofibroblast"
"e16_s1_AACGGGATCTCTATGT-1",656,"Fibroblast 1 (Col6a4/Adamdec1)"
"e16_s1_AACGTCACACCCAAGC-1",815,"Fibroblast 4 (Kcnn3)"
"e16_s1_AACGTCACAGTCGGTC-1",938,"Fibroblast 6 (Lepr/Sp5)"
"e16_s1_AACGTCATCTTCTGTA-1",598,"Fibroblast 6 (Lepr/Sp5)"
"e16_s1_AACTTCTCAGCTACCG-1",1861,"ICC"
"e16_s1_AACTTCTGTTGGTACT-1",794,"Fibroblast 2 (Fndc1/Dpt)"
"e16_s1_AACTTCTTCGACCAAT-1",3140,"Smooth muscle"
"e16_s1_AAGAACAGTTAGAAGT-1",1861,"Fibroblast 1 (Col6a4/Adamdec1)"
"e16_s1_AAGAACATCCATTTAC-1",2911,"Myofibroblast"
"e16_s1_AAGACAACACATAACC-1",2721,"Endothelial"
"e16_s1_AAGACAATCAAGTTGC-1",938,"Fibroblast 4 (Kcnn3)"
"e16_s1_AAGACAATCATTCCTA-1",2748,"Myofibroblast"
"e16_s1_AAGACAATCTGTTCAT-1",2040,"Fibroblast 1 (Col6a4/Adamdec1)"
"e16_s1_AAGATAGAGCAGAAAG-1",3248,"Proliferative Smooth muscle"
"e16_s1_AAGATAGAGGAAGTAG-1",2217,"Myofibroblast"
"e16_s1_AAGATAGAGTAACGTA-1",3329,"Fibroblast 1 (Col6a4/Adamdec1)"
"e16_s1_AAGATAGGTCCTGTCT-1",2928,"Smooth muscle"
"e16_s1_AAGATAGGTCTGTTAG-1",598,"Fibroblast 2 (Fndc1/Dpt)"
"e16_s1_AAGATAGTCTTGCGCT-1",2916,"ICC"
"e16_s1_AAGCATCAGCGGTAAC-1",1861,"Fibroblast 2 (Fndc1/Dpt)"
"e16_s1_AAGCATCGTACAAGCG-1",2040,"Fibroblast 4 (Kcnn3)"
"e16_s1_AAGCCATAGCCAGAGT-1",2690,"Smooth muscle"
"e16_s1_AAGCCATTCCGGCAGT-1",3044,"Fibroblast 5 (Mfap5/Grm3)"
"e16_s1_AAGCCATTCTTCTAAC-1",1213,"Endothelial"
"e16_s1_AAGCGAGAGCATCCTA-1",916,"Mesothelial"
"e16_s1_AAGCGAGGTACGTGTT-1",2891,"Fibroblast 2 (Fndc1/Dpt)"
"e16_s1_AAGCGTTGTCATGCAT-1",794,"ICC"
"e16_s1_AAGCGTTTCATATGGC-1",241,"ICC"
"e16_s1_AAGCGTTTCGTTAGTG-1",3346,"Endothelial"
"e16_s1_AAGCGTTTCTGAACGT-1",1026,"Endothelial"
"e16_s1_AAGGAATAGTGAACAT-1",598,"Fibroblast 2 (Fndc1/Dpt)"
"e16_s1_AAGGAATGTGTGCTTA-1",1667,"Myofibroblast"
"e16_s1_AAGGAATTCATCAGTG-1",1667,"Smooth muscle"
"e16_s1_AAGGTAAAGGAGGCAG-1",2064,"Smooth muscle"
"e16_s1_AAGGTAACACCTTCGT-1",3251,"Fibroblast 5 (Mfap5/Grm3)"
"e16_s1_AAGTACCCAGAATCGG-1",3215,"Mesothelial"
"e16_s1_AAGTACCGTGCTGTCG-1",2891,"Fibroblast 6 (Lepr/Sp5)"
"e16_s1_AAGTACCTCACCTACC-1",1860,"Pericyte"
"e16_s1_AAGTCGTAGGATGTTA-1",1144,"Fibroblast 2 (Fndc1/Dpt)"
"e16_s1_AAGTCGTCATCGAAGG-1",2893,"Fibroblast 6 (Lepr/Sp5)"
"e16_s1_AAGTCGTTCTCTGGTC-1",3207,"Fibroblast 1 (Col6a4/Adamdec1)"
"e16_s1_AAGTGAAAGAAGCCAC-1",2040,"Myofibroblast"
"e16_s1_AAGTGAAAGCTGGAGT-1",656,"Mesothelial"
"e16_s1_AAGTGAAAGTTGGCGA-1",159,"Fibroblast 1 (Col6a4/Adamdec1)"
"e16_s1_AAGTGAAGTGATTCAC-1",1576,"Fibroblast 6 (Lepr/Sp5)"
"e16_s1_AAGTGAATCGCTATTT-1",3329,"Fibroblast 5 (Mfap5/Grm3)"
"e16_s1_AAGTTCGGTTTGTGGT-1",3318,"Fibroblast 1 (Col6a4/Adamdec1)"
"e16_s1_AAGTTCGTCTCTCTTC-1",1424,"Proliferative Fibroblast"
"e16_s1_AATAGAGAGAGGCTGT-1",2347,"Fibroblast 4 (Kcnn3)"
"e16_s1_AATAGAGCACTTGGCG-1",2605,"Fibroblast 5 (Mfap5/Grm3)"
"e16_s1_AATAGAGCATACAGCT-1",2690,"Fibroblast 1 (Col6a4/Adamdec1)"
"e16_s1_AATCACGCAAGTTCGT-1",668,"Myeloid"
"e16_s1_AATCACGGTGTCATGT-1",1504,"Fibroblast 2 (Fndc1/Dpt)"
"e16_s1_AATCACGTCAACCTCC-1",2690,"Smooth muscle"
"e16_s1_AATCACGTCCATGCAA-1",598,"Fibroblast 2 (Fndc1/Dpt)"
"e16_s1_AATCACGTCCTCTAAT-1",794,"Fibroblast 2 (Fndc1/Dpt)"
"e16_s1_AATCACGTCTACGCAA-1",2040,"Fibroblast 1 (Col6a4/Adamdec1)"
"e16_s1_AATCGACCAGAACTAA-1",1138,"Fibroblast 5 (Mfap5/Grm3)"
"e16_s1_AATCGACGTACCATAC-1",709,"Fibroblast 5 (Mfap5/Grm3)"
"e16_s1_AATCGACGTCTGTCAA-1",2721,"Endothelial"
"e16_s1_AATCGTGGTACTAGCT-1",1383,"Mesothelial"
"e16_s1_AATCGTGTCCGCTAGG-1",2307,"Fibroblast 6 (Lepr/Sp5)"
"e16_s1_AATCGTGTCCGTCACT-1",851,"Lymphoid"
"e16_s1_AATGAAGAGAGTACCG-1",1861,"Proliferative Fibroblast"
"e16_s1_AATGAAGAGGGACACT-1",1158,"Myofibroblast"
"e16_s1_AATGACCCATTCATCT-1",1860,"Fibroblast 1 (Col6a4/Adamdec1)"
"e16_s1_AATGACCTCACCGGTG-1",1113,"Endothelial"
"e16_s1_AATGACCTCCACGAAT-1",2307,"Proliferative Fibroblast"
"e16_s1_AATGCCACACTTTATC-1",2690,"Smooth muscle"
"e16_s1_AATGCCAGTCGATTTG-1",1861,"Fibroblast 6 (Lepr/Sp5)"
"e16_s1_AATGCCATCCATCGTC-1",3251,"Fibroblast 6 (Lepr/Sp5)"
"e16_s1_AATGGAAAGACTCAAA-1",1933,"Smooth muscle"
"e16_s1_AATGGAAAGCGATGAC-1",2540,"Fibroblast 6 (Lepr/Sp5)"
"e16_s1_AATGGAAAGCTTAAGA-1",2606,"Myofibroblast"
"e16_s1_AATGGAACACTGAATC-1",3083,"Fibroblast 2 (Fndc1/Dpt)"
"e16_s1_AATGGCTAGCACTCGC-1",3207,"Smooth muscle"
"e16_s1_AATGGCTCAAAGGGTC-1",2048,"Mesothelial"
"e16_s1_AATGGCTGTAACCAGG-1",2217,"ICC"
"e16_s1_AATGGCTTCCTCACCA-1",1860,"Fibroblast 5 (Mfap5/Grm3)"
"e16_s1_AATTCCTGTCAGGCAA-1",2787,"Fibroblast 4 (Kcnn3)"
"e16_s1_AATTCCTGTCGGCACT-1",2354,"Fibroblast 6 (Lepr/Sp5)"
"e16_s1_AATTCCTTCAATCTTC-1",1860,"Fibroblast 3 (Adam12)"
"e16_s1_AATTCCTTCGGAATGG-1",2497,"Fibroblast 2 (Fndc1/Dpt)"
"e16_s1_AATTTCCAGACAAGCC-1",2690,"Fibroblast 1 (Col6a4/Adamdec1)"
"e16_s1_AATTTCCCACATACTG-1",1154,"Smooth muscle"
"e16_s1_AATTTCCGTCGTGTTA-1",2891,"Fibroblast 1 (Col6a4/Adamdec1)"
"e16_s1_ACAAAGAAGCAGCCTC-1",1549,"Fibroblast 2 (Fndc1/Dpt)"
"e16_s1_ACAAAGAAGGGTAATT-1",2893,"Fibroblast 2 (Fndc1/Dpt)"
"e16_s1_ACAACCAAGCTGAGTG-1",598,"Pericyte"
"e16_s1_ACAACCAAGTCGCCAC-1",815,"Myofibroblast"
"e16_s1_ACAACCACACAATCTG-1",829,"Myofibroblast"
"e16_s1_ACAACCACAGATCATC-1",740,"Fibroblast 3 (Adam12)"
"e16_s1_ACAACCACATGCGGTC-1",2307,"Fibroblast 5 (Mfap5/Grm3)"
"e16_s1_ACAACCAGTATCGAAA-1",1091,"Fibroblast 4 (Kcnn3)"
"e16_s1_ACAACCAGTGTCTTGA-1",2928,"Fibroblast 5 (Mfap5/Grm3)"
"e16_s1_ACAACCATCCTTCTTC-1",2110,"Fibroblast 5 (Mfap5/Grm3)"
"e16_s1_ACAAGCTAGCACACCC-1",2483,"Fibroblast 6 (Lepr/Sp5)"
"e16_s1_ACAAGCTCACTAACGT-1",815,"Fibroblast 6 (Lepr/Sp5)"
"e16_s1_ACAAGCTCACTCTGCT-1",916,"Fibroblast 2 (Fndc1/Dpt)"
"e16_s1_ACAAGCTTCGATTGAC-1",676,"Fibroblast 3 (Adam12)"
"e16_s1_ACAAGCTTCTCCCTAG-1",1091,"Smooth muscle"
"e16_s1_ACACAGTAGGCCTGAA-1",3127,"Proliferative Smooth muscle"
"e16_s1_ACACAGTCAGCTTTCC-1",2443,"Fibroblast 3 (Adam12)"
"e16_s1_ACACAGTCATGTTTGG-1",2605,"Fibroblast 6 (Lepr/Sp5)"
"e16_s1_ACACAGTTCCGACAGC-1",3207,"ICC"
"e16_s1_ACACAGTTCTACTTCA-1",1213,"Endothelial"
"e16_s1_ACACAGTTCTCAGGCG-1",1962,"Smooth muscle"
"e16_s1_ACACCAAAGGGCAGAG-1",1860,"Fibroblast 2 (Fndc1/Dpt)"
"e16_s1_ACACCAAGTAGGACTG-1",2936,"Fibroblast 5 (Mfap5/Grm3)"
"e16_s1_ACACGCGAGATGAAGG-1",2690,"Fibroblast 1 (Col6a4/Adamdec1)"
"e16_s1_ACACGCGAGCATTTGC-1",1091,"Fibroblast 1 (Col6a4/Adamdec1)"
"e16_s1_ACACGCGCAAGGCCTC-1",2347,"Fibroblast 1 (Col6a4/Adamdec1)"
"e16_s1_ACACGCGCATGGCCAC-1",2891,"Fibroblast 1 (Col6a4/Adamdec1)"
"e16_s1_ACACTGACACTCTAGA-1",2940,"Fibroblast 2 (Fndc1/Dpt)"
"e16_s1_ACACTGAGTCACTAGT-1",3251,"Fibroblast 6 (Lepr/Sp5)"
"e16_s1_ACACTGATCTGGCCAG-1",916,"Fibroblast 1 (Col6a4/Adamdec1)"
"e16_s1_ACAGAAAGTTTACACG-1",938,"Smooth muscle"
"e16_s1_ACAGCCGAGCTAAGTA-1",1860,"Fibroblast 6 (Lepr/Sp5)"
"e16_s1_ACAGCCGAGGGATCGT-1",731,"ICC"
"e16_s1_ACAGCCGCAGGGAGAG-1",1576,"Fibroblast 5 (Mfap5/Grm3)"
"e16_s1_ACAGCCGTCAGGACAG-1",646,"Pericyte"
"e16_s1_ACAGGGAAGCTAATCC-1",714,"ICC"
"e16_s1_ACAGGGAAGGACAAGA-1",3053,"Smooth muscle"
"e16_s1_ACAGGGAGTGCGTGCT-1",646,"Smooth muscle"
"e16_s1_ACAGGGATCGTACACA-1",1576,"Fibroblast 2 (Fndc1/Dpt)"
"e16_s1_ACATCCCAGTAGTCAA-1",2203,"Endothelial"
"e16_s1_ACATCCCCAGCTACTA-1",598,"Myofibroblast"
"e16_s1_ACATCCCTCCGATAGT-1",1914,"ICC"
"e16_s1_ACATCGACAGAAACCG-1",1427,"ICC"
"e16_s1_ACATGCAAGCCTGTCG-1",2483,"Fibroblast 4 (Kcnn3)"
"e16_s1_ACATGCAAGCGCCATC-1",938,"Fibroblast 6 (Lepr/Sp5)"
"e16_s1_ACATTTCAGTCTAGCT-1",3083,"Myofibroblast"
"e16_s1_ACATTTCCAATAGAGT-1",1638,"Smooth muscle"
"e16_s1_ACATTTCGTAGCGAGT-1",1667,"Pericyte"
"e16_s1_ACCAAACAGTAAACAC-1",1035,"Fibroblast 3 (Adam12)"
"e16_s1_ACCAACAAGAAGTATC-1",2217,"Fibroblast 2 (Fndc1/Dpt)"
"e16_s1_ACCAACAAGAATTGTG-1",2911,"Fibroblast 4 (Kcnn3)"
"e16_s1_ACCAACACAGAGACTG-1",2118,"Myofibroblast"
"e16_s1_ACCAACACATTACGGT-1",2396,"Fibroblast 5 (Mfap5/Grm3)"
"e16_s1_ACCAACAGTACCTAGT-1",2225,"Smooth muscle"
"e16_s1_ACCAACATCCTATTGT-1",2347,"Fibroblast 1 (Col6a4/Adamdec1)"
"e16_s1_ACCAACATCTAGTGAC-1",1778,"Fibroblast 2 (Fndc1/Dpt)"
"e16_s1_ACCACAAAGCGAGTAC-1",1667,"Myofibroblast"
"e16_s1_ACCACAAAGCGGGTTA-1",656,"Fibroblast 1 (Col6a4/Adamdec1)"
"e16_s1_ACCACAATCGGCTGAC-1",2928,"Smooth muscle"
"e16_s1_ACCATTTTCTAAACGC-1",2040,"Myofibroblast"
"e16_s1_ACCCAAAGTAGCTTGT-1",2690,"Fibroblast 4 (Kcnn3)"
"e16_s1_ACCCAAAGTGTTAAAG-1",1861,"Smooth muscle"
"e16_s1_ACCCAAATCGCTTTAT-1",2911,"Smooth muscle"
"e16_s1_ACCCAAATCTCCTACG-1",2721,"Endothelial"
"e16_s1_ACCCTCAAGCGTTCCG-1",2118,"ICC"
"e16_s1_ACCCTTGCAAACGGCA-1",805,"Fibroblast 5 (Mfap5/Grm3)"
"e16_s1_ACCCTTGCATGGAACG-1",829,"Fibroblast 2 (Fndc1/Dpt)"
"e16_s1_ACCCTTGTCTCACTCG-1",3329,"Fibroblast 6 (Lepr/Sp5)"
"e16_s1_ACCGTTCCATGACTTG-1",2307,"Fibroblast 1 (Col6a4/Adamdec1)"
"e16_s1_ACCGTTCGTGGCTCTG-1",3251,"Myofibroblast"
"e16_s1_ACCTACCAGTAGGATT-1",400,"Fibroblast 6 (Lepr/Sp5)"
"e16_s1_ACCTACCTCAAACGAA-1",1079,"Fibroblast 5 (Mfap5/Grm3)"
"e16_s1_ACCTACCTCTTTGCGC-1",1976,"Fibroblast 6 (Lepr/Sp5)"
"e16_s1_ACCTGAAAGGCGTCCT-1",2463,"Fibroblast 5 (Mfap5/Grm3)"
"e16_s1_ACCTGAACAGTCTACA-1",1861,"Fibroblast 1 (Col6a4/Adamdec1)"
"e16_s1_ACCTGAAGTTGCTAGT-1",2787,"Fibroblast 4 (Kcnn3)"
"e16_s1_ACCTGAATCCCAACTC-1",2217,"Proliferative Fibroblast"
"e16_s1_ACCTGAATCCTCAGAA-1",1576,"Pericyte"
"e16_s1_ACCTGTCCAGCTGGTC-1",2606,"Myofibroblast"
"e16_s1_ACCTGTCGTCAAACGG-1",3044,"Myofibroblast"
"e16_s1_ACCTGTCGTCACAGAG-1",3083,"Smooth muscle"
"e16_s1_ACGATCAAGATGGTAT-1",1667,"Fibroblast 6 (Lepr/Sp5)"
"e16_s1_ACGATCAGTATACAGA-1",815,"Fibroblast 5 (Mfap5/Grm3)"
"e16_s1_ACGATCATCGCTGTTC-1",1411,"Smooth muscle"
"e16_s1_ACGATCATCTAACGCA-1",1914,"Fibroblast 5 (Mfap5/Grm3)"
"e16_s1_ACGATGTAGCAGGCTA-1",3331,"Fibroblast 4 (Kcnn3)"
"e16_s1_ACGATGTAGTAAACAC-1",2789,"ICC"
"e16_s1_ACGATGTGTATACCCA-1",2307,"Fibroblast 1 (Col6a4/Adamdec1)"
"e16_s1_ACGATGTGTGCAGTGA-1",1638,"Myofibroblast"
"e16_s1_ACGCACGAGCGCCTAC-1",2316,"Fibroblast 4 (Kcnn3)"
"e16_s1_ACGCACGGTACGTGAG-1",2800,"Endothelial"
"e16_s1_ACGCACGTCTTAGCAG-1",2307,"Fibroblast 5 (Mfap5/Grm3)"
"e16_s1_ACGCACGTCTTTGATC-1",1918,"Endothelial"
"e16_s1_ACGGAAGAGGCCTTGC-1",1322,"Fibroblast 4 (Kcnn3)"
"e16_s1_ACGGAAGGTCGATTTG-1",2605,"Fibroblast 4 (Kcnn3)"
"e16_s1_ACGGAAGGTTGGGAAC-1",2110,"Fibroblast 1 (Col6a4/Adamdec1)"
"e16_s1_ACGGGTCAGGGACAGG-1",2690,"Fibroblast 1 (Col6a4/Adamdec1)"
"e16_s1_ACGGGTCGTATGACAA-1",1213,"Endothelial"
"e16_s1_ACGGTCGAGAGCCCAA-1",2396,"Fibroblast 6 (Lepr/Sp5)"
"e16_s1_ACGGTTACAAGTCCAT-1",2843,"Fibroblast 4 (Kcnn3)"
"e16_s1_ACGGTTACACGTTCGG-1",2347,"Smooth muscle"
"e16_s1_ACGGTTATCAGAGTTC-1",815,"Fibroblast 6 (Lepr/Sp5)"
"e16_s1_ACGTAACAGCCTTTCC-1",938,"Smooth muscle"
"e16_s1_ACGTAACCATCGGATT-1",1997,"Myofibroblast"
"e16_s1_ACGTACAAGATTAGCA-1",3340,"Fibroblast 2 (Fndc1/Dpt)"
"e16_s1_ACGTACAAGCACGGAT-1",1861,"Fibroblast 5 (Mfap5/Grm3)"
"e16_s1_ACGTACAGTGGCCACT-1",2048,"Myofibroblast"
"e16_s1_ACGTACAGTGTCCGGT-1",2787,"Fibroblast 4 (Kcnn3)"
"e16_s1_ACGTAGTAGTGCAGCA-1",598,"Fibroblast 2 (Fndc1/Dpt)"
"e16_s1_ACGTAGTGTTCTCTCG-1",2721,"Endothelial"
"e16_s1_ACGTCCTCACAAATCC-1",1035,"Fibroblast 3 (Adam12)"
"e16_s1_ACGTTCCCAACCAACT-1",2690,"Fibroblast 1 (Col6a4/Adamdec1)"
"e16_s1_ACGTTCCTCATTCGTT-1",1860,"Fibroblast 2 (Fndc1/Dpt)"
"e16_s1_ACTACGACAACAAGTA-1",2307,"Fibroblast 2 (Fndc1/Dpt)"
"e16_s1_ACTACGAGTAGCACGA-1",1593,"Proliferative Smooth muscle"
"e16_s1_ACTACGAGTCGTTCAA-1",2380,"Proliferative Smooth muscle"
"e16_s1_ACTACGAGTTAACCTG-1",794,"Fibroblast 2 (Fndc1/Dpt)"
"e16_s1_ACTACGAGTTAAGACA-1",598,"Fibroblast 1 (Col6a4/Adamdec1)"
"e16_s1_ACTATCTAGTCATCCA-1",2225,"Smooth muscle"
"e16_s1_ACTATCTCAAGGCAAC-1",2928,"Fibroblast 6 (Lepr/Sp5)"
"e16_s1_ACTATCTCACAGCATT-1",1861,"Fibroblast 2 (Fndc1/Dpt)"
"e16_s1_ACTATCTGTAGCTGTT-1",2787,"Smooth muscle"
"e16_s1_ACTATGGAGTTCATGC-1",598,"Fibroblast 6 (Lepr/Sp5)"
"e16_s1_ACTCCCAAGCACGTCC-1",1376,"Myofibroblast"
"e16_s1_ACTCCCAAGCCTGACC-1",1411,"Smooth muscle"
"e16_s1_ACTCCCAAGGGTAATT-1",938,"Fibroblast 6 (Lepr/Sp5)"
"e16_s1_ACTCCCATCCGAGAAG-1",2940,"ICC"
"e16_s1_ACTCTCGTCTACGCAA-1",2307,"Fibroblast 1 (Col6a4/Adamdec1)"
"e16_s1_ACTGATGAGACCAGCA-1",2940,"Proliferative Fibroblast"
"e16_s1_ACTGATGCAAAGGAGA-1",1504,"Fibroblast 1 (Col6a4/Adamdec1)"
"e16_s1_ACTGATGCATCGAGCC-1",1914,"Fibroblast 6 (Lepr/Sp5)"
"e16_s1_ACTGATGCATTATGCG-1",2928,"Myofibroblast"
"e16_s1_ACTGATGTCGGTCATA-1",2788,"Fibroblast 1 (Col6a4/Adamdec1)"
"e16_s1_ACTGCAACAACCGACC-1",1593,"Myofibroblast"
"e16_s1_ACTGCAACAGCACAGA-1",1079,"Fibroblast 4 (Kcnn3)"
"e16_s1_ACTGCAAGTGGAGGTT-1",1548,"Endothelial"
"e16_s1_ACTGTCCGTGGCACTC-1",2209,"Myeloid"
"e16_s1_ACTGTGAAGCCATGCC-1",3207,"Fibroblast 4 (Kcnn3)"
"e16_s1_ACTGTGAAGCGCTTCG-1",1202,"Fibroblast 3 (Adam12)"
"e16_s1_ACTGTGACAGTGTGGA-1",1411,"Fibroblast 4 (Kcnn3)"
"e16_s1_ACTTAGGAGGACGCAT-1",2316,"ICC"
"e16_s1_ACTTAGGGTTTAGAGA-1",2203,"Endothelial"
"e16_s1_ACTTAGGTCATCGACA-1",1549,"Fibroblast 2 (Fndc1/Dpt)"
"e16_s1_ACTTAGGTCCCATGGG-1",1861,"Proliferative Fibroblast"
"e16_s1_ACTTATCGTCTCTCTG-1",916,"Proliferative Fibroblast"
"e16_s1_ACTTCCGCACCAAATC-1",2911,"Myofibroblast"
"e16_s1_ACTTCCGGTCTGATAC-1",1144,"Proliferative Fibroblast"
"e16_s1_ACTTCCGGTTACCCAA-1",3314,"Pericyte"
"e16_s1_ACTTCCGTCCACACAA-1",2928,"Fibroblast 6 (Lepr/Sp5)"
"e16_s1_ACTTCGCAGGGATCGT-1",945,"ICC"
"e16_s1_ACTTCGCGTGCCTAAT-1",1914,"Smooth muscle"
"e16_s1_ACTTTCACACAGCTGC-1",1408,"Fibroblast 5 (Mfap5/Grm3)"
"e16_s1_ACTTTCATCAGTGCGC-1",2347,"Fibroblast 3 (Adam12)"
"e16_s1_ACTTTGTAGGGAGGCA-1",598,"Fibroblast 1 (Col6a4/Adamdec1)"
"e16_s1_ACTTTGTGTCACTACA-1",3251,"Fibroblast 5 (Mfap5/Grm3)"
"e16_s1_ACTTTGTGTTGTACGT-1",2048,"Fibroblast 2 (Fndc1/Dpt)"
"e16_s1_ACTTTGTTCATCACCC-1",2787,"Pericyte"
"e16_s1_ACTTTGTTCTAGGCCG-1",3318,"Fibroblast 5 (Mfap5/Grm3)"
"e16_s1_ACTTTGTTCTGAGATC-1",1434,"Fibroblast 4 (Kcnn3)"
"e16_s1_ACTTTGTTCTTCCCAG-1",3312,"Fibroblast 5 (Mfap5/Grm3)"
"e16_s1_AGAAATGAGCACCAGA-1",1213,"Endothelial"
"e16_s1_AGAAATGAGGTACAGC-1",3207,"Fibroblast 2 (Fndc1/Dpt)"
"e16_s1_AGAAATGAGTAACGTA-1",1638,"Mesothelial"
"e16_s1_AGAAATGCAACACACT-1",2307,"Fibroblast 1 (Col6a4/Adamdec1)"
"e16_s1_AGAAATGCAGCCCAGT-1",2690,"Fibroblast 2 (Fndc1/Dpt)"
"e16_s1_AGAAATGTCCGTCCTA-1",2307,"Fibroblast 1 (Col6a4/Adamdec1)"
"e16_s1_AGAAATGTCTCCGTGT-1",2110,"Pericyte"
"e16_s1_AGAACAAAGGTGCAGT-1",1914,"Proliferative Smooth muscle"
"e16_s1_AGAACAAGTCGGCCTA-1",3251,"Fibroblast 1 (Col6a4/Adamdec1)"
"e16_s1_AGAACAAGTTAACAGA-1",3166,"ICC"
"e16_s1_AGAACCTAGGGCTTCC-1",2217,"Fibroblast 4 (Kcnn3)"
"e16_s1_AGAACCTGTCATCTAG-1",1158,"Fibroblast 2 (Fndc1/Dpt)"
"e16_s1_AGAACCTGTGTTCCTC-1",2787,"Fibroblast 6 (Lepr/Sp5)"
"e16_s1_AGAACCTGTTACCTTT-1",984,"Myofibroblast"
"e16_s1_AGAAGCGCAGAACATA-1",1576,"Fibroblast 1 (Col6a4/Adamdec1)"
"e16_s1_AGAAGCGCATCCGGCA-1",2928,"Fibroblast 2 (Fndc1/Dpt)"
"e16_s1_AGAAGCGTCACAACCA-1",1576,"Fibroblast 4 (Kcnn3)"
"e16_s1_AGAAGCGTCAGACAAA-1",1178,"Proliferative Fibroblast"
"e16_s1_AGAAGCGTCCGACATA-1",938,"Fibroblast 6 (Lepr/Sp5)"
"e16_s1_AGAAGTAAGCTACTGT-1",3251,"Mesothelial"
"e16_s1_AGAAGTACATGTGCCG-1",2307,"Proliferative Fibroblast"
"e16_s1_AGAAGTATCGCTTGAA-1",2754,"Endothelial"
"e16_s1_AGACAAAAGCACCTGC-1",2110,"Fibroblast 5 (Mfap5/Grm3)"
"e16_s1_AGACAAAAGCTGCGAA-1",2040,"Smooth muscle"
"e16_s1_AGACAAAAGGACACTG-1",1158,"Pericyte"
"e16_s1_AGACAAAGTACTAAGA-1",2396,"Fibroblast 1 (Col6a4/Adamdec1)"
"e16_s1_AGACAAATCGAGTACT-1",2307,"Fibroblast 1 (Col6a4/Adamdec1)"
"e16_s1_AGACAAATCGTTAGTG-1",3083,"Fibroblast 5 (Mfap5/Grm3)"
"e16_s1_AGACACTCAGCTTTCC-1",1138,"Fibroblast 1 (Col6a4/Adamdec1)"
"e16_s1_AGACACTTCAGCGCAC-1",833,"Mesothelial"
"e16_s1_AGACACTTCGTAACTG-1",2891,"Fibroblast 6 (Lepr/Sp5)"
"e16_s1_AGACAGGAGATCGCCC-1",1933,"Smooth muscle"
"e16_s1_AGACCATCACACACGC-1",2605,"Fibroblast 6 (Lepr/Sp5)"
"e16_s1_AGACCATTCAAGGAGC-1",656,"Myofibroblast"
"e16_s1_AGACCATTCGATTGGT-1",1861,"Fibroblast 2 (Fndc1/Dpt)"
"e16_s1_AGACCCGAGAGCCGAT-1",1914,"Myofibroblast"
"e16_s1_AGACCCGAGTTGAATG-1",3251,"Proliferative Smooth muscle"
"e16_s1_AGACCCGCAAACCACT-1",3041,"Fibroblast 2 (Fndc1/Dpt)"
"e16_s1_AGACCCGTCAATCCGA-1",1914,"Smooth muscle"
"e16_s1_AGACCCGTCATTCGTT-1",1667,"Smooth muscle"
"e16_s1_AGACCCGTCCATTGCC-1",2307,"Fibroblast 5 (Mfap5/Grm3)"
"e16_s1_AGACCCGTCGAGCCTG-1",1026,"Endothelial"
"e16_s1_AGACCCGTCGTCAAAC-1",1860,"Proliferative Fibroblast"
"e16_s1_AGACTCAAGGCCATAG-1",1091,"Mesothelial"
"e16_s1_AGAGAATGTGGTCCGT-1",2787,"Fibroblast 6 (Lepr/Sp5)"
"e16_s1_AGAGAATTCGCACTCT-1",3251,"Myofibroblast"
"e16_s1_AGAGAGCAGCAACAGC-1",1158,"Fibroblast 2 (Fndc1/Dpt)"
"e16_s1_AGAGAGCCAAATGGCG-1",1704,"Myeloid"
"e16_s1_AGAGAGCCACTCCGGA-1",1997,"Fibroblast 3 (Adam12)"
"e16_s1_AGAGCAGCACACCTAA-1",1138,"Smooth muscle"
"e16_s1_AGAGCAGGTTACTCAG-1",829,"ICC"
"e16_s1_AGAGCCCAGCACGATG-1",833,"Mesothelial"
"e16_s1_AGATAGAAGCGGTATG-1",2928,"Fibroblast 2 (Fndc1/Dpt)"
"e16_s1_AGATAGAAGTCGAAGC-1",1576,"Fibroblast 6 (Lepr/Sp5)"
"e16_s1_AGATAGAGTCTACAGT-1",1596,"Fibroblast 2 (Fndc1/Dpt)"
"e16_s1_AGATAGAGTGAATATG-1",3251,"Myofibroblast"
"e16_s1_AGATCCAAGAAACCCG-1",2918,"ICC"
"e16_s1_AGATCCAAGTGGAATT-1",1179,"Fibroblast 2 (Fndc1/Dpt)"
"e16_s1_AGATCCACACGCAAAG-1",2690,"Fibroblast 1 (Col6a4/Adamdec1)"
"e16_s1_AGATCGTAGATAGTCA-1",1667,"Fibroblast 5 (Mfap5/Grm3)"
"e16_s1_AGATCGTAGGATGTTA-1",2928,"Fibroblast 4 (Kcnn3)"
"e16_s1_AGATCGTCAGGATCTT-1",3083,"Fibroblast 2 (Fndc1/Dpt)"
"e16_s1_AGATCGTCATAAGCGG-1",2203,"Endothelial"
"e16_s1_AGATCGTGTCGTGCCA-1",2040,"Myofibroblast"
"e16_s1_AGATGAATCCTAAACG-1",3215,"Smooth muscle"
"e16_s1_AGATGCTAGCAATTAG-1",2690,"Proliferative Smooth muscle"
"e16_s1_AGATGCTAGGAGAATG-1",676,"Fibroblast 4 (Kcnn3)"
"e16_s1_AGATGCTTCCTGTTAT-1",2928,"Fibroblast 4 (Kcnn3)"
"e16_s1_AGATGCTTCGACGATT-1",1213,"Endothelial"
"e16_s1_AGATGCTTCGTCGGGT-1",2185,"Fibroblast 5 (Mfap5/Grm3)"
"e16_s1_AGATGCTTCTGGCCTT-1",916,"Fibroblast 1 (Col6a4/Adamdec1)"
"e16_s1_AGCATCACAGACACAG-1",1914,"Smooth muscle"
"e16_s1_AGCATCATCTTCGTGC-1",2217,"Fibroblast 2 (Fndc1/Dpt)"
"e16_s1_AGCCAATAGGACCCAA-1",656,"Fibroblast 1 (Col6a4/Adamdec1)"
"e16_s1_AGCCAATAGGACTAAT-1",1914,"Mesothelial"
"e16_s1_AGCCAATAGGATTTGA-1",2380,"Fibroblast 1 (Col6a4/Adamdec1)"
"e16_s1_AGCCAATCACTCCGAG-1",815,"Fibroblast 2 (Fndc1/Dpt)"
"e16_s1_AGCCAATCACTGATTG-1",1860,"Fibroblast 1 (Col6a4/Adamdec1)"
"e16_s1_AGCCAATGTATAGCTC-1",2380,"Fibroblast 5 (Mfap5/Grm3)"
"e16_s1_AGCCAATGTGGCTGAA-1",2940,"Fibroblast 2 (Fndc1/Dpt)"
"e16_s1_AGCCAATGTGTGTCCG-1",2843,"Mesothelial"
"e16_s1_AGCCACGAGCATCTTG-1",2118,"Myofibroblast"
"e16_s1_AGCCACGCATCGTCCT-1",938,"Smooth muscle"
"e16_s1_AGCCACGGTCCTGTCT-1",952,"Endothelial"
"e16_s1_AGCCACGTCCGTTTCG-1",2928,"Fibroblast 1 (Col6a4/Adamdec1)"
"e16_s1_AGCCAGCGTCTGCATA-1",1144,"Fibroblast 1 (Col6a4/Adamdec1)"
"e16_s1_AGCCAGCTCCGCAGTG-1",1434,"Fibroblast 1 (Col6a4/Adamdec1)"
"e16_s1_AGCCAGCTCTACACAG-1",1976,"Fibroblast 2 (Fndc1/Dpt)"
"e16_s1_AGCGATTCAATGCTCA-1",2891,"Myofibroblast"
"e16_s1_AGCGATTCACTTGTCC-1",2203,"Endothelial"
"e16_s1_AGCGATTCAGAGGGTT-1",740,"Myofibroblast"
"e16_s1_AGCGATTCATGACGTT-1",2928,"Fibroblast 5 (Mfap5/Grm3)"
"e16_s1_AGCGCCAAGCGAGGAG-1",598,"Myofibroblast"
"e16_s1_AGCGCCAAGGTAGATT-1",2307,"Fibroblast 5 (Mfap5/Grm3)"
"e16_s1_AGCGCCACAGCCGGTT-1",2748,"Myofibroblast"
"e16_s1_AGCGCCAGTCTGTCCT-1",1914,"Fibroblast 2 (Fndc1/Dpt)"
"e16_s1_AGCGCTGAGCGACTTT-1",938,"Myofibroblast"
"e16_s1_AGCGCTGCAGTAGAGC-1",815,"Fibroblast 2 (Fndc1/Dpt)"
"e16_s1_AGCGCTGCATAGTCGT-1",1576,"Proliferative Fibroblast"
"e16_s1_AGCGCTGCATTCTCCG-1",2110,"Fibroblast 6 (Lepr/Sp5)"
"e16_s1_AGCGCTGGTCCACATA-1",3083,"Mesothelial"
"e16_s1_AGCGCTGGTCGGAACA-1",3207,"Fibroblast 5 (Mfap5/Grm3)"
"e16_s1_AGCGCTGTCCAAGCCG-1",2690,"Fibroblast 4 (Kcnn3)"
"e16_s1_AGCGTATAGAAGAACG-1",1595,"Proliferative Fibroblast"
"e16_s1_AGCGTATAGCACCCAC-1",2307,"Fibroblast 1 (Col6a4/Adamdec1)"
"e16_s1_AGCGTATCAGCTATTG-1",2928,"Proliferative Smooth muscle"
"e16_s1_AGCGTCGAGCCATCCG-1",2606,"ICC"
"e16_s1_AGCGTCGAGGCGCTCT-1",2911,"Myofibroblast"
"e16_s1_AGCGTCGCATCGGAGA-1",3369,"Fibroblast 2 (Fndc1/Dpt)"
"e16_s1_AGCTACAAGAAACACT-1",815,"Proliferative Smooth muscle"
"e16_s1_AGCTACAAGGATTCAA-1",2316,"Smooth muscle"
"e16_s1_AGCTACATCAGCTCTC-1",2690,"Myofibroblast"
"e16_s1_AGCTCAACAGTCCCGA-1",2911,"Myofibroblast"
"e16_s1_AGCTCAATCATAGCAC-1",984,"Smooth muscle"
"e16_s1_AGCTCAATCCACGTAA-1",916,"Proliferative Smooth muscle"
"e16_s1_AGCTTCCAGAAGTATC-1",3207,"Myofibroblast"
"e16_s1_AGCTTCCAGCATACTC-1",1555,"Endothelial"
"e16_s1_AGCTTCCCAACATCGT-1",3271,"Fibroblast 5 (Mfap5/Grm3)"
"e16_s1_AGCTTCCGTGGTTTAC-1",2483,"Fibroblast 1 (Col6a4/Adamdec1)"
"e16_s1_AGCTTCCGTTCCCACT-1",3369,"Myofibroblast"
"e16_s1_AGCTTCCGTTGACTAC-1",2928,"Smooth muscle"
"e16_s1_AGGAAATCATCTCATT-1",806,"Fibroblast 2 (Fndc1/Dpt)"
"e16_s1_AGGAAATGTATCGCTA-1",794,"Myofibroblast"
"e16_s1_AGGAAATGTATTAAGG-1",195,"Fibroblast 6 (Lepr/Sp5)"
"e16_s1_AGGAAATGTTGCTCAA-1",2064,"Fibroblast 3 (Adam12)"
"e16_s1_AGGAATACACCCTATC-1",1860,"Fibroblast 1 (Col6a4/Adamdec1)"
"e16_s1_AGGAATAGTCCGGCAT-1",676,"Fibroblast 3 (Adam12)"
"e16_s1_AGGAATAGTGACCTGC-1",1596,"Fibroblast 2 (Fndc1/Dpt)"
"e16_s1_AGGACGAGTGTGAGCA-1",938,"Fibroblast 3 (Adam12)"
"e16_s1_AGGACTTAGCCGAATG-1",2911,"Proliferative Fibroblast"
"e16_s1_AGGACTTCAGCTCTGG-1",815,"Fibroblast 6 (Lepr/Sp5)"
"e16_s1_AGGACTTCATAATGAG-1",2380,"Myofibroblast"
"e16_s1_AGGACTTCATTGCCGG-1",2940,"ICC"
"e16_s1_AGGACTTGTGCAGTGA-1",3127,"Smooth muscle"
"e16_s1_AGGACTTGTTACCCAA-1",676,"Proliferative Smooth muscle"
"e16_s1_AGGACTTGTTCCGTTC-1",2307,"Fibroblast 6 (Lepr/Sp5)"
"e16_s1_AGGACTTTCATCACTT-1",2940,"Fibroblast 5 (Mfap5/Grm3)"
"e16_s1_AGGAGGTAGTTCATCG-1",938,"Fibroblast 1 (Col6a4/Adamdec1)"
"e16_s1_AGGATAAAGAGTCGAC-1",2787,"Fibroblast 6 (Lepr/Sp5)"
"e16_s1_AGGATAAAGGGCTAAC-1",1778,"Fibroblast 2 (Fndc1/Dpt)"
"e16_s1_AGGATAAAGGTCCTGC-1",1667,"ICC"
"e16_s1_AGGATAACAGGGATAC-1",2048,"Smooth muscle"
"e16_s1_AGGATAACATGGCCAC-1",1595,"Pericyte"
"e16_s1_AGGATCTAGTCTAGCT-1",2928,"Proliferative Smooth muscle"
"e16_s1_AGGATCTCAGTCCGTG-1",2911,"Fibroblast 1 (Col6a4/Adamdec1)"
"e16_s1_AGGATCTGTAGATCCT-1",2928,"Fibroblast 6 (Lepr/Sp5)"
"e16_s1_AGGCATTAGTTAGTAG-1",984,"Fibroblast 3 (Adam12)"
"e16_s1_AGGCATTTCACCATGA-1",2203,"Endothelial"
"e16_s1_AGGCATTTCCTACGGG-1",2316,"Proliferative Fibroblast"
"e16_s1_AGGCATTTCTGAGAAA-1",2307,"Fibroblast 6 (Lepr/Sp5)"
"e16_s1_AGGCCACAGATGCAGC-1",1202,"Fibroblast 2 (Fndc1/Dpt)"
"e16_s1_AGGCCACAGTGCGACA-1",598,"Fibroblast 4 (Kcnn3)"
"e16_s1_AGGCCACGTAGCTCGC-1",2347,"Smooth muscle"
"e16_s1_AGGCCACTCTATTTCG-1",916,"Fibroblast 2 (Fndc1/Dpt)"
"e16_s1_AGGCCACTCTGAGGTT-1",3178,"Lymphoid"
"e16_s1_AGGCTGCAGCACTAGG-1",2936,"Proliferative Smooth muscle"
"e16_s1_AGGCTGCTCCAGTTCC-1",1860,"Fibroblast 6 (Lepr/Sp5)"
"e16_s1_AGGGAGTCAGCCGTTG-1",1596,"Pericyte"
"e16_s1_AGGGCCTAGACCATTC-1",2690,"Fibroblast 2 (Fndc1/Dpt)"
"e16_s1_AGGGCCTAGCTCGCAC-1",1158,"Fibroblast 6 (Lepr/Sp5)"
"e16_s1_AGGGCCTCAGGCACAA-1",1408,"Fibroblast 4 (Kcnn3)"
"e16_s1_AGGGCCTCATATGAAG-1",1638,"Smooth muscle"
"e16_s1_AGGGCCTCATGGGCAA-1",1144,"Pericyte"
"e16_s1_AGGGCCTGTATCAGCT-1",2836,"Endothelial"
"e16_s1_AGGGCCTTCTTCTGTA-1",916,"Fibroblast 5 (Mfap5/Grm3)"
"e16_s1_AGGGCTCAGCCTGCCA-1",2918,"Fibroblast 4 (Kcnn3)"
"e16_s1_AGGGCTCTCCCAACTC-1",2203,"Endothelial"
"e16_s1_AGGGTCCTCCCAACTC-1",2396,"ICC"
"e16_s1_AGGGTGAGTTCTCAGA-1",1144,"Smooth muscle"
"e16_s1_AGGGTTTAGACGACTG-1",3227,"Fibroblast 2 (Fndc1/Dpt)"
"e16_s1_AGGGTTTAGCAGCACA-1",2040,"Fibroblast 1 (Col6a4/Adamdec1)"
"e16_s1_AGGGTTTCAAGAATAC-1",1427,"Pericyte"
"e16_s1_AGGGTTTCAAGTAGTA-1",1861,"Pericyte"
"e16_s1_AGGGTTTCACGCTATA-1",2380,"Fibroblast 4 (Kcnn3)"
"e16_s1_AGGGTTTTCGTTCTAT-1",2307,"Fibroblast 1 (Col6a4/Adamdec1)"
"e16_s1_AGGTAGGCATGACTCA-1",1504,"Fibroblast 1 (Col6a4/Adamdec1)"
"e16_s1_AGGTCTACATTCAGCA-1",2918,"Fibroblast 6 (Lepr/Sp5)"
"e16_s1_AGGTCTAGTCATAACC-1",1861,"Fibroblast 5 (Mfap5/Grm3)"
"e16_s1_AGGTCTAGTGAACTAA-1",2893,"Fibroblast 2 (Fndc1/Dpt)"
"e16_s1_AGGTCTATCTATTGTC-1",2936,"Fibroblast 6 (Lepr/Sp5)"
"e16_s1_AGGTCTATCTGAGGCC-1",794,"Fibroblast 2 (Fndc1/Dpt)"
"e16_s1_AGGTCTATCTGCGGGT-1",1860,"Fibroblast 6 (Lepr/Sp5)"
"e16_s1_AGGTTACAGAGGGTGG-1",3251,"Fibroblast 2 (Fndc1/Dpt)"
"e16_s1_AGGTTACCACATTGTG-1",1555,"Endothelial"
"e16_s1_AGGTTACCAGAGTTCT-1",2110,"Proliferative Smooth muscle"
"e16_s1_AGGTTACCAGCCCACA-1",2217,"Fibroblast 2 (Fndc1/Dpt)"
"e16_s1_AGGTTACGTCATCGCG-1",1914,"Proliferative Fibroblast"
"e16_s1_AGGTTACTCGTTCGCT-1",3271,"ICC"
"e16_s1_AGGTTGTAGCAATAGT-1",815,"Mesothelial"
"e16_s1_AGGTTGTAGGTTAAAC-1",2843,"Smooth muscle"
"e16_s1_AGGTTGTCAGTTCACA-1",1158,"Fibroblast 1 (Col6a4/Adamdec1)"
"e16_s1_AGGTTGTCATGACGGA-1",1213,"Endothelial"
"e16_s1_AGGTTGTGTGCAGGAT-1",2064,"Smooth muscle"
"e16_s1_AGGTTGTTCAAGGTGG-1",3251,"Myofibroblast"
"e16_s1_AGGTTGTTCACGAACT-1",1768,"Myeloid"
"e16_s1_AGGTTGTTCCCAGGAC-1",2891,"Fibroblast 4 (Kcnn3)"
"e16_s1_AGTAACCAGACCCGCT-1",3251,"Mesothelial"
"e16_s1_AGTAACCAGCTTAAGA-1",1555,"Endothelial"
"e16_s1_AGTAACCCAGGACAGT-1",829,"Pericyte"
"e16_s1_AGTAACCCAGTTGCGC-1",1202,"Fibroblast 2 (Fndc1/Dpt)"
"e16_s1_AGTAACCTCATGTCTT-1",656,"Fibroblast 1 (Col6a4/Adamdec1)"
"e16_s1_AGTAACCTCCATCCGT-1",2891,"Smooth muscle"
"e16_s1_AGTACCAGTAGACGGT-1",598,"Fibroblast 1 (Col6a4/Adamdec1)"
"e16_s1_AGTACCATCCACAGCG-1",2940,"Fibroblast 1 (Col6a4/Adamdec1)"
"e16_s1_AGTACCATCCGTGCGA-1",1667,"Myofibroblast"
"e16_s1_AGTACCATCCTCACCA-1",1576,"Fibroblast 5 (Mfap5/Grm3)"
"e16_s1_AGTACTGCACATGAAA-1",2497,"Smooth muscle"
"e16_s1_AGTACTGGTCACTAGT-1",1198,"Fibroblast 3 (Adam12)"
"e16_s1_AGTAGCTGTTTCGATG-1",829,"Fibroblast 4 (Kcnn3)"
"e16_s1_AGTAGTCAGAGTCACG-1",2928,"Smooth muscle"
"e16_s1_AGTCACACATCTCCCA-1",2118,"ICC"
"e16_s1_AGTCACATCATGACAC-1",2911,"Proliferative Fibroblast"
"e16_s1_AGTCATGAGGTACATA-1",3207,"Fibroblast 6 (Lepr/Sp5)"
"e16_s1_AGTCATGCATCCAATG-1",3227,"Fibroblast 2 (Fndc1/Dpt)"
"e16_s1_AGTCATGTCCATTTCA-1",938,"Fibroblast 6 (Lepr/Sp5)"
"e16_s1_AGTCTCCAGAACCGCA-1",794,"Fibroblast 2 (Fndc1/Dpt)"
"e16_s1_AGTCTCCTCCGACAGC-1",2347,"Fibroblast 1 (Col6a4/Adamdec1)"
"e16_s1_AGTCTCCTCGGCATCG-1",2787,"Smooth muscle"
"e16_s1_AGTGACTCAGCGCTTG-1",1555,"Endothelial"
"e16_s1_AGTGACTGTGCGAGTA-1",1504,"Fibroblast 1 (Col6a4/Adamdec1)"
"e16_s1_AGTGACTGTTAAGGGC-1",2928,"Mesothelial"
"e16_s1_AGTGACTTCGTAGCCG-1",2203,"Endothelial"
"e16_s1_AGTGATCAGTGATAGT-1",1997,"Fibroblast 3 (Adam12)"
"e16_s1_AGTGATCAGTTCGGTT-1",3251,"Fibroblast 1 (Col6a4/Adamdec1)"
"e16_s1_AGTGATCCAGCTTCGG-1",1638,"ICC"
"e16_s1_AGTGATCCATCATGAC-1",1113,"Endothelial"
"e16_s1_AGTGATCGTTGAGTCT-1",1079,"Myofibroblast"
"e16_s1_AGTGTTGCAACTTGCA-1",1079,"Smooth muscle"
"e16_s1_AGTTAGCCAGATTAAG-1",833,"ICC"
"e16_s1_AGTTCCCAGAGAGGTA-1",2307,"Pericyte"
"e16_s1_AGTTCCCGTCCGGCAT-1",2928,"Smooth muscle"
"e16_s1_AGTTCGAGTGGTCCGT-1",2225,"Fibroblast 1 (Col6a4/Adamdec1)"
"e16_s1_ATACCGAAGATGTTGA-1",2307,"Pericyte"
"e16_s1_ATACCGACAAAGCTCT-1",3227,"Fibroblast 2 (Fndc1/Dpt)"
"e16_s1_ATACCGAGTGTTGAGG-1",1144,"Fibroblast 2 (Fndc1/Dpt)"
"e16_s1_ATACCGATCCCACAGG-1",2843,"Fibroblast 6 (Lepr/Sp5)"
"e16_s1_ATACCGATCCTGTAAG-1",2195,"Proliferative Fibroblast"
"e16_s1_ATACCGATCGACGAGA-1",3251,"Mesothelial"
"e16_s1_ATACCGATCGCTTACC-1",938,"Fibroblast 2 (Fndc1/Dpt)"
"e16_s1_ATACCTTCACGACGAA-1",1548,"Endothelial"
"e16_s1_ATACCTTGTCGCCACA-1",1861,"Fibroblast 1 (Col6a4/Adamdec1)"
"e16_s1_ATACCTTTCCACATAG-1",3328,"Fibroblast 2 (Fndc1/Dpt)"
"e16_s1_ATACTTCAGCTCTATG-1",2497,"Fibroblast 4 (Kcnn3)"
"e16_s1_ATACTTCCATGTGGTT-1",3207,"Fibroblast 5 (Mfap5/Grm3)"
"e16_s1_ATACTTCGTATGAGAT-1",1144,"Mesothelial"
"e16_s1_ATACTTCTCTGCGGAC-1",1411,"Fibroblast 6 (Lepr/Sp5)"
"e16_s1_ATAGACCAGCACGTCC-1",598,"Fibroblast 6 (Lepr/Sp5)"
"e16_s1_ATAGACCAGGCACTCC-1",1555,"Endothelial"
"e16_s1_ATAGACCGTCGAACGA-1",916,"Fibroblast 2 (Fndc1/Dpt)"
"e16_s1_ATAGAGAAGACGACTG-1",1144,"Pericyte"
"e16_s1_ATAGGCTAGTTTGGCT-1",3227,"Fibroblast 6 (Lepr/Sp5)"
"e16_s1_ATAGGCTTCAATCTCT-1",916,"Fibroblast 5 (Mfap5/Grm3)"
"e16_s1_ATATCCTAGGTGAGAA-1",2225,"Fibroblast 2 (Fndc1/Dpt)"
"e16_s1_ATATCCTCATAAGATG-1",1576,"Fibroblast 1 (Col6a4/Adamdec1)"
"e16_s1_ATATCCTGTGACAGGT-1",1504,"Fibroblast 6 (Lepr/Sp5)"
"e16_s1_ATATCCTTCTTCTAAC-1",2040,"Fibroblast 1 (Col6a4/Adamdec1)"
"e16_s1_ATCACAGAGTAGTGCG-1",1434,"Myofibroblast"
"e16_s1_ATCACAGGTAATGCTC-1",794,"Myofibroblast"
"e16_s1_ATCACAGGTTTAGAGA-1",2463,"Fibroblast 5 (Mfap5/Grm3)"
"e16_s1_ATCACGAAGGTACTGG-1",2690,"Fibroblast 2 (Fndc1/Dpt)"
"e16_s1_ATCACGAAGTTGTAAG-1",2911,"Fibroblast 5 (Mfap5/Grm3)"
"e16_s1_ATCACGAGTAACTTCG-1",2936,"Fibroblast 2 (Fndc1/Dpt)"
"e16_s1_ATCACGAGTACTCCCT-1",3369,"Fibroblast 2 (Fndc1/Dpt)"
"e16_s1_ATCACGATCGAATGCT-1",815,"ICC"
"e16_s1_ATCACTTCACTCTAGA-1",1035,"Fibroblast 3 (Adam12)"
"e16_s1_ATCACTTCATCCCGTT-1",1860,"Fibroblast 2 (Fndc1/Dpt)"
"e16_s1_ATCACTTGTGACAACG-1",2380,"Fibroblast 2 (Fndc1/Dpt)"
"e16_s1_ATCAGGTAGTAGGCCA-1",1079,"Fibroblast 4 (Kcnn3)"
"e16_s1_ATCAGGTTCGCTGACG-1",1555,"Endothelial"
"e16_s1_ATCATTCAGCTAGCCC-1",1768,"Myeloid"
"e16_s1_ATCATTCTCATTGAGC-1",3369,"ICC"
"e16_s1_ATCCACCAGCTTGTTG-1",2911,"Fibroblast 5 (Mfap5/Grm3)"
"e16_s1_ATCCACCAGGATGTTA-1",1914,"Mesothelial"
"e16_s1_ATCCACCAGGCATTTC-1",2928,"Fibroblast 6 (Lepr/Sp5)"
"e16_s1_ATCCACCCAAACTGCT-1",2347,"Fibroblast 4 (Kcnn3)"
"e16_s1_ATCCATTCAGCGTATT-1",1860,"Fibroblast 5 (Mfap5/Grm3)"
"e16_s1_ATCCATTGTCTACGAT-1",1411,"Fibroblast 2 (Fndc1/Dpt)"
"e16_s1_ATCCATTGTTCGTAAC-1",1113,"Endothelial"
"e16_s1_ATCCATTGTTGGTAGG-1",1138,"Fibroblast 2 (Fndc1/Dpt)"
"e16_s1_ATCCCTGAGGGCAAGG-1",668,"Myeloid"
"e16_s1_ATCCCTGCAGTAACCT-1",1549,"Fibroblast 1 (Col6a4/Adamdec1)"
"e16_s1_ATCCCTGCATGCCGCA-1",3207,"Smooth muscle"
"e16_s1_ATCCGTCAGATCCCGC-1",3127,"Fibroblast 5 (Mfap5/Grm3)"
"e16_s1_ATCCGTCCAACCTAAC-1",2940,"Mesothelial"
"e16_s1_ATCCGTCGTACGACTT-1",3369,"Fibroblast 1 (Col6a4/Adamdec1)"
"e16_s1_ATCCTATCAAGGCAAC-1",3207,"Fibroblast 1 (Col6a4/Adamdec1)"
"e16_s1_ATCGATGGTACGACTT-1",640,"ICC"
"e16_s1_ATCGATGGTGGTATGG-1",1593,"Smooth muscle"
"e16_s1_ATCGCCTAGTGAGGTC-1",2940,"Fibroblast 6 (Lepr/Sp5)"
"e16_s1_ATCGCCTGTAGTCGGA-1",2721,"Endothelial"
"e16_s1_ATCGCCTGTCCTACGG-1",916,"Fibroblast 1 (Col6a4/Adamdec1)"
"e16_s1_ATCGCCTGTTGTGCCG-1",1968,"Fibroblast 2 (Fndc1/Dpt)"
"e16_s1_ATCGGATCAAAGACGC-1",3083,"Mesothelial"
"e16_s1_ATCGGATCATCGATCA-1",2540,"Fibroblast 6 (Lepr/Sp5)"
"e16_s1_ATCGGATTCCAGTGCG-1",656,"Fibroblast 5 (Mfap5/Grm3)"
"e16_s1_ATCGGCGAGCAGTACG-1",2893,"Fibroblast 1 (Col6a4/Adamdec1)"
"e16_s1_ATCGGCGGTGAGTTGG-1",598,"Fibroblast 5 (Mfap5/Grm3)"
"e16_s1_ATCGGCGTCGAATGCT-1",815,"Fibroblast 1 (Col6a4/Adamdec1)"
"e16_s1_ATCGGCGTCGACGAGA-1",2497,"Fibroblast 5 (Mfap5/Grm3)"
"e16_s1_ATCGTAGCAAGTGTCT-1",2380,"Fibroblast 1 (Col6a4/Adamdec1)"
"e16_s1_ATCGTAGCACTACACA-1",1144,"Smooth muscle"
"e16_s1_ATCGTAGTCCGTGGCA-1",2396,"ICC"
"e16_s1_ATCGTCCAGTCAGAGC-1",2307,"Pericyte"
"e16_s1_ATCGTCCCATGTCGTA-1",2605,"Fibroblast 2 (Fndc1/Dpt)"
"e16_s1_ATCGTCCGTTATCTGG-1",815,"Fibroblast 1 (Col6a4/Adamdec1)"
"e16_s1_ATCGTCCTCCAAGCCG-1",1667,"Smooth muscle"
"e16_s1_ATCGTGACAAGGCGTA-1",2040,"Fibroblast 5 (Mfap5/Grm3)"
"e16_s1_ATCGTGACAGCTATAC-1",3083,"Proliferative Smooth muscle"
"e16_s1_ATCGTGACATCAGTGT-1",938,"Fibroblast 5 (Mfap5/Grm3)"
"e16_s1_ATCGTGATCCCGGTAG-1",815,"Myofibroblast"
"e16_s1_ATCGTGATCCGTGTGG-1",2787,"Myofibroblast"
"e16_s1_ATCTCTAGTTAATGAG-1",2307,"Fibroblast 5 (Mfap5/Grm3)"
"e16_s1_ATCTCTATCGCTGTTC-1",2928,"Fibroblast 1 (Col6a4/Adamdec1)"
"e16_s1_ATCTTCAAGTTCCGGC-1",3215,"Fibroblast 1 (Col6a4/Adamdec1)"
"e16_s1_ATCTTCACACCGTCTT-1",1024,"Endothelial"
"e16_s1_ATCTTCAGTAGATCCT-1",1860,"Fibroblast 2 (Fndc1/Dpt)"
"e16_s1_ATCTTCAGTCGTATGT-1",2483,"Fibroblast 5 (Mfap5/Grm3)"
"e16_s1_ATCTTCATCCGGTAGC-1",1549,"Pericyte"
"e16_s1_ATCTTCATCCTTATAC-1",2347,"Fibroblast 3 (Adam12)"
"e16_s1_ATGAAAGAGAGCAGAA-1",794,"Proliferative Fibroblast"
"e16_s1_ATGAAAGAGATGGCGT-1",2483,"Fibroblast 3 (Adam12)"
"e16_s1_ATGAAAGAGTCTAGAA-1",1113,"Endothelial"
"e16_s1_ATGAAAGGTATTCCTT-1",2483,"Fibroblast 4 (Kcnn3)"
"e16_s1_ATGACCAAGCATGAAT-1",2064,"Fibroblast 3 (Adam12)"
"e16_s1_ATGACCAAGGCTCTCG-1",2209,"Myeloid"
"e16_s1_ATGACCACACTACGGC-1",2911,"Fibroblast 1 (Col6a4/Adamdec1)"
"e16_s1_ATGACCACAGCGCTTG-1",815,"Fibroblast 6 (Lepr/Sp5)"
"e16_s1_ATGACCATCATCTATC-1",1144,"Smooth muscle"
"e16_s1_ATGACCATCTGCATGA-1",794,"Myofibroblast"
"e16_s1_ATGAGGGAGTCACGCC-1",1213,"Endothelial"
"e16_s1_ATGAGGGCATTACTCT-1",2483,"Fibroblast 6 (Lepr/Sp5)"
"e16_s1_ATGAGGGGTACGCGTC-1",3327,"Fibroblast 1 (Col6a4/Adamdec1)"
"e16_s1_ATGAGTCAGAGAGAAC-1",3340,"ICC"
"e16_s1_ATGAGTCAGGTTGGAC-1",2203,"Endothelial"
"e16_s1_ATGAGTCGTGGGTTGA-1",2217,"Smooth muscle"
"e16_s1_ATGAGTCGTTTGTTCT-1",2690,"Fibroblast 4 (Kcnn3)"
"e16_s1_ATGAGTCTCCCAGTGG-1",1576,"Myofibroblast"
"e16_s1_ATGATCGTCATGGGAG-1",1667,"Fibroblast 2 (Fndc1/Dpt)"
"e16_s1_ATGATCGTCTGGACTA-1",2307,"Fibroblast 6 (Lepr/Sp5)"
"e16_s1_ATGCATGCAAGTGATA-1",3207,"Fibroblast 1 (Col6a4/Adamdec1)"
"e16_s1_ATGCATGTCAAGTGGG-1",1504,"Pericyte"
"e16_s1_ATGCCTCCAACACGTT-1",3369,"Fibroblast 2 (Fndc1/Dpt)"
"e16_s1_ATGCCTCGTTCGGCTG-1",1739,"Mesothelial"
"e16_s1_ATGCCTCTCAACCCGG-1",916,"Fibroblast 1 (Col6a4/Adamdec1)"
"e16_s1_ATGCCTCTCTAACGCA-1",807,"Fibroblast 5 (Mfap5/Grm3)"
"e16_s1_ATGCGATCAGGGAGAG-1",1434,"Fibroblast 1 (Col6a4/Adamdec1)"
"e16_s1_ATGGAGGTCTCCGTGT-1",794,"Fibroblast 6 (Lepr/Sp5)"
"e16_s1_ATGGAGGTCTGAGCAT-1",2483,"Fibroblast 2 (Fndc1/Dpt)"
"e16_s1_ATGGATCCACACTGGC-1",1860,"Fibroblast 5 (Mfap5/Grm3)"
"e16_s1_ATGGGAGCAGCTCATA-1",3251,"Fibroblast 6 (Lepr/Sp5)"
"e16_s1_ATGGGAGGTACATTGC-1",1704,"Lymphoid"
"e16_s1_ATGGGTTCAAGTGGCA-1",1061,"Fibroblast 1 (Col6a4/Adamdec1)"
"e16_s1_ATGGGTTCACTATCGA-1",916,"Fibroblast 2 (Fndc1/Dpt)"
"e16_s1_ATGGGTTCATCCGAAT-1",3340,"Myofibroblast"
"e16_s1_ATGGGTTCATCCTCAC-1",3127,"Smooth muscle"
"e16_s1_ATGGGTTGTTTCCCAC-1",1667,"Myofibroblast"
"e16_s1_ATGGGTTTCAAGAGTA-1",2380,"Fibroblast 1 (Col6a4/Adamdec1)"
"e16_s1_ATGGGTTTCTTAAGGC-1",1158,"Myofibroblast"
"e16_s1_ATGGTTGGTGGCCACT-1",2928,"Fibroblast 6 (Lepr/Sp5)"
"e16_s1_ATGTCCCAGACTCGAG-1",1860,"Fibroblast 1 (Col6a4/Adamdec1)"
"e16_s1_ATGTCCCAGAGCTGAC-1",3251,"ICC"
"e16_s1_ATGTCCCGTGTTCCAA-1",2217,"Fibroblast 4 (Kcnn3)"
"e16_s1_ATGTCCCTCCGAGAAG-1",2843,"Smooth muscle"
"e16_s1_ATGTCTTAGCCTCCAG-1",1979,"Fibroblast 4 (Kcnn3)"
"e16_s1_ATTACCTAGAGCCATG-1",2893,"Fibroblast 6 (Lepr/Sp5)"
"e16_s1_ATTACCTAGCAGTACG-1",2916,"Smooth muscle"
"e16_s1_ATTACCTAGTATGTAG-1",2690,"Fibroblast 1 (Col6a4/Adamdec1)"
"e16_s1_ATTACTCAGAATAGTC-1",3083,"Fibroblast 2 (Fndc1/Dpt)"
"e16_s1_ATTACTCGTAGGGAGG-1",2843,"Fibroblast 2 (Fndc1/Dpt)"
"e16_s1_ATTACTCGTCAAACGG-1",1138,"Fibroblast 6 (Lepr/Sp5)"
"e16_s1_ATTACTCGTCAGGTAG-1",1322,"Proliferative Smooth muscle"
"e16_s1_ATTACTCGTGCACGCT-1",2754,"Endothelial"
"e16_s1_ATTATCCAGCATCAGG-1",2483,"Fibroblast 6 (Lepr/Sp5)"
"e16_s1_ATTATCCAGCCGAATG-1",794,"Myofibroblast"
"e16_s1_ATTATCCCAGTAGATA-1",3312,"Fibroblast 1 (Col6a4/Adamdec1)"
"e16_s1_ATTATCCGTCTCTCCA-1",3251,"Fibroblast 2 (Fndc1/Dpt)"
"e16_s1_ATTATCCTCAGCAGAG-1",2307,"Proliferative Fibroblast"
"e16_s1_ATTATCCTCCATGCAA-1",656,"Fibroblast 6 (Lepr/Sp5)"
"e16_s1_ATTCACTCAGTTCTAG-1",2307,"Proliferative Fibroblast"
"e16_s1_ATTCACTCATCCGGTG-1",2307,"Pericyte"
"e16_s1_ATTCAGGCAACACGAG-1",2040,"Fibroblast 1 (Col6a4/Adamdec1)"
"e16_s1_ATTCAGGCATCGGTTA-1",2748,"Smooth muscle"
"e16_s1_ATTCAGGGTCACTGAT-1",1914,"ICC"
"e16_s1_ATTCAGGGTTGCATTG-1",2209,"Myeloid"
"e16_s1_ATTCATCAGATGATTG-1",1860,"Fibroblast 1 (Col6a4/Adamdec1)"
"e16_s1_ATTCATCGTACGACAG-1",1914,"Fibroblast 6 (Lepr/Sp5)"
"e16_s1_ATTCATCGTACGTGAG-1",1861,"Fibroblast 5 (Mfap5/Grm3)"
"e16_s1_ATTCATCTCCAAGCTA-1",1704,"Myeloid"
"e16_s1_ATTCATCTCGCTGTTC-1",2307,"Fibroblast 6 (Lepr/Sp5)"
"e16_s1_ATTCCATAGAGGTCAC-1",656,"ICC"
"e16_s1_ATTCCATTCGATTTCT-1",1504,"Fibroblast 1 (Col6a4/Adamdec1)"
"e16_s1_ATTCCATTCTCTATAC-1",3369,"Myofibroblast"
"e16_s1_ATTCCCGGTCTCGGGT-1",1861,"Fibroblast 6 (Lepr/Sp5)"
"e16_s1_ATTCCCGTCTACCTTA-1",2891,"Fibroblast 2 (Fndc1/Dpt)"
"e16_s1_ATTCCTAGTCAAGCGA-1",3340,"Smooth muscle"
"e16_s1_ATTCCTATCGCACGAC-1",2721,"Endothelial"
"e16_s1_ATTCGTTAGTCTGGTT-1",2396,"Myofibroblast"
"e16_s1_ATTCGTTTCTCGCTCA-1",1144,"Fibroblast 3 (Adam12)"
"e16_s1_ATTCTACAGTAACCTC-1",3346,"Endothelial"
"e16_s1_ATTCTACAGTGGTCAG-1",640,"Mesothelial"
"e16_s1_ATTCTTGAGGCTTCCG-1",1144,"Smooth muscle"
"e16_s1_ATTCTTGAGTCAGGGT-1",2380,"Fibroblast 5 (Mfap5/Grm3)"
"e16_s1_ATTCTTGAGTCTGGTT-1",1555,"Endothelial"
"e16_s1_ATTCTTGCAGTGGGTA-1",938,"Fibroblast 4 (Kcnn3)"
"e16_s1_ATTGGGTCAAGGGCAT-1",1861,"Myofibroblast"
"e16_s1_ATTGGGTGTAAGATCA-1",916,"Fibroblast 1 (Col6a4/Adamdec1)"
"e16_s1_ATTGTTCAGGGAGGGT-1",2606,"Myofibroblast"
"e16_s1_ATTGTTCCACGGGCTT-1",2225,"Fibroblast 5 (Mfap5/Grm3)"
"e16_s1_ATTGTTCCATTCTCCG-1",2347,"Smooth muscle"
"e16_s1_ATTTACCAGTCTCCTC-1",1914,"ICC"
"e16_s1_ATTTACCCATAGATCC-1",2787,"Fibroblast 4 (Kcnn3)"
"e16_s1_ATTTACCGTAGGACCA-1",2443,"Smooth muscle"
"e16_s1_ATTTCACAGGAAGAAC-1",1179,"Fibroblast 4 (Kcnn3)"
"e16_s1_ATTTCACTCATTCACT-1",916,"Fibroblast 2 (Fndc1/Dpt)"
"e16_s1_ATTTCACTCCTGGGTG-1",1667,"Myofibroblast"
"e16_s1_ATTTCTGAGAATTGCA-1",815,"Pericyte"
"e16_s1_ATTTCTGCATAGGTTC-1",1997,"Proliferative Smooth muscle"
"e16_s1_ATTTCTGGTGCAATAA-1",2843,"Pericyte"
"e16_s1_ATTTCTGGTGGCTCTG-1",1576,"Myofibroblast"
"e16_s1_ATTTCTGGTTCTTCAT-1",2307,"Fibroblast 5 (Mfap5/Grm3)"
"e16_s1_ATTTCTGTCGTCGCTT-1",2307,"Fibroblast 4 (Kcnn3)"
"e16_s1_CAAAGAAAGAAGCCAC-1",2396,"Fibroblast 2 (Fndc1/Dpt)"
"e16_s1_CAAAGAACAGCTGTTA-1",846,"Fibroblast 6 (Lepr/Sp5)"
"e16_s1_CAAAGAAGTCGTAATC-1",1113,"Endothelial"
"e16_s1_CAAAGAATCCCGTTGT-1",1138,"Fibroblast 2 (Fndc1/Dpt)"
"e16_s1_CAAAGAATCGATACAC-1",2690,"Fibroblast 5 (Mfap5/Grm3)"
"e16_s1_CAACAACTCGAGGCAA-1",519,"Fibroblast 5 (Mfap5/Grm3)"
"e16_s1_CAACAACTCGTTCGCT-1",2316,"Fibroblast 1 (Col6a4/Adamdec1)"
"e16_s1_CAACAGTAGTAATCCC-1",3251,"Smooth muscle"
"e16_s1_CAACAGTCAACTCCAA-1",2928,"Fibroblast 6 (Lepr/Sp5)"
"e16_s1_CAACAGTCAGGGAGAG-1",2690,"Smooth muscle"
"e16_s1_CAACAGTTCGTGGCGT-1",1555,"Endothelial"
"e16_s1_CAACCAAAGAGTCTGG-1",1198,"Myofibroblast"
"e16_s1_CAACCAACAGAAGTTA-1",2928,"Fibroblast 6 (Lepr/Sp5)"
"e16_s1_CAACCAAGTGGATCAG-1",2040,"Fibroblast 6 (Lepr/Sp5)"
"e16_s1_CAACCTCCATCAGCGC-1",2690,"Fibroblast 5 (Mfap5/Grm3)"
"e16_s1_CAACCTCGTCAGGCAA-1",3207,"Fibroblast 1 (Col6a4/Adamdec1)"
"e16_s1_CAACCTCGTCTCACGG-1",2928,"Smooth muscle"
"e16_s1_CAACCTCGTGGCAGAT-1",829,"Smooth muscle"
"e16_s1_CAACGATAGGAAGTAG-1",1619,"Endothelial"
"e16_s1_CAACGATAGTCTGGAG-1",2911,"Fibroblast 2 (Fndc1/Dpt)"
"e16_s1_CAACGATTCGCCAATA-1",598,"Fibroblast 6 (Lepr/Sp5)"
"e16_s1_CAACGGCAGGAATGTT-1",2606,"Fibroblast 6 (Lepr/Sp5)"
"e16_s1_CAACGGCAGGCTGAAC-1",2347,"Fibroblast 1 (Col6a4/Adamdec1)"
"e16_s1_CAACGGCCAGCAGTCC-1",3207,"Fibroblast 1 (Col6a4/Adamdec1)"
"e16_s1_CAACGGCCATTGACCA-1",1079,"ICC"
"e16_s1_CAAGACTTCCCATTCG-1",1504,"Fibroblast 1 (Col6a4/Adamdec1)"
"e16_s1_CAAGACTTCTGCGGAC-1",2316,"Fibroblast 2 (Fndc1/Dpt)"
"e16_s1_CAAGAGGAGCACAAAT-1",3085,"Smooth muscle"
"e16_s1_CAAGAGGCACATCCCT-1",598,"Fibroblast 6 (Lepr/Sp5)"
"e16_s1_CAAGCTAAGATCGCTT-1",640,"Fibroblast 2 (Fndc1/Dpt)"
"e16_s1_CAAGCTAAGGGCAATC-1",1860,"Fibroblast 1 (Col6a4/Adamdec1)"
"e16_s1_CAAGCTATCCGTGGGT-1",1091,"Proliferative Fibroblast"
"e16_s1_CAAGCTATCGGAACTT-1",916,"ICC"
"e16_s1_CAAGGGAAGACTACCT-1",829,"Proliferative Smooth muscle"
"e16_s1_CAAGGGAAGGGTAGCT-1",916,"Fibroblast 2 (Fndc1/Dpt)"
"e16_s1_CAAGGGATCGGATTAC-1",640,"Fibroblast 2 (Fndc1/Dpt)"
"e16_s1_CAATACGAGTTGCCCG-1",1576,"Pericyte"
"e16_s1_CAATCGACATAAGATG-1",1061,"ICC"
"e16_s1_CAATCGAGTTACGCCG-1",2110,"Fibroblast 2 (Fndc1/Dpt)"
"e16_s1_CAATCGATCAGGACGA-1",1213,"Endothelial"
"e16_s1_CAATCGATCTACACAG-1",2203,"Endothelial"
"e16_s1_CAATGACAGCACACAG-1",3328,"Fibroblast 5 (Mfap5/Grm3)"
"e16_s1_CAATGACCAAATGGCG-1",2118,"ICC"
"e16_s1_CAATGACCATAGAATG-1",3227,"Fibroblast 1 (Col6a4/Adamdec1)"
"e16_s1_CAATGACGTAACATAG-1",3083,"Smooth muscle"
"e16_s1_CAATGACGTCCACATA-1",2497,"Myofibroblast"
"e16_s1_CAATGACTCAAGTCGT-1",1144,"ICC"
"e16_s1_CAATGACTCTCCTGAC-1",656,"Myofibroblast"
"e16_s1_CAATTTCAGGACTTCT-1",2225,"Fibroblast 5 (Mfap5/Grm3)"
"e16_s1_CAATTTCCACATGGTT-1",2893,"Fibroblast 1 (Col6a4/Adamdec1)"
"e16_s1_CAATTTCGTTAGAGTA-1",1411,"Fibroblast 2 (Fndc1/Dpt)"
"e16_s1_CACAACAAGCGCGTTC-1",2928,"Fibroblast 2 (Fndc1/Dpt)"
"e16_s1_CACAACAGTCCGGACT-1",2110,"Fibroblast 6 (Lepr/Sp5)"
"e16_s1_CACACAAGTGCCTGCA-1",984,"Myofibroblast"
"e16_s1_CACAGATAGGGTGAAA-1",1079,"Fibroblast 2 (Fndc1/Dpt)"
"e16_s1_CACAGATAGTGGAATT-1",3207,"Smooth muscle"
"e16_s1_CACAGATGTAGGTACG-1",2380,"Fibroblast 6 (Lepr/Sp5)"
"e16_s1_CACAGATGTCACTTCC-1",1619,"Endothelial"
"e16_s1_CACAGATGTCGCACAC-1",1576,"Fibroblast 5 (Mfap5/Grm3)"
"e16_s1_CACATGACAGTAACGG-1",1571,"Myofibroblast"
"e16_s1_CACATGATCACTGAAC-1",1860,"Fibroblast 5 (Mfap5/Grm3)"
"e16_s1_CACCAAACAATACGCT-1",2978,"Smooth muscle"
"e16_s1_CACCAAACAGAAGTTA-1",1079,"Fibroblast 2 (Fndc1/Dpt)"
"e16_s1_CACCAAATCATTTCGT-1",3051,"Fibroblast 2 (Fndc1/Dpt)"
"e16_s1_CACCAAATCTCCTGAC-1",3271,"Fibroblast 2 (Fndc1/Dpt)"
"e16_s1_CACCGTTGTAACTTCG-1",794,"Fibroblast 2 (Fndc1/Dpt)"
"e16_s1_CACCGTTGTAATTAGG-1",3178,"Myeloid"
"e16_s1_CACCGTTTCACGATAC-1",3369,"Myofibroblast"
"e16_s1_CACGAATCAGGATTCT-1",2064,"Fibroblast 3 (Adam12)"
"e16_s1_CACGAATGTGCGCTCA-1",1555,"Endothelial"
"e16_s1_CACGAATTCACCGGTG-1",2911,"Fibroblast 2 (Fndc1/Dpt)"
"e16_s1_CACGAATTCCTTGGAA-1",2891,"Fibroblast 2 (Fndc1/Dpt)"
"e16_s1_CACGGGTAGAAACTGT-1",2843,"Fibroblast 1 (Col6a4/Adamdec1)"
"e16_s1_CACGGGTGTGCTCTTC-1",1549,"Smooth muscle"
"e16_s1_CACGGGTTCCTCGATC-1",656,"Fibroblast 6 (Lepr/Sp5)"
"e16_s1_CACGTGGTCGGAATTC-1",3327,"Fibroblast 6 (Lepr/Sp5)"
"e16_s1_CACGTGGTCGTGGCTG-1",2928,"Smooth muscle"
"e16_s1_CACGTTCTCCGCACTT-1",2040,"Fibroblast 4 (Kcnn3)"
"e16_s1_CACTAAGAGAGCAAGA-1",1144,"Fibroblast 1 (Col6a4/Adamdec1)"
"e16_s1_CACTAAGAGCCACCGT-1",2605,"Smooth muscle"
"e16_s1_CACTAAGCAGGGTTGA-1",2380,"Myofibroblast"
"e16_s1_CACTAAGGTCACCGAC-1",3346,"Endothelial"
"e16_s1_CACTAAGTCAAATGCC-1",2497,"Myofibroblast"
"e16_s1_CACTAAGTCTACAGGT-1",846,"Proliferative Fibroblast"
"e16_s1_CACTGAAGTACTAAGA-1",2690,"ICC"
"e16_s1_CACTGAAGTTGTGGAG-1",1079,"Fibroblast 4 (Kcnn3)"
"e16_s1_CACTGAATCCAGTACA-1",2396,"Fibroblast 1 (Col6a4/Adamdec1)"
"e16_s1_CACTGGGCAATCGTCA-1",2690,"Fibroblast 5 (Mfap5/Grm3)"
"e16_s1_CACTGGGTCACGGGAA-1",938,"Fibroblast 1 (Col6a4/Adamdec1)"
"e16_s1_CACTGTCAGTCATGAA-1",1091,"Fibroblast 6 (Lepr/Sp5)"
"e16_s1_CACTGTCCAAGCCCAC-1",1213,"Endothelial"
"e16_s1_CACTGTCGTAATTAGG-1",2463,"Fibroblast 6 (Lepr/Sp5)"
"e16_s1_CACTGTCGTCACATTG-1",2040,"Smooth muscle"
"e16_s1_CACTGTCGTGACTCTA-1",676,"Fibroblast 3 (Adam12)"
"e16_s1_CACTTCGAGGAAGAAC-1",2307,"Fibroblast 1 (Col6a4/Adamdec1)"
"e16_s1_CACTTCGAGTATTCCG-1",3207,"Fibroblast 2 (Fndc1/Dpt)"
"e16_s1_CACTTCGCAGCGAACA-1",2307,"Fibroblast 2 (Fndc1/Dpt)"
"e16_s1_CACTTCGGTTCTTGTT-1",3051,"Smooth muscle"
"e16_s1_CAGAGCCAGGAAAGTG-1",2497,"Fibroblast 6 (Lepr/Sp5)"
"e16_s1_CAGAGCCCAAACACGG-1",1576,"Fibroblast 6 (Lepr/Sp5)"
"e16_s1_CAGAGCCCAGATTCGT-1",676,"Fibroblast 3 (Adam12)"
"e16_s1_CAGAGCCCATGTACGT-1",2928,"Fibroblast 2 (Fndc1/Dpt)"
"e16_s1_CAGATACCAAGCACAG-1",656,"Fibroblast 2 (Fndc1/Dpt)"
"e16_s1_CAGATACGTACGAGCA-1",2307,"Fibroblast 1 (Col6a4/Adamdec1)"
"e16_s1_CAGATACTCGGCAGTC-1",2347,"ICC"
"e16_s1_CAGATACTCGTTGCCT-1",1555,"Endothelial"
"e16_s1_CAGATACTCTGCATGA-1",916,"Fibroblast 1 (Col6a4/Adamdec1)"
"e16_s1_CAGATCAGTAGCTTGT-1",3251,"Fibroblast 2 (Fndc1/Dpt)"
"e16_s1_CAGATTGAGCTGAAAT-1",656,"Fibroblast 1 (Col6a4/Adamdec1)"
"e16_s1_CAGATTGCAATGAAAC-1",2203,"Endothelial"
"e16_s1_CAGATTGCATTGCTGA-1",1427,"Fibroblast 2 (Fndc1/Dpt)"
"e16_s1_CAGATTGTCACGACTA-1",2217,"Myofibroblast"
"e16_s1_CAGATTGTCTATCGTT-1",646,"Smooth muscle"
"e16_s1_CAGCAATCACGAGGAT-1",1158,"Pericyte"
"e16_s1_CAGCAATGTGGCGCTT-1",656,"Fibroblast 1 (Col6a4/Adamdec1)"
"e16_s1_CAGCAATTCAGACCGC-1",815,"Proliferative Fibroblast"
"e16_s1_CAGCAATTCATTTACC-1",938,"Fibroblast 6 (Lepr/Sp5)"
"e16_s1_CAGCACGAGCTAGAGC-1",2978,"Fibroblast 4 (Kcnn3)"
"e16_s1_CAGCACGGTGACATCT-1",3369,"Fibroblast 2 (Fndc1/Dpt)"
"e16_s1_CAGCACGGTGTATTGC-1",3251,"Fibroblast 6 (Lepr/Sp5)"
"e16_s1_CAGCACGGTTGTGTAC-1",2110,"Fibroblast 5 (Mfap5/Grm3)"
"e16_s1_CAGCAGCAGATACATG-1",746,"Fibroblast 5 (Mfap5/Grm3)"
"e16_s1_CAGCAGCAGGGACTGT-1",2721,"Endothelial"
"e16_s1_CAGCCAGAGATGAACT-1",598,"Fibroblast 6 (Lepr/Sp5)"
"e16_s1_CAGCCAGAGATGTAGT-1",1860,"Fibroblast 1 (Col6a4/Adamdec1)"
"e16_s1_CAGCCAGAGGAAGTCC-1",3083,"Fibroblast 5 (Mfap5/Grm3)"
"e16_s1_CAGCCAGCATGGGATG-1",3251,"Myofibroblast"
"e16_s1_CAGCCAGGTGTTCAGT-1",2225,"Fibroblast 2 (Fndc1/Dpt)"
"e16_s1_CAGCGTGAGTCATCGT-1",740,"Fibroblast 3 (Adam12)"
"e16_s1_CAGCGTGCACAAATAG-1",2928,"Fibroblast 6 (Lepr/Sp5)"
"e16_s1_CAGCGTGGTTTACGTG-1",2742,"Lymphoid"
"e16_s1_CAGGCCAGTGAGACCA-1",1638,"Myofibroblast"
"e16_s1_CAGGCCAGTGTATCCA-1",1861,"Fibroblast 2 (Fndc1/Dpt)"
"e16_s1_CAGGCCATCGTGCATA-1",491,"Fibroblast 1 (Col6a4/Adamdec1)"
"e16_s1_CAGGGCTCAGACGGAT-1",3251,"Fibroblast 2 (Fndc1/Dpt)"
"e16_s1_CAGGGCTGTCTCGGAC-1",2911,"Fibroblast 1 (Col6a4/Adamdec1)"
"e16_s1_CAGGTATAGCAACAAT-1",2307,"Fibroblast 6 (Lepr/Sp5)"
"e16_s1_CAGGTATCAATGCAGG-1",1861,"ICC"
"e16_s1_CAGGTATCACAACGTT-1",938,"Proliferative Fibroblast"
"e16_s1_CAGGTATCATCCGTGG-1",2307,"Fibroblast 2 (Fndc1/Dpt)"
"e16_s1_CAGGTATGTAATTGGA-1",829,"Proliferative Smooth muscle"
"e16_s1_CAGGTATGTTGCGAAG-1",829,"Smooth muscle"
"e16_s1_CAGTGCGAGCCTTGAT-1",3041,"Proliferative Smooth muscle"
"e16_s1_CAGTGCGGTCTTTCTA-1",1861,"Fibroblast 2 (Fndc1/Dpt)"
"e16_s1_CAGTTAGCAGACAAAT-1",746,"Fibroblast 2 (Fndc1/Dpt)"
"e16_s1_CAGTTAGCATTGCCTC-1",846,"Fibroblast 1 (Col6a4/Adamdec1)"
"e16_s1_CAGTTAGTCACCTCAC-1",2606,"Fibroblast 6 (Lepr/Sp5)"
"e16_s1_CAGTTAGTCGTGGAAG-1",2040,"Smooth muscle"
"e16_s1_CAGTTCCCACAAGCCC-1",1158,"Fibroblast 6 (Lepr/Sp5)"
"e16_s1_CAGTTCCGTGTGTCCG-1",1962,"Fibroblast 6 (Lepr/Sp5)"
"e16_s1_CATAAGCAGGGTTAAT-1",2540,"ICC"
"e16_s1_CATAAGCAGTCCCAGC-1",2307,"Fibroblast 6 (Lepr/Sp5)"
"e16_s1_CATAAGCCAAGTGGGT-1",2380,"Smooth muscle"
"e16_s1_CATAAGCCACTAGGCC-1",794,"Fibroblast 2 (Fndc1/Dpt)"
"e16_s1_CATAAGCCACTTACAG-1",1914,"ICC"
"e16_s1_CATACAGAGGCAGCTA-1",1667,"ICC"
"e16_s1_CATACAGAGTAACCTC-1",1113,"Endothelial"
"e16_s1_CATACAGGTACCTAGT-1",3340,"Fibroblast 4 (Kcnn3)"
"e16_s1_CATACAGTCTTCACAT-1",2843,"Fibroblast 4 (Kcnn3)"
"e16_s1_CATACCCAGTCGCCCA-1",2307,"Fibroblast 4 (Kcnn3)"
"e16_s1_CATACCCTCAAAGAAC-1",1202,"Fibroblast 3 (Adam12)"
"e16_s1_CATACCCTCTATCACT-1",815,"Fibroblast 1 (Col6a4/Adamdec1)"
"e16_s1_CATACCCTCTGCACCT-1",3021,"Mesothelial"
"e16_s1_CATACTTCATGGGTCC-1",2380,"Fibroblast 5 (Mfap5/Grm3)"
"e16_s1_CATACTTGTGCAATAA-1",2307,"Fibroblast 1 (Col6a4/Adamdec1)"
"e16_s1_CATACTTTCCATGAGT-1",2307,"Fibroblast 2 (Fndc1/Dpt)"
"e16_s1_CATACTTTCTGGGATT-1",794,"Myofibroblast"
"e16_s1_CATAGACAGAGAGAAC-1",1411,"Mesothelial"
"e16_s1_CATAGACCAAGGCTTT-1",2110,"Fibroblast 1 (Col6a4/Adamdec1)"
"e16_s1_CATAGACCACCTCTAC-1",3207,"Fibroblast 2 (Fndc1/Dpt)"
"e16_s1_CATAGACCAGATCCTA-1",794,"Fibroblast 2 (Fndc1/Dpt)"
"e16_s1_CATAGACCATTCAGGT-1",2911,"Myofibroblast"
"e16_s1_CATCAAGCAGAAGCGT-1",938,"Proliferative Smooth muscle"
"e16_s1_CATCAAGGTTTCGTGA-1",1576,"Myofibroblast"
"e16_s1_CATCCACCAGTAACGG-1",2347,"Fibroblast 1 (Col6a4/Adamdec1)"
"e16_s1_CATCCACGTGCTGATT-1",2690,"Fibroblast 1 (Col6a4/Adamdec1)"
"e16_s1_CATCCCAGTTACCCAA-1",598,"Proliferative Fibroblast"
"e16_s1_CATCCCATCTCTGGTC-1",2940,"Smooth muscle"
"e16_s1_CATCCGTCAGGTTACT-1",3207,"Fibroblast 6 (Lepr/Sp5)"
"e16_s1_CATCCGTTCGGCTCTT-1",1113,"Endothelial"
"e16_s1_CATCGCTAGTTCATGC-1",646,"Fibroblast 6 (Lepr/Sp5)"
"e16_s1_CATCGCTGTGTTAAAG-1",938,"Fibroblast 5 (Mfap5/Grm3)"
"e16_s1_CATCGCTTCGCGCTGA-1",2396,"Fibroblast 2 (Fndc1/Dpt)"
"e16_s1_CATCGCTTCTATCGCC-1",1918,"Endothelial"
"e16_s1_CATCGGGAGCGTTCAT-1",2928,"Fibroblast 2 (Fndc1/Dpt)"
"e16_s1_CATCGGGCAGGAAGTC-1",2690,"Fibroblast 6 (Lepr/Sp5)"
"e16_s1_CATCGGGCAGTGTATC-1",2110,"Fibroblast 2 (Fndc1/Dpt)"
"e16_s1_CATCGGGTCCCAAGTA-1",1861,"Fibroblast 2 (Fndc1/Dpt)"
"e16_s1_CATCGTCAGCTCACTA-1",1933,"Fibroblast 4 (Kcnn3)"
"e16_s1_CATCGTCAGTTCCATG-1",1079,"Fibroblast 4 (Kcnn3)"
"e16_s1_CATCGTCTCTTTACAC-1",2396,"Proliferative Fibroblast"
"e16_s1_CATGAGTGTATAGGAT-1",2483,"Myofibroblast"
"e16_s1_CATGAGTGTGCTCCGA-1",1504,"Fibroblast 6 (Lepr/Sp5)"
"e16_s1_CATGCAAAGTCCGCGT-1",1144,"Smooth muscle"
"e16_s1_CATGCAACAAACACCT-1",2891,"Fibroblast 1 (Col6a4/Adamdec1)"
"e16_s1_CATGCAAGTCCATCTC-1",3140,"Fibroblast 4 (Kcnn3)"
"e16_s1_CATGCAATCCGCAAAT-1",2787,"Mesothelial"
"e16_s1_CATGCGGAGAGCATTA-1",1860,"Fibroblast 2 (Fndc1/Dpt)"
"e16_s1_CATGCTCAGGAGAGTA-1",598,"Fibroblast 6 (Lepr/Sp5)"
"e16_s1_CATGCTCTCCGTCCTA-1",3178,"Lymphoid"
"e16_s1_CATGCTCTCTGCGGGT-1",2307,"Fibroblast 2 (Fndc1/Dpt)"
"e16_s1_CATGGATCAACCAACT-1",2690,"Myofibroblast"
"e16_s1_CATGGATTCAATGCAC-1",2497,"Fibroblast 2 (Fndc1/Dpt)"
"e16_s1_CATGGATTCTGGAGAG-1",2843,"Myofibroblast"
"e16_s1_CATGGTACAGGCCCTA-1",2690,"Fibroblast 2 (Fndc1/Dpt)"
"e16_s1_CATGGTACAGTCAACT-1",2918,"Fibroblast 4 (Kcnn3)"
"e16_s1_CATGGTAGTGCTCGTG-1",1768,"Myeloid"
"e16_s1_CATGGTAGTGTGTCGC-1",2540,"Myofibroblast"
"e16_s1_CATTCATAGAATAACC-1",2606,"Smooth muscle"
"e16_s1_CATTCATTCAAGCCGC-1",1154,"Smooth muscle"
"e16_s1_CATTCATTCCATAAGC-1",2064,"Myofibroblast"
"e16_s1_CATTCATTCGGTCAGC-1",2307,"Fibroblast 6 (Lepr/Sp5)"
"e16_s1_CATTCCGAGGCTATCT-1",2064,"Fibroblast 3 (Adam12)"
"e16_s1_CATTCCGCACGACAAG-1",815,"Fibroblast 1 (Col6a4/Adamdec1)"
"e16_s1_CATTCCGGTCTTGCTC-1",2347,"Smooth muscle"
"e16_s1_CATTCCGTCGCCGAAC-1",1144,"Fibroblast 4 (Kcnn3)"
"e16_s1_CATTCTACAAGGTTGG-1",2307,"Fibroblast 6 (Lepr/Sp5)"
"e16_s1_CATTCTACACGTCGGT-1",3271,"Fibroblast 6 (Lepr/Sp5)"
"e16_s1_CATTCTAGTTGGGACA-1",829,"Fibroblast 2 (Fndc1/Dpt)"
"e16_s1_CATTGAGCAACGGCCT-1",815,"Fibroblast 2 (Fndc1/Dpt)"
"e16_s1_CATTGAGCATAATCCG-1",916,"Fibroblast 2 (Fndc1/Dpt)"
"e16_s1_CATTGAGGTTACTCAG-1",3251,"Proliferative Smooth muscle"
"e16_s1_CATTGAGGTTCAATCG-1",1593,"Smooth muscle"
"e16_s1_CATTGCCAGCGTCTGC-1",1549,"Fibroblast 5 (Mfap5/Grm3)"
"e16_s1_CATTGCCAGGGAGGCA-1",2064,"Fibroblast 5 (Mfap5/Grm3)"
"e16_s1_CATTGCCAGGTTCCAT-1",598,"Fibroblast 6 (Lepr/Sp5)"
"e16_s1_CATTGCCTCCGATGTA-1",2307,"Fibroblast 4 (Kcnn3)"
"e16_s1_CATTGTTCATGCCGCA-1",2307,"Fibroblast 1 (Col6a4/Adamdec1)"
"e16_s1_CATTGTTCATTGTAGC-1",1576,"Myofibroblast"
"e16_s1_CATTGTTGTAGGTCAG-1",598,"Smooth muscle"
"e16_s1_CATTGTTTCGCGCCAA-1",2040,"Smooth muscle"
"e16_s1_CATTGTTTCTCAGGCG-1",916,"Proliferative Fibroblast"
"e16_s1_CATTTCACAACGACTT-1",2742,"Myeloid"
"e16_s1_CATTTCAGTACCTGTA-1",3307,"Fibroblast 5 (Mfap5/Grm3)"
"e16_s1_CATTTCAGTGAGTGAC-1",3178,"Myeloid"
"e16_s1_CCAAGCGAGATCCCGC-1",2787,"Smooth muscle"
"e16_s1_CCAAGCGCATAACAGA-1",1595,"Fibroblast 1 (Col6a4/Adamdec1)"
"e16_s1_CCAAGCGTCAACGTGT-1",2918,"Fibroblast 4 (Kcnn3)"
"e16_s1_CCAATGAGTGCCCAGT-1",2497,"Smooth muscle"
"e16_s1_CCAATGAGTTGTCCCT-1",714,"Fibroblast 3 (Adam12)"
"e16_s1_CCAATGATCTAAGAAG-1",1091,"Myofibroblast"
"e16_s1_CCAATTTAGCTCGGCT-1",2836,"Endothelial"
"e16_s1_CCAATTTAGGTAAAGG-1",2826,"Fibroblast 4 (Kcnn3)"
"e16_s1_CCAATTTAGTCAAGCG-1",640,"Myofibroblast"
"e16_s1_CCAATTTGTGATTCTG-1",1861,"Fibroblast 4 (Kcnn3)"
"e16_s1_CCAATTTGTTAGGACG-1",1179,"Fibroblast 3 (Adam12)"
"e16_s1_CCAATTTTCAAAGAAC-1",2203,"Endothelial"
"e16_s1_CCAATTTTCACGTCCT-1",3251,"Proliferative Fibroblast"
"e16_s1_CCAATTTTCTGGTCAA-1",2940,"Fibroblast 4 (Kcnn3)"
"e16_s1_CCACAAAAGGAAGTCC-1",3327,"Fibroblast 5 (Mfap5/Grm3)"
"e16_s1_CCACAAACATCATTGG-1",2690,"Fibroblast 1 (Col6a4/Adamdec1)"
"e16_s1_CCACAAATCATTACGG-1",295,"Fibroblast 6 (Lepr/Sp5)"
"e16_s1_CCACACTAGACTTGTC-1",2605,"Fibroblast 5 (Mfap5/Grm3)"
"e16_s1_CCACACTAGGTAACTA-1",2690,"Fibroblast 2 (Fndc1/Dpt)"
"e16_s1_CCACACTCAGAGGCAT-1",3271,"Fibroblast 4 (Kcnn3)"
"e16_s1_CCACACTTCATCTATC-1",1035,"Fibroblast 3 (Adam12)"
"e16_s1_CCACCATCAGACGGAT-1",598,"Fibroblast 2 (Fndc1/Dpt)"
"e16_s1_CCACCATGTAGCCCTG-1",916,"Fibroblast 2 (Fndc1/Dpt)"
"e16_s1_CCACCATTCCGATTAG-1",938,"Fibroblast 1 (Col6a4/Adamdec1)"
"e16_s1_CCACGAGTCTGGAAGG-1",2606,"Myofibroblast"
"e16_s1_CCACGTTGTTGAATCC-1",851,"Myeloid"
"e16_s1_CCACTTGCAAATCGGG-1",2690,"Fibroblast 1 (Col6a4/Adamdec1)"
"e16_s1_CCACTTGGTTCCTAAG-1",3083,"Fibroblast 6 (Lepr/Sp5)"
"e16_s1_CCATAAGGTGGTAACG-1",2928,"Smooth muscle"
"e16_s1_CCATAAGTCAGATGCT-1",2928,"Myofibroblast"
"e16_s1_CCATCACAGTACTGTC-1",815,"Fibroblast 5 (Mfap5/Grm3)"
"e16_s1_CCATCACAGTTCACTG-1",1667,"Fibroblast 1 (Col6a4/Adamdec1)"
"e16_s1_CCATCACCAGTGTGGA-1",640,"Smooth muscle"
"e16_s1_CCCAACTAGAGCCTGA-1",598,"Smooth muscle"
"e16_s1_CCCAACTGTCCCTGTT-1",3251,"Mesothelial"
"e16_s1_CCCATTGCATATGGCT-1",656,"Fibroblast 6 (Lepr/Sp5)"
"e16_s1_CCCATTGGTAAGTAGT-1",1504,"Fibroblast 2 (Fndc1/Dpt)"
"e16_s1_CCCGAAGGTAAGTTGA-1",1861,"Fibroblast 6 (Lepr/Sp5)"
"e16_s1_CCCGGAAAGGAAGTCC-1",916,"Fibroblast 5 (Mfap5/Grm3)"
"e16_s1_CCCGGAAAGTATGGAT-1",400,"Fibroblast 6 (Lepr/Sp5)"
"e16_s1_CCCGGAAAGTGGTGGT-1",833,"Mesothelial"
"e16_s1_CCCGGAACAAGGGCAT-1",2940,"Fibroblast 2 (Fndc1/Dpt)"
"e16_s1_CCCGGAACACATAGCT-1",815,"Pericyte"
"e16_s1_CCCGGAACACCCTATC-1",598,"Fibroblast 6 (Lepr/Sp5)"
"e16_s1_CCCGGAACAGCATCTA-1",938,"Myofibroblast"
"e16_s1_CCCGGAAGTATCCCTC-1",815,"Fibroblast 2 (Fndc1/Dpt)"
"e16_s1_CCCTAACAGAGAAGGT-1",1933,"Myofibroblast"
"e16_s1_CCCTAACCAGAAGTTA-1",916,"Fibroblast 5 (Mfap5/Grm3)"
"e16_s1_CCCTAACGTACCCACG-1",2916,"Smooth muscle"
"e16_s1_CCCTAACTCACGGACC-1",2203,"Endothelial"
"e16_s1_CCCTCAAAGACTCAAA-1",1593,"Fibroblast 1 (Col6a4/Adamdec1)"
"e16_s1_CCCTCAAAGATGGCAC-1",2940,"Proliferative Smooth muscle"
"e16_s1_CCCTCAAGTTCTAACG-1",2040,"Smooth muscle"
"e16_s1_CCCTCAATCACTCCGT-1",3207,"Fibroblast 6 (Lepr/Sp5)"
"e16_s1_CCCTCTCCAAGCTCTA-1",3140,"Fibroblast 2 (Fndc1/Dpt)"
"e16_s1_CCCTCTCCAGGAGGTT-1",2307,"Pericyte"
"e16_s1_CCCTCTCCATACAGGG-1",2203,"Endothelial"
"e16_s1_CCCTCTCTCCTAGAGT-1",2891,"Fibroblast 2 (Fndc1/Dpt)"
"e16_s1_CCCTGATAGAGAGCGG-1",1860,"Smooth muscle"
"e16_s1_CCCTGATCAGGTGGAT-1",2307,"Fibroblast 5 (Mfap5/Grm3)"
"e16_s1_CCCTGATGTAACATGA-1",2203,"Endothelial"
"e16_s1_CCCTGATTCTTTCCGG-1",731,"Fibroblast 6 (Lepr/Sp5)"
"e16_s1_CCCTTAGAGATTCGAA-1",1020,"Endothelial"
"e16_s1_CCCTTAGAGCTGAGTG-1",851,"Myeloid"
"e16_s1_CCCTTAGAGTTCAACC-1",1576,"Fibroblast 2 (Fndc1/Dpt)"
"e16_s1_CCGAACGAGAGTTGTA-1",3083,"Smooth muscle"
"e16_s1_CCGAACGAGCATCCCG-1",3369,"Fibroblast 2 (Fndc1/Dpt)"
"e16_s1_CCGATCTGTTCTCGTC-1",1427,"Smooth muscle"
"e16_s1_CCGATCTTCAGATGCT-1",794,"Pericyte"
"e16_s1_CCGATCTTCCTGGGTG-1",740,"Fibroblast 3 (Adam12)"
"e16_s1_CCGATGGCAGTAACCT-1",2307,"Fibroblast 2 (Fndc1/Dpt)"
"e16_s1_CCGATGGGTTCCGGTG-1",2064,"Fibroblast 6 (Lepr/Sp5)"
"e16_s1_CCGATGGTCGAAGGAC-1",1555,"Endothelial"
"e16_s1_CCGATGGTCTCGACCT-1",3251,"Mesothelial"
"e16_s1_CCGCAAGAGAGTCTTC-1",1918,"Endothelial"
"e16_s1_CCGCAAGGTACGTGTT-1",2928,"Smooth muscle"
"e16_s1_CCGCAAGTCAGGAGAC-1",1997,"Fibroblast 3 (Adam12)"
"e16_s1_CCGGACACACCAGACC-1",598,"Fibroblast 5 (Mfap5/Grm3)"
"e16_s1_CCGGACAGTACGAGCA-1",1113,"Endothelial"
"e16_s1_CCGGACATCGAAATCC-1",1408,"Fibroblast 1 (Col6a4/Adamdec1)"
"e16_s1_CCGGGTAAGCGGTAAC-1",2396,"Fibroblast 2 (Fndc1/Dpt)"
"e16_s1_CCGGGTACAAGGACAC-1",916,"Fibroblast 2 (Fndc1/Dpt)"
"e16_s1_CCGGGTATCATCTGTT-1",938,"Fibroblast 4 (Kcnn3)"
"e16_s1_CCGGTAGCAGGCGAAT-1",815,"Myofibroblast"
"e16_s1_CCGGTAGGTACCTAGT-1",938,"Fibroblast 4 (Kcnn3)"
"e16_s1_CCGGTAGTCAGCACCG-1",794,"Fibroblast 5 (Mfap5/Grm3)"
"e16_s1_CCGGTAGTCGTAGTGT-1",3083,"Fibroblast 4 (Kcnn3)"
"e16_s1_CCGGTGAAGCACTTTG-1",2606,"Myofibroblast"
"e16_s1_CCGGTGACATCCGTGG-1",3083,"Proliferative Smooth muscle"
"e16_s1_CCGGTGATCTTACTGT-1",2225,"Fibroblast 1 (Col6a4/Adamdec1)"
"e16_s1_CCGTAGGAGGAGAGTA-1",3215,"ICC"
"e16_s1_CCGTAGGCACCGTCTT-1",2911,"Fibroblast 6 (Lepr/Sp5)"
"e16_s1_CCGTAGGGTACGGATG-1",2217,"Fibroblast 1 (Col6a4/Adamdec1)"
"e16_s1_CCGTAGGTCTGATTCT-1",2605,"Fibroblast 2 (Fndc1/Dpt)"
"e16_s1_CCGTGAGAGCTCTATG-1",2606,"Fibroblast 2 (Fndc1/Dpt)"
"e16_s1_CCGTGAGGTGCGGCTT-1",598,"Fibroblast 3 (Adam12)"
"e16_s1_CCGTTCAAGGTGCTGA-1",2891,"Fibroblast 1 (Col6a4/Adamdec1)"
"e16_s1_CCGTTCATCATACGGT-1",2748,"Myofibroblast"
"e16_s1_CCGTTCATCTCATGCC-1",3132,"Endothelial"
"e16_s1_CCGTTCATCTGCTTAT-1",3140,"Fibroblast 3 (Adam12)"
"e16_s1_CCTAACCAGAGCATCG-1",2396,"Fibroblast 1 (Col6a4/Adamdec1)"
"e16_s1_CCTAACCGTGATGAAT-1",938,"Fibroblast 6 (Lepr/Sp5)"
"e16_s1_CCTAACCTCTTGATTC-1",598,"Smooth muscle"
"e16_s1_CCTAAGACACGCTGAC-1",2307,"Fibroblast 2 (Fndc1/Dpt)"
"e16_s1_CCTAAGAGTCCAGCAC-1",1914,"Fibroblast 6 (Lepr/Sp5)"
"e16_s1_CCTACGTAGGAGCTGT-1",3251,"Smooth muscle"
"e16_s1_CCTACGTAGTCTGCAT-1",1860,"Fibroblast 1 (Col6a4/Adamdec1)"
"e16_s1_CCTACGTCATCTAGAC-1",1914,"Mesothelial"
"e16_s1_CCTACGTGTGACTATC-1",1001,"Myofibroblast"
"e16_s1_CCTATCGCATGTCAGT-1",598,"Fibroblast 2 (Fndc1/Dpt)"
"e16_s1_CCTATCGGTCCGTACG-1",2928,"Fibroblast 6 (Lepr/Sp5)"
"e16_s1_CCTATCGTCGACGATT-1",2040,"Smooth muscle"
"e16_s1_CCTATCGTCTACGCAA-1",2483,"Fibroblast 5 (Mfap5/Grm3)"
"e16_s1_CCTATCGTCTGTAAGC-1",598,"Myofibroblast"
"e16_s1_CCTCAACAGCATCAAA-1",1861,"Smooth muscle"
"e16_s1_CCTCAACCAACACACT-1",3053,"Myofibroblast"
"e16_s1_CCTCAACCAATGGCAG-1",2217,"Smooth muscle"
"e16_s1_CCTCAACCACAGTCGC-1",2911,"Fibroblast 6 (Lepr/Sp5)"
"e16_s1_CCTCAACTCGGAGCAA-1",2354,"Fibroblast 5 (Mfap5/Grm3)"
"e16_s1_CCTCAGTCACGACGCT-1",938,"Fibroblast 2 (Fndc1/Dpt)"
"e16_s1_CCTCAGTGTACTAGCT-1",598,"Fibroblast 6 (Lepr/Sp5)"
"e16_s1_CCTCAGTTCCGTGTGG-1",2307,"Fibroblast 6 (Lepr/Sp5)"
"e16_s1_CCTCATGAGGCGACAT-1",1548,"Endothelial"
"e16_s1_CCTCATGAGTTGTCAC-1",2721,"Endothelial"
"e16_s1_CCTCATGCAGCGTTTA-1",916,"ICC"
"e16_s1_CCTCCAACATTCGATG-1",2110,"Fibroblast 6 (Lepr/Sp5)"
"e16_s1_CCTCCTCAGTTTCGGT-1",1667,"Fibroblast 2 (Fndc1/Dpt)"
"e16_s1_CCTCCTCCATATTCGG-1",1079,"Fibroblast 4 (Kcnn3)"
"e16_s1_CCTCCTCCATCACCAA-1",2443,"Fibroblast 3 (Adam12)"
"e16_s1_CCTCCTCGTCGTCGGT-1",656,"Mesothelial"
"e16_s1_CCTCCTCGTTAAGAAC-1",3132,"Endothelial"
"e16_s1_CCTCCTCTCGAAATCC-1",1202,"ICC"
"e16_s1_CCTCCTCTCTACCACC-1",829,"Pericyte"
"e16_s1_CCTCTAGCAAAGACGC-1",1576,"Myofibroblast"
"e16_s1_CCTCTAGCATGACGAG-1",2911,"Myofibroblast"
"e16_s1_CCTCTAGGTATGCGTT-1",794,"Myofibroblast"
"e16_s1_CCTCTCCCAGTGTATC-1",1667,"Proliferative Fibroblast"
"e16_s1_CCTCTCCGTGCTTCAA-1",3083,"Fibroblast 5 (Mfap5/Grm3)"
"e16_s1_CCTGCATCACGGTGTC-1",3327,"Fibroblast 6 (Lepr/Sp5)"
"e16_s1_CCTGCATCATCCGAGC-1",3251,"Myofibroblast"
"e16_s1_CCTGTTGCAAAGCTAA-1",938,"Fibroblast 2 (Fndc1/Dpt)"
"e16_s1_CCTGTTGCACTAGGTT-1",2380,"Fibroblast 1 (Col6a4/Adamdec1)"
"e16_s1_CCTTCAGAGACGATAT-1",1576,"Fibroblast 6 (Lepr/Sp5)"
"e16_s1_CCTTCAGCAAATCGGG-1",1861,"Fibroblast 6 (Lepr/Sp5)"
"e16_s1_CCTTCAGCAGTAACCT-1",815,"Fibroblast 1 (Col6a4/Adamdec1)"
"e16_s1_CCTTCAGCAGTCAGTT-1",1091,"Fibroblast 6 (Lepr/Sp5)"
"e16_s1_CCTTCAGGTCAAACGG-1",598,"Fibroblast 1 (Col6a4/Adamdec1)"
"e16_s1_CCTTCAGGTCTCTCAC-1",2605,"Smooth muscle"
"e16_s1_CCTTCAGGTTCAAGTC-1",945,"ICC"
"e16_s1_CCTTCAGGTTCATCTT-1",3140,"Fibroblast 4 (Kcnn3)"
"e16_s1_CCTTGTGAGCTCGACC-1",2380,"Fibroblast 1 (Col6a4/Adamdec1)"
"e16_s1_CCTTGTGCAGCTCTGG-1",2911,"Fibroblast 5 (Mfap5/Grm3)"
"e16_s1_CCTTGTGGTGTTATCG-1",2918,"Fibroblast 3 (Adam12)"
"e16_s1_CCTTGTGGTTCCATTT-1",2380,"Fibroblast 1 (Col6a4/Adamdec1)"
"e16_s1_CCTTTGGCACGTGTGC-1",2380,"Fibroblast 2 (Fndc1/Dpt)"
"e16_s1_CCTTTGGCAGAGAATT-1",2307,"Fibroblast 2 (Fndc1/Dpt)"
"e16_s1_CCTTTGGGTCCGATCG-1",2203,"Endothelial"
"e16_s1_CGAAGGACAATGCTCA-1",1144,"Fibroblast 1 (Col6a4/Adamdec1)"
"e16_s1_CGAAGGACACGTAGAG-1",2145,"Myofibroblast"
"e16_s1_CGAAGGAGTGGACAGT-1",815,"Fibroblast 6 (Lepr/Sp5)"
"e16_s1_CGAAGGAGTTATCTTC-1",1091,"Fibroblast 2 (Fndc1/Dpt)"
"e16_s1_CGAAGGAGTTCCTTGC-1",2307,"Pericyte"
"e16_s1_CGAAGGATCCGTAGGC-1",656,"Mesothelial"
"e16_s1_CGAAGTTAGCTTGTGT-1",2748,"Fibroblast 2 (Fndc1/Dpt)"
"e16_s1_CGAAGTTGTCCACATA-1",1504,"Pericyte"
"e16_s1_CGAAGTTGTCTGATCA-1",1914,"Fibroblast 4 (Kcnn3)"
"e16_s1_CGAATTGAGCACTCAT-1",656,"Fibroblast 4 (Kcnn3)"
"e16_s1_CGAATTGAGTCATAGA-1",2742,"Myeloid"
"e16_s1_CGAATTGGTACTTGTG-1",2787,"Fibroblast 1 (Col6a4/Adamdec1)"
"e16_s1_CGAATTGTCAACCCGG-1",1138,"Fibroblast 1 (Col6a4/Adamdec1)"
"e16_s1_CGAATTGTCATTCGGA-1",794,"Fibroblast 5 (Mfap5/Grm3)"
"e16_s1_CGAATTGTCTATTGTC-1",1914,"Fibroblast 4 (Kcnn3)"
"e16_s1_CGACAGCAGGAGTATT-1",640,"Myofibroblast"
"e16_s1_CGACAGCAGTATGCAA-1",794,"Pericyte"
"e16_s1_CGACAGCGTTGCCGCA-1",3207,"Fibroblast 1 (Col6a4/Adamdec1)"
"e16_s1_CGACAGCTCAATCTCT-1",1861,"Fibroblast 2 (Fndc1/Dpt)"
"e16_s1_CGAGAAGAGAGTCAAT-1",2497,"Fibroblast 2 (Fndc1/Dpt)"
"e16_s1_CGAGAAGCAATGGCAG-1",1213,"Endothelial"
"e16_s1_CGAGAAGGTATTCCTT-1",1548,"Endothelial"
"e16_s1_CGAGAAGTCGACCACG-1",3207,"Fibroblast 6 (Lepr/Sp5)"
"e16_s1_CGAGGAAGTATGATCC-1",916,"Fibroblast 6 (Lepr/Sp5)"
"e16_s1_CGAGGCTAGAAGCTCG-1",1576,"Smooth muscle"
"e16_s1_CGAGGCTCAAGAGAGA-1",2787,"Fibroblast 1 (Col6a4/Adamdec1)"
"e16_s1_CGAGGCTCAGTTCCAA-1",2891,"Fibroblast 6 (Lepr/Sp5)"
"e16_s1_CGAGGCTCATCGGATT-1",740,"Fibroblast 3 (Adam12)"
"e16_s1_CGAGGCTTCAAATGAG-1",1595,"Fibroblast 2 (Fndc1/Dpt)"
"e16_s1_CGAGTGCAGGAAAGAC-1",884,"Fibroblast 1 (Col6a4/Adamdec1)"
"e16_s1_CGAGTGCAGGCCTAAG-1",598,"Smooth muscle"
"e16_s1_CGAGTGCCAGTTGAAA-1",1504,"Fibroblast 2 (Fndc1/Dpt)"
"e16_s1_CGAGTGCGTGGCAACA-1",2721,"Endothelial"
"e16_s1_CGAGTTAAGGGCGAGA-1",3369,"Fibroblast 5 (Mfap5/Grm3)"
"e16_s1_CGAGTTACAAGCCCAC-1",676,"Fibroblast 5 (Mfap5/Grm3)"
"e16_s1_CGAGTTACAATTCTCT-1",3083,"Fibroblast 2 (Fndc1/Dpt)"
"e16_s1_CGAGTTATCGATACAC-1",2040,"Smooth muscle"
"e16_s1_CGATCGGCACGTAGTT-1",3251,"Fibroblast 6 (Lepr/Sp5)"
"e16_s1_CGATGCGAGCCGAATG-1",491,"Fibroblast 2 (Fndc1/Dpt)"
"e16_s1_CGATGCGCACTCCGGA-1",2721,"Endothelial"
"e16_s1_CGATGCGGTAGTACGG-1",3251,"Fibroblast 6 (Lepr/Sp5)"
"e16_s1_CGATGGCGTAACGGTG-1",2605,"Smooth muscle"
"e16_s1_CGATGGCTCATTCCTA-1",1576,"Myofibroblast"
"e16_s1_CGCAGGTGTGCTCCGA-1",3083,"Mesothelial"
"e16_s1_CGCATAAAGGCTTAGG-1",2483,"Fibroblast 2 (Fndc1/Dpt)"
"e16_s1_CGCATAACAAGACCGA-1",2893,"Fibroblast 2 (Fndc1/Dpt)"
"e16_s1_CGCATAACACTAAACC-1",2354,"Fibroblast 5 (Mfap5/Grm3)"
"e16_s1_CGCATAAGTACCGGAA-1",1861,"Fibroblast 5 (Mfap5/Grm3)"
"e16_s1_CGCATAAGTTCTTCAT-1",2928,"Fibroblast 2 (Fndc1/Dpt)"
"e16_s1_CGCATAATCAGCTGAT-1",938,"Fibroblast 2 (Fndc1/Dpt)"
"e16_s1_CGCATGGCACGAGGTA-1",1549,"Fibroblast 1 (Col6a4/Adamdec1)"
"e16_s1_CGCATGGGTTTGGGTT-1",1860,"Fibroblast 2 (Fndc1/Dpt)"
"e16_s1_CGCCAGAGTACCCAGC-1",2940,"Smooth muscle"
"e16_s1_CGCCAGATCGGAAGGT-1",1434,"Fibroblast 5 (Mfap5/Grm3)"
"e16_s1_CGCCATTGTTAAGGAT-1",3369,"Pericyte"
"e16_s1_CGCGTGACAGACCAAG-1",2316,"Fibroblast 2 (Fndc1/Dpt)"
"e16_s1_CGGAACCCAACCCGCA-1",952,"Endothelial"
"e16_s1_CGGAACCCATTGTAGC-1",598,"Fibroblast 2 (Fndc1/Dpt)"
"e16_s1_CGGAACCTCCCAAGTA-1",2605,"Myofibroblast"
"e16_s1_CGGAACCTCGTGACTA-1",2540,"Fibroblast 1 (Col6a4/Adamdec1)"
"e16_s1_CGGAATTCACTCTAGA-1",3051,"Fibroblast 2 (Fndc1/Dpt)"
"e16_s1_CGGAATTCAGCCGGTT-1",2893,"Fibroblast 6 (Lepr/Sp5)"
"e16_s1_CGGAATTGTACGATTC-1",815,"Myofibroblast"
"e16_s1_CGGACACAGGCACGAT-1",598,"Fibroblast 5 (Mfap5/Grm3)"
"e16_s1_CGGACACGTATCATGC-1",2209,"Myeloid"
"e16_s1_CGGACACGTGTATTGC-1",2790,"Fibroblast 6 (Lepr/Sp5)"
"e16_s1_CGGAGAAAGACAAGCC-1",1555,"Endothelial"
"e16_s1_CGGAGAACAAACTCTG-1",2690,"Proliferative Fibroblast"
"e16_s1_CGGAGAACAACGTTAC-1",916,"Myofibroblast"
"e16_s1_CGGAGAACAATACGAA-1",1576,"Fibroblast 2 (Fndc1/Dpt)"
"e16_s1_CGGAGAAGTGTTCGAT-1",676,"Fibroblast 3 (Adam12)"
"e16_s1_CGGAGAATCCTACAAG-1",519,"Mesothelial"
"e16_s1_CGGCAGTCAAGTCGTT-1",598,"Myofibroblast"
"e16_s1_CGGGACTTCCGATAAC-1",938,"Myofibroblast"
"e16_s1_CGGGACTTCTTTGATC-1",2203,"Endothelial"
"e16_s1_CGGGCATAGCCTCATA-1",829,"Fibroblast 1 (Col6a4/Adamdec1)"
"e16_s1_CGGGCATGTCACATTG-1",2928,"Fibroblast 5 (Mfap5/Grm3)"
"e16_s1_CGGGCATGTTCAAAGA-1",815,"Myofibroblast"
"e16_s1_CGGGCATTCCGGACGT-1",2928,"Fibroblast 1 (Col6a4/Adamdec1)"
"e16_s1_CGGGCATTCCTTCTGG-1",491,"Fibroblast 1 (Col6a4/Adamdec1)"
"e16_s1_CGGGTCATCGAGGCAA-1",1861,"Fibroblast 2 (Fndc1/Dpt)"
"e16_s1_CGGGTGTAGACGGTTG-1",829,"Fibroblast 6 (Lepr/Sp5)"
"e16_s1_CGGGTGTGTAACGTTC-1",984,"Smooth muscle"
"e16_s1_CGGGTGTGTGTCATTG-1",884,"Proliferative Smooth muscle"
"e16_s1_CGGGTGTTCTTGGGCG-1",3207,"Fibroblast 2 (Fndc1/Dpt)"
"e16_s1_CGGTCAGCAAAGGTTA-1",598,"Fibroblast 2 (Fndc1/Dpt)"
"e16_s1_CGGTCAGCAGGTGGAT-1",2800,"Endothelial"
"e16_s1_CGGTCAGTCAGGAAGC-1",884,"Proliferative Smooth muscle"
"e16_s1_CGTAAGTTCGCTCTAC-1",2380,"Pericyte"
"e16_s1_CGTAATGAGCAGCCTC-1",2940,"Proliferative Fibroblast"
"e16_s1_CGTAATGGTCTAACTG-1",2380,"Fibroblast 6 (Lepr/Sp5)"
"e16_s1_CGTAATGGTTCGTACA-1",916,"Fibroblast 6 (Lepr/Sp5)"
"e16_s1_CGTAGTAAGGGTGAAA-1",656,"Fibroblast 3 (Adam12)"
"e16_s1_CGTAGTAGTCAACCTA-1",2195,"Fibroblast 3 (Adam12)"
"e16_s1_CGTAGTATCGAGCACC-1",2354,"Fibroblast 5 (Mfap5/Grm3)"
"e16_s1_CGTCAAAAGGTAGTCG-1",916,"Fibroblast 1 (Col6a4/Adamdec1)"
"e16_s1_CGTCAAACAAATACAG-1",815,"Mesothelial"
"e16_s1_CGTCAAATCCGTGACG-1",1144,"Pericyte"
"e16_s1_CGTCCATCAAACCACT-1",1933,"Fibroblast 4 (Kcnn3)"
"e16_s1_CGTCCATCAAGCGCTC-1",2787,"Myofibroblast"
"e16_s1_CGTCCATCACGAAAGC-1",938,"Fibroblast 1 (Col6a4/Adamdec1)"
"e16_s1_CGTCCATCAGCAATTC-1",1079,"Fibroblast 6 (Lepr/Sp5)"
"e16_s1_CGTCCATGTGGGACAT-1",984,"Fibroblast 3 (Adam12)"
"e16_s1_CGTCCATTCGGAGTGA-1",815,"Fibroblast 2 (Fndc1/Dpt)"
"e16_s1_CGTGAATAGGCTCTCG-1",1144,"ICC"
"e16_s1_CGTGAATAGTCATGGG-1",1376,"Mesothelial"
"e16_s1_CGTGAATCAGTGACCC-1",3346,"Endothelial"
"e16_s1_CGTGAATCATCATCCC-1",740,"Fibroblast 3 (Adam12)"
"e16_s1_CGTGAATGTATCAGGG-1",2891,"Mesothelial"
"e16_s1_CGTGAATGTTCTCAGA-1",2118,"Smooth muscle"
"e16_s1_CGTGATACAGGCCCTA-1",2396,"Fibroblast 5 (Mfap5/Grm3)"
"e16_s1_CGTGATACATTCGATG-1",1504,"Proliferative Fibroblast"
"e16_s1_CGTGATAGTCCACTCT-1",815,"Fibroblast 3 (Adam12)"
"e16_s1_CGTGCTTAGCCTGTGC-1",2690,"Pericyte"
"e16_s1_CGTGCTTGTCTGGTTA-1",2443,"Proliferative Fibroblast"
"e16_s1_CGTGCTTGTTCTCACC-1",2690,"Fibroblast 1 (Col6a4/Adamdec1)"
"e16_s1_CGTGCTTTCCCGTGAG-1",3340,"Fibroblast 1 (Col6a4/Adamdec1)"
"e16_s1_CGTGTCTCAATGAACA-1",916,"Fibroblast 6 (Lepr/Sp5)"
"e16_s1_CGTGTCTGTGCCGTAC-1",2690,"Fibroblast 5 (Mfap5/Grm3)"
"e16_s1_CGTGTCTTCTAGGCCG-1",2891,"Fibroblast 5 (Mfap5/Grm3)"
"e16_s1_CGTTAGAAGTAGGTTA-1",1079,"Fibroblast 6 (Lepr/Sp5)"
"e16_s1_CGTTAGACAAGACCGA-1",2483,"Fibroblast 6 (Lepr/Sp5)"
"e16_s1_CGTTAGAGTACCCAGC-1",2048,"Mesothelial"
"e16_s1_CGTTAGAGTTAGAAAC-1",2203,"Endothelial"
"e16_s1_CGTTAGATCTGTTCAT-1",2225,"Smooth muscle"
"e16_s1_CGTTCTGGTACTTCCC-1",1113,"Endothelial"
"e16_s1_CGTTCTGGTTATGTCG-1",1861,"Fibroblast 1 (Col6a4/Adamdec1)"
"e16_s1_CGTTGGGGTCAGCGTC-1",1411,"Fibroblast 5 (Mfap5/Grm3)"
"e16_s1_CGTTGGGTCCCTCGAT-1",815,"Myofibroblast"
"e16_s1_CTAACCCGTCGCAACC-1",815,"Fibroblast 2 (Fndc1/Dpt)"
"e16_s1_CTAACCCTCACGGAGA-1",1213,"Endothelial"
"e16_s1_CTAACCCTCGACCACG-1",2203,"Endothelial"
"e16_s1_CTAACTTAGGCCACTC-1",1997,"Fibroblast 3 (Adam12)"
"e16_s1_CTAACTTCATTGACAC-1",1158,"Fibroblast 2 (Fndc1/Dpt)"
"e16_s1_CTAAGTGAGCAGGTCA-1",2911,"Fibroblast 4 (Kcnn3)"
"e16_s1_CTAAGTGAGGCTAACG-1",598,"ICC"
"e16_s1_CTAAGTGTCGAGCACC-1",2064,"Fibroblast 3 (Adam12)"
"e16_s1_CTAAGTGTCTGAGTCA-1",2354,"Fibroblast 6 (Lepr/Sp5)"
"e16_s1_CTACAGACATCCGCGA-1",3227,"Fibroblast 5 (Mfap5/Grm3)"
"e16_s1_CTACAGAGTACTCGAT-1",2217,"Fibroblast 2 (Fndc1/Dpt)"
"e16_s1_CTACAGAGTGGTCTGC-1",656,"Fibroblast 2 (Fndc1/Dpt)"
"e16_s1_CTACAGATCTACCCAC-1",1555,"Endothelial"
"e16_s1_CTACATTCAAGAGTTA-1",2048,"Smooth muscle"
"e16_s1_CTACATTGTGCGTGCT-1",2787,"Fibroblast 1 (Col6a4/Adamdec1)"
"e16_s1_CTACATTGTGGATACG-1",2893,"Fibroblast 6 (Lepr/Sp5)"
"e16_s1_CTACATTGTGTTCCAA-1",2307,"Fibroblast 2 (Fndc1/Dpt)"
"e16_s1_CTACATTTCGCAGTTA-1",916,"Fibroblast 5 (Mfap5/Grm3)"
"e16_s1_CTACATTTCGTAGCCG-1",2843,"Pericyte"
"e16_s1_CTACCCAAGCACTGGA-1",2978,"Fibroblast 4 (Kcnn3)"
"e16_s1_CTACCCACAATCGTCA-1",3248,"Fibroblast 6 (Lepr/Sp5)"
"e16_s1_CTACCCATCCGTTTCG-1",1035,"Fibroblast 3 (Adam12)"
"e16_s1_CTACCCATCGAGCACC-1",598,"Fibroblast 6 (Lepr/Sp5)"
"e16_s1_CTACCTGCATAACTCG-1",1091,"Fibroblast 2 (Fndc1/Dpt)"
"e16_s1_CTACCTGCATACATCG-1",2891,"Fibroblast 1 (Col6a4/Adamdec1)"
"e16_s1_CTACCTGCATGAGATA-1",938,"ICC"
"e16_s1_CTACCTGGTATCGAGG-1",1667,"Fibroblast 2 (Fndc1/Dpt)"
"e16_s1_CTACCTGTCTGCGTCT-1",1576,"Myofibroblast"
"e16_s1_CTACGGGCACTAGGCC-1",2048,"Proliferative Fibroblast"
"e16_s1_CTACGGGCATTGAGGG-1",3251,"Fibroblast 4 (Kcnn3)"
"e16_s1_CTACGGGGTGCCTACG-1",2217,"Fibroblast 2 (Fndc1/Dpt)"
"e16_s1_CTACGGGGTTACCCAA-1",1704,"Fibroblast 3 (Adam12)"
"e16_s1_CTACGGGTCAAAGCCT-1",2891,"Fibroblast 5 (Mfap5/Grm3)"
"e16_s1_CTACGGGTCGCCAGTG-1",1914,"Fibroblast 1 (Col6a4/Adamdec1)"
"e16_s1_CTACTATAGCTGAGCA-1",1619,"Endothelial"
"e16_s1_CTACTATCACTTGAGT-1",2354,"Fibroblast 5 (Mfap5/Grm3)"
"e16_s1_CTACTATGTACAAACA-1",2307,"Fibroblast 6 (Lepr/Sp5)"
"e16_s1_CTACTATTCGCCAGAC-1",3248,"Myofibroblast"
"e16_s1_CTACTATTCGTCCTTG-1",2396,"Fibroblast 2 (Fndc1/Dpt)"
"e16_s1_CTACTATTCTGCTTAT-1",2347,"Smooth muscle"
"e16_s1_CTACTATTCTTGTGCC-1",815,"Fibroblast 5 (Mfap5/Grm3)"
"e16_s1_CTAGACAAGACTTCCA-1",2307,"Fibroblast 6 (Lepr/Sp5)"
"e16_s1_CTAGACAAGCGCCTTG-1",3085,"Smooth muscle"
"e16_s1_CTAGACACATGTGCCG-1",984,"Myofibroblast"
"e16_s1_CTAGACACATGTTACG-1",2891,"Fibroblast 5 (Mfap5/Grm3)"
"e16_s1_CTAGGTACAGAACTAA-1",1213,"Endothelial"
"e16_s1_CTAGGTAGTAATGCGG-1",2893,"Fibroblast 3 (Adam12)"
"e16_s1_CTAGGTATCAGAGTTC-1",1424,"Pericyte"
"e16_s1_CTAGGTATCTTGGATG-1",1198,"Myofibroblast"
"e16_s1_CTATAGGGTGCCGAAA-1",794,"Fibroblast 4 (Kcnn3)"
"e16_s1_CTATCCGCAACATACC-1",3207,"Fibroblast 1 (Col6a4/Adamdec1)"
"e16_s1_CTATCCGCACTGCGAC-1",1997,"Fibroblast 3 (Adam12)"
"e16_s1_CTATCCGTCCTTGACC-1",1595,"Pericyte"
"e16_s1_CTATCTACAATGGGTG-1",815,"Fibroblast 2 (Fndc1/Dpt)"
"e16_s1_CTATCTACACGTGTGC-1",1595,"Smooth muscle"
"e16_s1_CTATCTACATGGAATA-1",2483,"Fibroblast 5 (Mfap5/Grm3)"
"e16_s1_CTATCTAGTCCTACAA-1",1178,"Fibroblast 2 (Fndc1/Dpt)"
"e16_s1_CTCAACCAGTCCTACA-1",676,"Fibroblast 3 (Adam12)"
"e16_s1_CTCAACCCACTACCCT-1",938,"Fibroblast 6 (Lepr/Sp5)"
"e16_s1_CTCAACCCATGCTGCG-1",2911,"Myofibroblast"
"e16_s1_CTCAACCTCCGCGGAT-1",1144,"ICC"
"e16_s1_CTCAACCTCGCTGTTC-1",3346,"Endothelial"
"e16_s1_CTCAACCTCGTTCCTG-1",2893,"Fibroblast 2 (Fndc1/Dpt)"
"e16_s1_CTCAAGAAGAGGCTGT-1",2347,"Mesothelial"
"e16_s1_CTCAAGACAATGGCCC-1",1576,"Proliferative Fibroblast"
"e16_s1_CTCAAGAGTCCCTAAA-1",598,"Fibroblast 6 (Lepr/Sp5)"
"e16_s1_CTCAATTAGTTGCGAG-1",2396,"Fibroblast 4 (Kcnn3)"
"e16_s1_CTCAATTTCGTTCATT-1",1202,"Fibroblast 3 (Adam12)"
"e16_s1_CTCACTGAGCTCCACG-1",2463,"Fibroblast 2 (Fndc1/Dpt)"
"e16_s1_CTCACTGAGTAAACAC-1",938,"Myofibroblast"
"e16_s1_CTCACTGAGTCACTAC-1",2890,"Fibroblast 2 (Fndc1/Dpt)"
"e16_s1_CTCACTGAGTCGGCAA-1",1213,"Endothelial"
"e16_s1_CTCACTGGTTACCTTT-1",2928,"Fibroblast 1 (Col6a4/Adamdec1)"
"e16_s1_CTCAGAAAGCAACAAT-1",2928,"Fibroblast 1 (Col6a4/Adamdec1)"
"e16_s1_CTCAGAACACGACGAA-1",2978,"Fibroblast 4 (Kcnn3)"
"e16_s1_CTCAGAATCAGTCTTT-1",2396,"Myofibroblast"
"e16_s1_CTCAGAATCCGTGTCT-1",2042,"Myofibroblast"
"e16_s1_CTCAGGGCACCCAATA-1",2358,"Myofibroblast"
"e16_s1_CTCAGGGCAGTAGTTC-1",2893,"Fibroblast 4 (Kcnn3)"
"e16_s1_CTCAGGGGTTCTGACA-1",2911,"Fibroblast 6 (Lepr/Sp5)"
"e16_s1_CTCAGGGTCAACTGGT-1",938,"Proliferative Smooth muscle"
"e16_s1_CTCAGTCAGTGGAAAG-1",815,"Fibroblast 6 (Lepr/Sp5)"
"e16_s1_CTCAGTCCAAACAGGC-1",1595,"Smooth muscle"
"e16_s1_CTCAGTCGTACTCGCG-1",1424,"Fibroblast 1 (Col6a4/Adamdec1)"
"e16_s1_CTCAGTCGTATCAGGG-1",1158,"Fibroblast 2 (Fndc1/Dpt)"
"e16_s1_CTCAGTCTCGCTTGCT-1",938,"Myofibroblast"
"e16_s1_CTCATCGAGGCTATCT-1",58,"Fibroblast 6 (Lepr/Sp5)"
"e16_s1_CTCATCGCATGCGGTC-1",1504,"Fibroblast 1 (Col6a4/Adamdec1)"
"e16_s1_CTCATCGGTAGTGCGA-1",2690,"Fibroblast 6 (Lepr/Sp5)"
"e16_s1_CTCATCGGTTCCACGG-1",815,"Fibroblast 1 (Col6a4/Adamdec1)"
"e16_s1_CTCATGCCAAAGGGTC-1",2891,"Fibroblast 6 (Lepr/Sp5)"
"e16_s1_CTCATTACAAAGGGCT-1",1434,"Fibroblast 2 (Fndc1/Dpt)"
"e16_s1_CTCATTATCGATTGAC-1",3227,"Myofibroblast"
"e16_s1_CTCCAACAGAGCAGTC-1",2605,"Fibroblast 4 (Kcnn3)"
"e16_s1_CTCCAACAGCACAAAT-1",3251,"Mesothelial"
"e16_s1_CTCCAACCACAAGGTG-1",1860,"Fibroblast 2 (Fndc1/Dpt)"
"e16_s1_CTCCAACTCGTCTCAC-1",3207,"ICC"
"e16_s1_CTCCACAAGAAGTGTT-1",2307,"Fibroblast 6 (Lepr/Sp5)"
"e16_s1_CTCCACAAGCGCTGAA-1",656,"Fibroblast 6 (Lepr/Sp5)"
"e16_s1_CTCCACAAGCTCTATG-1",2928,"Mesothelial"
"e16_s1_CTCCACACAGCAGTTT-1",2396,"Myofibroblast"
"e16_s1_CTCCACAGTATGCGTT-1",2690,"Smooth muscle"
"e16_s1_CTCCACAGTCGCAGTC-1",1667,"Fibroblast 5 (Mfap5/Grm3)"
"e16_s1_CTCCACATCGTCGCTT-1",3251,"ICC"
"e16_s1_CTCCATGCAGGGAATC-1",1213,"Endothelial"
"e16_s1_CTCCATGTCAAACGTC-1",2690,"ICC"
"e16_s1_CTCCCAAAGTCACTGT-1",1596,"Pericyte"
"e16_s1_CTCCCAAAGTCCGCCA-1",1434,"Pericyte"
"e16_s1_CTCCCAACACTCCACT-1",2048,"Mesothelial"
"e16_s1_CTCCCAACACTTGTCC-1",3251,"Fibroblast 2 (Fndc1/Dpt)"
"e16_s1_CTCCCAAGTAACTAAG-1",2307,"Fibroblast 3 (Adam12)"
"e16_s1_CTCCCAAGTGAACCGA-1",2940,"Fibroblast 1 (Col6a4/Adamdec1)"
"e16_s1_CTCCCAAGTTGGGTTT-1",1555,"Endothelial"
"e16_s1_CTCCCTCAGTGATAAC-1",1138,"Fibroblast 3 (Adam12)"
"e16_s1_CTCCCTCCATGTCAGT-1",2800,"Endothelial"
"e16_s1_CTCCCTCGTGTCTAAC-1",1914,"ICC"
"e16_s1_CTCCCTCGTTGGTAGG-1",984,"Smooth muscle"
"e16_s1_CTCCGATAGGCTCAAG-1",804,"Mesothelial"
"e16_s1_CTCCGATTCATGAGGG-1",2316,"Smooth muscle"
"e16_s1_CTCCGATTCGGAATTC-1",2203,"Endothelial"
"e16_s1_CTCCGATTCTGCCTCA-1",2307,"Fibroblast 1 (Col6a4/Adamdec1)"
"e16_s1_CTCCTCCAGTGTTCAC-1",1595,"Fibroblast 2 (Fndc1/Dpt)"
"e16_s1_CTCCTCCAGTTGTCGT-1",815,"Fibroblast 5 (Mfap5/Grm3)"
"e16_s1_CTCCTCCCAATACGAA-1",794,"Fibroblast 6 (Lepr/Sp5)"
"e16_s1_CTCCTCCCAGCGTAGA-1",1548,"Endothelial"
"e16_s1_CTCCTCCGTTAAACCC-1",1434,"Proliferative Fibroblast"
"e16_s1_CTCCTCCTCAAGCCGC-1",1548,"Endothelial"
"e16_s1_CTCCTTTAGCACCTGC-1",1113,"Endothelial"
"e16_s1_CTCCTTTAGTAGATCA-1",2911,"Fibroblast 2 (Fndc1/Dpt)"
"e16_s1_CTCCTTTAGTCGCCAC-1",3369,"Fibroblast 4 (Kcnn3)"
"e16_s1_CTCCTTTTCGTTCAGA-1",598,"Proliferative Smooth muscle"
"e16_s1_CTCGAGGAGTAAACAC-1",3340,"Pericyte"
"e16_s1_CTCGAGGCACGACGTC-1",1091,"Fibroblast 4 (Kcnn3)"
"e16_s1_CTCGAGGCACTATGTG-1",952,"Endothelial"
"e16_s1_CTCGAGGGTATGCAAA-1",728,"ICC"
"e16_s1_CTCGAGGGTGACAACG-1",2928,"Smooth muscle"
"e16_s1_CTCGAGGTCCACTTCG-1",1394,"Fibroblast 4 (Kcnn3)"
"e16_s1_CTCGAGGTCTGAGATC-1",1213,"Endothelial"
"e16_s1_CTCTCAGAGATAGGGA-1",1113,"Endothelial"
"e16_s1_CTCTCAGGTACTAAGA-1",2605,"Smooth muscle"
"e16_s1_CTCTCAGTCCCAGGCA-1",815,"Fibroblast 2 (Fndc1/Dpt)"
"e16_s1_CTCTCAGTCTGGACTA-1",1408,"Fibroblast 4 (Kcnn3)"
"e16_s1_CTCTCGAAGACCAACG-1",1638,"ICC"
"e16_s1_CTCTCGAGTAATCAGA-1",1596,"Smooth muscle"
"e16_s1_CTCTCGAGTAGTCGTT-1",2916,"Smooth muscle"
"e16_s1_CTCTCGAGTGCAATGG-1",1768,"Myeloid"
"e16_s1_CTCTCGATCATAGACC-1",1434,"Fibroblast 1 (Col6a4/Adamdec1)"
"e16_s1_CTCTCGATCGGTAACT-1",2354,"Myofibroblast"
"e16_s1_CTGAATGAGCTCCATA-1",2483,"Fibroblast 2 (Fndc1/Dpt)"
"e16_s1_CTGAATGCAATCGCAT-1",2836,"Endothelial"
"e16_s1_CTGAATGGTAGGGAGG-1",2928,"Myofibroblast"
"e16_s1_CTGAATGTCACCATCC-1",3251,"Mesothelial"
"e16_s1_CTGAATGTCCTTGGAA-1",3346,"Endothelial"
"e16_s1_CTGAGCGCAGGCGTTC-1",829,"Pericyte"
"e16_s1_CTGAGCGGTCTTCGAA-1",598,"Fibroblast 6 (Lepr/Sp5)"
"e16_s1_CTGATCCCAGAACGCA-1",3169,"Smooth muscle"
"e16_s1_CTGCAGGAGCGAGAAA-1",1138,"Fibroblast 6 (Lepr/Sp5)"
"e16_s1_CTGCAGGAGTCGCCCA-1",1555,"Endothelial"
"e16_s1_CTGCAGGTCCCAGGCA-1",2307,"Pericyte"
"e16_s1_CTGCATCAGCAAGCCA-1",1408,"Proliferative Fibroblast"
"e16_s1_CTGCATCCACGCACCA-1",2110,"Fibroblast 6 (Lepr/Sp5)"
"e16_s1_CTGCATCGTACGTTCA-1",3083,"Pericyte"
"e16_s1_CTGCATCGTATCATGC-1",1933,"Mesothelial"
"e16_s1_CTGCATCTCATTACGG-1",1213,"Endothelial"
"e16_s1_CTGCCATCAAATTAGG-1",1548,"Endothelial"
"e16_s1_CTGCCATCAACTCATG-1",2891,"Fibroblast 2 (Fndc1/Dpt)"
"e16_s1_CTGCCATGTCCAAGAG-1",598,"Fibroblast 5 (Mfap5/Grm3)"
"e16_s1_CTGCCTAAGGTTATAG-1",916,"Mesothelial"
"e16_s1_CTGCCTACACGCGCAT-1",2380,"Fibroblast 6 (Lepr/Sp5)"
"e16_s1_CTGCCTACAGCAGTCC-1",2106,"Smooth muscle"
"e16_s1_CTGCCTATCTTCTTCC-1",2916,"Fibroblast 5 (Mfap5/Grm3)"
"e16_s1_CTGCGAGAGATGGCAC-1",938,"Myofibroblast"
"e16_s1_CTGCGAGGTAGGACCA-1",1861,"Fibroblast 2 (Fndc1/Dpt)"
"e16_s1_CTGCTCAAGTATTGCC-1",2800,"Endothelial"
"e16_s1_CTGCTCAGTGCAGTGA-1",2064,"Fibroblast 5 (Mfap5/Grm3)"
"e16_s1_CTGCTCATCGAGTGAG-1",3207,"Fibroblast 6 (Lepr/Sp5)"
"e16_s1_CTGGACGCAGGATGAC-1",3340,"Fibroblast 4 (Kcnn3)"
"e16_s1_CTGGACGTCGCATTGA-1",1504,"Mesothelial"
"e16_s1_CTGGACGTCTTCGGTC-1",598,"Fibroblast 6 (Lepr/Sp5)"
"e16_s1_CTGGCAGAGGCCTGAA-1",598,"Myofibroblast"
"e16_s1_CTGGCAGAGGTAAACT-1",1411,"Myofibroblast"
"e16_s1_CTGGCAGCACTTGAAC-1",1576,"Fibroblast 2 (Fndc1/Dpt)"
"e16_s1_CTGGTCTGTCTCCTGT-1",640,"ICC"
"e16_s1_CTGTACCCAGAACTTC-1",2380,"Fibroblast 1 (Col6a4/Adamdec1)"
"e16_s1_CTGTACCGTTTCTATC-1",3307,"Fibroblast 6 (Lepr/Sp5)"
"e16_s1_CTGTAGACAGTTGTCA-1",1549,"ICC"
"e16_s1_CTGTAGAGTTGCATAC-1",3127,"Smooth muscle"
"e16_s1_CTGTAGATCTTTGCAT-1",1576,"Pericyte"
"e16_s1_CTGTATTCAAGTCATC-1",1411,"Proliferative Fibroblast"
"e16_s1_CTGTATTTCGAAGGAC-1",2928,"Smooth muscle"
"e16_s1_CTGTCGTAGCTGAAAT-1",794,"ICC"
"e16_s1_CTGTGAAAGGGCAACT-1",1411,"Smooth muscle"
"e16_s1_CTGTGGGCATAATGCC-1",833,"ICC"
"e16_s1_CTTACCGTCACGGAGA-1",846,"Fibroblast 1 (Col6a4/Adamdec1)"
"e16_s1_CTTAGGAAGTTTCGGT-1",2826,"Fibroblast 3 (Adam12)"
"e16_s1_CTTAGGACATCGTGGC-1",2891,"Fibroblast 2 (Fndc1/Dpt)"
"e16_s1_CTTCAATAGATCCTAC-1",1434,"Fibroblast 4 (Kcnn3)"
"e16_s1_CTTCAATCACAGTGTT-1",1860,"Fibroblast 1 (Col6a4/Adamdec1)"
"e16_s1_CTTCAATGTGTTATCG-1",3083,"Proliferative Fibroblast"
"e16_s1_CTTCAATTCCGGTAGC-1",2940,"Myofibroblast"
"e16_s1_CTTCCGAAGCCTGAGA-1",3207,"Fibroblast 6 (Lepr/Sp5)"
"e16_s1_CTTCCGACAAGTGTCT-1",916,"Fibroblast 6 (Lepr/Sp5)"
"e16_s1_CTTCCGAGTCTCGGAC-1",805,"Fibroblast 1 (Col6a4/Adamdec1)"
"e16_s1_CTTCCGAGTGCGGATA-1",3251,"Mesothelial"
"e16_s1_CTTCCGAGTTCGTTCC-1",1576,"Fibroblast 2 (Fndc1/Dpt)"
"e16_s1_CTTCCGATCAGGAAAT-1",491,"Fibroblast 6 (Lepr/Sp5)"
"e16_s1_CTTCCTTGTTGTCCCT-1",1213,"Endothelial"
"e16_s1_CTTCGGTCAAAGGAGA-1",1595,"Fibroblast 2 (Fndc1/Dpt)"
"e16_s1_CTTCGGTCACTGGACC-1",1504,"Fibroblast 4 (Kcnn3)"
"e16_s1_CTTCGGTGTCACGCTG-1",3127,"Smooth muscle"
"e16_s1_CTTCTAAAGACCCGCT-1",2483,"Fibroblast 2 (Fndc1/Dpt)"
"e16_s1_CTTCTAACAAAGCACG-1",815,"Fibroblast 1 (Col6a4/Adamdec1)"
"e16_s1_CTTCTAAGTAGCGTTT-1",305,"Fibroblast 2 (Fndc1/Dpt)"
"e16_s1_CTTCTAATCGAGCCTG-1",3251,"Mesothelial"
"e16_s1_CTTCTCTGTCGTTATG-1",2721,"Endothelial"
"e16_s1_CTTGAGAAGAGCCTGA-1",2928,"Fibroblast 1 (Col6a4/Adamdec1)"
"e16_s1_CTTGAGAAGAGTCAAT-1",1914,"Smooth muscle"
"e16_s1_CTTGAGACAAGGTCTT-1",2928,"Fibroblast 6 (Lepr/Sp5)"
"e16_s1_CTTGAGACATGAAAGT-1",984,"Proliferative Smooth muscle"
"e16_s1_CTTGAGATCCTTGAAG-1",2380,"Fibroblast 1 (Col6a4/Adamdec1)"
"e16_s1_CTTGATTAGCTAAACA-1",829,"Pericyte"
"e16_s1_CTTGATTAGTAAGACT-1",3207,"Proliferative Fibroblast"
"e16_s1_CTTGATTCAATTGTGC-1",3021,"Proliferative Fibroblast"
"e16_s1_CTTTCAAAGTGGTTCT-1",2754,"Endothelial"
"e16_s1_CTTTCAACATTACGGT-1",815,"Fibroblast 5 (Mfap5/Grm3)"
"e16_s1_CTTTCGGAGGCTGGAT-1",1213,"Endothelial"
"e16_s1_CTTTCGGGTAAGCTCT-1",2380,"Fibroblast 3 (Adam12)"
"e16_s1_CTTTCGGGTGAGCAGT-1",2225,"Pericyte"
"e16_s1_GAAACCTCACTTGGGC-1",1860,"Fibroblast 6 (Lepr/Sp5)"
"e16_s1_GAAACCTGTCTTTATC-1",2307,"Fibroblast 4 (Kcnn3)"
"e16_s1_GAAACCTTCACTGAAC-1",1504,"Fibroblast 2 (Fndc1/Dpt)"
"e16_s1_GAAATGAAGACTCCGC-1",794,"Fibroblast 1 (Col6a4/Adamdec1)"
"e16_s1_GAAATGAAGGTCCTGC-1",1589,"Mesothelial"
"e16_s1_GAAATGAAGTGTTCCA-1",241,"Mesothelial"
"e16_s1_GAAATGACACAGTACT-1",833,"Mesothelial"
"e16_s1_GAAATGACACATGTTG-1",1667,"Myofibroblast"
"e16_s1_GAAATGACACCACATA-1",833,"Smooth muscle"
"e16_s1_GAAATGAGTGTCCGTG-1",1411,"Fibroblast 4 (Kcnn3)"
"e16_s1_GAACACTAGGTAGATT-1",815,"Fibroblast 4 (Kcnn3)"
"e16_s1_GAACACTGTGACAGCA-1",1997,"Smooth muscle"
"e16_s1_GAACGTTGTCCAGAAG-1",815,"Fibroblast 2 (Fndc1/Dpt)"
"e16_s1_GAACTGTTCATCGCAA-1",1860,"Fibroblast 5 (Mfap5/Grm3)"
"e16_s1_GAAGCCCCACAGCCTG-1",3251,"Fibroblast 4 (Kcnn3)"
"e16_s1_GAAGCCCCAGGCGATA-1",1638,"Smooth muscle"
"e16_s1_GAAGCCCCATGATCTG-1",1144,"Smooth muscle"
"e16_s1_GAAGCCCGTGGTTCTA-1",1997,"Pericyte"
"e16_s1_GAAGCGACATGGGATG-1",2605,"Fibroblast 1 (Col6a4/Adamdec1)"
"e16_s1_GAAGCGAGTATGATCC-1",2918,"Fibroblast 3 (Adam12)"
"e16_s1_GAAGCGAGTTACGTAC-1",3215,"ICC"
"e16_s1_GAAGCGATCTGCGTCT-1",1079,"Fibroblast 3 (Adam12)"
"e16_s1_GAAGGACCACGACCTG-1",2380,"Fibroblast 2 (Fndc1/Dpt)"
"e16_s1_GAAGGGTAGGTGCATG-1",2940,"Fibroblast 2 (Fndc1/Dpt)"
"e16_s1_GAAGGGTCAGACAAAT-1",2443,"Fibroblast 2 (Fndc1/Dpt)"
"e16_s1_GAAGGGTCATCGTGGC-1",646,"Fibroblast 3 (Adam12)"
"e16_s1_GAAGGGTGTAGCCAGA-1",2463,"Myofibroblast"
"e16_s1_GAAGGGTGTTGTCAGT-1",1504,"Fibroblast 4 (Kcnn3)"
"e16_s1_GAAGGGTTCAGCTGTA-1",1619,"Endothelial"
"e16_s1_GAAGGGTTCCTGGGTG-1",2380,"Myofibroblast"
"e16_s1_GAAGTAACAAATACGA-1",2347,"Fibroblast 3 (Adam12)"
"e16_s1_GAAGTAATCTGAGGCC-1",2347,"Smooth muscle"
"e16_s1_GAAGTAATCTGGTGCG-1",2307,"Fibroblast 6 (Lepr/Sp5)"
"e16_s1_GAATCACCAGATCACT-1",598,"Fibroblast 5 (Mfap5/Grm3)"
"e16_s1_GAATCACGTGATACTC-1",2978,"Fibroblast 4 (Kcnn3)"
"e16_s1_GAATCACGTGTGTGGA-1",815,"Fibroblast 2 (Fndc1/Dpt)"
"e16_s1_GAATCACGTGTTTACG-1",2307,"Fibroblast 1 (Col6a4/Adamdec1)"
"e16_s1_GAATCACTCGGCATTA-1",938,"Fibroblast 6 (Lepr/Sp5)"
"e16_s1_GAATCGTAGTGCAGGT-1",2307,"Pericyte"
"e16_s1_GACACGCAGGGTCTTT-1",1619,"Endothelial"
"e16_s1_GACACGCCATCTCGTC-1",2380,"Fibroblast 6 (Lepr/Sp5)"
"e16_s1_GACACGCGTACAAACA-1",916,"Myofibroblast"
"e16_s1_GACACGCGTACGAGCA-1",1549,"Fibroblast 4 (Kcnn3)"
"e16_s1_GACACGCGTGCCAAGA-1",2891,"Fibroblast 4 (Kcnn3)"
"e16_s1_GACAGCCAGAAGCTGC-1",3207,"Myofibroblast"
"e16_s1_GACAGCCCATTGACAC-1",333,"Fibroblast 2 (Fndc1/Dpt)"
"e16_s1_GACATCAAGCCAGTAG-1",2690,"Fibroblast 4 (Kcnn3)"
"e16_s1_GACATCACAACAGCTT-1",2048,"Smooth muscle"
"e16_s1_GACATCACAAGCAGGT-1",1861,"Fibroblast 1 (Col6a4/Adamdec1)"
"e16_s1_GACATCATCCCTCGTA-1",1158,"Fibroblast 2 (Fndc1/Dpt)"
"e16_s1_GACCAATAGGCCTTGC-1",1434,"Fibroblast 2 (Fndc1/Dpt)"
"e16_s1_GACCAATGTTCCGCAG-1",1434,"Proliferative Fibroblast"
"e16_s1_GACCAATTCCGACGGT-1",3325,"Pericyte"
"e16_s1_GACCCAGTCCGTCACT-1",2928,"Smooth muscle"
"e16_s1_GACCCTTCAGGGCTTC-1",1619,"Endothelial"
"e16_s1_GACCCTTGTCCATCTC-1",676,"Fibroblast 3 (Adam12)"
"e16_s1_GACCCTTTCAAGATAG-1",2899,"Pericyte"
"e16_s1_GACCTTCCATCAGCGC-1",2396,"Fibroblast 1 (Col6a4/Adamdec1)"
"e16_s1_GACCTTCTCTACCACC-1",3340,"Pericyte"
"e16_s1_GACGCTGCAACCGTAT-1",1202,"Fibroblast 2 (Fndc1/Dpt)"
"e16_s1_GACGCTGCAAGCAGGT-1",1144,"Fibroblast 2 (Fndc1/Dpt)"
"e16_s1_GACGCTGTCGTGCACG-1",1408,"Fibroblast 5 (Mfap5/Grm3)"
"e16_s1_GACGTTAAGACAACTA-1",3207,"Fibroblast 1 (Col6a4/Adamdec1)"
"e16_s1_GACGTTACAACCGTAT-1",2928,"Fibroblast 4 (Kcnn3)"
"e16_s1_GACGTTAGTTTACTGG-1",1593,"Fibroblast 2 (Fndc1/Dpt)"
"e16_s1_GACGTTATCATGAGTC-1",1861,"Proliferative Fibroblast"
"e16_s1_GACGTTATCCATTTAC-1",916,"Fibroblast 2 (Fndc1/Dpt)"
"e16_s1_GACGTTATCGAGAATA-1",2911,"Fibroblast 2 (Fndc1/Dpt)"
"e16_s1_GACTATGAGGCTCTCG-1",884,"Smooth muscle"
"e16_s1_GACTATGTCACTACGA-1",794,"Fibroblast 2 (Fndc1/Dpt)"
"e16_s1_GACTATGTCAGTCATG-1",2225,"Fibroblast 2 (Fndc1/Dpt)"
"e16_s1_GACTATGTCGATGGAG-1",2800,"Endothelial"
"e16_s1_GACTCAAGTCCAAGAG-1",1914,"Fibroblast 1 (Col6a4/Adamdec1)"
"e16_s1_GACTCAAGTGGCTACC-1",1548,"Endothelial"
"e16_s1_GACTCAAGTTCCTAGA-1",2380,"Smooth muscle"
"e16_s1_GACTCAATCAACTCTT-1",598,"Fibroblast 2 (Fndc1/Dpt)"
"e16_s1_GACTCAATCAATGTCG-1",1860,"Fibroblast 6 (Lepr/Sp5)"
"e16_s1_GACTCAATCCGTACGG-1",2540,"Smooth muscle"
"e16_s1_GACTCTCAGCACTCGC-1",1138,"Fibroblast 2 (Fndc1/Dpt)"
"e16_s1_GACTCTCAGGGTGAGG-1",2203,"Endothelial"
"e16_s1_GACTCTCTCAACTACG-1",2316,"Fibroblast 3 (Adam12)"
"e16_s1_GACTCTCTCCGTTGAA-1",3251,"Myofibroblast"
"e16_s1_GACTCTCTCTCGGTCT-1",2928,"Fibroblast 1 (Col6a4/Adamdec1)"
"e16_s1_GACTGATCATTCAGGT-1",598,"Smooth muscle"
"e16_s1_GACTTCCAGAACCCGA-1",3207,"ICC"
"e16_s1_GACTTCCAGTGTTCAC-1",829,"Pericyte"
"e16_s1_GACTTCCCAGTCAGAG-1",916,"Fibroblast 6 (Lepr/Sp5)"
"e16_s1_GACTTCCTCAGACCCG-1",815,"Myofibroblast"
"e16_s1_GAGAAATAGCCATTCA-1",3083,"Mesothelial"
"e16_s1_GAGAAATAGCTGAAAT-1",2380,"Fibroblast 5 (Mfap5/Grm3)"
"e16_s1_GAGAAATCAGAAGTGC-1",2891,"Fibroblast 5 (Mfap5/Grm3)"
"e16_s1_GAGAAATCATATAGCC-1",2690,"Fibroblast 2 (Fndc1/Dpt)"
"e16_s1_GAGAAATTCACTCTTA-1",1091,"Fibroblast 1 (Col6a4/Adamdec1)"
"e16_s1_GAGACCCAGTCATACC-1",3248,"Myofibroblast"
"e16_s1_GAGACCCCAGCGGATA-1",2307,"Fibroblast 4 (Kcnn3)"
"e16_s1_GAGACCCTCGATACAC-1",656,"Fibroblast 5 (Mfap5/Grm3)"
"e16_s1_GAGACCCTCTCCCATG-1",815,"Fibroblast 5 (Mfap5/Grm3)"
"e16_s1_GAGAGGTAGGCACTAG-1",640,"Smooth muscle"
"e16_s1_GAGAGGTAGGTGCCAA-1",1861,"Fibroblast 2 (Fndc1/Dpt)"
"e16_s1_GAGAGGTCAGCGTATT-1",938,"Fibroblast 2 (Fndc1/Dpt)"
"e16_s1_GAGATGGCACTACCGG-1",1322,"Smooth muscle"
"e16_s1_GAGATGGCATAAGCGG-1",1213,"Endothelial"
"e16_s1_GAGCCTGGTCACCGAC-1",2396,"Pericyte"
"e16_s1_GAGCCTGGTCGCCTAG-1",807,"Myofibroblast"
"e16_s1_GAGCTGCTCCGGCAAC-1",2606,"Fibroblast 2 (Fndc1/Dpt)"
"e16_s1_GAGCTGCTCGCTGACG-1",1576,"Smooth muscle"
"e16_s1_GAGGCAAAGCCGGATA-1",1408,"Pericyte"
"e16_s1_GAGGCAAAGGCTTCCG-1",938,"Fibroblast 2 (Fndc1/Dpt)"
"e16_s1_GAGGCAAGTCACTTAG-1",598,"Fibroblast 6 (Lepr/Sp5)"
"e16_s1_GAGGCAAGTGGCCACT-1",1576,"Fibroblast 2 (Fndc1/Dpt)"
"e16_s1_GAGGCAATCTCCTACG-1",2040,"ICC"
"e16_s1_GAGGCCTAGTGGACTG-1",2307,"Proliferative Fibroblast"
"e16_s1_GAGGCCTTCACGGGCT-1",1144,"Fibroblast 6 (Lepr/Sp5)"
"e16_s1_GAGGGATCAGCCCACA-1",1860,"Fibroblast 6 (Lepr/Sp5)"
"e16_s1_GAGGGATGTGCTTCAA-1",2443,"Fibroblast 3 (Adam12)"
"e16_s1_GAGGGATTCGGAAACG-1",2893,"Fibroblast 5 (Mfap5/Grm3)"
"e16_s1_GAGGGTAGTAGGCTGA-1",676,"Fibroblast 3 (Adam12)"
"e16_s1_GAGGGTATCACTGGGC-1",1933,"Fibroblast 2 (Fndc1/Dpt)"
"e16_s1_GAGGGTATCATGACAC-1",3369,"Pericyte"
"e16_s1_GAGTCATCAGGTTCAT-1",3369,"Fibroblast 1 (Col6a4/Adamdec1)"
"e16_s1_GAGTCATGTATTGCCA-1",1113,"Endothelial"
"e16_s1_GAGTCTAAGACTCATC-1",2048,"Mesothelial"
"e16_s1_GAGTCTAAGCGAGAAA-1",2940,"Proliferative Smooth muscle"
"e16_s1_GAGTCTACACCTGCTT-1",598,"Fibroblast 2 (Fndc1/Dpt)"
"e16_s1_GAGTCTATCAGGCGAA-1",2891,"Fibroblast 5 (Mfap5/Grm3)"
"e16_s1_GAGTGAGAGACTTCCA-1",2064,"Fibroblast 3 (Adam12)"
"e16_s1_GAGTGAGAGGGAACAA-1",3227,"Fibroblast 2 (Fndc1/Dpt)"
"e16_s1_GAGTGAGCAGTTCCAA-1",2048,"Fibroblast 6 (Lepr/Sp5)"
"e16_s1_GAGTGAGTCGACATAC-1",1861,"Fibroblast 3 (Adam12)"
"e16_s1_GAGTGTTAGGACGCAT-1",2048,"Myofibroblast"
"e16_s1_GAGTGTTCAACTCCCT-1",2911,"Fibroblast 1 (Col6a4/Adamdec1)"
"e16_s1_GAGTGTTCAGACAATA-1",1860,"Fibroblast 1 (Col6a4/Adamdec1)"
"e16_s1_GAGTTACAGAGAGTGA-1",2911,"Fibroblast 2 (Fndc1/Dpt)"
"e16_s1_GAGTTACAGGGATCGT-1",2040,"Smooth muscle"
"e16_s1_GAGTTACCACAGTCCG-1",1997,"Fibroblast 1 (Col6a4/Adamdec1)"
"e16_s1_GAGTTACCAGATACTC-1",2605,"Fibroblast 1 (Col6a4/Adamdec1)"
"e16_s1_GAGTTACCAGGGATAC-1",1144,"ICC"
"e16_s1_GAGTTACCATCGTGCG-1",598,"Fibroblast 5 (Mfap5/Grm3)"
"e16_s1_GAGTTACTCCGTTGGG-1",2843,"Myofibroblast"
"e16_s1_GAGTTGTAGCAGCAGT-1",1144,"Fibroblast 2 (Fndc1/Dpt)"
"e16_s1_GAGTTGTTCAGGGTAG-1",1504,"Fibroblast 2 (Fndc1/Dpt)"
"e16_s1_GAGTTGTTCTCCCTAG-1",2048,"Smooth muscle"
"e16_s1_GAGTTTGAGTACAGAT-1",2225,"Fibroblast 4 (Kcnn3)"
"e16_s1_GAGTTTGGTTGTACGT-1",3041,"Fibroblast 1 (Col6a4/Adamdec1)"
"e16_s1_GATAGAAAGGTACAGC-1",2911,"Fibroblast 6 (Lepr/Sp5)"
"e16_s1_GATAGAAAGTAGTGCG-1",938,"Myofibroblast"
"e16_s1_GATAGAACATTGAAGA-1",804,"Myofibroblast"
"e16_s1_GATAGAAGTATTCTCT-1",598,"Myofibroblast"
"e16_s1_GATAGAAGTTACCCAA-1",2040,"Fibroblast 5 (Mfap5/Grm3)"
"e16_s1_GATAGAAGTTCAGTAC-1",829,"Fibroblast 6 (Lepr/Sp5)"
"e16_s1_GATAGAAGTTTCCATT-1",2787,"Smooth muscle"
"e16_s1_GATAGAATCACACGAT-1",938,"Fibroblast 2 (Fndc1/Dpt)"
"e16_s1_GATAGCTCAAGTCCCG-1",1158,"Fibroblast 2 (Fndc1/Dpt)"
"e16_s1_GATAGCTTCCCTTGGT-1",2217,"Smooth muscle"
"e16_s1_GATAGCTTCTACAGGT-1",2203,"Endothelial"
"e16_s1_GATCAGTCATCGGATT-1",1548,"Endothelial"
"e16_s1_GATCAGTGTGGAATGC-1",1997,"Pericyte"
"e16_s1_GATCAGTTCGCAATGT-1",2891,"Fibroblast 6 (Lepr/Sp5)"
"e16_s1_GATCATGCAACGCCCA-1",2918,"Smooth muscle"
"e16_s1_GATCATGGTCGAGTGA-1",3251,"Fibroblast 6 (Lepr/Sp5)"
"e16_s1_GATCATGTCAATGTCG-1",938,"Smooth muscle"
"e16_s1_GATCCCTCAGTCGCTG-1",2605,"Myofibroblast"
"e16_s1_GATCCCTTCAAAGAAC-1",656,"Fibroblast 5 (Mfap5/Grm3)"
"e16_s1_GATCCCTTCGTGGTAT-1",1026,"Endothelial"
"e16_s1_GATCGTAAGCCTATCA-1",2890,"Pericyte"
"e16_s1_GATCGTAAGTCATGCT-1",2606,"Fibroblast 1 (Col6a4/Adamdec1)"
"e16_s1_GATCGTACAGTGTACT-1",2307,"Fibroblast 1 (Col6a4/Adamdec1)"
"e16_s1_GATCGTAGTCTACGTA-1",1555,"Endothelial"
"e16_s1_GATCGTAGTGGCTTGC-1",1548,"Endothelial"
"e16_s1_GATCGTATCAGCACCG-1",2891,"Pericyte"
"e16_s1_GATCGTATCTGGTCAA-1",3169,"Proliferative Smooth muscle"
"e16_s1_GATGACTAGGACTTCT-1",2890,"Fibroblast 2 (Fndc1/Dpt)"
"e16_s1_GATGAGGCACCCTCTA-1",3330,"Fibroblast 5 (Mfap5/Grm3)"
"e16_s1_GATGAGGCATCTATCT-1",3207,"Smooth muscle"
"e16_s1_GATGATCAGTTCCGGC-1",1861,"Proliferative Smooth muscle"
"e16_s1_GATGATCGTACTCCGG-1",2040,"Myofibroblast"
"e16_s1_GATGCTAAGATAGGGA-1",2789,"ICC"
"e16_s1_GATGCTAGTCGGAACA-1",3083,"Fibroblast 4 (Kcnn3)"
"e16_s1_GATGCTAGTTCTTGTT-1",938,"Proliferative Fibroblast"
"e16_s1_GATGCTATCACCTCAC-1",1549,"Fibroblast 2 (Fndc1/Dpt)"
"e16_s1_GATGCTATCCTTATGT-1",1619,"Endothelial"
"e16_s1_GATGCTATCGTGTGAT-1",1198,"Fibroblast 3 (Adam12)"
"e16_s1_GATGGAGAGACTAAGT-1",2893,"Pericyte"
"e16_s1_GATGGAGAGTCACGCC-1",2690,"Myofibroblast"
"e16_s1_GATGGAGCAGACCATT-1",1411,"Proliferative Smooth muscle"
"e16_s1_GATGGAGGTACAAACA-1",640,"Mesothelial"
"e16_s1_GATGGAGGTGATTCTG-1",2463,"Fibroblast 1 (Col6a4/Adamdec1)"
"e16_s1_GATGGAGGTTTCAGAC-1",2928,"ICC"
"e16_s1_GATGTTGCACGGCCAT-1",2893,"Fibroblast 2 (Fndc1/Dpt)"
"e16_s1_GATGTTGCATAGAATG-1",938,"Fibroblast 3 (Adam12)"
"e16_s1_GATGTTGCATCGATAC-1",938,"Proliferative Fibroblast"
"e16_s1_GATGTTGTCACTGGGC-1",1001,"Fibroblast 2 (Fndc1/Dpt)"
"e16_s1_GATTCGAGTACCAATC-1",740,"Fibroblast 3 (Adam12)"
"e16_s1_GATTCGAGTCATCAGT-1",1590,"Fibroblast 2 (Fndc1/Dpt)"
"e16_s1_GATTCGAGTGTGTGGA-1",2347,"Fibroblast 4 (Kcnn3)"
"e16_s1_GATTCGATCGGAAGGT-1",3251,"Myofibroblast"
"e16_s1_GATTCTTAGCACTGGA-1",3369,"Fibroblast 2 (Fndc1/Dpt)"
"e16_s1_GATTCTTCAACGGGTA-1",3178,"Lymphoid"
"e16_s1_GATTCTTCATTAAGCC-1",1144,"ICC"
"e16_s1_GATTCTTTCCCATTCG-1",2307,"Fibroblast 6 (Lepr/Sp5)"
"e16_s1_GATTCTTTCCGCTTAC-1",1589,"Smooth muscle"
"e16_s1_GATTGGTAGTAGACCG-1",3251,"Fibroblast 4 (Kcnn3)"
"e16_s1_GATTGGTCAGCATCTA-1",3327,"Fibroblast 6 (Lepr/Sp5)"
"e16_s1_GATTTCTCAACCAGAG-1",2911,"Smooth muscle"
"e16_s1_GATTTCTCACATCATG-1",1158,"Myofibroblast"
"e16_s1_GATTTCTCATACGCAT-1",58,"Fibroblast 3 (Adam12)"
"e16_s1_GATTTCTGTTGGTACT-1",1997,"Pericyte"
"e16_s1_GATTTCTTCATCACTT-1",2928,"Fibroblast 6 (Lepr/Sp5)"
"e16_s1_GATTTCTTCGGAGTAG-1",2690,"ICC"
"e16_s1_GCAACATAGATTAGAC-1",938,"Fibroblast 3 (Adam12)"
"e16_s1_GCAACCGGTTTACCAG-1",3227,"Fibroblast 1 (Col6a4/Adamdec1)"
"e16_s1_GCAACCGTCGATGCTA-1",1079,"Fibroblast 6 (Lepr/Sp5)"
"e16_s1_GCAACCGTCTGCGTCT-1",2316,"Fibroblast 3 (Adam12)"
"e16_s1_GCACATAAGACAACTA-1",1576,"Fibroblast 2 (Fndc1/Dpt)"
"e16_s1_GCACATAAGCTAGATA-1",656,"Fibroblast 1 (Col6a4/Adamdec1)"
"e16_s1_GCACATACACACAGCC-1",2843,"Myofibroblast"
"e16_s1_GCACATAGTACAGTCT-1",815,"ICC"
"e16_s1_GCACGGTCACCAGCGT-1",1638,"ICC"
"e16_s1_GCACGGTGTGTACAGG-1",2928,"Pericyte"
"e16_s1_GCACGGTGTTAGTTCG-1",1213,"Endothelial"
"e16_s1_GCACGGTTCCATACAG-1",984,"Smooth muscle"
"e16_s1_GCACGGTTCGTTCTAT-1",2307,"Fibroblast 6 (Lepr/Sp5)"
"e16_s1_GCACGTGGTGGGCTCT-1",2936,"Proliferative Fibroblast"
"e16_s1_GCACGTGGTGGGTTGA-1",2787,"Fibroblast 4 (Kcnn3)"
"e16_s1_GCACGTGGTTCTTGTT-1",1667,"Smooth muscle"
"e16_s1_GCACGTGTCAATCTTC-1",2928,"Fibroblast 1 (Col6a4/Adamdec1)"
"e16_s1_GCACGTGTCGCGTGCA-1",2928,"Fibroblast 6 (Lepr/Sp5)"
"e16_s1_GCACTAAAGATGCAGC-1",1091,"Fibroblast 1 (Col6a4/Adamdec1)"
"e16_s1_GCACTAAAGGGCAATC-1",598,"ICC"
"e16_s1_GCACTAACAACGGTAG-1",2064,"Fibroblast 3 (Adam12)"
"e16_s1_GCACTAACATAGAATG-1",2110,"Fibroblast 2 (Fndc1/Dpt)"
"e16_s1_GCACTAAGTACTGGGA-1",2605,"Myofibroblast"
"e16_s1_GCACTAAGTTCGAGCC-1",1158,"Fibroblast 1 (Col6a4/Adamdec1)"
"e16_s1_GCACTAATCGGTAACT-1",2380,"Fibroblast 1 (Col6a4/Adamdec1)"
"e16_s1_GCACTAATCTTCCTAA-1",2928,"Myofibroblast"
"e16_s1_GCAGCCAAGATAGCTA-1",2497,"Smooth muscle"
"e16_s1_GCAGCCACATAACAGA-1",2110,"Fibroblast 1 (Col6a4/Adamdec1)"
"e16_s1_GCAGCCAGTAGCTGCC-1",2690,"Fibroblast 1 (Col6a4/Adamdec1)"
"e16_s1_GCAGCCAGTCAATCTG-1",598,"Smooth muscle"
"e16_s1_GCAGCCATCCATAGAC-1",2978,"Fibroblast 4 (Kcnn3)"
"e16_s1_GCAGCCATCGTTGCCT-1",1860,"Pericyte"
"e16_s1_GCAGCTGGTATGCAAA-1",1619,"Endothelial"
"e16_s1_GCAGCTGGTTGTGCCG-1",3140,"Smooth muscle"
"e16_s1_GCAGGCTAGATTCGCT-1",1590,"Myofibroblast"
"e16_s1_GCAGGCTCAAACGGCA-1",2891,"Fibroblast 2 (Fndc1/Dpt)"
"e16_s1_GCAGGCTGTAACCCTA-1",2110,"Fibroblast 6 (Lepr/Sp5)"
"e16_s1_GCAGGCTGTACCGGAA-1",2891,"Fibroblast 5 (Mfap5/Grm3)"
"e16_s1_GCAGGCTGTCGTTCAA-1",829,"Proliferative Smooth muscle"
"e16_s1_GCAGTTAAGATCACCT-1",1861,"ICC"
"e16_s1_GCATCGGGTGATAGTA-1",1595,"Fibroblast 2 (Fndc1/Dpt)"
"e16_s1_GCATCGGTCCGATCGG-1",2928,"Pericyte"
"e16_s1_GCATCTCTCAAAGACA-1",1548,"Endothelial"
"e16_s1_GCATCTCTCGCAGTCG-1",2396,"Fibroblast 6 (Lepr/Sp5)"
"e16_s1_GCATGATAGGAACATT-1",1860,"Fibroblast 5 (Mfap5/Grm3)"
"e16_s1_GCATGATAGGCCACCT-1",2940,"Smooth muscle"
"e16_s1_GCATGATTCAAACCCA-1",3140,"Fibroblast 4 (Kcnn3)"
"e16_s1_GCATTAGAGACAGCGT-1",3083,"Proliferative Smooth muscle"
"e16_s1_GCATTAGAGGTCCAGA-1",1555,"Endothelial"
"e16_s1_GCATTAGGTGTAAACA-1",1144,"Proliferative Fibroblast"
"e16_s1_GCATTAGTCTAAGAAG-1",2064,"Fibroblast 3 (Adam12)"
"e16_s1_GCATTAGTCTACTGAG-1",2307,"Fibroblast 6 (Lepr/Sp5)"
"e16_s1_GCCAACGAGGTTTGAA-1",1860,"Fibroblast 4 (Kcnn3)"
"e16_s1_GCCAACGTCCACGGGT-1",2928,"Proliferative Fibroblast"
"e16_s1_GCCAACGTCGATACTG-1",1555,"Endothelial"
"e16_s1_GCCAACGTCTGTTCAT-1",829,"Myofibroblast"
"e16_s1_GCCAGCACACTCAGAT-1",1861,"Fibroblast 2 (Fndc1/Dpt)"
"e16_s1_GCCAGGTAGTAGGATT-1",1968,"Fibroblast 6 (Lepr/Sp5)"
"e16_s1_GCCAGGTGTGTAACGG-1",491,"Fibroblast 2 (Fndc1/Dpt)"
"e16_s1_GCCAGGTTCATACAGC-1",3325,"Fibroblast 4 (Kcnn3)"
"e16_s1_GCCAGTGAGGTCTACT-1",3083,"Fibroblast 6 (Lepr/Sp5)"
"e16_s1_GCCATGGAGGCTCCCA-1",1555,"Endothelial"
"e16_s1_GCCATGGGTACTCCGG-1",2347,"Fibroblast 3 (Adam12)"
"e16_s1_GCCATGGTCCAGTGTA-1",656,"Fibroblast 1 (Col6a4/Adamdec1)"
"e16_s1_GCCATGGTCTCCTGCA-1",794,"Fibroblast 3 (Adam12)"
"e16_s1_GCCATTCAGAGTTGCG-1",3215,"Fibroblast 3 (Adam12)"
"e16_s1_GCCATTCAGGCATTTC-1",2836,"Endothelial"
"e16_s1_GCCATTCCAGCATACT-1",2826,"Fibroblast 3 (Adam12)"
"e16_s1_GCCATTCTCACTTGTT-1",984,"Myofibroblast"
"e16_s1_GCCCAGAAGGTGAGAA-1",2380,"Fibroblast 6 (Lepr/Sp5)"
"e16_s1_GCCCAGACAGTCACGC-1",2891,"Pericyte"
"e16_s1_GCCCGAAAGCACTGGA-1",3207,"Fibroblast 2 (Fndc1/Dpt)"
"e16_s1_GCCCGAAAGGGATCAC-1",3083,"Smooth muscle"
"e16_s1_GCCCGAACACAATGAA-1",2443,"Fibroblast 1 (Col6a4/Adamdec1)"
"e16_s1_GCCCGAACAGTAGGAC-1",598,"Myofibroblast"
"e16_s1_GCCCGAAGTTCATCGA-1",2843,"Smooth muscle"
"e16_s1_GCCCGAATCCAGCACG-1",3215,"Smooth muscle"
"e16_s1_GCCCGAATCCCATACC-1",2203,"Endothelial"
"e16_s1_GCCGATGAGTCACGCC-1",1138,"Myofibroblast"
"e16_s1_GCCGATGGTCTGATCA-1",2307,"Fibroblast 6 (Lepr/Sp5)"
"e16_s1_GCCGATGGTGTTACAC-1",2497,"Fibroblast 2 (Fndc1/Dpt)"
"e16_s1_GCCGATGGTTGAGAGC-1",794,"Myofibroblast"
"e16_s1_GCCGATGTCAACCGAT-1",1860,"Fibroblast 5 (Mfap5/Grm3)"
"e16_s1_GCCGATGTCGGAGTAG-1",2118,"Pericyte"
"e16_s1_GCCGTGAGTAGACGTG-1",829,"Proliferative Fibroblast"
"e16_s1_GCGAGAAAGTCAGAGC-1",3251,"Fibroblast 5 (Mfap5/Grm3)"
"e16_s1_GCGAGAAGTACTCCGG-1",1028,"Endothelial"
"e16_s1_GCGAGAATCTTACGGA-1",1860,"Smooth muscle"
"e16_s1_GCGATCGAGCAGCGAT-1",92,"Fibroblast 2 (Fndc1/Dpt)"
"e16_s1_GCGATCGTCTTTCGAT-1",1427,"Fibroblast 6 (Lepr/Sp5)"
"e16_s1_GCGGAAAAGCACCTGC-1",1591,"Fibroblast 2 (Fndc1/Dpt)"
"e16_s1_GCGGAAAAGGGCAGTT-1",2918,"Proliferative Smooth muscle"
"e16_s1_GCGGAAACAGCGAACA-1",1918,"Endothelial"
"e16_s1_GCGGAAACATCGTCCT-1",2203,"Endothelial"
"e16_s1_GCGGAAAGTAGCTGCC-1",2540,"Smooth muscle"
"e16_s1_GCGGAAAGTATACCCA-1",1555,"Endothelial"
"e16_s1_GCGGAAAGTCGGATTT-1",1091,"Fibroblast 1 (Col6a4/Adamdec1)"
"e16_s1_GCGGAAAGTGGTCTCG-1",1860,"Fibroblast 1 (Col6a4/Adamdec1)"
"e16_s1_GCGGATCCAGGAAGTC-1",2911,"Fibroblast 6 (Lepr/Sp5)"
"e16_s1_GCGTGCAAGTATCCTG-1",731,"Fibroblast 2 (Fndc1/Dpt)"
"e16_s1_GCGTGCATCGCTTTAT-1",833,"Myofibroblast"
"e16_s1_GCGTTTCAGAGTCGAC-1",794,"Fibroblast 5 (Mfap5/Grm3)"
"e16_s1_GCGTTTCAGCATCCCG-1",1555,"Endothelial"
"e16_s1_GCGTTTCTCCAGCTCT-1",2396,"Fibroblast 2 (Fndc1/Dpt)"
"e16_s1_GCTACAAAGACAGTCG-1",2483,"Fibroblast 2 (Fndc1/Dpt)"
"e16_s1_GCTACAACACGACTAT-1",3251,"Mesothelial"
"e16_s1_GCTACCTCAAATGAGT-1",1158,"Fibroblast 2 (Fndc1/Dpt)"
"e16_s1_GCTACCTCAACAGCCC-1",3369,"Fibroblast 5 (Mfap5/Grm3)"
"e16_s1_GCTACCTCAACGTTAC-1",2893,"Fibroblast 6 (Lepr/Sp5)"
"e16_s1_GCTACCTGTCCACACG-1",359,"Smooth muscle"
"e16_s1_GCTACCTTCAGACATC-1",519,"Smooth muscle"
"e16_s1_GCTCAAATCCGCTGTT-1",2380,"Fibroblast 2 (Fndc1/Dpt)"
"e16_s1_GCTCAAATCGCCGTGA-1",2787,"Fibroblast 2 (Fndc1/Dpt)"
"e16_s1_GCTGAATGTTGTTTGG-1",2483,"Fibroblast 5 (Mfap5/Grm3)"
"e16_s1_GCTGAATTCGGACTTA-1",3127,"Smooth muscle"
"e16_s1_GCTGAATTCGTCCTTG-1",2606,"Fibroblast 1 (Col6a4/Adamdec1)"
"e16_s1_GCTTCACAGTCAAGCG-1",3140,"Mesothelial"
"e16_s1_GCTTCACAGTCTAGAA-1",2928,"Fibroblast 2 (Fndc1/Dpt)"
"e16_s1_GCTTCACCACTGAATC-1",1144,"Fibroblast 2 (Fndc1/Dpt)"
"e16_s1_GCTTCACCAGATCATC-1",1434,"Fibroblast 4 (Kcnn3)"
"e16_s1_GCTTCACCATTAAAGG-1",829,"Fibroblast 2 (Fndc1/Dpt)"
"e16_s1_GCTTCACTCACATCAG-1",2928,"Fibroblast 1 (Col6a4/Adamdec1)"
"e16_s1_GCTTCACTCACTTTGT-1",2380,"Myofibroblast"
"e16_s1_GCTTCACTCAGTCCGG-1",2911,"Fibroblast 2 (Fndc1/Dpt)"
"e16_s1_GCTTCACTCGTTACCC-1",2354,"Fibroblast 6 (Lepr/Sp5)"
"e16_s1_GCTTGGGAGAAGCTGC-1",2380,"Proliferative Fibroblast"
"e16_s1_GCTTGGGAGACGAGCT-1",1548,"Endothelial"
"e16_s1_GCTTGGGAGGAGCAAA-1",2396,"Fibroblast 2 (Fndc1/Dpt)"
"e16_s1_GCTTGGGAGGTTCCAT-1",740,"Proliferative Fibroblast"
"e16_s1_GCTTGGGTCGAACCTA-1",598,"Proliferative Fibroblast"
"e16_s1_GCTTGGGTCTCGGGAC-1",3021,"ICC"
"e16_s1_GCTTTCGAGCATCGAG-1",1144,"Pericyte"
"e16_s1_GCTTTCGGTAGGATAT-1",1411,"Myofibroblast"
"e16_s1_GCTTTCGGTGGGCTTC-1",916,"Fibroblast 2 (Fndc1/Dpt)"
"e16_s1_GCTTTCGTCGAAGGAC-1",1555,"Endothelial"
"e16_s1_GGAACCCAGATTGTGA-1",2928,"Fibroblast 4 (Kcnn3)"
"e16_s1_GGAACCCAGTTCCGTA-1",598,"Proliferative Fibroblast"
"e16_s1_GGAACCCAGTTGGAAT-1",1861,"Proliferative Fibroblast"
"e16_s1_GGAACCCTCCCACAGG-1",3083,"Myofibroblast"
"e16_s1_GGAACCCTCCTCTCTT-1",1914,"Fibroblast 1 (Col6a4/Adamdec1)"
"e16_s1_GGAACCCTCTTTCCAA-1",519,"Fibroblast 6 (Lepr/Sp5)"
"e16_s1_GGAAGTGCACTTCATT-1",2307,"Fibroblast 5 (Mfap5/Grm3)"
"e16_s1_GGAAGTGTCCGTGACG-1",2217,"Smooth muscle"
"e16_s1_GGAAGTGTCCTCTCTT-1",676,"Fibroblast 3 (Adam12)"
"e16_s1_GGAATCTGTTCTCTCG-1",2891,"Fibroblast 6 (Lepr/Sp5)"
"e16_s1_GGAATGGTCGTAATGC-1",2843,"Fibroblast 6 (Lepr/Sp5)"
"e16_s1_GGAATGGTCTCCGTGT-1",829,"Fibroblast 2 (Fndc1/Dpt)"
"e16_s1_GGACGTCCATTGAGCT-1",3251,"Fibroblast 1 (Col6a4/Adamdec1)"
"e16_s1_GGACGTCGTTACCTTT-1",916,"Proliferative Fibroblast"
"e16_s1_GGACGTCGTTATGTGC-1",1144,"Fibroblast 2 (Fndc1/Dpt)"
"e16_s1_GGAGAACGTTAGAGAT-1",938,"Fibroblast 6 (Lepr/Sp5)"
"e16_s1_GGAGATGAGAGTATAC-1",2347,"Mesothelial"
"e16_s1_GGAGATGAGTATAGGT-1",2978,"Fibroblast 2 (Fndc1/Dpt)"
"e16_s1_GGAGCAACAAGGATGC-1",2307,"Fibroblast 1 (Col6a4/Adamdec1)"
"e16_s1_GGAGCAATCTGAGGCC-1",1079,"ICC"
"e16_s1_GGAGGATAGAATCGTA-1",3207,"Fibroblast 5 (Mfap5/Grm3)"
"e16_s1_GGAGGATCAATCACGT-1",1595,"Pericyte"
"e16_s1_GGAGGATGTAACCCGC-1",3083,"Fibroblast 5 (Mfap5/Grm3)"
"e16_s1_GGAGGATTCCAGCTCT-1",2380,"Myofibroblast"
"e16_s1_GGAGGTAAGTAGACAT-1",1549,"Fibroblast 5 (Mfap5/Grm3)"
"e16_s1_GGAGGTACAACTCGTA-1",2800,"Endothelial"
"e16_s1_GGAGGTACAATCCTAG-1",2118,"Myofibroblast"
"e16_s1_GGAGGTAGTGCGTGCT-1",2217,"Mesothelial"
"e16_s1_GGATCTACATGAGATA-1",740,"Fibroblast 3 (Adam12)"
"e16_s1_GGATCTAGTCGCATGC-1",2748,"Smooth muscle"
"e16_s1_GGATCTATCAGACCCG-1",2110,"Fibroblast 5 (Mfap5/Grm3)"
"e16_s1_GGATGTTAGTCACACT-1",3215,"Mesothelial"
"e16_s1_GGATGTTAGTGGTTAA-1",2928,"Fibroblast 1 (Col6a4/Adamdec1)"
"e16_s1_GGATGTTCACGAGGAT-1",2891,"Fibroblast 1 (Col6a4/Adamdec1)"
"e16_s1_GGCACGTAGTAGGGTC-1",3207,"Fibroblast 6 (Lepr/Sp5)"
"e16_s1_GGCACGTCAGCTACTA-1",1144,"Smooth muscle"
"e16_s1_GGCACGTTCAGGGATG-1",2396,"Fibroblast 2 (Fndc1/Dpt)"
"e16_s1_GGCACGTTCCGACAGC-1",3083,"Smooth muscle"
"e16_s1_GGCACGTTCGCACTCT-1",3251,"Fibroblast 5 (Mfap5/Grm3)"
"e16_s1_GGCACGTTCGCTTGAA-1",1138,"Fibroblast 6 (Lepr/Sp5)"
"e16_s1_GGCACGTTCTAGGCAT-1",3369,"Fibroblast 2 (Fndc1/Dpt)"
"e16_s1_GGCAGTCAGGTGGGTT-1",2911,"Myofibroblast"
"e16_s1_GGCAGTCCAGAACATA-1",2928,"Fibroblast 1 (Col6a4/Adamdec1)"
"e16_s1_GGCAGTCCATCAACCA-1",829,"Proliferative Smooth muscle"
"e16_s1_GGCAGTCGTTGCGGCT-1",2040,"Fibroblast 6 (Lepr/Sp5)"
"e16_s1_GGCGTCACAGGTTCCG-1",2307,"Pericyte"
"e16_s1_GGCGTCAGTGCGAACA-1",1394,"Fibroblast 3 (Adam12)"
"e16_s1_GGCGTCATCACGAACT-1",598,"Fibroblast 6 (Lepr/Sp5)"
"e16_s1_GGCGTCATCACTAGCA-1",916,"Fibroblast 1 (Col6a4/Adamdec1)"
"e16_s1_GGCTGTGGTGCTTCAA-1",1001,"Fibroblast 2 (Fndc1/Dpt)"
"e16_s1_GGCTGTGTCCGTCAAA-1",3207,"ICC"
"e16_s1_GGCTTGGAGCTGCCTG-1",2118,"ICC"
"e16_s1_GGCTTGGCACTTCCTG-1",2307,"Pericyte"
"e16_s1_GGCTTGGCATGGACAG-1",2690,"Fibroblast 6 (Lepr/Sp5)"
"e16_s1_GGCTTGGGTAATGCTC-1",2721,"Endothelial"
"e16_s1_GGCTTGGGTTCCGCTT-1",1589,"Myofibroblast"
"e16_s1_GGCTTTCAGATGTTAG-1",2307,"Fibroblast 5 (Mfap5/Grm3)"
"e16_s1_GGCTTTCTCTATGCCC-1",740,"Fibroblast 3 (Adam12)"
"e16_s1_GGGAAGTAGCATCCTA-1",1035,"Fibroblast 3 (Adam12)"
"e16_s1_GGGAAGTAGTTCCATG-1",1704,"Myeloid"
"e16_s1_GGGAAGTCAGGTTCAT-1",3083,"Fibroblast 2 (Fndc1/Dpt)"
"e16_s1_GGGAAGTGTTCAGGTT-1",2911,"Fibroblast 2 (Fndc1/Dpt)"
"e16_s1_GGGAAGTTCTTGTTAC-1",952,"Endothelial"
"e16_s1_GGGACAATCACCGGGT-1",3140,"Smooth muscle"
"e16_s1_GGGACTCAGTCTAGCT-1",1434,"Fibroblast 6 (Lepr/Sp5)"
"e16_s1_GGGAGATGTGGCCCAT-1",1619,"Endothelial"
"e16_s1_GGGAGATTCTAGAGCT-1",916,"ICC"
"e16_s1_GGGAGTACAGAGTGAC-1",295,"Fibroblast 1 (Col6a4/Adamdec1)"
"e16_s1_GGGAGTACATTCGATG-1",2721,"Endothelial"
"e16_s1_GGGAGTATCTATTTCG-1",1138,"Proliferative Fibroblast"
"e16_s1_GGGATCCAGGCTTAAA-1",598,"Fibroblast 5 (Mfap5/Grm3)"
"e16_s1_GGGATCCCAGAAGCGT-1",3369,"Mesothelial"
"e16_s1_GGGATCCGTGCTTCAA-1",938,"Fibroblast 2 (Fndc1/Dpt)"
"e16_s1_GGGATCCGTTATTCTC-1",2891,"Fibroblast 1 (Col6a4/Adamdec1)"
"e16_s1_GGGATCCTCAAACCCA-1",2911,"Fibroblast 5 (Mfap5/Grm3)"
"e16_s1_GGGATCCTCATTCGGA-1",794,"Proliferative Smooth muscle"
"e16_s1_GGGATCCTCTAATTCC-1",2203,"Endothelial"
"e16_s1_GGGATGAAGGCACCAA-1",1860,"Fibroblast 6 (Lepr/Sp5)"
"e16_s1_GGGATGACACTGGCGT-1",3083,"Fibroblast 1 (Col6a4/Adamdec1)"
"e16_s1_GGGATGACATCGCTCT-1",1997,"Smooth muscle"
"e16_s1_GGGATGATCGGTTCAA-1",794,"Pericyte"
"e16_s1_GGGCCATAGAGTAACT-1",794,"Proliferative Fibroblast"
"e16_s1_GGGCCATAGTACTGTC-1",1861,"Fibroblast 1 (Col6a4/Adamdec1)"
"e16_s1_GGGCCATAGTGCGACA-1",3083,"Myofibroblast"
"e16_s1_GGGCCATTCAACGAGG-1",2800,"Endothelial"
"e16_s1_GGGCGTTAGCTGGCCT-1",709,"Fibroblast 3 (Adam12)"
"e16_s1_GGGCGTTGTAGCGTCC-1",656,"Fibroblast 1 (Col6a4/Adamdec1)"
"e16_s1_GGGCGTTGTTTACTGG-1",2928,"Fibroblast 6 (Lepr/Sp5)"
"e16_s1_GGGCTACAGGACCCAA-1",2316,"Proliferative Smooth muscle"
"e16_s1_GGGCTACGTATTGACC-1",2225,"Fibroblast 6 (Lepr/Sp5)"
"e16_s1_GGGCTACTCGTCCATC-1",598,"Fibroblast 4 (Kcnn3)"
"e16_s1_GGGCTACTCTAGCCTC-1",3340,"Myofibroblast"
"e16_s1_GGGCTCAAGCTACTAC-1",2891,"Fibroblast 6 (Lepr/Sp5)"
"e16_s1_GGGCTCAAGGTTCACT-1",3227,"Proliferative Fibroblast"
"e16_s1_GGGCTCAAGTTGGCTT-1",2203,"Endothelial"
"e16_s1_GGGCTCACAATTGAAG-1",794,"Smooth muscle"
"e16_s1_GGGCTCATCGCTCCTA-1",2396,"Pericyte"
"e16_s1_GGGTAGAAGACCAAAT-1",2742,"Lymphoid"
"e16_s1_GGGTAGACAAGATGGC-1",2307,"Fibroblast 1 (Col6a4/Adamdec1)"
"e16_s1_GGGTAGAGTGCTTATG-1",1001,"Myofibroblast"
"e16_s1_GGGTATTGTACGGGAT-1",1768,"Myeloid"
"e16_s1_GGGTATTTCGTGCTCT-1",1144,"Smooth muscle"
"e16_s1_GGGTCACAGGATTTGA-1",3083,"Myofibroblast"
"e16_s1_GGGTCACGTGTTCGTA-1",676,"Smooth muscle"
"e16_s1_GGGTCTGAGTAAGCAT-1",2307,"Fibroblast 1 (Col6a4/Adamdec1)"
"e16_s1_GGGTGAACAGCATCTA-1",2048,"Mesothelial"
"e16_s1_GGGTGAAGTCCTGGTG-1",598,"ICC"
"e16_s1_GGGTGTCAGCGTACAG-1",359,"Pericyte"
"e16_s1_GGGTGTCAGTCCCGAC-1",1861,"Fibroblast 6 (Lepr/Sp5)"
"e16_s1_GGGTGTCGTAACACCT-1",3215,"Proliferative Smooth muscle"
"e16_s1_GGGTTATAGAGCCGTA-1",2048,"Proliferative Fibroblast"
"e16_s1_GGGTTATAGCGAGTAC-1",3083,"Fibroblast 5 (Mfap5/Grm3)"
"e16_s1_GGGTTTACAATACCCA-1",2110,"Fibroblast 1 (Col6a4/Adamdec1)"
"e16_s1_GGGTTTACACATTACG-1",2843,"Fibroblast 5 (Mfap5/Grm3)"
"e16_s1_GGTAACTGTGTTCCTC-1",2110,"Fibroblast 2 (Fndc1/Dpt)"
"e16_s1_GGTAACTTCAGTCATG-1",2203,"Endothelial"
"e16_s1_GGTAACTTCCATTCGC-1",1138,"Fibroblast 6 (Lepr/Sp5)"
"e16_s1_GGTAACTTCTCTATGT-1",3207,"Fibroblast 6 (Lepr/Sp5)"
"e16_s1_GGTAATCCAAAGGTTA-1",829,"Fibroblast 4 (Kcnn3)"
"e16_s1_GGTAATCGTGCATACT-1",938,"ICC"
"e16_s1_GGTAATCTCGATTGGT-1",2217,"Myofibroblast"
"e16_s1_GGTAGAGAGTTTCTTC-1",2928,"Fibroblast 5 (Mfap5/Grm3)"
"e16_s1_GGTAGAGCACGTAACT-1",938,"Myofibroblast"
"e16_s1_GGTAGAGGTGCCGTTG-1",2911,"Myofibroblast"
"e16_s1_GGTCACGAGTGGCGAT-1",2380,"Fibroblast 1 (Col6a4/Adamdec1)"
"e16_s1_GGTCACGCACAACATC-1",2307,"Fibroblast 1 (Col6a4/Adamdec1)"
"e16_s1_GGTCACGGTGCAATGG-1",2307,"Fibroblast 6 (Lepr/Sp5)"
"e16_s1_GGTCACGTCATCAGTG-1",938,"Fibroblast 3 (Adam12)"
"e16_s1_GGTCACGTCCACGTGG-1",1144,"Fibroblast 2 (Fndc1/Dpt)"
"e16_s1_GGTCTGGAGCAAATGT-1",1861,"Fibroblast 6 (Lepr/Sp5)"
"e16_s1_GGTCTGGCACGGTCTG-1",2225,"Fibroblast 6 (Lepr/Sp5)"
"e16_s1_GGTCTGGGTGCCTGCA-1",676,"Smooth muscle"
"e16_s1_GGTGAAGAGATAGGGA-1",2928,"ICC"
"e16_s1_GGTGAAGAGTGTAGAT-1",3207,"Fibroblast 5 (Mfap5/Grm3)"
"e16_s1_GGTGAAGCAAGCTCTA-1",938,"Smooth muscle"
"e16_s1_GGTGAAGGTCCGTACG-1",2380,"Fibroblast 2 (Fndc1/Dpt)"
"e16_s1_GGTGAAGTCCGCGATG-1",2110,"Fibroblast 2 (Fndc1/Dpt)"
"e16_s1_GGTGATTTCCGCAACG-1",656,"Proliferative Smooth muscle"
"e16_s1_GGTGGCTGTAGCGCTC-1",3227,"Fibroblast 4 (Kcnn3)"
"e16_s1_GGTGGCTGTCGTCAGC-1",829,"Fibroblast 4 (Kcnn3)"
"e16_s1_GGTGTCGCAGGAGGTT-1",2918,"Fibroblast 6 (Lepr/Sp5)"
"e16_s1_GGTGTCGCAGTTTCGA-1",1638,"Myofibroblast"
"e16_s1_GGTGTCGCATCCGAGC-1",1020,"Endothelial"
"e16_s1_GGTGTCGGTGCACATT-1",1576,"Myofibroblast"
"e16_s1_GGTGTCGTCGTTCTAT-1",3207,"Fibroblast 6 (Lepr/Sp5)"
"e16_s1_GGTGTCGTCTGACCCT-1",1504,"Smooth muscle"
"e16_s1_GGTGTTAAGGTAGGCT-1",2721,"Endothelial"
"e16_s1_GGTGTTACACAAACGG-1",3083,"Fibroblast 2 (Fndc1/Dpt)"
"e16_s1_GGTGTTACAGCATACT-1",3369,"Pericyte"
"e16_s1_GGTGTTACAGTAACCT-1",2940,"Smooth muscle"
"e16_s1_GGTGTTACATACAGGG-1",1861,"Smooth muscle"
"e16_s1_GGTGTTACATACCATG-1",2690,"Fibroblast 5 (Mfap5/Grm3)"
"e16_s1_GGTGTTATCAGTGTGT-1",1035,"Smooth muscle"
"e16_s1_GGTTCTCCAAACCGGA-1",656,"Smooth muscle"
"e16_s1_GGTTCTCCACATATCG-1",1061,"Fibroblast 4 (Kcnn3)"
"e16_s1_GGTTGTAAGAATCGCG-1",916,"Fibroblast 2 (Fndc1/Dpt)"
"e16_s1_GGTTGTAAGGAAGAAC-1",815,"Fibroblast 5 (Mfap5/Grm3)"
"e16_s1_GGTTGTAGTGATGTAA-1",2307,"Fibroblast 2 (Fndc1/Dpt)"
"e16_s1_GGTTGTAGTGTTGAGG-1",2463,"Fibroblast 4 (Kcnn3)"
"e16_s1_GGTTGTATCACGGACC-1",3207,"Myofibroblast"
"e16_s1_GGTTGTATCGAACCAT-1",598,"Fibroblast 2 (Fndc1/Dpt)"
"e16_s1_GTAACACAGCAGGCTA-1",1213,"Endothelial"
"e16_s1_GTAACACAGGCACCAA-1",2911,"Myofibroblast"
"e16_s1_GTAACACCAAAGTATG-1",2928,"Fibroblast 6 (Lepr/Sp5)"
"e16_s1_GTAACACTCGGTAGAG-1",3251,"Fibroblast 6 (Lepr/Sp5)"
"e16_s1_GTAACACTCTTCGGAA-1",1548,"Endothelial"
"e16_s1_GTAACCACAGCCGTCA-1",2928,"Proliferative Smooth muscle"
"e16_s1_GTAACCACATCGGATT-1",2918,"Fibroblast 6 (Lepr/Sp5)"
"e16_s1_GTAAGTCCAGGCTCTG-1",2978,"Smooth muscle"
"e16_s1_GTAAGTCTCACTCCGT-1",2918,"Smooth muscle"
"e16_s1_GTAAGTCTCGATTGGT-1",519,"Fibroblast 2 (Fndc1/Dpt)"
"e16_s1_GTAATCGGTAGGCTCC-1",598,"Fibroblast 5 (Mfap5/Grm3)"
"e16_s1_GTAATCGTCGGAGTAG-1",1593,"Smooth muscle"
"e16_s1_GTAATCGTCGTGCACG-1",794,"Fibroblast 6 (Lepr/Sp5)"
"e16_s1_GTAATCGTCTGGGTCG-1",815,"Fibroblast 4 (Kcnn3)"
"e16_s1_GTAATGCCAGCTCCTT-1",1504,"Fibroblast 1 (Col6a4/Adamdec1)"
"e16_s1_GTAATGCCAGCTGCCA-1",2928,"Fibroblast 1 (Col6a4/Adamdec1)"
"e16_s1_GTAATGCTCACAATGC-1",1079,"Myofibroblast"
"e16_s1_GTACAACCAATTTCTC-1",2443,"Smooth muscle"
"e16_s1_GTACAACGTTAGAGAT-1",938,"Fibroblast 2 (Fndc1/Dpt)"
"e16_s1_GTACAGTCACATACTG-1",598,"Fibroblast 6 (Lepr/Sp5)"
"e16_s1_GTACAGTCAGTGTACT-1",2225,"Smooth muscle"
"e16_s1_GTAGAAACAACTACGT-1",2396,"Pericyte"
"e16_s1_GTAGAAACAGACCATT-1",2497,"Smooth muscle"
"e16_s1_GTAGAAACATGGAAGC-1",1408,"Fibroblast 5 (Mfap5/Grm3)"
"e16_s1_GTAGAAAGTATACAGA-1",3271,"Fibroblast 2 (Fndc1/Dpt)"
"e16_s1_GTAGAAATCAAGAGGC-1",1144,"ICC"
"e16_s1_GTAGAAATCGACATCA-1",1914,"Fibroblast 5 (Mfap5/Grm3)"
"e16_s1_GTAGAGGAGAAACACT-1",2928,"Fibroblast 1 (Col6a4/Adamdec1)"
"e16_s1_GTAGAGGAGTTTGCTG-1",1079,"ICC"
"e16_s1_GTAGAGGGTTGAATCC-1",938,"Fibroblast 4 (Kcnn3)"
"e16_s1_GTAGATCAGGCAGGTT-1",2347,"Fibroblast 6 (Lepr/Sp5)"
"e16_s1_GTAGATCAGTTTGTCG-1",829,"ICC"
"e16_s1_GTAGATCCACGACAGA-1",3207,"Fibroblast 6 (Lepr/Sp5)"
"e16_s1_GTAGATCTCACTGCTC-1",1035,"Fibroblast 3 (Adam12)"
"e16_s1_GTAGCTAGTCACGACC-1",2721,"Endothelial"
"e16_s1_GTAGCTAGTCCGGACT-1",938,"Pericyte"
"e16_s1_GTAGGAGCAAATGAAC-1",2380,"Fibroblast 6 (Lepr/Sp5)"
"e16_s1_GTAGGAGGTGGAAGTC-1",815,"Fibroblast 5 (Mfap5/Grm3)"
"e16_s1_GTAGGAGGTTACGATC-1",794,"Fibroblast 2 (Fndc1/Dpt)"
"e16_s1_GTAGGAGGTTGTCAGT-1",1158,"Fibroblast 5 (Mfap5/Grm3)"
"e16_s1_GTAGGAGTCGGTAACT-1",3207,"Fibroblast 1 (Col6a4/Adamdec1)"
"e16_s1_GTAGGTTAGGCCTAGA-1",1576,"Fibroblast 5 (Mfap5/Grm3)"
"e16_s1_GTAGGTTCACCGGTCA-1",3271,"Fibroblast 5 (Mfap5/Grm3)"
"e16_s1_GTAGGTTGTGCGAGTA-1",1860,"Pericyte"
"e16_s1_GTAGTACGTGACGTCC-1",815,"Smooth muscle"
"e16_s1_GTAGTACTCAGGCGAA-1",829,"Fibroblast 5 (Mfap5/Grm3)"
"e16_s1_GTATTGGAGCATCGAG-1",1035,"Fibroblast 1 (Col6a4/Adamdec1)"
"e16_s1_GTATTGGCAGGTCAAG-1",3340,"Myofibroblast"
"e16_s1_GTATTGGTCCTCTAAT-1",1001,"Fibroblast 2 (Fndc1/Dpt)"
"e16_s1_GTATTTCCAGCTGAGA-1",598,"Fibroblast 5 (Mfap5/Grm3)"
"e16_s1_GTATTTCGTGTCTTAG-1",2928,"Fibroblast 2 (Fndc1/Dpt)"
"e16_s1_GTCAAACCATGATGCT-1",1213,"Endothelial"
"e16_s1_GTCAAACGTCACTAGT-1",1638,"Fibroblast 1 (Col6a4/Adamdec1)"
"e16_s1_GTCAAACGTCCAGCCA-1",1383,"Fibroblast 3 (Adam12)"
"e16_s1_GTCAAACTCGGACCAC-1",3251,"Fibroblast 4 (Kcnn3)"
"e16_s1_GTCAAGTAGAATCTAG-1",2217,"Fibroblast 2 (Fndc1/Dpt)"
"e16_s1_GTCAAGTAGCTACTGT-1",2928,"Proliferative Smooth muscle"
"e16_s1_GTCAAGTAGGTCTGGA-1",656,"Mesothelial"
"e16_s1_GTCAAGTCATTCCTCG-1",2354,"Fibroblast 2 (Fndc1/Dpt)"
"e16_s1_GTCAAGTGTCACTAGT-1",1383,"Mesothelial"
"e16_s1_GTCAAGTTCAAACGAA-1",2380,"Fibroblast 1 (Col6a4/Adamdec1)"
"e16_s1_GTCACGGCATATAGCC-1",2540,"Smooth muscle"
"e16_s1_GTCACGGCATGACGTT-1",815,"Myofibroblast"
"e16_s1_GTCACGGTCCCTCTAG-1",1861,"Fibroblast 1 (Col6a4/Adamdec1)"
"e16_s1_GTCACTCAGCGTTCCG-1",3251,"Fibroblast 1 (Col6a4/Adamdec1)"
"e16_s1_GTCACTCAGGCCTTCG-1",1213,"Endothelial"
"e16_s1_GTCACTCAGGTCCTGC-1",1638,"ICC"
"e16_s1_GTCACTCCACAGTGAG-1",2497,"Fibroblast 1 (Col6a4/Adamdec1)"
"e16_s1_GTCACTCTCCCTCGAT-1",195,"Fibroblast 5 (Mfap5/Grm3)"
"e16_s1_GTCAGCGCATGTTCGA-1",1549,"Fibroblast 2 (Fndc1/Dpt)"
"e16_s1_GTCAGCGTCACCGGTG-1",2316,"Fibroblast 2 (Fndc1/Dpt)"
"e16_s1_GTCAGCGTCTTCACGC-1",916,"Fibroblast 6 (Lepr/Sp5)"
"e16_s1_GTCATCCAGAATCTAG-1",2918,"Fibroblast 4 (Kcnn3)"
"e16_s1_GTCATCCAGCTCCACG-1",3041,"Fibroblast 4 (Kcnn3)"
"e16_s1_GTCATCCAGGTTACAA-1",2605,"Myofibroblast"
"e16_s1_GTCATCCCACATGAAA-1",2928,"Myofibroblast"
"e16_s1_GTCATCCCAGACAATA-1",2064,"Fibroblast 3 (Adam12)"
"e16_s1_GTCATCCTCATGAGAA-1",1138,"Myofibroblast"
"e16_s1_GTCATCCTCCGGCAGT-1",2928,"Fibroblast 1 (Col6a4/Adamdec1)"
"e16_s1_GTCATCCTCGTCCATC-1",806,"Myofibroblast"
"e16_s1_GTCATGAAGTCAAGCG-1",2354,"Fibroblast 2 (Fndc1/Dpt)"
"e16_s1_GTCATGAAGTTCAACC-1",1504,"Myofibroblast"
"e16_s1_GTCATGACAATAGTGA-1",1914,"Myofibroblast"
"e16_s1_GTCATGAGTGTCGCTG-1",815,"Fibroblast 6 (Lepr/Sp5)"
"e16_s1_GTCATGATCCTGTACC-1",916,"Fibroblast 4 (Kcnn3)"
"e16_s1_GTCATGATCGGCATTA-1",746,"Fibroblast 1 (Col6a4/Adamdec1)"
"e16_s1_GTCATGATCTCCTGTG-1",2928,"Smooth muscle"
"e16_s1_GTCCACTCAGCTGAGA-1",2040,"ICC"
"e16_s1_GTCCACTCAGTAGAAT-1",846,"Fibroblast 1 (Col6a4/Adamdec1)"
"e16_s1_GTCCTCAAGCTGGAGT-1",2307,"Fibroblast 1 (Col6a4/Adamdec1)"
"e16_s1_GTCCTCAAGGCAGGGA-1",1504,"Fibroblast 2 (Fndc1/Dpt)"
"e16_s1_GTCCTCATCTAGACCA-1",656,"Fibroblast 6 (Lepr/Sp5)"
"e16_s1_GTCCTCATCTAGAGCT-1",1079,"Fibroblast 6 (Lepr/Sp5)"
"e16_s1_GTCGAATAGCGCTGAA-1",2787,"Fibroblast 4 (Kcnn3)"
"e16_s1_GTCGAATCAGGGTCTC-1",2483,"Fibroblast 6 (Lepr/Sp5)"
"e16_s1_GTCGAATGTAACTTCG-1",3251,"Fibroblast 6 (Lepr/Sp5)"
"e16_s1_GTCGCGAAGGTCGTAG-1",3340,"Smooth muscle"
"e16_s1_GTCGCGACAACAGCCC-1",2928,"Fibroblast 2 (Fndc1/Dpt)"
"e16_s1_GTCGCGACACGAGGTA-1",1202,"Fibroblast 3 (Adam12)"
"e16_s1_GTCGCGAGTCTACGAT-1",1179,"Fibroblast 2 (Fndc1/Dpt)"
"e16_s1_GTCGTAACAAGTGATA-1",3271,"Fibroblast 5 (Mfap5/Grm3)"
"e16_s1_GTCGTAAGTTGACTAC-1",1667,"Smooth muscle"
"e16_s1_GTCGTAAGTTGAGGAC-1",1874,"Fibroblast 2 (Fndc1/Dpt)"
"e16_s1_GTCGTAAGTTTGAACC-1",598,"Fibroblast 2 (Fndc1/Dpt)"
"e16_s1_GTCGTAATCTAGGCAT-1",2118,"ICC"
"e16_s1_GTCGTTCTCCCAACTC-1",2064,"Fibroblast 2 (Fndc1/Dpt)"
"e16_s1_GTCTACCAGAGTCCGA-1",1861,"Fibroblast 4 (Kcnn3)"
"e16_s1_GTCTACCCAGTCAGCC-1",2706,"Mesothelial"
"e16_s1_GTCTACCGTCTATGAC-1",1213,"Endothelial"
"e16_s1_GTCTACCTCACTGGGC-1",1213,"Endothelial"
"e16_s1_GTCTACCTCTGTCGTC-1",1411,"Fibroblast 5 (Mfap5/Grm3)"
"e16_s1_GTCTAGACAACGCATT-1",2307,"Fibroblast 2 (Fndc1/Dpt)"
"e16_s1_GTCTAGAGTACCTAGT-1",731,"Fibroblast 2 (Fndc1/Dpt)"
"e16_s1_GTCTAGATCTAGGCCG-1",2559,"Endothelial"
"e16_s1_GTCTCACGTCCCGGTA-1",2928,"Fibroblast 4 (Kcnn3)"
"e16_s1_GTCTCACGTGTCTTGA-1",1595,"Smooth muscle"
"e16_s1_GTCTGTCTCACCTGTC-1",851,"Lymphoid"
"e16_s1_GTCTGTCTCCCAGTGG-1",3215,"Myofibroblast"
"e16_s1_GTCTTTAGTATGATCC-1",815,"Fibroblast 5 (Mfap5/Grm3)"
"e16_s1_GTCTTTATCACGAACT-1",1918,"Endothelial"
"e16_s1_GTGACGCAGACCATAA-1",2118,"Myofibroblast"
"e16_s1_GTGACGCTCAGTGTCA-1",1914,"Smooth muscle"
"e16_s1_GTGAGCCAGCAGTCTT-1",938,"ICC"
"e16_s1_GTGAGCCGTTGCTCGG-1",369,"Fibroblast 2 (Fndc1/Dpt)"
"e16_s1_GTGAGCCTCCGAGCTG-1",656,"Fibroblast 5 (Mfap5/Grm3)"
"e16_s1_GTGAGGAAGATGCTTC-1",2307,"Fibroblast 1 (Col6a4/Adamdec1)"
"e16_s1_GTGAGGATCATTGCTT-1",2217,"Mesothelial"
"e16_s1_GTGAGTTAGAGTTCGG-1",1914,"Proliferative Smooth muscle"
"e16_s1_GTGAGTTAGCCGGATA-1",2380,"Fibroblast 2 (Fndc1/Dpt)"
"e16_s1_GTGAGTTTCTGGTTGA-1",2185,"Fibroblast 6 (Lepr/Sp5)"
"e16_s1_GTGATGTGTAGCGTCC-1",1667,"Proliferative Fibroblast"
"e16_s1_GTGCACGCAGGTCTCG-1",1555,"Endothelial"
"e16_s1_GTGCACGGTCGTAATC-1",1504,"Fibroblast 1 (Col6a4/Adamdec1)"
"e16_s1_GTGCACGTCCGTAGGC-1",656,"Fibroblast 4 (Kcnn3)"
"e16_s1_GTGCAGCAGTCCTGTA-1",1144,"Fibroblast 2 (Fndc1/Dpt)"
"e16_s1_GTGCAGCCACGCTATA-1",2978,"Fibroblast 3 (Adam12)"
"e16_s1_GTGCGTGAGATTGGGC-1",1619,"Endothelial"
"e16_s1_GTGCGTGCAGGTTCGC-1",2307,"Fibroblast 5 (Mfap5/Grm3)"
"e16_s1_GTGCGTGGTGTTCGTA-1",598,"Fibroblast 1 (Col6a4/Adamdec1)"
"e16_s1_GTGCTGGCAGATACCT-1",369,"Fibroblast 1 (Col6a4/Adamdec1)"
"e16_s1_GTGCTGGCATGTCGTA-1",1619,"Endothelial"
"e16_s1_GTGCTTCTCCCTCTTT-1",2307,"Fibroblast 4 (Kcnn3)"
"e16_s1_GTGCTTCTCGTCAACA-1",2928,"Pericyte"
"e16_s1_GTGCTTCTCTCCCAAC-1",2911,"Fibroblast 1 (Col6a4/Adamdec1)"
"e16_s1_GTGGAGAAGGTAAGTT-1",3251,"ICC"
"e16_s1_GTGGAGAAGTTACGAA-1",2358,"Myofibroblast"
"e16_s1_GTGGAGAGTCATAACC-1",3083,"Mesothelial"
"e16_s1_GTGGAGAGTCGGCACT-1",2928,"Fibroblast 1 (Col6a4/Adamdec1)"
"e16_s1_GTGGAGAGTGCAGATG-1",2307,"Proliferative Fibroblast"
"e16_s1_GTGGAGATCGCCTAGG-1",3248,"Myofibroblast"
"e16_s1_GTGGAGATCTAAGCGT-1",2225,"Fibroblast 5 (Mfap5/Grm3)"
"e16_s1_GTGGCGTCAATCTAGC-1",2787,"Fibroblast 5 (Mfap5/Grm3)"
"e16_s1_GTGGCGTGTGCTCTCT-1",1861,"Fibroblast 1 (Col6a4/Adamdec1)"
"e16_s1_GTGGGAAAGTAAAGCT-1",1860,"Fibroblast 2 (Fndc1/Dpt)"
"e16_s1_GTGGGAAGTACCGGCT-1",1933,"Smooth muscle"
"e16_s1_GTGGGAATCTAGTGAC-1",2928,"Fibroblast 2 (Fndc1/Dpt)"
"e16_s1_GTGGTTAAGGATGAGA-1",2070,"Endothelial"
"e16_s1_GTGGTTAAGGGATCGT-1",2040,"Fibroblast 1 (Col6a4/Adamdec1)"
"e16_s1_GTGGTTAGTCTTCAAG-1",1213,"Endothelial"
"e16_s1_GTGGTTATCCATACAG-1",1933,"Mesothelial"
"e16_s1_GTGTAACCAAATCAAG-1",1138,"Fibroblast 6 (Lepr/Sp5)"
"e16_s1_GTGTAACGTCATAAAG-1",1555,"Endothelial"
"e16_s1_GTGTCCTAGAGAGGTA-1",1914,"Myofibroblast"
"e16_s1_GTGTCCTCACAACGTT-1",1576,"Fibroblast 5 (Mfap5/Grm3)"
"e16_s1_GTGTCCTCAGTGTGGA-1",3207,"Fibroblast 1 (Col6a4/Adamdec1)"
"e16_s1_GTGTCCTCAGTTCACA-1",1667,"Proliferative Fibroblast"
"e16_s1_GTGTCCTTCCGTACGG-1",2217,"Fibroblast 4 (Kcnn3)"
"e16_s1_GTGTGATAGACCTGGA-1",348,"Mesothelial"
"e16_s1_GTGTGATAGTCAGAGC-1",1138,"Fibroblast 6 (Lepr/Sp5)"
"e16_s1_GTGTGATCAATCCTAG-1",2787,"Fibroblast 3 (Adam12)"
"e16_s1_GTGTGATTCACTCACC-1",2918,"Fibroblast 2 (Fndc1/Dpt)"
"e16_s1_GTGTGATTCATTTGGG-1",1739,"Mesothelial"
"e16_s1_GTGTGGCAGGGTGAAA-1",3083,"Fibroblast 5 (Mfap5/Grm3)"
"e16_s1_GTGTTAGCAAGTAGTA-1",1667,"Fibroblast 2 (Fndc1/Dpt)"
"e16_s1_GTGTTAGGTATTCTCT-1",295,"Fibroblast 2 (Fndc1/Dpt)"
"e16_s1_GTGTTAGGTGCCTGCA-1",2911,"Fibroblast 2 (Fndc1/Dpt)"
"e16_s1_GTGTTCCAGGCTCTCG-1",1411,"Mesothelial"
"e16_s1_GTTACCCAGACCCGCT-1",3251,"Myofibroblast"
"e16_s1_GTTACCCAGAGCAAGA-1",2354,"Fibroblast 1 (Col6a4/Adamdec1)"
"e16_s1_GTTACCCCAAATGCGG-1",1144,"Smooth muscle"
"e16_s1_GTTACCCCACCGCTGA-1",3083,"Smooth muscle"
"e16_s1_GTTACGAAGAAACCCG-1",2316,"Myofibroblast"
"e16_s1_GTTACGACACGGTGTC-1",2040,"Smooth muscle"
"e16_s1_GTTACGATCTTACCAT-1",3346,"Endothelial"
"e16_s1_GTTAGACAGAGTCAGC-1",2891,"Fibroblast 5 (Mfap5/Grm3)"
"e16_s1_GTTAGACGTACTTCCC-1",2936,"Fibroblast 5 (Mfap5/Grm3)"
"e16_s1_GTTAGACGTGCGTCGT-1",3227,"Proliferative Fibroblast"
"e16_s1_GTTAGTGCATGTGGTT-1",2893,"Fibroblast 1 (Col6a4/Adamdec1)"
"e16_s1_GTTAGTGGTATCAGCT-1",731,"Myofibroblast"
"e16_s1_GTTAGTGTCGCTTACC-1",3207,"Fibroblast 1 (Col6a4/Adamdec1)"
"e16_s1_GTTATGGAGCGTCTGC-1",2217,"ICC"
"e16_s1_GTTATGGAGTGAGTTA-1",1979,"Fibroblast 1 (Col6a4/Adamdec1)"
"e16_s1_GTTATGGAGTGCCGAA-1",359,"Fibroblast 1 (Col6a4/Adamdec1)"
"e16_s1_GTTATGGGTACGATTC-1",1860,"Myofibroblast"
"e16_s1_GTTATGGGTCTAACTG-1",2103,"Lymphoid"
"e16_s1_GTTATGGTCACTTTGT-1",952,"Endothelial"
"e16_s1_GTTATGGTCTCGTTTA-1",1555,"Endothelial"
"e16_s1_GTTCATTCACAACGTT-1",1861,"Proliferative Fibroblast"
"e16_s1_GTTCATTTCGCCGAGT-1",1667,"Smooth muscle"
"e16_s1_GTTCCGTGTACGGTTT-1",3207,"Fibroblast 6 (Lepr/Sp5)"
"e16_s1_GTTCCGTGTGGCTACC-1",1026,"Endothelial"
"e16_s1_GTTCCGTGTTCCTACC-1",916,"Fibroblast 2 (Fndc1/Dpt)"
"e16_s1_GTTCCGTTCCTATTGT-1",728,"Fibroblast 4 (Kcnn3)"
"e16_s1_GTTCCGTTCGGCAGTC-1",2936,"Proliferative Fibroblast"
"e16_s1_GTTCGCTAGGCACCAA-1",3251,"Myofibroblast"
"e16_s1_GTTCGCTAGGTAGCAC-1",794,"Fibroblast 2 (Fndc1/Dpt)"
"e16_s1_GTTCGCTCAAGCGCTC-1",916,"Fibroblast 2 (Fndc1/Dpt)"
"e16_s1_GTTCGCTCACAGTCCG-1",938,"Fibroblast 1 (Col6a4/Adamdec1)"
"e16_s1_GTTCTATGTGATAGTA-1",938,"Myofibroblast"
"e16_s1_GTTCTATGTGGTAATA-1",1158,"Fibroblast 2 (Fndc1/Dpt)"
"e16_s1_GTTGAACCATAACTCG-1",938,"ICC"
"e16_s1_GTTGAACCATGGGTCC-1",938,"Proliferative Fibroblast"
"e16_s1_GTTGAACTCACGGGAA-1",2217,"Fibroblast 4 (Kcnn3)"
"e16_s1_GTTGAACTCTAACACG-1",2891,"Fibroblast 1 (Col6a4/Adamdec1)"
"e16_s1_GTTGAACTCTTCTTCC-1",1619,"Endothelial"
"e16_s1_GTTGCGGAGATGACCG-1",1322,"Smooth muscle"
"e16_s1_GTTGCGGAGCTCGCAC-1",1914,"ICC"
"e16_s1_GTTGCGGAGTCGCCAC-1",2483,"Myofibroblast"
"e16_s1_GTTGCGGGTATGCTAC-1",1667,"Smooth muscle"
"e16_s1_GTTGCGGGTTATGGTC-1",3248,"Fibroblast 6 (Lepr/Sp5)"
"e16_s1_GTTGCTCCACGAAAGC-1",3330,"Proliferative Fibroblast"
"e16_s1_GTTGCTCTCCCGTTGT-1",2605,"Proliferative Smooth muscle"
"e16_s1_GTTGCTCTCTAAACGC-1",2891,"Fibroblast 1 (Col6a4/Adamdec1)"
"e16_s1_GTTGTAGCACACACTA-1",3053,"Fibroblast 6 (Lepr/Sp5)"
"e16_s1_GTTGTAGTCCACAAGT-1",598,"Fibroblast 5 (Mfap5/Grm3)"
"e16_s1_GTTGTAGTCCGCACTT-1",1158,"Proliferative Fibroblast"
"e16_s1_GTTGTCCCATGAGATA-1",2605,"Proliferative Smooth muscle"
"e16_s1_GTTGTCCGTTAAAGTG-1",3169,"Mesothelial"
"e16_s1_GTTGTCCGTTGGAGAC-1",3215,"Proliferative Smooth muscle"
"e16_s1_GTTGTGAAGGTTTACC-1",2928,"Smooth muscle"
"e16_s1_GTTGTGACAAGGCCTC-1",1158,"Fibroblast 1 (Col6a4/Adamdec1)"
"e16_s1_GTTGTGACAGAGAATT-1",815,"Fibroblast 6 (Lepr/Sp5)"
"e16_s1_GTTGTGACAGCGTTTA-1",2690,"Fibroblast 1 (Col6a4/Adamdec1)"
"e16_s1_GTTGTGATCAGAACCT-1",2380,"Fibroblast 2 (Fndc1/Dpt)"
"e16_s1_GTTTACTAGCGTCTCG-1",938,"Fibroblast 2 (Fndc1/Dpt)"
"e16_s1_GTTTACTCATGTCAGT-1",3227,"Fibroblast 4 (Kcnn3)"
"e16_s1_GTTTACTGTACGCTAT-1",2040,"Fibroblast 6 (Lepr/Sp5)"
"e16_s1_GTTTACTGTCCGGTGT-1",656,"Fibroblast 1 (Col6a4/Adamdec1)"
"e16_s1_GTTTACTTCCGATCTC-1",2899,"Fibroblast 1 (Col6a4/Adamdec1)"
"e16_s1_GTTTGGAAGCCGATTT-1",2110,"Fibroblast 2 (Fndc1/Dpt)"
"e16_s1_GTTTGGAAGGTTTACC-1",2928,"Fibroblast 6 (Lepr/Sp5)"
"e16_s1_GTTTGGAGTAGCTGCC-1",2203,"Endothelial"
"e16_s1_GTTTGGAGTGACTCGC-1",2307,"Pericyte"
"e16_s1_GTTTGGAGTGATAGTA-1",676,"Fibroblast 3 (Adam12)"
"e16_s1_GTTTGGAGTTCATCGA-1",1144,"Fibroblast 1 (Col6a4/Adamdec1)"
"e16_s1_GTTTGGAGTTTCGCTC-1",2380,"Fibroblast 6 (Lepr/Sp5)"
"e16_s1_TAACACGAGTCGAATA-1",2928,"Fibroblast 6 (Lepr/Sp5)"
"e16_s1_TAACACGGTGTGTGGA-1",1619,"Endothelial"
"e16_s1_TAACACGGTTTCACTT-1",829,"Myofibroblast"
"e16_s1_TAACACGTCAGTCATG-1",2443,"Smooth muscle"
"e16_s1_TAACACGTCCATACAG-1",1158,"Pericyte"
"e16_s1_TAACACGTCGCAGTTA-1",3207,"Fibroblast 4 (Kcnn3)"
"e16_s1_TAACCAGAGAACAAGG-1",1596,"Fibroblast 2 (Fndc1/Dpt)"
"e16_s1_TAACCAGAGATCCCAT-1",3251,"Fibroblast 2 (Fndc1/Dpt)"
"e16_s1_TAACCAGTCGGAATTC-1",3329,"Proliferative Fibroblast"
"e16_s1_TAACGACAGTATCCTG-1",2380,"Fibroblast 1 (Col6a4/Adamdec1)"
"e16_s1_TAACGACGTAGAATGT-1",938,"Smooth muscle"
"e16_s1_TAACGACGTAGGACTG-1",1202,"Fibroblast 2 (Fndc1/Dpt)"
"e16_s1_TAACGACGTGGCCTCA-1",3327,"Fibroblast 6 (Lepr/Sp5)"
"e16_s1_TAACTTCCACACCTTC-1",2396,"Fibroblast 1 (Col6a4/Adamdec1)"
"e16_s1_TAACTTCCATCAGTCA-1",2347,"Fibroblast 3 (Adam12)"
"e16_s1_TAACTTCGTTATGTGC-1",2497,"Fibroblast 6 (Lepr/Sp5)"
"e16_s1_TAACTTCTCTGCGGGT-1",1548,"Endothelial"
"e16_s1_TAAGCACCATAGTCGT-1",1591,"Mesothelial"
"e16_s1_TAAGCACTCTGAGAGG-1",2203,"Endothelial"
"e16_s1_TAAGCCACACTTGAGT-1",2225,"Fibroblast 5 (Mfap5/Grm3)"
"e16_s1_TAAGCCACATTGCAAC-1",2606,"Fibroblast 1 (Col6a4/Adamdec1)"
"e16_s1_TAAGCGTAGGACACTG-1",794,"Fibroblast 2 (Fndc1/Dpt)"
"e16_s1_TAAGCGTGTATCGTTG-1",333,"Fibroblast 2 (Fndc1/Dpt)"
"e16_s1_TAAGCGTTCAAACGTC-1",1576,"Fibroblast 6 (Lepr/Sp5)"
"e16_s1_TAAGTCGAGCCATCCG-1",2893,"Fibroblast 2 (Fndc1/Dpt)"
"e16_s1_TAAGTCGAGCCTCGTG-1",2690,"Fibroblast 4 (Kcnn3)"
"e16_s1_TAAGTCGCACCAAATC-1",2380,"Fibroblast 1 (Col6a4/Adamdec1)"
"e16_s1_TAAGTCGGTATCGCTA-1",2307,"Fibroblast 5 (Mfap5/Grm3)"
"e16_s1_TAAGTCGGTGTACGCC-1",2893,"Fibroblast 2 (Fndc1/Dpt)"
"e16_s1_TAATCTCCAGGAACCA-1",1079,"Fibroblast 2 (Fndc1/Dpt)"
"e16_s1_TAATTCCGTAGGATAT-1",1198,"Myofibroblast"
"e16_s1_TACAACGCAGCCGTCA-1",2893,"Fibroblast 2 (Fndc1/Dpt)"
"e16_s1_TACAACGCAGTAACGG-1",2928,"Smooth muscle"
"e16_s1_TACAACGGTGCCTGAC-1",1555,"Endothelial"
"e16_s1_TACAACGTCTCGTCGT-1",2911,"Fibroblast 2 (Fndc1/Dpt)"
"e16_s1_TACAACGTCTCTGCCA-1",2195,"Fibroblast 3 (Adam12)"
"e16_s1_TACACCCAGGTAAACT-1",2483,"Fibroblast 2 (Fndc1/Dpt)"
"e16_s1_TACACCCCACTCTGCT-1",829,"Fibroblast 3 (Adam12)"
"e16_s1_TACACCCGTGGTCCGT-1",2559,"Endothelial"
"e16_s1_TACACCCGTGTTCATG-1",3083,"Mesothelial"
"e16_s1_TACAGGTCAACTGGTT-1",2893,"Fibroblast 6 (Lepr/Sp5)"
"e16_s1_TACATTCTCCCTATTA-1",1860,"Myeloid"
"e16_s1_TACCCACCACGATTCA-1",2307,"Fibroblast 2 (Fndc1/Dpt)"
"e16_s1_TACCCACGTTAGCGGA-1",1874,"Pericyte"
"e16_s1_TACCCACTCAACGTGT-1",2690,"Fibroblast 1 (Col6a4/Adamdec1)"
"e16_s1_TACCCACTCGGTTAGT-1",3207,"Fibroblast 1 (Col6a4/Adamdec1)"
"e16_s1_TACCCGTAGACGATAT-1",3083,"Myofibroblast"
"e16_s1_TACCCGTGTTCTTGCC-1",731,"ICC"
"e16_s1_TACCCGTTCGGCTTGG-1",2118,"ICC"
"e16_s1_TACCCGTTCGGTCGAC-1",3083,"Fibroblast 2 (Fndc1/Dpt)"
"e16_s1_TACCGAAAGCAGCCTC-1",2396,"Fibroblast 2 (Fndc1/Dpt)"
"e16_s1_TACCGAACATAGACTC-1",938,"Fibroblast 2 (Fndc1/Dpt)"
"e16_s1_TACCGAAGTGTTTACG-1",3215,"Myofibroblast"
"e16_s1_TACCGGGTCATTGAGC-1",2605,"Fibroblast 1 (Col6a4/Adamdec1)"
"e16_s1_TACCTCGGTCACTCTC-1",3227,"Myofibroblast"
"e16_s1_TACCTGCCAAATACGA-1",1091,"Myofibroblast"
"e16_s1_TACCTGCCACCGTGCA-1",3227,"Fibroblast 2 (Fndc1/Dpt)"
"e16_s1_TACGCTCGTAACTAAG-1",2911,"ICC"
"e16_s1_TACGCTCTCACGGTCG-1",2110,"Pericyte"
"e16_s1_TACGGGCGTCCCAAAT-1",1549,"Fibroblast 2 (Fndc1/Dpt)"
"e16_s1_TACGGGCGTGCCTGAC-1",2911,"Smooth muscle"
"e16_s1_TACGGTAAGCATAGGC-1",3271,"Fibroblast 4 (Kcnn3)"
"e16_s1_TACGGTACAAGATTGA-1",2203,"Endothelial"
"e16_s1_TACGGTAGTCACGCTG-1",916,"Fibroblast 5 (Mfap5/Grm3)"
"e16_s1_TACGTCCAGATAGTGT-1",3021,"Fibroblast 6 (Lepr/Sp5)"
"e16_s1_TACGTCCCAAGTACCT-1",2940,"Proliferative Fibroblast"
"e16_s1_TACGTCCCAGTTGTTG-1",656,"Fibroblast 1 (Col6a4/Adamdec1)"
"e16_s1_TACGTCCGTGCTCTTC-1",1549,"Fibroblast 2 (Fndc1/Dpt)"
"e16_s1_TACGTCCTCTGCGTCT-1",1596,"Proliferative Fibroblast"
"e16_s1_TACTGCCAGTAAATGC-1",2396,"Myofibroblast"
"e16_s1_TACTGCCCAAGCTCTA-1",2307,"Fibroblast 2 (Fndc1/Dpt)"
"e16_s1_TACTGCCCAGAGATTA-1",2928,"Fibroblast 4 (Kcnn3)"
"e16_s1_TACTGCCGTCCAAATC-1",916,"Fibroblast 2 (Fndc1/Dpt)"
"e16_s1_TACTGCCTCAGTCCGG-1",1384,"Proliferative Smooth muscle"
"e16_s1_TACTGCCTCGAGTGAG-1",2742,"Lymphoid"
"e16_s1_TACTTACAGCGTCGAA-1",3207,"Fibroblast 6 (Lepr/Sp5)"
"e16_s1_TACTTACAGTGAGTTA-1",3340,"Fibroblast 4 (Kcnn3)"
"e16_s1_TACTTACCAATGCTCA-1",3369,"Fibroblast 6 (Lepr/Sp5)"
"e16_s1_TACTTACGTCCGGTGT-1",2690,"Fibroblast 1 (Col6a4/Adamdec1)"
"e16_s1_TACTTACGTGAGACCA-1",1144,"Fibroblast 4 (Kcnn3)"
"e16_s1_TACTTCAAGCTCGACC-1",3215,"Fibroblast 1 (Col6a4/Adamdec1)"
"e16_s1_TACTTCAAGTGCTCGC-1",1595,"Pericyte"
"e16_s1_TACTTCAGTTGACTGT-1",2843,"Myofibroblast"
"e16_s1_TACTTGTAGAACGCGT-1",3325,"Fibroblast 1 (Col6a4/Adamdec1)"
"e16_s1_TACTTGTAGCTTAAGA-1",1504,"Myofibroblast"
"e16_s1_TACTTGTCAACGCCCA-1",2893,"Fibroblast 2 (Fndc1/Dpt)"
"e16_s1_TACTTGTCATCCAATG-1",1860,"Fibroblast 6 (Lepr/Sp5)"
"e16_s1_TAGACTGAGCGAGTCA-1",3207,"Fibroblast 1 (Col6a4/Adamdec1)"
"e16_s1_TAGACTGCAAGTCCCG-1",3251,"Myofibroblast"
"e16_s1_TAGAGTCGTTATTCTC-1",1638,"Smooth muscle"
"e16_s1_TAGATCGCACGAGAAC-1",938,"Fibroblast 1 (Col6a4/Adamdec1)"
"e16_s1_TAGCACAAGCGAACTG-1",1860,"Fibroblast 4 (Kcnn3)"
"e16_s1_TAGCACAAGTTGGACG-1",1424,"Fibroblast 6 (Lepr/Sp5)"
"e16_s1_TAGCACAGTGCTGCAC-1",2928,"ICC"
"e16_s1_TAGCACATCGCGTTTC-1",3215,"Myofibroblast"
"e16_s1_TAGGAGGAGACATCAA-1",3207,"Fibroblast 5 (Mfap5/Grm3)"
"e16_s1_TAGGGTTAGTAATCCC-1",938,"Smooth muscle"
"e16_s1_TAGGGTTCATGACTTG-1",1158,"Fibroblast 2 (Fndc1/Dpt)"
"e16_s1_TAGGGTTCATGGCTAT-1",2203,"Endothelial"
"e16_s1_TAGGTACAGACCTCAT-1",3416,"Fibroblast 1 (Col6a4/Adamdec1)"
"e16_s1_TAGGTACAGAGACAAG-1",2307,"Pericyte"
"e16_s1_TAGGTACCAGGGTTGA-1",2203,"Endothelial"
"e16_s1_TAGGTACCATCGAACT-1",1158,"Fibroblast 6 (Lepr/Sp5)"
"e16_s1_TAGGTTGAGCAATTCC-1",2690,"Pericyte"
"e16_s1_TAGGTTGGTGTTCCAA-1",2891,"Fibroblast 3 (Adam12)"
"e16_s1_TAGTGCAAGCCGTAAG-1",1434,"Pericyte"
"e16_s1_TAGTGCACAGAGTGAC-1",1144,"Smooth muscle"
"e16_s1_TAGTGCATCCCTTGGT-1",2110,"Fibroblast 5 (Mfap5/Grm3)"
"e16_s1_TAGTGCATCGAAGGAC-1",3369,"Myofibroblast"
"e16_s1_TAGTGCATCGTCGGGT-1",2911,"Proliferative Smooth muscle"
"e16_s1_TAGTGCATCTCTGCCA-1",2497,"Myofibroblast"
"e16_s1_TATACCTCAGGACGAT-1",3207,"Fibroblast 6 (Lepr/Sp5)"
"e16_s1_TATACCTGTCCCGCAA-1",1576,"Myofibroblast"
"e16_s1_TATACCTTCGGAAACG-1",598,"Fibroblast 4 (Kcnn3)"
"e16_s1_TATACCTTCTTTCAGT-1",2787,"Fibroblast 4 (Kcnn3)"
"e16_s1_TATATCCAGAGGTATT-1",938,"Fibroblast 1 (Col6a4/Adamdec1)"
"e16_s1_TATATCCGTACTGCGC-1",1424,"Fibroblast 4 (Kcnn3)"
"e16_s1_TATATCCGTCCCACGA-1",3251,"Fibroblast 4 (Kcnn3)"
"e16_s1_TATATCCGTTCGGCGT-1",2396,"Fibroblast 2 (Fndc1/Dpt)"
"e16_s1_TATCAGGAGCGGCTCT-1",1548,"Endothelial"
"e16_s1_TATCAGGGTGACCTGC-1",1619,"Endothelial"
"e16_s1_TATCCTAAGCTCTGTA-1",804,"Mesothelial"
"e16_s1_TATCCTATCCAAGGGA-1",815,"Fibroblast 2 (Fndc1/Dpt)"
"e16_s1_TATCTGTCACCGCTAG-1",3251,"Fibroblast 6 (Lepr/Sp5)"
"e16_s1_TATCTTGCAGCAGACA-1",2483,"Myofibroblast"
"e16_s1_TATCTTGGTCATCCCT-1",1026,"Endothelial"
"e16_s1_TATCTTGTCAAGGCTT-1",2307,"Fibroblast 2 (Fndc1/Dpt)"
"e16_s1_TATCTTGTCGCTGACG-1",2110,"Fibroblast 6 (Lepr/Sp5)"
"e16_s1_TATCTTGTCGTTCAGA-1",794,"Myofibroblast"
"e16_s1_TATGTTCTCCGTTGAA-1",2380,"Fibroblast 6 (Lepr/Sp5)"
"e16_s1_TATTCCAGTCGACGCT-1",2891,"Fibroblast 2 (Fndc1/Dpt)"
"e16_s1_TATTCCAGTGAACCGA-1",1667,"Fibroblast 1 (Col6a4/Adamdec1)"
"e16_s1_TATTCCAGTTTACGTG-1",2380,"Fibroblast 5 (Mfap5/Grm3)"
"e16_s1_TATTCCATCCAGCAAT-1",2347,"Fibroblast 4 (Kcnn3)"
"e16_s1_TATTCCATCTACCTTA-1",3140,"Fibroblast 3 (Adam12)"
"e16_s1_TATTGCTCATCCGTTC-1",1997,"Fibroblast 3 (Adam12)"
"e16_s1_TATTGCTGTTCATCTT-1",938,"Fibroblast 6 (Lepr/Sp5)"
"e16_s1_TATTGCTGTTTGGAAA-1",833,"ICC"
"e16_s1_TATTGCTTCATGACAC-1",2928,"Fibroblast 6 (Lepr/Sp5)"
"e16_s1_TATTGGGCAAACACCT-1",2891,"Fibroblast 2 (Fndc1/Dpt)"
"e16_s1_TATTGGGGTGAGGCAT-1",2891,"Pericyte"
"e16_s1_TATTGGGTCTAGAGCT-1",728,"Fibroblast 4 (Kcnn3)"
"e16_s1_TATTTCGAGATGCTTC-1",2978,"Fibroblast 2 (Fndc1/Dpt)"
"e16_s1_TATTTCGGTCACCGCA-1",1860,"Fibroblast 5 (Mfap5/Grm3)"
"e16_s1_TATTTCGGTGGTTCTA-1",2354,"Fibroblast 6 (Lepr/Sp5)"
"e16_s1_TATTTCGTCCAATCTT-1",2307,"Fibroblast 6 (Lepr/Sp5)"
"e16_s1_TATTTCGTCTTGCAAG-1",2106,"ICC"
"e16_s1_TCAAGACAGCTGAGCA-1",2787,"Smooth muscle"
"e16_s1_TCAAGACAGGTCATCT-1",938,"Fibroblast 1 (Col6a4/Adamdec1)"
"e16_s1_TCAAGACCAAGTCGTT-1",2307,"Fibroblast 5 (Mfap5/Grm3)"
"e16_s1_TCAAGCAAGAGTCCGA-1",2380,"Pericyte"
"e16_s1_TCAAGCAAGTCTCGTA-1",1593,"Myofibroblast"
"e16_s1_TCAAGCACATTGAAGA-1",1144,"Fibroblast 2 (Fndc1/Dpt)"
"e16_s1_TCAAGCAGTTCTCACC-1",2040,"Mesothelial"
"e16_s1_TCAAGCAGTTGGTGTT-1",1860,"Fibroblast 1 (Col6a4/Adamdec1)"
"e16_s1_TCAAGTGCAATCTCTT-1",2203,"Endothelial"
"e16_s1_TCAAGTGCACCTCTAC-1",3340,"Fibroblast 6 (Lepr/Sp5)"
"e16_s1_TCAAGTGCAGCGACAA-1",1860,"Fibroblast 2 (Fndc1/Dpt)"
"e16_s1_TCAAGTGGTTACCTTT-1",1576,"Fibroblast 2 (Fndc1/Dpt)"
"e16_s1_TCAATCTGTACGTTCA-1",2911,"Proliferative Fibroblast"
"e16_s1_TCAATCTGTAGTGATA-1",2978,"Fibroblast 2 (Fndc1/Dpt)"
"e16_s1_TCAATCTGTGCATTAC-1",2893,"Fibroblast 1 (Col6a4/Adamdec1)"
"e16_s1_TCAATCTTCGCCTATC-1",1504,"Proliferative Smooth muscle"
"e16_s1_TCAATTCAGTCATCGT-1",2203,"Endothelial"
"e16_s1_TCAATTCTCGCCATAA-1",2559,"Endothelial"
"e16_s1_TCAATTCTCGCCTTGT-1",984,"Fibroblast 4 (Kcnn3)"
"e16_s1_TCAATTCTCTCAAAGC-1",2928,"ICC"
"e16_s1_TCACAAGAGAGACAAG-1",2347,"Smooth muscle"
"e16_s1_TCACAAGAGATGTTAG-1",676,"Fibroblast 4 (Kcnn3)"
"e16_s1_TCACAAGCATCGGAGA-1",2380,"Fibroblast 2 (Fndc1/Dpt)"
"e16_s1_TCACACCAGAGATTCA-1",815,"ICC"
"e16_s1_TCACACCGTTCAGTAC-1",1548,"Endothelial"
"e16_s1_TCACATTTCGGTTCAA-1",348,"Fibroblast 2 (Fndc1/Dpt)"
"e16_s1_TCACGCTCACCGCTGA-1",2928,"Mesothelial"
"e16_s1_TCACGCTTCACCTGGG-1",2217,"ICC"
"e16_s1_TCACGCTTCTACGGGC-1",1593,"Fibroblast 2 (Fndc1/Dpt)"
"e16_s1_TCACGGGGTGTACATC-1",1860,"Fibroblast 4 (Kcnn3)"
"e16_s1_TCACTATAGGTGAGCT-1",1576,"Proliferative Fibroblast"
"e16_s1_TCACTATCAACACAGG-1",2891,"Fibroblast 6 (Lepr/Sp5)"
"e16_s1_TCACTATCATACAGGG-1",676,"Fibroblast 3 (Adam12)"
"e16_s1_TCACTATTCGTCGACG-1",3127,"Smooth muscle"
"e16_s1_TCACTATTCTGCTGAA-1",2225,"Smooth muscle"
"e16_s1_TCACTCGAGCGGGTTA-1",938,"Fibroblast 2 (Fndc1/Dpt)"
"e16_s1_TCAGCAAAGACCAGCA-1",2380,"Fibroblast 6 (Lepr/Sp5)"
"e16_s1_TCAGCAACATCACAGT-1",3251,"Myofibroblast"
"e16_s1_TCAGCAAGTACGAGCA-1",1595,"Fibroblast 2 (Fndc1/Dpt)"
"e16_s1_TCAGCAAGTATTTCGG-1",646,"Fibroblast 5 (Mfap5/Grm3)"
"e16_s1_TCAGCAATCACCTCTG-1",2483,"Fibroblast 6 (Lepr/Sp5)"
"e16_s1_TCAGCAATCTAGGCAT-1",2307,"Fibroblast 3 (Adam12)"
"e16_s1_TCAGCCTAGCTTTCCC-1",2605,"Myofibroblast"
"e16_s1_TCAGCCTAGGTCGCCT-1",3251,"Myofibroblast"
"e16_s1_TCAGCCTCATGGAGAC-1",3331,"Smooth muscle"
"e16_s1_TCAGCCTGTGGATTTC-1",1079,"Fibroblast 6 (Lepr/Sp5)"
"e16_s1_TCAGCCTTCAAGCTGT-1",2928,"Fibroblast 2 (Fndc1/Dpt)"
"e16_s1_TCAGGGCAGAATCTAG-1",3083,"Smooth muscle"
"e16_s1_TCAGGGCAGTACTGGG-1",938,"Myofibroblast"
"e16_s1_TCAGGGCCAGCATTGT-1",1555,"Endothelial"
"e16_s1_TCAGGGCGTCGCAACC-1",3251,"Fibroblast 2 (Fndc1/Dpt)"
"e16_s1_TCAGGGCGTTGCAAGG-1",1555,"Endothelial"
"e16_s1_TCAGGGCTCCAAGCCG-1",1933,"Proliferative Smooth muscle"
"e16_s1_TCAGGGCTCTATGTGG-1",2928,"Fibroblast 1 (Col6a4/Adamdec1)"
"e16_s1_TCAGGTAAGATCCAAA-1",1504,"Fibroblast 2 (Fndc1/Dpt)"
"e16_s1_TCAGGTAAGGTAGCAC-1",1576,"Myofibroblast"
"e16_s1_TCAGGTACATGACGTT-1",3251,"ICC"
"e16_s1_TCAGGTATCGCATGAT-1",1914,"Smooth muscle"
"e16_s1_TCAGTCCCAATACAGA-1",3251,"Mesothelial"
"e16_s1_TCAGTCCCAGCAAGAC-1",640,"Pericyte"
"e16_s1_TCAGTCCGTCACTAGT-1",833,"Mesothelial"
"e16_s1_TCAGTCCGTTCGGGTC-1",2380,"Smooth muscle"
"e16_s1_TCAGTGAAGTATCTGC-1",1113,"Endothelial"
"e16_s1_TCAGTGACAATCCTTT-1",2690,"Smooth muscle"
"e16_s1_TCAGTGATCGACCATA-1",2690,"Mesothelial"
"e16_s1_TCAGTTTCACTTCAAG-1",668,"Fibroblast 2 (Fndc1/Dpt)"
"e16_s1_TCAGTTTCAGTTACCA-1",3251,"Fibroblast 2 (Fndc1/Dpt)"
"e16_s1_TCAGTTTCATGAGGGT-1",2690,"Smooth muscle"
"e16_s1_TCAGTTTGTAGGAGGG-1",3083,"Myofibroblast"
"e16_s1_TCAGTTTTCTTGGAAC-1",2396,"Fibroblast 4 (Kcnn3)"
"e16_s1_TCATACTCATCACAGT-1",938,"Fibroblast 1 (Col6a4/Adamdec1)"
"e16_s1_TCATACTGTGAGATAT-1",2396,"Fibroblast 1 (Col6a4/Adamdec1)"
"e16_s1_TCATATCAGTGAGCCA-1",2928,"Proliferative Fibroblast"
"e16_s1_TCATATCTCGGACTGC-1",3083,"Myofibroblast"
"e16_s1_TCATCATAGGCTCTCG-1",1213,"Endothelial"
"e16_s1_TCATCATAGTTAGTGA-1",2347,"Fibroblast 6 (Lepr/Sp5)"
"e16_s1_TCATCATCACTGAATC-1",3329,"Fibroblast 1 (Col6a4/Adamdec1)"
"e16_s1_TCATCATCAGAACGCA-1",2706,"Mesothelial"
"e16_s1_TCATCCGAGTGCGCTC-1",938,"Fibroblast 5 (Mfap5/Grm3)"
"e16_s1_TCATCCGCAGTGCGCT-1",3327,"Fibroblast 1 (Col6a4/Adamdec1)"
"e16_s1_TCATCCGGTGTTACAC-1",2396,"Fibroblast 2 (Fndc1/Dpt)"
"e16_s1_TCATCCGTCCACTTCG-1",2605,"Myofibroblast"
"e16_s1_TCATGAGAGATGGTAT-1",2203,"Endothelial"
"e16_s1_TCATGAGAGCCTCATA-1",938,"Fibroblast 4 (Kcnn3)"
"e16_s1_TCATGAGCAAGAAACT-1",1213,"Endothelial"
"e16_s1_TCATGAGGTATGGGAC-1",2918,"Fibroblast 2 (Fndc1/Dpt)"
"e16_s1_TCATGAGTCATCTACT-1",1213,"Endothelial"
"e16_s1_TCATGAGTCCTTGACC-1",1861,"Fibroblast 1 (Col6a4/Adamdec1)"
"e16_s1_TCATGAGTCGAGAGCA-1",3207,"Fibroblast 6 (Lepr/Sp5)"
"e16_s1_TCATGCCAGTCCGCCA-1",938,"Proliferative Smooth muscle"
"e16_s1_TCATGCCTCTAGTACG-1",2217,"Myofibroblast"
"e16_s1_TCATGGAAGCTAAATG-1",3215,"Fibroblast 5 (Mfap5/Grm3)"
"e16_s1_TCATGGATCAACACCA-1",3215,"Fibroblast 5 (Mfap5/Grm3)"
"e16_s1_TCATGTTAGAATCGTA-1",2380,"Smooth muscle"
"e16_s1_TCATGTTCAGACGGAT-1",728,"Smooth muscle"
"e16_s1_TCATGTTCATCAGCTA-1",3251,"Myofibroblast"
"e16_s1_TCATGTTCATTGCCGG-1",3346,"Endothelial"
"e16_s1_TCATTACTCCCATAGA-1",2918,"Smooth muscle"
"e16_s1_TCATTCAAGGGCAACT-1",3083,"Myofibroblast"
"e16_s1_TCATTCACAGCACAAG-1",794,"Fibroblast 2 (Fndc1/Dpt)"
"e16_s1_TCATTCAGTTAAGTCC-1",2978,"Smooth muscle"
"e16_s1_TCATTGTAGCACTGGA-1",1997,"Smooth muscle"
"e16_s1_TCATTGTAGGACGCTA-1",833,"Fibroblast 6 (Lepr/Sp5)"
"e16_s1_TCATTGTCAATGCTCA-1",2690,"Proliferative Fibroblast"
"e16_s1_TCATTGTCAGTTCTAG-1",2928,"Endothelial"
"e16_s1_TCATTTGAGGCTAACG-1",2928,"Fibroblast 5 (Mfap5/Grm3)"
"e16_s1_TCATTTGTCAAAGCCT-1",2826,"Smooth muscle"
"e16_s1_TCCACCAAGGGAGGGT-1",833,"Mesothelial"
"e16_s1_TCCACCACACTCCGAG-1",2936,"Fibroblast 4 (Kcnn3)"
"e16_s1_TCCACCACAGTTAGGG-1",1091,"Fibroblast 2 (Fndc1/Dpt)"
"e16_s1_TCCACCAGTGTGAGCA-1",1861,"Fibroblast 6 (Lepr/Sp5)"
"e16_s1_TCCACCATCAGCTCTC-1",58,"Myofibroblast"
"e16_s1_TCCACGTCAAATGAAC-1",2463,"Fibroblast 1 (Col6a4/Adamdec1)"
"e16_s1_TCCACGTCAAGTTCCA-1",2463,"Fibroblast 2 (Fndc1/Dpt)"
"e16_s1_TCCACGTGTAAGGAGA-1",1549,"Fibroblast 5 (Mfap5/Grm3)"
"e16_s1_TCCACGTGTTACGTAC-1",2307,"Fibroblast 1 (Col6a4/Adamdec1)"
"e16_s1_TCCAGAAAGTCATCCA-1",1158,"Fibroblast 4 (Kcnn3)"
"e16_s1_TCCAGAAAGTTGCTCA-1",2040,"Fibroblast 5 (Mfap5/Grm3)"
"e16_s1_TCCATCGAGAGTGAAG-1",3369,"Fibroblast 2 (Fndc1/Dpt)"
"e16_s1_TCCATCGGTCATAAAG-1",2559,"Myeloid"
"e16_s1_TCCATCGGTCGACTGC-1",794,"Pericyte"
"e16_s1_TCCATCGGTTGCTTGA-1",491,"Fibroblast 6 (Lepr/Sp5)"
"e16_s1_TCCATGCAGATCGACG-1",1035,"Fibroblast 3 (Adam12)"
"e16_s1_TCCATGCAGCCAAGTG-1",1427,"Fibroblast 1 (Col6a4/Adamdec1)"
"e16_s1_TCCATGCGTCGGAAAC-1",2742,"Myeloid"
"e16_s1_TCCATGCGTGACAGCA-1",1593,"Smooth muscle"
"e16_s1_TCCATGCTCTGAATCG-1",1861,"Fibroblast 2 (Fndc1/Dpt)"
"e16_s1_TCCCACAAGCAGATAT-1",2788,"Fibroblast 2 (Fndc1/Dpt)"
"e16_s1_TCCCACAAGGTCCCTG-1",3140,"Smooth muscle"
"e16_s1_TCCCACAAGTGAGCCA-1",1158,"Fibroblast 2 (Fndc1/Dpt)"
"e16_s1_TCCCACACATAACAGA-1",656,"Fibroblast 1 (Col6a4/Adamdec1)"
"e16_s1_TCCCACAGTCTAGGTT-1",1411,"Proliferative Smooth muscle"
"e16_s1_TCCCAGTCACTGGAAG-1",2307,"Fibroblast 1 (Col6a4/Adamdec1)"
"e16_s1_TCCCAGTGTTCACCGG-1",2911,"Fibroblast 1 (Col6a4/Adamdec1)"
"e16_s1_TCCCAGTTCCAATCTT-1",938,"ICC"
"e16_s1_TCCCATGAGCACGGAT-1",3207,"Fibroblast 5 (Mfap5/Grm3)"
"e16_s1_TCCCATGCACCGTGAC-1",1914,"Fibroblast 1 (Col6a4/Adamdec1)"
"e16_s1_TCCGAAACACAAACGG-1",3251,"Myofibroblast"
"e16_s1_TCCGAAACAGGACAGT-1",2787,"Fibroblast 2 (Fndc1/Dpt)"
"e16_s1_TCCGAAAGTGTGTGGA-1",2040,"Proliferative Smooth muscle"
"e16_s1_TCCGATCAGATCGCCC-1",1408,"Proliferative Smooth muscle"
"e16_s1_TCCGATCGTTCCGCTT-1",3162,"Myofibroblast"
"e16_s1_TCCGATCTCGGAATTC-1",2118,"Myofibroblast"
"e16_s1_TCCGGGAAGCTACAAA-1",3312,"Fibroblast 6 (Lepr/Sp5)"
"e16_s1_TCCGGGAAGGCTATCT-1",656,"Fibroblast 1 (Col6a4/Adamdec1)"
"e16_s1_TCCGGGACAGTGAGCA-1",1144,"ICC"
"e16_s1_TCCGGGAGTATGCAAA-1",3251,"Mesothelial"
"e16_s1_TCCGGGAGTCTTTATC-1",952,"Endothelial"
"e16_s1_TCCGGGATCCGATAGT-1",2928,"Fibroblast 1 (Col6a4/Adamdec1)"
"e16_s1_TCCGGGATCTTGGTGA-1",1213,"Endothelial"
"e16_s1_TCCGTGTCACAGTCGC-1",3207,"Smooth muscle"
"e16_s1_TCCGTGTGTCAATCTG-1",598,"Fibroblast 6 (Lepr/Sp5)"
"e16_s1_TCCGTGTTCACCGACG-1",1202,"Fibroblast 4 (Kcnn3)"
"e16_s1_TCCGTGTTCATGCCCT-1",2893,"Fibroblast 1 (Col6a4/Adamdec1)"
"e16_s1_TCCGTGTTCCAATGCA-1",815,"Mesothelial"
"e16_s1_TCCTAATAGGGTCACA-1",2307,"Fibroblast 1 (Col6a4/Adamdec1)"
"e16_s1_TCCTAATCACGGCCAT-1",1638,"Smooth muscle"
"e16_s1_TCCTAATCATCGATCA-1",1504,"Fibroblast 2 (Fndc1/Dpt)"
"e16_s1_TCCTAATCATGGGTTT-1",2075,"Mesothelial"
"e16_s1_TCCTAATGTAGTTAGA-1",1593,"Myofibroblast"
"e16_s1_TCCTAATGTGGTCCGT-1",598,"Fibroblast 6 (Lepr/Sp5)"
"e16_s1_TCCTAATTCACAAGGG-1",815,"Fibroblast 1 (Col6a4/Adamdec1)"
"e16_s1_TCCTAATTCACCTCAC-1",2891,"Fibroblast 5 (Mfap5/Grm3)"
"e16_s1_TCCTCCCAGCCAGACA-1",2225,"Fibroblast 1 (Col6a4/Adamdec1)"
"e16_s1_TCCTCCCAGTATCTGC-1",3227,"Fibroblast 4 (Kcnn3)"
"e16_s1_TCCTCCCAGTTGGACG-1",1576,"Myofibroblast"
"e16_s1_TCCTCCCGTAGATCGG-1",3251,"Fibroblast 6 (Lepr/Sp5)"
"e16_s1_TCCTCCCTCCTGGGTG-1",1861,"Fibroblast 1 (Col6a4/Adamdec1)"
"e16_s1_TCCTCGACAAATGGTA-1",1079,"Fibroblast 4 (Kcnn3)"
"e16_s1_TCCTCGATCCCATTTA-1",2463,"Fibroblast 1 (Col6a4/Adamdec1)"
"e16_s1_TCCTCTTCAATAGAGT-1",2891,"Fibroblast 1 (Col6a4/Adamdec1)"
"e16_s1_TCCTCTTGTACCCGAC-1",2483,"Fibroblast 6 (Lepr/Sp5)"
"e16_s1_TCCTGCAAGAATGTTG-1",1914,"ICC"
"e16_s1_TCCTGCAAGGGATGTC-1",2443,"Smooth muscle"
"e16_s1_TCCTGCAAGGGTATAT-1",3083,"Proliferative Smooth muscle"
"e16_s1_TCCTGCACAAAGGAGA-1",938,"Fibroblast 4 (Kcnn3)"
"e16_s1_TCCTGCAGTGCATTAC-1",2928,"Fibroblast 6 (Lepr/Sp5)"
"e16_s1_TCCTGCATCAACCCGG-1",829,"Fibroblast 2 (Fndc1/Dpt)"
"e16_s1_TCCTGCATCCGATAAC-1",3251,"Mesothelial"
"e16_s1_TCCTGCATCTGAGAGG-1",1914,"Proliferative Fibroblast"
"e16_s1_TCCTTCTCAAGTGGAC-1",2075,"Myofibroblast"
"e16_s1_TCCTTCTGTATCCTCC-1",3340,"Myofibroblast"
"e16_s1_TCCTTCTGTCCGGTCA-1",3215,"Myofibroblast"
"e16_s1_TCCTTTCCATCGGTTA-1",1144,"Fibroblast 3 (Adam12)"
"e16_s1_TCCTTTCGTACTTGTG-1",3083,"Myofibroblast"
"e16_s1_TCCTTTCGTTGCATGT-1",2690,"Fibroblast 1 (Col6a4/Adamdec1)"
"e16_s1_TCGAACACAGCTGTCG-1",1861,"Fibroblast 2 (Fndc1/Dpt)"
"e16_s1_TCGAACACATACAGGG-1",1576,"Fibroblast 6 (Lepr/Sp5)"
"e16_s1_TCGAACATCAATCCGA-1",2893,"Fibroblast 2 (Fndc1/Dpt)"
"e16_s1_TCGAAGTCAACTCCCT-1",1158,"Fibroblast 4 (Kcnn3)"
"e16_s1_TCGACCTAGCACTAAA-1",2040,"Fibroblast 2 (Fndc1/Dpt)"
"e16_s1_TCGACCTAGCTGCGAA-1",938,"Fibroblast 2 (Fndc1/Dpt)"
"e16_s1_TCGACCTAGTGATAGT-1",2605,"Fibroblast 1 (Col6a4/Adamdec1)"
"e16_s1_TCGACCTCAACCACAT-1",2048,"Smooth muscle"
"e16_s1_TCGACCTCACACCTAA-1",916,"Fibroblast 2 (Fndc1/Dpt)"
"e16_s1_TCGACCTGTGTCTCCT-1",1144,"Pericyte"
"e16_s1_TCGACCTTCTAACACG-1",2928,"Myofibroblast"
"e16_s1_TCGACCTTCTATTGTC-1",938,"Smooth muscle"
"e16_s1_TCGACCTTCTATTTCG-1",3021,"Pericyte"
"e16_s1_TCGACGGAGGATAATC-1",2928,"Fibroblast 6 (Lepr/Sp5)"
"e16_s1_TCGACGGCAATCGAAA-1",1861,"Fibroblast 5 (Mfap5/Grm3)"
"e16_s1_TCGATTTCATCTCATT-1",2307,"Fibroblast 1 (Col6a4/Adamdec1)"
"e16_s1_TCGATTTTCTTCCAGC-1",2203,"Endothelial"
"e16_s1_TCGCACTCACCCTAAA-1",916,"Fibroblast 5 (Mfap5/Grm3)"
"e16_s1_TCGCACTTCAGCGCAC-1",815,"Fibroblast 5 (Mfap5/Grm3)"
"e16_s1_TCGCAGGAGTAATTGG-1",794,"Myofibroblast"
"e16_s1_TCGCAGGGTCTAGGCC-1",2145,"Fibroblast 4 (Kcnn3)"
"e16_s1_TCGCAGGTCATAAGGA-1",598,"Fibroblast 4 (Kcnn3)"
"e16_s1_TCGCAGGTCTGTTCAT-1",1576,"Fibroblast 1 (Col6a4/Adamdec1)"
"e16_s1_TCGCTCAAGAGTGTGC-1",2307,"Fibroblast 2 (Fndc1/Dpt)"
"e16_s1_TCGCTCAAGCCTTGAT-1",1079,"Fibroblast 2 (Fndc1/Dpt)"
"e16_s1_TCGCTCACAGGTTACT-1",2040,"Fibroblast 6 (Lepr/Sp5)"
"e16_s1_TCGCTCAGTCTGCATA-1",794,"Fibroblast 2 (Fndc1/Dpt)"
"e16_s1_TCGCTCATCATGACAC-1",2978,"Smooth muscle"
"e16_s1_TCGCTTGAGCGGATCA-1",2225,"Fibroblast 2 (Fndc1/Dpt)"
"e16_s1_TCGCTTGAGGTGCCAA-1",1061,"Fibroblast 3 (Adam12)"
"e16_s1_TCGCTTGCACAAAGTA-1",3207,"Fibroblast 5 (Mfap5/Grm3)"
"e16_s1_TCGCTTGCACGCGGTT-1",2217,"Myofibroblast"
"e16_s1_TCGGATAAGGCTCTCG-1",3313,"Fibroblast 4 (Kcnn3)"
"e16_s1_TCGGATAAGGTGGCTA-1",3127,"Smooth muscle"
"e16_s1_TCGGATACACGCAGTC-1",794,"Myofibroblast"
"e16_s1_TCGGATACATGACTAC-1",2217,"Fibroblast 2 (Fndc1/Dpt)"
"e16_s1_TCGGATACATGACTGT-1",1914,"Mesothelial"
"e16_s1_TCGGATAGTCTGTGGC-1",2380,"Fibroblast 2 (Fndc1/Dpt)"
"e16_s1_TCGGATAGTGACCGTC-1",2307,"Fibroblast 6 (Lepr/Sp5)"
"e16_s1_TCGGGACAGACGGAAA-1",1113,"Endothelial"
"e16_s1_TCGGGACGTTACCCTC-1",2396,"Fibroblast 4 (Kcnn3)"
"e16_s1_TCGGGACGTTAGAAAC-1",2064,"Fibroblast 3 (Adam12)"
"e16_s1_TCGGGACTCACACCCT-1",676,"Fibroblast 3 (Adam12)"
"e16_s1_TCGGGCAAGCTTCATG-1",3207,"Fibroblast 1 (Col6a4/Adamdec1)"
"e16_s1_TCGGGCACACTAGGTT-1",1914,"Smooth muscle"
"e16_s1_TCGGGTGCACTAAACC-1",2891,"Fibroblast 2 (Fndc1/Dpt)"
"e16_s1_TCGGGTGGTAGGAGTC-1",598,"Fibroblast 6 (Lepr/Sp5)"
"e16_s1_TCGGGTGGTCTAGGCC-1",3251,"Fibroblast 4 (Kcnn3)"
"e16_s1_TCGGGTGTCCCTCAAC-1",676,"Fibroblast 3 (Adam12)"
"e16_s1_TCGGGTGTCTGGCCAG-1",3327,"Fibroblast 6 (Lepr/Sp5)"
"e16_s1_TCGGTCTCATCAGCTA-1",3340,"Smooth muscle"
"e16_s1_TCGGTCTGTAGAATGT-1",598,"Fibroblast 4 (Kcnn3)"
"e16_s1_TCGGTCTGTGCACAAG-1",1768,"Myeloid"
"e16_s1_TCGGTCTGTTTCACAG-1",2928,"Fibroblast 2 (Fndc1/Dpt)"
"e16_s1_TCGGTCTTCTCTCTAA-1",1179,"ICC"
"e16_s1_TCGGTCTTCTGCGAGC-1",1144,"Proliferative Fibroblast"
"e16_s1_TCGTAGAAGACTACGG-1",1504,"Fibroblast 6 (Lepr/Sp5)"
"e16_s1_TCGTAGAAGTGTTGTC-1",2040,"Myofibroblast"
"e16_s1_TCGTAGACACGTAGTT-1",1860,"Fibroblast 1 (Col6a4/Adamdec1)"
"e16_s1_TCGTAGACATTGACTG-1",805,"Fibroblast 2 (Fndc1/Dpt)"
"e16_s1_TCGTAGAGTTCCAGGC-1",491,"Fibroblast 1 (Col6a4/Adamdec1)"
"e16_s1_TCGTAGATCGTTATCT-1",676,"Fibroblast 3 (Adam12)"
"e16_s1_TCGTCCAAGCGTCAGA-1",1638,"Fibroblast 6 (Lepr/Sp5)"
"e16_s1_TCGTCCACAGGCGTTC-1",1213,"Endothelial"
"e16_s1_TCGTCCATCACTCTTA-1",1914,"Proliferative Fibroblast"
"e16_s1_TCGTCCATCCCGTTCA-1",2605,"Smooth muscle"
"e16_s1_TCGTCCATCTATGCCC-1",815,"Proliferative Smooth muscle"
"e16_s1_TCGTGCTTCAGCTAGT-1",952,"Endothelial"
"e16_s1_TCGTGGGGTCCAAAGG-1",3215,"Pericyte"
"e16_s1_TCGTGGGGTCGCTTGG-1",1667,"Fibroblast 2 (Fndc1/Dpt)"
"e16_s1_TCTAACTCACAGTATC-1",3207,"Fibroblast 1 (Col6a4/Adamdec1)"
"e16_s1_TCTAACTGTCACAATC-1",2347,"Fibroblast 3 (Adam12)"
"e16_s1_TCTACATAGAACGCGT-1",92,"Fibroblast 1 (Col6a4/Adamdec1)"
"e16_s1_TCTACATTCTCGTTTA-1",1549,"Fibroblast 4 (Kcnn3)"
"e16_s1_TCTACCGCACGCGTGT-1",2316,"Smooth muscle"
"e16_s1_TCTACCGCACGGTGAA-1",2843,"Fibroblast 4 (Kcnn3)"
"e16_s1_TCTACCGTCACCTGGG-1",1548,"Endothelial"
"e16_s1_TCTACCGTCGTGCGAC-1",1035,"Fibroblast 3 (Adam12)"
"e16_s1_TCTACCGTCTAGACAC-1",305,"Fibroblast 2 (Fndc1/Dpt)"
"e16_s1_TCTATACCAAGATGTA-1",2396,"Fibroblast 2 (Fndc1/Dpt)"
"e16_s1_TCTATACCACCCAACG-1",2396,"Myofibroblast"
"e16_s1_TCTATACTCTCATTAC-1",2911,"Fibroblast 2 (Fndc1/Dpt)"
"e16_s1_TCTATCAAGCCGTCGT-1",1861,"Fibroblast 6 (Lepr/Sp5)"
"e16_s1_TCTATCAGTCCCTCAT-1",1861,"Fibroblast 4 (Kcnn3)"
"e16_s1_TCTATCATCCCAAGCG-1",2209,"Myeloid"
"e16_s1_TCTCACGAGCTAGATA-1",2203,"Endothelial"
"e16_s1_TCTCACGAGGTTCAGG-1",2203,"Endothelial"
"e16_s1_TCTCACGGTGAGATAT-1",2721,"Endothelial"
"e16_s1_TCTCACGGTGCGCTCA-1",2483,"Smooth muscle"
"e16_s1_TCTCACGGTTAGCTAC-1",833,"Smooth muscle"
"e16_s1_TCTCAGCGTAGCTGTT-1",2040,"Fibroblast 6 (Lepr/Sp5)"
"e16_s1_TCTCAGCTCCTCAGAA-1",3248,"Fibroblast 1 (Col6a4/Adamdec1)"
"e16_s1_TCTCAGCTCTTAGCTT-1",1548,"Endothelial"
"e16_s1_TCTCCGAAGACAAGCC-1",598,"Fibroblast 5 (Mfap5/Grm3)"
"e16_s1_TCTCCGAGTACCACGC-1",1555,"Endothelial"
"e16_s1_TCTCCGATCCTCACCA-1",2606,"Fibroblast 6 (Lepr/Sp5)"
"e16_s1_TCTCTGGCAAACCACT-1",1424,"Proliferative Fibroblast"
"e16_s1_TCTCTGGCATCCGTTC-1",2483,"Fibroblast 2 (Fndc1/Dpt)"
"e16_s1_TCTCTGGTCACCTCTG-1",2790,"Fibroblast 6 (Lepr/Sp5)"
"e16_s1_TCTCTGGTCCGTGTGG-1",2380,"Fibroblast 5 (Mfap5/Grm3)"
"e16_s1_TCTCTGGTCTCGCCTA-1",1144,"Pericyte"
"e16_s1_TCTGCCATCACATCAG-1",1091,"Fibroblast 6 (Lepr/Sp5)"
"e16_s1_TCTGCCATCCATCCGT-1",2443,"Proliferative Smooth muscle"
"e16_s1_TCTGCCATCTACCAGA-1",1024,"Endothelial"
"e16_s1_TCTGGCTCACGTATAC-1",1576,"Proliferative Smooth muscle"
"e16_s1_TCTGGCTCAGACGCTC-1",938,"Smooth muscle"
"e16_s1_TCTGGCTGTAGCTTAC-1",938,"Fibroblast 2 (Fndc1/Dpt)"
"e16_s1_TCTGGCTGTGGTCAAG-1",2040,"Fibroblast 2 (Fndc1/Dpt)"
"e16_s1_TCTGGCTTCCTTGGAA-1",598,"Fibroblast 4 (Kcnn3)"
"e16_s1_TCTGTCGAGAGGTTAT-1",731,"ICC"
"e16_s1_TCTGTCGAGCAACCAG-1",3340,"ICC"
"e16_s1_TCTGTCGAGCAGCCCT-1",1408,"Pericyte"
"e16_s1_TCTGTCGAGGTTACAA-1",1860,"Fibroblast 1 (Col6a4/Adamdec1)"
"e16_s1_TCTGTCGGTCAACATC-1",646,"Pericyte"
"e16_s1_TCTTAGTAGTTGTCGT-1",805,"Fibroblast 1 (Col6a4/Adamdec1)"
"e16_s1_TCTTAGTTCCAGGACC-1",804,"Mesothelial"
"e16_s1_TCTTCCTGTGAGACGT-1",3346,"Endothelial"
"e16_s1_TCTTTGAGTAGATTGA-1",815,"Myofibroblast"
"e16_s1_TCTTTGAGTTAGAGAT-1",2928,"Fibroblast 1 (Col6a4/Adamdec1)"
"e16_s1_TGAACGTAGGTACATA-1",2893,"Fibroblast 2 (Fndc1/Dpt)"
"e16_s1_TGAACGTCATAGGTTC-1",2443,"Fibroblast 3 (Adam12)"
"e16_s1_TGAACGTGTATTGCCA-1",1860,"Fibroblast 1 (Col6a4/Adamdec1)"
"e16_s1_TGAATCGAGTTACTCG-1",2605,"Fibroblast 6 (Lepr/Sp5)"
"e16_s1_TGAATCGGTGCCGTAC-1",2928,"ICC"
"e16_s1_TGAATGCAGAACAAGG-1",2940,"Myofibroblast"
"e16_s1_TGAATGCAGTGATTCC-1",656,"Fibroblast 5 (Mfap5/Grm3)"
"e16_s1_TGAATGCTCCCGGTAG-1",1213,"Endothelial"
"e16_s1_TGACAGTAGATACATG-1",984,"Smooth muscle"
"e16_s1_TGACAGTAGGCGCTTC-1",1914,"Fibroblast 1 (Col6a4/Adamdec1)"
"e16_s1_TGACAGTTCAAGTGTC-1",2347,"Fibroblast 3 (Adam12)"
"e16_s1_TGACAGTTCCATCTCG-1",2347,"Myofibroblast"
"e16_s1_TGACAGTTCTTGCAAG-1",2893,"Fibroblast 6 (Lepr/Sp5)"
"e16_s1_TGACCCTTCAAGAGGC-1",2911,"Fibroblast 2 (Fndc1/Dpt)"
"e16_s1_TGACGCGAGCTGGAGT-1",656,"Fibroblast 6 (Lepr/Sp5)"
"e16_s1_TGACGCGCAGCTCATA-1",2307,"Fibroblast 1 (Col6a4/Adamdec1)"
"e16_s1_TGACGCGGTCAGCGTC-1",1001,"Myofibroblast"
"e16_s1_TGACTCCGTCAGCTTA-1",598,"Endothelial"
"e16_s1_TGACTCCGTTCTCACC-1",2483,"Fibroblast 4 (Kcnn3)"
"e16_s1_TGACTCCTCCCGGTAG-1",3021,"Fibroblast 4 (Kcnn3)"
"e16_s1_TGAGACTAGTGCAACG-1",1576,"Proliferative Smooth muscle"
"e16_s1_TGAGACTCAATTTCCT-1",1667,"Smooth muscle"
"e16_s1_TGAGACTTCGACATTG-1",1914,"Smooth muscle"
"e16_s1_TGAGCATGTAGGGTAC-1",656,"Fibroblast 1 (Col6a4/Adamdec1)"
"e16_s1_TGAGCATGTCAAGCGA-1",1576,"Fibroblast 2 (Fndc1/Dpt)"
"e16_s1_TGAGCGCAGACAACAT-1",2203,"Endothelial"
"e16_s1_TGAGCGCAGGCAATGC-1",805,"Fibroblast 6 (Lepr/Sp5)"
"e16_s1_TGAGCGCAGGTGCTTT-1",3313,"Fibroblast 6 (Lepr/Sp5)"
"e16_s1_TGAGCGCAGTATGAAC-1",2347,"Myofibroblast"
"e16_s1_TGAGCGCTCAGCGCAC-1",2217,"Fibroblast 2 (Fndc1/Dpt)"
"e16_s1_TGAGCGCTCCATCGTC-1",1860,"Fibroblast 4 (Kcnn3)"
"e16_s1_TGAGCGCTCTGAGATC-1",2380,"Myofibroblast"
"e16_s1_TGAGGAGGTGCACATT-1",2307,"Fibroblast 2 (Fndc1/Dpt)"
"e16_s1_TGAGGAGGTGCCGTAC-1",2040,"ICC"
"e16_s1_TGAGGGACAAATCGGG-1",938,"Fibroblast 4 (Kcnn3)"
"e16_s1_TGAGGGAGTAGGGTAC-1",2380,"Fibroblast 2 (Fndc1/Dpt)"
"e16_s1_TGAGGTTAGTTTGTCG-1",598,"Fibroblast 6 (Lepr/Sp5)"
"e16_s1_TGAGGTTCAAGGAGTC-1",2040,"Fibroblast 5 (Mfap5/Grm3)"
"e16_s1_TGAGGTTGTGTGTTTG-1",3053,"Myofibroblast"
"e16_s1_TGAGTCAGTCACCGCA-1",938,"Myofibroblast"
"e16_s1_TGAGTCAGTTTCGTTT-1",1411,"Fibroblast 4 (Kcnn3)"
"e16_s1_TGATCAGAGAGTCAGC-1",3207,"ICC"
"e16_s1_TGATCAGAGGAAGTAG-1",2463,"Fibroblast 6 (Lepr/Sp5)"
"e16_s1_TGATCAGGTGTTCAGT-1",2899,"Fibroblast 6 (Lepr/Sp5)"
"e16_s1_TGATCTTAGCTGACAG-1",2928,"Fibroblast 2 (Fndc1/Dpt)"
"e16_s1_TGATCTTCAACTGCCG-1",1427,"Fibroblast 3 (Adam12)"
"e16_s1_TGATCTTGTAGTCTTG-1",2225,"Fibroblast 1 (Col6a4/Adamdec1)"
"e16_s1_TGATCTTTCAGAATAG-1",1035,"Fibroblast 3 (Adam12)"
"e16_s1_TGATGCAAGATTGAGT-1",2721,"Endothelial"
"e16_s1_TGATGCACACAATCTG-1",2606,"Fibroblast 2 (Fndc1/Dpt)"
"e16_s1_TGATGCACACCTGCAG-1",1933,"Fibroblast 2 (Fndc1/Dpt)"
"e16_s1_TGATGCACATCCTATT-1",938,"Myofibroblast"
"e16_s1_TGATGCACATGACGGA-1",2891,"Fibroblast 1 (Col6a4/Adamdec1)"
"e16_s1_TGATGGTCAGGGTCTC-1",829,"Fibroblast 2 (Fndc1/Dpt)"
"e16_s1_TGATGGTGTGACCGAA-1",815,"Fibroblast 4 (Kcnn3)"
"e16_s1_TGATGGTTCTACTATC-1",1427,"Myofibroblast"
"e16_s1_TGATTCTGTAGTGATA-1",714,"ICC"
"e16_s1_TGATTTCAGCTATCTG-1",833,"Myofibroblast"
"e16_s1_TGATTTCCACATCCCT-1",1860,"Fibroblast 1 (Col6a4/Adamdec1)"
"e16_s1_TGATTTCCACCAAATC-1",2483,"Fibroblast 2 (Fndc1/Dpt)"
"e16_s1_TGATTTCCATAATCCG-1",1079,"Fibroblast 5 (Mfap5/Grm3)"
"e16_s1_TGATTTCTCATGCATG-1",159,"Fibroblast 1 (Col6a4/Adamdec1)"
"e16_s1_TGATTTCTCCACCCTA-1",2396,"Myofibroblast"
"e16_s1_TGCACGGCAGGAGACT-1",3340,"Smooth muscle"
"e16_s1_TGCACGGCATCCGGTG-1",2891,"Fibroblast 6 (Lepr/Sp5)"
"e16_s1_TGCACGGGTAATTAGG-1",3207,"Fibroblast 1 (Col6a4/Adamdec1)"
"e16_s1_TGCACGGTCGCGTGCA-1",2928,"Fibroblast 6 (Lepr/Sp5)"
"e16_s1_TGCAGATAGGCCGCTT-1",984,"Smooth muscle"
"e16_s1_TGCAGATAGTGCGCTC-1",2690,"Fibroblast 5 (Mfap5/Grm3)"
"e16_s1_TGCAGATCACCAGCCA-1",2064,"Fibroblast 3 (Adam12)"
"e16_s1_TGCAGATCAGGGTCTC-1",2064,"Fibroblast 3 (Adam12)"
"e16_s1_TGCAGATGTACAAAGT-1",1504,"Fibroblast 2 (Fndc1/Dpt)"
"e16_s1_TGCAGATGTCATCGCG-1",2217,"Fibroblast 3 (Adam12)"
"e16_s1_TGCAGATTCTGAACGT-1",1596,"Fibroblast 4 (Kcnn3)"
"e16_s1_TGCAGGCAGCAAATCA-1",884,"Smooth muscle"
"e16_s1_TGCAGGCCAATGGGTG-1",2396,"Fibroblast 5 (Mfap5/Grm3)"
"e16_s1_TGCAGGCCAGCGACCT-1",2826,"Fibroblast 3 (Adam12)"
"e16_s1_TGCAGGCGTCATCGGC-1",916,"Fibroblast 6 (Lepr/Sp5)"
"e16_s1_TGCAGGCTCAAACGAA-1",1576,"Fibroblast 6 (Lepr/Sp5)"
"e16_s1_TGCAGTAGTGAAGCGT-1",938,"Fibroblast 6 (Lepr/Sp5)"
"e16_s1_TGCAGTATCCATTGTT-1",2606,"Myofibroblast"
"e16_s1_TGCATCCCACGTAGTT-1",3207,"Fibroblast 6 (Lepr/Sp5)"
"e16_s1_TGCATCCCAGCATTGT-1",598,"Proliferative Smooth muscle"
"e16_s1_TGCATCCCATGTCAGT-1",938,"Fibroblast 3 (Adam12)"
"e16_s1_TGCATGAAGGCGAACT-1",491,"Fibroblast 6 (Lepr/Sp5)"
"e16_s1_TGCATGACACGGCTAC-1",815,"Fibroblast 5 (Mfap5/Grm3)"
"e16_s1_TGCATGAGTAACGATA-1",1595,"Fibroblast 4 (Kcnn3)"
"e16_s1_TGCATGATCCTTATAC-1",1595,"ICC"
"e16_s1_TGCATGATCTTCGTGC-1",3251,"Mesothelial"
"e16_s1_TGCCGAGAGAAATGGG-1",1576,"Fibroblast 6 (Lepr/Sp5)"
"e16_s1_TGCCGAGAGCGACTGA-1",952,"Endothelial"
"e16_s1_TGCCGAGAGCGTTCAT-1",3251,"Myofibroblast"
"e16_s1_TGCCGAGCACAAGCTT-1",938,"Fibroblast 2 (Fndc1/Dpt)"
"e16_s1_TGCCGAGGTTCAAGTC-1",2217,"Fibroblast 2 (Fndc1/Dpt)"
"e16_s1_TGCCGAGTCGTAGTCA-1",2307,"Fibroblast 5 (Mfap5/Grm3)"
"e16_s1_TGCGACGGTAATCAGA-1",728,"Proliferative Fibroblast"
"e16_s1_TGCGACGGTGTAGCAG-1",1138,"Fibroblast 4 (Kcnn3)"
"e16_s1_TGCGATAAGCACGATG-1",794,"Fibroblast 1 (Col6a4/Adamdec1)"
"e16_s1_TGCGATATCACTCACC-1",656,"Fibroblast 4 (Kcnn3)"
"e16_s1_TGCGGCAAGGGCGAAG-1",938,"Fibroblast 3 (Adam12)"
"e16_s1_TGCGGCAGTTTACTGG-1",2911,"Fibroblast 6 (Lepr/Sp5)"
"e16_s1_TGCGGCATCCACGTCT-1",2354,"Fibroblast 6 (Lepr/Sp5)"
"e16_s1_TGCGGGTAGATGAATC-1",2690,"Fibroblast 2 (Fndc1/Dpt)"
"e16_s1_TGCGGGTCACTGGAAG-1",794,"Pericyte"
"e16_s1_TGCGGGTGTCCAGTTA-1",2748,"Smooth muscle"
"e16_s1_TGCGGGTTCTCCCAAC-1",2928,"Fibroblast 1 (Col6a4/Adamdec1)"
"e16_s1_TGCTCCAAGGGTCTTT-1",2928,"Fibroblast 3 (Adam12)"
"e16_s1_TGCTCCAAGTAGGGTC-1",1549,"ICC"
"e16_s1_TGCTCCACAGACTCTA-1",640,"Myofibroblast"
"e16_s1_TGCTCCAGTCTGTCAA-1",2800,"Endothelial"
"e16_s1_TGCTCCAGTGTGTACT-1",2936,"Fibroblast 4 (Kcnn3)"
"e16_s1_TGCTCCATCATTCTTG-1",2540,"Fibroblast 3 (Adam12)"
"e16_s1_TGCTCCATCCACTTCG-1",656,"Proliferative Smooth muscle"
"e16_s1_TGCTCCATCTTCGTAT-1",491,"Fibroblast 1 (Col6a4/Adamdec1)"
"e16_s1_TGCTCGTAGCAACTTC-1",1555,"Endothelial"
"e16_s1_TGCTCGTCATGCCGAC-1",3251,"Myofibroblast"
"e16_s1_TGCTCGTGTTTAAGGA-1",2540,"Smooth muscle"
"e16_s1_TGCTGAACATACAGGG-1",1504,"Proliferative Smooth muscle"
"e16_s1_TGCTTCGAGCGAAACC-1",3251,"Mesothelial"
"e16_s1_TGCTTCGCACTACCCT-1",598,"Fibroblast 2 (Fndc1/Dpt)"
"e16_s1_TGCTTCGGTAGGACTG-1",1035,"Fibroblast 3 (Adam12)"
"e16_s1_TGCTTCGGTTCCTAAG-1",2307,"Fibroblast 1 (Col6a4/Adamdec1)"
"e16_s1_TGCTTCGGTTGGACCC-1",2893,"Fibroblast 6 (Lepr/Sp5)"
"e16_s1_TGCTTGCAGGTCATTC-1",2605,"Fibroblast 5 (Mfap5/Grm3)"
"e16_s1_TGGAACTAGCGCAATG-1",2048,"Smooth muscle"
"e16_s1_TGGAGAGAGATGGTCG-1",2891,"Proliferative Fibroblast"
"e16_s1_TGGAGAGAGTGTACCT-1",1667,"Myofibroblast"
"e16_s1_TGGAGAGGTAGCGTTT-1",2918,"Fibroblast 6 (Lepr/Sp5)"
"e16_s1_TGGAGAGGTGCGTCGT-1",598,"Fibroblast 1 (Col6a4/Adamdec1)"
"e16_s1_TGGAGAGTCTACCAGA-1",1549,"Fibroblast 1 (Col6a4/Adamdec1)"
"e16_s1_TGGAGGAAGAGCAACC-1",1861,"Smooth muscle"
"e16_s1_TGGAGGATCCCGATCT-1",2396,"Fibroblast 1 (Col6a4/Adamdec1)"
"e16_s1_TGGAGGATCGAACACT-1",1555,"Endothelial"
"e16_s1_TGGATCACAGACTGCC-1",1576,"Fibroblast 1 (Col6a4/Adamdec1)"
"e16_s1_TGGATCAGTCCCTGTT-1",656,"Smooth muscle"
"e16_s1_TGGATCAGTTGGACTT-1",656,"Proliferative Fibroblast"
"e16_s1_TGGATCATCACCTTGC-1",3340,"Smooth muscle"
"e16_s1_TGGATGTCACGGATCC-1",916,"Fibroblast 2 (Fndc1/Dpt)"
"e16_s1_TGGATGTCATTCTGTT-1",1001,"Smooth muscle"
"e16_s1_TGGATGTGTAGAAACT-1",3207,"Fibroblast 2 (Fndc1/Dpt)"
"e16_s1_TGGCGTGGTATGCGGA-1",794,"Fibroblast 2 (Fndc1/Dpt)"
"e16_s1_TGGCGTGTCCCAGCGA-1",1768,"Myeloid"
"e16_s1_TGGGAAGAGTACCGGA-1",1035,"Fibroblast 3 (Adam12)"
"e16_s1_TGGGAAGCAAACCACT-1",2380,"Fibroblast 1 (Col6a4/Adamdec1)"
"e16_s1_TGGGAAGCATGAAGGC-1",1061,"Fibroblast 6 (Lepr/Sp5)"
"e16_s1_TGGGAAGGTTCGTGCG-1",1933,"Smooth muscle"
"e16_s1_TGGGAAGGTTGCTCGG-1",2690,"Fibroblast 5 (Mfap5/Grm3)"
"e16_s1_TGGGAAGTCTACCACC-1",2483,"Fibroblast 5 (Mfap5/Grm3)"
"e16_s1_TGGGAGACAGGAAGTC-1",598,"Myofibroblast"
"e16_s1_TGGGAGAGTGTATACC-1",2690,"Smooth muscle"
"e16_s1_TGGGATTAGTCTTCGA-1",3251,"Myofibroblast"
"e16_s1_TGGGATTCAACCCTCT-1",1914,"Fibroblast 5 (Mfap5/Grm3)"
"e16_s1_TGGGATTTCTGCCCTA-1",598,"Fibroblast 5 (Mfap5/Grm3)"
"e16_s1_TGGGCGTCACCCTAGG-1",3251,"Mesothelial"
"e16_s1_TGGGCGTGTCTTCCGT-1",2787,"Pericyte"
"e16_s1_TGGGCGTGTGATGTAA-1",1638,"Myofibroblast"
"e16_s1_TGGGCTGAGTTATGGA-1",1704,"Lymphoid"
"e16_s1_TGGGCTGCATAGTCGT-1",2978,"Fibroblast 4 (Kcnn3)"
"e16_s1_TGGGCTGGTGATGAAT-1",1061,"Fibroblast 5 (Mfap5/Grm3)"
"e16_s1_TGGGCTGGTGGCTTGC-1",833,"Mesothelial"
"e16_s1_TGGGTTAAGCGACTTT-1",2307,"Fibroblast 5 (Mfap5/Grm3)"
"e16_s1_TGGGTTAAGTTACTCG-1",815,"Fibroblast 1 (Col6a4/Adamdec1)"
"e16_s1_TGGGTTACAAGGCGTA-1",1434,"ICC"
"e16_s1_TGGGTTAGTTCTCCCA-1",2800,"Endothelial"
"e16_s1_TGGTACAAGAAGTCAT-1",1411,"Proliferative Smooth muscle"
"e16_s1_TGGTACAAGCGAGTAC-1",2497,"Fibroblast 4 (Kcnn3)"
"e16_s1_TGGTACAAGTCGGCAA-1",656,"Fibroblast 2 (Fndc1/Dpt)"
"e16_s1_TGGTACATCGATCCCT-1",2911,"Fibroblast 2 (Fndc1/Dpt)"
"e16_s1_TGGTAGTAGACGCATG-1",1158,"Fibroblast 2 (Fndc1/Dpt)"
"e16_s1_TGGTAGTAGCCGTAAG-1",676,"Proliferative Fibroblast"
"e16_s1_TGGTAGTAGTGCTACT-1",938,"Fibroblast 6 (Lepr/Sp5)"
"e16_s1_TGGTAGTCAACCGCCA-1",916,"Fibroblast 5 (Mfap5/Grm3)"
"e16_s1_TGGTAGTCATGCGGTC-1",3207,"Fibroblast 4 (Kcnn3)"
"e16_s1_TGGTAGTGTCCCGCAA-1",3227,"Fibroblast 2 (Fndc1/Dpt)"
"e16_s1_TGGTAGTGTTGCTGAT-1",1860,"ICC"
"e16_s1_TGGTGATTCTGTCTCG-1",916,"Mesothelial"
"e16_s1_TGGTTAGAGACCAGAC-1",1158,"Fibroblast 2 (Fndc1/Dpt)"
"e16_s1_TGTAACGAGATGCTAA-1",656,"Fibroblast 1 (Col6a4/Adamdec1)"
"e16_s1_TGTAACGCAGCGTATT-1",3207,"Fibroblast 5 (Mfap5/Grm3)"
"e16_s1_TGTAACGCATACCAGT-1",1861,"Fibroblast 2 (Fndc1/Dpt)"
"e16_s1_TGTAACGCATCTCCCA-1",2347,"Fibroblast 3 (Adam12)"
"e16_s1_TGTAACGTCATTTGGG-1",3251,"Fibroblast 6 (Lepr/Sp5)"
"e16_s1_TGTAACGTCTGAACGT-1",916,"Fibroblast 2 (Fndc1/Dpt)"
"e16_s1_TGTAAGCAGTTTGAGA-1",3215,"Myofibroblast"
"e16_s1_TGTAAGCGTGAGACGT-1",3207,"Fibroblast 2 (Fndc1/Dpt)"
"e16_s1_TGTAAGCTCAGAGCGA-1",851,"Lymphoid"
"e16_s1_TGTAGACCACATTCGA-1",833,"Fibroblast 6 (Lepr/Sp5)"
"e16_s1_TGTAGACGTCTAGGCC-1",1079,"Fibroblast 4 (Kcnn3)"
"e16_s1_TGTAGACTCAGACCTA-1",3251,"Mesothelial"
"e16_s1_TGTCAGAGTACTAACC-1",2463,"Fibroblast 5 (Mfap5/Grm3)"
"e16_s1_TGTCCACCACATTACG-1",2217,"Smooth muscle"
"e16_s1_TGTCCACCACTCCGAG-1",3297,"Lymphoid"
"e16_s1_TGTCCACCAGCACGAA-1",3227,"Myofibroblast"
"e16_s1_TGTCCACTCTCGTTTA-1",2307,"Fibroblast 4 (Kcnn3)"
"e16_s1_TGTCCCAAGCCTCTTC-1",1860,"Fibroblast 4 (Kcnn3)"
"e16_s1_TGTCCCACATTAAAGG-1",2891,"Fibroblast 2 (Fndc1/Dpt)"
"e16_s1_TGTCCCATCTTCCAGC-1",2145,"Mesothelial"
"e16_s1_TGTCCTGAGCATGGGT-1",2307,"Pericyte"
"e16_s1_TGTCCTGTCAAGCTTG-1",1091,"Fibroblast 6 (Lepr/Sp5)"
"e16_s1_TGTGAGTAGAGGCTGT-1",3207,"Fibroblast 1 (Col6a4/Adamdec1)"
"e16_s1_TGTGAGTAGATTGTGA-1",1914,"ICC"
"e16_s1_TGTGAGTGTCACTACA-1",1504,"Proliferative Fibroblast"
"e16_s1_TGTGAGTGTTATGTCG-1",1548,"Endothelial"
"e16_s1_TGTGATGTCAAATAGG-1",2380,"ICC"
"e16_s1_TGTGCGGAGGGACACT-1",3248,"Proliferative Smooth muscle"
"e16_s1_TGTGCGGGTCGCGTTG-1",2893,"Fibroblast 4 (Kcnn3)"
"e16_s1_TGTGCGGTCGCTTACC-1",656,"Fibroblast 6 (Lepr/Sp5)"
"e16_s1_TGTGGCGAGACGGATC-1",676,"Proliferative Fibroblast"
"e16_s1_TGTGGCGCAAGTGGGT-1",1860,"Fibroblast 5 (Mfap5/Grm3)"
"e16_s1_TGTGTGAAGGAGAATG-1",1860,"Fibroblast 5 (Mfap5/Grm3)"
"e16_s1_TGTGTGACATGAGTAA-1",1667,"ICC"
"e16_s1_TGTGTGAGTGCCCACA-1",815,"Myofibroblast"
"e16_s1_TGTTACTCAAGTGGTG-1",2928,"Smooth muscle"
"e16_s1_TGTTCATGTTGCATTG-1",1376,"Myofibroblast"
"e16_s1_TGTTCATTCACACCCT-1",2911,"Myofibroblast"
"e16_s1_TGTTCATTCGGTCGGT-1",1158,"Fibroblast 4 (Kcnn3)"
"e16_s1_TGTTCCGAGAGTGTTA-1",2380,"Fibroblast 1 (Col6a4/Adamdec1)"
"e16_s1_TGTTCCGAGATGCAGC-1",2690,"Fibroblast 2 (Fndc1/Dpt)"
"e16_s1_TGTTCCGAGTGAGGCT-1",2380,"Fibroblast 5 (Mfap5/Grm3)"
"e16_s1_TGTTCCGCAACCGTAT-1",3251,"Mesothelial"
"e16_s1_TGTTCCGCAACTGAAA-1",1595,"Fibroblast 4 (Kcnn3)"
"e16_s1_TGTTCCGCAGGATGAC-1",1411,"ICC"
"e16_s1_TGTTCCGGTAGTGATA-1",598,"Fibroblast 2 (Fndc1/Dpt)"
"e16_s1_TGTTCTAAGACGGTCA-1",2928,"Smooth muscle"
"e16_s1_TGTTCTAAGAGTCTTC-1",2203,"Endothelial"
"e16_s1_TGTTCTAAGCACCCAC-1",3369,"Pericyte"
"e16_s1_TGTTCTACAGAGGTTG-1",794,"Fibroblast 6 (Lepr/Sp5)"
"e16_s1_TGTTCTACAGGTGAGT-1",2048,"Mesothelial"
"e16_s1_TGTTCTAGTCCACACG-1",3083,"Fibroblast 5 (Mfap5/Grm3)"
"e16_s1_TGTTCTATCCTAAGTG-1",1593,"Proliferative Fibroblast"
"e16_s1_TGTTCTATCTAGAACC-1",2225,"Fibroblast 5 (Mfap5/Grm3)"
"e16_s1_TGTTGAGGTAGTCACT-1",1158,"Fibroblast 2 (Fndc1/Dpt)"
"e16_s1_TGTTGAGGTTCCATTT-1",916,"Fibroblast 2 (Fndc1/Dpt)"
"e16_s1_TGTTGGAAGCCTCATA-1",2690,"Fibroblast 4 (Kcnn3)"
"e16_s1_TGTTGGAAGGTACAGC-1",2787,"Fibroblast 5 (Mfap5/Grm3)"
"e16_s1_TGTTGGAGTGGACCTC-1",815,"Fibroblast 6 (Lepr/Sp5)"
"e16_s1_TGTTGGAGTTTGGAAA-1",2978,"Fibroblast 4 (Kcnn3)"
"e16_s1_TGTTTGTAGTAAACTG-1",3251,"Myofibroblast"
"e16_s1_TGTTTGTTCCGCGGAT-1",2928,"Fibroblast 5 (Mfap5/Grm3)"
"e16_s1_TTAATCCAGATGATTG-1",3140,"Fibroblast 3 (Adam12)"
"e16_s1_TTAATCCGTAGAATGT-1",1091,"Smooth muscle"
"e16_s1_TTAATCCGTCAGGTAG-1",794,"Myofibroblast"
"e16_s1_TTACAGGCATGAAAGT-1",1576,"Fibroblast 5 (Mfap5/Grm3)"
"e16_s1_TTACAGGGTGGGTCAA-1",2891,"Fibroblast 1 (Col6a4/Adamdec1)"
"e16_s1_TTACCATAGTGGTGAC-1",1739,"Mesothelial"
"e16_s1_TTACCATCAAGTCCCG-1",3215,"Fibroblast 2 (Fndc1/Dpt)"
"e16_s1_TTACCATGTAGAGCTG-1",2497,"ICC"
"e16_s1_TTACCATGTCGGTAAG-1",916,"Fibroblast 5 (Mfap5/Grm3)"
"e16_s1_TTACCGCGTGAAGCTG-1",2307,"Fibroblast 6 (Lepr/Sp5)"
"e16_s1_TTACCGCTCAAGTCTG-1",2040,"Myofibroblast"
"e16_s1_TTACCGCTCCTCACTG-1",2118,"Proliferative Fibroblast"
"e16_s1_TTACGCCAGAAATTCG-1",984,"Proliferative Smooth muscle"
"e16_s1_TTACGCCCACTGTGTA-1",1860,"Fibroblast 1 (Col6a4/Adamdec1)"
"e16_s1_TTACGCCTCCATTCGC-1",598,"Smooth muscle"
"e16_s1_TTACGTTCAAGCACAG-1",1997,"Smooth muscle"
"e16_s1_TTACTGTAGTCTCCTC-1",829,"Myofibroblast"
"e16_s1_TTACTGTCACAAATAG-1",2800,"Endothelial"
"e16_s1_TTACTGTTCGACCATA-1",916,"Fibroblast 2 (Fndc1/Dpt)"
"e16_s1_TTAGGCAAGCACGGAT-1",1548,"Endothelial"
"e16_s1_TTAGGCATCCCGTTCA-1",815,"Fibroblast 6 (Lepr/Sp5)"
"e16_s1_TTAGGGTCACACGTGC-1",3207,"Myofibroblast"
"e16_s1_TTAGGGTCAGGAAGTC-1",1861,"Fibroblast 1 (Col6a4/Adamdec1)"
"e16_s1_TTAGGGTCAGTCGCAC-1",731,"Fibroblast 5 (Mfap5/Grm3)"
"e16_s1_TTAGGGTTCAGCCTCT-1",2911,"Fibroblast 1 (Col6a4/Adamdec1)"
"e16_s1_TTATTGCAGACCAAAT-1",2483,"Fibroblast 2 (Fndc1/Dpt)"
"e16_s1_TTATTGCCACCAAAGG-1",1860,"Fibroblast 6 (Lepr/Sp5)"
"e16_s1_TTATTGCTCAACTGAC-1",2836,"Endothelial"
"e16_s1_TTCAATCAGATTCGCT-1",1427,"Myofibroblast"
"e16_s1_TTCAATCAGGTGCTGA-1",2928,"Fibroblast 1 (Col6a4/Adamdec1)"
"e16_s1_TTCAATCCATCATTGG-1",2380,"Fibroblast 1 (Col6a4/Adamdec1)"
"e16_s1_TTCACCGAGTCACAGG-1",3251,"Mesothelial"
"e16_s1_TTCACCGGTGGGAGAG-1",815,"Fibroblast 3 (Adam12)"
"e16_s1_TTCACCGTCCCGAGGT-1",2787,"Fibroblast 2 (Fndc1/Dpt)"
"e16_s1_TTCACGCAGCTCGCAC-1",3340,"Smooth muscle"
"e16_s1_TTCAGGAAGCCTATTG-1",2217,"Fibroblast 2 (Fndc1/Dpt)"
"e16_s1_TTCAGGAGTTGCGAAG-1",2307,"Pericyte"
"e16_s1_TTCATGTTCCCTCTTT-1",2918,"Fibroblast 1 (Col6a4/Adamdec1)"
"e16_s1_TTCATTGTCACGGGAA-1",2106,"Myofibroblast"
"e16_s1_TTCATTGTCCGTGTGG-1",2040,"Smooth muscle"
"e16_s1_TTCATTGTCGCCAACG-1",3325,"Fibroblast 5 (Mfap5/Grm3)"
"e16_s1_TTCCAATAGTAGTGCG-1",731,"Fibroblast 1 (Col6a4/Adamdec1)"
"e16_s1_TTCCAATCACAAGCCC-1",2928,"Fibroblast 6 (Lepr/Sp5)"
"e16_s1_TTCCAATCATTGTGCA-1",2928,"Fibroblast 2 (Fndc1/Dpt)"
"e16_s1_TTCCAATGTGCCTATA-1",3416,"ICC"
"e16_s1_TTCCAATGTTAAACAG-1",2203,"Endothelial"
"e16_s1_TTCCAATTCAAGTGGG-1",3215,"Smooth muscle"
"e16_s1_TTCCACGAGACGCAGT-1",2891,"Fibroblast 2 (Fndc1/Dpt)"
"e16_s1_TTCCGGTAGCTCTTCC-1",1914,"Smooth muscle"
"e16_s1_TTCCGGTAGTGCCCGT-1",794,"Proliferative Fibroblast"
"e16_s1_TTCCGGTAGTGTAGAT-1",846,"Fibroblast 5 (Mfap5/Grm3)"
"e16_s1_TTCCGGTGTTGCCATA-1",1549,"Fibroblast 4 (Kcnn3)"
"e16_s1_TTCCGTGAGCAAGTCG-1",656,"Fibroblast 1 (Col6a4/Adamdec1)"
"e16_s1_TTCCGTGCAAAGTGTA-1",815,"Fibroblast 1 (Col6a4/Adamdec1)"
"e16_s1_TTCCGTGGTATCATGC-1",3207,"Fibroblast 2 (Fndc1/Dpt)"
"e16_s1_TTCCGTGGTCCACTCT-1",1158,"Myofibroblast"
"e16_s1_TTCCGTGGTCTGCAAT-1",2911,"Fibroblast 2 (Fndc1/Dpt)"
"e16_s1_TTCCTAAGTCATATGC-1",2307,"Fibroblast 5 (Mfap5/Grm3)"
"e16_s1_TTCCTCTGTGATACCT-1",1555,"Endothelial"
"e16_s1_TTCCTTCCAATTTCCT-1",598,"Myofibroblast"
"e16_s1_TTCCTTCCAGCACAGA-1",2742,"Myeloid"
"e16_s1_TTCCTTCCATGACCCG-1",984,"ICC"
"e16_s1_TTCCTTCTCACGGGCT-1",2928,"Smooth muscle"
"e16_s1_TTCGATTAGGCCTTGC-1",1028,"Endothelial"
"e16_s1_TTCGATTCAATTCACG-1",2483,"Myofibroblast"
"e16_s1_TTCGATTCATCGATCA-1",2843,"ICC"
"e16_s1_TTCGCTGAGACATACA-1",1576,"Myofibroblast"
"e16_s1_TTCGCTGCAGGGACTA-1",2110,"Proliferative Fibroblast"
"e16_s1_TTCGGTCCATATACCG-1",2800,"Endothelial"
"e16_s1_TTCGGTCTCCGGGACT-1",938,"Fibroblast 5 (Mfap5/Grm3)"
"e16_s1_TTCGGTCTCGCGCCAA-1",1576,"Myofibroblast"
"e16_s1_TTCTAACAGTTCACTG-1",1914,"Smooth muscle"
"e16_s1_TTCTAACGTACTCCCT-1",2110,"Fibroblast 2 (Fndc1/Dpt)"
"e16_s1_TTCTAACTCCACTAGA-1",3227,"Fibroblast 2 (Fndc1/Dpt)"
"e16_s1_TTCTAACTCGAAGCCC-1",794,"Myofibroblast"
"e16_s1_TTCTAGTAGGTACATA-1",2787,"Myofibroblast"
"e16_s1_TTCTAGTCAATTCTCT-1",2891,"Fibroblast 3 (Adam12)"
"e16_s1_TTCTAGTGTGACACAG-1",938,"Fibroblast 3 (Adam12)"
"e16_s1_TTCTAGTTCCTTATGT-1",1158,"Fibroblast 2 (Fndc1/Dpt)"
"e16_s1_TTCTAGTTCTCGCTCA-1",3162,"Mesothelial"
"e16_s1_TTCTCTCAGAATACAC-1",2928,"Fibroblast 6 (Lepr/Sp5)"
"e16_s1_TTCTCTCAGACCCTTA-1",2891,"Fibroblast 1 (Col6a4/Adamdec1)"
"e16_s1_TTCTCTCCACTCTAGA-1",2042,"Fibroblast 1 (Col6a4/Adamdec1)"
"e16_s1_TTCTGTAAGAGATGCC-1",2891,"Fibroblast 6 (Lepr/Sp5)"
"e16_s1_TTCTGTACAGAGAGGG-1",1860,"Proliferative Smooth muscle"
"e16_s1_TTCTGTATCTAATTCC-1",2940,"Fibroblast 1 (Col6a4/Adamdec1)"
"e16_s1_TTCTTCCAGAAATGGG-1",640,"Myofibroblast"
"e16_s1_TTCTTCCAGACCTTTG-1",2690,"Pericyte"
"e16_s1_TTCTTCCAGCATGAAT-1",2893,"Fibroblast 2 (Fndc1/Dpt)"
"e16_s1_TTCTTCCCAAGCAATA-1",1035,"Fibroblast 3 (Adam12)"
"e16_s1_TTCTTCCCACGTCTCT-1",794,"Fibroblast 4 (Kcnn3)"
"e16_s1_TTCTTCCGTCCAGCGT-1",2891,"Fibroblast 2 (Fndc1/Dpt)"
"e16_s1_TTCTTGAAGTGGATAT-1",491,"Fibroblast 6 (Lepr/Sp5)"
"e16_s1_TTCTTGATCCACCTGT-1",2354,"Smooth muscle"
"e16_s1_TTCTTGATCCTAAGTG-1",2040,"Smooth muscle"
"e16_s1_TTGAACGAGTCGGGAT-1",3314,"Proliferative Fibroblast"
"e16_s1_TTGAACGGTTAATGAG-1",2911,"Fibroblast 6 (Lepr/Sp5)"
"e16_s1_TTGACCCGTCTCACGG-1",916,"Mesothelial"
"e16_s1_TTGACCCTCCTCACTG-1",2064,"Smooth muscle"
"e16_s1_TTGAGTGCACGCGTGT-1",1860,"Proliferative Fibroblast"
"e16_s1_TTGAGTGCATTCACAG-1",2396,"Fibroblast 5 (Mfap5/Grm3)"
"e16_s1_TTGAGTGCATTCAGGT-1",1997,"Proliferative Smooth muscle"
"e16_s1_TTGAGTGTCGACATTG-1",829,"Fibroblast 5 (Mfap5/Grm3)"
"e16_s1_TTGAGTGTCGTGGAAG-1",2463,"Fibroblast 4 (Kcnn3)"
"e16_s1_TTGATGGAGCGATGAC-1",1860,"Fibroblast 2 (Fndc1/Dpt)"
"e16_s1_TTGATGGAGGTAGTCG-1",3251,"Smooth muscle"
"e16_s1_TTGATGGCACTTACAG-1",2540,"Myofibroblast"
"e16_s1_TTGATGGTCCCGTTCA-1",2217,"Fibroblast 2 (Fndc1/Dpt)"
"e16_s1_TTGATGGTCGAGCTGC-1",1576,"Fibroblast 6 (Lepr/Sp5)"
"e16_s1_TTGCATTAGGCATGCA-1",2928,"Fibroblast 4 (Kcnn3)"
"e16_s1_TTGCATTGTCAAGGCA-1",1079,"Fibroblast 4 (Kcnn3)"
"e16_s1_TTGCATTTCCACAGGC-1",1861,"Proliferative Fibroblast"
"e16_s1_TTGCATTTCGAGTCCG-1",2307,"Fibroblast 4 (Kcnn3)"
"e16_s1_TTGCCTGCAGAACATA-1",2145,"Fibroblast 2 (Fndc1/Dpt)"
"e16_s1_TTGCCTGCATAGGTTC-1",2307,"Fibroblast 1 (Col6a4/Adamdec1)"
"e16_s1_TTGCGTCAGCCGGATA-1",794,"Myofibroblast"
"e16_s1_TTGCGTCGTACGCGTC-1",1411,"Proliferative Fibroblast"
"e16_s1_TTGCGTCTCAGAGTTC-1",952,"Endothelial"
"e16_s1_TTGCGTCTCCTGTACC-1",3251,"Mesothelial"
"e16_s1_TTGCTGCCACCTCAGG-1",984,"Smooth muscle"
"e16_s1_TTGCTGCTCTTCCAGC-1",2497,"Smooth muscle"
"e16_s1_TTGGATGAGGGCAGGA-1",1555,"Endothelial"
"e16_s1_TTGGATGGTGGTGATG-1",2940,"Fibroblast 2 (Fndc1/Dpt)"
"e16_s1_TTGGATGTCATTACTC-1",833,"Mesothelial"
"e16_s1_TTGGGATCAAAGAACT-1",1861,"Fibroblast 6 (Lepr/Sp5)"
"e16_s1_TTGGGCGAGGTCATTC-1",2891,"Fibroblast 4 (Kcnn3)"
"e16_s1_TTGGGCGCAAAGGCTG-1",2203,"Endothelial"
"e16_s1_TTGGGCGCATCTTTCA-1",1504,"Fibroblast 2 (Fndc1/Dpt)"
"e16_s1_TTGGGCGCATGACGGA-1",794,"Fibroblast 5 (Mfap5/Grm3)"
"e16_s1_TTGGGCGTCCGAGCTG-1",2483,"Fibroblast 4 (Kcnn3)"
"e16_s1_TTGGGTAAGTCGTTAC-1",2040,"Proliferative Smooth muscle"
"e16_s1_TTGGGTACAGACTGCC-1",2928,"Fibroblast 6 (Lepr/Sp5)"
"e16_s1_TTGGGTAGTTGACGGA-1",2690,"Pericyte"
"e16_s1_TTGGTTTGTTCGATTG-1",2936,"Fibroblast 4 (Kcnn3)"
"e16_s1_TTGGTTTTCATATGGC-1",2347,"Fibroblast 1 (Col6a4/Adamdec1)"
"e16_s1_TTGTGGAAGCATAGGC-1",3127,"Proliferative Smooth muscle"
"e16_s1_TTGTGGACATTCTCTA-1",794,"Myofibroblast"
"e16_s1_TTGTGTTAGAGGTGCT-1",2483,"Fibroblast 4 (Kcnn3)"
"e16_s1_TTGTGTTAGCTCGAAG-1",2754,"Endothelial"
"e16_s1_TTGTGTTAGTTGGACG-1",815,"Fibroblast 6 (Lepr/Sp5)"
"e16_s1_TTGTGTTCAAGAGAGA-1",1861,"Fibroblast 5 (Mfap5/Grm3)"
"e16_s1_TTGTGTTGTAGTGCGA-1",3140,"Pericyte"
"e16_s1_TTGTGTTTCCCTCGTA-1",1914,"Smooth muscle"
"e16_s1_TTGTTCAAGAAATTGC-1",2893,"Fibroblast 5 (Mfap5/Grm3)"
"e16_s1_TTGTTCAAGGTGAGCT-1",2928,"Fibroblast 2 (Fndc1/Dpt)"
"e16_s1_TTGTTCAGTCAATGGG-1",3207,"Fibroblast 5 (Mfap5/Grm3)"
"e16_s1_TTGTTGTGTGAGTAAT-1",1138,"Fibroblast 1 (Col6a4/Adamdec1)"
"e16_s1_TTGTTGTTCCAGTGTA-1",794,"Myofibroblast"
"e16_s1_TTGTTGTTCTGGCTGG-1",2203,"Endothelial"
"e16_s1_TTGTTTGGTACCTGTA-1",1997,"Fibroblast 3 (Adam12)"
"e16_s1_TTGTTTGGTCGGATTT-1",2118,"ICC"
"e16_s1_TTGTTTGGTTTCGCTC-1",1918,"Endothelial"
"e16_s1_TTTACCACAACTCCAA-1",2911,"Fibroblast 4 (Kcnn3)"
"e16_s1_TTTACCATCGCGTGCA-1",3207,"Myofibroblast"
"e16_s1_TTTACGTAGCGCATCC-1",916,"Fibroblast 1 (Col6a4/Adamdec1)"
"e16_s1_TTTACGTAGGAGACCT-1",2893,"Fibroblast 2 (Fndc1/Dpt)"
"e16_s1_TTTACGTCAAACCATC-1",2040,"Fibroblast 1 (Col6a4/Adamdec1)"
"e16_s1_TTTACGTCAATCTCTT-1",1548,"Endothelial"
"e16_s1_TTTACGTTCGCCTAGG-1",2110,"Fibroblast 6 (Lepr/Sp5)"
"e16_s1_TTTACTGAGCAGGTCA-1",815,"Fibroblast 6 (Lepr/Sp5)"
"e16_s1_TTTACTGCACGAGGAT-1",1144,"Smooth muscle"
"e16_s1_TTTACTGCATGACACT-1",3327,"Fibroblast 1 (Col6a4/Adamdec1)"
"e16_s1_TTTACTGGTAACTTCG-1",3346,"Endothelial"
"e16_s1_TTTACTGGTACAGAGC-1",938,"Myofibroblast"
"e16_s1_TTTACTGGTATTAAGG-1",2940,"Fibroblast 4 (Kcnn3)"
"e16_s1_TTTACTGGTCCAGCCA-1",1091,"Fibroblast 1 (Col6a4/Adamdec1)"
"e16_s1_TTTACTGGTGGCGCTT-1",1394,"Myofibroblast"
"e16_s1_TTTACTGTCAAGCGTT-1",2225,"Fibroblast 6 (Lepr/Sp5)"
"e16_s1_TTTAGTCGTAACTAAG-1",1213,"Endothelial"
"e16_s1_TTTAGTCGTAAGTCAA-1",2826,"Fibroblast 3 (Adam12)"
"e16_s1_TTTAGTCTCGGACTTA-1",3251,"Fibroblast 1 (Col6a4/Adamdec1)"
"e16_s1_TTTATGCAGTTGCGAG-1",640,"ICC"
"e16_s1_TTTATGCCAGTTAGGG-1",2843,"Mesothelial"
"e16_s1_TTTATGCGTAGTCACT-1",829,"Fibroblast 2 (Fndc1/Dpt)"
"e16_s1_TTTATGCGTATACCTG-1",3207,"Fibroblast 2 (Fndc1/Dpt)"
"e16_s1_TTTATGCGTCACCACG-1",2307,"Proliferative Fibroblast"
"e16_s1_TTTCACACAGAACTAA-1",2307,"Fibroblast 5 (Mfap5/Grm3)"
"e16_s1_TTTCACAGTACGGTTT-1",2721,"Endothelial"
"e16_s1_TTTCAGTAGAAATTCG-1",3251,"Pericyte"
"e16_s1_TTTCAGTGTATTCCTT-1",1619,"Endothelial"
"e16_s1_TTTCAGTGTCCATCTC-1",1555,"Endothelial"
"e16_s1_TTTCAGTGTTAAGCAA-1",2918,"Smooth muscle"
"e16_s1_TTTCAGTGTTGCATAC-1",1001,"Fibroblast 2 (Fndc1/Dpt)"
"e16_s1_TTTCATGCACAGTGTT-1",2048,"Mesothelial"
"e16_s1_TTTCCTCAGGGCCCTT-1",2940,"Fibroblast 4 (Kcnn3)"
"e16_s1_TTTCCTCGTCGGAAAC-1",2787,"Mesothelial"
"e16_s1_TTTCCTCTCATTTACC-1",3207,"Fibroblast 1 (Col6a4/Adamdec1)"
"e16_s1_TTTCGATCAGAGCGTA-1",794,"Myofibroblast"
"e16_s1_TTTCGATCAGGGTCTC-1",598,"Fibroblast 6 (Lepr/Sp5)"
"e16_s1_TTTCGATGTACAATAG-1",1593,"ICC"
"e16_s1_TTTCGATGTCGCCACA-1",1179,"Proliferative Smooth muscle"
"e16_s1_TTTGACTAGGCTATCT-1",3251,"Myofibroblast"
"e16_s1_TTTGACTCACGTGAGA-1",2928,"Myofibroblast"
"e16_s1_TTTGATCAGAAGCCAC-1",2497,"ICC"
"e16_s1_TTTGATCCAGTTGAAA-1",3021,"ICC"
"e16_s1_TTTGATCCATCCGTGG-1",1571,"Fibroblast 2 (Fndc1/Dpt)"
"e16_s1_TTTGATCGTGTCGATT-1",794,"Fibroblast 2 (Fndc1/Dpt)"
"e16_s1_TTTGGAGTCGCCACTT-1",1548,"Endothelial"
"e16_s1_TTTGGAGTCGGTTGTA-1",598,"Fibroblast 5 (Mfap5/Grm3)"
"e16_s1_TTTGGTTAGGCCTGAA-1",2893,"Fibroblast 1 (Col6a4/Adamdec1)"
"e16_s1_TTTGGTTCAAGGGCAT-1",2928,"Smooth muscle"
"e16_s1_TTTGGTTGTCATAACC-1",2443,"Fibroblast 2 (Fndc1/Dpt)"
"e16_s1_TTTGGTTGTGCTGCAC-1",794,"ICC"
"e16_s1_TTTGGTTGTGTGTGTT-1",2891,"Fibroblast 1 (Col6a4/Adamdec1)"
"e16_s1_TTTGGTTTCTCTCCGA-1",3162,"Mesothelial"
"e16_s1_TTTGGTTTCTCTGGTC-1",2891,"Fibroblast 6 (Lepr/Sp5)"
"e16_s1_TTTGTTGGTAGAGGAA-1",2203,"Endothelial"
"e16_ji1_AAACCCAAGTACCCTA-1",2719,"Fibroblast 2 (Fndc1/Dpt)"
"e16_ji1_AAACCCACAGTAGGAC-1",1175,"Mesothelial"
"e16_ji1_AAACCCAGTCAAAGCG-1",1100,"Fibroblast 6 (Lepr/Sp5)"
"e16_ji1_AAACCCATCTACACAG-1",2882,"Proliferative Smooth muscle"
"e16_ji1_AAACCCATCTTCGTAT-1",2198,"Myofibroblast"
"e16_ji1_AAACGAAAGCCTCGTG-1",3205,"Myofibroblast"
"e16_ji1_AAACGAAAGTGCTCGC-1",668,"Lymphoid"
"e16_ji1_AAACGAATCTGCATAG-1",1900,"Myofibroblast"
"e16_ji1_AAACGCTAGGAACGAA-1",1886,"Myofibroblast"
"e16_ji1_AAACGCTAGGTACAGC-1",773,"Myofibroblast"
"e16_ji1_AAACGCTCAAGTTCGT-1",899,"Fibroblast 2 (Fndc1/Dpt)"
"e16_ji1_AAACGCTGTTGTTGTG-1",1165,"Smooth muscle"
"e16_ji1_AAAGAACAGAAGCTCG-1",2165,"Proliferative Smooth muscle"
"e16_ji1_AAAGAACAGGGTCAAC-1",2635,"Proliferative Smooth muscle"
"e16_ji1_AAAGGATAGGCTAGCA-1",620,"ICC"
"e16_ji1_AAAGGATCAACAACAA-1",2798,"Proliferative Smooth muscle"
"e16_ji1_AAAGGGCCAACCGACC-1",2796,"Proliferative Fibroblast"
"e16_ji1_AAAGGGCCAGTATACC-1",2986,"Myofibroblast"
"e16_ji1_AAAGGGCCATGCGTGC-1",3344,"Myofibroblast"
"e16_ji1_AAAGGTACAACACACT-1",2798,"Fibroblast 1 (Col6a4/Adamdec1)"
"e16_ji1_AAAGTCCAGCTAAGTA-1",2546,"Smooth muscle"
"e16_ji1_AAAGTCCAGTGGATAT-1",1307,"Mesothelial"
"e16_ji1_AAAGTCCGTATTGAGA-1",3332,"Myofibroblast"
"e16_ji1_AAAGTCCTCGGTAACT-1",2027,"Myofibroblast"
"e16_ji1_AAAGTGACAGGCAATG-1",2134,"Fibroblast 3 (Adam12)"
"e16_ji1_AAAGTGAGTCAAGCCC-1",3384,"Myofibroblast"
"e16_ji1_AAAGTGAGTTGGGAAC-1",1343,"Smooth muscle"
"e16_ji1_AAAGTGATCTCGTTTA-1",1588,"Fibroblast 4 (Kcnn3)"
"e16_ji1_AAATGGAAGAAATGGG-1",2552,"Fibroblast 5 (Mfap5/Grm3)"
"e16_ji1_AAATGGAAGTCTCTGA-1",3153,"Fibroblast 1 (Col6a4/Adamdec1)"
"e16_ji1_AAATGGACAAGCAATA-1",3196,"Fibroblast 4 (Kcnn3)"
"e16_ji1_AAATGGACAGCTGCCA-1",2337,"Proliferative Smooth muscle"
"e16_ji1_AAATGGACAGGTCAGA-1",2454,"Smooth muscle"
"e16_ji1_AAATGGAGTTTGGAAA-1",1597,"Fibroblast 1 (Col6a4/Adamdec1)"
"e16_ji1_AACAAAGCACTGTTCC-1",1900,"Proliferative Fibroblast"
"e16_ji1_AACAAAGCAGCCCAGT-1",2431,"Myofibroblast"
"e16_ji1_AACAAAGGTAGCGCTC-1",673,"Fibroblast 3 (Adam12)"
"e16_ji1_AACAAAGTCGGATACT-1",903,"Fibroblast 1 (Col6a4/Adamdec1)"
"e16_ji1_AACAACCCAAACTAGA-1",2226,"Smooth muscle"
"e16_ji1_AACAACCCATTATGCG-1",1381,"Smooth muscle"
"e16_ji1_AACAACCGTAGAGCTG-1",1704,"Myeloid"
"e16_ji1_AACAAGAAGCGTCTCG-1",1219,"Pericyte"
"e16_ji1_AACAAGACACATGTTG-1",767,"Fibroblast 2 (Fndc1/Dpt)"
"e16_ji1_AACAAGAGTTCGTACA-1",3130,"Proliferative Smooth muscle"
"e16_ji1_AACAAGATCAAGCCAT-1",1787,"Smooth muscle"
"e16_ji1_AACACACCAATTGGTC-1",1100,"Proliferative Smooth muscle"
"e16_ji1_AACACACCACACAGCC-1",1066,"Fibroblast 4 (Kcnn3)"
"e16_ji1_AACACACGTCCTCATC-1",2796,"Proliferative Smooth muscle"
"e16_ji1_AACACACTCCGTTTCG-1",1087,"Fibroblast 1 (Col6a4/Adamdec1)"
"e16_ji1_AACAGGGAGTCGTCTA-1",2567,"Smooth muscle"
"e16_ji1_AACAGGGGTCGCGTTG-1",1730,"Fibroblast 1 (Col6a4/Adamdec1)"
"e16_ji1_AACAGGGTCGAGATGG-1",2338,"Proliferative Smooth muscle"
"e16_ji1_AACCAACCACGAGGTA-1",2496,"Fibroblast 2 (Fndc1/Dpt)"
"e16_ji1_AACCAACCACTAGTAC-1",2431,"Smooth muscle"
"e16_ji1_AACCAACCAGCACAAG-1",1219,"Fibroblast 4 (Kcnn3)"
"e16_ji1_AACCAACTCACAACCA-1",2357,"Proliferative Smooth muscle"
"e16_ji1_AACCAACTCGCGATCG-1",1238,"Fibroblast 4 (Kcnn3)"
"e16_ji1_AACCACAAGAGTCTGG-1",2323,"Smooth muscle"
"e16_ji1_AACCACAAGCATCAAA-1",1597,"Smooth muscle"
"e16_ji1_AACCACACATGGGTCC-1",2337,"Smooth muscle"
"e16_ji1_AACCACAGTAGTTAGA-1",855,"Proliferative Smooth muscle"
"e16_ji1_AACCACATCGCTAATG-1",2567,"Fibroblast 3 (Adam12)"
"e16_ji1_AACCACATCGGCCAAC-1",1167,"Fibroblast 3 (Adam12)"
"e16_ji1_AACCATGCATCAGCAT-1",3350,"Myofibroblast"
"e16_ji1_AACCATGGTACGAGTG-1",1462,"ICC"
"e16_ji1_AACCATGTCAGCCTTC-1",2226,"Myofibroblast"
"e16_ji1_AACCATGTCCGCTAGG-1",986,"Smooth muscle"
"e16_ji1_AACCCAAAGCCTCATA-1",687,"ICC"
"e16_ji1_AACCTGACAGCTCTGG-1",1900,"Fibroblast 3 (Adam12)"
"e16_ji1_AACCTGACATCTTAGG-1",1066,"Myofibroblast"
"e16_ji1_AACCTGATCTTCGATT-1",1597,"Fibroblast 1 (Col6a4/Adamdec1)"
"e16_ji1_AACCTTTGTACATTGC-1",1037,"Proliferative Smooth muscle"
"e16_ji1_AACCTTTGTCCTATAG-1",737,"Endothelial"
"e16_ji1_AACGAAAAGATGTTGA-1",1699,"Smooth muscle"
"e16_ji1_AACGAAATCTTTCCGG-1",2878,"Myofibroblast"
"e16_ji1_AACGGGAAGTCTACCA-1",987,"Fibroblast 1 (Col6a4/Adamdec1)"
"e16_ji1_AACGGGACACTACAGT-1",2436,"Fibroblast 3 (Adam12)"
"e16_ji1_AACGGGACAGAGTCTT-1",1743,"Endothelial"
"e16_ji1_AACGGGACATGGGTCC-1",1419,"Endothelial"
"e16_ji1_AACGTCAAGATGGGCT-1",903,"Fibroblast 6 (Lepr/Sp5)"
"e16_ji1_AACGTCACACCAATTG-1",2263,"Smooth muscle"
"e16_ji1_AACGTCAGTACAACGG-1",1031,"Mesothelial"
"e16_ji1_AACGTCAGTACTCCGG-1",2070,"Endothelial"
"e16_ji1_AACTTCTAGACGAAGA-1",791,"Fibroblast 2 (Fndc1/Dpt)"
"e16_ji1_AACTTCTAGAGGTATT-1",2070,"Endothelial"
"e16_ji1_AACTTCTAGGGAGGTG-1",737,"Endothelial"
"e16_ji1_AAGAACATCCGAACGC-1",3220,"Proliferative Fibroblast"
"e16_ji1_AAGACAAGTCTGCAAT-1",773,"Myofibroblast"
"e16_ji1_AAGACAAGTGGTAACG-1",2513,"Myofibroblast"
"e16_ji1_AAGACAATCCATCAGA-1",1300,"Smooth muscle"
"e16_ji1_AAGACAATCGTCAAAC-1",2431,"Proliferative Smooth muscle"
"e16_ji1_AAGACTCTCCATTTGT-1",1524,"Smooth muscle"
"e16_ji1_AAGACTCTCCCAGCGA-1",1704,"Lymphoid"
"e16_ji1_AAGATAGCACTTCTCG-1",1540,"Fibroblast 1 (Col6a4/Adamdec1)"
"e16_ji1_AAGATAGTCCATTTGT-1",3332,"Proliferative Smooth muscle"
"e16_ji1_AAGATAGTCTCGCTCA-1",1743,"Endothelial"
"e16_ji1_AAGCATCAGGTTCCAT-1",1401,"ICC"
"e16_ji1_AAGCATCCACTCTGCT-1",1068,"Fibroblast 3 (Adam12)"
"e16_ji1_AAGCATCGTTCTCCTG-1",1454,"Mesothelial"
"e16_ji1_AAGCCATTCATTCGGA-1",1908,"Fibroblast 2 (Fndc1/Dpt)"
"e16_ji1_AAGCCATTCTCATTGT-1",2337,"Fibroblast 4 (Kcnn3)"
"e16_ji1_AAGCCATTCTTAAGGC-1",1765,"Proliferative Smooth muscle"
"e16_ji1_AAGCGAGAGACATACA-1",2739,"Proliferative Fibroblast"
"e16_ji1_AAGCGTTAGTTAACGA-1",2173,"Endothelial"
"e16_ji1_AAGCGTTAGTTCCATG-1",744,"Fibroblast 3 (Adam12)"
"e16_ji1_AAGCGTTCAACGTAAA-1",668,"Myeloid"
"e16_ji1_AAGCGTTCACTCCACT-1",1347,"Myofibroblast"
"e16_ji1_AAGCGTTGTATTGCCA-1",1597,"Proliferative Smooth muscle"
"e16_ji1_AAGGAATAGCGCGTTC-1",673,"Proliferative Smooth muscle"
"e16_ji1_AAGGAATTCGTAACAC-1",1743,"Endothelial"
"e16_ji1_AAGGTAAAGTTGCATC-1",1787,"Fibroblast 1 (Col6a4/Adamdec1)"
"e16_ji1_AAGGTAAGTCTAACTG-1",2815,"Fibroblast 1 (Col6a4/Adamdec1)"
"e16_ji1_AAGTACCTCCTTCTTC-1",3269,"Pericyte"
"e16_ji1_AAGTCGTAGGTCATTC-1",3239,"Fibroblast 4 (Kcnn3)"
"e16_ji1_AAGTCGTAGTCACGAG-1",744,"Fibroblast 3 (Adam12)"
"e16_ji1_AAGTCGTCATCCTTGC-1",1793,"Fibroblast 1 (Col6a4/Adamdec1)"
"e16_ji1_AAGTCGTGTAAGGAGA-1",2512,"Mesothelial"
"e16_ji1_AAGTCGTTCCCGAATA-1",2603,"Fibroblast 3 (Adam12)"
"e16_ji1_AAGTCGTTCCGTGTGG-1",1048,"Smooth muscle"
"e16_ji1_AAGTCGTTCTAGGCCG-1",744,"ICC"
"e16_ji1_AAGTGAAAGTATAGAC-1",667,"Smooth muscle"
"e16_ji1_AAGTGAAAGTATGACA-1",791,"Myofibroblast"
"e16_ji1_AAGTGAACATTCGGGC-1",2436,"Smooth muscle"
"e16_ji1_AAGTGAAGTTTAAGGA-1",2821,"Smooth muscle"
"e16_ji1_AAGTGAATCCTGTTGC-1",1906,"Smooth muscle"
"e16_ji1_AAGTTCGAGTCACAGG-1",1912,"Myofibroblast"
"e16_ji1_AAGTTCGAGTCTACCA-1",2533,"Proliferative Smooth muscle"
"e16_ji1_AAGTTCGCAGCAGGAT-1",1540,"Fibroblast 2 (Fndc1/Dpt)"
"e16_ji1_AATAGAGAGCGCCCAT-1",2109,"Mesothelial"
"e16_ji1_AATAGAGAGCTCGAAG-1",773,"Myofibroblast"
"e16_ji1_AATAGAGCAACGATCT-1",1908,"Smooth muscle"
"e16_ji1_AATAGAGCAAGTGGCA-1",2169,"Fibroblast 2 (Fndc1/Dpt)"
"e16_ji1_AATCACGAGCTGTACT-1",1220,"Proliferative Fibroblast"
"e16_ji1_AATCACGAGCTTTCTT-1",791,"Mesothelial"
"e16_ji1_AATCACGCAGTATACC-1",1741,"Myofibroblast"
"e16_ji1_AATCACGGTTGCGAAG-1",1167,"Smooth muscle"
"e16_ji1_AATCGACAGAGTCAGC-1",1730,"Fibroblast 4 (Kcnn3)"
"e16_ji1_AATCGACCAAATGGTA-1",3178,"Lymphoid"
"e16_ji1_AATCGACCATTGAAGA-1",3269,"Fibroblast 2 (Fndc1/Dpt)"
"e16_ji1_AATCGACGTAACACCT-1",2547,"Smooth muscle"
"e16_ji1_AATCGTGAGCACCGTC-1",1068,"Fibroblast 3 (Adam12)"
"e16_ji1_AATCGTGAGCTGTTAC-1",2812,"Fibroblast 4 (Kcnn3)"
"e16_ji1_AATCGTGCAAAGACGC-1",3368,"Fibroblast 1 (Col6a4/Adamdec1)"
"e16_ji1_AATGAAGAGTAAAGCT-1",3175,"Smooth muscle"
"e16_ji1_AATGAAGGTCGAGCTC-1",3153,"Fibroblast 1 (Col6a4/Adamdec1)"
"e16_ji1_AATGACCAGACATCCT-1",2434,"Myofibroblast"
"e16_ji1_AATGACCGTATGGAGC-1",908,"Fibroblast 2 (Fndc1/Dpt)"
"e16_ji1_AATGACCTCAAGTGTC-1",1559,"Fibroblast 3 (Adam12)"
"e16_ji1_AATGCCAAGATCCCGC-1",2452,"Myofibroblast"
"e16_ji1_AATGCCAGTAGCTGAG-1",1388,"Smooth muscle"
"e16_ji1_AATGCCAGTGAGTCAG-1",918,"Myofibroblast"
"e16_ji1_AATGGAAAGCCTGAAG-1",2507,"Fibroblast 1 (Col6a4/Adamdec1)"
"e16_ji1_AATGGAAAGTATTCCG-1",776,"Smooth muscle"
"e16_ji1_AATGGAAAGTCAACAA-1",810,"Fibroblast 4 (Kcnn3)"
"e16_ji1_AATGGAACATCGGAGA-1",3268,"Proliferative Smooth muscle"
"e16_ji1_AATGGAAGTACTTCCC-1",2473,"Smooth muscle"
"e16_ji1_AATGGAATCATAGGCT-1",2719,"Myofibroblast"
"e16_ji1_AATTCCTAGCCTATTG-1",1167,"Smooth muscle"
"e16_ji1_AATTTCCCAAACTAGA-1",2635,"Myofibroblast"
"e16_ji1_AATTTCCCAATAAGGT-1",1540,"Fibroblast 2 (Fndc1/Dpt)"
"e16_ji1_AATTTCCGTGCTGTCG-1",1317,"Endothelial"
"e16_ji1_AATTTCCGTTCAGCTA-1",2512,"Mesothelial"
"e16_ji1_ACAAAGAAGCGTACAG-1",2025,"Smooth muscle"
"e16_ji1_ACAAAGAAGGTTACCT-1",2753,"Myeloid"
"e16_ji1_ACAAAGAGTCAGTCCG-1",2337,"Fibroblast 4 (Kcnn3)"
"e16_ji1_ACAAAGAGTCGCATCG-1",3265,"Smooth muscle"
"e16_ji1_ACAAAGATCACTGGTA-1",2144,"Myofibroblast"
"e16_ji1_ACAACCAAGCCTGTCG-1",668,"Myeloid"
"e16_ji1_ACAACCACACTCCGGA-1",851,"Lymphoid"
"e16_ji1_ACAAGCTAGAGTTGAT-1",2063,"Proliferative Smooth muscle"
"e16_ji1_ACAAGCTGTCATCTAG-1",1381,"Smooth muscle"
"e16_ji1_ACAAGCTTCTGGGCAC-1",773,"Proliferative Fibroblast"
"e16_ji1_ACACAGTAGGTGCTTT-1",2735,"Proliferative Smooth muscle"
"e16_ji1_ACACCAAAGCCTCAGC-1",1699,"Mesothelial"
"e16_ji1_ACACCAACAAAGACTA-1",1428,"Smooth muscle"
"e16_ji1_ACACCAAGTTGAGAGC-1",2815,"Fibroblast 2 (Fndc1/Dpt)"
"e16_ji1_ACACGCGCATGGGAAC-1",1100,"Fibroblast 2 (Fndc1/Dpt)"
"e16_ji1_ACACTGAAGGGCCAAT-1",1046,"Mesothelial"
"e16_ji1_ACACTGACAACTACGT-1",3141,"Proliferative Smooth muscle"
"e16_ji1_ACACTGAGTGTAACGG-1",776,"Smooth muscle"
"e16_ji1_ACACTGATCCATTCGC-1",2512,"Mesothelial"
"e16_ji1_ACAGAAAAGACATACA-1",2516,"Fibroblast 1 (Col6a4/Adamdec1)"
"e16_ji1_ACAGAAAAGCGTTGTT-1",1893,"Fibroblast 1 (Col6a4/Adamdec1)"
"e16_ji1_ACAGAAACAATTGAGA-1",1897,"Endothelial"
"e16_ji1_ACAGAAAGTCCTCATC-1",1893,"Fibroblast 4 (Kcnn3)"
"e16_ji1_ACAGAAATCTGGGCAC-1",1597,"Proliferative Fibroblast"
"e16_ji1_ACAGCCGCATTCTGTT-1",2173,"Endothelial"
"e16_ji1_ACAGCCGGTATAATGG-1",690,"Proliferative Fibroblast"
"e16_ji1_ACAGCCGTCGCAATTG-1",744,"Fibroblast 2 (Fndc1/Dpt)"
"e16_ji1_ACAGGGACACTTCATT-1",848,"Proliferative Smooth muscle"
"e16_ji1_ACAGGGAGTGCGGCTT-1",904,"Proliferative Smooth muscle"
"e16_ji1_ACATCCCAGCCAGTAG-1",1196,"Smooth muscle"
"e16_ji1_ACATCGATCACCATCC-1",1941,"Proliferative Smooth muscle"
"e16_ji1_ACATCGATCTTACGGA-1",2226,"Smooth muscle"
"e16_ji1_ACATGCAGTGACACGA-1",1743,"Endothelial"
"e16_ji1_ACATTTCCATGATGCT-1",2796,"Smooth muscle"
"e16_ji1_ACATTTCCATTCATCT-1",647,"Smooth muscle"
"e16_ji1_ACCAAACCAAATGATG-1",1559,"ICC"
"e16_ji1_ACCAAACGTACGTGTT-1",1215,"Smooth muscle"
"e16_ji1_ACCAAACTCGAAGAAT-1",3196,"Smooth muscle"
"e16_ji1_ACCAACAAGCACTAGG-1",1333,"Proliferative Smooth muscle"
"e16_ji1_ACCAACAAGTGATGGC-1",3175,"Fibroblast 1 (Col6a4/Adamdec1)"
"e16_ji1_ACCAACACAAAGAACT-1",2627,"Myofibroblast"
"e16_ji1_ACCAACACAATAGTGA-1",1533,"Smooth muscle"
"e16_ji1_ACCAACATCGCTGCGA-1",2951,"ICC"
"e16_ji1_ACCAACATCTCCGATC-1",2399,"Fibroblast 4 (Kcnn3)"
"e16_ji1_ACCACAACAAGTCATC-1",2399,"Smooth muscle"
"e16_ji1_ACCATTTAGGTGGCTA-1",2635,"Smooth muscle"
"e16_ji1_ACCATTTGTCCAATCA-1",855,"Smooth muscle"
"e16_ji1_ACCATTTGTCTAATCG-1",2425,"Pericyte"
"e16_ji1_ACCATTTGTGGGTATG-1",2642,"Smooth muscle"
"e16_ji1_ACCCTCAAGGAGCAAA-1",2739,"Fibroblast 1 (Col6a4/Adamdec1)"
"e16_ji1_ACCCTCATCGACGTCG-1",2768,"Fibroblast 1 (Col6a4/Adamdec1)"
"e16_ji1_ACCCTCATCGGAGTAG-1",856,"Proliferative Smooth muscle"
"e16_ji1_ACCCTTGAGGCCCACT-1",2079,"Endothelial"
"e16_ji1_ACCCTTGCATCCTCAC-1",918,"Proliferative Smooth muscle"
"e16_ji1_ACCCTTGCATTAAGCC-1",2478,"Myofibroblast"
"e16_ji1_ACCCTTGTCTCCTACG-1",2105,"Fibroblast 4 (Kcnn3)"
"e16_ji1_ACCGTTCAGAATGTTG-1",2180,"ICC"
"e16_ji1_ACCGTTCCACACGGTC-1",1787,"Fibroblast 2 (Fndc1/Dpt)"
"e16_ji1_ACCGTTCTCTCCTGAC-1",2070,"Endothelial"
"e16_ji1_ACCTACCAGCTATCCA-1",2465,"Smooth muscle"
"e16_ji1_ACCTACCTCGCCTTTG-1",923,"Endothelial"
"e16_ji1_ACCTGAAAGCATTGTC-1",1454,"Fibroblast 3 (Adam12)"
"e16_ji1_ACCTGTCAGCTTCGTA-1",667,"Proliferative Smooth muscle"
"e16_ji1_ACCTGTCAGTTTAGGA-1",2405,"Smooth muscle"
"e16_ji1_ACCTGTCCAAGGCAAC-1",2627,"Proliferative Smooth muscle"
"e16_ji1_ACCTGTCTCAAGCTGT-1",1066,"Fibroblast 1 (Col6a4/Adamdec1)"
"e16_ji1_ACGATCAAGCAGGGAG-1",3332,"Proliferative Smooth muscle"
"e16_ji1_ACGATCAAGCCATTTG-1",2454,"Fibroblast 3 (Adam12)"
"e16_ji1_ACGATCAGTCTGTCAA-1",1730,"Fibroblast 3 (Adam12)"
"e16_ji1_ACGATCATCTTGTTAC-1",988,"Smooth muscle"
"e16_ji1_ACGATGTCAAGACGGT-1",2144,"Smooth muscle"
"e16_ji1_ACGATGTGTTACACTG-1",2635,"Smooth muscle"
"e16_ji1_ACGATGTTCAAGAATG-1",3384,"Myofibroblast"
"e16_ji1_ACGATGTTCCCAGGCA-1",2076,"Mesothelial"
"e16_ji1_ACGATGTTCTTCGCTG-1",2623,"Myofibroblast"
"e16_ji1_ACGCACGGTCAAAGCG-1",1247,"Fibroblast 2 (Fndc1/Dpt)"
"e16_ji1_ACGCACGGTTCGCGTG-1",986,"Smooth muscle"
"e16_ji1_ACGGAAGCACCCTTGT-1",2798,"Fibroblast 2 (Fndc1/Dpt)"
"e16_ji1_ACGGGTCCACGGCGTT-1",737,"Endothelial"
"e16_ji1_ACGGGTCTCTGGGTCG-1",1743,"Endothelial"
"e16_ji1_ACGGTCGAGAGAATCT-1",2822,"Fibroblast 4 (Kcnn3)"
"e16_ji1_ACGGTCGCATAGGAGC-1",1525,"Smooth muscle"
"e16_ji1_ACGGTCGTCCTGTAAG-1",3239,"Fibroblast 1 (Col6a4/Adamdec1)"
"e16_ji1_ACGGTCGTCTTCGCTG-1",1070,"Fibroblast 4 (Kcnn3)"
"e16_ji1_ACGGTTAAGAATCTAG-1",3196,"Myofibroblast"
"e16_ji1_ACGGTTAAGGAAGTGA-1",1588,"Smooth muscle"
"e16_ji1_ACGGTTAAGGATCACG-1",2323,"Fibroblast 1 (Col6a4/Adamdec1)"
"e16_ji1_ACGGTTACAGTCGTTA-1",990,"ICC"
"e16_ji1_ACGTAACAGATGGCGT-1",1730,"Proliferative Smooth muscle"
"e16_ji1_ACGTAACAGGCAGTCA-1",2986,"Smooth muscle"
"e16_ji1_ACGTAACGTCCCTAAA-1",2544,"Endothelial"
"e16_ji1_ACGTAACGTTATCTGG-1",2425,"Fibroblast 1 (Col6a4/Adamdec1)"
"e16_ji1_ACGTACAAGCCTGCCA-1",2431,"Proliferative Fibroblast"
"e16_ji1_ACGTACACACGTGAGA-1",1515,"Fibroblast 1 (Col6a4/Adamdec1)"
"e16_ji1_ACGTACAGTCTGCCTT-1",3397,"Fibroblast 2 (Fndc1/Dpt)"
"e16_ji1_ACGTCCTTCTAGACCA-1",737,"Endothelial"
"e16_ji1_ACGTTCCAGGAGGCAG-1",668,"Lymphoid"
"e16_ji1_ACGTTCCTCGCTCCTA-1",823,"Fibroblast 3 (Adam12)"
"e16_ji1_ACGTTCCTCGGCTTCT-1",2323,"Proliferative Fibroblast"
"e16_ji1_ACTACGACATAGAGGC-1",2512,"Mesothelial"
"e16_ji1_ACTACGATCCGCGATG-1",668,"Lymphoid"
"e16_ji1_ACTATCTGTAGTTACC-1",1454,"Mesothelial"
"e16_ji1_ACTATCTTCGTCTAAG-1",1037,"Proliferative Smooth muscle"
"e16_ji1_ACTATGGTCAATCGGT-1",3367,"Fibroblast 3 (Adam12)"
"e16_ji1_ACTCCCACAGGCATGA-1",1040,"Mesothelial"
"e16_ji1_ACTCCCAGTAGGAAAG-1",2263,"Myofibroblast"
"e16_ji1_ACTCTCGCATTCACAG-1",743,"Myofibroblast"
"e16_ji1_ACTCTCGTCAGGGATG-1",687,"Fibroblast 2 (Fndc1/Dpt)"
"e16_ji1_ACTGATGCAGAGCTAG-1",2211,"Proliferative Smooth muscle"
"e16_ji1_ACTGATGGTTAGAAGT-1",1908,"Fibroblast 1 (Col6a4/Adamdec1)"
"e16_ji1_ACTGCAACAGCTATTG-1",1704,"Myeloid"
"e16_ji1_ACTGCAATCTCCGATC-1",3042,"Fibroblast 3 (Adam12)"
"e16_ji1_ACTGTCCCATCTGTTT-1",1545,"Smooth muscle"
"e16_ji1_ACTGTCCGTCTCGCGA-1",2478,"Smooth muscle"
"e16_ji1_ACTGTCCTCACGACTA-1",1347,"Proliferative Fibroblast"
"e16_ji1_ACTGTCCTCCATATGG-1",284,"Fibroblast 1 (Col6a4/Adamdec1)"
"e16_ji1_ACTGTGAAGACCCTTA-1",1333,"Fibroblast 3 (Adam12)"
"e16_ji1_ACTGTGACACAAAGTA-1",2933,"Mesothelial"
"e16_ji1_ACTGTGACATCATCTT-1",2338,"Proliferative Smooth muscle"
"e16_ji1_ACTTAGGTCGACACTA-1",3196,"Myofibroblast"
"e16_ji1_ACTTAGGTCTGTCGCT-1",3397,"Fibroblast 2 (Fndc1/Dpt)"
"e16_ji1_ACTTATCAGTCATCGT-1",1634,"Smooth muscle"
"e16_ji1_ACTTATCCAACGACAG-1",1456,"Proliferative Smooth muscle"
"e16_ji1_ACTTATCCAAGAGAGA-1",3239,"Fibroblast 2 (Fndc1/Dpt)"
"e16_ji1_ACTTATCCATTGGATC-1",2165,"ICC"
"e16_ji1_ACTTATCGTGTCCAAT-1",1453,"Proliferative Smooth muscle"
"e16_ji1_ACTTCCGGTATTAAGG-1",2486,"Pericyte"
"e16_ji1_ACTTCCGGTGCCTGAC-1",538,"Fibroblast 3 (Adam12)"
"e16_ji1_ACTTCCGGTGCCTGCA-1",2643,"Smooth muscle"
"e16_ji1_ACTTCCGTCTTGGTCC-1",855,"Pericyte"
"e16_ji1_ACTTCGCAGGTCATTC-1",2165,"ICC"
"e16_ji1_ACTTCGCGTATCAGCT-1",3344,"Proliferative Fibroblast"
"e16_ji1_ACTTCGCGTTGCAACT-1",791,"Fibroblast 2 (Fndc1/Dpt)"
"e16_ji1_ACTTTCAAGCGGGTTA-1",1597,"Pericyte"
"e16_ji1_ACTTTCAGTGTGTGGA-1",637,"Myofibroblast"
"e16_ji1_AGAAATGTCACCACAA-1",673,"Fibroblast 2 (Fndc1/Dpt)"
"e16_ji1_AGAACAAAGTAGACCG-1",1724,"Smooth muscle"
"e16_ji1_AGAACAACACGCAAAG-1",2028,"Myofibroblast"
"e16_ji1_AGAACAACATCATTTC-1",1524,"Fibroblast 2 (Fndc1/Dpt)"
"e16_ji1_AGAACAAGTGACTGTT-1",1066,"Fibroblast 1 (Col6a4/Adamdec1)"
"e16_ji1_AGAACAATCCGTGCGA-1",1906,"ICC"
"e16_ji1_AGAACCTCAGCACAGA-1",2742,"Myeloid"
"e16_ji1_AGAACCTCATCGGCCA-1",2798,"Pericyte"
"e16_ji1_AGAACCTGTTCAGTAC-1",791,"Smooth muscle"
"e16_ji1_AGAACCTTCGCCATAA-1",1220,"ICC"
"e16_ji1_AGAAGCGAGGCACAAC-1",1070,"ICC"
"e16_ji1_AGAAGCGCATGAATAG-1",948,"Proliferative Smooth muscle"
"e16_ji1_AGAAGCGGTGTCCCTT-1",668,"Myeloid"
"e16_ji1_AGAAGTAAGGTGCCTC-1",3164,"Proliferative Fibroblast"
"e16_ji1_AGAAGTATCTATCGCC-1",2798,"Smooth muscle"
"e16_ji1_AGACAAAAGAGTCACG-1",3175,"Fibroblast 1 (Col6a4/Adamdec1)"
"e16_ji1_AGACAAAAGGACAGCT-1",918,"Smooth muscle"
"e16_ji1_AGACAAAGTCATAAAG-1",3377,"ICC"
"e16_ji1_AGACAAATCTACGGGC-1",1336,"Proliferative Smooth muscle"
"e16_ji1_AGACACTAGCAGCCTC-1",2567,"Smooth muscle"
"e16_ji1_AGACAGGAGTCCCTAA-1",2689,"Fibroblast 1 (Col6a4/Adamdec1)"
"e16_ji1_AGACCATAGGGCTTCC-1",1540,"Fibroblast 1 (Col6a4/Adamdec1)"
"e16_ji1_AGACCATCACCTATCC-1",1115,"Smooth muscle"
"e16_ji1_AGACCATGTATTGCCA-1",1066,"Smooth muscle"
"e16_ji1_AGACCATTCCTCTCGA-1",1597,"Smooth muscle"
"e16_ji1_AGACCCGTCTTCGCTG-1",2228,"Myofibroblast"
"e16_ji1_AGACTCAAGTTTCGGT-1",2025,"Proliferative Smooth muscle"
"e16_ji1_AGACTCACACGTCATA-1",1100,"Fibroblast 1 (Col6a4/Adamdec1)"
"e16_ji1_AGAGAATAGACTCATC-1",1597,"Fibroblast 1 (Col6a4/Adamdec1)"
"e16_ji1_AGAGAATCAGTTTGGT-1",2544,"Endothelial"
"e16_ji1_AGAGAATGTATGTCCA-1",2053,"ICC"
"e16_ji1_AGAGAATTCATAGAGA-1",2369,"Fibroblast 2 (Fndc1/Dpt)"
"e16_ji1_AGAGAGCCATTCGGGC-1",1883,"Endothelial"
"e16_ji1_AGAGAGCGTGGGCTTC-1",1749,"Myofibroblast"
"e16_ji1_AGAGAGCTCGGCTTGG-1",799,"Myofibroblast"
"e16_ji1_AGAGCAGGTTAGGACG-1",1927,"Myofibroblast"
"e16_ji1_AGAGCAGTCGTGACTA-1",3175,"Smooth muscle"
"e16_ji1_AGAGCCCAGAGAGAAC-1",3236,"Fibroblast 2 (Fndc1/Dpt)"
"e16_ji1_AGAGCCCCACTAAACC-1",2475,"Myofibroblast"
"e16_ji1_AGAGCCCCAGATAAAC-1",687,"ICC"
"e16_ji1_AGATAGAGTATGAAGT-1",2323,"Fibroblast 2 (Fndc1/Dpt)"
"e16_ji1_AGATAGAGTCAACGCC-1",3292,"Fibroblast 2 (Fndc1/Dpt)"
"e16_ji1_AGATAGATCAAAGCCT-1",1348,"Fibroblast 2 (Fndc1/Dpt)"
"e16_ji1_AGATAGATCGGCTGAC-1",1381,"Fibroblast 5 (Mfap5/Grm3)"
"e16_ji1_AGATCCAAGATGTAGT-1",1530,"Fibroblast 6 (Lepr/Sp5)"
"e16_ji1_AGATCCAGTAGTATAG-1",3397,"Fibroblast 1 (Col6a4/Adamdec1)"
"e16_ji1_AGATCCAGTTAGTTCG-1",737,"Endothelial"
"e16_ji1_AGATCCATCCAGTGCG-1",1100,"Proliferative Smooth muscle"
"e16_ji1_AGATCGTAGGCCCGTT-1",2243,"Smooth muscle"
"e16_ji1_AGATCGTTCTTGGAAC-1",2388,"Myofibroblast"
"e16_ji1_AGATGAAAGCCACCGT-1",3205,"Myofibroblast"
"e16_ji1_AGATGAACACTCTCGT-1",673,"Myofibroblast"
"e16_ji1_AGATGAAGTCGAATGG-1",711,"Proliferative Smooth muscle"
"e16_ji1_AGATGAAGTGATTCAC-1",1087,"Fibroblast 1 (Col6a4/Adamdec1)"
"e16_ji1_AGATGAATCGGATTAC-1",1031,"Mesothelial"
"e16_ji1_AGATGCTCAAAGGCTG-1",2436,"Fibroblast 4 (Kcnn3)"
"e16_ji1_AGCATCAAGGGTTTCT-1",2415,"Fibroblast 2 (Fndc1/Dpt)"
"e16_ji1_AGCATCACATCCGTGG-1",2301,"Fibroblast 1 (Col6a4/Adamdec1)"
"e16_ji1_AGCATCAGTTTGGAAA-1",2742,"Myeloid"
"e16_ji1_AGCCAATCAACGTATC-1",1597,"Proliferative Smooth muscle"
"e16_ji1_AGCCAATGTACACGTT-1",2175,"ICC"
"e16_ji1_AGCCAATGTCCACAGC-1",2742,"Lymphoid"
"e16_ji1_AGCCACGCAGATCACT-1",3192,"Smooth muscle"
"e16_ji1_AGCCACGCATTGCAAC-1",2053,"Fibroblast 3 (Adam12)"
"e16_ji1_AGCCACGGTATGTCTG-1",2436,"Fibroblast 2 (Fndc1/Dpt)"
"e16_ji1_AGCGATTAGCCTGTGC-1",3058,"Myofibroblast"
"e16_ji1_AGCGATTGTAATACCC-1",2456,"Mesothelial"
"e16_ji1_AGCGCCACAAAGCACG-1",2323,"Fibroblast 4 (Kcnn3)"
"e16_ji1_AGCGCTGAGACGCCAA-1",3194,"Mesothelial"
"e16_ji1_AGCGCTGAGTCGAGGT-1",776,"Fibroblast 2 (Fndc1/Dpt)"
"e16_ji1_AGCGCTGGTCATTCCC-1",2682,"Smooth muscle"
"e16_ji1_AGCGTATCAGATCCAT-1",1100,"Fibroblast 1 (Col6a4/Adamdec1)"
"e16_ji1_AGCGTCGCACGGAAGT-1",687,"ICC"
"e16_ji1_AGCGTCGGTACGTTCA-1",2798,"Fibroblast 2 (Fndc1/Dpt)"
"e16_ji1_AGCTACATCTTCGACC-1",2436,"Smooth muscle"
"e16_ji1_AGCTCAACACACCTAA-1",2436,"Fibroblast 2 (Fndc1/Dpt)"
"e16_ji1_AGCTCAAGTCATCGGC-1",899,"Smooth muscle"
"e16_ji1_AGCTCAATCCATCACC-1",2403,"Fibroblast 1 (Col6a4/Adamdec1)"
"e16_ji1_AGCTCAATCGAAACAA-1",3153,"Proliferative Smooth muscle"
"e16_ji1_AGCTTCCGTTTGGCTA-1",1883,"Endothelial"
"e16_ji1_AGCTTCCTCCTAGAGT-1",1727,"Fibroblast 2 (Fndc1/Dpt)"
"e16_ji1_AGCTTCCTCTGTGCGG-1",668,"Myeloid"
"e16_ji1_AGGAAATTCGTCGCTT-1",737,"Myofibroblast"
"e16_ji1_AGGAATAAGACGTCCC-1",1651,"Fibroblast 2 (Fndc1/Dpt)"
"e16_ji1_AGGAATACAAAGCGTG-1",773,"Fibroblast 2 (Fndc1/Dpt)"
"e16_ji1_AGGAATACAATTGCTG-1",1167,"Smooth muscle"
"e16_ji1_AGGACGAAGGTGCGAT-1",1539,"Myofibroblast"
"e16_ji1_AGGACGACATCCGGCA-1",905,"Smooth muscle"
"e16_ji1_AGGACGAGTAGGAGTC-1",3145,"Smooth muscle"
"e16_ji1_AGGACTTCATGACGTT-1",2176,"Smooth muscle"
"e16_ji1_AGGACTTGTATGAGCG-1",1250,"Smooth muscle"
"e16_ji1_AGGACTTGTGCTTATG-1",1597,"Smooth muscle"
"e16_ji1_AGGACTTGTGTCCGTG-1",2478,"Proliferative Smooth muscle"
"e16_ji1_AGGAGGTTCTTAGCTT-1",3153,"Fibroblast 2 (Fndc1/Dpt)"
"e16_ji1_AGGATAAAGACTAAGT-1",943,"Myofibroblast"
"e16_ji1_AGGATAAAGGTATTGA-1",1031,"Smooth muscle"
"e16_ji1_AGGATCTAGGTTTACC-1",1931,"Fibroblast 1 (Col6a4/Adamdec1)"
"e16_ji1_AGGATCTAGTGAGGCT-1",1515,"Smooth muscle"
"e16_ji1_AGGCATTAGGGCAAGG-1",1458,"Fibroblast 3 (Adam12)"
"e16_ji1_AGGCATTCATCTCATT-1",637,"Proliferative Fibroblast"
"e16_ji1_AGGCCACGTGGTCAAG-1",2798,"Proliferative Fibroblast"
"e16_ji1_AGGCCACTCAAATAGG-1",1419,"Endothelial"
"e16_ji1_AGGCCACTCCGAACGC-1",1529,"Endothelial"
"e16_ji1_AGGCTGCAGCGGTAGT-1",2425,"Proliferative Fibroblast"
"e16_ji1_AGGCTGCAGGCATTTC-1",1662,"Proliferative Smooth muscle"
"e16_ji1_AGGGAGTAGTGGTGGT-1",2707,"Proliferative Smooth muscle"
"e16_ji1_AGGGAGTGTGGTCTCG-1",1597,"Fibroblast 1 (Col6a4/Adamdec1)"
"e16_ji1_AGGGAGTGTTCGGTTA-1",1886,"Myofibroblast"
"e16_ji1_AGGGAGTTCATGCCAA-1",2374,"Fibroblast 2 (Fndc1/Dpt)"
"e16_ji1_AGGGCCTCAATAGAGT-1",1743,"Endothelial"
"e16_ji1_AGGGCCTGTTCAGCTA-1",2323,"Fibroblast 1 (Col6a4/Adamdec1)"
"e16_ji1_AGGGCCTTCACTGGGC-1",2033,"Fibroblast 6 (Lepr/Sp5)"
"e16_ji1_AGGGCCTTCTGCGATA-1",1040,"Mesothelial"
"e16_ji1_AGGGCTCCAGGTCAAG-1",1770,"Smooth muscle"
"e16_ji1_AGGGCTCGTACATACC-1",791,"Proliferative Fibroblast"
"e16_ji1_AGGGCTCGTCAAGTTC-1",1888,"Myofibroblast"
"e16_ji1_AGGGCTCGTCTGTCCT-1",1893,"Fibroblast 2 (Fndc1/Dpt)"
"e16_ji1_AGGGTCCAGAACAGGA-1",1539,"Myofibroblast"
"e16_ji1_AGGGTCCAGTGAGGTC-1",1518,"Smooth muscle"
"e16_ji1_AGGGTCCCATACACCA-1",3300,"Fibroblast 4 (Kcnn3)"
"e16_ji1_AGGGTCCCATACTGTG-1",1787,"Fibroblast 1 (Col6a4/Adamdec1)"
"e16_ji1_AGGGTGAGTAATCAAG-1",2436,"Fibroblast 1 (Col6a4/Adamdec1)"
"e16_ji1_AGGGTTTAGTGCCTCG-1",2027,"Proliferative Smooth muscle"
"e16_ji1_AGGGTTTCAGGTATGG-1",1419,"Endothelial"
"e16_ji1_AGGGTTTTCACGTAGT-1",3294,"Myofibroblast"
"e16_ji1_AGGGTTTTCATTCATC-1",1545,"Smooth muscle"
"e16_ji1_AGGGTTTTCGTCCTCA-1",3164,"Myofibroblast"
"e16_ji1_AGGTAGGAGAAGCGGG-1",1100,"Smooth muscle"
"e16_ji1_AGGTAGGGTGCGACAA-1",2337,"Fibroblast 2 (Fndc1/Dpt)"
"e16_ji1_AGGTAGGTCTGCGAGC-1",1540,"Fibroblast 2 (Fndc1/Dpt)"
"e16_ji1_AGGTCATAGACTACCT-1",3397,"Proliferative Fibroblast"
"e16_ji1_AGGTCATAGATGTTCC-1",2424,"Proliferative Fibroblast"
"e16_ji1_AGGTCATAGTATAACG-1",990,"ICC"
"e16_ji1_AGGTCATGTTGAGAGC-1",1120,"Myofibroblast"
"e16_ji1_AGGTCTATCTGGACCG-1",1912,"Fibroblast 2 (Fndc1/Dpt)"
"e16_ji1_AGGTGTTAGGTGCCTC-1",1247,"Proliferative Smooth muscle"
"e16_ji1_AGGTGTTCATGACCCG-1",1912,"Fibroblast 2 (Fndc1/Dpt)"
"e16_ji1_AGGTTACGTATTGACC-1",2512,"Mesothelial"
"e16_ji1_AGTAACCAGTAACGTA-1",3220,"Fibroblast 3 (Adam12)"
"e16_ji1_AGTAACCCAAGCGAGT-1",1912,"Proliferative Smooth muscle"
"e16_ji1_AGTAACCCAAGGTCGA-1",2478,"Myofibroblast"
"e16_ji1_AGTAACCGTACTGCGC-1",2567,"Fibroblast 3 (Adam12)"
"e16_ji1_AGTAACCTCCTCATAT-1",3332,"Smooth muscle"
"e16_ji1_AGTACCAAGGTAAAGG-1",2180,"Fibroblast 4 (Kcnn3)"
"e16_ji1_AGTACCACATGGACAG-1",2638,"ICC"
"e16_ji1_AGTACCAGTGGCTCTG-1",3300,"Proliferative Fibroblast"
"e16_ji1_AGTACCATCATGTCAG-1",2180,"Smooth muscle"
"e16_ji1_AGTACCATCTGAGCAT-1",851,"Lymphoid"
"e16_ji1_AGTACTGGTAGTCGGA-1",2642,"Proliferative Smooth muscle"
"e16_ji1_AGTACTGTCGGCTGTG-1",2033,"Proliferative Smooth muscle"
"e16_ji1_AGTACTGTCTGTGCTC-1",3178,"Lymphoid"
"e16_ji1_AGTACTGTCTGTTCAT-1",2436,"Smooth muscle"
"e16_ji1_AGTAGCTGTACGAGTG-1",2323,"Proliferative Fibroblast"
"e16_ji1_AGTAGCTGTCAAATCC-1",1906,"Proliferative Smooth muscle"
"e16_ji1_AGTAGTCCATGAGGGT-1",2986,"Myofibroblast"
"e16_ji1_AGTAGTCTCCCGTTCA-1",2366,"Pericyte"
"e16_ji1_AGTCAACAGGCATGGT-1",3164,"Myofibroblast"
"e16_ji1_AGTCAACTCACCCTTG-1",1413,"Fibroblast 3 (Adam12)"
"e16_ji1_AGTCACAAGGTACAAT-1",1912,"Proliferative Smooth muscle"
"e16_ji1_AGTCATGCAAAGACGC-1",2415,"Proliferative Smooth muscle"
"e16_ji1_AGTCATGTCCTTCAGC-1",2357,"Proliferative Smooth muscle"
"e16_ji1_AGTCTCCTCCACTAGA-1",943,"Fibroblast 3 (Adam12)"
"e16_ji1_AGTGACTAGCACCGTC-1",2033,"Fibroblast 4 (Kcnn3)"
"e16_ji1_AGTGACTCAATACGCT-1",2913,"Endothelial"
"e16_ji1_AGTGACTCACATTCGA-1",1793,"Mesothelial"
"e16_ji1_AGTGACTCATCGATGT-1",616,"Proliferative Smooth muscle"
"e16_ji1_AGTGATCAGTGCAAAT-1",667,"Fibroblast 1 (Col6a4/Adamdec1)"
"e16_ji1_AGTGATCTCGATCCCT-1",1743,"Endothelial"
"e16_ji1_AGTGATCTCTAAGGAA-1",776,"ICC"
"e16_ji1_AGTGCCGAGAAACTGT-1",3196,"Smooth muscle"
"e16_ji1_AGTGCCGAGCCTGTCG-1",2180,"Fibroblast 3 (Adam12)"
"e16_ji1_AGTGCCGCACTCCGAG-1",2243,"Smooth muscle"
"e16_ji1_AGTGCCGTCGGAACTT-1",3194,"Mesothelial"
"e16_ji1_AGTGTTGCATCCGCGA-1",791,"Fibroblast 1 (Col6a4/Adamdec1)"
"e16_ji1_AGTGTTGGTACGGCAA-1",1743,"Endothelial"
"e16_ji1_AGTGTTGTCTAGGCCG-1",3153,"Fibroblast 1 (Col6a4/Adamdec1)"
"e16_ji1_AGTTAGCCACCTCAGG-1",2635,"Pericyte"
"e16_ji1_AGTTAGCCATGACGTT-1",1300,"Proliferative Smooth muscle"
"e16_ji1_AGTTCCCCATGTTCGA-1",2461,"Proliferative Smooth muscle"
"e16_ji1_AGTTCCCTCCGTCACT-1",1245,"Mesothelial"
"e16_ji1_AGTTCCCTCCTATGGA-1",2144,"Fibroblast 1 (Col6a4/Adamdec1)"
"e16_ji1_ATACCGAAGATGGTAT-1",3300,"Fibroblast 3 (Adam12)"
"e16_ji1_ATACCTTAGAAGAACG-1",1900,"Mesothelial"
"e16_ji1_ATACTTCTCCGTTGGG-1",2815,"Fibroblast 3 (Adam12)"
"e16_ji1_ATAGACCAGTATCTGC-1",3175,"Fibroblast 2 (Fndc1/Dpt)"
"e16_ji1_ATAGACCGTCCTGGGT-1",1929,"Fibroblast 4 (Kcnn3)"
"e16_ji1_ATAGACCGTGCGGCTT-1",744,"Fibroblast 2 (Fndc1/Dpt)"
"e16_ji1_ATAGAGAAGACTCGAG-1",1969,"Myofibroblast"
"e16_ji1_ATAGAGACAGAGATGC-1",1381,"Smooth muscle"
"e16_ji1_ATAGAGACATATGGCT-1",687,"ICC"
"e16_ji1_ATAGAGAGTTGGTAGG-1",1908,"Fibroblast 2 (Fndc1/Dpt)"
"e16_ji1_ATAGAGATCGAGGCAA-1",3292,"Myofibroblast"
"e16_ji1_ATAGGCTAGCCGATCC-1",3269,"Proliferative Fibroblast"
"e16_ji1_ATAGGCTAGGCGCTTC-1",2551,"Smooth muscle"
"e16_ji1_ATAGGCTCAGGGACTA-1",729,"Fibroblast 3 (Adam12)"
"e16_ji1_ATATCCTGTCGAGCTC-1",3239,"Fibroblast 2 (Fndc1/Dpt)"
"e16_ji1_ATATCCTTCTGTCAGA-1",2798,"Fibroblast 3 (Adam12)"
"e16_ji1_ATCACAGAGAACAAGG-1",1077,"Smooth muscle"
"e16_ji1_ATCACAGGTCGCTGCA-1",2338,"Fibroblast 4 (Kcnn3)"
"e16_ji1_ATCACAGGTCTTGCTC-1",1381,"Smooth muscle"
"e16_ji1_ATCACAGTCATGAAAG-1",668,"Myeloid"
"e16_ji1_ATCACGAAGATGAAGG-1",2632,"Myofibroblast"
"e16_ji1_ATCACGAAGTCAATCC-1",1066,"Myofibroblast"
"e16_ji1_ATCACGACAAGCAGGT-1",2226,"Proliferative Smooth muscle"
"e16_ji1_ATCACGAGTGGTCTAT-1",688,"Fibroblast 3 (Adam12)"
"e16_ji1_ATCACTTAGCAATTCC-1",1970,"Proliferative Fibroblast"
"e16_ji1_ATCACTTAGCTAATCC-1",634,"Fibroblast 4 (Kcnn3)"
"e16_ji1_ATCACTTCATGTTCGA-1",954,"Fibroblast 1 (Col6a4/Adamdec1)"
"e16_ji1_ATCACTTGTGCACGCT-1",3196,"Fibroblast 2 (Fndc1/Dpt)"
"e16_ji1_ATCAGGTTCGGTCTAA-1",1068,"Mesothelial"
"e16_ji1_ATCATTCCAGACATCT-1",1912,"Fibroblast 1 (Col6a4/Adamdec1)"
"e16_ji1_ATCATTCCAGCAGTGA-1",2436,"Fibroblast 1 (Col6a4/Adamdec1)"
"e16_ji1_ATCATTCGTGATTAGA-1",1040,"Mesothelial"
"e16_ji1_ATCATTCTCGGACCAC-1",3266,"Proliferative Fibroblast"
"e16_ji1_ATCCACCCATTGACAC-1",2737,"Smooth muscle"
"e16_ji1_ATCCACCGTCTTGCTC-1",1082,"Endothelial"
"e16_ji1_ATCCACCTCCGACAGC-1",2739,"Proliferative Fibroblast"
"e16_ji1_ATCCATTAGAGAGGGC-1",637,"Fibroblast 3 (Adam12)"
"e16_ji1_ATCCATTGTTTATGCG-1",912,"Fibroblast 1 (Col6a4/Adamdec1)"
"e16_ji1_ATCCCTGCAGATAAAC-1",903,"ICC"
"e16_ji1_ATCCCTGCAGCTGTAT-1",2454,"Proliferative Fibroblast"
"e16_ji1_ATCCCTGTCGAAGAAT-1",799,"Myofibroblast"
"e16_ji1_ATCCGTCAGAAGTGTT-1",2735,"Smooth muscle"
"e16_ji1_ATCCGTCCACAGACGA-1",2507,"Fibroblast 1 (Col6a4/Adamdec1)"
"e16_ji1_ATCCTATCACACGGAA-1",687,"Fibroblast 6 (Lepr/Sp5)"
"e16_ji1_ATCCTATCAGGTCAGA-1",1727,"ICC"
"e16_ji1_ATCCTATCATGGGATG-1",634,"Fibroblast 1 (Col6a4/Adamdec1)"
"e16_ji1_ATCCTATTCTTACCAT-1",1175,"Smooth muscle"
"e16_ji1_ATCGATGAGAGCCGAT-1",668,"Lymphoid"
"e16_ji1_ATCGATGAGCGTTACT-1",988,"Proliferative Smooth muscle"
"e16_ji1_ATCGATGAGGATTCAA-1",1634,"Myofibroblast"
"e16_ji1_ATCGATGGTAGGCAAC-1",835,"Proliferative Fibroblast"
"e16_ji1_ATCGATGGTGAGCAGT-1",2798,"Fibroblast 2 (Fndc1/Dpt)"
"e16_ji1_ATCGCCTCATTAAGCC-1",2461,"Fibroblast 1 (Col6a4/Adamdec1)"
"e16_ji1_ATCGCCTGTCGGCACT-1",848,"Fibroblast 1 (Col6a4/Adamdec1)"
"e16_ji1_ATCGGATAGCACTCCG-1",2375,"Proliferative Fibroblast"
"e16_ji1_ATCGGATAGTACTCGT-1",1049,"Fibroblast 2 (Fndc1/Dpt)"
"e16_ji1_ATCGGCGAGTAACCGG-1",1030,"Smooth muscle"
"e16_ji1_ATCGGCGCAGTTAGAA-1",1743,"Fibroblast 3 (Adam12)"
"e16_ji1_ATCGGCGGTACGTAGG-1",637,"Smooth muscle"
"e16_ji1_ATCGGCGGTGATAGTA-1",2821,"Proliferative Smooth muscle"
"e16_ji1_ATCGGCGTCATTACGG-1",687,"Smooth muscle"
"e16_ji1_ATCGGCGTCCGTTGGG-1",1073,"Smooth muscle"
"e16_ji1_ATCGGCGTCGAGCACC-1",1454,"Mesothelial"
"e16_ji1_ATCGTAGAGAAAGTCT-1",776,"Proliferative Fibroblast"
"e16_ji1_ATCGTAGAGACCAACG-1",877,"Fibroblast 2 (Fndc1/Dpt)"
"e16_ji1_ATCGTAGAGATGTTGA-1",2033,"Myofibroblast"
"e16_ji1_ATCGTAGCATAGAATG-1",3141,"Smooth muscle"
"e16_ji1_ATCGTCCCACGCTGAC-1",2675,"Smooth muscle"
"e16_ji1_ATCGTCCTCTACGGTA-1",1066,"Fibroblast 2 (Fndc1/Dpt)"
"e16_ji1_ATCGTGAGTAGCACGA-1",2566,"Myofibroblast"
"e16_ji1_ATCGTGAGTCGTATTG-1",2475,"Myofibroblast"
"e16_ji1_ATCGTGAGTTAGTCGT-1",1419,"Endothelial"
"e16_ji1_ATCTCTACAGCAGTTT-1",1247,"Smooth muscle"
"e16_ji1_ATCTCTACATGTGGTT-1",2986,"Smooth muscle"
"e16_ji1_ATCTCTAGTAGCACGA-1",3377,"Proliferative Smooth muscle"
"e16_ji1_ATCTCTATCAAGGAGC-1",2103,"Lymphoid"
"e16_ji1_ATCTTCAAGTGGTGGT-1",2105,"Fibroblast 3 (Adam12)"
"e16_ji1_ATCTTCAGTCTCTCCA-1",1515,"Smooth muscle"
"e16_ji1_ATGAAAGCAATCAGCT-1",1704,"Myeloid"
"e16_ji1_ATGAAAGGTACCTAGT-1",2682,"Smooth muscle"
"e16_ji1_ATGAAAGGTATGCGTT-1",855,"Smooth muscle"
"e16_ji1_ATGAAAGGTTACCGTA-1",991,"ICC"
"e16_ji1_ATGAAAGGTTCAATCG-1",2473,"Smooth muscle"
"e16_ji1_ATGAAAGTCCCAATAG-1",2719,"Myofibroblast"
"e16_ji1_ATGAAAGTCGCATTAG-1",1651,"ICC"
"e16_ji1_ATGACCAAGAGCAAGA-1",1240,"Smooth muscle"
"e16_ji1_ATGACCACATTGCCGG-1",2436,"Smooth muscle"
"e16_ji1_ATGACCAGTCACTTAG-1",988,"Proliferative Smooth muscle"
"e16_ji1_ATGAGGGAGAGATCGC-1",1743,"Endothelial"
"e16_ji1_ATGAGGGAGATGTTAG-1",2512,"Mesothelial"
"e16_ji1_ATGAGGGAGCCTATTG-1",2579,"Fibroblast 5 (Mfap5/Grm3)"
"e16_ji1_ATGAGGGCATTGCTGA-1",3196,"Smooth muscle"
"e16_ji1_ATGAGGGTCCCAGCGA-1",2973,"Proliferative Fibroblast"
"e16_ji1_ATGAGGGTCTCTGGTC-1",988,"Smooth muscle"
"e16_ji1_ATGAGGGTCTTGAACG-1",2175,"Smooth muscle"
"e16_ji1_ATGAGTCAGTCCCGGT-1",3291,"Smooth muscle"
"e16_ji1_ATGAGTCCAATAGTGA-1",1564,"Smooth muscle"
"e16_ji1_ATGAGTCCACCAACAT-1",1883,"Endothelial"
"e16_ji1_ATGAGTCCAGACGGAT-1",2144,"Fibroblast 2 (Fndc1/Dpt)"
"e16_ji1_ATGAGTCCAGTTCTAG-1",1343,"Smooth muscle"
"e16_ji1_ATGATCGAGATGGTCG-1",2973,"Fibroblast 1 (Col6a4/Adamdec1)"
"e16_ji1_ATGCATGAGCTTCATG-1",2762,"Fibroblast 3 (Adam12)"
"e16_ji1_ATGCATGCACAAGCCC-1",3332,"Smooth muscle"
"e16_ji1_ATGCCTCTCCAGCACG-1",1031,"Fibroblast 1 (Col6a4/Adamdec1)"
"e16_ji1_ATGCGATAGCAATAAC-1",1743,"Endothelial"
"e16_ji1_ATGGAGGAGGTCATCT-1",2448,"Smooth muscle"
"e16_ji1_ATGGAGGCATAACCCA-1",2478,"Myofibroblast"
"e16_ji1_ATGGAGGGTGAGATCG-1",3178,"Lymphoid"
"e16_ji1_ATGGAGGTCATTATCC-1",1699,"Smooth muscle"
"e16_ji1_ATGGATCCACGTAGAG-1",437,"Smooth muscle"
"e16_ji1_ATGGATCCAGCTGAAG-1",1921,"Proliferative Fibroblast"
"e16_ji1_ATGGGAGAGAAGTCTA-1",1545,"Smooth muscle"
"e16_ji1_ATGGGAGAGGGTTAAT-1",2486,"Smooth muscle"
"e16_ji1_ATGGGAGCAGTGAGCA-1",2425,"Smooth muscle"
"e16_ji1_ATGGGAGCAGTGTACT-1",2933,"Myofibroblast"
"e16_ji1_ATGGGAGTCTTGATTC-1",1731,"Fibroblast 1 (Col6a4/Adamdec1)"
"e16_ji1_ATGGGTTAGCGGATCA-1",2357,"Pericyte"
"e16_ji1_ATGGGTTCAACAAGAT-1",3384,"Myofibroblast"
"e16_ji1_ATGGGTTCATGCTGCG-1",1597,"Fibroblast 2 (Fndc1/Dpt)"
"e16_ji1_ATGGTTGAGTCTGGAG-1",1690,"Endothelial"
"e16_ji1_ATGGTTGCACCCTTGT-1",2512,"Mesothelial"
"e16_ji1_ATGGTTGGTTACACTG-1",2822,"Proliferative Smooth muscle"
"e16_ji1_ATGGTTGGTTCTATCT-1",1743,"Endothelial"
"e16_ji1_ATGTCCCCAGAAGTGC-1",2033,"Proliferative Smooth muscle"
"e16_ji1_ATGTCCCGTCGACTGC-1",1077,"Fibroblast 2 (Fndc1/Dpt)"
"e16_ji1_ATGTCCCGTCGACTTA-1",1535,"Myofibroblast"
"e16_ji1_ATGTCCCTCTCAATCT-1",2403,"Fibroblast 1 (Col6a4/Adamdec1)"
"e16_ji1_ATGTCTTAGTTGAAGT-1",2516,"Fibroblast 4 (Kcnn3)"
"e16_ji1_ATTACCTAGCCTCATA-1",2544,"Endothelial"
"e16_ji1_ATTACCTGTTAGGCCC-1",1588,"ICC"
"e16_ji1_ATTACTCAGACGATAT-1",3178,"Lymphoid"
"e16_ji1_ATTACTCCACGGATCC-1",2742,"Myeloid"
"e16_ji1_ATTACTCGTACTGTTG-1",1245,"Myofibroblast"
"e16_ji1_ATTACTCGTTGCATAC-1",2144,"Fibroblast 3 (Adam12)"
"e16_ji1_ATTACTCTCTTGCAAG-1",1238,"Myofibroblast"
"e16_ji1_ATTATCCCAACCTAAC-1",2486,"Myofibroblast"
"e16_ji1_ATTATCCCAGTCTTCC-1",637,"ICC"
"e16_ji1_ATTCACTCATGACACT-1",1893,"Proliferative Smooth muscle"
"e16_ji1_ATTCACTTCACCTCTG-1",1787,"Proliferative Fibroblast"
"e16_ji1_ATTCAGGAGATCGCCC-1",2454,"Smooth muscle"
"e16_ji1_ATTCAGGAGTTTGAGA-1",2475,"ICC"
"e16_ji1_ATTCAGGTCGAGAATA-1",2103,"Myeloid"
"e16_ji1_ATTCATCAGTCTACCA-1",2951,"Myofibroblast"
"e16_ji1_ATTCATCTCATGTCTT-1",3269,"Fibroblast 4 (Kcnn3)"
"e16_ji1_ATTCCATAGTTGAAGT-1",1852,"Myofibroblast"
"e16_ji1_ATTCCATGTGTAACGG-1",1348,"Fibroblast 1 (Col6a4/Adamdec1)"
"e16_ji1_ATTCCCGCACCAGGTC-1",2369,"Smooth muscle"
"e16_ji1_ATTCCCGCAGAGCCCT-1",1247,"Proliferative Smooth muscle"
"e16_ji1_ATTCCCGCAGTCAGTT-1",2478,"Proliferative Smooth muscle"
"e16_ji1_ATTCCTACACAAGTTC-1",1068,"Mesothelial"
"e16_ji1_ATTCTACAGGCCCGTT-1",3397,"Fibroblast 1 (Col6a4/Adamdec1)"
"e16_ji1_ATTCTACCAAGATGTA-1",2461,"Fibroblast 1 (Col6a4/Adamdec1)"
"e16_ji1_ATTCTTGAGAGTCGAC-1",2403,"Fibroblast 1 (Col6a4/Adamdec1)"
"e16_ji1_ATTCTTGAGTCCCGAC-1",2621,"Myofibroblast"
"e16_ji1_ATTGGGTAGGCACGAT-1",2567,"Fibroblast 5 (Mfap5/Grm3)"
"e16_ji1_ATTGGGTCAGCTATTG-1",1699,"Proliferative Smooth muscle"
"e16_ji1_ATTGGGTCAGCTGAAG-1",2814,"ICC"
"e16_ji1_ATTGGGTTCTACTGCC-1",2378,"ICC"
"e16_ji1_ATTGTTCCACTGCGTG-1",1361,"Smooth muscle"
"e16_ji1_ATTGTTCTCGCTGATA-1",855,"Proliferative Smooth muscle"
"e16_ji1_ATTTACCAGTCACACT-1",644,"Endothelial"
"e16_ji1_ATTTACCGTAGCTCGC-1",616,"Smooth muscle"
"e16_ji1_ATTTACCGTGAGAACC-1",2070,"Endothelial"
"e16_ji1_ATTTACCTCCTCTAAT-1",1651,"Smooth muscle"
"e16_ji1_ATTTCACCACGTACTA-1",903,"Fibroblast 2 (Fndc1/Dpt)"
"e16_ji1_ATTTCACCAGCTACAT-1",2506,"ICC"
"e16_ji1_ATTTCACGTTCTGACA-1",2707,"Myofibroblast"
"e16_ji1_ATTTCACTCCACATAG-1",1066,"Pericyte"
"e16_ji1_ATTTCACTCTCAACCC-1",1167,"Fibroblast 3 (Adam12)"
"e16_ji1_ATTTCTGCAGACGGAT-1",1310,"Smooth muscle"
"e16_ji1_CAAAGAACAGAGGTTG-1",2144,"Fibroblast 4 (Kcnn3)"
"e16_ji1_CAAAGAAGTACGCGTC-1",3175,"Fibroblast 3 (Adam12)"
"e16_ji1_CAAAGAATCGGTCTAA-1",1783,"Myofibroblast"
"e16_ji1_CAAAGAATCTTCGATT-1",2478,"Fibroblast 3 (Adam12)"
"e16_ji1_CAACAACAGGCGATAC-1",637,"Smooth muscle"
"e16_ji1_CAACAACGTGACAGCA-1",1419,"Fibroblast 1 (Col6a4/Adamdec1)"
"e16_ji1_CAACAACGTGCAATAA-1",855,"Myofibroblast"
"e16_ji1_CAACAACGTTCCACGG-1",799,"Endothelial"
"e16_ji1_CAACAGTAGGGACCAT-1",616,"Proliferative Fibroblast"
"e16_ji1_CAACCAAAGTGCTACT-1",3292,"Fibroblast 3 (Adam12)"
"e16_ji1_CAACCAACACTGATTG-1",1908,"Smooth muscle"
"e16_ji1_CAACCAAGTGTCATCA-1",1743,"Endothelial"
"e16_ji1_CAACCAATCATTCTTG-1",1247,"Smooth muscle"
"e16_ji1_CAACCTCAGATGCTTC-1",2879,"Proliferative Fibroblast"
"e16_ji1_CAACCTCCAAGTGCAG-1",2211,"Fibroblast 1 (Col6a4/Adamdec1)"
"e16_ji1_CAACCTCCAATTGAAG-1",2735,"ICC"
"e16_ji1_CAACGATCAGCTGTCG-1",2742,"Myeloid"
"e16_ji1_CAACGATCAGTATACC-1",1908,"Proliferative Smooth muscle"
"e16_ji1_CAACGGCCAGGCTACC-1",1597,"Fibroblast 2 (Fndc1/Dpt)"
"e16_ji1_CAAGACTTCACCCATC-1",1743,"Endothelial"
"e16_ji1_CAAGAGGAGAACTGAT-1",2448,"Smooth muscle"
"e16_ji1_CAAGAGGAGGTGCTTT-1",1793,"Fibroblast 1 (Col6a4/Adamdec1)"
"e16_ji1_CAAGAGGAGTGACACG-1",1250,"Smooth muscle"
"e16_ji1_CAAGAGGCACGCAGTC-1",1886,"Myofibroblast"
"e16_ji1_CAAGAGGCAGTTGCGC-1",918,"Proliferative Smooth muscle"
"e16_ji1_CAAGAGGTCAAGATAG-1",1048,"Smooth muscle"
"e16_ji1_CAAGAGGTCAGGAGAC-1",673,"Fibroblast 1 (Col6a4/Adamdec1)"
"e16_ji1_CAAGCTAAGAATACAC-1",690,"Proliferative Fibroblast"
"e16_ji1_CAAGCTACAGCGGATA-1",791,"Proliferative Smooth muscle"
"e16_ji1_CAAGCTAGTTCGTACA-1",1659,"ICC"
"e16_ji1_CAAGCTAGTTGTTGCA-1",830,"Endothelial"
"e16_ji1_CAAGCTATCACCCATC-1",1215,"Smooth muscle"
"e16_ji1_CAAGCTATCTTCGCTG-1",3367,"Fibroblast 3 (Adam12)"
"e16_ji1_CAAGGGAAGGGACACT-1",2643,"Smooth muscle"
"e16_ji1_CAAGGGACACAATGCT-1",2176,"Proliferative Smooth muscle"
"e16_ji1_CAAGGGACATGGCCCA-1",2144,"Fibroblast 4 (Kcnn3)"
"e16_ji1_CAAGGGAGTCGCTGCA-1",1897,"Endothelial"
"e16_ji1_CAATACGAGTGCACAG-1",2169,"Smooth muscle"
"e16_ji1_CAATACGTCTATCGCC-1",2180,"Fibroblast 2 (Fndc1/Dpt)"
"e16_ji1_CAATCGAAGCTTCATG-1",2323,"Fibroblast 4 (Kcnn3)"
"e16_ji1_CAATCGAAGGCCTAAG-1",903,"Proliferative Fibroblast"
"e16_ji1_CAATCGATCAGGTGTT-1",2496,"Proliferative Fibroblast"
"e16_ji1_CAATGACAGATACTGA-1",688,"Fibroblast 3 (Adam12)"
"e16_ji1_CAATGACAGCGTATAA-1",3198,"Smooth muscle"
"e16_ji1_CAATGACGTACTCGTA-1",2739,"Fibroblast 1 (Col6a4/Adamdec1)"
"e16_ji1_CAATTTCTCGATAACC-1",2627,"Smooth muscle"
"e16_ji1_CAATTTCTCTCGCTTG-1",2415,"Fibroblast 2 (Fndc1/Dpt)"
"e16_ji1_CACAACAGTGAAGCTG-1",904,"Mesothelial"
"e16_ji1_CACACAAAGGACTATA-1",2682,"Smooth muscle"
"e16_ji1_CACACAATCTTCGTAT-1",2053,"Proliferative Fibroblast"
"e16_ji1_CACAGATAGCTACTGT-1",3234,"Myofibroblast"
"e16_ji1_CACAGATCAACACACT-1",1561,"Fibroblast 2 (Fndc1/Dpt)"
"e16_ji1_CACAGATCAAGCGAAC-1",2369,"ICC"
"e16_ji1_CACAGATTCAGTGCGC-1",2228,"Smooth muscle"
"e16_ji1_CACATGAAGGCTGGAT-1",948,"ICC"
"e16_ji1_CACATGAAGGGTATAT-1",1414,"Smooth muscle"
"e16_ji1_CACATGACAAGTTGGG-1",3367,"Fibroblast 3 (Adam12)"
"e16_ji1_CACCAAAAGAGCCGAT-1",2436,"Proliferative Smooth muscle"
"e16_ji1_CACCAAAAGGTGGCTA-1",2323,"Proliferative Smooth muscle"
"e16_ji1_CACCAAATCCGATGCG-1",2025,"Fibroblast 2 (Fndc1/Dpt)"
"e16_ji1_CACCAAATCCTTTGAT-1",835,"Smooth muscle"
"e16_ji1_CACCGTTCAGTTGTCA-1",2263,"Proliferative Smooth muscle"
"e16_ji1_CACCGTTGTCTAATCG-1",2948,"Smooth muscle"
"e16_ji1_CACGAATGTCCGACGT-1",688,"Fibroblast 3 (Adam12)"
"e16_ji1_CACGAATTCAACGCTA-1",810,"Smooth muscle"
"e16_ji1_CACGAATTCCTGGGTG-1",2436,"Fibroblast 2 (Fndc1/Dpt)"
"e16_ji1_CACGGGTAGGACATCG-1",831,"Endothelial"
"e16_ji1_CACGGGTAGGTTAGTA-1",2403,"Fibroblast 1 (Col6a4/Adamdec1)"
"e16_ji1_CACGTGGAGTGGTTCT-1",1458,"Smooth muscle"
"e16_ji1_CACGTGGCAACGCATT-1",2454,"ICC"
"e16_ji1_CACGTGGTCTTTGGAG-1",1348,"Smooth muscle"
"e16_ji1_CACGTTCAGCATCAAA-1",1720,"Proliferative Fibroblast"
"e16_ji1_CACGTTCGTAGAATGT-1",2434,"Mesothelial"
"e16_ji1_CACGTTCTCACTCTTA-1",2802,"Smooth muscle"
"e16_ji1_CACGTTCTCGTGAGAG-1",2486,"Fibroblast 1 (Col6a4/Adamdec1)"
"e16_ji1_CACTAAGTCCGATCTC-1",2478,"Myofibroblast"
"e16_ji1_CACTGAAAGTCTAGCT-1",2507,"Fibroblast 6 (Lepr/Sp5)"
"e16_ji1_CACTGAAGTTCCAAAC-1",1059,"Endothelial"
"e16_ji1_CACTGAATCATTTACC-1",1704,"Myeloid"
"e16_ji1_CACTGAATCGTACCTC-1",1418,"Proliferative Smooth muscle"
"e16_ji1_CACTGGGAGCCTCACG-1",990,"Myofibroblast"
"e16_ji1_CACTGGGGTACGGGAT-1",1886,"Myofibroblast"
"e16_ji1_CACTGTCCAGGCACAA-1",2369,"Smooth muscle"
"e16_ji1_CACTGTCGTTAAGTCC-1",1066,"Fibroblast 4 (Kcnn3)"
"e16_ji1_CACTGTCGTTGCCGAC-1",2507,"Myofibroblast"
"e16_ji1_CACTGTCTCTTGGCTC-1",1545,"ICC"
"e16_ji1_CACTTCGAGAGATTCA-1",1031,"Proliferative Smooth muscle"
"e16_ji1_CACTTCGAGAGTTGAT-1",3153,"Fibroblast 6 (Lepr/Sp5)"
"e16_ji1_CACTTCGCAATAGTGA-1",1724,"Proliferative Fibroblast"
"e16_ji1_CAGAGCCCAGAGTCTT-1",744,"Fibroblast 1 (Col6a4/Adamdec1)"
"e16_ji1_CAGAGCCCATACCAGT-1",1031,"Fibroblast 5 (Mfap5/Grm3)"
"e16_ji1_CAGAGCCGTATCCTCC-1",1588,"Fibroblast 2 (Fndc1/Dpt)"
"e16_ji1_CAGAGCCGTTCGGGTC-1",3239,"ICC"
"e16_ji1_CAGAGCCGTTGGGTTT-1",1068,"Mesothelial"
"e16_ji1_CAGAGCCTCACTACGA-1",2403,"Fibroblast 2 (Fndc1/Dpt)"
"e16_ji1_CAGAGCCTCATATGGC-1",1730,"Proliferative Smooth muscle"
"e16_ji1_CAGAGCCTCGATGCAT-1",1540,"Fibroblast 4 (Kcnn3)"
"e16_ji1_CAGATACAGAGCTGAC-1",908,"Fibroblast 1 (Col6a4/Adamdec1)"
"e16_ji1_CAGATACAGTGCTCGC-1",3291,"Proliferative Smooth muscle"
"e16_ji1_CAGATACCAATCGCAT-1",2516,"Smooth muscle"
"e16_ji1_CAGATACTCACCACAA-1",620,"Myofibroblast"
"e16_ji1_CAGATCACAATTCACG-1",987,"Fibroblast 2 (Fndc1/Dpt)"
"e16_ji1_CAGATCAGTTACCTGA-1",2798,"Smooth muscle"
"e16_ji1_CAGATTGAGGGAGGGT-1",1049,"Proliferative Smooth muscle"
"e16_ji1_CAGATTGGTTGCTCCT-1",2083,"Fibroblast 2 (Fndc1/Dpt)"
"e16_ji1_CAGCAATCATACTTTC-1",1718,"Smooth muscle"
"e16_ji1_CAGCAATGTATGAGGC-1",1727,"Fibroblast 6 (Lepr/Sp5)"
"e16_ji1_CAGCAATGTTGGTGTT-1",1348,"Fibroblast 1 (Col6a4/Adamdec1)"
"e16_ji1_CAGCAATTCAGTGCGC-1",2623,"Proliferative Smooth muscle"
"e16_ji1_CAGCAATTCCGTATAG-1",2209,"Myeloid"
"e16_ji1_CAGCAGCCACGACAGA-1",855,"Smooth muscle"
"e16_ji1_CAGCCAGAGCTGCCAC-1",767,"Myofibroblast"
"e16_ji1_CAGCGTGAGCATTTCG-1",3239,"Fibroblast 1 (Col6a4/Adamdec1)"
"e16_ji1_CAGGCCACACATGAAA-1",3300,"Smooth muscle"
"e16_ji1_CAGGGCTAGTCAACAA-1",1561,"Fibroblast 1 (Col6a4/Adamdec1)"
"e16_ji1_CAGGTATCATCTGTTT-1",3239,"Fibroblast 1 (Col6a4/Adamdec1)"
"e16_ji1_CAGGTATGTCATCGGC-1",831,"Endothelial"
"e16_ji1_CAGGTATGTTCTCCAC-1",1418,"Myofibroblast"
"e16_ji1_CAGTGCGAGCTGTTCA-1",3196,"Fibroblast 1 (Col6a4/Adamdec1)"
"e16_ji1_CAGTGCGCAGTGGCTC-1",908,"Fibroblast 2 (Fndc1/Dpt)"
"e16_ji1_CAGTTCCAGAGTTCGG-1",2456,"Fibroblast 3 (Adam12)"
"e16_ji1_CAGTTCCGTAATTGGA-1",1250,"Proliferative Smooth muscle"
"e16_ji1_CAGTTCCGTAGATGTA-1",2496,"Fibroblast 2 (Fndc1/Dpt)"
"e16_ji1_CAGTTCCTCTATCGTT-1",2812,"Fibroblast 1 (Col6a4/Adamdec1)"
"e16_ji1_CATAAGCAGCCTGTCG-1",1462,"Proliferative Smooth muscle"
"e16_ji1_CATAAGCAGGTCATAA-1",2822,"Mesothelial"
"e16_ji1_CATAAGCGTGGCCCAT-1",2798,"Proliferative Fibroblast"
"e16_ji1_CATAAGCGTTTCAGAC-1",1196,"Fibroblast 4 (Kcnn3)"
"e16_ji1_CATACAGCAACACGAG-1",1545,"Fibroblast 3 (Adam12)"
"e16_ji1_CATACAGCATTGACTG-1",1906,"Proliferative Smooth muscle"
"e16_ji1_CATACAGGTCACTCAA-1",1731,"Pericyte"
"e16_ji1_CATACAGGTGATCATC-1",3178,"Myeloid"
"e16_ji1_CATACAGGTGGTTCTA-1",2439,"Endothelial"
"e16_ji1_CATACAGTCAGGACGA-1",1731,"Fibroblast 6 (Lepr/Sp5)"
"e16_ji1_CATACAGTCTGCATGA-1",2415,"Fibroblast 2 (Fndc1/Dpt)"
"e16_ji1_CATACCCAGAAGCCAC-1",744,"Fibroblast 1 (Col6a4/Adamdec1)"
"e16_ji1_CATACCCAGCGGGTAT-1",1539,"Myofibroblast"
"e16_ji1_CATACCCAGTGCTCGC-1",2415,"Fibroblast 3 (Adam12)"
"e16_ji1_CATACTTCAGCTACTA-1",2180,"Proliferative Smooth muscle"
"e16_ji1_CATACTTGTACCTAGT-1",1743,"Endothelial"
"e16_ji1_CATACTTGTATGAAGT-1",1423,"ICC"
"e16_ji1_CATAGACAGGAGCAAA-1",1704,"Myeloid"
"e16_ji1_CATAGACTCAGCCTTC-1",1517,"ICC"
"e16_ji1_CATCAAGAGCGAGGAG-1",2682,"Smooth muscle"
"e16_ji1_CATCAAGAGGCACTCC-1",1770,"Fibroblast 3 (Adam12)"
"e16_ji1_CATCAAGTCTACGGTA-1",668,"Myeloid"
"e16_ji1_CATCAAGTCTGTCTCG-1",2079,"Endothelial"
"e16_ji1_CATCCACTCCACGTCT-1",2033,"Smooth muscle"
"e16_ji1_CATCCCACACCTATCC-1",2798,"Fibroblast 2 (Fndc1/Dpt)"
"e16_ji1_CATCCGTCAAACCACT-1",2070,"Endothelial"
"e16_ji1_CATCCGTCAATGTCTG-1",687,"Fibroblast 2 (Fndc1/Dpt)"
"e16_ji1_CATCCGTGTTGACTAC-1",823,"Fibroblast 3 (Adam12)"
"e16_ji1_CATCCGTGTTTCCAAG-1",2389,"Smooth muscle"
"e16_ji1_CATCCGTTCAGAATAG-1",2448,"Fibroblast 4 (Kcnn3)"
"e16_ji1_CATCCGTTCATGCCCT-1",2567,"Fibroblast 4 (Kcnn3)"
"e16_ji1_CATCCGTTCCTCTCTT-1",2552,"Fibroblast 3 (Adam12)"
"e16_ji1_CATCGCTAGTGCCGAA-1",2802,"Proliferative Smooth muscle"
"e16_ji1_CATCGCTCAATTGGTC-1",673,"Smooth muscle"
"e16_ji1_CATCGCTCAGACAAGC-1",2478,"Fibroblast 1 (Col6a4/Adamdec1)"
"e16_ji1_CATCGCTTCTTCGCTG-1",1597,"Pericyte"
"e16_ji1_CATCGGGCAAAGCACG-1",2507,"Fibroblast 2 (Fndc1/Dpt)"
"e16_ji1_CATCGTCAGGGAGGCA-1",1787,"Fibroblast 2 (Fndc1/Dpt)"
"e16_ji1_CATCGTCCATCCCACT-1",3196,"Fibroblast 2 (Fndc1/Dpt)"
"e16_ji1_CATGAGTAGCAGCAGT-1",2707,"Fibroblast 1 (Col6a4/Adamdec1)"
"e16_ji1_CATGAGTGTGGCATCC-1",1219,"Fibroblast 4 (Kcnn3)"
"e16_ji1_CATGAGTTCTAACGGT-1",2742,"Myeloid"
"e16_ji1_CATGCAAAGATAGTGT-1",3300,"Smooth muscle"
"e16_ji1_CATGCAACAGTCTACA-1",711,"Proliferative Smooth muscle"
"e16_ji1_CATGCAAGTGCGACAA-1",1897,"Endothelial"
"e16_ji1_CATGCCTAGATTGATG-1",1413,"Smooth muscle"
"e16_ji1_CATGCCTCAGCTATTG-1",1240,"Fibroblast 1 (Col6a4/Adamdec1)"
"e16_ji1_CATGCCTTCTAACGCA-1",1545,"Mesothelial"
"e16_ji1_CATGCGGGTGCTCTCT-1",1070,"Fibroblast 1 (Col6a4/Adamdec1)"
"e16_ji1_CATGCGGGTTATAGAG-1",1361,"Smooth muscle"
"e16_ji1_CATGCTCAGCCTCCAG-1",791,"Fibroblast 2 (Fndc1/Dpt)"
"e16_ji1_CATGGATCAGACAATA-1",668,"Myeloid"
"e16_ji1_CATGGATGTGACACGA-1",1730,"Pericyte"
"e16_ji1_CATGGTAAGGACTGGT-1",791,"Proliferative Smooth muscle"
"e16_ji1_CATGGTACAGAGATTA-1",1682,"Smooth muscle"
"e16_ji1_CATGGTACAGGTAGTG-1",1597,"Fibroblast 2 (Fndc1/Dpt)"
"e16_ji1_CATGGTATCCGAACGC-1",1348,"Fibroblast 2 (Fndc1/Dpt)"
"e16_ji1_CATTCATAGAGGATCC-1",284,"Fibroblast 2 (Fndc1/Dpt)"
"e16_ji1_CATTCATAGCGTGTCC-1",831,"Fibroblast 1 (Col6a4/Adamdec1)"
"e16_ji1_CATTCATGTCATCCGG-1",1908,"Smooth muscle"
"e16_ji1_CATTCATGTCCACGCA-1",2180,"Smooth muscle"
"e16_ji1_CATTCCGAGCACCAGA-1",1456,"Proliferative Smooth muscle"
"e16_ji1_CATTCCGAGGAACTAT-1",2814,"Smooth muscle"
"e16_ji1_CATTCCGAGTAGCCAG-1",1704,"Lymphoid"
"e16_ji1_CATTCTAAGGGCTAAC-1",1529,"Endothelial"
"e16_ji1_CATTCTAAGTCTCTGA-1",2323,"Fibroblast 2 (Fndc1/Dpt)"
"e16_ji1_CATTCTAGTAAGATTG-1",987,"Smooth muscle"
"e16_ji1_CATTCTAGTCTTCAAG-1",3332,"Smooth muscle"
"e16_ji1_CATTGAGAGAAGTCAT-1",2366,"Fibroblast 1 (Col6a4/Adamdec1)"
"e16_ji1_CATTGAGTCACGAGGA-1",1059,"Endothelial"
"e16_ji1_CATTGCCCACATTCGA-1",3263,"Smooth muscle"
"e16_ji1_CATTGCCCACCGAATT-1",918,"Proliferative Smooth muscle"
"e16_ji1_CATTGCCGTAACAGGC-1",2822,"Fibroblast 1 (Col6a4/Adamdec1)"
"e16_ji1_CATTGCCTCACCGGTG-1",1347,"Myofibroblast"
"e16_ji1_CATTGTTCACGGGCTT-1",1539,"ICC"
"e16_ji1_CATTGTTGTCAAGCGA-1",1893,"Fibroblast 2 (Fndc1/Dpt)"
"e16_ji1_CATTGTTTCTGGACTA-1",2762,"Myofibroblast"
"e16_ji1_CATTTCAGTACAAGCG-1",2739,"Smooth muscle"
"e16_ji1_CATTTCATCTCTTAAC-1",3164,"Proliferative Smooth muscle"
"e16_ji1_CCAAGCGAGCGGTATG-1",851,"Lymphoid"
"e16_ji1_CCAAGCGTCGGCTGTG-1",2772,"Myofibroblast"
"e16_ji1_CCAATGAAGGTTAAAC-1",2879,"Smooth muscle"
"e16_ji1_CCAATGATCGCATGAT-1",3171,"Myofibroblast"
"e16_ji1_CCAATGATCTACACTT-1",1100,"Fibroblast 4 (Kcnn3)"
"e16_ji1_CCAATGATCTTCGTGC-1",3265,"Myofibroblast"
"e16_ji1_CCAATTTAGCGTCGAA-1",943,"Myofibroblast"
"e16_ji1_CCAATTTAGGCAGCTA-1",2070,"Endothelial"
"e16_ji1_CCAATTTCAGGCGAAT-1",1539,"Smooth muscle"
"e16_ji1_CCAATTTGTATCGAAA-1",1070,"Fibroblast 1 (Col6a4/Adamdec1)"
"e16_ji1_CCAATTTGTCATCGGC-1",1651,"Myofibroblast"
"e16_ji1_CCAATTTGTCTATGAC-1",2226,"Proliferative Fibroblast"
"e16_ji1_CCAATTTTCTACTCAT-1",2503,"Fibroblast 3 (Adam12)"
"e16_ji1_CCACAAAAGATGACAT-1",2822,"Fibroblast 4 (Kcnn3)"
"e16_ji1_CCACAAACAATGTGGG-1",1912,"Pericyte"
"e16_ji1_CCACAAATCCATCACC-1",737,"Endothelial"
"e16_ji1_CCACAAATCGAACGGA-1",3198,"Smooth muscle"
"e16_ji1_CCACAAATCTGGAAGG-1",1696,"Fibroblast 3 (Adam12)"
"e16_ji1_CCACAAATCTTCCGTG-1",2638,"Smooth muscle"
"e16_ji1_CCACACTAGGCATTTC-1",2552,"Fibroblast 3 (Adam12)"
"e16_ji1_CCACACTCAAATGCTC-1",851,"Myeloid"
"e16_ji1_CCACACTTCCCTATTA-1",729,"Fibroblast 3 (Adam12)"
"e16_ji1_CCACACTTCGGACTGC-1",1651,"Smooth muscle"
"e16_ji1_CCACCATAGGAGGTTC-1",1659,"Fibroblast 3 (Adam12)"
"e16_ji1_CCACCATCAACTTCTT-1",2454,"Myofibroblast"
"e16_ji1_CCACGAGAGCGCGTTC-1",2357,"Fibroblast 1 (Col6a4/Adamdec1)"
"e16_ji1_CCACGAGCACGCTGCA-1",1845,"Proliferative Smooth muscle"
"e16_ji1_CCACGAGGTACGCGTC-1",2198,"Proliferative Smooth muscle"
"e16_ji1_CCACGAGGTTGTATGC-1",1381,"Proliferative Smooth muscle"
"e16_ji1_CCACGTTCAGGTTCCG-1",668,"Lymphoid"
"e16_ji1_CCACTTGCATCGTGCG-1",2431,"Smooth muscle"
"e16_ji1_CCACTTGTCTGCTTAT-1",3397,"Fibroblast 2 (Fndc1/Dpt)"
"e16_ji1_CCATAAGAGTTTCGGT-1",1545,"Fibroblast 3 (Adam12)"
"e16_ji1_CCATCACTCTTCCGTG-1",2768,"Fibroblast 2 (Fndc1/Dpt)"
"e16_ji1_CCCATTGAGGTCCCTG-1",2635,"ICC"
"e16_ji1_CCCATTGGTGCACATT-1",2812,"Fibroblast 1 (Col6a4/Adamdec1)"
"e16_ji1_CCCATTGGTGGTCTGC-1",799,"ICC"
"e16_ji1_CCCATTGTCAATCCGA-1",2533,"Fibroblast 5 (Mfap5/Grm3)"
"e16_ji1_CCCGAAGAGGACAGTC-1",2507,"Fibroblast 2 (Fndc1/Dpt)"
"e16_ji1_CCCGAAGAGGCACTCC-1",2366,"Fibroblast 2 (Fndc1/Dpt)"
"e16_ji1_CCCGAAGGTTCGATTG-1",1529,"Endothelial"
"e16_ji1_CCCGAAGTCACCATGA-1",1743,"Myofibroblast"
"e16_ji1_CCCGAAGTCAGCATTG-1",2768,"Fibroblast 2 (Fndc1/Dpt)"
"e16_ji1_CCCGGAAAGAGAGCCT-1",2478,"Fibroblast 2 (Fndc1/Dpt)"
"e16_ji1_CCCGGAAAGCTCTATG-1",1893,"Fibroblast 1 (Col6a4/Adamdec1)"
"e16_ji1_CCCTCAAAGTTAACGA-1",2544,"Endothelial"
"e16_ji1_CCCTCTCCAAGTATCC-1",3130,"Smooth muscle"
"e16_ji1_CCCTCTCCACGCAAAG-1",947,"Fibroblast 1 (Col6a4/Adamdec1)"
"e16_ji1_CCCTCTCGTACGGCAA-1",1048,"Smooth muscle"
"e16_ji1_CCCTCTCGTGTCCTAA-1",1059,"Endothelial"
"e16_ji1_CCCTCTCTCGTTCCTG-1",1912,"Smooth muscle"
"e16_ji1_CCCTGATAGTGGTTCT-1",1087,"Myofibroblast"
"e16_ji1_CCCTTAGGTTTCGATG-1",3058,"Pericyte"
"e16_ji1_CCGAACGAGATTGAGT-1",2173,"Endothelial"
"e16_ji1_CCGAACGAGGTGAGCT-1",2425,"Fibroblast 2 (Fndc1/Dpt)"
"e16_ji1_CCGAACGGTGTACGCC-1",3384,"Proliferative Smooth muscle"
"e16_ji1_CCGAACGTCCTAAGTG-1",1462,"Proliferative Smooth muscle"
"e16_ji1_CCGATCTAGCACTGGA-1",1561,"Fibroblast 2 (Fndc1/Dpt)"
"e16_ji1_CCGATCTCAGGGTCTC-1",3196,"Fibroblast 1 (Col6a4/Adamdec1)"
"e16_ji1_CCGATCTTCACTGTCC-1",2403,"Fibroblast 1 (Col6a4/Adamdec1)"
"e16_ji1_CCGATGGGTCTTGGTA-1",2475,"Proliferative Fibroblast"
"e16_ji1_CCGCAAGAGCCATTTG-1",3367,"Smooth muscle"
"e16_ji1_CCGCAAGCAGTTTGGT-1",2403,"Fibroblast 1 (Col6a4/Adamdec1)"
"e16_ji1_CCGCAAGTCAGCCTCT-1",947,"Fibroblast 6 (Lepr/Sp5)"
"e16_ji1_CCGGACAAGTCCTGTA-1",2134,"Smooth muscle"
"e16_ji1_CCGGACACAAACGGCA-1",1787,"Fibroblast 4 (Kcnn3)"
"e16_ji1_CCGGACACAAGCCCAC-1",2798,"Fibroblast 3 (Adam12)"
"e16_ji1_CCGGACATCCCTCTTT-1",2798,"Smooth muscle"
"e16_ji1_CCGGGTAAGTACCGGA-1",2475,"Smooth muscle"
"e16_ji1_CCGGGTAAGTCCTACA-1",1900,"Fibroblast 3 (Adam12)"
"e16_ji1_CCGGGTACAACCGTAT-1",637,"Proliferative Smooth muscle"
"e16_ji1_CCGGGTACATGAGTAA-1",3351,"Endothelial"
"e16_ji1_CCGGTAGAGATTACCC-1",688,"Proliferative Fibroblast"
"e16_ji1_CCGGTGAAGTACAGAT-1",1524,"Fibroblast 2 (Fndc1/Dpt)"
"e16_ji1_CCGGTGAGTGGTCTTA-1",1247,"Fibroblast 1 (Col6a4/Adamdec1)"
"e16_ji1_CCGTAGGGTCCGCAGT-1",2486,"ICC"
"e16_ji1_CCGTAGGGTTGGTGTT-1",1941,"Fibroblast 2 (Fndc1/Dpt)"
"e16_ji1_CCGTGAGCACGACGTC-1",855,"Fibroblast 2 (Fndc1/Dpt)"
"e16_ji1_CCGTGAGGTCAAAGAT-1",2375,"Proliferative Fibroblast"
"e16_ji1_CCGTGAGGTGACCGTC-1",2546,"Proliferative Smooth muscle"
"e16_ji1_CCGTGAGTCATTCATC-1",2210,"Myofibroblast"
"e16_ji1_CCGTTCATCAAGAATG-1",2134,"Myofibroblast"
"e16_ji1_CCGTTCATCCTGGGAC-1",2635,"Myofibroblast"
"e16_ji1_CCTAACCCAACCGCTG-1",3266,"Fibroblast 1 (Col6a4/Adamdec1)"
"e16_ji1_CCTAACCCAGCGTTTA-1",2814,"Fibroblast 1 (Col6a4/Adamdec1)"
"e16_ji1_CCTAACCTCACCCTTG-1",3239,"Fibroblast 2 (Fndc1/Dpt)"
"e16_ji1_CCTAACCTCCTTTAGT-1",1530,"Fibroblast 6 (Lepr/Sp5)"
"e16_ji1_CCTAACCTCTGGCCAG-1",2103,"Lymphoid"
"e16_ji1_CCTAAGAAGTGACACG-1",1584,"Proliferative Fibroblast"
"e16_ji1_CCTAAGACATCCCACT-1",1588,"Smooth muscle"
"e16_ji1_CCTAAGAGTACGAGCA-1",1073,"Fibroblast 4 (Kcnn3)"
"e16_ji1_CCTAAGATCGTCTACC-1",1704,"Lymphoid"
"e16_ji1_CCTACGTCATCATGAC-1",2633,"Fibroblast 2 (Fndc1/Dpt)"
"e16_ji1_CCTACGTGTTGTAAAG-1",674,"ICC"
"e16_ji1_CCTATCGCAGAACTTC-1",1031,"Myofibroblast"
"e16_ji1_CCTCAACAGCTGCCTG-1",2403,"Fibroblast 1 (Col6a4/Adamdec1)"
"e16_ji1_CCTCAACCAACGTAAA-1",2520,"Fibroblast 3 (Adam12)"
"e16_ji1_CCTCAACCAACTCCAA-1",637,"Fibroblast 1 (Col6a4/Adamdec1)"
"e16_ji1_CCTCAACCAAGATTGA-1",799,"Proliferative Smooth muscle"
"e16_ji1_CCTCACACAGGCATGA-1",2742,"Myeloid"
"e16_ji1_CCTCACAGTAGCGTCC-1",1740,"Smooth muscle"
"e16_ji1_CCTCACAGTCCAGCGT-1",2768,"Fibroblast 1 (Col6a4/Adamdec1)"
"e16_ji1_CCTCACATCCCAACTC-1",2825,"Smooth muscle"
"e16_ji1_CCTCAGTCACAGCCAC-1",1458,"Fibroblast 4 (Kcnn3)"
"e16_ji1_CCTCATGTCGTTAGTG-1",687,"Fibroblast 1 (Col6a4/Adamdec1)"
"e16_ji1_CCTCCAAAGTAACGAT-1",2454,"Fibroblast 3 (Adam12)"
"e16_ji1_CCTCCAACATAAGATG-1",1659,"Fibroblast 3 (Adam12)"
"e16_ji1_CCTCCAAGTACCTTCC-1",2378,"Myofibroblast"
"e16_ji1_CCTCCAATCCCTCATG-1",3292,"Fibroblast 3 (Adam12)"
"e16_ji1_CCTCCAATCCGAGAAG-1",2338,"Fibroblast 1 (Col6a4/Adamdec1)"
"e16_ji1_CCTCCAATCGGTAGGA-1",1219,"Proliferative Smooth muscle"
"e16_ji1_CCTCCTCAGAAGCTGC-1",2144,"Proliferative Smooth muscle"
"e16_ji1_CCTCTAGAGGATGAGA-1",1559,"Proliferative Fibroblast"
"e16_ji1_CCTCTAGTCGAACACT-1",2552,"Proliferative Smooth muscle"
"e16_ji1_CCTCTCCAGTCAGAGC-1",1240,"Fibroblast 1 (Col6a4/Adamdec1)"
"e16_ji1_CCTGCATCAACACAGG-1",2475,"Fibroblast 2 (Fndc1/Dpt)"
"e16_ji1_CCTGCATCAGTATTCG-1",644,"Endothelial"
"e16_ji1_CCTGCATTCGACCATA-1",2762,"Fibroblast 3 (Adam12)"
"e16_ji1_CCTGTTGCACAAGCCC-1",799,"ICC"
"e16_ji1_CCTGTTGGTAGGTACG-1",2401,"Proliferative Smooth muscle"
"e16_ji1_CCTGTTGTCCTAGAGT-1",2981,"Mesothelial"
"e16_ji1_CCTGTTGTCGCGCCAA-1",2338,"Smooth muscle"
"e16_ji1_CCTTCAGAGCTGAGTG-1",1540,"Fibroblast 2 (Fndc1/Dpt)"
"e16_ji1_CCTTCAGAGGGCCCTT-1",3332,"Smooth muscle"
"e16_ji1_CCTTCAGCATACCATG-1",2707,"Smooth muscle"
"e16_ji1_CCTTCAGCATTGAAAG-1",1381,"Proliferative Fibroblast"
"e16_ji1_CCTTCAGTCCAATCCC-1",2737,"Smooth muscle"
"e16_ji1_CCTTCAGTCCCAATAG-1",2798,"Proliferative Fibroblast"
"e16_ji1_CCTTGTGTCTTCTGGC-1",1929,"Fibroblast 1 (Col6a4/Adamdec1)"
"e16_ji1_CCTTGTGTCTTCTGTA-1",2122,"Fibroblast 1 (Col6a4/Adamdec1)"
"e16_ji1_CCTTTGGAGAACAGGA-1",1462,"Myofibroblast"
"e16_ji1_CCTTTGGGTGCGGATA-1",1699,"Proliferative Smooth muscle"
"e16_ji1_CGAAGGAAGAAGTCTA-1",1900,"Smooth muscle"
"e16_ji1_CGAAGGAAGTCTGCAT-1",3153,"Fibroblast 1 (Col6a4/Adamdec1)"
"e16_ji1_CGAAGGACATCGATAC-1",1685,"Myofibroblast"
"e16_ji1_CGAAGGAGTAAGATCA-1",954,"Smooth muscle"
"e16_ji1_CGAAGGAGTGGACTGA-1",1219,"Fibroblast 5 (Mfap5/Grm3)"
"e16_ji1_CGAAGGATCGAGAAAT-1",1428,"Fibroblast 4 (Kcnn3)"
"e16_ji1_CGAATTGAGCCACAAG-1",1524,"Smooth muscle"
"e16_ji1_CGAATTGCAGTCAGTT-1",2070,"Endothelial"
"e16_ji1_CGAATTGCATATAGCC-1",667,"Smooth muscle"
"e16_ji1_CGAATTGTCGTTAGAC-1",1731,"Fibroblast 1 (Col6a4/Adamdec1)"
"e16_ji1_CGAGAAGCAGTCCGTG-1",848,"Smooth muscle"
"e16_ji1_CGAGAAGGTTTCGTGA-1",2165,"Myofibroblast"
"e16_ji1_CGAGGAATCCATCTCG-1",1524,"Fibroblast 2 (Fndc1/Dpt)"
"e16_ji1_CGAGGCTAGCTTTCCC-1",943,"Proliferative Fibroblast"
"e16_ji1_CGAGGCTGTCAACACT-1",1349,"Fibroblast 2 (Fndc1/Dpt)"
"e16_ji1_CGAGTGCAGGCCTGAA-1",1535,"Myofibroblast"
"e16_ji1_CGAGTGCAGTAAGCAT-1",2439,"Endothelial"
"e16_ji1_CGAGTGCTCGTGGGAA-1",3239,"Fibroblast 3 (Adam12)"
"e16_ji1_CGAGTGCTCTAGGCAT-1",637,"Fibroblast 3 (Adam12)"
"e16_ji1_CGAGTTATCTGCCCTA-1",3239,"Fibroblast 1 (Col6a4/Adamdec1)"
"e16_ji1_CGATCGGAGCGATGAC-1",644,"Endothelial"
"e16_ji1_CGATCGGAGTGGTCAG-1",810,"Proliferative Smooth muscle"
"e16_ji1_CGATCGGCATTCATCT-1",1540,"Fibroblast 6 (Lepr/Sp5)"
"e16_ji1_CGATCGGGTAATTGGA-1",2369,"Proliferative Smooth muscle"
"e16_ji1_CGATCGGGTGGCTCTG-1",1883,"Endothelial"
"e16_ji1_CGATCGGGTTGGGTAG-1",2475,"Smooth muscle"
"e16_ji1_CGATCGGTCTAGTTCT-1",3377,"Proliferative Smooth muscle"
"e16_ji1_CGATGCGCATAGGTTC-1",1388,"Smooth muscle"
"e16_ji1_CGATGGCGTGCAAGAC-1",1559,"Fibroblast 3 (Adam12)"
"e16_ji1_CGATGGCTCATAGACC-1",905,"Proliferative Smooth muscle"
"e16_ji1_CGATGGCTCCCAGGAC-1",1240,"Fibroblast 2 (Fndc1/Dpt)"
"e16_ji1_CGATGGCTCTAGACCA-1",1900,"Fibroblast 2 (Fndc1/Dpt)"
"e16_ji1_CGATGGCTCTTCACGC-1",799,"Smooth muscle"
"e16_ji1_CGCAGGTAGGGAGATA-1",1651,"Fibroblast 1 (Col6a4/Adamdec1)"
"e16_ji1_CGCAGGTCAAAGCTCT-1",1906,"Proliferative Smooth muscle"
"e16_ji1_CGCAGGTGTGATTAGA-1",697,"Fibroblast 1 (Col6a4/Adamdec1)"
"e16_ji1_CGCAGGTGTTGTGGAG-1",1884,"Smooth muscle"
"e16_ji1_CGCAGGTGTTGTGTTG-1",1540,"Myofibroblast"
"e16_ji1_CGCATAAAGCGCCTCA-1",2173,"Endothelial"
"e16_ji1_CGCATAAAGTGCTAGG-1",1317,"Endothelial"
"e16_ji1_CGCATAAGTGTTTACG-1",737,"Endothelial"
"e16_ji1_CGCATGGAGCAGCAGT-1",1731,"Fibroblast 1 (Col6a4/Adamdec1)"
"e16_ji1_CGCATGGAGGGCGAAG-1",2623,"Smooth muscle"
"e16_ji1_CGCATGGCAAGAGATT-1",2986,"Fibroblast 2 (Fndc1/Dpt)"
"e16_ji1_CGCATGGCAGAGTTCT-1",3196,"Proliferative Smooth muscle"
"e16_ji1_CGCATGGGTCCAGTTA-1",1671,"Proliferative Smooth muscle"
"e16_ji1_CGCCAGAAGTACAGAT-1",2642,"Proliferative Smooth muscle"
"e16_ji1_CGCCAGACACGTTCGG-1",737,"Endothelial"
"e16_ji1_CGCCAGACATGAAAGT-1",954,"Myofibroblast"
"e16_ji1_CGCCAGATCCTGGCTT-1",3350,"Myofibroblast"
"e16_ji1_CGCCATTGTGCCTAAT-1",1500,"Fibroblast 1 (Col6a4/Adamdec1)"
"e16_ji1_CGCCATTTCAGTCAGT-1",1348,"Fibroblast 1 (Col6a4/Adamdec1)"
"e16_ji1_CGCCATTTCCATTTCA-1",2768,"Fibroblast 1 (Col6a4/Adamdec1)"
"e16_ji1_CGCCATTTCGAGAACG-1",3377,"Myofibroblast"
"e16_ji1_CGCGTGACATGGGTTT-1",674,"Smooth muscle"
"e16_ji1_CGCGTGAGTCCACATA-1",1929,"Smooth muscle"
"e16_ji1_CGCGTGAGTCGAGTGA-1",1173,"Smooth muscle"
"e16_ji1_CGGAACCGTAGTTAGA-1",3077,"Fibroblast 2 (Fndc1/Dpt)"
"e16_ji1_CGGAATTAGGGACCAT-1",1743,"Myofibroblast"
"e16_ji1_CGGAATTCAAACGAGC-1",3196,"Myofibroblast"
"e16_ji1_CGGAATTGTTCAGTAC-1",3295,"Myofibroblast"
"e16_ji1_CGGACACGTCTGCAAT-1",799,"Pericyte"
"e16_ji1_CGGACACGTTAGAAAC-1",1912,"Fibroblast 2 (Fndc1/Dpt)"
"e16_ji1_CGGACACTCAAGTTGC-1",2623,"Smooth muscle"
"e16_ji1_CGGAGAACAAAGACGC-1",1699,"Myofibroblast"
"e16_ji1_CGGCAGTAGACTGTTC-1",3178,"Myeloid"
"e16_ji1_CGGCAGTAGTAATACG-1",3192,"Smooth muscle"
"e16_ji1_CGGCAGTGTATGCGTT-1",851,"Lymphoid"
"e16_ji1_CGGCAGTGTGAGCTCC-1",3153,"Fibroblast 1 (Col6a4/Adamdec1)"
"e16_ji1_CGGCAGTTCAGGGATG-1",1718,"Mesothelial"
"e16_ji1_CGGGACTGTGGTCAAG-1",1100,"Fibroblast 1 (Col6a4/Adamdec1)"
"e16_ji1_CGGGCATAGCGAGTCA-1",2424,"Fibroblast 1 (Col6a4/Adamdec1)"
"e16_ji1_CGGGCATCAGACCTAT-1",2512,"Mesothelial"
"e16_ji1_CGGGCATCAGGTTACT-1",93,"ICC"
"e16_ji1_CGGGCATTCTTTGATC-1",903,"Fibroblast 1 (Col6a4/Adamdec1)"
"e16_ji1_CGGGTCAAGCCACAAG-1",1651,"Fibroblast 1 (Col6a4/Adamdec1)"
"e16_ji1_CGGGTCACAGCTACAT-1",668,"Myeloid"
"e16_ji1_CGGGTCAGTATCACCA-1",2512,"Mesothelial"
"e16_ji1_CGGGTGTAGGTTCCGC-1",687,"Fibroblast 2 (Fndc1/Dpt)"
"e16_ji1_CGGGTGTCAACCCTAA-1",428,"Fibroblast 4 (Kcnn3)"
"e16_ji1_CGGGTGTTCATGCTAG-1",2551,"Smooth muscle"
"e16_ji1_CGGTCAGAGAGCTTTC-1",903,"Fibroblast 3 (Adam12)"
"e16_ji1_CGTAAGTCACAGCGCT-1",2425,"Proliferative Fibroblast"
"e16_ji1_CGTAAGTCAGTATACC-1",2461,"ICC"
"e16_ji1_CGTAAGTGTAGTCTGT-1",1696,"Smooth muscle"
"e16_ji1_CGTAGTACATCAGCAT-1",2357,"Smooth muscle"
"e16_ji1_CGTAGTAGTTTCGCTC-1",1530,"Myofibroblast"
"e16_ji1_CGTAGTATCAGGAAAT-1",1787,"Fibroblast 1 (Col6a4/Adamdec1)"
"e16_ji1_CGTAGTATCGTACACA-1",2086,"Proliferative Smooth muscle"
"e16_ji1_CGTAGTATCGTGCTCT-1",1893,"Pericyte"
"e16_ji1_CGTCAAAAGAGAGGGC-1",1348,"Fibroblast 4 (Kcnn3)"
"e16_ji1_CGTCAAAAGATTACCC-1",1929,"Fibroblast 1 (Col6a4/Adamdec1)"
"e16_ji1_CGTCAAAGTGGACTGA-1",990,"Myofibroblast"
"e16_ji1_CGTCAAATCGATGCAT-1",3268,"Fibroblast 4 (Kcnn3)"
"e16_ji1_CGTCCATAGATACGAT-1",2103,"Myeloid"
"e16_ji1_CGTCCATAGATCCGAG-1",2635,"Smooth muscle"
"e16_ji1_CGTCCATCAGCTGTCG-1",1561,"Fibroblast 2 (Fndc1/Dpt)"
"e16_ji1_CGTCCATGTGCCCGTA-1",2180,"Smooth muscle"
"e16_ji1_CGTCCATGTTGGATCT-1",737,"Endothelial"
"e16_ji1_CGTGAATGTACGTGTT-1",1743,"Endothelial"
"e16_ji1_CGTGAATGTTTACGAC-1",1454,"Mesothelial"
"e16_ji1_CGTGAATTCGAACGCC-1",644,"Endothelial"
"e16_ji1_CGTGCTTAGAGTCTGG-1",1120,"Smooth muscle"
"e16_ji1_CGTGCTTAGCACGGAT-1",2552,"Fibroblast 3 (Adam12)"
"e16_ji1_CGTGTCTCAACATCGT-1",3198,"Smooth muscle"
"e16_ji1_CGTGTCTCACTTGGCG-1",1793,"Proliferative Fibroblast"
"e16_ji1_CGTGTCTGTATAGGAT-1",3153,"Fibroblast 2 (Fndc1/Dpt)"
"e16_ji1_CGTGTCTTCGCGTAGC-1",773,"Smooth muscle"
"e16_ji1_CGTTAGAGTTTAAGGA-1",1333,"Mesothelial"
"e16_ji1_CGTTAGATCTCATTTG-1",1219,"Fibroblast 3 (Adam12)"
"e16_ji1_CGTTAGATCTGGCCTT-1",1704,"Lymphoid"
"e16_ji1_CGTTCTGGTTAGCTAC-1",1883,"Endothelial"
"e16_ji1_CGTTCTGTCGTTCTAT-1",2468,"Myofibroblast"
"e16_ji1_CGTTGGGAGCAACTCT-1",2173,"Endothelial"
"e16_ji1_CGTTGGGGTCTGTCAA-1",2425,"Fibroblast 2 (Fndc1/Dpt)"
"e16_ji1_CGTTGGGGTTGCCGAC-1",2211,"Fibroblast 2 (Fndc1/Dpt)"
"e16_ji1_CGTTGGGTCTCGTTTA-1",1247,"Fibroblast 2 (Fndc1/Dpt)"
"e16_ji1_CTAACCCAGATCCCGC-1",2635,"Fibroblast 1 (Col6a4/Adamdec1)"
"e16_ji1_CTAACCCAGTTCCAGT-1",3175,"Smooth muscle"
"e16_ji1_CTAACTTTCGAGAAAT-1",2486,"Fibroblast 6 (Lepr/Sp5)"
"e16_ji1_CTAAGTGCACATAACC-1",1743,"Myofibroblast"
"e16_ji1_CTAAGTGCAGCTATTG-1",2798,"Fibroblast 1 (Col6a4/Adamdec1)"
"e16_ji1_CTACAGACATAAGCAA-1",668,"Myeloid"
"e16_ji1_CTACAGAGTCATCTAG-1",3058,"Myofibroblast"
"e16_ji1_CTACAGATCTTACCAT-1",1100,"Proliferative Smooth muscle"
"e16_ji1_CTACATTCACCATATG-1",1167,"Myofibroblast"
"e16_ji1_CTACATTTCGTACACA-1",1333,"Mesothelial"
"e16_ji1_CTACCCAGTGGGTATG-1",903,"Mesothelial"
"e16_ji1_CTACCCAGTTATCTTC-1",1419,"Endothelial"
"e16_ji1_CTACCTGAGAGTCAGC-1",3229,"Mesothelial"
"e16_ji1_CTACCTGCAGCAGATG-1",988,"Proliferative Smooth muscle"
"e16_ji1_CTACCTGGTGACATCT-1",616,"Myofibroblast"
"e16_ji1_CTACCTGTCATTGTTC-1",1333,"Mesothelial"
"e16_ji1_CTACCTGTCCGTATAG-1",2742,"Lymphoid"
"e16_ji1_CTACGGGAGAGAGTTT-1",1584,"Fibroblast 4 (Kcnn3)"
"e16_ji1_CTACGGGAGCGAATGC-1",987,"Endothelial"
"e16_ji1_CTACGGGCAGACTCTA-1",2675,"Fibroblast 4 (Kcnn3)"
"e16_ji1_CTACGGGGTCATCACA-1",668,"Myeloid"
"e16_ji1_CTACGGGTCAGCGTCG-1",634,"Proliferative Fibroblast"
"e16_ji1_CTACGGGTCATAAGGA-1",918,"Myofibroblast"
"e16_ji1_CTACGGGTCATTGGTG-1",2551,"Mesothelial"
"e16_ji1_CTACTATCACGAAGAC-1",2226,"Pericyte"
"e16_ji1_CTAGACACAACAAGTA-1",2424,"Proliferative Fibroblast"
"e16_ji1_CTAGGTAGTTGCGGCT-1",2103,"Lymphoid"
"e16_ji1_CTATAGGCATTGCTTT-1",2436,"Proliferative Smooth muscle"
"e16_ji1_CTATAGGGTTGTAGCT-1",3239,"Proliferative Smooth muscle"
"e16_ji1_CTATAGGTCAACGCTA-1",1940,"Smooth muscle"
"e16_ji1_CTATAGGTCCCAAGTA-1",2369,"Myofibroblast"
"e16_ji1_CTATAGGTCCCTTCCC-1",3234,"Myofibroblast"
"e16_ji1_CTATCCGAGAACCGCA-1",1535,"Myofibroblast"
"e16_ji1_CTATCCGAGATTGAGT-1",2105,"Fibroblast 3 (Adam12)"
"e16_ji1_CTATCCGGTAACACCT-1",1072,"Fibroblast 4 (Kcnn3)"
"e16_ji1_CTATCCGTCGCATTAG-1",3153,"Smooth muscle"
"e16_ji1_CTATCTAGTTCAAGGG-1",2454,"Mesothelial"
"e16_ji1_CTCAACCGTTCACGAT-1",823,"Proliferative Fibroblast"
"e16_ji1_CTCAACCTCAGATTGC-1",1893,"Fibroblast 2 (Fndc1/Dpt)"
"e16_ji1_CTCAACCTCGCTTGAA-1",1539,"Smooth muscle"
"e16_ji1_CTCAAGACATAGAATG-1",2762,"Fibroblast 3 (Adam12)"
"e16_ji1_CTCAAGACATGATGCT-1",2448,"Proliferative Smooth muscle"
"e16_ji1_CTCAAGAGTCCGCAGT-1",2123,"Proliferative Smooth muscle"
"e16_ji1_CTCAAGATCTAGCATG-1",1912,"Proliferative Smooth muscle"
"e16_ji1_CTCACTGCACATACTG-1",2123,"Smooth muscle"
"e16_ji1_CTCACTGCACTGGCCA-1",799,"Smooth muscle"
"e16_ji1_CTCAGAAGTAGGCTGA-1",1073,"Smooth muscle"
"e16_ji1_CTCAGAAGTTGGTGTT-1",2103,"Lymphoid"
"e16_ji1_CTCAGGGAGCATCAAA-1",2621,"Fibroblast 4 (Kcnn3)"
"e16_ji1_CTCAGGGGTACAAACA-1",1900,"Fibroblast 2 (Fndc1/Dpt)"
"e16_ji1_CTCAGGGGTGCAGATG-1",2512,"Mesothelial"
"e16_ji1_CTCAGGGTCAGAGTGG-1",1529,"Endothelial"
"e16_ji1_CTCAGGGTCTGCTAGA-1",1852,"Myofibroblast"
"e16_ji1_CTCAGTCAGATAGCTA-1",2798,"Fibroblast 3 (Adam12)"
"e16_ji1_CTCAGTCCATAGGAGC-1",849,"Myofibroblast"
"e16_ji1_CTCAGTCCATGTTCAG-1",2621,"Myofibroblast"
"e16_ji1_CTCAGTCGTGTCTTCC-1",2053,"Fibroblast 3 (Adam12)"
"e16_ji1_CTCAGTCTCATGCCGG-1",2516,"ICC"
"e16_ji1_CTCATCGAGAACCCGA-1",2551,"Mesothelial"
"e16_ji1_CTCATCGAGCGTGAGT-1",2638,"Fibroblast 2 (Fndc1/Dpt)"
"e16_ji1_CTCATCGCAGAACTTC-1",2643,"Smooth muscle"
"e16_ji1_CTCATCGCAGCGTAGA-1",3145,"ICC"
"e16_ji1_CTCATCGGTAGACACG-1",1731,"Fibroblast 1 (Col6a4/Adamdec1)"
"e16_ji1_CTCATCGTCTCATTTG-1",2815,"Myofibroblast"
"e16_ji1_CTCATGCCAGGTGTGA-1",1561,"Proliferative Smooth muscle"
"e16_ji1_CTCATGCGTTAAGACA-1",2742,"Myeloid"
"e16_ji1_CTCATGCTCCGCAAAT-1",1381,"Proliferative Fibroblast"
"e16_ji1_CTCATTAAGCACTCAT-1",2338,"Smooth muscle"
"e16_ji1_CTCATTATCTACTTCA-1",1929,"Fibroblast 2 (Fndc1/Dpt)"
"e16_ji1_CTCCAACAGACGATAT-1",2533,"Myofibroblast"
"e16_ji1_CTCCAACCAACCTAAC-1",1846,"Myofibroblast"
"e16_ji1_CTCCAACTCATGGTAC-1",3236,"Smooth muscle"
"e16_ji1_CTCCACACACCAATTG-1",2981,"Smooth muscle"
"e16_ji1_CTCCATGCAGGCCTGT-1",2452,"Smooth muscle"
"e16_ji1_CTCCATGTCACTTATC-1",2028,"Myofibroblast"
"e16_ji1_CTCCCAAGTCACATTG-1",3178,"Lymphoid"
"e16_ji1_CTCCGATTCATCAGTG-1",2549,"Endothelial"
"e16_ji1_CTCCTCCAGACACACG-1",311,"Proliferative Fibroblast"
"e16_ji1_CTCCTCCAGTCAACAA-1",2503,"Smooth muscle"
"e16_ji1_CTCCTCCGTCACTCAA-1",2115,"Proliferative Smooth muscle"
"e16_ji1_CTCCTCCGTCATTCCC-1",1419,"Endothelial"
"e16_ji1_CTCCTCCGTGAATGTA-1",835,"Fibroblast 4 (Kcnn3)"
"e16_ji1_CTCCTCCGTTCCAAAC-1",1196,"Proliferative Smooth muscle"
"e16_ji1_CTCCTTTAGTGCACTT-1",1247,"Smooth muscle"
"e16_ji1_CTCGAGGAGATGGCAC-1",831,"Endothelial"
"e16_ji1_CTCTCAGAGAACTCCT-1",634,"Fibroblast 1 (Col6a4/Adamdec1)"
"e16_ji1_CTCTCAGCACCTAAAC-1",2981,"ICC"
"e16_ji1_CTCTCAGGTGTACATC-1",674,"Myofibroblast"
"e16_ji1_CTCTCAGGTTATGACC-1",1059,"Endothelial"
"e16_ji1_CTCTCAGGTTATGTGC-1",2173,"Endothelial"
"e16_ji1_CTCTCGAAGGTATAGT-1",2122,"Fibroblast 3 (Adam12)"
"e16_ji1_CTCTCGACAGCTTCCT-1",912,"Fibroblast 1 (Col6a4/Adamdec1)"
"e16_ji1_CTCTCGACATGACGAG-1",2798,"Fibroblast 4 (Kcnn3)"
"e16_ji1_CTCTCGATCCATACAG-1",3153,"Myofibroblast"
"e16_ji1_CTCTGGTAGTAAATGC-1",767,"Proliferative Smooth muscle"
"e16_ji1_CTCTGGTCACTTGGCG-1",2431,"Myofibroblast"
"e16_ji1_CTCTGGTGTGGCAACA-1",1900,"Mesothelial"
"e16_ji1_CTGAATGAGTCCTGCG-1",637,"Mesothelial"
"e16_ji1_CTGAATGGTAATCAAG-1",2827,"Myofibroblast"
"e16_ji1_CTGAATGGTAGGTCAG-1",1682,"Fibroblast 2 (Fndc1/Dpt)"
"e16_ji1_CTGAATGGTCAGTCGC-1",1743,"Endothelial"
"e16_ji1_CTGAATGGTTCAACGT-1",2986,"Smooth muscle"
"e16_ji1_CTGAATGTCCAAGGGA-1",799,"Mesothelial"
"e16_ji1_CTGAATGTCGAAGCAG-1",1704,"Myeloid"
"e16_ji1_CTGAGCGAGTTATGGA-1",1046,"Fibroblast 3 (Adam12)"
"e16_ji1_CTGAGCGGTAACGCGA-1",1196,"Proliferative Smooth muscle"
"e16_ji1_CTGAGCGGTCACTCAA-1",990,"Fibroblast 3 (Adam12)"
"e16_ji1_CTGAGCGTCTAGACAC-1",990,"Myofibroblast"
"e16_ji1_CTGAGGCAGGAGTACC-1",2567,"Fibroblast 2 (Fndc1/Dpt)"
"e16_ji1_CTGAGGCCACCGTCGA-1",2366,"Fibroblast 2 (Fndc1/Dpt)"
"e16_ji1_CTGAGGCTCTGCTTAT-1",1087,"Proliferative Smooth muscle"
"e16_ji1_CTGATCCAGTAATCCC-1",2814,"Proliferative Fibroblast"
"e16_ji1_CTGATCCCACTTGGCG-1",2164,"Mesothelial"
"e16_ji1_CTGATCCGTTGACTGT-1",999,"Proliferative Smooth muscle"
"e16_ji1_CTGCAGGAGTGCTACT-1",2226,"Myofibroblast"
"e16_ji1_CTGCAGGCAATAGTAG-1",2425,"Proliferative Smooth muscle"
"e16_ji1_CTGCAGGGTACAGTAA-1",2635,"Myofibroblast"
"e16_ji1_CTGCCATAGATCACTC-1",2643,"Myofibroblast"
"e16_ji1_CTGCCATAGATGGCAC-1",823,"Fibroblast 3 (Adam12)"
"e16_ji1_CTGCCATGTATTTCTC-1",2122,"Proliferative Fibroblast"
"e16_ji1_CTGCCTACAACTAGAA-1",1743,"Endothelial"
"e16_ji1_CTGCCTACATGAAGGC-1",428,"Proliferative Fibroblast"
"e16_ji1_CTGCGAGGTCCATACA-1",2973,"Fibroblast 2 (Fndc1/Dpt)"
"e16_ji1_CTGCTCAAGTTAGAAC-1",2369,"Proliferative Fibroblast"
"e16_ji1_CTGGACGCAAGAGATT-1",2486,"Myofibroblast"
"e16_ji1_CTGGACGCATAAGCAA-1",3081,"Myofibroblast"
"e16_ji1_CTGGACGGTATCGCAT-1",2431,"ICC"
"e16_ji1_CTGGCAGAGAGTCAGC-1",1941,"Proliferative Smooth muscle"
"e16_ji1_CTGGCAGAGTACAGCG-1",1900,"Smooth muscle"
"e16_ji1_CTGGCAGGTACCGGAA-1",2369,"Fibroblast 1 (Col6a4/Adamdec1)"
"e16_ji1_CTGGTCTCAGACCATT-1",3367,"Smooth muscle"
"e16_ji1_CTGTACCAGACTCGAG-1",1912,"Fibroblast 1 (Col6a4/Adamdec1)"
"e16_ji1_CTGTACCGTTCTCCTG-1",2144,"Fibroblast 2 (Fndc1/Dpt)"
"e16_ji1_CTGTAGAAGCGACATG-1",1561,"ICC"
"e16_ji1_CTGTAGAAGCTGACTT-1",3145,"Smooth muscle"
"e16_ji1_CTGTAGAGTTGTTGCA-1",1743,"Myofibroblast"
"e16_ji1_CTGTATTAGCTGCGAA-1",3265,"Myofibroblast"
"e16_ji1_CTGTATTAGGTTGCCC-1",1908,"Smooth muscle"
"e16_ji1_CTGTATTAGTACTGTC-1",2798,"Fibroblast 2 (Fndc1/Dpt)"
"e16_ji1_CTGTATTAGTTTCTTC-1",3194,"Mesothelial"
"e16_ji1_CTGTATTCAGCGTGAA-1",1077,"Pericyte"
"e16_ji1_CTGTATTCATTGCAAC-1",2798,"Smooth muscle"
"e16_ji1_CTGTCGTCAAGAGAGA-1",2733,"Smooth muscle"
"e16_ji1_CTGTGAAAGAGAGGGC-1",2028,"Fibroblast 3 (Adam12)"
"e16_ji1_CTGTGAAGTACAGCGA-1",397,"Smooth muscle"
"e16_ji1_CTGTGAAGTGTTACAC-1",3178,"Lymphoid"
"e16_ji1_CTGTGAATCAAACCCA-1",1070,"Fibroblast 1 (Col6a4/Adamdec1)"
"e16_ji1_CTGTGGGAGGTCTGGA-1",737,"Endothelial"
"e16_ji1_CTGTGGGGTACGCGTC-1",1464,"Myofibroblast"
"e16_ji1_CTGTGGGGTCGCACGT-1",848,"Fibroblast 1 (Col6a4/Adamdec1)"
"e16_ji1_CTTACCGCACGGCTAC-1",1100,"Fibroblast 2 (Fndc1/Dpt)"
"e16_ji1_CTTACCGGTGAGACCA-1",3332,"Proliferative Smooth muscle"
"e16_ji1_CTTACCGTCGTTCCCA-1",1929,"Fibroblast 1 (Col6a4/Adamdec1)"
"e16_ji1_CTTAGGAAGGCATCGA-1",2768,"Fibroblast 4 (Kcnn3)"
"e16_ji1_CTTAGGAGTACCCGAC-1",799,"Smooth muscle"
"e16_ji1_CTTAGGATCCATTCAT-1",2403,"Fibroblast 1 (Col6a4/Adamdec1)"
"e16_ji1_CTTCAATGTGCAGGAT-1",2288,"Myofibroblast"
"e16_ji1_CTTCCGATCAAACTGC-1",1347,"ICC"
"e16_ji1_CTTCCGATCACCTGTC-1",1524,"Smooth muscle"
"e16_ji1_CTTCCGATCATGCAGT-1",2173,"Endothelial"
"e16_ji1_CTTCCGATCGTGGGAA-1",1414,"Smooth muscle"
"e16_ji1_CTTCCTTCAAACTCTG-1",3226,"Proliferative Smooth muscle"
"e16_ji1_CTTCCTTGTTAGAAGT-1",1336,"ICC"
"e16_ji1_CTTCGGTGTATTCCTT-1",1524,"Smooth muscle"
"e16_ji1_CTTCGGTGTCGAGCTC-1",2176,"Smooth muscle"
"e16_ji1_CTTCGGTTCAAGGACG-1",650,"Myofibroblast"
"e16_ji1_CTTCGGTTCCGAGATT-1",1414,"ICC"
"e16_ji1_CTTCTAAAGTTGTCGT-1",2063,"ICC"
"e16_ji1_CTTCTAACAAATCAGA-1",2707,"Proliferative Fibroblast"
"e16_ji1_CTTCTAACAATTGAGA-1",2986,"Myofibroblast"
"e16_ji1_CTTCTCTCAAGCACCC-1",2338,"Fibroblast 3 (Adam12)"
"e16_ji1_CTTGAGAAGTGGTTCT-1",1455,"Fibroblast 3 (Adam12)"
"e16_ji1_CTTGAGACAACACTAC-1",2369,"Fibroblast 1 (Col6a4/Adamdec1)"
"e16_ji1_CTTGAGACAAGGTCAG-1",3081,"Fibroblast 4 (Kcnn3)"
"e16_ji1_CTTGAGACATCCTGTC-1",2211,"Fibroblast 1 (Col6a4/Adamdec1)"
"e16_ji1_CTTGAGAGTTATCCAG-1",1743,"Endothelial"
"e16_ji1_CTTGATTGTCTGCCTT-1",2549,"Endothelial"
"e16_ji1_CTTGATTTCGTCCATC-1",1066,"Fibroblast 2 (Fndc1/Dpt)"
"e16_ji1_CTTTCAAAGATTAGAC-1",2768,"Fibroblast 1 (Col6a4/Adamdec1)"
"e16_ji1_CTTTCAACACAATTCG-1",1906,"Proliferative Smooth muscle"
"e16_ji1_CTTTCAAGTACTGCCG-1",3265,"Fibroblast 2 (Fndc1/Dpt)"
"e16_ji1_CTTTCGGGTACTGAGG-1",2516,"Smooth muscle"
"e16_ji1_CTTTCGGGTGATGAAT-1",1893,"Fibroblast 5 (Mfap5/Grm3)"
"e16_ji1_CTTTCGGTCACCCTGT-1",1030,"Smooth muscle"
"e16_ji1_GAAACCTTCCATTCAT-1",2323,"Fibroblast 2 (Fndc1/Dpt)"
"e16_ji1_GAAACCTTCGTCTAAG-1",2798,"Fibroblast 3 (Adam12)"
"e16_ji1_GAAATGACATAATCGC-1",3205,"Myofibroblast"
"e16_ji1_GAACACTAGTCGCTAT-1",851,"Lymphoid"
"e16_ji1_GAACACTGTCCCGTGA-1",2375,"Proliferative Fibroblast"
"e16_ji1_GAACGTTCACTGCATA-1",1066,"Myofibroblast"
"e16_ji1_GAACGTTGTCACTGAT-1",1910,"Smooth muscle"
"e16_ji1_GAACTGTAGTATAGAC-1",791,"Proliferative Smooth muscle"
"e16_ji1_GAACTGTCAGACTGCC-1",2057,"Smooth muscle"
"e16_ji1_GAACTGTGTACGAGTG-1",1066,"ICC"
"e16_ji1_GAACTGTTCCCAAGCG-1",1699,"Myofibroblast"
"e16_ji1_GAACTGTTCGTAGCTA-1",687,"Fibroblast 2 (Fndc1/Dpt)"
"e16_ji1_GAACTGTTCTGTACAG-1",1037,"Fibroblast 1 (Col6a4/Adamdec1)"
"e16_ji1_GAAGAATAGAGACAAG-1",1535,"Myofibroblast"
"e16_ji1_GAAGAATAGCGAGTCA-1",1651,"Fibroblast 2 (Fndc1/Dpt)"
"e16_ji1_GAAGAATAGGTAAACT-1",629,"Proliferative Smooth muscle"
"e16_ji1_GAAGAATCACATGGTT-1",1529,"Endothelial"
"e16_ji1_GAAGAATGTGTTCGTA-1",1343,"Myofibroblast"
"e16_ji1_GAAGCCCAGTTTGTCG-1",1588,"Pericyte"
"e16_ji1_GAAGCCCTCGCCTAGG-1",1787,"Fibroblast 1 (Col6a4/Adamdec1)"
"e16_ji1_GAAGCGAAGTGCAAAT-1",3145,"Fibroblast 5 (Mfap5/Grm3)"
"e16_ji1_GAAGCGATCAGCACCG-1",1100,"Smooth muscle"
"e16_ji1_GAAGGACCAATACCTG-1",3192,"Smooth muscle"
"e16_ji1_GAAGGACTCGTTCTGC-1",2431,"Fibroblast 3 (Adam12)"
"e16_ji1_GAAGGGTCAATTGTGC-1",2144,"Smooth muscle"
"e16_ji1_GAAGGGTCATGTGTCA-1",3377,"ICC"
"e16_ji1_GAAGGGTGTAGGGTAC-1",2198,"Smooth muscle"
"e16_ji1_GAAGTAAGTAACAAGT-1",3170,"Fibroblast 1 (Col6a4/Adamdec1)"
"e16_ji1_GAATAGAAGGCCTAGA-1",668,"Myeloid"
"e16_ji1_GAATAGAAGTCGCCAC-1",2403,"Fibroblast 2 (Fndc1/Dpt)"
"e16_ji1_GAATAGAGTTCTCTCG-1",1453,"Fibroblast 4 (Kcnn3)"
"e16_ji1_GAATCACTCGTTAGAC-1",3344,"Proliferative Smooth muscle"
"e16_ji1_GAATCGTCAACTAGAA-1",1418,"Smooth muscle"
"e16_ji1_GAATCGTCAATCCTAG-1",1247,"Proliferative Smooth muscle"
"e16_ji1_GAATCGTGTATCCCTC-1",2933,"Myofibroblast"
"e16_ji1_GACATCAAGGAATGTT-1",2742,"Myeloid"
"e16_ji1_GACATCAAGGTGAGAA-1",1912,"Proliferative Fibroblast"
"e16_ji1_GACATCAGTGGAAGTC-1",988,"Proliferative Smooth muscle"
"e16_ji1_GACATCAGTTAGAGTA-1",711,"Fibroblast 2 (Fndc1/Dpt)"
"e16_ji1_GACATCAGTTCACCGG-1",791,"ICC"
"e16_ji1_GACCAATGTATGCGGA-1",668,"Lymphoid"
"e16_ji1_GACCCAGCAAACGTGG-1",2638,"Smooth muscle"
"e16_ji1_GACCCAGCACGGATCC-1",851,"Myeloid"
"e16_ji1_GACCCAGCACTTCCTG-1",1730,"Smooth muscle"
"e16_ji1_GACCCAGGTCGGCACT-1",1846,"Myofibroblast"
"e16_ji1_GACCCAGGTGAGACGT-1",1743,"Fibroblast 3 (Adam12)"
"e16_ji1_GACCCAGTCGGCATTA-1",1332,"Myofibroblast"
"e16_ji1_GACCCTTCACCAGCGT-1",881,"Proliferative Smooth muscle"
"e16_ji1_GACCCTTGTGCTCTCT-1",2882,"Proliferative Smooth muscle"
"e16_ji1_GACCCTTGTGTCTAAC-1",1518,"Proliferative Smooth muscle"
"e16_ji1_GACCCTTGTTCATCTT-1",2621,"Smooth muscle"
"e16_ji1_GACCCTTTCATTCATC-1",2513,"Myofibroblast"
"e16_ji1_GACCGTGCAAGTATAG-1",1743,"Endothelial"
"e16_ji1_GACCGTGGTACGACAG-1",2759,"ICC"
"e16_ji1_GACCGTGGTAGCGCCT-1",1886,"Myofibroblast"
"e16_ji1_GACCGTGGTATGACAA-1",2815,"Fibroblast 4 (Kcnn3)"
"e16_ji1_GACCTTCAGGCTTAGG-1",1240,"Proliferative Fibroblast"
"e16_ji1_GACCTTCAGGTGGGTT-1",1669,"Proliferative Smooth muscle"
"e16_ji1_GACCTTCGTGGTAATA-1",1347,"Pericyte"
"e16_ji1_GACCTTCTCCCTCTCC-1",1454,"Fibroblast 3 (Adam12)"
"e16_ji1_GACGCTGTCCACTAGA-1",1333,"Smooth muscle"
"e16_ji1_GACGCTGTCCTGGCTT-1",799,"Fibroblast 2 (Fndc1/Dpt)"
"e16_ji1_GACGTTAAGCACTCTA-1",2057,"Fibroblast 1 (Col6a4/Adamdec1)"
"e16_ji1_GACGTTAAGTGGTGGT-1",668,"Lymphoid"
"e16_ji1_GACGTTACACAATGTC-1",2103,"Lymphoid"
"e16_ji1_GACGTTACAGCTACAT-1",1900,"Smooth muscle"
"e16_ji1_GACGTTATCCTACTGC-1",1730,"Fibroblast 2 (Fndc1/Dpt)"
"e16_ji1_GACGTTATCGTAATGC-1",908,"Fibroblast 2 (Fndc1/Dpt)"
"e16_ji1_GACTATGAGGCTTTCA-1",2973,"Myofibroblast"
"e16_ji1_GACTATGCAAGAATAC-1",3058,"Proliferative Smooth muscle"
"e16_ji1_GACTATGGTAGGGAGG-1",1846,"Myofibroblast"
"e16_ji1_GACTCAAAGCGGGTTA-1",835,"Smooth muscle"
"e16_ji1_GACTCTCCAAATAAGC-1",3269,"Fibroblast 2 (Fndc1/Dpt)"
"e16_ji1_GACTCTCCACGACAGA-1",2768,"Fibroblast 2 (Fndc1/Dpt)"
"e16_ji1_GACTCTCTCTTACTGT-1",1900,"Proliferative Fibroblast"
"e16_ji1_GACTGATAGAATCCCT-1",2507,"Fibroblast 1 (Col6a4/Adamdec1)"
"e16_ji1_GACTGATAGGCTGAAC-1",1167,"Smooth muscle"
"e16_ji1_GACTTCCAGCGTATGG-1",2198,"Smooth muscle"
"e16_ji1_GACTTCCCAAGGTCAG-1",2544,"Mesothelial"
"e16_ji1_GACTTCCCACAGAGAC-1",2798,"Fibroblast 4 (Kcnn3)"
"e16_ji1_GACTTCCCACGACGTC-1",644,"Endothelial"
"e16_ji1_GACTTCCTCGTCAGAT-1",1545,"Proliferative Smooth muscle"
"e16_ji1_GAGAAATAGATCCAAA-1",1336,"Mesothelial"
"e16_ji1_GAGAAATCATGGGAAC-1",1727,"Proliferative Smooth muscle"
"e16_ji1_GAGAAATTCAGGAGAC-1",1381,"Fibroblast 2 (Fndc1/Dpt)"
"e16_ji1_GAGACCCAGTACAGAT-1",1588,"Fibroblast 4 (Kcnn3)"
"e16_ji1_GAGACCCGTCTGCAAT-1",1742,"Smooth muscle"
"e16_ji1_GAGACCCTCTACCACC-1",2288,"Proliferative Smooth muscle"
"e16_ji1_GAGACTTTCCCGAGGT-1",990,"ICC"
"e16_ji1_GAGACTTTCGTAACCA-1",1597,"Proliferative Smooth muscle"
"e16_ji1_GAGAGGTGTTACCTGA-1",776,"Fibroblast 4 (Kcnn3)"
"e16_ji1_GAGAGGTTCTGCCTCA-1",1587,"Proliferative Smooth muscle"
"e16_ji1_GAGCCTGAGTAGACCG-1",1419,"Endothelial"
"e16_ji1_GAGCCTGTCCATAGAC-1",2914,"Endothelial"
"e16_ji1_GAGGCAAAGCTAAACA-1",2682,"Myofibroblast"
"e16_ji1_GAGGCAAAGCTGTTAC-1",1743,"Endothelial"
"e16_ji1_GAGGCAACAAGATCCT-1",681,"Smooth muscle"
"e16_ji1_GAGGCAATCCAGCCTT-1",3153,"Proliferative Fibroblast"
"e16_ji1_GAGGCAATCCGTTTCG-1",2512,"Fibroblast 3 (Adam12)"
"e16_ji1_GAGGGATGTTGGAGGT-1",2973,"Proliferative Fibroblast"
"e16_ji1_GAGGGATTCTAAGAAG-1",773,"Fibroblast 4 (Kcnn3)"
"e16_ji1_GAGGGTACATATGGCT-1",2103,"Lymphoid"
"e16_ji1_GAGGGTATCGACATAC-1",1659,"Fibroblast 3 (Adam12)"
"e16_ji1_GAGTCATAGACATACA-1",856,"Smooth muscle"
"e16_ji1_GAGTCATAGGGCAAGG-1",744,"ICC"
"e16_ji1_GAGTCATTCATTATCC-1",1216,"Myofibroblast"
"e16_ji1_GAGTCTAAGGTCCGAA-1",2475,"Myofibroblast"
"e16_ji1_GAGTCTAGTACAGCGA-1",2425,"Smooth muscle"
"e16_ji1_GAGTCTAGTCATCTAG-1",2814,"Myofibroblast"
"e16_ji1_GAGTGAGAGCCGAACA-1",1727,"Smooth muscle"
"e16_ji1_GAGTGAGAGGAGTATT-1",1387,"Endothelial"
"e16_ji1_GAGTGAGGTGTGACCC-1",2739,"Smooth muscle"
"e16_ji1_GAGTGTTAGTGAGTGC-1",918,"Proliferative Smooth muscle"
"e16_ji1_GAGTGTTCACCAGCCA-1",791,"Proliferative Smooth muscle"
"e16_ji1_GAGTGTTCACTCCTTG-1",688,"Fibroblast 1 (Col6a4/Adamdec1)"
"e16_ji1_GAGTTACGTAATGCGG-1",1696,"ICC"
"e16_ji1_GAGTTGTGTTTGATCG-1",2475,"Myofibroblast"
"e16_ji1_GAGTTTGAGCGTACAG-1",2209,"Lymphoid"
"e16_ji1_GAGTTTGAGGCCCGTT-1",1037,"Myofibroblast"
"e16_ji1_GAGTTTGCACTGAGTT-1",810,"Proliferative Smooth muscle"
"e16_ji1_GATAGAAAGGACAAGA-1",1888,"Fibroblast 3 (Adam12)"
"e16_ji1_GATAGAAAGGGCCTCT-1",2822,"Fibroblast 3 (Adam12)"
"e16_ji1_GATAGAACAATAACCC-1",1087,"Smooth muscle"
"e16_ji1_GATAGCTAGAGCATAT-1",1696,"Fibroblast 4 (Kcnn3)"
"e16_ji1_GATAGCTGTCACGCTG-1",2719,"Fibroblast 1 (Col6a4/Adamdec1)"
"e16_ji1_GATAGCTGTGACTCTA-1",2431,"Proliferative Smooth muscle"
"e16_ji1_GATCACACAAAGGATT-1",855,"Fibroblast 1 (Col6a4/Adamdec1)"
"e16_ji1_GATCACATCAAGAGTA-1",1530,"Myofibroblast"
"e16_ji1_GATCACATCAGGAAAT-1",690,"Fibroblast 2 (Fndc1/Dpt)"
"e16_ji1_GATCAGTAGGCCTTCG-1",3196,"Fibroblast 2 (Fndc1/Dpt)"
"e16_ji1_GATCAGTCACGACGCT-1",1462,"ICC"
"e16_ji1_GATCATGCAGCATTGT-1",2579,"Smooth muscle"
"e16_ji1_GATCATGTCGGAAACG-1",1690,"Endothelial"
"e16_ji1_GATCATGTCTCTGCTG-1",2623,"Proliferative Smooth muscle"
"e16_ji1_GATCATGTCTGGTGCG-1",2109,"Mesothelial"
"e16_ji1_GATCCCTCAATTTCTC-1",2643,"Fibroblast 2 (Fndc1/Dpt)"
"e16_ji1_GATCCCTGTCATGCAT-1",2551,"Smooth muscle"
"e16_ji1_GATCCCTTCAGAGCAG-1",2798,"Smooth muscle"
"e16_ji1_GATCCCTTCCCAGGCA-1",3239,"Myofibroblast"
"e16_ji1_GATCGTAAGCCTATCA-1",2401,"Proliferative Smooth muscle"
"e16_ji1_GATCGTACAGCTATTG-1",1690,"Endothelial"
"e16_ji1_GATCGTACATGAAGCG-1",2070,"Endothelial"
"e16_ji1_GATCGTAGTGTCGCTG-1",668,"Myeloid"
"e16_ji1_GATGACTCAAGAATGT-1",3178,"Lymphoid"
"e16_ji1_GATGACTCAGCGTGAA-1",2425,"Proliferative Smooth muscle"
"e16_ji1_GATGACTCAGTTGTTG-1",987,"Smooth muscle"
"e16_ji1_GATGACTGTCCTCCTA-1",2461,"Smooth muscle"
"e16_ji1_GATGAGGCAATGACCT-1",2810,"Proliferative Smooth muscle"
"e16_ji1_GATGAGGCATCAGCTA-1",1685,"Myofibroblast"
"e16_ji1_GATGAGGCATCGATGT-1",1929,"Fibroblast 4 (Kcnn3)"
"e16_ji1_GATGATCCAGTTCACA-1",1740,"Proliferative Smooth muscle"
"e16_ji1_GATGATCCATGCGGTC-1",2366,"Fibroblast 2 (Fndc1/Dpt)"
"e16_ji1_GATGATCGTGCATCTA-1",1787,"Fibroblast 6 (Lepr/Sp5)"
"e16_ji1_GATGCTAAGCTAAGTA-1",1059,"Endothelial"
"e16_ji1_GATGCTACAGCGTATT-1",2633,"Fibroblast 1 (Col6a4/Adamdec1)"
"e16_ji1_GATGCTACAGTGGGTA-1",2552,"Fibroblast 3 (Adam12)"
"e16_ji1_GATGCTATCAAGTTGC-1",542,"Proliferative Fibroblast"
"e16_ji1_GATGCTATCCAGGACC-1",2822,"Fibroblast 2 (Fndc1/Dpt)"
"e16_ji1_GATGCTATCGCGTGCA-1",1659,"Mesothelial"
"e16_ji1_GATGGAGCAACATCGT-1",2478,"Myofibroblast"
"e16_ji1_GATGGAGCACTTCATT-1",2638,"Myofibroblast"
"e16_ji1_GATGGAGGTGATATAG-1",988,"Myofibroblast"
"e16_ji1_GATGTTGGTACAGTAA-1",918,"Smooth muscle"
"e16_ji1_GATGTTGGTGTCTTCC-1",1419,"Endothelial"
"e16_ji1_GATTCGAGTAGAGCTG-1",1897,"Myofibroblast"
"e16_ji1_GATTCGAGTTATTCCT-1",2425,"Proliferative Fibroblast"
"e16_ji1_GATTCTTAGCTAGCCC-1",1588,"Fibroblast 4 (Kcnn3)"
"e16_ji1_GATTCTTTCCATTTGT-1",1765,"Smooth muscle"
"e16_ji1_GATTGGTAGTCGCTAT-1",2338,"Smooth muscle"
"e16_ji1_GATTGGTCAACACAAA-1",2180,"Smooth muscle"
"e16_ji1_GATTGGTTCAAATAGG-1",2798,"Fibroblast 3 (Adam12)"
"e16_ji1_GCAACATCAGCGTGCT-1",767,"Proliferative Smooth muscle"
"e16_ji1_GCAACATCATGAATAG-1",3175,"Fibroblast 1 (Col6a4/Adamdec1)"
"e16_ji1_GCAACATGTATGTCCA-1",988,"Myofibroblast"
"e16_ji1_GCACATAAGCTCACTA-1",2165,"Smooth muscle"
"e16_ji1_GCACGGTCAGATAAAC-1",3196,"Fibroblast 2 (Fndc1/Dpt)"
"e16_ji1_GCACGGTGTTGTCAGT-1",2086,"Smooth muscle"
"e16_ji1_GCACGTGAGCAGGCAT-1",690,"Fibroblast 2 (Fndc1/Dpt)"
"e16_ji1_GCACGTGAGTGTCATC-1",690,"Pericyte"
"e16_ji1_GCACGTGCACTTGAAC-1",1381,"Myofibroblast"
"e16_ji1_GCACTAAAGGGTATAT-1",3175,"Smooth muscle"
"e16_ji1_GCACTAAGTCGGAAAC-1",2632,"Myofibroblast"
"e16_ji1_GCAGCCAAGAGGATGA-1",918,"Smooth muscle"
"e16_ji1_GCAGCCACATGAAGGC-1",3265,"ICC"
"e16_ji1_GCAGCCAGTGTTCATG-1",311,"Fibroblast 1 (Col6a4/Adamdec1)"
"e16_ji1_GCAGCTGAGTGCTCAT-1",1597,"Fibroblast 2 (Fndc1/Dpt)"
"e16_ji1_GCAGCTGCAACTTGCA-1",2038,"Fibroblast 2 (Fndc1/Dpt)"
"e16_ji1_GCAGCTGGTTGCATCA-1",1743,"Fibroblast 3 (Adam12)"
"e16_ji1_GCAGCTGTCCGTTTCG-1",3332,"Proliferative Smooth muscle"
"e16_ji1_GCAGCTGTCGAGTTGT-1",3153,"Proliferative Smooth muscle"
"e16_ji1_GCAGGCTCAGGAACCA-1",668,"Myeloid"
"e16_ji1_GCAGGCTTCTGAGATC-1",3225,"Myofibroblast"
"e16_ji1_GCATCGGCAGAACTTC-1",1530,"Fibroblast 6 (Lepr/Sp5)"
"e16_ji1_GCATCGGCATTCACCC-1",2824,"Fibroblast 2 (Fndc1/Dpt)"
"e16_ji1_GCATCTCAGCCTTTCC-1",3205,"Smooth muscle"
"e16_ji1_GCATCTCGTCAAGGCA-1",3377,"Myofibroblast"
"e16_ji1_GCATCTCGTCACGCTG-1",2638,"Smooth muscle"
"e16_ji1_GCATCTCGTTATGTCG-1",3239,"Fibroblast 1 (Col6a4/Adamdec1)"
"e16_ji1_GCATGATAGAGTCAGC-1",2798,"Fibroblast 3 (Adam12)"
"e16_ji1_GCATGATCAAGAGTTA-1",2369,"Proliferative Smooth muscle"
"e16_ji1_GCATGATTCGTGGCTG-1",2415,"Myofibroblast"
"e16_ji1_GCATTAGAGGTAGACC-1",2164,"Fibroblast 3 (Adam12)"
"e16_ji1_GCATTAGGTGAGAGGG-1",2323,"Myofibroblast"
"e16_ji1_GCCAACGAGTTTCTTC-1",2176,"Proliferative Smooth muscle"
"e16_ji1_GCCAACGCATAACGGG-1",3294,"Smooth muscle"
"e16_ji1_GCCAACGGTACCTAGT-1",3196,"Proliferative Smooth muscle"
"e16_ji1_GCCAGCAAGCGACATG-1",1545,"Smooth muscle"
"e16_ji1_GCCAGCAAGTCAACAA-1",1381,"Fibroblast 3 (Adam12)"
"e16_ji1_GCCAGCACAGCTGTTA-1",835,"Myofibroblast"
"e16_ji1_GCCAGCATCTAGGCCG-1",2772,"Myofibroblast"
"e16_ji1_GCCAGCATCTGGTTGA-1",1743,"Endothelial"
"e16_ji1_GCCAGCATCTTCCCGA-1",2425,"Smooth muscle"
"e16_ji1_GCCAGTGAGAAACCAT-1",835,"Proliferative Fibroblast"
"e16_ji1_GCCAGTGGTCGAGTGA-1",799,"Endothelial"
"e16_ji1_GCCAGTGTCATGGGAG-1",1170,"Fibroblast 1 (Col6a4/Adamdec1)"
"e16_ji1_GCCAGTGTCTAGCCAA-1",1524,"Smooth muscle"
"e16_ji1_GCCATGGAGAATTTGG-1",1173,"Smooth muscle"
"e16_ji1_GCCATGGAGTCCGCCA-1",2566,"Smooth muscle"
"e16_ji1_GCCATGGCATATAGCC-1",2115,"Myofibroblast"
"e16_ji1_GCCATGGGTCGCAGTC-1",767,"Myofibroblast"
"e16_ji1_GCCCAGAAGGGCTGAT-1",2399,"Smooth muscle"
"e16_ji1_GCCCAGATCGATACTG-1",2643,"Fibroblast 2 (Fndc1/Dpt)"
"e16_ji1_GCCCGAAAGGGATCGT-1",2675,"Smooth muscle"
"e16_ji1_GCCCGAACAGAGAGGG-1",1423,"ICC"
"e16_ji1_GCCCGAAGTCCACATA-1",2424,"Fibroblast 4 (Kcnn3)"
"e16_ji1_GCCCGAAGTCTTACAG-1",3225,"Myofibroblast"
"e16_ji1_GCCGATGAGGAAGTCC-1",620,"Myofibroblast"
"e16_ji1_GCCGATGAGTAGTCCT-1",1787,"Fibroblast 1 (Col6a4/Adamdec1)"
"e16_ji1_GCCGATGCACATGTTG-1",2798,"Fibroblast 1 (Col6a4/Adamdec1)"
"e16_ji1_GCCGATGGTTTCGGCG-1",2973,"Fibroblast 4 (Kcnn3)"
"e16_ji1_GCCGATGTCCCTCAAC-1",1066,"Smooth muscle"
"e16_ji1_GCCTGTTAGCGATTCT-1",2403,"Fibroblast 4 (Kcnn3)"
"e16_ji1_GCCTGTTAGTCTGGAG-1",1087,"Smooth muscle"
"e16_ji1_GCCTGTTAGTTGCTGT-1",2226,"Fibroblast 4 (Kcnn3)"
"e16_ji1_GCGAGAAAGAATACAC-1",1730,"Smooth muscle"
"e16_ji1_GCGAGAATCTTAATCC-1",644,"Endothelial"
"e16_ji1_GCGATCGGTAGGCAAC-1",93,"Myofibroblast"
"e16_ji1_GCGATCGGTATACGGG-1",2070,"Endothelial"
"e16_ji1_GCGGAAAAGACGACGT-1",1170,"Smooth muscle"
"e16_ji1_GCGGAAACAACTCATG-1",1559,"Myofibroblast"
"e16_ji1_GCGGAAACACCCTATC-1",1730,"Fibroblast 2 (Fndc1/Dpt)"
"e16_ji1_GCGGAAAGTTCCACGG-1",1462,"Myofibroblast"
"e16_ji1_GCGGAAATCCAAGCTA-1",2338,"Proliferative Smooth muscle"
"e16_ji1_GCGGATCCAATCGTCA-1",2226,"Fibroblast 6 (Lepr/Sp5)"
"e16_ji1_GCGTGCAAGTGCACCC-1",1969,"ICC"
"e16_ji1_GCGTTTCAGGTTGGTG-1",2633,"Fibroblast 1 (Col6a4/Adamdec1)"
"e16_ji1_GCGTTTCGTACGAGTG-1",2822,"Fibroblast 1 (Col6a4/Adamdec1)"
"e16_ji1_GCGTTTCTCTGCTGAA-1",3377,"Myofibroblast"
"e16_ji1_GCTACAAAGTCCTGCG-1",3178,"Lymphoid"
"e16_ji1_GCTACAACATCGCTCT-1",1066,"Myofibroblast"
"e16_ji1_GCTACAACATGTCTAG-1",1883,"Endothelial"
"e16_ji1_GCTACCTAGGCTCTAT-1",1559,"Myofibroblast"
"e16_ji1_GCTACCTTCTCCTGCA-1",644,"Endothelial"
"e16_ji1_GCTACCTTCTTAGCCC-1",2403,"Fibroblast 1 (Col6a4/Adamdec1)"
"e16_ji1_GCTCAAAAGCAGCACA-1",2567,"Proliferative Smooth muscle"
"e16_ji1_GCTCAAACAGCGTACC-1",2070,"Endothelial"
"e16_ji1_GCTCAAATCCTACCGT-1",2516,"Proliferative Smooth muscle"
"e16_ji1_GCTGAATAGGTGTGAC-1",2288,"Pericyte"
"e16_ji1_GCTGAATGTAGCGTAG-1",2180,"Proliferative Fibroblast"
"e16_ji1_GCTGAATGTCGACTGC-1",943,"Fibroblast 5 (Mfap5/Grm3)"
"e16_ji1_GCTGGGTAGACTCAAA-1",1218,"Proliferative Smooth muscle"
"e16_ji1_GCTGGGTCAGACGCTC-1",1731,"Pericyte"
"e16_ji1_GCTGGGTCATCGGAAG-1",1787,"Fibroblast 2 (Fndc1/Dpt)"
"e16_ji1_GCTTCACCACACCGAC-1",912,"Fibroblast 1 (Col6a4/Adamdec1)"
"e16_ji1_GCTTCACGTCACCACG-1",1170,"Fibroblast 2 (Fndc1/Dpt)"
"e16_ji1_GCTTGGGCATGACACT-1",906,"Proliferative Smooth muscle"
"e16_ji1_GCTTGGGTCCGAGCTG-1",1332,"Smooth muscle"
"e16_ji1_GCTTTCGAGGCGAAGG-1",668,"Myeloid"
"e16_ji1_GCTTTCGAGGTTACAA-1",990,"Fibroblast 3 (Adam12)"
"e16_ji1_GCTTTCGCATGGGTTT-1",3397,"Fibroblast 2 (Fndc1/Dpt)"
"e16_ji1_GCTTTCGGTCAGGAGT-1",1530,"Myofibroblast"
"e16_ji1_GCTTTCGGTGCATTTG-1",1530,"Myofibroblast"
"e16_ji1_GCTTTCGTCCTGATAG-1",2028,"Mesothelial"
"e16_ji1_GCTTTCGTCTCTCTTC-1",2454,"Fibroblast 3 (Adam12)"
"e16_ji1_GGAACCCAGGAGAGTA-1",674,"Smooth muscle"
"e16_ji1_GGAACCCGTTTCTTAC-1",2475,"Smooth muscle"
"e16_ji1_GGAAGTGAGGCTTTCA-1",2144,"Proliferative Smooth muscle"
"e16_ji1_GGAATCTAGAGTGTGC-1",2468,"Smooth muscle"
"e16_ji1_GGAATCTTCCTACCGT-1",634,"Fibroblast 2 (Fndc1/Dpt)"
"e16_ji1_GGACGTCCAGAGGCAT-1",3164,"Fibroblast 3 (Adam12)"
"e16_ji1_GGACGTCGTGAGCAGT-1",1401,"Smooth muscle"
"e16_ji1_GGACGTCTCTGGACTA-1",2176,"Smooth muscle"
"e16_ji1_GGAGAACGTGCAAGAC-1",799,"Smooth muscle"
"e16_ji1_GGAGAACTCTCATTAC-1",2323,"Fibroblast 3 (Adam12)"
"e16_ji1_GGAGAACTCTCCGTGT-1",2473,"Smooth muscle"
"e16_ji1_GGAGATGCACAAAGTA-1",1454,"Mesothelial"
"e16_ji1_GGAGATGTCGGCCCAA-1",2520,"Fibroblast 3 (Adam12)"
"e16_ji1_GGAGATGTCTGTCCCA-1",1731,"Proliferative Fibroblast"
"e16_ji1_GGAGCAACATTGGATC-1",2263,"Proliferative Smooth muscle"
"e16_ji1_GGAGCAAGTCCTGTCT-1",2635,"Smooth muscle"
"e16_ji1_GGAGGATCACCGGCTA-1",1584,"ICC"
"e16_ji1_GGAGGTAAGCACGGAT-1",2243,"Myofibroblast"
"e16_ji1_GGAGGTAAGGGCAAGG-1",2742,"Myeloid"
"e16_ji1_GGAGGTAGTATATGGA-1",1381,"Myofibroblast"
"e16_ji1_GGAGGTAGTGAGCCAA-1",2512,"Mesothelial"
"e16_ji1_GGAGGTATCTAGGCAT-1",3077,"Fibroblast 2 (Fndc1/Dpt)"
"e16_ji1_GGATCTAAGTCGGCAA-1",3269,"Proliferative Fibroblast"
"e16_ji1_GGATCTATCGAGATGG-1",2070,"Endothelial"
"e16_ji1_GGATGTTCACGATTCA-1",3081,"Myofibroblast"
"e16_ji1_GGCACGTTCCCGTTCA-1",2134,"Fibroblast 3 (Adam12)"
"e16_ji1_GGCAGTCCACGGCGTT-1",2822,"Fibroblast 1 (Col6a4/Adamdec1)"
"e16_ji1_GGCAGTCCATCCTAAG-1",1518,"Proliferative Smooth muscle"
"e16_ji1_GGCGTCACACTAGAGG-1",3153,"Proliferative Smooth muscle"
"e16_ji1_GGCGTCAGTGTGTACT-1",737,"Endothelial"
"e16_ji1_GGCGTCATCGCCGAAC-1",987,"Fibroblast 2 (Fndc1/Dpt)"
"e16_ji1_GGCTGTGGTAGACAAT-1",1743,"Endothelial"
"e16_ji1_GGCTGTGGTTAGCTAC-1",1525,"Smooth muscle"
"e16_ji1_GGCTTGGAGCTTACGT-1",1762,"Myofibroblast"
"e16_ji1_GGCTTGGAGGGCAACT-1",2175,"ICC"
"e16_ji1_GGCTTGGCACTCAAGT-1",2633,"Proliferative Fibroblast"
"e16_ji1_GGCTTGGGTTTGAAAG-1",1529,"Endothelial"
"e16_ji1_GGCTTTCCACGACTAT-1",3344,"Proliferative Smooth muscle"
"e16_ji1_GGCTTTCGTGGCGTAA-1",1597,"Smooth muscle"
"e16_ji1_GGCTTTCGTTAGTTCG-1",1912,"Proliferative Smooth muscle"
"e16_ji1_GGCTTTCTCCTCTAAT-1",1893,"Smooth muscle"
"e16_ji1_GGGAAGTGTGGTCTGC-1",1387,"Endothelial"
"e16_ji1_GGGAAGTTCGAGAATA-1",1783,"Smooth muscle"
"e16_ji1_GGGACAAAGTATTGCC-1",2436,"Fibroblast 1 (Col6a4/Adamdec1)"
"e16_ji1_GGGACAAGTGATGGCA-1",1049,"Fibroblast 2 (Fndc1/Dpt)"
"e16_ji1_GGGACAAGTTACCCAA-1",2551,"Pericyte"
"e16_ji1_GGGACCTCATGATCTG-1",1072,"Proliferative Fibroblast"
"e16_ji1_GGGACCTGTCCAAAGG-1",2635,"Fibroblast 1 (Col6a4/Adamdec1)"
"e16_ji1_GGGACCTTCCGTAGGC-1",799,"Fibroblast 2 (Fndc1/Dpt)"
"e16_ji1_GGGACTCGTGATGAAT-1",1731,"Pericyte"
"e16_ji1_GGGACTCTCGGTGCAC-1",3196,"Proliferative Fibroblast"
"e16_ji1_GGGAGATCAGCGACCT-1",2675,"Proliferative Smooth muscle"
"e16_ji1_GGGAGATTCACTCTTA-1",1900,"Fibroblast 3 (Adam12)"
"e16_ji1_GGGAGTAGTCGCGGTT-1",988,"Proliferative Smooth muscle"
"e16_ji1_GGGATCCCATGTTACG-1",629,"Myofibroblast"
"e16_ji1_GGGATCCCATTGACTG-1",2176,"Myofibroblast"
"e16_ji1_GGGATCCTCCAGCACG-1",2374,"Fibroblast 2 (Fndc1/Dpt)"
"e16_ji1_GGGATCCTCGTCGCTT-1",2603,"Fibroblast 3 (Adam12)"
"e16_ji1_GGGATGAAGCTGGTGA-1",767,"Proliferative Smooth muscle"
"e16_ji1_GGGATGAGTCAAAGAT-1",2496,"Fibroblast 2 (Fndc1/Dpt)"
"e16_ji1_GGGATGAGTCAAAGCG-1",2144,"Fibroblast 6 (Lepr/Sp5)"
"e16_ji1_GGGATGAGTGCATCTA-1",2337,"Pericyte"
"e16_ji1_GGGCCATAGCAGTAAT-1",2822,"Mesothelial"
"e16_ji1_GGGCCATGTCCGGCAT-1",1082,"Endothelial"
"e16_ji1_GGGCGTTAGTATCTGC-1",776,"Fibroblast 2 (Fndc1/Dpt)"
"e16_ji1_GGGCGTTCAACCAACT-1",2603,"ICC"
"e16_ji1_GGGCGTTCAATGAACA-1",2798,"Proliferative Fibroblast"
"e16_ji1_GGGCGTTGTATGGTTC-1",767,"Myofibroblast"
"e16_ji1_GGGTAGAAGCGCCCAT-1",1696,"Fibroblast 4 (Kcnn3)"
"e16_ji1_GGGTAGAGTGCATTTG-1",851,"Lymphoid"
"e16_ji1_GGGTAGATCACTTTGT-1",1073,"Myofibroblast"
"e16_ji1_GGGTATTAGCCTTTCC-1",644,"Smooth muscle"
"e16_ji1_GGGTATTAGTACGTCT-1",3042,"Fibroblast 3 (Adam12)"
"e16_ji1_GGGTCACAGAAATGGG-1",1762,"Myofibroblast"
"e16_ji1_GGGTCACCAACCGTGC-1",1912,"Fibroblast 1 (Col6a4/Adamdec1)"
"e16_ji1_GGGTCACTCCCTCTTT-1",1793,"Myofibroblast"
"e16_ji1_GGGTCTGAGGTCTACT-1",1883,"Endothelial"
"e16_ji1_GGGTCTGTCAAATGCC-1",1321,"Fibroblast 2 (Fndc1/Dpt)"
"e16_ji1_GGGTCTGTCTGGGCCA-1",904,"Smooth muscle"
"e16_ji1_GGGTGAACATCACGGC-1",2488,"Fibroblast 1 (Col6a4/Adamdec1)"
"e16_ji1_GGGTGAAGTTCAAAGA-1",1731,"Fibroblast 1 (Col6a4/Adamdec1)"
"e16_ji1_GGGTGAATCTCTTAAC-1",1884,"Smooth muscle"
"e16_ji1_GGGTGTCAGACCAGAC-1",767,"Fibroblast 1 (Col6a4/Adamdec1)"
"e16_ji1_GGGTGTCAGAGCTTTC-1",3205,"Myofibroblast"
"e16_ji1_GGGTGTCCAATTTCGG-1",1724,"ICC"
"e16_ji1_GGGTTATGTGCAATAA-1",2357,"Fibroblast 2 (Fndc1/Dpt)"
"e16_ji1_GGGTTATTCATCGCCT-1",1218,"Proliferative Smooth muscle"
"e16_ji1_GGGTTATTCGCGCCAA-1",2198,"Fibroblast 3 (Adam12)"
"e16_ji1_GGGTTATTCTTCGGAA-1",856,"Fibroblast 2 (Fndc1/Dpt)"
"e16_ji1_GGGTTTAGTGTCTTCC-1",1540,"Proliferative Smooth muscle"
"e16_ji1_GGTAACTCAACGACAG-1",1307,"Fibroblast 2 (Fndc1/Dpt)"
"e16_ji1_GGTAACTCAGCACAAG-1",986,"Fibroblast 3 (Adam12)"
"e16_ji1_GGTAACTGTTCCTAGA-1",1167,"Fibroblast 3 (Adam12)"
"e16_ji1_GGTAACTTCCAACACA-1",2798,"Fibroblast 1 (Col6a4/Adamdec1)"
"e16_ji1_GGTAATCCAAGTGACG-1",2369,"Smooth muscle"
"e16_ji1_GGTAATCGTACAGCGA-1",616,"Pericyte"
"e16_ji1_GGTAATCGTCCCTGTT-1",1651,"Fibroblast 1 (Col6a4/Adamdec1)"
"e16_ji1_GGTAATCGTTAAGGAT-1",2083,"Fibroblast 1 (Col6a4/Adamdec1)"
"e16_ji1_GGTAATCTCCTGGTCT-1",3164,"Fibroblast 2 (Fndc1/Dpt)"
"e16_ji1_GGTAGAGAGGCTCACC-1",1082,"Endothelial"
"e16_ji1_GGTAGAGCAGGATTCT-1",2475,"Myofibroblast"
"e16_ji1_GGTAGAGTCATACGAC-1",667,"Pericyte"
"e16_ji1_GGTAGAGTCGTGGTAT-1",835,"Mesothelial"
"e16_ji1_GGTCACGAGTGGCGAT-1",1381,"Proliferative Smooth muscle"
"e16_ji1_GGTCACGCAGCTATTG-1",1425,"Myofibroblast"
"e16_ji1_GGTCACGGTTTCGGCG-1",849,"Smooth muscle"
"e16_ji1_GGTGAAGAGAACTTCC-1",2209,"Lymphoid"
"e16_ji1_GGTGAAGGTCATTCCC-1",3158,"Smooth muscle"
"e16_ji1_GGTGAAGTCCGCACGA-1",3175,"ICC"
"e16_ji1_GGTGATTCAGGTATGG-1",1336,"Smooth muscle"
"e16_ji1_GGTGATTTCAGTGTTG-1",3220,"Smooth muscle"
"e16_ji1_GGTGATTTCGCCAATA-1",1196,"Proliferative Smooth muscle"
"e16_ji1_GGTGGCTAGCCATTCA-1",2544,"Endothelial"
"e16_ji1_GGTGGCTGTTTGCAGT-1",2424,"Proliferative Smooth muscle"
"e16_ji1_GGTGTCGTCTGCACCT-1",2822,"Proliferative Fibroblast"
"e16_ji1_GGTGTTAAGAAACCCG-1",3239,"Fibroblast 5 (Mfap5/Grm3)"
"e16_ji1_GGTGTTAGTACCGTCG-1",1929,"Fibroblast 2 (Fndc1/Dpt)"
"e16_ji1_GGTTAACCACAGGATG-1",2301,"Fibroblast 1 (Col6a4/Adamdec1)"
"e16_ji1_GGTTAACGTACAGCGA-1",1696,"Smooth muscle"
"e16_ji1_GGTTAACGTGGTCTAT-1",644,"Endothelial"
"e16_ji1_GGTTAACGTTGCGAAG-1",1529,"Endothelial"
"e16_ji1_GGTTCTCAGAGCGACT-1",2063,"Smooth muscle"
"e16_ji1_GGTTCTCCATGTGCTA-1",1787,"Fibroblast 1 (Col6a4/Adamdec1)"
"e16_ji1_GGTTCTCTCCGTCAAA-1",2448,"Proliferative Smooth muscle"
"e16_ji1_GGTTGTAAGGCATCGA-1",673,"Mesothelial"
"e16_ji1_GGTTGTAGTAACTAAG-1",3170,"Fibroblast 1 (Col6a4/Adamdec1)"
"e16_ji1_GGTTGTAGTTCGCGTG-1",2579,"Proliferative Smooth muscle"
"e16_ji1_GGTTGTATCTTCCCAG-1",2986,"Myofibroblast"
"e16_ji1_GTAACACCACCTAAAC-1",3164,"Fibroblast 4 (Kcnn3)"
"e16_ji1_GTAACACTCAAAGAAC-1",2070,"Endothelial"
"e16_ji1_GTAACCAAGTTTCGAC-1",2579,"Myofibroblast"
"e16_ji1_GTAAGTCCACACCGCA-1",2827,"Myofibroblast"
"e16_ji1_GTAAGTCTCAATGCAC-1",1165,"Smooth muscle"
"e16_ji1_GTAATCGAGAAGCGCT-1",2211,"Proliferative Smooth muscle"
"e16_ji1_GTAATCGAGGCTGAAC-1",2425,"Fibroblast 6 (Lepr/Sp5)"
"e16_ji1_GTAATCGGTGCAACGA-1",2759,"Proliferative Smooth muscle"
"e16_ji1_GTAATGCCACAGTCAT-1",1651,"Fibroblast 1 (Col6a4/Adamdec1)"
"e16_ji1_GTAATGCTCACCGACG-1",3263,"Myofibroblast"
"e16_ji1_GTACAACGTCAGATTC-1",1524,"Smooth muscle"
"e16_ji1_GTACAACGTCTCGCGA-1",2033,"Myofibroblast"
"e16_ji1_GTACAACTCAAGCCTA-1",2798,"Fibroblast 4 (Kcnn3)"
"e16_ji1_GTACAGTAGTGAATAC-1",2337,"Smooth muscle"
"e16_ji1_GTACAGTTCATTCATC-1",2452,"Proliferative Smooth muscle"
"e16_ji1_GTAGAGGGTACCCGAC-1",2180,"Fibroblast 1 (Col6a4/Adamdec1)"
"e16_ji1_GTAGAGGTCGCCAACG-1",2431,"Fibroblast 1 (Col6a4/Adamdec1)"
"e16_ji1_GTAGATCGTCCCGCAA-1",634,"Fibroblast 1 (Col6a4/Adamdec1)"
"e16_ji1_GTAGATCTCATGGCCG-1",1031,"Fibroblast 3 (Adam12)"
"e16_ji1_GTAGGAGAGCATGATA-1",990,"ICC"
"e16_ji1_GTAGGAGCACCTATCC-1",737,"Endothelial"
"e16_ji1_GTAGGAGTCTTGTTAC-1",1219,"Fibroblast 3 (Adam12)"
"e16_ji1_GTAGGTTCACTACCGG-1",2076,"Mesothelial"
"e16_ji1_GTAGGTTTCACTGCTC-1",2122,"Fibroblast 3 (Adam12)"
"e16_ji1_GTAGGTTTCCACGGGT-1",1220,"Proliferative Fibroblast"
"e16_ji1_GTAGTACAGAATCCCT-1",744,"Smooth muscle"
"e16_ji1_GTAGTACAGCCTCCAG-1",3145,"Proliferative Smooth muscle"
"e16_ji1_GTAGTACAGGAAGAAC-1",1175,"Mesothelial"
"e16_ji1_GTAGTACCATAATGAG-1",3368,"Proliferative Fibroblast"
"e16_ji1_GTAGTACGTAACGCGA-1",1031,"Fibroblast 5 (Mfap5/Grm3)"
"e16_ji1_GTAGTACTCGGTAACT-1",1893,"Fibroblast 2 (Fndc1/Dpt)"
"e16_ji1_GTAGTACTCTTCCCGA-1",667,"Fibroblast 1 (Col6a4/Adamdec1)"
"e16_ji1_GTATTGGGTGGCACTC-1",1742,"Smooth muscle"
"e16_ji1_GTATTTCAGGCTGGAT-1",1921,"Fibroblast 1 (Col6a4/Adamdec1)"
"e16_ji1_GTATTTCCAATGCAGG-1",668,"Lymphoid"
"e16_ji1_GTATTTCTCTTGGTGA-1",3300,"Proliferative Smooth muscle"
"e16_ji1_GTCAAACAGATGATTG-1",690,"Fibroblast 2 (Fndc1/Dpt)"
"e16_ji1_GTCAAACCACGACAAG-1",3164,"Proliferative Smooth muscle"
"e16_ji1_GTCAAGTAGAGATGCC-1",2263,"Smooth muscle"
"e16_ji1_GTCAAGTAGTAGACCG-1",1347,"Proliferative Smooth muscle"
"e16_ji1_GTCACGGAGTCTGCGC-1",1929,"Myofibroblast"
"e16_ji1_GTCACGGGTATGGAAT-1",2814,"Smooth muscle"
"e16_ji1_GTCACGGTCTTGGAAC-1",3178,"Lymphoid"
"e16_ji1_GTCACTCGTAACGGTG-1",1321,"Fibroblast 1 (Col6a4/Adamdec1)"
"e16_ji1_GTCAGCGAGACTGTTC-1",1533,"Proliferative Smooth muscle"
"e16_ji1_GTCAGCGAGCGAAACC-1",1077,"Proliferative Smooth muscle"
"e16_ji1_GTCAGCGTCAAACTGC-1",1387,"Endothelial"
"e16_ji1_GTCAGCGTCGACGTCG-1",668,"Lymphoid"
"e16_ji1_GTCATCCCATGACAGG-1",2735,"Fibroblast 3 (Adam12)"
"e16_ji1_GTCATCCCATTAGGCT-1",1846,"Smooth muscle"
"e16_ji1_GTCATCCGTGATTGGG-1",1893,"Fibroblast 4 (Kcnn3)"
"e16_ji1_GTCATCCTCAGGAGAC-1",776,"Smooth muscle"
"e16_ji1_GTCATGAAGTCTAGCT-1",1524,"Fibroblast 4 (Kcnn3)"
"e16_ji1_GTCATGAGTCCTCATC-1",767,"Pericyte"
"e16_ji1_GTCATGAGTCCTGAAT-1",3265,"Proliferative Smooth muscle"
"e16_ji1_GTCATTTAGTGTACCT-1",1886,"Myofibroblast"
"e16_ji1_GTCATTTCAAACACCT-1",2323,"Proliferative Smooth muscle"
"e16_ji1_GTCATTTTCTGCGGAC-1",2103,"Lymphoid"
"e16_ji1_GTCCACTAGCAGCACA-1",2465,"Myofibroblast"
"e16_ji1_GTCCACTAGCTACTGT-1",3397,"Fibroblast 1 (Col6a4/Adamdec1)"
"e16_ji1_GTCCACTAGTGTTCCA-1",2454,"Fibroblast 3 (Adam12)"
"e16_ji1_GTCCACTCAAGCACCC-1",2496,"Fibroblast 2 (Fndc1/Dpt)"
"e16_ji1_GTCCCATAGGCTCTCG-1",2512,"Fibroblast 3 (Adam12)"
"e16_ji1_GTCCCATAGTGATAGT-1",1893,"Fibroblast 2 (Fndc1/Dpt)"
"e16_ji1_GTCCCATGTCGGCTAC-1",1418,"Myofibroblast"
"e16_ji1_GTCCCATGTTCTCACC-1",2070,"Endothelial"
"e16_ji1_GTCCTCAAGACCATGG-1",1533,"Fibroblast 3 (Adam12)"
"e16_ji1_GTCCTCACAGGTAGTG-1",3268,"Myofibroblast"
"e16_ji1_GTCCTCAGTGTTCCAA-1",3349,"Smooth muscle"
"e16_ji1_GTCCTCATCAACCTCC-1",3397,"Proliferative Fibroblast"
"e16_ji1_GTCGAATAGTCATGCT-1",904,"Smooth muscle"
"e16_ji1_GTCGAATCAACGATCT-1",2506,"Myofibroblast"
"e16_ji1_GTCGCGAAGCCGTCGT-1",943,"Smooth muscle"
"e16_ji1_GTCGCGACACGTAGAG-1",1743,"Endothelial"
"e16_ji1_GTCGCGAGTTACCCAA-1",1240,"Fibroblast 2 (Fndc1/Dpt)"
"e16_ji1_GTCGTAACAATTGTGC-1",668,"Lymphoid"
"e16_ji1_GTCGTAACACTTGAAC-1",1240,"Fibroblast 1 (Col6a4/Adamdec1)"
"e16_ji1_GTCGTTCAGCTGTTAC-1",954,"Smooth muscle"
"e16_ji1_GTCGTTCAGTCAGAGC-1",1900,"Smooth muscle"
"e16_ji1_GTCTACCAGACTGAGC-1",637,"Fibroblast 1 (Col6a4/Adamdec1)"
"e16_ji1_GTCTACCCAGTTGAAA-1",1529,"Endothelial"
"e16_ji1_GTCTAGAGTATGGGAC-1",918,"Proliferative Smooth muscle"
"e16_ji1_GTCTCACGTGACTCTA-1",2798,"Fibroblast 6 (Lepr/Sp5)"
"e16_ji1_GTCTGTCAGTCAGGGT-1",632,"Fibroblast 2 (Fndc1/Dpt)"
"e16_ji1_GTCTTTAAGTCAGGGT-1",1072,"Mesothelial"
"e16_ji1_GTGACGCAGTTCCGTA-1",1740,"Smooth muscle"
"e16_ji1_GTGACGCCAAGCTGTT-1",2551,"Proliferative Smooth muscle"
"e16_ji1_GTGACGCTCTTAGGAC-1",776,"Smooth muscle"
"e16_ji1_GTGAGCCCACCTATCC-1",3164,"Proliferative Fibroblast"
"e16_ji1_GTGAGGAAGACCATGG-1",744,"Smooth muscle"
"e16_ji1_GTGAGGAGTTGAGTCT-1",1540,"Pericyte"
"e16_ji1_GTGAGTTAGATCCTAC-1",1530,"Fibroblast 6 (Lepr/Sp5)"
"e16_ji1_GTGAGTTAGTCTACCA-1",2337,"Pericyte"
"e16_ji1_GTGAGTTCACTGGATT-1",1724,"Fibroblast 2 (Fndc1/Dpt)"
"e16_ji1_GTGAGTTGTAGGGTAC-1",644,"Endothelial"
"e16_ji1_GTGAGTTGTTGACGGA-1",1559,"Fibroblast 3 (Adam12)"
"e16_ji1_GTGAGTTTCTTGCGCT-1",1597,"Proliferative Smooth muscle"
"e16_ji1_GTGATGTTCCATTTGT-1",2461,"Fibroblast 1 (Col6a4/Adamdec1)"
"e16_ji1_GTGATGTTCTAGTCAG-1",2144,"Smooth muscle"
"e16_ji1_GTGCACGGTGGTAACG-1",1070,"Fibroblast 2 (Fndc1/Dpt)"
"e16_ji1_GTGCAGCCAAACTAAG-1",1425,"Smooth muscle"
"e16_ji1_GTGCAGCTCATTGAGC-1",990,"Myofibroblast"
"e16_ji1_GTGCGTGAGCCTAGGA-1",681,"Proliferative Smooth muscle"
"e16_ji1_GTGCTGGCACTATCCC-1",830,"Endothelial"
"e16_ji1_GTGCTGGTCTCTCGCA-1",2115,"Proliferative Smooth muscle"
"e16_ji1_GTGCTTCAGGGAGGCA-1",2415,"Smooth muscle"
"e16_ji1_GTGCTTCGTTGACGGA-1",2768,"Proliferative Fibroblast"
"e16_ji1_GTGCTTCTCCATTGGA-1",2798,"Fibroblast 3 (Adam12)"
"e16_ji1_GTGGAAGGTAGGAGGG-1",1087,"ICC"
"e16_ji1_GTGGAAGGTATTTCGG-1",397,"Proliferative Smooth muscle"
"e16_ji1_GTGGAAGTCAACCTCC-1",1458,"Fibroblast 2 (Fndc1/Dpt)"
"e16_ji1_GTGGAGAAGCGGGTTA-1",647,"Smooth muscle"
"e16_ji1_GTGGAGAAGGTTGGAC-1",1349,"Fibroblast 2 (Fndc1/Dpt)"
"e16_ji1_GTGGAGACAATACGAA-1",1533,"Smooth muscle"
"e16_ji1_GTGGCGTGTTGGGTAG-1",2226,"Myofibroblast"
"e16_ji1_GTGGGAACAAGCTGTT-1",3178,"Myeloid"
"e16_ji1_GTGGGAACACAGCTGC-1",2144,"Mesothelial"
"e16_ji1_GTGGGAAGTCTCGACG-1",1597,"Fibroblast 2 (Fndc1/Dpt)"
"e16_ji1_GTGGTTAAGCAGTCTT-1",776,"ICC"
"e16_ji1_GTGGTTAAGGTATCTC-1",2454,"Proliferative Fibroblast"
"e16_ji1_GTGGTTACAGCTATTG-1",3332,"Myofibroblast"
"e16_ji1_GTGGTTATCTGAGGTT-1",2635,"Proliferative Smooth muscle"
"e16_ji1_GTGTAACAGCGTCTGC-1",2627,"Myofibroblast"
"e16_ji1_GTGTAACAGGGTATAT-1",1886,"Myofibroblast"
"e16_ji1_GTGTAACCACAAGCAG-1",2742,"Lymphoid"
"e16_ji1_GTGTAACGTGCGGTAA-1",855,"Myofibroblast"
"e16_ji1_GTGTAACGTGTATTCG-1",1900,"Fibroblast 3 (Adam12)"
"e16_ji1_GTGTCCTAGAAATTCG-1",2452,"Smooth muscle"
"e16_ji1_GTGTCCTCAGTTAGAA-1",1066,"Smooth muscle"
"e16_ji1_GTGTCCTGTAGGTTTC-1",1545,"Proliferative Smooth muscle"
"e16_ji1_GTGTCCTGTGCCCACA-1",629,"Smooth muscle"
"e16_ji1_GTGTCCTGTGGTTTGT-1",1539,"Smooth muscle"
"e16_ji1_GTGTGATAGCAAATGT-1",2635,"Fibroblast 2 (Fndc1/Dpt)"
"e16_ji1_GTGTGATAGTTCTACG-1",1970,"Fibroblast 5 (Mfap5/Grm3)"
"e16_ji1_GTGTGATCAACACGTT-1",2798,"Smooth muscle"
"e16_ji1_GTGTGATCAAGCGAGT-1",3153,"Fibroblast 1 (Col6a4/Adamdec1)"
"e16_ji1_GTGTGATCACACACGC-1",1743,"Fibroblast 3 (Adam12)"
"e16_ji1_GTGTGATGTGCCTGAC-1",2226,"Smooth muscle"
"e16_ji1_GTGTGATTCCGTTGAA-1",2473,"Smooth muscle"
"e16_ji1_GTGTTAGAGGCATGCA-1",1588,"Proliferative Fibroblast"
"e16_ji1_GTGTTAGCAAGTGGGT-1",2643,"Myofibroblast"
"e16_ji1_GTGTTAGCACACTGGC-1",634,"Proliferative Fibroblast"
"e16_ji1_GTGTTAGCACGCTATA-1",3397,"Proliferative Smooth muscle"
"e16_ji1_GTGTTCCGTCTCCCTA-1",538,"Myofibroblast"
"e16_ji1_GTGTTCCGTGCCCTTT-1",877,"Fibroblast 1 (Col6a4/Adamdec1)"
"e16_ji1_GTTACAGTCACACCGG-1",1787,"ICC"
"e16_ji1_GTTACAGTCATTGCGA-1",1900,"Mesothelial"
"e16_ji1_GTTACCCTCCAGTACA-1",2642,"Smooth muscle"
"e16_ji1_GTTACGACAGTGGTGA-1",1883,"Endothelial"
"e16_ji1_GTTACGATCAGGAAAT-1",2768,"Fibroblast 3 (Adam12)"
"e16_ji1_GTTACGATCGTACACA-1",1787,"Fibroblast 2 (Fndc1/Dpt)"
"e16_ji1_GTTAGACGTAATCAAG-1",1524,"Proliferative Smooth muscle"
"e16_ji1_GTTAGACGTAATGCTC-1",1740,"Smooth muscle"
"e16_ji1_GTTAGTGAGAGTCAAT-1",1048,"Smooth muscle"
"e16_ji1_GTTAGTGCATTGAGGG-1",2025,"Fibroblast 4 (Kcnn3)"
"e16_ji1_GTTAGTGGTAGTCTGT-1",2643,"Myofibroblast"
"e16_ji1_GTTAGTGGTGCACAAG-1",737,"Endothelial"
"e16_ji1_GTTATGGCACAGCCAC-1",2301,"Fibroblast 2 (Fndc1/Dpt)"
"e16_ji1_GTTATGGCATCCTCAC-1",3178,"Lymphoid"
"e16_ji1_GTTATGGTCCTCAGAA-1",1731,"Fibroblast 1 (Col6a4/Adamdec1)"
"e16_ji1_GTTCATTAGTAAGCAT-1",2033,"Myofibroblast"
"e16_ji1_GTTCATTAGTGACACG-1",1545,"Fibroblast 1 (Col6a4/Adamdec1)"
"e16_ji1_GTTCATTCATGGATCT-1",2323,"Smooth muscle"
"e16_ji1_GTTCATTGTCTGGTTA-1",1540,"Fibroblast 2 (Fndc1/Dpt)"
"e16_ji1_GTTCCGTCACAATGCT-1",1561,"ICC"
"e16_ji1_GTTCCGTGTACTTGTG-1",2739,"Fibroblast 2 (Fndc1/Dpt)"
"e16_ji1_GTTCCGTGTATTGCCA-1",637,"Fibroblast 2 (Fndc1/Dpt)"
"e16_ji1_GTTCGCTCACGGTCTG-1",1456,"Smooth muscle"
"e16_ji1_GTTCTATTCACAAGGG-1",2448,"Proliferative Fibroblast"
"e16_ji1_GTTGAACGTTGCCGAC-1",1070,"Myofibroblast"
"e16_ji1_GTTGAACTCGATGGAG-1",3164,"Fibroblast 2 (Fndc1/Dpt)"
"e16_ji1_GTTGCTCAGGAATCGC-1",1046,"Fibroblast 3 (Adam12)"
"e16_ji1_GTTGTAGAGTGACCTT-1",637,"Fibroblast 2 (Fndc1/Dpt)"
"e16_ji1_GTTGTAGTCATCGCCT-1",1929,"Fibroblast 2 (Fndc1/Dpt)"
"e16_ji1_GTTGTCCCAAACCATC-1",2796,"Smooth muscle"
"e16_ji1_GTTGTCCCATACCACA-1",918,"Proliferative Smooth muscle"
"e16_ji1_GTTGTCCTCCAACACA-1",1530,"Fibroblast 1 (Col6a4/Adamdec1)"
"e16_ji1_GTTGTGAAGGACATCG-1",1066,"Smooth muscle"
"e16_ji1_GTTGTGACAACAGTGG-1",1724,"Smooth muscle"
"e16_ji1_GTTGTGACAGGCATTT-1",1597,"Fibroblast 1 (Col6a4/Adamdec1)"
"e16_ji1_GTTTGGAAGACATCCT-1",773,"Proliferative Smooth muscle"
"e16_ji1_GTTTGGAAGCAGCGAT-1",1921,"Fibroblast 2 (Fndc1/Dpt)"
"e16_ji1_GTTTGGAAGCTGGAGT-1",1458,"Myofibroblast"
"e16_ji1_TAACACGAGACCATTC-1",1077,"Proliferative Smooth muscle"
"e16_ji1_TAACACGCATTCACCC-1",2070,"Endothelial"
"e16_ji1_TAACACGGTGCACGCT-1",668,"Lymphoid"
"e16_ji1_TAACACGTCATCGACA-1",284,"Proliferative Smooth muscle"
"e16_ji1_TAACCAGAGCGCATCC-1",1682,"Smooth muscle"
"e16_ji1_TAACCAGCATACTGAC-1",1929,"Fibroblast 1 (Col6a4/Adamdec1)"
"e16_ji1_TAACCAGGTAACAGTA-1",3377,"Smooth muscle"
"e16_ji1_TAACGACCAGTCGCTG-1",1518,"Smooth muscle"
"e16_ji1_TAACGACGTGCTCGTG-1",3081,"Smooth muscle"
"e16_ji1_TAACTTCAGGATTCCT-1",1893,"Proliferative Smooth muscle"
"e16_ji1_TAACTTCCAAAGGTTA-1",903,"Pericyte"
"e16_ji1_TAACTTCCAGGACTAG-1",1600,"Fibroblast 1 (Col6a4/Adamdec1)"
"e16_ji1_TAACTTCCAGTTTCAG-1",2448,"Fibroblast 1 (Col6a4/Adamdec1)"
"e16_ji1_TAACTTCGTTGGAGAC-1",737,"Endothelial"
"e16_ji1_TAAGCACCAACTGTGT-1",3294,"Myofibroblast"
"e16_ji1_TAAGCACTCCGAGTGC-1",2436,"Fibroblast 4 (Kcnn3)"
"e16_ji1_TAAGCCAAGCGTGCTC-1",2070,"Endothelial"
"e16_ji1_TAAGCCATCATTGTTC-1",647,"Proliferative Smooth muscle"
"e16_ji1_TAAGCGTCACAGTATC-1",538,"Smooth muscle"
"e16_ji1_TAAGCGTCACGACTAT-1",2436,"Fibroblast 2 (Fndc1/Dpt)"
"e16_ji1_TAAGCGTGTGTGCCTG-1",1764,"Fibroblast 2 (Fndc1/Dpt)"
"e16_ji1_TAAGTCGGTGAATGTA-1",2033,"Smooth muscle"
"e16_ji1_TAATCTCAGATTCGCT-1",737,"Endothelial"
"e16_ji1_TAATCTCTCAGCTGAT-1",2198,"Smooth muscle"
"e16_ji1_TAATTCCGTCTCACGG-1",1852,"Myofibroblast"
"e16_ji1_TACAACGAGAACGTGC-1",1765,"Proliferative Smooth muscle"
"e16_ji1_TACAACGAGCAGCCTC-1",1066,"Fibroblast 4 (Kcnn3)"
"e16_ji1_TACAACGGTATGCTTG-1",2057,"Smooth muscle"
"e16_ji1_TACACCCCAGAAGTTA-1",1906,"Fibroblast 2 (Fndc1/Dpt)"
"e16_ji1_TACACCCTCTAATTCC-1",1540,"Proliferative Smooth muscle"
"e16_ji1_TACAGGTAGACGCCAA-1",668,"Lymphoid"
"e16_ji1_TACAGGTCACGACAAG-1",2973,"Fibroblast 2 (Fndc1/Dpt)"
"e16_ji1_TACAGGTTCCGATCTC-1",1539,"Fibroblast 2 (Fndc1/Dpt)"
"e16_ji1_TACAGGTTCCTCATAT-1",2475,"Smooth muscle"
"e16_ji1_TACATTCAGATTAGTG-1",2512,"Mesothelial"
"e16_ji1_TACATTCAGCGTGTCC-1",1077,"Fibroblast 1 (Col6a4/Adamdec1)"
"e16_ji1_TACATTCCATACCAGT-1",1690,"Endothelial"
"e16_ji1_TACATTCCATTCATCT-1",2546,"Smooth muscle"
"e16_ji1_TACCCACGTAGAATGT-1",1846,"Smooth muscle"
"e16_ji1_TACCCACGTCTTCCGT-1",2439,"Endothelial"
"e16_ji1_TACCCACGTTGCGTAT-1",3077,"Proliferative Fibroblast"
"e16_ji1_TACCCACTCCGCAGTG-1",1455,"Fibroblast 3 (Adam12)"
"e16_ji1_TACCCACTCGGTCTAA-1",2454,"Fibroblast 4 (Kcnn3)"
"e16_ji1_TACCCGTCACCAGTTA-1",1587,"Proliferative Smooth muscle"
"e16_ji1_TACCCGTCAGTATACC-1",1247,"Fibroblast 1 (Col6a4/Adamdec1)"
"e16_ji1_TACCCGTGTCTCACGG-1",3130,"Smooth muscle"
"e16_ji1_TACCCGTGTGAAGCTG-1",2436,"Myofibroblast"
"e16_ji1_TACCCGTTCATAGACC-1",1900,"Fibroblast 3 (Adam12)"
"e16_ji1_TACCGAAAGGTCGCCT-1",3196,"Fibroblast 2 (Fndc1/Dpt)"
"e16_ji1_TACCGAAAGTCATAGA-1",1464,"Mesothelial"
"e16_ji1_TACCGAACAAGTGATA-1",991,"Proliferative Fibroblast"
"e16_ji1_TACCGAACAGGGTCTC-1",881,"Fibroblast 2 (Fndc1/Dpt)"
"e16_ji1_TACCGAAGTCAACCAT-1",1540,"Fibroblast 4 (Kcnn3)"
"e16_ji1_TACCGGGCAGCCCAGT-1",2403,"Proliferative Smooth muscle"
"e16_ji1_TACCGGGCAGCCTATA-1",1059,"Endothelial"
"e16_ji1_TACCGGGGTCCGTTTC-1",1787,"Fibroblast 1 (Col6a4/Adamdec1)"
"e16_ji1_TACCTCGAGGGTGAAA-1",799,"Mesothelial"
"e16_ji1_TACCTGCAGTTGAAAC-1",1561,"Fibroblast 2 (Fndc1/Dpt)"
"e16_ji1_TACCTGCCATACAGCT-1",1219,"Fibroblast 4 (Kcnn3)"
"e16_ji1_TACGCTCAGAAGGATG-1",697,"Fibroblast 4 (Kcnn3)"
"e16_ji1_TACGCTCGTGTTGACT-1",3178,"Lymphoid"
"e16_ji1_TACGCTCTCCCTCTCC-1",2173,"Endothelial"
"e16_ji1_TACGGGCCAAACCGGA-1",1906,"Proliferative Smooth muscle"
"e16_ji1_TACGGGCTCCCACAGG-1",2436,"Myofibroblast"
"e16_ji1_TACGGGCTCTCTGGTC-1",906,"ICC"
"e16_ji1_TACGGTAAGCTGTTCA-1",773,"Fibroblast 1 (Col6a4/Adamdec1)"
"e16_ji1_TACGGTAGTCAAATCC-1",767,"Fibroblast 6 (Lepr/Sp5)"
"e16_ji1_TACGGTAGTGCCGTAC-1",2144,"Fibroblast 3 (Adam12)"
"e16_ji1_TACGTCCAGCGATCGA-1",3332,"Proliferative Smooth muscle"
"e16_ji1_TACGTCCAGGAACGTC-1",1332,"Smooth muscle"
"e16_ji1_TACGTCCGTTGGGATG-1",2973,"Proliferative Smooth muscle"
"e16_ji1_TACGTCCGTTGTAAAG-1",2086,"Proliferative Smooth muscle"
"e16_ji1_TACGTCCTCGTCGGGT-1",1730,"Smooth muscle"
"e16_ji1_TACTGCCCAAGCGAAC-1",3205,"Myofibroblast"
"e16_ji1_TACTGCCGTAGAGGAA-1",1216,"Myofibroblast"
"e16_ji1_TACTGCCTCACTTATC-1",3295,"Proliferative Smooth muscle"
"e16_ji1_TACTTACAGCACCGAA-1",1699,"Myofibroblast"
"e16_ji1_TACTTACAGTCGAGGT-1",2403,"Fibroblast 2 (Fndc1/Dpt)"
"e16_ji1_TACTTACGTAAGGAGA-1",2633,"Fibroblast 1 (Col6a4/Adamdec1)"
"e16_ji1_TACTTACGTCCCTGAG-1",3196,"Proliferative Fibroblast"
"e16_ji1_TACTTCAAGCGGATCA-1",2544,"Endothelial"
"e16_ji1_TACTTCACAAGTGCTT-1",3178,"Lymphoid"
"e16_ji1_TACTTCACAGGTCAAG-1",3384,"Smooth muscle"
"e16_ji1_TACTTCAGTAGATCGG-1",2475,"Proliferative Smooth muscle"
"e16_ji1_TACTTCAGTCCGGATC-1",1347,"Smooth muscle"
"e16_ji1_TACTTCAGTGCCAAGA-1",1787,"Smooth muscle"
"e16_ji1_TACTTCATCGCCTCTA-1",1685,"Myofibroblast"
"e16_ji1_TACTTCATCGGAATGG-1",1651,"Proliferative Fibroblast"
"e16_ji1_TACTTCATCTCTGACC-1",644,"Endothelial"
"e16_ji1_TACTTGTCAGCGGTTC-1",2933,"Proliferative Smooth muscle"
"e16_ji1_TACTTGTTCGAACGGA-1",3205,"Fibroblast 2 (Fndc1/Dpt)"
"e16_ji1_TAGACCAAGTCGGCCT-1",3236,"Proliferative Smooth muscle"
"e16_ji1_TAGACCAGTTCCAGGC-1",3384,"Myofibroblast"
"e16_ji1_TAGACCATCATGAGGG-1",1524,"Proliferative Smooth muscle"
"e16_ji1_TAGACTGCAAGAGTGC-1",3164,"Proliferative Smooth muscle"
"e16_ji1_TAGACTGCATGACCCG-1",1651,"Fibroblast 1 (Col6a4/Adamdec1)"
"e16_ji1_TAGAGTCCAATTGCGT-1",1247,"Smooth muscle"
"e16_ji1_TAGAGTCCAGAACTAA-1",1743,"Fibroblast 3 (Adam12)"
"e16_ji1_TAGAGTCGTATACCCA-1",1030,"Smooth muscle"
"e16_ji1_TAGAGTCTCGCTTAAG-1",1743,"Myofibroblast"
"e16_ji1_TAGCACAGTGGTTCTA-1",947,"Proliferative Fibroblast"
"e16_ji1_TAGCACAGTTCGTTCC-1",954,"Fibroblast 1 (Col6a4/Adamdec1)"
"e16_ji1_TAGGAGGTCACAGAGG-1",3266,"Proliferative Fibroblast"
"e16_ji1_TAGGAGGTCAGTGATC-1",835,"ICC"
"e16_ji1_TAGGGTTGTAATGATG-1",987,"Smooth muscle"
"e16_ji1_TAGGGTTGTTGCTCAA-1",1743,"Endothelial"
"e16_ji1_TAGGGTTTCAACACGT-1",3171,"Smooth muscle"
"e16_ji1_TAGGTACAGTGTGTTC-1",2176,"Myofibroblast"
"e16_ji1_TAGGTACAGTTGCATC-1",2403,"Proliferative Fibroblast"
"e16_ji1_TAGGTTGTCTTAAGGC-1",1704,"Myeloid"
"e16_ji1_TAGTGCAAGGAGCTGT-1",2913,"Endothelial"
"e16_ji1_TAGTGCATCCATCCGT-1",668,"Myeloid"
"e16_ji1_TATACCTGTGTTTCTT-1",2739,"Fibroblast 1 (Col6a4/Adamdec1)"
"e16_ji1_TATATCCTCCGCACTT-1",2323,"Fibroblast 3 (Adam12)"
"e16_ji1_TATATCCTCTGAATGC-1",2378,"Fibroblast 2 (Fndc1/Dpt)"
"e16_ji1_TATCAGGAGGTCCTGC-1",1762,"Myofibroblast"
"e16_ji1_TATCAGGGTTGGTACT-1",2547,"Smooth muscle"
"e16_ji1_TATCCTAAGGCAGGTT-1",2323,"Myofibroblast"
"e16_ji1_TATCGCCAGACAACTA-1",1893,"Proliferative Smooth muscle"
"e16_ji1_TATCGCCAGCAACTTC-1",1651,"Proliferative Smooth muscle"
"e16_ji1_TATCGCCAGGCCTTGC-1",2512,"Mesothelial"
"e16_ji1_TATCTGTCAAGGCTTT-1",2105,"Fibroblast 3 (Adam12)"
"e16_ji1_TATCTGTCAGACCCGT-1",688,"Myofibroblast"
"e16_ji1_TATCTGTCAGGAACCA-1",3368,"ICC"
"e16_ji1_TATCTGTTCAGGCGAA-1",1897,"Endothelial"
"e16_ji1_TATCTGTTCCTAGCCT-1",1696,"Fibroblast 2 (Fndc1/Dpt)"
"e16_ji1_TATCTTGCAATGAGCG-1",3153,"Fibroblast 4 (Kcnn3)"
"e16_ji1_TATCTTGCATCCTTGC-1",799,"Endothelial"
"e16_ji1_TATGTTCCAATGTTGC-1",2707,"Proliferative Smooth muscle"
"e16_ji1_TATGTTCCAATTCTCT-1",1087,"Fibroblast 1 (Col6a4/Adamdec1)"
"e16_ji1_TATGTTCCAGGACTTT-1",1659,"ICC"
"e16_ji1_TATGTTCGTAACACCT-1",2079,"Endothelial"
"e16_ji1_TATGTTCGTTCTCCCA-1",1931,"Smooth muscle"
"e16_ji1_TATTCCAAGCGTTAGG-1",2675,"Fibroblast 4 (Kcnn3)"
"e16_ji1_TATTCCAGTGAAGCGT-1",2424,"Fibroblast 3 (Adam12)"
"e16_ji1_TATTCCATCCGAGATT-1",2506,"Myofibroblast"
"e16_ji1_TATTGCTCAAATAGCA-1",1893,"Smooth muscle"
"e16_ji1_TATTGGGTCGAATCCA-1",2533,"Proliferative Smooth muscle"
"e16_ji1_TATTTCGTCCGAAGGA-1",3196,"Smooth muscle"
"e16_ji1_TCAAGACAGCTAGAGC-1",690,"Fibroblast 2 (Fndc1/Dpt)"
"e16_ji1_TCAAGACCAGTGTACT-1",877,"Fibroblast 1 (Col6a4/Adamdec1)"
"e16_ji1_TCAAGACGTTGTGGAG-1",1767,"Fibroblast 4 (Kcnn3)"
"e16_ji1_TCAAGCAAGTAGATCA-1",2503,"Fibroblast 3 (Adam12)"
"e16_ji1_TCAAGCACAGAAATTG-1",616,"Smooth muscle"
"e16_ji1_TCAAGTGCAACAGATA-1",2424,"Mesothelial"
"e16_ji1_TCAAGTGCAGACATCT-1",1897,"Endothelial"
"e16_ji1_TCAAGTGCATCGATCA-1",3081,"Myofibroblast"
"e16_ji1_TCAAGTGGTTCGGTTA-1",674,"Smooth muscle"
"e16_ji1_TCAATCTAGAGGGTGG-1",1100,"Fibroblast 1 (Col6a4/Adamdec1)"
"e16_ji1_TCAATCTGTGGTCCGT-1",1690,"Endothelial"
"e16_ji1_TCAATCTTCCAGCCTT-1",2424,"Fibroblast 3 (Adam12)"
"e16_ji1_TCAATTCGTCGTACTA-1",3368,"Smooth muscle"
"e16_ji1_TCACAAGCATGAAGCG-1",2933,"Myofibroblast"
"e16_ji1_TCACAAGTCCGAACGC-1",2546,"Smooth muscle"
"e16_ji1_TCACACCCAATTGTGC-1",2425,"Smooth muscle"
"e16_ji1_TCACACCGTCACTAGT-1",3158,"Smooth muscle"
"e16_ji1_TCACACCGTCTCACGG-1",1929,"Fibroblast 1 (Col6a4/Adamdec1)"
"e16_ji1_TCACATTAGAGCACTG-1",1087,"Proliferative Smooth muscle"
"e16_ji1_TCACATTCAGGTGTTT-1",2707,"Smooth muscle"
"e16_ji1_TCACATTCATCTATCT-1",3332,"Myofibroblast"
"e16_ji1_TCACATTTCTAGATCG-1",3153,"ICC"
"e16_ji1_TCACGCTTCCATGAGT-1",2103,"Lymphoid"
"e16_ji1_TCACGGGAGCTAATGA-1",2878,"Smooth muscle"
"e16_ji1_TCACGGGAGGAGTATT-1",2454,"Fibroblast 3 (Adam12)"
"e16_ji1_TCACGGGAGGTGCTTT-1",2981,"Mesothelial"
"e16_ji1_TCACTCGAGGACAGCT-1",1347,"Smooth muscle"
"e16_ji1_TCACTCGAGTGCTCGC-1",3196,"Myofibroblast"
"e16_ji1_TCACTCGCATCGAAGG-1",3170,"Fibroblast 1 (Col6a4/Adamdec1)"
"e16_ji1_TCACTCGGTCAGTTTG-1",1886,"Smooth muscle"
"e16_ji1_TCACTCGGTCGAGCAA-1",2434,"Myofibroblast"
"e16_ji1_TCAGCAAGTCGAATTC-1",810,"Proliferative Smooth muscle"
"e16_ji1_TCAGCAATCGCCTTGT-1",1300,"Fibroblast 3 (Adam12)"
"e16_ji1_TCAGCAATCTTAGCAG-1",1743,"Endothelial"
"e16_ji1_TCAGCCTAGTTAACGA-1",1031,"Fibroblast 1 (Col6a4/Adamdec1)"
"e16_ji1_TCAGCCTGTGGGCTCT-1",1731,"Fibroblast 2 (Fndc1/Dpt)"
"e16_ji1_TCAGGTAAGGATGCGT-1",1731,"Fibroblast 2 (Fndc1/Dpt)"
"e16_ji1_TCAGTCCAGGTTGGTG-1",2552,"Fibroblast 3 (Adam12)"
"e16_ji1_TCAGTCCTCCCTTCCC-1",668,"Myeloid"
"e16_ji1_TCAGTGACATATCGGT-1",1540,"Fibroblast 2 (Fndc1/Dpt)"
"e16_ji1_TCAGTTTTCTAGTCAG-1",634,"Fibroblast 1 (Col6a4/Adamdec1)"
"e16_ji1_TCAGTTTTCTGTAAGC-1",2175,"Myofibroblast"
"e16_ji1_TCATACTAGGAACGCT-1",3205,"Smooth muscle"
"e16_ji1_TCATACTAGGATGAGA-1",2478,"Myofibroblast"
"e16_ji1_TCATACTTCTTCGTAT-1",1731,"Fibroblast 2 (Fndc1/Dpt)"
"e16_ji1_TCATATCAGCCATTTG-1",856,"Smooth muscle"
"e16_ji1_TCATATCAGGTCGAGT-1",2173,"Endothelial"
"e16_ji1_TCATATCCATTGACTG-1",1741,"Myofibroblast"
"e16_ji1_TCATATCGTACTGACT-1",1388,"Smooth muscle"
"e16_ji1_TCATATCGTGCTTATG-1",799,"Proliferative Smooth muscle"
"e16_ji1_TCATATCTCAGCACCG-1",2038,"Fibroblast 1 (Col6a4/Adamdec1)"
"e16_ji1_TCATATCTCATGCATG-1",947,"Myofibroblast"
"e16_ji1_TCATCATCAATGAACA-1",1454,"Fibroblast 4 (Kcnn3)"
"e16_ji1_TCATCATCATTAAGCC-1",1600,"Fibroblast 1 (Col6a4/Adamdec1)"
"e16_ji1_TCATCCGAGACTCTAC-1",3368,"Fibroblast 3 (Adam12)"
"e16_ji1_TCATCCGGTTAGAAAC-1",3178,"Myeloid"
"e16_ji1_TCATCCGTCTTTCCAA-1",2822,"Fibroblast 1 (Col6a4/Adamdec1)"
"e16_ji1_TCATGAGGTTGCCGCA-1",2452,"Smooth muscle"
"e16_ji1_TCATGAGTCATGGCCG-1",644,"Endothelial"
"e16_ji1_TCATGAGTCGAAGCCC-1",1518,"Proliferative Smooth muscle"
"e16_ji1_TCATGCCGTCACTCAA-1",835,"Myofibroblast"
"e16_ji1_TCATGCCTCTTACACT-1",1069,"Smooth muscle"
"e16_ji1_TCATGCCTCTTACCGC-1",1743,"Endothelial"
"e16_ji1_TCATGGAAGCCTTCTC-1",810,"Myofibroblast"
"e16_ji1_TCATGTTTCTCATGCC-1",3130,"Smooth muscle"
"e16_ji1_TCATTACTCAGGCGAA-1",2374,"Fibroblast 4 (Kcnn3)"
"e16_ji1_TCATTCACAACTGATC-1",2768,"Fibroblast 2 (Fndc1/Dpt)"
"e16_ji1_TCATTCACAATCCAGT-1",2144,"Fibroblast 1 (Col6a4/Adamdec1)"
"e16_ji1_TCATTCATCTCGGTCT-1",690,"Fibroblast 1 (Col6a4/Adamdec1)"
"e16_ji1_TCATTGTCATATACCG-1",3205,"Fibroblast 3 (Adam12)"
"e16_ji1_TCATTGTTCCAACACA-1",690,"Fibroblast 1 (Col6a4/Adamdec1)"
"e16_ji1_TCATTTGAGCGACTAG-1",1651,"Proliferative Smooth muscle"
"e16_ji1_TCATTTGCAACCAATC-1",2405,"Fibroblast 1 (Col6a4/Adamdec1)"
"e16_ji1_TCATTTGCAGTAGTGG-1",1069,"Myofibroblast"
"e16_ji1_TCATTTGGTCTACGTA-1",1682,"Fibroblast 1 (Col6a4/Adamdec1)"
"e16_ji1_TCCACCAAGCGACTTT-1",644,"Endothelial"
"e16_ji1_TCCACCAAGGATGGCT-1",2374,"Fibroblast 3 (Adam12)"
"e16_ji1_TCCACCAGTGTACAGG-1",673,"Fibroblast 6 (Lepr/Sp5)"
"e16_ji1_TCCACCAGTTCCGCAG-1",2798,"ICC"
"e16_ji1_TCCACGTCAGAAGCTG-1",2403,"Fibroblast 1 (Col6a4/Adamdec1)"
"e16_ji1_TCCATCGTCGAGCACC-1",2733,"Myofibroblast"
"e16_ji1_TCCATGCAGTATGAAC-1",2742,"Myeloid"
"e16_ji1_TCCATGCAGTTGGCTT-1",2025,"Myofibroblast"
"e16_ji1_TCCATGCCAACACGTT-1",1031,"Myofibroblast"
"e16_ji1_TCCATGCCAATCACGT-1",644,"Fibroblast 1 (Col6a4/Adamdec1)"
"e16_ji1_TCCATGCGTCCGTACG-1",1564,"Smooth muscle"
"e16_ji1_TCCATGCGTTCCTAAG-1",3268,"Smooth muscle"
"e16_ji1_TCCCACAGTAGTGCGA-1",2176,"Smooth muscle"
"e16_ji1_TCCCAGTTCCATATGG-1",2448,"Fibroblast 2 (Fndc1/Dpt)"
"e16_ji1_TCCCATGAGCGAGAAA-1",1724,"Smooth muscle"
"e16_ji1_TCCCATGCAACGGCTC-1",767,"Fibroblast 4 (Kcnn3)"
"e16_ji1_TCCCATGCAATGACCT-1",2822,"Pericyte"
"e16_ji1_TCCCATGCAGCGAACA-1",3081,"Myofibroblast"
"e16_ji1_TCCCATGGTGCTCTCT-1",3263,"Smooth muscle"
"e16_ji1_TCCCATGTCTGGCTGG-1",2033,"Myofibroblast"
"e16_ji1_TCCGAAAAGCCGAACA-1",1219,"Smooth muscle"
"e16_ji1_TCCGAAACACCAGCGT-1",773,"Fibroblast 2 (Fndc1/Dpt)"
"e16_ji1_TCCGAAAGTATTGCCA-1",2375,"Fibroblast 1 (Col6a4/Adamdec1)"
"e16_ji1_TCCGAAATCACCATAG-1",1886,"Myofibroblast"
"e16_ji1_TCCGATCCACTTCATT-1",3178,"Lymphoid"
"e16_ji1_TCCGATCCATCTCATT-1",2635,"Smooth muscle"
"e16_ji1_TCCGATCTCGTTATCT-1",2103,"Lymphoid"
"e16_ji1_TCCGGGAAGCATGCGA-1",1037,"Myofibroblast"
"e16_ji1_TCCGGGAGTTCTAACG-1",637,"ICC"
"e16_ji1_TCCGTGTCACTCCGGA-1",1348,"Fibroblast 1 (Col6a4/Adamdec1)"
"e16_ji1_TCCTAATCAACATCGT-1",2144,"Fibroblast 1 (Col6a4/Adamdec1)"
"e16_ji1_TCCTAATCAACTGCTA-1",3145,"Myofibroblast"
"e16_ji1_TCCTAATCAGACCAGA-1",2621,"Smooth muscle"
"e16_ji1_TCCTAATGTGCTCGTG-1",2742,"Lymphoid"
"e16_ji1_TCCTAATGTTAAACAG-1",3058,"Myofibroblast"
"e16_ji1_TCCTCCCAGCAGAAAG-1",1793,"Proliferative Smooth muscle"
"e16_ji1_TCCTCCCAGGACAGCT-1",2123,"ICC"
"e16_ji1_TCCTCCCAGGCACCAA-1",2486,"Proliferative Smooth muscle"
"e16_ji1_TCCTCCCAGTAGACCG-1",2454,"ICC"
"e16_ji1_TCCTCGAAGCCTCACG-1",1518,"Myofibroblast"
"e16_ji1_TCCTCGACACATCCCT-1",2986,"Myofibroblast"
"e16_ji1_TCCTCTTAGATTGACA-1",1247,"Fibroblast 2 (Fndc1/Dpt)"
"e16_ji1_TCCTCTTCAAGTTCGT-1",687,"Fibroblast 1 (Col6a4/Adamdec1)"
"e16_ji1_TCCTCTTCACCTTCCA-1",1530,"Fibroblast 2 (Fndc1/Dpt)"
"e16_ji1_TCCTCTTCACTACCGG-1",3344,"Smooth muscle"
"e16_ji1_TCCTCTTTCTACGCAA-1",1524,"Smooth muscle"
"e16_ji1_TCCTGCAAGTTCCGTA-1",1087,"Proliferative Smooth muscle"
"e16_ji1_TCCTGCACACGCTGCA-1",1886,"Smooth muscle"
"e16_ji1_TCCTGCAGTAGCTGCC-1",1912,"Fibroblast 5 (Mfap5/Grm3)"
"e16_ji1_TCCTGCAGTCTTCTAT-1",1533,"Smooth muscle"
"e16_ji1_TCCTGCATCCGGTTCT-1",3178,"Lymphoid"
"e16_ji1_TCCTGCATCTACACAG-1",1787,"Fibroblast 1 (Col6a4/Adamdec1)"
"e16_ji1_TCCTTCTAGCCTTTCC-1",2401,"Smooth muscle"
"e16_ji1_TCCTTCTGTGGTTTGT-1",2369,"Mesothelial"
"e16_ji1_TCCTTTCAGGGAGGGT-1",3170,"Pericyte"
"e16_ji1_TCCTTTCAGTGTACAA-1",1031,"Smooth muscle"
"e16_ji1_TCCTTTCCACGCAGTC-1",2544,"Fibroblast 3 (Adam12)"
"e16_ji1_TCCTTTCGTACCACGC-1",2986,"Myofibroblast"
"e16_ji1_TCCTTTCTCATGCATG-1",3205,"ICC"
"e16_ji1_TCGAACAAGCGGTAAC-1",1588,"Fibroblast 3 (Adam12)"
"e16_ji1_TCGAACAAGGGTCAAC-1",2415,"Myofibroblast"
"e16_ji1_TCGAACAGTACGTAGG-1",799,"Myofibroblast"
"e16_ji1_TCGAACAGTCGCTTGG-1",1561,"Smooth muscle"
"e16_ji1_TCGAACATCCGACATA-1",2486,"Myofibroblast"
"e16_ji1_TCGAACATCTCAGTCC-1",1651,"Fibroblast 1 (Col6a4/Adamdec1)"
"e16_ji1_TCGAAGTAGAAGCGGG-1",1764,"Fibroblast 2 (Fndc1/Dpt)"
"e16_ji1_TCGAAGTAGCTCGACC-1",2103,"Lymphoid"
"e16_ji1_TCGAAGTCATGTGGTT-1",3300,"Proliferative Smooth muscle"
"e16_ji1_TCGAAGTGTGTATCCA-1",647,"Myofibroblast"
"e16_ji1_TCGAAGTGTGTGCTTA-1",2635,"Fibroblast 2 (Fndc1/Dpt)"
"e16_ji1_TCGACCTAGATAGGGA-1",1597,"Fibroblast 1 (Col6a4/Adamdec1)"
"e16_ji1_TCGACCTAGGAGCTGT-1",1336,"ICC"
"e16_ji1_TCGACCTCAGGAAGTC-1",3196,"Proliferative Smooth muscle"
"e16_ji1_TCGACCTGTCCATCTC-1",2798,"Smooth muscle"
"e16_ji1_TCGACCTGTGGGATTG-1",1929,"Fibroblast 1 (Col6a4/Adamdec1)"
"e16_ji1_TCGACGGCAATTTCCT-1",637,"Proliferative Fibroblast"
"e16_ji1_TCGACGGGTAGTGCGA-1",1940,"Mesothelial"
"e16_ji1_TCGATTTAGACAACAT-1",2768,"Fibroblast 1 (Col6a4/Adamdec1)"
"e16_ji1_TCGATTTCACCATATG-1",1731,"Fibroblast 1 (Col6a4/Adamdec1)"
"e16_ji1_TCGCACTAGTGTTGAA-1",3397,"Proliferative Fibroblast"
"e16_ji1_TCGCACTCATATCTCT-1",2737,"Myofibroblast"
"e16_ji1_TCGCACTCATCTTTCA-1",1348,"Pericyte"
"e16_ji1_TCGCACTGTTGCCTAA-1",3229,"Myofibroblast"
"e16_ji1_TCGCAGGAGTCGCCAC-1",3164,"Myofibroblast"
"e16_ji1_TCGCAGGCATGCAGGA-1",1927,"Fibroblast 2 (Fndc1/Dpt)"
"e16_ji1_TCGCAGGTCTCTTCAA-1",2496,"Fibroblast 2 (Fndc1/Dpt)"
"e16_ji1_TCGCTCAAGGACTATA-1",2552,"Fibroblast 3 (Adam12)"
"e16_ji1_TCGCTCAGTAGGTAGC-1",644,"Endothelial"
"e16_ji1_TCGCTCAGTCGCCACA-1",3196,"ICC"
"e16_ji1_TCGCTCAGTGGCTTAT-1",1167,"Smooth muscle"
"e16_ji1_TCGCTTGAGAGGCGTT-1",2025,"Proliferative Smooth muscle"
"e16_ji1_TCGCTTGAGTTGCCCG-1",2033,"Smooth muscle"
"e16_ji1_TCGCTTGGTACGAGTG-1",2389,"Myofibroblast"
"e16_ji1_TCGCTTGGTCACCCTT-1",3397,"Fibroblast 2 (Fndc1/Dpt)"
"e16_ji1_TCGCTTGGTTGGTAGG-1",1886,"Myofibroblast"
"e16_ji1_TCGCTTGTCAAGGAGC-1",3349,"Proliferative Smooth muscle"
"e16_ji1_TCGGATAAGACACACG-1",634,"Fibroblast 2 (Fndc1/Dpt)"
"e16_ji1_TCGGATAAGCGGTATG-1",1743,"Myofibroblast"
"e16_ji1_TCGGATACAAATGGAT-1",1454,"Mesothelial"
"e16_ji1_TCGGATACACTTGTGA-1",1515,"Smooth muscle"
"e16_ji1_TCGGATAGTAAGCAAT-1",1031,"Fibroblast 4 (Kcnn3)"
"e16_ji1_TCGGATAGTCCCAAAT-1",1515,"Fibroblast 1 (Col6a4/Adamdec1)"
"e16_ji1_TCGGATATCCGCAGTG-1",1731,"Fibroblast 6 (Lepr/Sp5)"
"e16_ji1_TCGGGACCAGCGTTTA-1",903,"Fibroblast 6 (Lepr/Sp5)"
"e16_ji1_TCGGGACCATTAAAGG-1",2033,"Myofibroblast"
"e16_ji1_TCGGGACGTATCGGTT-1",1240,"Smooth muscle"
"e16_ji1_TCGGGACGTCGAACGA-1",2436,"Fibroblast 2 (Fndc1/Dpt)"
"e16_ji1_TCGGTCTAGATGTTAG-1",3377,"Myofibroblast"
"e16_ji1_TCGGTCTCAACGGGTA-1",2798,"Smooth muscle"
"e16_ji1_TCGGTCTCAGAGGCTA-1",823,"Fibroblast 3 (Adam12)"
"e16_ji1_TCGGTCTGTCGGTGAA-1",2105,"Fibroblast 5 (Mfap5/Grm3)"
"e16_ji1_TCGTAGAAGCATTGAA-1",2635,"Fibroblast 2 (Fndc1/Dpt)"
"e16_ji1_TCGTAGACAGCTCGGT-1",1387,"Endothelial"
"e16_ji1_TCGTAGAGTGGCCACT-1",1381,"Smooth muscle"
"e16_ji1_TCGTCCACATCGGTTA-1",2173,"Endothelial"
"e16_ji1_TCGTGGGCAAAGACTA-1",3332,"Myofibroblast"
"e16_ji1_TCGTGGGGTGACTCGC-1",1743,"Myofibroblast"
"e16_ji1_TCTAACTCATAACTCG-1",3295,"Proliferative Smooth muscle"
"e16_ji1_TCTAACTCATGACTAC-1",3300,"Proliferative Fibroblast"
"e16_ji1_TCTAACTGTAGTCTGT-1",1588,"Fibroblast 2 (Fndc1/Dpt)"
"e16_ji1_TCTAACTGTCTCGGGT-1",3300,"Fibroblast 2 (Fndc1/Dpt)"
"e16_ji1_TCTAACTTCTTCTGGC-1",1037,"Fibroblast 2 (Fndc1/Dpt)"
"e16_ji1_TCTACATAGATGTTCC-1",1662,"Fibroblast 2 (Fndc1/Dpt)"
"e16_ji1_TCTACATAGGTGCTAG-1",3178,"Lymphoid"
"e16_ji1_TCTACATGTTCAATCG-1",904,"Smooth muscle"
"e16_ji1_TCTACATTCCACAGCG-1",2115,"Myofibroblast"
"e16_ji1_TCTACCGAGAGTGAAG-1",2675,"Proliferative Smooth muscle"
"e16_ji1_TCTACCGAGGGTGAGG-1",3133,"Fibroblast 3 (Adam12)"
"e16_ji1_TCTATACGTAGATCCT-1",620,"Myofibroblast"
"e16_ji1_TCTATACGTTAAGCAA-1",3226,"Myofibroblast"
"e16_ji1_TCTATACGTTCGGTTA-1",1247,"Smooth muscle"
"e16_ji1_TCTATCAAGGGTTGCA-1",2675,"Proliferative Fibroblast"
"e16_ji1_TCTATCACACACCAGC-1",1749,"Mesothelial"
"e16_ji1_TCTCAGCCAAATGCTC-1",2739,"Smooth muscle"
"e16_ji1_TCTCAGCCAAGTGGAC-1",2768,"Fibroblast 4 (Kcnn3)"
"e16_ji1_TCTCAGCGTATAGGGC-1",1524,"Smooth muscle"
"e16_ji1_TCTCAGCTCCTCCACA-1",1731,"Fibroblast 1 (Col6a4/Adamdec1)"
"e16_ji1_TCTCCGAAGATTGCGG-1",2642,"Smooth muscle"
"e16_ji1_TCTCCGAAGGTTCCAT-1",2431,"Myofibroblast"
"e16_ji1_TCTCCGAAGGTTGTTC-1",2288,"Fibroblast 2 (Fndc1/Dpt)"
"e16_ji1_TCTCCGACAACGCCCA-1",773,"Fibroblast 2 (Fndc1/Dpt)"
"e16_ji1_TCTCCGACACAGAAGC-1",908,"Fibroblast 2 (Fndc1/Dpt)"
"e16_ji1_TCTCCGACAGCTCGGT-1",2436,"Proliferative Smooth muscle"
"e16_ji1_TCTCCGATCGGAATGG-1",799,"Fibroblast 2 (Fndc1/Dpt)"
"e16_ji1_TCTCCGATCTTCTGTA-1",644,"Proliferative Smooth muscle"
"e16_ji1_TCTCTGGAGATCCCGC-1",773,"Proliferative Smooth muscle"
"e16_ji1_TCTCTGGAGATGCTTC-1",637,"Myofibroblast"
"e16_ji1_TCTCTGGCAAGCGCAA-1",2973,"Proliferative Fibroblast"
"e16_ji1_TCTCTGGGTCTTGGTA-1",650,"Proliferative Fibroblast"
"e16_ji1_TCTCTGGTCCGGTAAT-1",1846,"Proliferative Smooth muscle"
"e16_ji1_TCTCTGGTCGCATGAT-1",1381,"Fibroblast 4 (Kcnn3)"
"e16_ji1_TCTGCCAAGCGGTAGT-1",3377,"Proliferative Smooth muscle"
"e16_ji1_TCTGCCACACTATGTG-1",1912,"Fibroblast 1 (Col6a4/Adamdec1)"
"e16_ji1_TCTGCCACAGGACATG-1",2767,"ICC"
"e16_ji1_TCTGCCAGTAACCCGC-1",776,"Pericyte"
"e16_ji1_TCTGCCAGTGTCGATT-1",1767,"Fibroblast 1 (Col6a4/Adamdec1)"
"e16_ji1_TCTGGCTAGAGTATAC-1",2211,"Smooth muscle"
"e16_ji1_TCTGGCTCAACCACAT-1",831,"Endothelial"
"e16_ji1_TCTGGCTTCAAACTGC-1",2210,"Myofibroblast"
"e16_ji1_TCTGTCGAGGGTTGCA-1",1540,"Proliferative Smooth muscle"
"e16_ji1_TCTGTCGCAACCACAT-1",1883,"Endothelial"
"e16_ji1_TCTTAGTAGACAACTA-1",667,"Fibroblast 2 (Fndc1/Dpt)"
"e16_ji1_TCTTAGTGTACCTGTA-1",1884,"Myofibroblast"
"e16_ji1_TCTTCCTAGACTTAAG-1",3133,"Fibroblast 3 (Adam12)"
"e16_ji1_TCTTCCTCAGCTTTGA-1",1662,"Smooth muscle"
"e16_ji1_TCTTCCTTCGCGCCAA-1",668,"Myeloid"
"e16_ji1_TCTTGCGAGGCCGCTT-1",2436,"Fibroblast 4 (Kcnn3)"
"e16_ji1_TCTTGCGTCCAGCCTT-1",1884,"Proliferative Smooth muscle"
"e16_ji1_TCTTTGAAGCGAACTG-1",1413,"Proliferative Fibroblast"
"e16_ji1_TCTTTGAGTATACGGG-1",634,"ICC"
"e16_ji1_TCTTTGAGTCCGGACT-1",2211,"Smooth muscle"
"e16_ji1_TCTTTGATCTTTCGAT-1",1651,"Pericyte"
"e16_ji1_TGAACGTAGTTTAGGA-1",1030,"Smooth muscle"
"e16_ji1_TGAACGTCACAGCATT-1",3351,"Endothelial"
"e16_ji1_TGAATCGAGCAGAAAG-1",1886,"Myofibroblast"
"e16_ji1_TGAATCGGTCTGTAGT-1",1597,"Smooth muscle"
"e16_ji1_TGAATCGGTTCCATTT-1",3205,"Mesothelial"
"e16_ji1_TGAATCGTCAGGAAGC-1",2759,"Smooth muscle"
"e16_ji1_TGAATGCAGCACCGTC-1",2198,"Fibroblast 3 (Adam12)"
"e16_ji1_TGAATGCGTAACGGTG-1",737,"Endothelial"
"e16_ji1_TGAATGCTCACAGTGT-1",3265,"ICC"
"e16_ji1_TGAATGCTCACGATCA-1",1846,"Smooth muscle"
"e16_ji1_TGACAGTAGTGAGCCA-1",877,"Proliferative Smooth muscle"
"e16_ji1_TGACAGTCAACAAAGT-1",744,"Proliferative Smooth muscle"
"e16_ji1_TGACAGTTCATTGGTG-1",2403,"Fibroblast 4 (Kcnn3)"
"e16_ji1_TGACCCTCAGGATGAC-1",947,"Smooth muscle"
"e16_ji1_TGACGCGCACGTCTCT-1",2403,"Fibroblast 4 (Kcnn3)"
"e16_ji1_TGACGCGCAGCTCGGT-1",1669,"ICC"
"e16_ji1_TGACGCGGTCTGTAGT-1",1535,"ICC"
"e16_ji1_TGACGCGTCGATTGAC-1",2436,"Proliferative Fibroblast"
"e16_ji1_TGACTCCAGAAGCGAA-1",687,"Myofibroblast"
"e16_ji1_TGACTCCTCCACACCT-1",3175,"Fibroblast 1 (Col6a4/Adamdec1)"
"e16_ji1_TGAGACTCACTACCGG-1",3300,"Fibroblast 2 (Fndc1/Dpt)"
"e16_ji1_TGAGACTTCGTGGCTG-1",2909,"Fibroblast 2 (Fndc1/Dpt)"
"e16_ji1_TGAGCATCAAGGGTCA-1",2209,"Myeloid"
"e16_ji1_TGAGCGCAGAAGCCTG-1",2144,"ICC"
"e16_ji1_TGAGCGCGTGGACTAG-1",2948,"Fibroblast 2 (Fndc1/Dpt)"
"e16_ji1_TGAGCGCGTTCGGACC-1",2488,"Smooth muscle"
"e16_ji1_TGAGGAGTCAACTACG-1",3145,"Proliferative Fibroblast"
"e16_ji1_TGAGGGAAGCGACTTT-1",1893,"Fibroblast 1 (Col6a4/Adamdec1)"
"e16_ji1_TGAGGGACACAGCGCT-1",2772,"Mesothelial"
"e16_ji1_TGAGGGACATTGTAGC-1",1634,"ICC"
"e16_ji1_TGAGGTTAGGTAATCA-1",2461,"Proliferative Fibroblast"
"e16_ji1_TGAGGTTGTACCTTCC-1",1517,"Fibroblast 2 (Fndc1/Dpt)"
"e16_ji1_TGAGGTTGTATGCGTT-1",2198,"Smooth muscle"
"e16_ji1_TGAGGTTGTCCACGCA-1",667,"Proliferative Smooth muscle"
"e16_ji1_TGAGTCACACAGTACT-1",2516,"Fibroblast 2 (Fndc1/Dpt)"
"e16_ji1_TGAGTCACACGCAAAG-1",1587,"Myofibroblast"
"e16_ji1_TGAGTCACATCAACCA-1",1462,"Smooth muscle"
"e16_ji1_TGATCAGCAAGACCGA-1",2798,"Proliferative Fibroblast"
"e16_ji1_TGATCAGTCGTTCTGC-1",1659,"Fibroblast 3 (Adam12)"
"e16_ji1_TGATCTTCATAGACTC-1",2337,"Fibroblast 1 (Col6a4/Adamdec1)"
"e16_ji1_TGATCTTGTCAACCAT-1",2425,"Proliferative Smooth muscle"
"e16_ji1_TGATCTTTCCCTTGGT-1",1720,"Fibroblast 2 (Fndc1/Dpt)"
"e16_ji1_TGATGCACACACGCCA-1",673,"Fibroblast 3 (Adam12)"
"e16_ji1_TGATGGTCAGAATCGG-1",437,"ICC"
"e16_ji1_TGATGGTGTCACGTGC-1",2719,"ICC"
"e16_ji1_TGATGGTGTTGTCATG-1",2688,"Proliferative Smooth muscle"
"e16_ji1_TGATGGTTCACCGGTG-1",1897,"Endothelial"
"e16_ji1_TGATTTCAGCTGTGCC-1",2357,"Proliferative Smooth muscle"
"e16_ji1_TGATTTCCACTCAAGT-1",851,"Lymphoid"
"e16_ji1_TGCACGGAGGTAGGCT-1",1929,"Fibroblast 1 (Col6a4/Adamdec1)"
"e16_ji1_TGCACGGCACCACATA-1",3229,"Myofibroblast"
"e16_ji1_TGCACGGCACGACGCT-1",1347,"Fibroblast 3 (Adam12)"
"e16_ji1_TGCACGGCAGAAGCTG-1",2475,"Myofibroblast"
"e16_ji1_TGCAGATAGACTACCT-1",2516,"Fibroblast 4 (Kcnn3)"
"e16_ji1_TGCAGATCATCCCACT-1",2534,"Proliferative Smooth muscle"
"e16_ji1_TGCAGATGTGCTGCAC-1",2753,"Myeloid"
"e16_ji1_TGCAGGCAGCTCCCTT-1",2719,"Fibroblast 2 (Fndc1/Dpt)"
"e16_ji1_TGCAGGCCAATCCTTT-1",3239,"Fibroblast 2 (Fndc1/Dpt)"
"e16_ji1_TGCAGGCCATGTTCGA-1",2798,"Fibroblast 3 (Adam12)"
"e16_ji1_TGCAGGCTCCTGATAG-1",1524,"Fibroblast 2 (Fndc1/Dpt)"
"e16_ji1_TGCAGTAGTCAAAGCG-1",538,"Smooth muscle"
"e16_ji1_TGCAGTAGTCGTAATC-1",1669,"Smooth muscle"
"e16_ji1_TGCAGTATCGTCTACC-1",799,"Myofibroblast"
"e16_ji1_TGCATCCCAGCTTCCT-1",3164,"Proliferative Fibroblast"
"e16_ji1_TGCATCCCATTAAGCC-1",3196,"Fibroblast 4 (Kcnn3)"
"e16_ji1_TGCATCCGTACGGTTT-1",3239,"Proliferative Fibroblast"
"e16_ji1_TGCATCCTCATGGATC-1",2772,"ICC"
"e16_ji1_TGCATGAAGTAAGAGG-1",1321,"Fibroblast 1 (Col6a4/Adamdec1)"
"e16_ji1_TGCATGAGTCTACAGT-1",2424,"Mesothelial"
"e16_ji1_TGCATGAGTTTCGGCG-1",1893,"Fibroblast 2 (Fndc1/Dpt)"
"e16_ji1_TGCCGAGCACAAGCAG-1",737,"Endothelial"
"e16_ji1_TGCCGAGTCCAAGGGA-1",1059,"Endothelial"
"e16_ji1_TGCCGAGTCTTAGCTT-1",1743,"Endothelial"
"e16_ji1_TGCGACGAGTTGCCTA-1",773,"Smooth muscle"
"e16_ji1_TGCGACGCAAGCGGAT-1",2825,"Myofibroblast"
"e16_ji1_TGCGACGCAATAGGGC-1",3332,"Myofibroblast"
"e16_ji1_TGCGACGTCAGTCCGG-1",744,"ICC"
"e16_ji1_TGCGACGTCCACCTGT-1",3229,"Myofibroblast"
"e16_ji1_TGCGACGTCGGTTAGT-1",1300,"Fibroblast 3 (Adam12)"
"e16_ji1_TGCGATACAGCGATTT-1",2516,"Fibroblast 2 (Fndc1/Dpt)"
"e16_ji1_TGCGATATCGAGTGAG-1",2338,"Proliferative Fibroblast"
"e16_ji1_TGCGATATCTCTGACC-1",990,"Fibroblast 3 (Adam12)"
"e16_ji1_TGCGGCATCATTGCGA-1",1361,"Smooth muscle"
"e16_ji1_TGCGGCATCGCCAATA-1",2025,"Myofibroblast"
"e16_ji1_TGCGGGTAGGTGGGTT-1",1770,"Proliferative Smooth muscle"
"e16_ji1_TGCGGGTAGTGCCAGA-1",2546,"Proliferative Smooth muscle"
"e16_ji1_TGCTCCAAGAAGCTCG-1",3266,"Pericyte"
"e16_ji1_TGCTCCAAGCGTTAGG-1",1524,"Proliferative Smooth muscle"
"e16_ji1_TGCTCCACAATTTCTC-1",1597,"Fibroblast 2 (Fndc1/Dpt)"
"e16_ji1_TGCTCCATCCTCTAAT-1",848,"Fibroblast 4 (Kcnn3)"
"e16_ji1_TGCTCGTTCGACGCTG-1",1073,"Smooth muscle"
"e16_ji1_TGCTGAAAGCCTCTCT-1",1787,"Smooth muscle"
"e16_ji1_TGCTGAACACCGCTGA-1",1165,"Smooth muscle"
"e16_ji1_TGCTGAACATTCTGTT-1",1671,"Myofibroblast"
"e16_ji1_TGCTTCGAGACGCCCT-1",1348,"Myofibroblast"
"e16_ji1_TGCTTCGAGAGCTGCA-1",1348,"Smooth muscle"
"e16_ji1_TGCTTCGCAAAGGATT-1",3225,"Proliferative Smooth muscle"
"e16_ji1_TGCTTCGGTAGGTACG-1",1310,"Smooth muscle"
"e16_ji1_TGCTTCGGTCACTAGT-1",1846,"Myofibroblast"
"e16_ji1_TGCTTGCAGGAGCTGT-1",1419,"Endothelial"
"e16_ji1_TGCTTGCAGTATAGAC-1",3171,"Proliferative Smooth muscle"
"e16_ji1_TGCTTGCAGTCAAGCG-1",3269,"Fibroblast 1 (Col6a4/Adamdec1)"
"e16_ji1_TGCTTGCAGTGGTTAA-1",2909,"Fibroblast 2 (Fndc1/Dpt)"
"e16_ji1_TGGAACTAGTTCTCTT-1",1245,"Myofibroblast"
"e16_ji1_TGGAACTTCGATTTCT-1",1539,"Fibroblast 2 (Fndc1/Dpt)"
"e16_ji1_TGGAGAGGTCTGTCAA-1",2369,"Smooth muscle"
"e16_ji1_TGGAGAGTCCGTGGCA-1",2544,"Endothelial"
"e16_ji1_TGGAGAGTCGAAGCAG-1",690,"Fibroblast 2 (Fndc1/Dpt)"
"e16_ji1_TGGAGGACAAATGGTA-1",2134,"Fibroblast 1 (Col6a4/Adamdec1)"
"e16_ji1_TGGATCAGTCATTCCC-1",1910,"Smooth muscle"
"e16_ji1_TGGATCAGTCGAATTC-1",1037,"Fibroblast 2 (Fndc1/Dpt)"
"e16_ji1_TGGATGTGTAGTTAGA-1",2544,"Proliferative Smooth muscle"
"e16_ji1_TGGATGTGTGATCGTT-1",1423,"Myofibroblast"
"e16_ji1_TGGATGTTCGGAAACG-1",3205,"Myofibroblast"
"e16_ji1_TGGATGTTCTCCTGAC-1",1167,"Myofibroblast"
"e16_ji1_TGGCGTGAGCAATAGT-1",1464,"Smooth muscle"
"e16_ji1_TGGCGTGAGGAAGTAG-1",1561,"Smooth muscle"
"e16_ji1_TGGCGTGAGGACTTCT-1",1462,"Proliferative Smooth muscle"
"e16_ji1_TGGCGTGCACAGTCCG-1",2103,"Lymphoid"
"e16_ji1_TGGCGTGCAGCAGTTT-1",1381,"Smooth muscle"
"e16_ji1_TGGGAGAAGACCTCCG-1",1912,"Fibroblast 3 (Adam12)"
"e16_ji1_TGGGAGAAGCTGAGTG-1",644,"Endothelial"
"e16_ji1_TGGGAGAGTCACTCGG-1",1218,"Smooth muscle"
"e16_ji1_TGGGAGATCGGCCCAA-1",3194,"Smooth muscle"
"e16_ji1_TGGGATTGTTGCTAGT-1",1941,"Fibroblast 4 (Kcnn3)"
"e16_ji1_TGGGCGTAGCAAATGT-1",3166,"Fibroblast 3 (Adam12)"
"e16_ji1_TGGGCTGGTTATCTGG-1",3130,"Myofibroblast"
"e16_ji1_TGGGTTATCTCCATAT-1",2338,"Proliferative Smooth muscle"
"e16_ji1_TGGTACACAGTTAAAG-1",1115,"Smooth muscle"
"e16_ji1_TGGTAGTGTGAGATAT-1",1912,"Fibroblast 3 (Adam12)"
"e16_ji1_TGGTAGTTCGACTCCT-1",1724,"Smooth muscle"
"e16_ji1_TGGTAGTTCGGTCGAC-1",3175,"Proliferative Fibroblast"
"e16_ji1_TGGTAGTTCTTTCCGG-1",711,"Fibroblast 2 (Fndc1/Dpt)"
"e16_ji1_TGGTTAGGTCGAATTC-1",1348,"Fibroblast 1 (Col6a4/Adamdec1)"
"e16_ji1_TGTAACGAGTACGTCT-1",2323,"Fibroblast 4 (Kcnn3)"
"e16_ji1_TGTAACGTCATTACTC-1",791,"ICC"
"e16_ji1_TGTAACGTCTTTACAC-1",632,"Fibroblast 1 (Col6a4/Adamdec1)"
"e16_ji1_TGTAAGCAGGCAATGC-1",3081,"Myofibroblast"
"e16_ji1_TGTAAGCAGTGGAAAG-1",2357,"Smooth muscle"
"e16_ji1_TGTAAGCTCGGACAAG-1",1730,"Proliferative Smooth muscle"
"e16_ji1_TGTAAGCTCTAGTGTG-1",3145,"Myofibroblast"
"e16_ji1_TGTACAGAGTGGACTG-1",2642,"Smooth muscle"
"e16_ji1_TGTACAGGTAAGTAGT-1",1910,"Pericyte"
"e16_ji1_TGTACAGGTATCGAGG-1",2579,"Fibroblast 2 (Fndc1/Dpt)"
"e16_ji1_TGTACAGGTCCTACGG-1",3236,"Fibroblast 2 (Fndc1/Dpt)"
"e16_ji1_TGTACAGTCGTGTGGC-1",2405,"Fibroblast 1 (Col6a4/Adamdec1)"
"e16_ji1_TGTAGACTCACTCCGT-1",1381,"Fibroblast 3 (Adam12)"
"e16_ji1_TGTCAGAAGGATACAT-1",2948,"ICC"
"e16_ji1_TGTCAGAAGGGCCTCT-1",1893,"Smooth muscle"
"e16_ji1_TGTCAGACAGTAGAAT-1",2579,"Proliferative Fibroblast"
"e16_ji1_TGTCAGAGTAAGATTG-1",1886,"Myofibroblast"
"e16_ji1_TGTCAGAGTGGTCTTA-1",1196,"Proliferative Smooth muscle"
"e16_ji1_TGTCCACAGATCGACG-1",2767,"Myofibroblast"
"e16_ji1_TGTCCACAGCTGTTAC-1",737,"Endothelial"
"e16_ji1_TGTCCACGTACGTGAG-1",1651,"Pericyte"
"e16_ji1_TGTCCACTCTACGCGG-1",2689,"Fibroblast 1 (Col6a4/Adamdec1)"
"e16_ji1_TGTCCCAAGATGGTCG-1",2144,"Fibroblast 4 (Kcnn3)"
"e16_ji1_TGTCCCAAGGCTGTAG-1",3332,"Smooth muscle"
"e16_ji1_TGTCCCAAGTCGGCCT-1",2742,"Myeloid"
"e16_ji1_TGTCCCAGTCAAAGAT-1",2176,"Proliferative Smooth muscle"
"e16_ji1_TGTCCTGAGGAGGCAG-1",1743,"Endothelial"
"e16_ji1_TGTCCTGCAAGCACAG-1",1743,"Endothelial"
"e16_ji1_TGTCCTGGTGATTAGA-1",542,"Fibroblast 2 (Fndc1/Dpt)"
"e16_ji1_TGTCCTGTCTACAGGT-1",1347,"Smooth muscle"
"e16_ji1_TGTGAGTAGGGATCTG-1",851,"Lymphoid"
"e16_ji1_TGTGAGTGTACTGGGA-1",2486,"Smooth muscle"
"e16_ji1_TGTGAGTGTTGTCATG-1",620,"Myofibroblast"
"e16_ji1_TGTGATGCAAAGGTTA-1",3192,"Proliferative Smooth muscle"
"e16_ji1_TGTGATGTCCGGTTCT-1",3153,"Fibroblast 4 (Kcnn3)"
"e16_ji1_TGTGCGGTCCGTAGGC-1",1219,"Smooth muscle"
"e16_ji1_TGTGGCGCACAAGTGG-1",637,"ICC"
"e16_ji1_TGTGGCGCACTCAAGT-1",2551,"Proliferative Smooth muscle"
"e16_ji1_TGTGTGACAGCTGAAG-1",3344,"Myofibroblast"
"e16_ji1_TGTTACTCAAGTGCAG-1",918,"Myofibroblast"
"e16_ji1_TGTTACTCACAGTATC-1",3239,"Proliferative Smooth muscle"
"e16_ji1_TGTTACTGTTCAGGTT-1",2768,"Fibroblast 1 (Col6a4/Adamdec1)"
"e16_ji1_TGTTCATAGAAGCGCT-1",1049,"Proliferative Fibroblast"
"e16_ji1_TGTTCATCATTCAGGT-1",2028,"Fibroblast 3 (Adam12)"
"e16_ji1_TGTTCATGTTTGCCGG-1",1348,"Fibroblast 1 (Col6a4/Adamdec1)"
"e16_ji1_TGTTCATTCAATCGGT-1",903,"Pericyte"
"e16_ji1_TGTTCCGAGATCCTAC-1",912,"Fibroblast 2 (Fndc1/Dpt)"
"e16_ji1_TGTTCCGAGTGATAAC-1",2546,"Smooth muscle"
"e16_ji1_TGTTCCGTCGTAGTGT-1",3236,"Smooth muscle"
"e16_ji1_TGTTCCGTCTTTCCAA-1",3268,"Fibroblast 4 (Kcnn3)"
"e16_ji1_TGTTCTAAGAACAAGG-1",1845,"Myofibroblast"
"e16_ji1_TGTTCTAAGCGATCGA-1",2415,"Myofibroblast"
"e16_ji1_TGTTCTACAACCTATG-1",1529,"Endothelial"
"e16_ji1_TGTTGAGAGCATATGA-1",1690,"Endothelial"
"e16_ji1_TGTTGAGGTTCCGTTC-1",1743,"Fibroblast 3 (Adam12)"
"e16_ji1_TGTTGAGTCGTTGTTT-1",2798,"Fibroblast 3 (Adam12)"
"e16_ji1_TGTTGGACACAAGTTC-1",2798,"Myofibroblast"
"e16_ji1_TGTTGGAGTGCGGCTT-1",1336,"ICC"
"e16_ji1_TGTTTGTCAGTGTGGA-1",1381,"Fibroblast 3 (Adam12)"
"e16_ji1_TGTTTGTCATCCGGTG-1",1690,"Endothelial"
"e16_ji1_TTAATCCAGCTTTCCC-1",2638,"Proliferative Fibroblast"
"e16_ji1_TTAATCCAGGTGAGAA-1",2436,"Smooth muscle"
"e16_ji1_TTACAGGAGGTTCCAT-1",855,"Proliferative Smooth muscle"
"e16_ji1_TTACCATAGACATAAC-1",2076,"Mesothelial"
"e16_ji1_TTACCATCATGGCCAC-1",2534,"Smooth muscle"
"e16_ji1_TTACCATGTCTCACGG-1",2948,"Smooth muscle"
"e16_ji1_TTACCGCCATGGAAGC-1",2175,"ICC"
"e16_ji1_TTACCGCGTGCATTAC-1",634,"Proliferative Fibroblast"
"e16_ji1_TTACCGCGTTGCGGAA-1",1540,"Fibroblast 2 (Fndc1/Dpt)"
"e16_ji1_TTACGCCGTCATGCAT-1",1456,"ICC"
"e16_ji1_TTACGCCTCACGAGGA-1",1500,"Fibroblast 1 (Col6a4/Adamdec1)"
"e16_ji1_TTACGTTCAAGTTGGG-1",2739,"Fibroblast 2 (Fndc1/Dpt)"
"e16_ji1_TTACGTTGTAGAGGAA-1",743,"Myofibroblast"
"e16_ji1_TTACGTTGTCACTTAG-1",2323,"Fibroblast 6 (Lepr/Sp5)"
"e16_ji1_TTACTGTAGGTGCGAT-1",2144,"Fibroblast 2 (Fndc1/Dpt)"
"e16_ji1_TTAGGCACAAATGCGG-1",1743,"Endothelial"
"e16_ji1_TTAGGCACATCTGGGC-1",2057,"Fibroblast 2 (Fndc1/Dpt)"
"e16_ji1_TTAGGCAGTTATAGCC-1",1597,"Fibroblast 1 (Col6a4/Adamdec1)"
"e16_ji1_TTAGGCAGTTCCTTGC-1",2434,"Myofibroblast"
"e16_ji1_TTAGGCATCTAGTGTG-1",1740,"Proliferative Smooth muscle"
"e16_ji1_TTAGGCATCTATCACT-1",1196,"Smooth muscle"
"e16_ji1_TTAGGGTAGGGTCAAC-1",616,"Smooth muscle"
"e16_ji1_TTAGGGTGTAGGTCAG-1",697,"Fibroblast 1 (Col6a4/Adamdec1)"
"e16_ji1_TTAGGGTTCCGTTTCG-1",2516,"Fibroblast 2 (Fndc1/Dpt)"
"e16_ji1_TTAGTCTTCAAGCCCG-1",3081,"Myofibroblast"
"e16_ji1_TTAGTCTTCCTCACCA-1",3295,"Proliferative Fibroblast"
"e16_ji1_TTAGTCTTCCTGTAGA-1",1087,"Fibroblast 3 (Adam12)"
"e16_ji1_TTATTGCAGCCTTTCC-1",2798,"Fibroblast 4 (Kcnn3)"
"e16_ji1_TTATTGCAGCTGTCCG-1",1743,"Endothelial"
"e16_ji1_TTATTGCAGTCTAACC-1",1100,"Smooth muscle"
"e16_ji1_TTATTGCCAAGTCGTT-1",1066,"Smooth muscle"
"e16_ji1_TTATTGCTCCGCATAA-1",1545,"Proliferative Smooth muscle"
"e16_ji1_TTCACGCAGCCTCAGC-1",737,"Endothelial"
"e16_ji1_TTCACGCTCGGAATGG-1",849,"Smooth muscle"
"e16_ji1_TTCAGGACAACAAGTA-1",3239,"Fibroblast 1 (Col6a4/Adamdec1)"
"e16_ji1_TTCAGGACACCAAATC-1",2164,"Smooth muscle"
"e16_ji1_TTCAGGACATGACAAA-1",668,"Lymphoid"
"e16_ji1_TTCAGGAGTGATCGTT-1",1704,"Lymphoid"
"e16_ji1_TTCAGGATCCCGAAAT-1",1349,"ICC"
"e16_ji1_TTCATGTGTGATGGCA-1",1333,"Fibroblast 2 (Fndc1/Dpt)"
"e16_ji1_TTCATTGAGTCGGGAT-1",690,"Fibroblast 1 (Col6a4/Adamdec1)"
"e16_ji1_TTCCAATGTAACGGTG-1",2824,"Fibroblast 2 (Fndc1/Dpt)"
"e16_ji1_TTCCAATGTCTAACTG-1",2070,"Endothelial"
"e16_ji1_TTCCAATTCTCAAAGC-1",1770,"Fibroblast 3 (Adam12)"
"e16_ji1_TTCCACGAGTTCAACC-1",2431,"Pericyte"
"e16_ji1_TTCCGGTAGCTTTCTT-1",1462,"Smooth muscle"
"e16_ji1_TTCCGGTCAATCACGT-1",1743,"Endothelial"
"e16_ji1_TTCCGGTGTCAAGCGA-1",943,"Myofibroblast"
"e16_ji1_TTCCGTGCACTCCGGA-1",2973,"Proliferative Smooth muscle"
"e16_ji1_TTCCGTGGTAAGCTCT-1",1030,"Fibroblast 3 (Adam12)"
"e16_ji1_TTCCGTGGTTGGAGAC-1",3077,"Fibroblast 2 (Fndc1/Dpt)"
"e16_ji1_TTCCTAAGTCGACTGC-1",3239,"Fibroblast 1 (Col6a4/Adamdec1)"
"e16_ji1_TTCCTCTCACTGGACC-1",988,"Myofibroblast"
"e16_ji1_TTCCTTCAGCAACAAT-1",1240,"Fibroblast 1 (Col6a4/Adamdec1)"
"e16_ji1_TTCCTTCAGCGAGTAC-1",2951,"Proliferative Smooth muscle"
"e16_ji1_TTCCTTCAGGGACTGT-1",773,"Proliferative Smooth muscle"
"e16_ji1_TTCCTTCGTCTTGAAC-1",2115,"Myofibroblast"
"e16_ji1_TTCCTTCGTGGACTGA-1",1173,"Fibroblast 4 (Kcnn3)"
"e16_ji1_TTCGATTCATCACGGC-1",1704,"Lymphoid"
"e16_ji1_TTCGCTGCAGTAACGG-1",1066,"Fibroblast 4 (Kcnn3)"
"e16_ji1_TTCGCTGTCGCAGTCG-1",2486,"Smooth muscle"
"e16_ji1_TTCGCTGTCTGGGCAC-1",1743,"Endothelial"
"e16_ji1_TTCGGTCCATGAAAGT-1",2488,"Smooth muscle"
"e16_ji1_TTCGGTCGTCGGCCTA-1",1388,"Myofibroblast"
"e16_ji1_TTCTAACCAACCGCTG-1",644,"Endothelial"
"e16_ji1_TTCTAACCACGAGGAT-1",3196,"Smooth muscle"
"e16_ji1_TTCTAACGTGTTTGCA-1",2768,"Fibroblast 2 (Fndc1/Dpt)"
"e16_ji1_TTCTAACTCAACACGT-1",668,"Myeloid"
"e16_ji1_TTCTCTCCACGCTATA-1",1690,"Endothelial"
"e16_ji1_TTCTCTCGTTCAATCG-1",690,"Fibroblast 1 (Col6a4/Adamdec1)"
"e16_ji1_TTCTGTACACACCTAA-1",1900,"Fibroblast 3 (Adam12)"
"e16_ji1_TTCTGTACACTCAAGT-1",2739,"Fibroblast 1 (Col6a4/Adamdec1)"
"e16_ji1_TTCTGTATCCGCTGTT-1",1743,"Endothelial"
"e16_ji1_TTCTTCCCACTCGATA-1",2209,"Lymphoid"
"e16_ji1_TTCTTCCGTGGATTTC-1",3058,"Fibroblast 4 (Kcnn3)"
"e16_ji1_TTCTTCCTCGAGCACC-1",999,"Proliferative Smooth muscle"
"e16_ji1_TTCTTGAAGATGAATC-1",616,"Myofibroblast"
"e16_ji1_TTCTTGACAAGAGTTA-1",1310,"Proliferative Smooth muscle"
"e16_ji1_TTCTTGAGTTGTAAAG-1",2076,"Mesothelial"
"e16_ji1_TTGAACGTCTCTCCGA-1",2103,"Lymphoid"
"e16_ji1_TTGACCCAGGATCACG-1",2388,"Proliferative Smooth muscle"
"e16_ji1_TTGAGTGCATCGAAGG-1",2144,"Smooth muscle"
"e16_ji1_TTGAGTGTCTATCGGA-1",2798,"Fibroblast 1 (Col6a4/Adamdec1)"
"e16_ji1_TTGATGGAGAAGTCTA-1",620,"ICC"
"e16_ji1_TTGATGGTCCTTCACG-1",3291,"Smooth muscle"
"e16_ji1_TTGCATTGTAACATGA-1",1900,"Mesothelial"
"e16_ji1_TTGCCTGAGCAATAGT-1",1087,"Myofibroblast"
"e16_ji1_TTGCCTGGTGCAGATG-1",1587,"ICC"
"e16_ji1_TTGCCTGGTGTCCATA-1",2810,"Myofibroblast"
"e16_ji1_TTGCCTGTCAAGTGTC-1",2338,"Pericyte"
"e16_ji1_TTGCGTCCACCGCTGA-1",2496,"Fibroblast 1 (Col6a4/Adamdec1)"
"e16_ji1_TTGCGTCTCATTTCGT-1",1077,"Fibroblast 2 (Fndc1/Dpt)"
"e16_ji1_TTGCTGCAGACACACG-1",2415,"Smooth muscle"
"e16_ji1_TTGCTGCTCGCCACTT-1",737,"Endothelial"
"e16_ji1_TTGGATGAGGGCCCTT-1",912,"Fibroblast 2 (Fndc1/Dpt)"
"e16_ji1_TTGGATGTCCTTCAGC-1",2057,"Smooth muscle"
"e16_ji1_TTGGGATCAAGAGGTC-1",1743,"Endothelial"
"e16_ji1_TTGGGATCAGATCATC-1",2176,"Myofibroblast"
"e16_ji1_TTGGGATGTCCCACGA-1",2369,"Fibroblast 4 (Kcnn3)"
"e16_ji1_TTGGGCGCAGAAGTGC-1",1245,"Myofibroblast"
"e16_ji1_TTGGGCGGTTGTCATG-1",835,"Fibroblast 4 (Kcnn3)"
"e16_ji1_TTGGGTAAGAGGCTGT-1",2544,"Endothelial"
"e16_ji1_TTGGGTAGTAACAGTA-1",1893,"Fibroblast 6 (Lepr/Sp5)"
"e16_ji1_TTGGGTAGTCTTGGTA-1",668,"Myeloid"
"e16_ji1_TTGGTTTAGAGTCACG-1",1423,"ICC"
"e16_ji1_TTGGTTTGTATCGTAC-1",1730,"Fibroblast 4 (Kcnn3)"
"e16_ji1_TTGTGGAAGAGGCCAT-1",3196,"Fibroblast 2 (Fndc1/Dpt)"
"e16_ji1_TTGTGGACACCGCTGA-1",3269,"Fibroblast 2 (Fndc1/Dpt)"
"e16_ji1_TTGTGGAGTACCACGC-1",2768,"Fibroblast 1 (Col6a4/Adamdec1)"
"e16_ji1_TTGTGGATCAAAGACA-1",2033,"Myofibroblast"
"e16_ji1_TTGTGTTAGATGGGCT-1",1724,"Proliferative Fibroblast"
"e16_ji1_TTGTGTTAGCGGTAGT-1",988,"Smooth muscle"
"e16_ji1_TTGTGTTCATCAGCTA-1",2798,"Fibroblast 3 (Adam12)"
"e16_ji1_TTGTGTTGTCACATTG-1",3178,"Lymphoid"
"e16_ji1_TTGTGTTGTGATGTAA-1",1037,"Fibroblast 2 (Fndc1/Dpt)"
"e16_ji1_TTGTTCAAGGGAGGCA-1",2827,"Myofibroblast"
"e16_ji1_TTGTTCAAGTTCTACG-1",1727,"Fibroblast 4 (Kcnn3)"
"e16_ji1_TTGTTGTCACGCTATA-1",2465,"Proliferative Smooth muscle"
"e16_ji1_TTGTTGTGTGAGGATC-1",3164,"ICC"
"e16_ji1_TTGTTGTTCGAGATGG-1",1219,"Fibroblast 3 (Adam12)"
"e16_ji1_TTGTTTGCAATCTAGC-1",1787,"Proliferative Smooth muscle"
"e16_ji1_TTGTTTGGTTCCAGGC-1",923,"Endothelial"
"e16_ji1_TTTACCATCAAAGAAC-1",1846,"Myofibroblast"
"e16_ji1_TTTACCATCCATTGTT-1",773,"Smooth muscle"
"e16_ji1_TTTACCATCCCAGGAC-1",644,"Endothelial"
"e16_ji1_TTTACCATCGCCGTGA-1",2914,"Endothelial"
"e16_ji1_TTTACGTAGTAGCTCT-1",3205,"Proliferative Smooth muscle"
"e16_ji1_TTTACGTCACTAAACC-1",2425,"Fibroblast 2 (Fndc1/Dpt)"
"e16_ji1_TTTACGTCATTGTCGA-1",1115,"Myofibroblast"
"e16_ji1_TTTACTGCAGGCAATG-1",1724,"Smooth muscle"
"e16_ji1_TTTACTGCAGTCGCTG-1",3225,"Proliferative Smooth muscle"
"e16_ji1_TTTAGTCAGTTGTACC-1",1066,"Fibroblast 2 (Fndc1/Dpt)"
"e16_ji1_TTTAGTCCAAGTAGTA-1",1219,"Proliferative Smooth muscle"
"e16_ji1_TTTATGCCACAAGTTC-1",2105,"Fibroblast 3 (Adam12)"
"e16_ji1_TTTATGCCACACCTGG-1",1454,"Mesothelial"
"e16_ji1_TTTATGCCAGCATGCC-1",1535,"Proliferative Smooth muscle"
"e16_ji1_TTTCACAAGAGACAAG-1",1906,"Proliferative Smooth muscle"
"e16_ji1_TTTCACAAGGTGATAT-1",1040,"Mesothelial"
"e16_ji1_TTTCACACAACGCATT-1",2338,"Smooth muscle"
"e16_ji1_TTTCACACAGGATGAC-1",2431,"Fibroblast 1 (Col6a4/Adamdec1)"
"e16_ji1_TTTCAGTAGACATATG-1",1671,"Myofibroblast"
"e16_ji1_TTTCAGTCAGTGGGTA-1",616,"Smooth muscle"
"e16_ji1_TTTCAGTCATCGTCCT-1",2431,"Fibroblast 3 (Adam12)"
"e16_ji1_TTTCAGTTCGACGCTG-1",2688,"Fibroblast 5 (Mfap5/Grm3)"
"e16_ji1_TTTCATGCACAGAGCA-1",1524,"Smooth muscle"
"e16_ji1_TTTCATGCACTTGGCG-1",3196,"Fibroblast 2 (Fndc1/Dpt)"
"e16_ji1_TTTCATGGTCTGATAC-1",877,"ICC"
"e16_ji1_TTTCATGGTCTTACAG-1",1059,"Endothelial"
"e16_ji1_TTTCCTCCAGGTGACA-1",1456,"Smooth muscle"
"e16_ji1_TTTCGATGTCATAAAG-1",1082,"Endothelial"
"e16_ji1_TTTGACTAGCCACCGT-1",1704,"Lymphoid"
"e16_ji1_TTTGACTTCCAAGAGG-1",1671,"Proliferative Fibroblast"
"e16_ji1_TTTGATCAGGTATTGA-1",667,"Smooth muscle"
"e16_ji1_TTTGATCCACTCCACT-1",855,"Smooth muscle"
"e16_ji1_TTTGATCGTCACAGTT-1",2103,"Lymphoid"
"e16_ji1_TTTGGAGAGTATTAGG-1",2425,"Fibroblast 1 (Col6a4/Adamdec1)"
"e16_ji1_TTTGGAGGTCGCTTGG-1",1893,"Fibroblast 1 (Col6a4/Adamdec1)"
"e16_ji1_TTTGGAGGTGGCCTCA-1",1787,"Fibroblast 2 (Fndc1/Dpt)"
"e16_ji1_TTTGGAGTCAACGTGT-1",767,"ICC"
"e16_ji1_TTTGGTTAGTGAGCCA-1",1561,"Fibroblast 2 (Fndc1/Dpt)"
"e16_ji1_TTTGGTTTCATTTGCT-1",668,"Myeloid"
"e16_ji1_TTTGTTGGTTGACTGT-1",1333,"Proliferative Smooth muscle"
"e16_ji1_TTTGTTGTCAGCGCAC-1",799,"Myofibroblast"
"e16_c1_AAACCCATCATCCTAT-1",2200,"Fibroblast 3 (Adam12)"
"e16_c1_AAACGCTGTAGAGATT-1",3336,"Fibroblast 4 (Kcnn3)"
"e16_c1_AAAGGATAGTGCAGCA-1",1463,"Proliferative Fibroblast"
"e16_c1_AAAGGATTCTACCACC-1",2537,"Fibroblast 1 (Col6a4/Adamdec1)"
"e16_c1_AAAGGTAGTTCCTAGA-1",2537,"Smooth muscle"
"e16_c1_AAATGGAAGTCCCTAA-1",2515,"Proliferative Fibroblast"
"e16_c1_AACAAGAAGTTCTCTT-1",2352,"Myofibroblast"
"e16_c1_AACACACCAGATCCTA-1",2537,"Smooth muscle"
"e16_c1_AACGAAAGTACAGAGC-1",1318,"Fibroblast 2 (Fndc1/Dpt)"
"e16_c1_AACGGGAAGAGGCCAT-1",3336,"Fibroblast 2 (Fndc1/Dpt)"
"e16_c1_AACGTCAGTGTCCGGT-1",2537,"Fibroblast 4 (Kcnn3)"
"e16_c1_AAGACTCGTCCTACAA-1",2537,"Fibroblast 1 (Col6a4/Adamdec1)"
"e16_c1_AAGATAGTCTATCGCC-1",1419,"Endothelial"
"e16_c1_AAGCATCTCGCCTATC-1",2980,"Fibroblast 3 (Adam12)"
"e16_c1_AAGCGAGCATCGGATT-1",2352,"Fibroblast 2 (Fndc1/Dpt)"
"e16_c1_AAGCGAGGTTTCGTAG-1",1305,"Fibroblast 2 (Fndc1/Dpt)"
"e16_c1_AAGGAATGTCACTTAG-1",1465,"Fibroblast 2 (Fndc1/Dpt)"
"e16_c1_AAGTCGTCACGCAGTC-1",1463,"Fibroblast 1 (Col6a4/Adamdec1)"
"e16_c1_AATCGACAGCCATTCA-1",2515,"Proliferative Fibroblast"
"e16_c1_AATCGTGGTCGTTCAA-1",1463,"Proliferative Smooth muscle"
"e16_c1_AATGACCAGCCGTTGC-1",2819,"Fibroblast 3 (Adam12)"
"e16_c1_AATGACCCATTCACCC-1",1191,"Smooth muscle"
"e16_c1_AATGACCGTACCGGCT-1",1697,"ICC"
"e16_c1_ACACCAAAGTTGCGCC-1",1465,"Fibroblast 2 (Fndc1/Dpt)"
"e16_c1_ACACGCGAGACATCAA-1",1527,"Fibroblast 4 (Kcnn3)"
"e16_c1_ACACGCGGTGGACAGT-1",3178,"Lymphoid"
"e16_c1_ACATCCCGTCCGTACG-1",2361,"Proliferative Smooth muscle"
"e16_c1_ACATGCAGTATCGAAA-1",2819,"Fibroblast 3 (Adam12)"
"e16_c1_ACCAAACTCCACGTAA-1",2537,"Proliferative Fibroblast"
"e16_c1_ACCCTCAGTAGAGACC-1",1463,"Smooth muscle"
"e16_c1_ACCTACCAGGGCTGAT-1",3178,"Myeloid"
"e16_c1_ACCTACCTCGCTACAA-1",1318,"Fibroblast 2 (Fndc1/Dpt)"
"e16_c1_ACCTGAACAACTTGCA-1",618,"Myofibroblast"
"e16_c1_ACGATGTTCGACACCG-1",540,"Fibroblast 3 (Adam12)"
"e16_c1_ACGCACGTCTCTCGAC-1",1379,"Fibroblast 2 (Fndc1/Dpt)"
"e16_c1_ACGGGTCTCCACACAA-1",2466,"Mesothelial"
"e16_c1_ACGGTCGAGATTCGCT-1",3150,"Smooth muscle"
"e16_c1_ACGGTCGAGCCACCGT-1",1191,"ICC"
"e16_c1_ACGGTTAAGATTAGAC-1",2600,"Smooth muscle"
"e16_c1_ACGGTTAAGGCCTGCT-1",2578,"Proliferative Fibroblast"
"e16_c1_ACGTAACGTCAGTCGC-1",2162,"Myofibroblast"
"e16_c1_ACGTTCCAGACGTCGA-1",1339,"Myofibroblast"
"e16_c1_ACTATCTCATCGATGT-1",1318,"Smooth muscle"
"e16_c1_ACTATCTTCGTTGCCT-1",1641,"Fibroblast 2 (Fndc1/Dpt)"
"e16_c1_ACTATCTTCTCATGGA-1",2537,"Smooth muscle"
"e16_c1_ACTGTCCCAGAACTTC-1",1191,"Fibroblast 2 (Fndc1/Dpt)"
"e16_c1_ACTTAGGAGGCAGTCA-1",2163,"Fibroblast 4 (Kcnn3)"
"e16_c1_ACTTATCCACCACATA-1",3297,"Myeloid"
"e16_c1_ACTTCCGGTTTCGGCG-1",2352,"Smooth muscle"
"e16_c1_ACTTCGCTCACCTTAT-1",3336,"Fibroblast 2 (Fndc1/Dpt)"
"e16_c1_ACTTCGCTCTCGGTCT-1",1704,"Myeloid"
"e16_c1_ACTTTCAAGAGATTCA-1",1465,"Smooth muscle"
"e16_c1_ACTTTCACAGTAGATA-1",1924,"Myofibroblast"
"e16_c1_ACTTTGTGTTCAATCG-1",2537,"Fibroblast 2 (Fndc1/Dpt)"
"e16_c1_AGAAGCGGTAGGAAAG-1",2578,"Proliferative Smooth muscle"
"e16_c1_AGACACTAGGTAAAGG-1",2466,"ICC"
"e16_c1_AGACAGGCATGCCGCA-1",1191,"Myofibroblast"
"e16_c1_AGACAGGTCTGACAGT-1",1318,"Fibroblast 4 (Kcnn3)"
"e16_c1_AGACCATCATGAGGGT-1",1305,"Fibroblast 2 (Fndc1/Dpt)"
"e16_c1_AGACCCGAGCTCATAC-1",2209,"Lymphoid"
"e16_c1_AGACTCAGTCCACATA-1",2515,"Fibroblast 5 (Mfap5/Grm3)"
"e16_c1_AGAGAGCCAAGAAACT-1",1526,"Fibroblast 3 (Adam12)"
"e16_c1_AGAGAGCCACAGCTGC-1",1469,"Proliferative Smooth muscle"
"e16_c1_AGAGCCCAGCCGTTGC-1",1704,"Lymphoid"
"e16_c1_AGAGCCCAGCTCGGCT-1",1191,"Smooth muscle"
"e16_c1_AGATGCTAGGTGCTGA-1",2515,"Myofibroblast"
"e16_c1_AGCCACGGTTGATGTC-1",2352,"Smooth muscle"
"e16_c1_AGCGCCAAGTGCCTCG-1",1339,"Proliferative Fibroblast"
"e16_c1_AGCGCCAGTCCCAAAT-1",653,"Smooth muscle"
"e16_c1_AGCTCAATCCGGTAAT-1",1191,"Myofibroblast"
"e16_c1_AGCTTCCGTTGATCGT-1",1190,"Fibroblast 4 (Kcnn3)"
"e16_c1_AGCTTCCTCATCACCC-1",2578,"Proliferative Fibroblast"
"e16_c1_AGGAAATTCACAATGC-1",2537,"Proliferative Fibroblast"
"e16_c1_AGGAATAAGTCCCAAT-1",1469,"Mesothelial"
"e16_c1_AGGACGAAGTTGGGAC-1",2061,"Myofibroblast"
"e16_c1_AGGAGGTCATCGGCCA-1",2578,"Proliferative Smooth muscle"
"e16_c1_AGGCATTGTGGTCCCA-1",2537,"Fibroblast 2 (Fndc1/Dpt)"
"e16_c1_AGGCCACTCGTACACA-1",2537,"Fibroblast 6 (Lepr/Sp5)"
"e16_c1_AGGGAGTTCAGTGTCA-1",1339,"Myofibroblast"
"e16_c1_AGGTCTAAGCGTGCCT-1",1697,"Fibroblast 3 (Adam12)"
"e16_c1_AGGTTACCAATCTAGC-1",3284,"Fibroblast 3 (Adam12)"
"e16_c1_AGGTTACCAGCTATTG-1",3297,"Myeloid"
"e16_c1_AGTACCAAGAGTTGCG-1",2515,"Fibroblast 1 (Col6a4/Adamdec1)"
"e16_c1_AGTACCAAGGGTTTCT-1",1465,"Fibroblast 2 (Fndc1/Dpt)"
"e16_c1_AGTACCATCCGATAAC-1",2537,"Fibroblast 2 (Fndc1/Dpt)"
"e16_c1_AGTAGCTAGGATTTAG-1",1318,"Fibroblast 4 (Kcnn3)"
"e16_c1_AGTAGTCAGAATGTTG-1",2353,"Proliferative Smooth muscle"
"e16_c1_AGTAGTCAGTGCACCC-1",1339,"Smooth muscle"
"e16_c1_AGTAGTCTCTGCTTAT-1",2511,"Proliferative Fibroblast"
"e16_c1_AGTGTTGAGGGTCAAC-1",2537,"Myofibroblast"
"e16_c1_AGTTAGCTCATCCTGC-1",1526,"Fibroblast 2 (Fndc1/Dpt)"
"e16_c1_AGTTCGATCACCTTAT-1",3178,"Lymphoid"
"e16_c1_ATACCTTCAATTGCGT-1",1191,"Fibroblast 6 (Lepr/Sp5)"
"e16_c1_ATACTTCTCATGGTAC-1",1339,"Fibroblast 4 (Kcnn3)"
"e16_c1_ATCCTATGTAACGGTG-1",1465,"Fibroblast 4 (Kcnn3)"
"e16_c1_ATCGGATTCGATACTG-1",1463,"Myofibroblast"
"e16_c1_ATCGTGAAGTTGGCGA-1",2352,"Myofibroblast"
"e16_c1_ATCTCTAAGGTTACCT-1",2515,"Fibroblast 2 (Fndc1/Dpt)"
"e16_c1_ATGACCATCACCGGGT-1",1339,"Fibroblast 4 (Kcnn3)"
"e16_c1_ATGAGGGTCATATGGC-1",2511,"Fibroblast 3 (Adam12)"
"e16_c1_ATGCGATCACCCTAAA-1",1134,"Fibroblast 3 (Adam12)"
"e16_c1_ATGCGATCATGGTGGA-1",2946,"Proliferative Fibroblast"
"e16_c1_ATGGAGGGTTTCAGAC-1",2163,"Smooth muscle"
"e16_c1_ATGGGAGTCGTAACCA-1",2819,"Myofibroblast"
"e16_c1_ATTCACTCACCAAATC-1",1305,"Smooth muscle"
"e16_c1_ATTCCATCACTATGTG-1",2578,"Myofibroblast"
"e16_c1_ATTCCATTCCACGTCT-1",2537,"Fibroblast 2 (Fndc1/Dpt)"
"e16_c1_ATTCCTACAAATGCTC-1",1191,"Smooth muscle"
"e16_c1_ATTCTACGTGCCGGTT-1",1339,"Myofibroblast"
"e16_c1_ATTCTTGAGGGCATGT-1",3286,"Myofibroblast"
"e16_c1_ATTGTTCGTGGGACAT-1",3336,"Fibroblast 4 (Kcnn3)"
"e16_c1_ATTTACCGTGTCATGT-1",2163,"Myofibroblast"
"e16_c1_CAAAGAAAGGCTTCCG-1",2537,"ICC"
"e16_c1_CAACGATCAACTCCCT-1",1463,"Smooth muscle"
"e16_c1_CAACGATTCCTTGAAG-1",2980,"Fibroblast 3 (Adam12)"
"e16_c1_CAAGACTTCTGAGAGG-1",2537,"Fibroblast 2 (Fndc1/Dpt)"
"e16_c1_CAAGAGGGTGTTCGTA-1",2537,"Fibroblast 1 (Col6a4/Adamdec1)"
"e16_c1_CAAGCTAAGCTCGACC-1",1191,"Fibroblast 2 (Fndc1/Dpt)"
"e16_c1_CAAGCTATCGCAACAT-1",2352,"Fibroblast 3 (Adam12)"
"e16_c1_CAAGGGATCGCTCATC-1",2537,"Smooth muscle"
"e16_c1_CACACAAGTGCAAGAC-1",2466,"Proliferative Smooth muscle"
"e16_c1_CACAGATAGGCGTCCT-1",3336,"Fibroblast 4 (Kcnn3)"
"e16_c1_CACAGATAGGTCACAG-1",2200,"Fibroblast 4 (Kcnn3)"
"e16_c1_CACAGATGTTCTCCCA-1",2537,"Smooth muscle"
"e16_c1_CACATGATCTGAGGTT-1",1441,"Myofibroblast"
"e16_c1_CACCAAACACTGTCCT-1",2537,"Smooth muscle"
"e16_c1_CACCGTTGTGCAGTGA-1",1305,"Fibroblast 1 (Col6a4/Adamdec1)"
"e16_c1_CACTAAGCACGACGAA-1",2537,"Fibroblast 4 (Kcnn3)"
"e16_c1_CAGATACAGTTGAAAC-1",1191,"Myofibroblast"
"e16_c1_CAGATTGCACATTCGA-1",1683,"Proliferative Fibroblast"
"e16_c1_CAGATTGTCATGGGAG-1",2353,"Smooth muscle"
"e16_c1_CAGCAGCTCTTCGGAA-1",618,"Myofibroblast"
"e16_c1_CAGCCAGAGACCTCCG-1",2537,"Proliferative Fibroblast"
"e16_c1_CATACCCAGTGGCCTC-1",2578,"Fibroblast 4 (Kcnn3)"
"e16_c1_CATACTTGTGACCGTC-1",2061,"Myofibroblast"
"e16_c1_CATAGACAGTACTCGT-1",2600,"Smooth muscle"
"e16_c1_CATCGCTTCCGCAACG-1",2537,"Fibroblast 2 (Fndc1/Dpt)"
"e16_c1_CATGCAAGTCACCACG-1",1441,"Myofibroblast"
"e16_c1_CATGCGGAGGAGGTTC-1",2537,"Fibroblast 2 (Fndc1/Dpt)"
"e16_c1_CATGCTCAGGGATCTG-1",618,"Fibroblast 3 (Adam12)"
"e16_c1_CATGGATCAGACCGCT-1",1469,"Mesothelial"
"e16_c1_CATGGATCAGTTGCGC-1",2515,"Smooth muscle"
"e16_c1_CATTCCGTCGACGTCG-1",1924,"ICC"
"e16_c1_CATTGAGTCTACTATC-1",3150,"Smooth muscle"
"e16_c1_CATTGCCCATGACTGT-1",2537,"Myofibroblast"
"e16_c1_CATTGTTTCAACTACG-1",1191,"Smooth muscle"
"e16_c1_CATTTCAAGGAACGAA-1",2537,"Fibroblast 2 (Fndc1/Dpt)"
"e16_c1_CCAATGAGTGCGAACA-1",1469,"Mesothelial"
"e16_c1_CCAATGAGTTGGGACA-1",1924,"Smooth muscle"
"e16_c1_CCACGAGAGTTGCCCG-1",2537,"Proliferative Fibroblast"
"e16_c1_CCACGTTCATGAAGGC-1",2061,"Myofibroblast"
"e16_c1_CCACTTGAGGCAGTCA-1",1565,"Mesothelial"
"e16_c1_CCCATTGGTGCATACT-1",3336,"Fibroblast 2 (Fndc1/Dpt)"
"e16_c1_CCGCAAGCAGACACAG-1",2108,"Myofibroblast"
"e16_c1_CCGGACACAACTTCTT-1",1305,"Fibroblast 1 (Col6a4/Adamdec1)"
"e16_c1_CCGGACACACTCTCGT-1",2346,"Smooth muscle"
"e16_c1_CCGGACAGTATCAGGG-1",1318,"Fibroblast 2 (Fndc1/Dpt)"
"e16_c1_CCGGGTAGTACCGTGC-1",2537,"Smooth muscle"
"e16_c1_CCGTTCAAGCGTTCAT-1",2485,"Mesothelial"
"e16_c1_CCTAAGATCGTGGCTG-1",2537,"Smooth muscle"
"e16_c1_CCTACGTTCGGAGTGA-1",1379,"Myofibroblast"
"e16_c1_CCTATCGAGCTCGGCT-1",2578,"Smooth muscle"
"e16_c1_CCTCAACTCCTTCTTC-1",1134,"Fibroblast 3 (Adam12)"
"e16_c1_CCTCAGTCAAGGTCTT-1",1469,"Myofibroblast"
"e16_c1_CCTCTAGTCTTGCGCT-1",2578,"Fibroblast 3 (Adam12)"
"e16_c1_CCTCTCCTCTCGCGTT-1",1463,"Myofibroblast"
"e16_c1_CCTGCATGTAACCCTA-1",2361,"Smooth muscle"
"e16_c1_CCTGTTGGTGCTCTCT-1",2537,"Smooth muscle"
"e16_c1_CCTTCAGCAAAGACGC-1",1563,"Myofibroblast"
"e16_c1_CCTTCAGGTATCTTCT-1",3336,"Fibroblast 4 (Kcnn3)"
"e16_c1_CGAAGGAAGATTCGAA-1",1191,"Myofibroblast"
"e16_c1_CGAAGGAGTCGCCTAG-1",1043,"Fibroblast 3 (Adam12)"
"e16_c1_CGAAGTTTCAAGCCAT-1",1465,"Proliferative Fibroblast"
"e16_c1_CGAATTGCAGAATTCC-1",2537,"Fibroblast 2 (Fndc1/Dpt)"
"e16_c1_CGAGTGCAGACGGATC-1",3336,"Smooth muscle"
"e16_c1_CGAGTTACAAATCCCA-1",1191,"Myofibroblast"
"e16_c1_CGATGCGAGAACTGAT-1",2578,"Fibroblast 4 (Kcnn3)"
"e16_c1_CGCATAATCTCGAACA-1",2287,"Smooth muscle"
"e16_c1_CGCCATTAGTGAGGCT-1",2300,"Myofibroblast"
"e16_c1_CGGAACCGTTTGAAAG-1",1191,"Smooth muscle"
"e16_c1_CGGAATTCACATCATG-1",2841,"Fibroblast 6 (Lepr/Sp5)"
"e16_c1_CGGACACCAGGTATGG-1",2537,"Fibroblast 1 (Col6a4/Adamdec1)"
"e16_c1_CGGACACTCTAGAACC-1",1463,"Smooth muscle"
"e16_c1_CGGTCAGGTACACGCC-1",2888,"Fibroblast 3 (Adam12)"
"e16_c1_CGTAAGTAGTTGGCTT-1",1465,"Mesothelial"
"e16_c1_CGTAATGCAAACAGGC-1",2108,"Myofibroblast"
"e16_c1_CGTCAAACAAGGTTGG-1",2537,"Smooth muscle"
"e16_c1_CGTCAAACAGCTCCTT-1",1191,"Smooth muscle"
"e16_c1_CGTCCATTCGTACACA-1",2946,"Myofibroblast"
"e16_c1_CGTTAGATCCGGCTTT-1",2515,"Fibroblast 2 (Fndc1/Dpt)"
"e16_c1_CTAACTTGTCTTACTT-1",2537,"Fibroblast 2 (Fndc1/Dpt)"
"e16_c1_CTACAGAGTTACTCAG-1",2466,"ICC"
"e16_c1_CTACGGGCAAGGTCAG-1",3150,"Smooth muscle"
"e16_c1_CTACGGGTCTTTACAC-1",3178,"Lymphoid"
"e16_c1_CTACTATCAGCGTACC-1",2980,"Smooth muscle"
"e16_c1_CTACTATGTCATAACC-1",1339,"Mesothelial"
"e16_c1_CTACTATGTTAGTCGT-1",1191,"Mesothelial"
"e16_c1_CTAGACATCCCGTGTT-1",1683,"Proliferative Fibroblast"
"e16_c1_CTAGGTACAAACTAGA-1",1683,"Proliferative Fibroblast"
"e16_c1_CTATAGGGTGCCCACA-1",1465,"Smooth muscle"
"e16_c1_CTATCCGAGGTCCTGC-1",2300,"Myofibroblast"
"e16_c1_CTCAAGACATGGAGAC-1",1191,"Smooth muscle"
"e16_c1_CTCAATTTCGCGCTGA-1",1191,"Proliferative Smooth muscle"
"e16_c1_CTCAGTCCATTCCTCG-1",1641,"Fibroblast 4 (Kcnn3)"
"e16_c1_CTCATCGGTAACTTCG-1",2600,"Fibroblast 2 (Fndc1/Dpt)"
"e16_c1_CTCATTATCGGTCACG-1",2537,"Smooth muscle"
"e16_c1_CTCCATGGTTCCTTGC-1",2537,"Smooth muscle"
"e16_c1_CTCCCAAGTTACGGAG-1",2537,"Fibroblast 2 (Fndc1/Dpt)"
"e16_c1_CTCCCTCCACACGGTC-1",2537,"Smooth muscle"
"e16_c1_CTCCGATCAGGACAGT-1",2162,"Myofibroblast"
"e16_c1_CTCCGATGTTTCCATT-1",1463,"Myofibroblast"
"e16_c1_CTCCTCCAGCTGTACT-1",1191,"Smooth muscle"
"e16_c1_CTCCTCCCAAATCAAG-1",1465,"Smooth muscle"
"e16_c1_CTCCTTTAGTATGTAG-1",1441,"ICC"
"e16_c1_CTCCTTTCAGACTGCC-1",3286,"Myofibroblast"
"e16_c1_CTCTCAGCACTGTTCC-1",2537,"Smooth muscle"
"e16_c1_CTGAATGAGTAGAATC-1",2600,"Myofibroblast"
"e16_c1_CTGAATGAGTAGTCCT-1",2946,"Proliferative Fibroblast"
"e16_c1_CTGAATGAGTGTTGAA-1",1725,"Myofibroblast"
"e16_c1_CTGAATGGTTGGGAAC-1",1465,"Mesothelial"
"e16_c1_CTGCATCCAGGCGTTC-1",2600,"Fibroblast 2 (Fndc1/Dpt)"
"e16_c1_CTGCATCTCTGCCTGT-1",1305,"Proliferative Fibroblast"
"e16_c1_CTGGCAGTCCTGTAAG-1",2537,"Myofibroblast"
"e16_c1_CTGTATTAGGGACACT-1",1305,"Smooth muscle"
"e16_c1_CTGTATTGTTCCACAA-1",3336,"Fibroblast 1 (Col6a4/Adamdec1)"
"e16_c1_CTGTCGTAGATGGCAC-1",2515,"Proliferative Smooth muscle"
"e16_c1_CTTCAATTCATCGCCT-1",1725,"Mesothelial"
"e16_c1_CTTCCGACAGCAGGAT-1",2600,"Fibroblast 2 (Fndc1/Dpt)"
"e16_c1_CTTCTCTTCAAGCGTT-1",540,"Fibroblast 6 (Lepr/Sp5)"
"e16_c1_CTTGAGAGTCTCGACG-1",3336,"Fibroblast 4 (Kcnn3)"
"e16_c1_CTTGAGAGTTACCGTA-1",668,"Lymphoid"
"e16_c1_GAAACCTTCCCAATAG-1",2537,"Fibroblast 1 (Col6a4/Adamdec1)"
"e16_c1_GAAACCTTCCTCACCA-1",1191,"Myofibroblast"
"e16_c1_GAACGTTAGTTGAAAC-1",1725,"Mesothelial"
"e16_c1_GAACGTTGTTCTAACG-1",1305,"Fibroblast 2 (Fndc1/Dpt)"
"e16_c1_GAACGTTTCCTCAGGG-1",2537,"Smooth muscle"
"e16_c1_GAACTGTAGCCTGAAG-1",1234,"Fibroblast 3 (Adam12)"
"e16_c1_GAACTGTGTGTGACCC-1",1924,"Smooth muscle"
"e16_c1_GAAGTAACATTCGATG-1",2352,"Smooth muscle"
"e16_c1_GAATAGATCGACCACG-1",1305,"Fibroblast 2 (Fndc1/Dpt)"
"e16_c1_GAATCGTGTTCTCCAC-1",2466,"ICC"
"e16_c1_GACACGCCAATCTCTT-1",1305,"Fibroblast 2 (Fndc1/Dpt)"
"e16_c1_GACAGCCGTTGGGTAG-1",1318,"Proliferative Fibroblast"
"e16_c1_GACCAATGTACGTGTT-1",1465,"Fibroblast 2 (Fndc1/Dpt)"
"e16_c1_GACCCAGAGTGGACTG-1",3177,"Fibroblast 3 (Adam12)"
"e16_c1_GACGCTGTCAACACGT-1",1305,"Fibroblast 1 (Col6a4/Adamdec1)"
"e16_c1_GACTATGGTATTTCCT-1",3284,"Smooth muscle"
"e16_c1_GACTATGTCAGCTAGT-1",1465,"Proliferative Fibroblast"
"e16_c1_GAGGGATCAGGATGAC-1",2163,"Proliferative Smooth muscle"
"e16_c1_GAGGGTACAGCAGACA-1",1946,"Smooth muscle"
"e16_c1_GAGTCTACACAGTCCG-1",1469,"Mesothelial"
"e16_c1_GAGTGAGCACTTGAGT-1",2537,"Fibroblast 2 (Fndc1/Dpt)"
"e16_c1_GAGTGTTTCGTCCTTG-1",1526,"Mesothelial"
"e16_c1_GAGTTACCAGGTGTGA-1",2578,"Proliferative Fibroblast"
"e16_c1_GAGTTTGCACAAGCTT-1",1305,"Smooth muscle"
"e16_c1_GAGTTTGCATAGATGA-1",3336,"Fibroblast 2 (Fndc1/Dpt)"
"e16_c1_GAGTTTGGTTCTAACG-1",1305,"Fibroblast 2 (Fndc1/Dpt)"
"e16_c1_GATAGAAAGTATAACG-1",1339,"Myofibroblast"
"e16_c1_GATCAGTGTTGGTAGG-1",1441,"Myofibroblast"
"e16_c1_GATGCTATCATCGACA-1",1465,"Fibroblast 4 (Kcnn3)"
"e16_c1_GATTCTTGTGAGAGGG-1",1305,"Smooth muscle"
"e16_c1_GATTTCTGTGTTGAGG-1",1924,"Fibroblast 4 (Kcnn3)"
"e16_c1_GCACGGTTCCTCTAAT-1",2352,"Smooth muscle"
"e16_c1_GCAGGCTTCCTTATGT-1",3178,"Myeloid"
"e16_c1_GCAGTTAAGATGCTGG-1",3297,"Myeloid"
"e16_c1_GCAGTTATCATGCCAA-1",2515,"Proliferative Fibroblast"
"e16_c1_GCATCTCAGCCACAAG-1",1191,"Smooth muscle"
"e16_c1_GCCAGGTTCCTTATCA-1",2485,"Mesothelial"
"e16_c1_GCCGATGTCCCAAGCG-1",1946,"Smooth muscle"
"e16_c1_GCCTGTTTCACACCCT-1",2742,"Myeloid"
"e16_c1_GCCTGTTTCACTTGTT-1",2946,"Fibroblast 1 (Col6a4/Adamdec1)"
"e16_c1_GCGGAAAAGAGTGGCT-1",1191,"Proliferative Fibroblast"
"e16_c1_GCTACAACAAAGACGC-1",1305,"Proliferative Fibroblast"
"e16_c1_GCTACCTCAACACACT-1",2537,"Fibroblast 2 (Fndc1/Dpt)"
"e16_c1_GCTCAAACAGCTGTCG-1",1946,"Pericyte"
"e16_c1_GCTGAATAGCCTAACT-1",1339,"Myofibroblast"
"e16_c1_GCTGAATAGTGCAGCA-1",1191,"Myofibroblast"
"e16_c1_GCTGGGTAGCCTGTCG-1",2537,"Fibroblast 1 (Col6a4/Adamdec1)"
"e16_c1_GGAACCCGTTTACCAG-1",2578,"Fibroblast 2 (Fndc1/Dpt)"
"e16_c1_GGAAGTGCAGCTACTA-1",1318,"Fibroblast 1 (Col6a4/Adamdec1)"
"e16_c1_GGAATGGCAAGTGACG-1",1924,"Fibroblast 4 (Kcnn3)"
"e16_c1_GGAGAACCATCACGGC-1",1305,"Smooth muscle"
"e16_c1_GGAGATGGTATTGACC-1",2466,"Mesothelial"
"e16_c1_GGAGGATGTGTGGTCC-1",2352,"Proliferative Fibroblast"
"e16_c1_GGCTTTCAGGGATCGT-1",1191,"Myofibroblast"
"e16_c1_GGCTTTCCAGGCGATA-1",1339,"Myofibroblast"
"e16_c1_GGGATGAGTGAGCCAA-1",1305,"Proliferative Smooth muscle"
"e16_c1_GGGTAGACAAGAATAC-1",618,"Fibroblast 3 (Adam12)"
"e16_c1_GGGTCACAGCGAGTCA-1",2466,"ICC"
"e16_c1_GGGTCACCATTGGCAT-1",1469,"Smooth muscle"
"e16_c1_GGGTGAAGTGAGCAGT-1",1463,"Proliferative Smooth muscle"
"e16_c1_GGGTGTCGTCTTCTAT-1",1191,"ICC"
"e16_c1_GGTAACTCAGCTCCTT-1",668,"Myeloid"
"e16_c1_GGTAGAGAGCTTTCTT-1",1924,"Smooth muscle"
"e16_c1_GGTAGAGCAACTCATG-1",1704,"Lymphoid"
"e16_c1_GGTAGAGCAGCGGATA-1",1697,"Fibroblast 3 (Adam12)"
"e16_c1_GGTAGAGTCTGGGCCA-1",2537,"Fibroblast 1 (Col6a4/Adamdec1)"
"e16_c1_GGTGATTCAAACTAGA-1",2578,"Fibroblast 3 (Adam12)"
"e16_c1_GGTTGTAAGATGAAGG-1",1191,"Myofibroblast"
"e16_c1_GTAACCAAGAGTAACT-1",2352,"Smooth muscle"
"e16_c1_GTAAGTCAGCAATTAG-1",1191,"ICC"
"e16_c1_GTAATCGGTCGATTCA-1",3150,"Myofibroblast"
"e16_c1_GTAATCGTCCACGTCT-1",1305,"Smooth muscle"
"e16_c1_GTAGAGGAGGATATAC-1",1465,"Myofibroblast"
"e16_c1_GTAGGAGAGTTGCCTA-1",540,"Fibroblast 3 (Adam12)"
"e16_c1_GTAGGTTTCGAGTCTA-1",2353,"Myofibroblast"
"e16_c1_GTCAAACCAGTGTGGA-1",2537,"Fibroblast 2 (Fndc1/Dpt)"
"e16_c1_GTCACGGTCCTATGGA-1",1043,"Fibroblast 3 (Adam12)"
"e16_c1_GTCAGCGGTCTTCAAG-1",2600,"ICC"
"e16_c1_GTCATCCTCGTGTGAT-1",1924,"Smooth muscle"
"e16_c1_GTCCACTAGCCTCACG-1",1318,"Proliferative Fibroblast"
"e16_c1_GTCGAATCACACCTAA-1",2537,"Smooth muscle"
"e16_c1_GTCGCGATCTAATTCC-1",1191,"ICC"
"e16_c1_GTCTCACTCACGGACC-1",1191,"Smooth muscle"
"e16_c1_GTCTTTAAGACTAAGT-1",1318,"Fibroblast 1 (Col6a4/Adamdec1)"
"e16_c1_GTGCTGGTCACTGCTC-1",2352,"Myofibroblast"
"e16_c1_GTGGGAACAGTAGATA-1",2537,"Fibroblast 2 (Fndc1/Dpt)"
"e16_c1_GTGTTCCAGGTGATAT-1",2537,"Smooth muscle"
"e16_c1_GTGTTCCCATTCTGTT-1",1191,"Myofibroblast"
"e16_c1_GTTACGACACTACAGT-1",1339,"Myofibroblast"
"e16_c1_GTTACGATCACAAGGG-1",2209,"Lymphoid"
"e16_c1_GTTAGACAGTGGCCTC-1",1527,"Fibroblast 4 (Kcnn3)"
"e16_c1_GTTATGGAGCCGTCGT-1",1339,"ICC"
"e16_c1_GTTCGCTTCACATCAG-1",2352,"Fibroblast 3 (Adam12)"
"e16_c1_GTTGCTCGTGGACCTC-1",1463,"Fibroblast 4 (Kcnn3)"
"e16_c1_GTTGTGAGTGTCCAAT-1",2537,"Fibroblast 1 (Col6a4/Adamdec1)"
"e16_c1_GTTGTGATCCGATGTA-1",1191,"Fibroblast 2 (Fndc1/Dpt)"
"e16_c1_TAACACGCAGGGATAC-1",1379,"Fibroblast 2 (Fndc1/Dpt)"
"e16_c1_TAACTTCAGCTCGCAC-1",1465,"Proliferative Smooth muscle"
"e16_c1_TAAGCCATCACGTCCT-1",2361,"Smooth muscle"
"e16_c1_TAATTCCTCGCAGTCG-1",2537,"Smooth muscle"
"e16_c1_TACCTCGAGGAAACGA-1",1379,"Fibroblast 2 (Fndc1/Dpt)"
"e16_c1_TACGGGCTCTGATGGT-1",2162,"Myofibroblast"
"e16_c1_TACGTCCCAATAGTCC-1",1465,"Myofibroblast"
"e16_c1_TACGTCCGTTGTTGAC-1",2819,"Fibroblast 3 (Adam12)"
"e16_c1_TACGTCCTCGGTAACT-1",540,"Proliferative Fibroblast"
"e16_c1_TACTTGTCAACACAAA-1",1565,"Proliferative Fibroblast"
"e16_c1_TAGACCATCATCGTAG-1",1191,"Smooth muscle"
"e16_c1_TAGAGTCGTACGCTTA-1",3150,"Smooth muscle"
"e16_c1_TAGATCGGTGATCGTT-1",2087,"Smooth muscle"
"e16_c1_TAGATCGTCGCCGTGA-1",3177,"Fibroblast 3 (Adam12)"
"e16_c1_TAGGTTGCACAACATC-1",1191,"Smooth muscle"
"e16_c1_TATCTTGGTCGCACGT-1",1191,"Smooth muscle"
"e16_c1_TATTTCGCAACCAATC-1",1465,"Fibroblast 2 (Fndc1/Dpt)"
"e16_c1_TCAAGACTCCATTCGC-1",2352,"ICC"
"e16_c1_TCAAGCATCAGCCCAG-1",2578,"Smooth muscle"
"e16_c1_TCACATTGTGCACATT-1",2361,"Smooth muscle"
"e16_c1_TCACTATTCGGAACTT-1",540,"Fibroblast 3 (Adam12)"
"e16_c1_TCACTCGCACGAAAGC-1",2061,"Myofibroblast"
"e16_c1_TCACTCGTCTAACGGT-1",3336,"Proliferative Fibroblast"
"e16_c1_TCAGCCTGTAAGCTCT-1",2537,"Smooth muscle"
"e16_c1_TCAGGGCGTAACCAGG-1",2537,"Proliferative Fibroblast"
"e16_c1_TCATACTAGTTGTCGT-1",2537,"Proliferative Smooth muscle"
"e16_c1_TCATACTCAACATCGT-1",540,"Fibroblast 3 (Adam12)"
"e16_c1_TCATCATCATCCCACT-1",1463,"Smooth muscle"
"e16_c1_TCATTGTTCTATGTGG-1",2466,"Smooth muscle"
"e16_c1_TCCACGTAGCAGGTCA-1",3336,"Myofibroblast"
"e16_c1_TCCAGAAGTCAACGCC-1",2515,"Smooth muscle"
"e16_c1_TCCATCGGTCAGTCGC-1",1704,"Lymphoid"
"e16_c1_TCCCAGTTCCGGTAGC-1",2087,"Smooth muscle"
"e16_c1_TCCTCCCAGGTTAGTA-1",2287,"Smooth muscle"
"e16_c1_TCCTCCCTCAGTCTTT-1",2108,"Fibroblast 4 (Kcnn3)"
"e16_c1_TCCTCTTCACTTGACA-1",540,"Fibroblast 2 (Fndc1/Dpt)"
"e16_c1_TCCTTCTAGGTACTGG-1",1318,"Proliferative Fibroblast"
"e16_c1_TCCTTTCTCCATTGCC-1",1704,"Myeloid"
"e16_c1_TCGAACAAGTCGCCCA-1",2888,"Fibroblast 6 (Lepr/Sp5)"
"e16_c1_TCGAACACATGGTACT-1",2841,"Fibroblast 2 (Fndc1/Dpt)"
"e16_c1_TCGACCTTCTGCATAG-1",2537,"Proliferative Fibroblast"
"e16_c1_TCGCACTGTGAGTTGG-1",1305,"Fibroblast 1 (Col6a4/Adamdec1)"
"e16_c1_TCGCAGGTCGGCATCG-1",1191,"Myofibroblast"
"e16_c1_TCGCTCAGTGATAGAT-1",2515,"Fibroblast 4 (Kcnn3)"
"e16_c1_TCGGATAAGCTGAAGC-1",1191,"Myofibroblast"
"e16_c1_TCGGATAGTCCTTAAG-1",2537,"Fibroblast 2 (Fndc1/Dpt)"
"e16_c1_TCGGGACGTTCAGCTA-1",1142,"Fibroblast 3 (Adam12)"
"e16_c1_TCGGTCTCACTTTAGG-1",1305,"Fibroblast 1 (Col6a4/Adamdec1)"
"e16_c1_TCGTCCATCTAGCCTC-1",1305,"Fibroblast 2 (Fndc1/Dpt)"
"e16_c1_TCGTGGGTCCTACGAA-1",1526,"Fibroblast 3 (Adam12)"
"e16_c1_TCTAACTTCCACTGGG-1",1191,"Myofibroblast"
"e16_c1_TCTACATGTCGAGTTT-1",2466,"Myofibroblast"
"e16_c1_TCTACATTCGGTCGGT-1",653,"Fibroblast 2 (Fndc1/Dpt)"
"e16_c1_TCTATCATCAGTCACA-1",2061,"Myofibroblast"
"e16_c1_TCTCACGTCACCATGA-1",1191,"Fibroblast 4 (Kcnn3)"
"e16_c1_TCTCAGCTCATGAAAG-1",1441,"Smooth muscle"
"e16_c1_TCTCTGGGTAGACACG-1",2352,"Smooth muscle"
"e16_c1_TCTTAGTTCTTAGCCC-1",2485,"Fibroblast 2 (Fndc1/Dpt)"
"e16_c1_TCTTCCTAGTAATACG-1",2361,"Smooth muscle"
"e16_c1_TGACAGTTCGGTGCAC-1",3336,"Fibroblast 4 (Kcnn3)"
"e16_c1_TGACTCCAGCATTTCG-1",2946,"Fibroblast 6 (Lepr/Sp5)"
"e16_c1_TGAGACTTCTTTCAGT-1",1527,"Fibroblast 2 (Fndc1/Dpt)"
"e16_c1_TGAGCGCAGAGTGTTA-1",1191,"Proliferative Fibroblast"
"e16_c1_TGAGGAGTCTCGCAGG-1",1725,"Fibroblast 5 (Mfap5/Grm3)"
"e16_c1_TGAGTCAGTAGGTTTC-1",3178,"Lymphoid"
"e16_c1_TGATCTTAGGTGCCTC-1",1465,"Mesothelial"
"e16_c1_TGATGCAAGGTCGACA-1",2162,"Fibroblast 3 (Adam12)"
"e16_c1_TGATGCATCGAAGTGG-1",1339,"Smooth muscle"
"e16_c1_TGATGGTAGCTCTTCC-1",2087,"Smooth muscle"
"e16_c1_TGATGGTGTACTCCCT-1",2346,"Fibroblast 3 (Adam12)"
"e16_c1_TGCACGGGTGCCGTAC-1",1191,"ICC"
"e16_c1_TGCAGGCTCCGTGGCA-1",2537,"Proliferative Fibroblast"
"e16_c1_TGCATCCAGGTCCAGA-1",1318,"Fibroblast 2 (Fndc1/Dpt)"
"e16_c1_TGCATCCAGGTCCGAA-1",1697,"Fibroblast 3 (Adam12)"
"e16_c1_TGCGACGCACACGGTC-1",2537,"Smooth muscle"
"e16_c1_TGCGATACATATACCG-1",1191,"Fibroblast 2 (Fndc1/Dpt)"
"e16_c1_TGCTCCACAACTGAAA-1",1463,"Smooth muscle"
"e16_c1_TGCTTCGCAGTGTGCC-1",2061,"Fibroblast 3 (Adam12)"
"e16_c1_TGGATCAGTCAAAGCG-1",3336,"Fibroblast 4 (Kcnn3)"
"e16_c1_TGGGATTAGCCGATTT-1",1697,"Fibroblast 3 (Adam12)"
"e16_c1_TGGGTTACAGTGTATC-1",1339,"Smooth muscle"
"e16_c1_TGGTAGTCAAGAAATC-1",1463,"Smooth muscle"
"e16_c1_TGTAACGTCAGACTGT-1",3150,"Fibroblast 4 (Kcnn3)"
"e16_c1_TGTACAGCAGCCGGTT-1",2537,"Fibroblast 1 (Col6a4/Adamdec1)"
"e16_c1_TGTCAGATCCCTCGAT-1",1191,"Mesothelial"
"e16_c1_TGTCCACAGGGATCGT-1",618,"Proliferative Fibroblast"
"e16_c1_TGTCCACCATCTATCT-1",3336,"Proliferative Fibroblast"
"e16_c1_TGTCCACGTGTTCAGT-1",1465,"Fibroblast 4 (Kcnn3)"
"e16_c1_TGTCCCATCCCGGTAG-1",1563,"Myofibroblast"
"e16_c1_TGTGAGTGTGCGCTCA-1",3178,"Lymphoid"
"e16_c1_TGTGCGGTCCTAGCCT-1",1526,"Fibroblast 4 (Kcnn3)"
"e16_c1_TGTGGCGGTGGCATCC-1",1704,"Lymphoid"
"e16_c1_TGTTGAGTCTGATTCT-1",1441,"Smooth muscle"
"e16_c1_TTACCATTCTGCGGAC-1",2287,"Smooth muscle"
"e16_c1_TTACGCCAGAAAGCGA-1",2600,"Proliferative Smooth muscle"
"e16_c1_TTACGCCTCATTATCC-1",3150,"Myofibroblast"
"e16_c1_TTAGTCTGTGCGTTTA-1",1142,"Fibroblast 3 (Adam12)"
"e16_c1_TTCACCGAGCTACTAC-1",2108,"Proliferative Fibroblast"
"e16_c1_TTCATTGAGCAGGCAT-1",1465,"Myofibroblast"
"e16_c1_TTCATTGGTAACAGTA-1",540,"Fibroblast 3 (Adam12)"
"e16_c1_TTCATTGGTAACCCTA-1",2742,"Lymphoid"
"e16_c1_TTCCACGAGGATATGT-1",1469,"Fibroblast 2 (Fndc1/Dpt)"
"e16_c1_TTCCACGAGGATTTCC-1",2103,"Lymphoid"
"e16_c1_TTCCGTGTCGCTGACG-1",1191,"Fibroblast 4 (Kcnn3)"
"e16_c1_TTCCTCTCAACCACGC-1",2946,"Fibroblast 2 (Fndc1/Dpt)"
"e16_c1_TTCCTCTGTATAGGAT-1",2537,"Fibroblast 4 (Kcnn3)"
"e16_c1_TTCCTTCGTGATTCTG-1",2352,"Fibroblast 4 (Kcnn3)"
"e16_c1_TTCGATTCATGTCTAG-1",2819,"Fibroblast 3 (Adam12)"
"e16_c1_TTCTGTACAATGCAAA-1",1339,"Fibroblast 5 (Mfap5/Grm3)"
"e16_c1_TTCTTGATCTTTCGAT-1",1441,"Proliferative Smooth muscle"
"e16_c1_TTGAACGCACTGCATA-1",1305,"Smooth muscle"
"e16_c1_TTGACCCCAGGCAATG-1",1191,"Smooth muscle"
"e16_c1_TTGAGTGGTGTGAGCA-1",2537,"Fibroblast 2 (Fndc1/Dpt)"
"e16_c1_TTGCATTGTATGGAGC-1",3336,"Fibroblast 4 (Kcnn3)"
"e16_c1_TTGCCTGAGCAGCGAT-1",2352,"Fibroblast 2 (Fndc1/Dpt)"
"e16_c1_TTGCTGCTCATGCAGT-1",1563,"Myofibroblast"
"e16_c1_TTGTGTTAGCGGATCA-1",1191,"Myofibroblast"
"e16_c1_TTGTTGTGTGCCGTTG-1",2163,"Myofibroblast"
"e16_c1_TTTACCAGTAACCCGC-1",2742,"Lymphoid"
"e16_c1_TTTACTGAGTCCCGGT-1",1339,"Myofibroblast"
"e16_c1_TTTAGTCAGTCAGCGA-1",1190,"Fibroblast 4 (Kcnn3)"
"e16_c1_TTTATGCAGATGCTTC-1",2537,"Proliferative Smooth muscle"
"e16_c1_TTTCACACACGTGTGC-1",2946,"Fibroblast 2 (Fndc1/Dpt)"
"e16_c1_TTTGACTTCACTGATG-1",1339,"Smooth muscle"
"e16_c1_TTTGATCAGTATAGAC-1",1191,"Smooth muscle"
"e16_c1_TTTGATCTCTGGTGCG-1",1234,"Fibroblast 5 (Mfap5/Grm3)"
"e16_c1_TTTGGAGTCTATACGG-1",2103,"Lymphoid"
"e16_c1_TTTGTTGGTACCCAGC-1",2742,"Myeloid"
