"","cloneID","ident"
"e16_s1_AAACCCAAGCATGTTC-1",1973,"Fibroblast"
"e16_s1_AAACCCAAGCCGTAAG-1",2396,"Fibroblast"
"e16_s1_AAACCCAAGCGCCGTT-1",1824,"ENS"
"e16_s1_AAACCCAAGTTGCCCG-1",1973,"ICC"
"e16_s1_AAACCCACAACATCGT-1",1439,"Immune"
"e16_s1_AAACCCACAACGGCTC-1",2605,"Fibroblast"
"e16_s1_AAACCCACACAGCATT-1",1003,"Foregut Basal"
"e16_s1_AAACCCACAGCATTGT-1",2928,"Fibroblast"
"e16_s1_AAACCCACATAGAAAC-1",2048,"ICC"
"e16_s1_AAACGAAAGGAGACCT-1",916,"Fibroblast"
"e16_s1_AAACGAACATTAAAGG-1",2540,"Fibroblast"
"e16_s1_AAACGAAGTAAGGCTG-1",3251,"Mesothelial"
"e16_s1_AAACGAAGTCAGGTAG-1",3067,"ENS"
"e16_s1_AAACGAAGTGATACCT-1",2064,"Fibroblast"
"e16_s1_AAACGAATCTCACTCG-1",786,"Fibroblast"
"e16_s1_AAACGCTAGTCATACC-1",1003,"Foregut Basal"
"e16_s1_AAACGCTCAGGACTTT-1",1158,"Fibroblast"
"e16_s1_AAACGCTCAGTTTCGA-1",1832,"ENS"
"e16_s1_AAACGCTGTATCAGGG-1",1312,"Myofibroblast"
"e16_s1_AAACGCTGTCTTTCTA-1",846,"Fibroblast"
"e16_s1_AAACGCTGTGATATAG-1",3207,"Fibroblast"
"e16_s1_AAACGCTGTGCCTTTC-1",2764,"Foregut Basal"
"e16_s1_AAACGCTGTGGCTACC-1",1003,"Foregut Basal"
"e16_s1_AAACGCTGTGTTGAGG-1",1003,"Foregut Basal"
"e16_s1_AAACGCTTCCGTGTGG-1",2147,"ENS"
"e16_s1_AAACGCTTCGAGCTGC-1",1503,"Fibroblast"
"e16_s1_AAAGAACAGCCATGCC-1",3089,"ENS"
"e16_s1_AAAGAACAGGGTGAAA-1",2787,"Fibroblast"
"e16_s1_AAAGAACAGTCAGCGA-1",3251,"Myofibroblast"
"e16_s1_AAAGAACCATTCGGGC-1",1004,"Foregut Basal"
"e16_s1_AAAGAACGTATCGTTG-1",3215,"Smooth muscle"
"e16_s1_AAAGAACGTATCTCTT-1",1626,"Fibroblast"
"e16_s1_AAAGAACGTCATGGCC-1",1003,"Foregut Basal"
"e16_s1_AAAGAACGTGCGGATA-1",888,"ENS"
"e16_s1_AAAGAACTCGTAACAC-1",2147,"ENS"
"e16_s1_AAAGGATAGATCGGTG-1",3089,"ENS"
"e16_s1_AAAGGATAGCGATTCT-1",598,"Fibroblast"
"e16_s1_AAAGGATAGTTTGTCG-1",2788,"Pericyte"
"e16_s1_AAAGGATCAAGCTGCC-1",2700,"Smooth muscle"
"e16_s1_AAAGGATGTTAGCGGA-1",2868,"ENS"
"e16_s1_AAAGGATTCCTCTCTT-1",2764,"Foregut Basal"
"e16_s1_AAAGGATTCCTTTGAT-1",104,"Fibroblast"
"e16_s1_AAAGGATTCGAAGTGG-1",1973,"Fibroblast"
"e16_s1_AAAGGGCAGAATTGCA-1",2836,"Endothelial"
"e16_s1_AAAGGGCCATACACCA-1",2316,"Fibroblast"
"e16_s1_AAAGGGCGTACTTGTG-1",3123,"ENS"
"e16_s1_AAAGGGCTCAGACCCG-1",448,"Fibroblast"
"e16_s1_AAAGGGCTCGGCTGAC-1",1576,"ICC"
"e16_s1_AAAGGGCTCTAGACCA-1",433,"ENS"
"e16_s1_AAAGGTAAGCCAAGTG-1",2911,"Fibroblast"
"e16_s1_AAAGGTAAGGGCGAGA-1",2605,"Smooth muscle"
"e16_s1_AAAGGTAAGTGGTTGG-1",1427,"Fibroblast"
"e16_s1_AAAGGTAGTAACATAG-1",1106,"ENS"
"e16_s1_AAAGGTAGTACAGGTG-1",1653,"Endothelial"
"e16_s1_AAAGGTAGTGCAATAA-1",2497,"Myofibroblast"
"e16_s1_AAAGTCCAGACGAGCT-1",656,"Fibroblast"
"e16_s1_AAAGTCCAGAGAGCAA-1",676,"Fibroblast"
"e16_s1_AAAGTCCAGGAACTAT-1",916,"Fibroblast"
"e16_s1_AAAGTCCAGGTTTACC-1",794,"Fibroblast"
"e16_s1_AAAGTCCAGTCACGCC-1",2347,"Fibroblast"
"e16_s1_AAAGTCCAGTGGATAT-1",2916,"Pericyte"
"e16_s1_AAAGTCCCAACTGATC-1",1860,"Fibroblast"
"e16_s1_AAAGTCCCATCCTCAC-1",3385,"Myofibroblast"
"e16_s1_AAAGTCCGTGGGTTGA-1",1784,"ENS"
"e16_s1_AAAGTCCGTTGGCCGT-1",1997,"Fibroblast"
"e16_s1_AAAGTCCTCTACTATC-1",470,"ENS"
"e16_s1_AAAGTGAAGGGTCACA-1",1079,"Fibroblast"
"e16_s1_AAAGTGAAGGGTTAAT-1",2269,"ENS"
"e16_s1_AAAGTGACATACAGGG-1",2777,"Fibroblast"
"e16_s1_AAAGTGAGTCTAATCG-1",2494,"ENS"
"e16_s1_AAAGTGAGTCTTTATC-1",1353,"Foregut Basal"
"e16_s1_AAATGGAAGAATACAC-1",1003,"Foregut Basal"
"e16_s1_AAATGGAAGATTTGCC-1",1091,"Mesothelial"
"e16_s1_AAATGGAAGCCTAACT-1",521,"Smooth muscle"
"e16_s1_AAATGGAAGTTGCTGT-1",2928,"Fibroblast"
"e16_s1_AAATGGACACTACACA-1",1860,"Myofibroblast"
"e16_s1_AAATGGACAGAGTGTG-1",700,"ENS"
"e16_s1_AAATGGACAGCTGAGA-1",1593,"Fibroblast"
"e16_s1_AAATGGAGTGTAAACA-1",1973,"Fibroblast"
"e16_s1_AAATGGATCCGCCTAT-1",1327,"Foregut Basal"
"e16_s1_AACAAAGAGAAACCCG-1",2868,"ENS"
"e16_s1_AACAAAGAGTACAACA-1",2380,"Fibroblast"
"e16_s1_AACAAAGCATCATTTC-1",719,"Smooth muscle"
"e16_s1_AACAAAGCATCGGATT-1",2075,"Myofibroblast"
"e16_s1_AACAAAGCATGTTCAG-1",2953,"ENS"
"e16_s1_AACAAAGTCATACAGC-1",1974,"Fibroblast"
"e16_s1_AACAACCAGTCACTCA-1",2696,"ENS"
"e16_s1_AACAACCCAGTGGCTC-1",2442,"ICC"
"e16_s1_AACAACCGTGGAGGTT-1",2800,"Endothelial"
"e16_s1_AACAACCTCCTACAAG-1",2890,"Fibroblast"
"e16_s1_AACAACCTCGCATGAT-1",2307,"Fibroblast"
"e16_s1_AACAAGAAGCCTGAGA-1",3168,"Smooth muscle"
"e16_s1_AACAAGACAACGACTT-1",2147,"ENS"
"e16_s1_AACAAGACAGCTATAC-1",2203,"Endothelial"
"e16_s1_AACAAGACAGTGAGCA-1",1973,"Smooth muscle"
"e16_s1_AACAAGACATCAGTCA-1",2764,"Fibroblast"
"e16_s1_AACAAGATCGCAATGT-1",598,"Fibroblast"
"e16_s1_AACAAGATCTACCCAC-1",3083,"Fibroblast"
"e16_s1_AACACACAGCAACCAG-1",2727,"ENS"
"e16_s1_AACACACAGCGGATCA-1",1003,"Foregut Basal"
"e16_s1_AACACACAGGGTTGCA-1",1973,"Fibroblast"
"e16_s1_AACACACAGTATGATG-1",702,"ENS"
"e16_s1_AACACACAGTCTAACC-1",1861,"Fibroblast"
"e16_s1_AACACACCAAAGCGTG-1",841,"Fibroblast"
"e16_s1_AACACACCAAGTCATC-1",2764,"Foregut Basal"
"e16_s1_AACACACTCACTCTTA-1",1973,"Fibroblast"
"e16_s1_AACAGGGAGGATTTCC-1",2110,"Fibroblast"
"e16_s1_AACAGGGAGTTAGTGA-1",1312,"ICC"
"e16_s1_AACAGGGCAATACGCT-1",719,"Fibroblast"
"e16_s1_AACAGGGCATCATGAC-1",889,"ENS"
"e16_s1_AACAGGGTCAGCGCGT-1",2992,"ENS"
"e16_s1_AACAGGGTCCATATGG-1",886,"ENS"
"e16_s1_AACCAACCATGGCTAT-1",556,"ENS"
"e16_s1_AACCAACTCTGTTCAT-1",2380,"ICC"
"e16_s1_AACCACAAGCTATCTG-1",1312,"Fibroblast"
"e16_s1_AACCACAAGGATACAT-1",1229,"ENS"
"e16_s1_AACCACACAAAGGAGA-1",1973,"Fibroblast"
"e16_s1_AACCACACACACGCCA-1",2217,"Fibroblast"
"e16_s1_AACCACACACGGATCC-1",2918,"Fibroblast"
"e16_s1_AACCACACAGCCCAGT-1",1862,"Smooth muscle"
"e16_s1_AACCACAGTTCCTTGC-1",1003,"Foregut Basal"
"e16_s1_AACCATGAGCCGGAAT-1",1555,"Endothelial"
"e16_s1_AACCATGAGCTCCGAC-1",1003,"Foregut Basal"
"e16_s1_AACCATGCAACTGTGT-1",1973,"Myofibroblast"
"e16_s1_AACCATGCAGTTTCGA-1",2764,"Foregut Basal"
"e16_s1_AACCATGGTATCGCAT-1",2953,"ENS"
"e16_s1_AACCCAACACGTAGTT-1",2347,"Mesothelial"
"e16_s1_AACCCAAGTCCAGTTA-1",1627,"Fibroblast"
"e16_s1_AACCCAATCCTTCAGC-1",2307,"Fibroblast"
"e16_s1_AACCCAATCGAATGCT-1",2891,"Fibroblast"
"e16_s1_AACCCAATCGACATTG-1",509,"ENS"
"e16_s1_AACCCAATCTACTTCA-1",3023,"ENS"
"e16_s1_AACCCAATCTAGCCTC-1",900,"ENS"
"e16_s1_AACCTGAAGATTGGGC-1",1973,"Fibroblast"
"e16_s1_AACCTGAAGCCTCCAG-1",2936,"Fibroblast"
"e16_s1_AACCTGAAGTCAGGGT-1",886,"ENS"
"e16_s1_AACCTGACAGACCAGA-1",2307,"Fibroblast"
"e16_s1_AACCTGATCGGTCAGC-1",233,"Smooth muscle"
"e16_s1_AACCTTTAGGAAAGAC-1",2764,"Foregut Basal"
"e16_s1_AACCTTTAGGAAGTAG-1",2928,"Fibroblast"
"e16_s1_AACCTTTAGGTAAACT-1",3354,"ENS"
"e16_s1_AACCTTTAGGTAGTCG-1",2307,"Fibroblast"
"e16_s1_AACCTTTAGTTCCGTA-1",815,"Fibroblast"
"e16_s1_AACCTTTCACGGCTAC-1",1628,"ENS"
"e16_s1_AACCTTTCAGTGTGGA-1",916,"Fibroblast"
"e16_s1_AACCTTTCATGGAGAC-1",1973,"Fibroblast"
"e16_s1_AACCTTTGTATTTCCT-1",2217,"Mesothelial"
"e16_s1_AACCTTTGTCCGACGT-1",886,"ENS"
"e16_s1_AACCTTTGTCGAACGA-1",2953,"ENS"
"e16_s1_AACCTTTTCCACTTTA-1",900,"ENS"
"e16_s1_AACCTTTTCGATTCCC-1",598,"Fibroblast"
"e16_s1_AACCTTTTCGGCACTG-1",1384,"Smooth muscle"
"e16_s1_AACCTTTTCTGTCGTC-1",2218,"Myofibroblast"
"e16_s1_AACCTTTTCTTTACAC-1",2701,"ENS"
"e16_s1_AACGAAAAGAAGTCCG-1",2040,"Fibroblast"
"e16_s1_AACGAAAAGATAACAC-1",550,"ENS"
"e16_s1_AACGAAAAGCTGTTCA-1",2231,"ENS"
"e16_s1_AACGAAAAGGTCATAA-1",749,"ENS"
"e16_s1_AACGAAAAGTTACTCG-1",2928,"Smooth muscle"
"e16_s1_AACGAAACATATTCGG-1",1627,"Fibroblast"
"e16_s1_AACGAAAGTGGAACAC-1",694,"Smooth muscle"
"e16_s1_AACGAAAGTGGACAGT-1",1773,"Smooth muscle"
"e16_s1_AACGGGAAGTATAGGT-1",1312,"Endothelial"
"e16_s1_AACGGGACAACTGATC-1",3089,"ENS"
"e16_s1_AACGGGACAGACAAGC-1",3215,"Myofibroblast"
"e16_s1_AACGGGACAGGACATG-1",1627,"Fibroblast"
"e16_s1_AACGGGAGTACAATAG-1",1312,"Mesothelial"
"e16_s1_AACGGGAGTCCCGGTA-1",2319,"ENS"
"e16_s1_AACGGGAGTGTTTGCA-1",829,"Myofibroblast"
"e16_s1_AACGGGATCTCGGTCT-1",1353,"Foregut Basal"
"e16_s1_AACGGGATCTCTATGT-1",656,"Fibroblast"
"e16_s1_AACGTCAAGCTATCTG-1",1003,"Foregut Basal"
"e16_s1_AACGTCAAGGGAGGCA-1",3354,"ENS"
"e16_s1_AACGTCACAACTACGT-1",2563,"Foregut Basal"
"e16_s1_AACGTCACACCCAAGC-1",815,"Fibroblast"
"e16_s1_AACGTCACAGTCGGTC-1",938,"Fibroblast"
"e16_s1_AACGTCATCCGTACGG-1",2294,"ENS"
"e16_s1_AACGTCATCTTCTGTA-1",598,"Fibroblast"
"e16_s1_AACTTCTAGCCTCCAG-1",719,"Smooth muscle"
"e16_s1_AACTTCTAGTGACCTT-1",3252,"Fibroblast"
"e16_s1_AACTTCTCAAACACGG-1",2777,"Fibroblast"
"e16_s1_AACTTCTCAGCTACCG-1",1861,"ICC"
"e16_s1_AACTTCTGTTGGTACT-1",794,"Fibroblast"
"e16_s1_AACTTCTTCCCTTGGT-1",825,"Fibroblast"
"e16_s1_AACTTCTTCGACCAAT-1",3140,"Smooth muscle"
"e16_s1_AAGAACAAGGTGCTGA-1",1327,"Foregut Basal"
"e16_s1_AAGAACACACATACGT-1",841,"Foregut Basal"
"e16_s1_AAGAACAGTTAGAAGT-1",1861,"Fibroblast"
"e16_s1_AAGAACAGTTGCTAGT-1",3089,"ENS"
"e16_s1_AAGAACATCCATTTAC-1",2911,"Myofibroblast"
"e16_s1_AAGACAAAGAACTTCC-1",550,"Foregut Basal"
"e16_s1_AAGACAAAGCATCCTA-1",2493,"ENS"
"e16_s1_AAGACAACAATCTCGA-1",786,"ICC"
"e16_s1_AAGACAACACAGAGCA-1",2887,"ENS"
"e16_s1_AAGACAACACATAACC-1",2721,"Endothelial"
"e16_s1_AAGACAAGTACGGTTT-1",719,"Fibroblast"
"e16_s1_AAGACAAGTATTAAGG-1",1374,"Fibroblast"
"e16_s1_AAGACAATCAAGTTGC-1",938,"Fibroblast"
"e16_s1_AAGACAATCATTCCTA-1",2748,"Myofibroblast"
"e16_s1_AAGACAATCGATTCCC-1",920,"ENS"
"e16_s1_AAGACAATCTGTTCAT-1",2040,"Fibroblast"
"e16_s1_AAGACTCCAACTGTGT-1",258,"Fibroblast"
"e16_s1_AAGACTCCACAAGTTC-1",3354,"ENS"
"e16_s1_AAGACTCCACACCGAC-1",577,"ENS"
"e16_s1_AAGACTCGTGACGCCT-1",2491,"ENS"
"e16_s1_AAGACTCTCCAGGACC-1",3354,"ENS"
"e16_s1_AAGATAGAGCAGAAAG-1",3248,"Smooth muscle"
"e16_s1_AAGATAGAGGAAGTAG-1",2217,"Myofibroblast"
"e16_s1_AAGATAGAGTAACGTA-1",3329,"Fibroblast"
"e16_s1_AAGATAGCAGGTCAAG-1",3385,"Fibroblast"
"e16_s1_AAGATAGCATCATCTT-1",1973,"Fibroblast"
"e16_s1_AAGATAGGTCCTGTCT-1",2928,"Smooth muscle"
"e16_s1_AAGATAGGTCTGTTAG-1",598,"Fibroblast"
"e16_s1_AAGATAGTCTTGCGCT-1",2916,"ICC"
"e16_s1_AAGCATCAGAAGATCT-1",2645,"ENS"
"e16_s1_AAGCATCAGCGGTAAC-1",1861,"Fibroblast"
"e16_s1_AAGCATCCACATACGT-1",1185,"ENS"
"e16_s1_AAGCATCCATATCGGT-1",1627,"Myofibroblast"
"e16_s1_AAGCATCGTACAAGCG-1",2040,"Fibroblast"
"e16_s1_AAGCATCGTCATCGCG-1",2992,"ENS"
"e16_s1_AAGCATCGTCTGCAAT-1",2764,"Foregut Basal"
"e16_s1_AAGCATCGTTCTCCCA-1",1106,"Fibroblast"
"e16_s1_AAGCATCGTTTACGTG-1",786,"ICC"
"e16_s1_AAGCATCTCATTCTTG-1",1973,"Fibroblast"
"e16_s1_AAGCATCTCGTAGCTA-1",1327,"Endothelial"
"e16_s1_AAGCCATAGACGCATG-1",2308,"Fibroblast"
"e16_s1_AAGCCATAGCCAGAGT-1",2690,"Smooth muscle"
"e16_s1_AAGCCATCAAGATGTA-1",2631,"Simple Epithelial"
"e16_s1_AAGCCATTCACTGTCC-1",886,"ENS"
"e16_s1_AAGCCATTCCGGCAGT-1",3044,"Fibroblast"
"e16_s1_AAGCCATTCGATGGAG-1",2892,"Fibroblast"
"e16_s1_AAGCCATTCTAGGAAA-1",1973,"ICC"
"e16_s1_AAGCCATTCTTCTAAC-1",1213,"Endothelial"
"e16_s1_AAGCGAGAGCATCCTA-1",916,"Mesothelial"
"e16_s1_AAGCGAGAGTGAATAC-1",1242,"Endothelial"
"e16_s1_AAGCGAGAGTGGAATT-1",1185,"ENS"
"e16_s1_AAGCGAGCACACCAGC-1",2659,"Fibroblast"
"e16_s1_AAGCGAGCACCTAAAC-1",1433,"Fibroblast"
"e16_s1_AAGCGAGGTAACAGTA-1",578,"ENS"
"e16_s1_AAGCGAGGTACGTGTT-1",2891,"Fibroblast"
"e16_s1_AAGCGAGGTGTCCAAT-1",556,"ENS"
"e16_s1_AAGCGAGGTTCAGCGC-1",1106,"ENS"
"e16_s1_AAGCGAGGTTGCTCGG-1",663,"ENS"
"e16_s1_AAGCGAGTCACTTGTT-1",2764,"Foregut Basal"
"e16_s1_AAGCGAGTCAGGAACG-1",2491,"ENS"
"e16_s1_AAGCGTTAGAAACACT-1",3067,"ENS"
"e16_s1_AAGCGTTAGGTGGTTG-1",719,"Myofibroblast"
"e16_s1_AAGCGTTGTCATGCAT-1",794,"ICC"
"e16_s1_AAGCGTTTCATATGGC-1",241,"ICC"
"e16_s1_AAGCGTTTCGCCTATC-1",1688,"ENS"
"e16_s1_AAGCGTTTCGGCCCAA-1",1003,"Foregut Basal"
"e16_s1_AAGCGTTTCGTTAGTG-1",3346,"Endothelial"
"e16_s1_AAGCGTTTCTGAACGT-1",1026,"Endothelial"
"e16_s1_AAGGAATAGTGAACAT-1",598,"Fibroblast"
"e16_s1_AAGGAATCACAGTCAT-1",563,"ENS"
"e16_s1_AAGGAATGTACAGAAT-1",2994,"ENS"
"e16_s1_AAGGAATGTGTGCTTA-1",1667,"Myofibroblast"
"e16_s1_AAGGAATTCATCAGTG-1",1667,"Smooth muscle"
"e16_s1_AAGGAATTCATTTCCA-1",719,"Fibroblast"
"e16_s1_AAGGTAAAGGAGGCAG-1",2064,"Smooth muscle"
"e16_s1_AAGGTAACACCTTCGT-1",3251,"Fibroblast"
"e16_s1_AAGGTAACATGCCGGT-1",2702,"Mesothelial"
"e16_s1_AAGGTAAGTTCGGTAT-1",2659,"Fibroblast"
"e16_s1_AAGGTAATCACTGATG-1",2517,"ENS"
"e16_s1_AAGGTAATCATGTCAG-1",2994,"ENS"
"e16_s1_AAGTACCAGAACTGAT-1",2868,"ENS"
"e16_s1_AAGTACCCAAGGGTCA-1",654,"ENS"
"e16_s1_AAGTACCCAGAATCGG-1",3215,"Mesothelial"
"e16_s1_AAGTACCCAGACACCC-1",3354,"ENS"
"e16_s1_AAGTACCGTGACTGTT-1",2953,"ENS"
"e16_s1_AAGTACCGTGCTGTCG-1",2891,"Fibroblast"
"e16_s1_AAGTACCTCACCTACC-1",1860,"Pericyte"
"e16_s1_AAGTACCTCATGCGGC-1",2926,"Fibroblast"
"e16_s1_AAGTCGTAGGATGTTA-1",1144,"Fibroblast"
"e16_s1_AAGTCGTAGGTGCTGA-1",1863,"Pericyte"
"e16_s1_AAGTCGTCAGCACGAA-1",1003,"Foregut Basal"
"e16_s1_AAGTCGTCATCGAAGG-1",2893,"Fibroblast"
"e16_s1_AAGTCGTTCTCGAACA-1",554,"ENS"
"e16_s1_AAGTCGTTCTCTGGTC-1",3207,"Fibroblast"
"e16_s1_AAGTGAAAGAAGCCAC-1",2040,"Myofibroblast"
"e16_s1_AAGTGAAAGCTGGAGT-1",656,"Mesothelial"
"e16_s1_AAGTGAAAGTTGGCGA-1",159,"Fibroblast"
"e16_s1_AAGTGAACACCTCTAC-1",1003,"Foregut Basal"
"e16_s1_AAGTGAACAGCTCCTT-1",901,"ENS"
"e16_s1_AAGTGAAGTGATTCAC-1",1576,"Fibroblast"
"e16_s1_AAGTGAATCGCTATTT-1",3329,"Fibroblast"
"e16_s1_AAGTGAATCTAAGCGT-1",1850,"Foregut Basal"
"e16_s1_AAGTTCGCAAACCACT-1",3082,"Fibroblast"
"e16_s1_AAGTTCGCACAGAGAC-1",2583,"ENS"
"e16_s1_AAGTTCGCAGGTTACT-1",1973,"Fibroblast"
"e16_s1_AAGTTCGGTGATTAGA-1",1999,"Fibroblast"
"e16_s1_AAGTTCGGTTTGTGGT-1",3318,"Fibroblast"
"e16_s1_AAGTTCGTCTCTCTTC-1",1424,"Fibroblast"
"e16_s1_AATAGAGAGAGGCTGT-1",2347,"Fibroblast"
"e16_s1_AATAGAGAGTTACGAA-1",3231,"ENS"
"e16_s1_AATAGAGCAAATGCTC-1",1627,"Fibroblast"
"e16_s1_AATAGAGCAATGAGCG-1",1627,"Fibroblast"
"e16_s1_AATAGAGCACTTGAAC-1",3354,"ENS"
"e16_s1_AATAGAGCACTTGGCG-1",2605,"Fibroblast"
"e16_s1_AATAGAGCATACAGCT-1",2690,"Fibroblast"
"e16_s1_AATAGAGGTGGTATGG-1",1999,"Pericyte"
"e16_s1_AATAGAGGTGTTCCAA-1",485,"ENS"
"e16_s1_AATCACGCAAGTTCGT-1",668,"Immune"
"e16_s1_AATCACGCACTGATTG-1",2953,"ENS"
"e16_s1_AATCACGCATGTTTGG-1",3385,"Fibroblast"
"e16_s1_AATCACGGTCACTCTC-1",128,"Foregut Basal"
"e16_s1_AATCACGGTCATCGGC-1",1003,"Foregut Basal"
"e16_s1_AATCACGGTGTCATGT-1",1504,"Fibroblast"
"e16_s1_AATCACGGTGTGTTTG-1",2763,"Pericyte"
"e16_s1_AATCACGGTGTTACTG-1",1312,"Fibroblast"
"e16_s1_AATCACGGTTGCACGC-1",2517,"ENS"
"e16_s1_AATCACGTCAACCTCC-1",2690,"Smooth muscle"
"e16_s1_AATCACGTCCATGCAA-1",598,"Fibroblast"
"e16_s1_AATCACGTCCTCTAAT-1",794,"Fibroblast"
"e16_s1_AATCACGTCGACACTA-1",2764,"Foregut Basal"
"e16_s1_AATCACGTCTACGCAA-1",2040,"Fibroblast"
"e16_s1_AATCGACAGAGGATCC-1",719,"ICC"
"e16_s1_AATCGACCAGAAATCA-1",2491,"ENS"
"e16_s1_AATCGACCAGAACTAA-1",1138,"Fibroblast"
"e16_s1_AATCGACCAGGAATCG-1",1153,"Smooth muscle"
"e16_s1_AATCGACCAGTCAGCC-1",1003,"Foregut Basal"
"e16_s1_AATCGACGTACCATAC-1",709,"Fibroblast"
"e16_s1_AATCGACGTCTGTCAA-1",2721,"Endothelial"
"e16_s1_AATCGTGAGTGAGTTA-1",1942,"ENS"
"e16_s1_AATCGTGCAAACGAGC-1",2645,"ENS"
"e16_s1_AATCGTGGTACTAGCT-1",1383,"Mesothelial"
"e16_s1_AATCGTGGTTTACACG-1",3199,"ENS"
"e16_s1_AATCGTGTCAAGTTGC-1",3089,"Fibroblast"
"e16_s1_AATCGTGTCACGTCCT-1",2036,"Foregut Basal"
"e16_s1_AATCGTGTCCGCTAGG-1",2307,"Fibroblast"
"e16_s1_AATCGTGTCCGTCACT-1",851,"Immune"
"e16_s1_AATGAAGAGAACTGAT-1",1627,"Fibroblast"
"e16_s1_AATGAAGAGAGTACCG-1",1861,"Fibroblast"
"e16_s1_AATGAAGAGCAGCCTC-1",2863,"ENS"
"e16_s1_AATGAAGAGGGACACT-1",1158,"Myofibroblast"
"e16_s1_AATGAAGCACGTATAC-1",1999,"Fibroblast"
"e16_s1_AATGAAGGTCGGAAAC-1",1627,"Fibroblast"
"e16_s1_AATGACCAGACAGCTG-1",2381,"Endothelial"
"e16_s1_AATGACCCATTCATCT-1",1860,"Fibroblast"
"e16_s1_AATGACCGTTCCCAAA-1",372,"ENS"
"e16_s1_AATGACCTCACCGGTG-1",1113,"Endothelial"
"e16_s1_AATGACCTCCACGAAT-1",2307,"Fibroblast"
"e16_s1_AATGCCAAGTATGGCG-1",2709,"ENS"
"e16_s1_AATGCCAAGTCAATCC-1",1999,"Fibroblast"
"e16_s1_AATGCCAAGTGGGAAA-1",719,"Fibroblast"
"e16_s1_AATGCCACACTTTATC-1",2690,"Smooth muscle"
"e16_s1_AATGCCAGTCGATTTG-1",1861,"Fibroblast"
"e16_s1_AATGCCATCAGCAATC-1",784,"Fibroblast"
"e16_s1_AATGCCATCCATAGAC-1",2096,"ENS"
"e16_s1_AATGCCATCCATCGTC-1",3251,"Fibroblast"
"e16_s1_AATGGAAAGACTCAAA-1",1933,"Smooth muscle"
"e16_s1_AATGGAAAGCGATGAC-1",2540,"Fibroblast"
"e16_s1_AATGGAAAGCTTAAGA-1",2606,"Myofibroblast"
"e16_s1_AATGGAACACTGAATC-1",3083,"Fibroblast"
"e16_s1_AATGGAATCACCGCTT-1",3339,"ENS"
"e16_s1_AATGGAATCCGAGCTG-1",2126,"ENS"
"e16_s1_AATGGCTAGCACTCGC-1",3207,"Smooth muscle"
"e16_s1_AATGGCTAGTTACGAA-1",599,"Fibroblast"
"e16_s1_AATGGCTCAAAGGGTC-1",2048,"Mesothelial"
"e16_s1_AATGGCTGTAACCAGG-1",2217,"ICC"
"e16_s1_AATGGCTTCATCAGTG-1",1999,"Fibroblast"
"e16_s1_AATGGCTTCCGGCAGT-1",626,"ENS"
"e16_s1_AATGGCTTCCTCACCA-1",1860,"Fibroblast"
"e16_s1_AATTCCTAGCAAGTCG-1",2764,"Foregut Basal"
"e16_s1_AATTCCTCACTATCGA-1",1118,"Fibroblast"
"e16_s1_AATTCCTGTAAGCAAT-1",2517,"ENS"
"e16_s1_AATTCCTGTCAGGCAA-1",2787,"Fibroblast"
"e16_s1_AATTCCTGTCGGCACT-1",2354,"Fibroblast"
"e16_s1_AATTCCTGTCGTATGT-1",1973,"Fibroblast"
"e16_s1_AATTCCTTCAATCTTC-1",1860,"Fibroblast"
"e16_s1_AATTCCTTCATCGTAG-1",2757,"ENS"
"e16_s1_AATTCCTTCGGAATGG-1",2497,"Fibroblast"
"e16_s1_AATTTCCAGACAAGCC-1",2690,"Fibroblast"
"e16_s1_AATTTCCAGCTGACCC-1",1312,"Myofibroblast"
"e16_s1_AATTTCCAGGCATTTC-1",2877,"ENS"
"e16_s1_AATTTCCCACATACTG-1",1154,"Smooth muscle"
"e16_s1_AATTTCCCAGATACCT-1",1654,"Simple Epithelial"
"e16_s1_AATTTCCCATATCTCT-1",1864,"Fibroblast"
"e16_s1_AATTTCCGTCGTGTTA-1",2891,"Fibroblast"
"e16_s1_AATTTCCTCATTGCGA-1",736,"Immune"
"e16_s1_ACAAAGAAGCAGCCTC-1",1549,"Fibroblast"
"e16_s1_ACAAAGAAGCCAGAGT-1",3089,"ENS"
"e16_s1_ACAAAGAAGGGTAATT-1",2893,"Fibroblast"
"e16_s1_ACAACCAAGCTGAGTG-1",598,"Pericyte"
"e16_s1_ACAACCAAGGTTCAGG-1",1003,"Foregut Basal"
"e16_s1_ACAACCAAGTCGCCAC-1",815,"Myofibroblast"
"e16_s1_ACAACCACACAATCTG-1",829,"Myofibroblast"
"e16_s1_ACAACCACAGATCATC-1",740,"Fibroblast"
"e16_s1_ACAACCACATGCGGTC-1",2307,"Fibroblast"
"e16_s1_ACAACCAGTATCGAAA-1",1091,"Fibroblast"
"e16_s1_ACAACCAGTGGATGAC-1",1973,"Fibroblast"
"e16_s1_ACAACCAGTGTCTTGA-1",2928,"Fibroblast"
"e16_s1_ACAACCAGTTTCGTAG-1",719,"Smooth muscle"
"e16_s1_ACAACCATCCTTCTTC-1",2110,"Fibroblast"
"e16_s1_ACAACCATCGAAGGAC-1",1003,"Foregut Basal"
"e16_s1_ACAACCATCTCTATGT-1",2722,"Endothelial"
"e16_s1_ACAAGCTAGCACACCC-1",2483,"Fibroblast"
"e16_s1_ACAAGCTAGCATCAGG-1",1242,"Endothelial"
"e16_s1_ACAAGCTCACTAACGT-1",815,"Fibroblast"
"e16_s1_ACAAGCTCACTCTGCT-1",916,"Fibroblast"
"e16_s1_ACAAGCTGTCTCAGGC-1",2659,"Fibroblast"
"e16_s1_ACAAGCTTCGATTGAC-1",676,"Fibroblast"
"e16_s1_ACAAGCTTCTCCCTAG-1",1091,"Smooth muscle"
"e16_s1_ACACAGTAGGCCTGAA-1",3127,"Smooth muscle"
"e16_s1_ACACAGTCAGCTTTCC-1",2443,"Fibroblast"
"e16_s1_ACACAGTCATGTTTGG-1",2605,"Fibroblast"
"e16_s1_ACACAGTTCAGAGCAG-1",920,"ENS"
"e16_s1_ACACAGTTCATACAGC-1",2188,"Simple Epithelial"
"e16_s1_ACACAGTTCCGACAGC-1",3207,"ICC"
"e16_s1_ACACAGTTCGCAGATT-1",3253,"Fibroblast"
"e16_s1_ACACAGTTCTACTTCA-1",1213,"Endothelial"
"e16_s1_ACACAGTTCTCAGGCG-1",1962,"Smooth muscle"
"e16_s1_ACACAGTTCTTCCCGA-1",1999,"Fibroblast"
"e16_s1_ACACCAAAGATCCAAA-1",288,"Fibroblast"
"e16_s1_ACACCAAAGGCAATGC-1",1973,"Fibroblast"
"e16_s1_ACACCAAAGGGCAGAG-1",1860,"Fibroblast"
"e16_s1_ACACCAACAGACCCGT-1",2994,"ENS"
"e16_s1_ACACCAACATCGTGCG-1",3385,"Smooth muscle"
"e16_s1_ACACCAAGTAGGACTG-1",2936,"Fibroblast"
"e16_s1_ACACCAAGTATCAGCT-1",566,"ENS"
"e16_s1_ACACCAATCGAGAAAT-1",1999,"Smooth muscle"
"e16_s1_ACACCAATCGTGCACG-1",657,"Fibroblast"
"e16_s1_ACACCAATCTTTGCAT-1",1242,"Endothelial"
"e16_s1_ACACGCGAGATGAAGG-1",2690,"Fibroblast"
"e16_s1_ACACGCGAGCATTTGC-1",1091,"Fibroblast"
"e16_s1_ACACGCGCAAGGCCTC-1",2347,"Fibroblast"
"e16_s1_ACACGCGCAAGTGTCT-1",2764,"Fibroblast"
"e16_s1_ACACGCGCACGCAGTC-1",1999,"Fibroblast"
"e16_s1_ACACGCGCATGGCCAC-1",2891,"Fibroblast"
"e16_s1_ACACGCGGTTATGGTC-1",2992,"ENS"
"e16_s1_ACACGCGTCTGTTCAT-1",2309,"Fibroblast"
"e16_s1_ACACTGAAGAAGTATC-1",1627,"Fibroblast"
"e16_s1_ACACTGACAACTCGAT-1",771,"ENS"
"e16_s1_ACACTGACACTCTAGA-1",2940,"Fibroblast"
"e16_s1_ACACTGACAGGAACCA-1",387,"ENS"
"e16_s1_ACACTGACAGGTACGA-1",2757,"ENS"
"e16_s1_ACACTGAGTCACTAGT-1",3251,"Fibroblast"
"e16_s1_ACACTGATCGTGACTA-1",2764,"Foregut Basal"
"e16_s1_ACACTGATCTGGCCAG-1",916,"Fibroblast"
"e16_s1_ACAGAAAAGTGATCGG-1",1003,"Foregut Basal"
"e16_s1_ACAGAAACAAGATCCT-1",2408,"Myofibroblast"
"e16_s1_ACAGAAACACAATGCT-1",2231,"ENS"
"e16_s1_ACAGAAAGTTTACACG-1",938,"Smooth muscle"
"e16_s1_ACAGCCGAGACTTCGT-1",2777,"Fibroblast"
"e16_s1_ACAGCCGAGCTAAGTA-1",1860,"Fibroblast"
"e16_s1_ACAGCCGAGGGATCGT-1",731,"ICC"
"e16_s1_ACAGCCGAGTCACGCC-1",771,"ENS"
"e16_s1_ACAGCCGCAGGGAGAG-1",1576,"Fibroblast"
"e16_s1_ACAGCCGCATTGACCA-1",720,"Fibroblast"
"e16_s1_ACAGCCGTCAGCTAGT-1",2517,"ENS"
"e16_s1_ACAGCCGTCAGGACAG-1",646,"Pericyte"
"e16_s1_ACAGGGAAGCTAATCC-1",714,"ICC"
"e16_s1_ACAGGGAAGGACAAGA-1",3053,"Smooth muscle"
"e16_s1_ACAGGGACAAGCGATG-1",886,"ENS"
"e16_s1_ACAGGGAGTGCGTGCT-1",646,"Smooth muscle"
"e16_s1_ACAGGGATCATCTGTT-1",2147,"ENS"
"e16_s1_ACAGGGATCGTACACA-1",1576,"Fibroblast"
"e16_s1_ACATCCCAGTAGTCAA-1",2203,"Endothelial"
"e16_s1_ACATCCCCACTAGAGG-1",2294,"ENS"
"e16_s1_ACATCCCCAGCTACTA-1",598,"Myofibroblast"
"e16_s1_ACATCCCGTAGCGCTC-1",1003,"Foregut Basal"
"e16_s1_ACATCCCGTCAACATC-1",2126,"ENS"
"e16_s1_ACATCCCGTCACAGTT-1",3385,"Fibroblast"
"e16_s1_ACATCCCTCCGATAGT-1",1914,"ICC"
"e16_s1_ACATCGAAGAAATTGC-1",1003,"Foregut Basal"
"e16_s1_ACATCGAAGCCTTCTC-1",1627,"Myofibroblast"
"e16_s1_ACATCGAAGCGAGGAG-1",2250,"ENS"
"e16_s1_ACATCGAAGCTCGACC-1",3089,"ENS"
"e16_s1_ACATCGACAATAGTGA-1",2953,"ENS"
"e16_s1_ACATCGACAGAAACCG-1",1427,"ICC"
"e16_s1_ACATCGAGTATGAGAT-1",2868,"ENS"
"e16_s1_ACATCGAGTCCCTCAT-1",749,"ENS"
"e16_s1_ACATCGATCCCGTAAA-1",1784,"ENS"
"e16_s1_ACATGCAAGCCTGTCG-1",2483,"Fibroblast"
"e16_s1_ACATGCAAGCGCCATC-1",938,"Fibroblast"
"e16_s1_ACATGCACAGACAAGC-1",2204,"ENS"
"e16_s1_ACATGCACATAATCCG-1",2764,"Foregut Basal"
"e16_s1_ACATGCAGTATCGCGC-1",861,"ENS"
"e16_s1_ACATGCAGTTTGTTCT-1",265,"Fibroblast"
"e16_s1_ACATTTCAGCGATTCT-1",2269,"ENS"
"e16_s1_ACATTTCAGTATTCCG-1",1627,"Fibroblast"
"e16_s1_ACATTTCAGTCTAGCT-1",3083,"Myofibroblast"
"e16_s1_ACATTTCCAAACTCTG-1",1185,"ENS"
"e16_s1_ACATTTCCAATAGAGT-1",1638,"Smooth muscle"
"e16_s1_ACATTTCCATAGCTGT-1",1185,"ENS"
"e16_s1_ACATTTCGTAACACCT-1",600,"Smooth muscle"
"e16_s1_ACATTTCGTAGCGAGT-1",1667,"Pericyte"
"e16_s1_ACATTTCGTTAGGAGC-1",1973,"Fibroblast"
"e16_s1_ACATTTCTCGTGTCAA-1",1312,"ENS"
"e16_s1_ACCAAACAGTAAACAC-1",1035,"Fibroblast"
"e16_s1_ACCAAACTCGGTAGGA-1",2964,"ENS"
"e16_s1_ACCAACAAGAAGTATC-1",2217,"Fibroblast"
"e16_s1_ACCAACAAGAATTGTG-1",2911,"Fibroblast"
"e16_s1_ACCAACACAGAGACTG-1",2118,"Myofibroblast"
"e16_s1_ACCAACACATTACGGT-1",2396,"Fibroblast"
"e16_s1_ACCAACAGTACCTAGT-1",2225,"Smooth muscle"
"e16_s1_ACCAACATCCTATTGT-1",2347,"Fibroblast"
"e16_s1_ACCAACATCTAGTGAC-1",1778,"Fibroblast"
"e16_s1_ACCACAAAGAGTTGCG-1",2320,"ENS"
"e16_s1_ACCACAAAGCGAGTAC-1",1667,"Myofibroblast"
"e16_s1_ACCACAAAGCGGGTTA-1",656,"Fibroblast"
"e16_s1_ACCACAAGTTTGGCTA-1",1226,"ENS"
"e16_s1_ACCACAATCGCCAGAC-1",2764,"Fibroblast"
"e16_s1_ACCACAATCGGCTGAC-1",2928,"Smooth muscle"
"e16_s1_ACCATTTAGTGCACAG-1",1003,"ENS"
"e16_s1_ACCATTTAGTGGTTAA-1",61,"Fibroblast"
"e16_s1_ACCATTTCAAGGTCGA-1",434,"Smooth muscle"
"e16_s1_ACCATTTGTGTGTACT-1",920,"ENS"
"e16_s1_ACCATTTGTTATCCAG-1",2728,"ENS"
"e16_s1_ACCATTTTCTAAACGC-1",2040,"Myofibroblast"
"e16_s1_ACCCAAAAGAGCACTG-1",1003,"ENS"
"e16_s1_ACCCAAAAGCGCGTTC-1",2777,"Myofibroblast"
"e16_s1_ACCCAAAAGCTCAGAG-1",2517,"ENS"
"e16_s1_ACCCAAAAGGATACAT-1",2491,"ENS"
"e16_s1_ACCCAAAAGGCATGGT-1",1999,"ICC"
"e16_s1_ACCCAAACACGGTGTC-1",2696,"ENS"
"e16_s1_ACCCAAAGTAGCTTGT-1",2690,"Fibroblast"
"e16_s1_ACCCAAAGTGTTAAAG-1",1861,"Smooth muscle"
"e16_s1_ACCCAAATCGCTTTAT-1",2911,"Smooth muscle"
"e16_s1_ACCCAAATCTCCTACG-1",2721,"Endothelial"
"e16_s1_ACCCTCAAGCCGCTTG-1",2924,"Immune"
"e16_s1_ACCCTCAAGCGTTCCG-1",2118,"ICC"
"e16_s1_ACCCTCATCAAATGAG-1",1777,"Myofibroblast"
"e16_s1_ACCCTCATCCCTCTCC-1",3075,"ENS"
"e16_s1_ACCCTCATCGGCTGTG-1",1975,"Myofibroblast"
"e16_s1_ACCCTTGAGCGATGGT-1",2262,"Mesothelial"
"e16_s1_ACCCTTGCAAACGGCA-1",805,"Fibroblast"
"e16_s1_ACCCTTGCACGACTAT-1",654,"ENS"
"e16_s1_ACCCTTGCACGGCTAC-1",1973,"Myofibroblast"
"e16_s1_ACCCTTGCAGAGATGC-1",556,"ENS"
"e16_s1_ACCCTTGCATGGAACG-1",829,"Fibroblast"
"e16_s1_ACCCTTGTCATCACTT-1",1973,"Fibroblast"
"e16_s1_ACCCTTGTCATTTGCT-1",1973,"Fibroblast"
"e16_s1_ACCCTTGTCGCAGTGC-1",1973,"Smooth muscle"
"e16_s1_ACCCTTGTCTCACTCG-1",3329,"Fibroblast"
"e16_s1_ACCCTTGTCTTCCCGA-1",2955,"ENS"
"e16_s1_ACCGTTCAGCACTAGG-1",1973,"Fibroblast"
"e16_s1_ACCGTTCAGCATAGGC-1",1643,"ENS"
"e16_s1_ACCGTTCAGTTATGGA-1",2583,"ENS"
"e16_s1_ACCGTTCCACGACTAT-1",841,"Foregut Basal"
"e16_s1_ACCGTTCCACTAGTAC-1",3354,"ENS"
"e16_s1_ACCGTTCCAGGTCCGT-1",719,"Smooth muscle"
"e16_s1_ACCGTTCCATGACTTG-1",2307,"Fibroblast"
"e16_s1_ACCGTTCCATGTGCTA-1",3067,"ENS"
"e16_s1_ACCGTTCGTGGCTCTG-1",3251,"Myofibroblast"
"e16_s1_ACCGTTCGTTCTTCAT-1",983,"Smooth muscle"
"e16_s1_ACCGTTCTCACTTCTA-1",3089,"ENS"
"e16_s1_ACCGTTCTCAGTCCGG-1",3199,"ENS"
"e16_s1_ACCGTTCTCCGTGTCT-1",2397,"Smooth muscle"
"e16_s1_ACCGTTCTCTCCTGTG-1",3354,"ENS"
"e16_s1_ACCTACCAGACGGTTG-1",920,"ENS"
"e16_s1_ACCTACCAGAGGGCGA-1",886,"ENS"
"e16_s1_ACCTACCAGTAGGATT-1",400,"Fibroblast"
"e16_s1_ACCTACCGTCAGGTAG-1",1326,"Fibroblast"
"e16_s1_ACCTACCGTCGTCAGC-1",1003,"Foregut Basal"
"e16_s1_ACCTACCTCAAACGAA-1",1079,"Fibroblast"
"e16_s1_ACCTACCTCTGGCCTT-1",2607,"Fibroblast"
"e16_s1_ACCTACCTCTTTGCGC-1",1976,"Fibroblast"
"e16_s1_ACCTGAAAGACTCATC-1",1003,"Foregut Basal"
"e16_s1_ACCTGAAAGGCGTCCT-1",2463,"Fibroblast"
"e16_s1_ACCTGAACAGACATCT-1",2955,"ENS"
"e16_s1_ACCTGAACAGTCTACA-1",1861,"Fibroblast"
"e16_s1_ACCTGAAGTGTCCAAT-1",2469,"ENS"
"e16_s1_ACCTGAAGTTGCTAGT-1",2787,"Fibroblast"
"e16_s1_ACCTGAATCCCAACTC-1",2217,"Fibroblast"
"e16_s1_ACCTGAATCCTCAGAA-1",1576,"Pericyte"
"e16_s1_ACCTGAATCTTGGTGA-1",3354,"ENS"
"e16_s1_ACCTGTCAGGTTCACT-1",2294,"ENS"
"e16_s1_ACCTGTCCAGCTGGTC-1",2606,"Myofibroblast"
"e16_s1_ACCTGTCGTCAAACGG-1",3044,"Myofibroblast"
"e16_s1_ACCTGTCGTCACAGAG-1",3083,"Smooth muscle"
"e16_s1_ACCTGTCGTCGAACGA-1",2992,"ENS"
"e16_s1_ACCTGTCGTCTGCCTT-1",1003,"Foregut Basal"
"e16_s1_ACCTGTCGTGTCTTGA-1",2126,"ENS"
"e16_s1_ACCTGTCTCCGATTAG-1",1003,"Foregut Basal"
"e16_s1_ACCTGTCTCCGTGACG-1",2517,"ENS"
"e16_s1_ACGATCAAGAATAACC-1",2992,"ENS"
"e16_s1_ACGATCAAGATGGTAT-1",1667,"Fibroblast"
"e16_s1_ACGATCAAGCTATCCA-1",2709,"Foregut Basal"
"e16_s1_ACGATCACAACAAGAT-1",1680,"ENS"
"e16_s1_ACGATCACACACAGCC-1",920,"ENS"
"e16_s1_ACGATCAGTATACAGA-1",815,"Fibroblast"
"e16_s1_ACGATCAGTGCACAAG-1",886,"ENS"
"e16_s1_ACGATCAGTGGACCAA-1",2363,"Foregut Basal"
"e16_s1_ACGATCATCCACTTTA-1",2469,"ENS"
"e16_s1_ACGATCATCGCTGTTC-1",1411,"Smooth muscle"
"e16_s1_ACGATCATCTAACGCA-1",1914,"Fibroblast"
"e16_s1_ACGATGTAGCAGGCTA-1",3331,"Fibroblast"
"e16_s1_ACGATGTAGTAAACAC-1",2789,"ICC"
"e16_s1_ACGATGTCAGACACAG-1",1973,"Fibroblast"
"e16_s1_ACGATGTCAGCGTTGC-1",3024,"ENS"
"e16_s1_ACGATGTCAGGCACAA-1",920,"ENS"
"e16_s1_ACGATGTCAGTATACC-1",208,"ENS"
"e16_s1_ACGATGTGTATACCCA-1",2307,"Fibroblast"
"e16_s1_ACGATGTGTCTACTGA-1",3385,"Simple Epithelial"
"e16_s1_ACGATGTGTGCAGTGA-1",1638,"Myofibroblast"
"e16_s1_ACGATGTTCCTATTGT-1",1185,"ENS"
"e16_s1_ACGCACGAGCGCCTAC-1",2316,"Fibroblast"
"e16_s1_ACGCACGAGTTCTCTT-1",1627,"ICC"
"e16_s1_ACGCACGCAAGGGTCA-1",2777,"Myofibroblast"
"e16_s1_ACGCACGCAGGCACTC-1",3385,"Fibroblast"
"e16_s1_ACGCACGGTACGTGAG-1",2800,"Endothelial"
"e16_s1_ACGCACGGTCACAATC-1",2764,"Foregut Basal"
"e16_s1_ACGCACGTCCATCAGA-1",1654,"Simple Epithelial"
"e16_s1_ACGCACGTCTTAGCAG-1",2307,"Fibroblast"
"e16_s1_ACGCACGTCTTTGATC-1",1918,"Endothelial"
"e16_s1_ACGGAAGAGGCCTTGC-1",1322,"Fibroblast"
"e16_s1_ACGGAAGCATGGTACT-1",1003,"Foregut Basal"
"e16_s1_ACGGAAGGTCGATTTG-1",2605,"Fibroblast"
"e16_s1_ACGGAAGGTGTCCAAT-1",821,"Fibroblast"
"e16_s1_ACGGAAGGTTGGGAAC-1",2110,"Fibroblast"
"e16_s1_ACGGAAGTCCTCGCAT-1",1449,"ENS"
"e16_s1_ACGGAAGTCTCTCAAT-1",167,"ENS"
"e16_s1_ACGGGTCAGGGACAGG-1",2690,"Fibroblast"
"e16_s1_ACGGGTCCATACAGAA-1",886,"ENS"
"e16_s1_ACGGGTCGTATGACAA-1",1213,"Endothelial"
"e16_s1_ACGGGTCGTCAAGGCA-1",2269,"ENS"
"e16_s1_ACGGGTCGTGACCGTC-1",3199,"ENS"
"e16_s1_ACGGGTCTCTGGCTGG-1",2965,"ENS"
"e16_s1_ACGGTCGAGAGCCCAA-1",2396,"Fibroblast"
"e16_s1_ACGGTCGAGCTACTAC-1",841,"Foregut Basal"
"e16_s1_ACGGTCGAGGATATGT-1",2953,"ENS"
"e16_s1_ACGGTCGAGGTACAAT-1",1327,"Foregut Basal"
"e16_s1_ACGGTCGAGGTTCTAC-1",2659,"Smooth muscle"
"e16_s1_ACGGTCGCAACTGATC-1",3193,"Foregut Basal"
"e16_s1_ACGGTCGGTTGATGTC-1",886,"ENS"
"e16_s1_ACGGTCGTCAGTCTTT-1",1973,"Fibroblast"
"e16_s1_ACGGTTACAAGTCCAT-1",2843,"Fibroblast"
"e16_s1_ACGGTTACACGTTCGG-1",2347,"Smooth muscle"
"e16_s1_ACGGTTACATGGGATG-1",1973,"Fibroblast"
"e16_s1_ACGGTTAGTCACGCTG-1",886,"ENS"
"e16_s1_ACGGTTAGTTAAAGTG-1",2000,"Fibroblast"
"e16_s1_ACGGTTATCAGAGTTC-1",815,"Fibroblast"
"e16_s1_ACGGTTATCATTCGGA-1",563,"ENS"
"e16_s1_ACGGTTATCGCCTAGG-1",1003,"Foregut Basal"
"e16_s1_ACGTAACAGCCTTTCC-1",938,"Smooth muscle"
"e16_s1_ACGTAACCATCGGATT-1",1997,"Myofibroblast"
"e16_s1_ACGTAACTCACCTCGT-1",3339,"ENS"
"e16_s1_ACGTACAAGAATCGCG-1",3208,"Fibroblast"
"e16_s1_ACGTACAAGATTAGCA-1",3340,"Fibroblast"
"e16_s1_ACGTACAAGCACGGAT-1",1861,"Fibroblast"
"e16_s1_ACGTACAAGCCAGTAG-1",2294,"ENS"
"e16_s1_ACGTACAAGTTTAGGA-1",3362,"ENS"
"e16_s1_ACGTACACAGAATTCC-1",703,"ENS"
"e16_s1_ACGTACACAGAGTGTG-1",3059,"ENS"
"e16_s1_ACGTACACATGTTTGG-1",1973,"Fibroblast"
"e16_s1_ACGTACAGTGGCCACT-1",2048,"Myofibroblast"
"e16_s1_ACGTACAGTGTCCGGT-1",2787,"Fibroblast"
"e16_s1_ACGTAGTAGAAGTCAT-1",2231,"ENS"
"e16_s1_ACGTAGTAGGCGCTCT-1",1973,"Fibroblast"
"e16_s1_ACGTAGTAGTGCAGCA-1",598,"Fibroblast"
"e16_s1_ACGTAGTCATGACAGG-1",2696,"ENS"
"e16_s1_ACGTAGTGTTCTCTCG-1",2721,"Endothelial"
"e16_s1_ACGTAGTTCGCATTAG-1",760,"ENS"
"e16_s1_ACGTCCTCACAAATCC-1",1035,"Fibroblast"
"e16_s1_ACGTCCTCACGGTAGA-1",2966,"ENS"
"e16_s1_ACGTCCTTCAGAACCT-1",2188,"Simple Epithelial"
"e16_s1_ACGTCCTTCAGACCTA-1",1973,"Fibroblast"
"e16_s1_ACGTCCTTCGTGGGTC-1",1106,"ENS"
"e16_s1_ACGTTCCAGATGACAT-1",1956,"Smooth muscle"
"e16_s1_ACGTTCCAGCGCCTCA-1",2659,"Pericyte"
"e16_s1_ACGTTCCCAACCAACT-1",2690,"Fibroblast"
"e16_s1_ACGTTCCCAGTTTCGA-1",2953,"ENS"
"e16_s1_ACGTTCCCATATGAAG-1",2269,"ENS"
"e16_s1_ACGTTCCGTTTACTTC-1",1003,"Foregut Basal"
"e16_s1_ACGTTCCTCATTCGTT-1",1860,"Fibroblast"
"e16_s1_ACGTTCCTCTAGCCAA-1",1327,"Foregut Basal"
"e16_s1_ACTACGAAGACATCCT-1",2764,"Foregut Basal"
"e16_s1_ACTACGACAACAAGTA-1",2307,"Fibroblast"
"e16_s1_ACTACGAGTAGCACGA-1",1593,"Smooth muscle"
"e16_s1_ACTACGAGTCGTTCAA-1",2380,"Smooth muscle"
"e16_s1_ACTACGAGTTAACCTG-1",794,"Fibroblast"
"e16_s1_ACTACGAGTTAAGACA-1",598,"Fibroblast"
"e16_s1_ACTATCTAGTCATCCA-1",2225,"Smooth muscle"
"e16_s1_ACTATCTCAAGGCAAC-1",2928,"Fibroblast"
"e16_s1_ACTATCTCACAGCATT-1",1861,"Fibroblast"
"e16_s1_ACTATCTCACCGCTAG-1",2695,"Endothelial"
"e16_s1_ACTATCTCATGGGTTT-1",228,"ENS"
"e16_s1_ACTATCTGTAGAATAC-1",1999,"Fibroblast"
"e16_s1_ACTATCTGTAGCTGTT-1",2787,"Smooth muscle"
"e16_s1_ACTATCTGTCTCGCGA-1",1973,"Smooth muscle"
"e16_s1_ACTATCTGTGATACTC-1",1999,"Smooth muscle"
"e16_s1_ACTATCTTCGGATAAA-1",3339,"ENS"
"e16_s1_ACTATGGAGGAAGAAC-1",1973,"Fibroblast"
"e16_s1_ACTATGGAGTTCATGC-1",598,"Fibroblast"
"e16_s1_ACTATGGGTAGACGTG-1",2777,"Fibroblast"
"e16_s1_ACTATGGGTATCCTCC-1",1003,"Foregut Basal"
"e16_s1_ACTATTCCACCGCTGA-1",1019,"Fibroblast"
"e16_s1_ACTATTCCACCTCTAC-1",626,"ENS"
"e16_s1_ACTATTCCATGTGGTT-1",1654,"Simple Epithelial"
"e16_s1_ACTATTCGTCGGTGTC-1",1973,"Fibroblast"
"e16_s1_ACTATTCTCCGGTAAT-1",2126,"ENS"
"e16_s1_ACTCCCAAGAGTCTTC-1",3385,"Myofibroblast"
"e16_s1_ACTCCCAAGCACGTCC-1",1376,"Myofibroblast"
"e16_s1_ACTCCCAAGCCTGACC-1",1411,"Smooth muscle"
"e16_s1_ACTCCCAAGGGTAATT-1",938,"Fibroblast"
"e16_s1_ACTCCCACATGGCACC-1",1977,"Fibroblast"
"e16_s1_ACTCCCATCATTGCTT-1",2955,"ENS"
"e16_s1_ACTCCCATCCGAGAAG-1",2940,"ICC"
"e16_s1_ACTCTCGAGCTGCCTG-1",3202,"Mesothelial"
"e16_s1_ACTCTCGAGGAACGCT-1",2517,"ENS"
"e16_s1_ACTCTCGAGGTACAAT-1",839,"Endothelial"
"e16_s1_ACTCTCGCACGCGGTT-1",2645,"ENS"
"e16_s1_ACTCTCGCATGCCGGT-1",1143,"Smooth muscle"
"e16_s1_ACTCTCGGTCGAACAG-1",719,"Fibroblast"
"e16_s1_ACTCTCGGTCGTTATG-1",1648,"Myofibroblast"
"e16_s1_ACTCTCGTCTACGCAA-1",2307,"Fibroblast"
"e16_s1_ACTGATGAGACCAGCA-1",2940,"Fibroblast"
"e16_s1_ACTGATGAGCGTGTTT-1",1177,"Myofibroblast"
"e16_s1_ACTGATGAGTGCTAGG-1",2294,"ENS"
"e16_s1_ACTGATGCAAAGGAGA-1",1504,"Fibroblast"
"e16_s1_ACTGATGCAATAGGGC-1",1003,"ENS"
"e16_s1_ACTGATGCATCGAGCC-1",1914,"Fibroblast"
"e16_s1_ACTGATGCATTATGCG-1",2928,"Myofibroblast"
"e16_s1_ACTGATGGTCAGACGA-1",1973,"Fibroblast"
"e16_s1_ACTGATGGTCTCTCAC-1",1003,"Foregut Basal"
"e16_s1_ACTGATGTCATAGACC-1",1552,"Fibroblast"
"e16_s1_ACTGATGTCGGTCATA-1",2788,"Fibroblast"
"e16_s1_ACTGCAAAGCGAGTCA-1",1706,"ENS"
"e16_s1_ACTGCAAAGCGTTGTT-1",1973,"Fibroblast"
"e16_s1_ACTGCAACAACCGACC-1",1593,"Myofibroblast"
"e16_s1_ACTGCAACAGCACAGA-1",1079,"Fibroblast"
"e16_s1_ACTGCAAGTGGAGGTT-1",1548,"Endothelial"
"e16_s1_ACTGTCCAGTTGCATC-1",3246,"Fibroblast"
"e16_s1_ACTGTCCGTCTTTCTA-1",1999,"Fibroblast"
"e16_s1_ACTGTCCGTGGCACTC-1",2209,"Immune"
"e16_s1_ACTGTCCTCGATGCTA-1",2659,"Fibroblast"
"e16_s1_ACTGTGAAGCCATGCC-1",3207,"Fibroblast"
"e16_s1_ACTGTGAAGCGCTTCG-1",1202,"Fibroblast"
"e16_s1_ACTGTGACACCCTAAA-1",2418,"Smooth muscle"
"e16_s1_ACTGTGACAGCCGGTT-1",550,"Myofibroblast"
"e16_s1_ACTGTGACAGGATGAC-1",2953,"ENS"
"e16_s1_ACTGTGACAGTGTGGA-1",1411,"Fibroblast"
"e16_s1_ACTGTGAGTCGTACTA-1",886,"ENS"
"e16_s1_ACTTAGGAGAGATCGC-1",376,"Pericyte"
"e16_s1_ACTTAGGAGAGATGCC-1",3354,"ENS"
"e16_s1_ACTTAGGAGGACGCAT-1",2316,"ICC"
"e16_s1_ACTTAGGAGTATGTAG-1",1973,"Fibroblast"
"e16_s1_ACTTAGGCAACTAGAA-1",1999,"Fibroblast"
"e16_s1_ACTTAGGGTTTAGAGA-1",2203,"Endothelial"
"e16_s1_ACTTAGGTCATCGACA-1",1549,"Fibroblast"
"e16_s1_ACTTAGGTCCCATGGG-1",1861,"Fibroblast"
"e16_s1_ACTTATCAGATTCGAA-1",2029,"Myofibroblast"
"e16_s1_ACTTATCAGTACTGGG-1",2411,"ENS"
"e16_s1_ACTTATCGTCCTACGG-1",3015,"ENS"
"e16_s1_ACTTATCGTCTCTCTG-1",916,"Fibroblast"
"e16_s1_ACTTATCTCGCGTTTC-1",2955,"ENS"
"e16_s1_ACTTCCGCACCAAATC-1",2911,"Myofibroblast"
"e16_s1_ACTTCCGCAGCTATTG-1",2036,"Foregut Basal"
"e16_s1_ACTTCCGGTCTGATAC-1",1144,"Fibroblast"
"e16_s1_ACTTCCGGTTACCCAA-1",3314,"Pericyte"
"e16_s1_ACTTCCGTCCACACAA-1",2928,"Fibroblast"
"e16_s1_ACTTCGCAGGGATCGT-1",945,"ICC"
"e16_s1_ACTTCGCCACTAACGT-1",1627,"Fibroblast"
"e16_s1_ACTTCGCGTCACCCTT-1",886,"ENS"
"e16_s1_ACTTCGCGTGCCTAAT-1",1914,"Smooth muscle"
"e16_s1_ACTTCGCTCCACTGAA-1",626,"ENS"
"e16_s1_ACTTTCAAGTACAGAT-1",719,"Smooth muscle"
"e16_s1_ACTTTCACACAGCTGC-1",1408,"Fibroblast"
"e16_s1_ACTTTCACAGAGGCTA-1",2377,"ENS"
"e16_s1_ACTTTCACAGCAATTC-1",1242,"Endothelial"
"e16_s1_ACTTTCACAGCTTCCT-1",1654,"Simple Epithelial"
"e16_s1_ACTTTCACAGGAATAT-1",1159,"Fibroblast"
"e16_s1_ACTTTCACAGTGTACT-1",1353,"Foregut Basal"
"e16_s1_ACTTTCAGTGCCTTTC-1",1999,"Fibroblast"
"e16_s1_ACTTTCATCAGTGCGC-1",2347,"Fibroblast"
"e16_s1_ACTTTGTAGAGTGTGC-1",2250,"ENS"
"e16_s1_ACTTTGTAGATACAGT-1",1510,"Pericyte"
"e16_s1_ACTTTGTAGGGAGGCA-1",598,"Fibroblast"
"e16_s1_ACTTTGTCAGAGTTGG-1",1999,"Fibroblast"
"e16_s1_ACTTTGTCATCGCTCT-1",1353,"Foregut Basal"
"e16_s1_ACTTTGTGTCACAATC-1",2696,"ENS"
"e16_s1_ACTTTGTGTCACTACA-1",3251,"Fibroblast"
"e16_s1_ACTTTGTGTGGATCAG-1",1973,"Fibroblast"
"e16_s1_ACTTTGTGTTGTACGT-1",2048,"Fibroblast"
"e16_s1_ACTTTGTTCATCACCC-1",2787,"Pericyte"
"e16_s1_ACTTTGTTCCATTTCA-1",1688,"ENS"
"e16_s1_ACTTTGTTCCGTTGAA-1",2517,"ENS"
"e16_s1_ACTTTGTTCTAGGCCG-1",3318,"Fibroblast"
"e16_s1_ACTTTGTTCTGAGATC-1",1434,"Fibroblast"
"e16_s1_ACTTTGTTCTTCCCAG-1",3312,"Fibroblast"
"e16_s1_AGAAATGAGACCAGAC-1",1327,"Foregut Basal"
"e16_s1_AGAAATGAGCACCAGA-1",1213,"Endothelial"
"e16_s1_AGAAATGAGGTACAGC-1",3207,"Fibroblast"
"e16_s1_AGAAATGAGTAACGTA-1",1638,"Mesothelial"
"e16_s1_AGAAATGCAACACACT-1",2307,"Fibroblast"
"e16_s1_AGAAATGCAACATACC-1",702,"ENS"
"e16_s1_AGAAATGCAAGCAATA-1",1395,"Endothelial"
"e16_s1_AGAAATGCACAGAAGC-1",3089,"Smooth muscle"
"e16_s1_AGAAATGCAGCCCAGT-1",2690,"Fibroblast"
"e16_s1_AGAAATGCATGGACAG-1",2844,"Fibroblast"
"e16_s1_AGAAATGGTCCTACAA-1",2294,"ENS"
"e16_s1_AGAAATGTCCGTCCTA-1",2307,"Fibroblast"
"e16_s1_AGAAATGTCTCCGTGT-1",2110,"Pericyte"
"e16_s1_AGAACAAAGAGGTTTA-1",1691,"Foregut Basal"
"e16_s1_AGAACAAAGCAACTCT-1",334,"Fibroblast"
"e16_s1_AGAACAAAGGTGCAGT-1",1914,"Smooth muscle"
"e16_s1_AGAACAACACTCCCTA-1",2184,"ENS"
"e16_s1_AGAACAAGTCGCAGTC-1",1003,"Foregut Basal"
"e16_s1_AGAACAAGTCGGCCTA-1",3251,"Fibroblast"
"e16_s1_AGAACAAGTTAACAGA-1",3166,"ICC"
"e16_s1_AGAACAATCGACCAAT-1",1999,"Fibroblast"
"e16_s1_AGAACCTAGGGCTTCC-1",2217,"Fibroblast"
"e16_s1_AGAACCTAGTCGGCAA-1",1999,"Fibroblast"
"e16_s1_AGAACCTCACATACGT-1",1999,"Immune"
"e16_s1_AGAACCTCATCAGTGT-1",1973,"Fibroblast"
"e16_s1_AGAACCTGTCATCTAG-1",1158,"Fibroblast"
"e16_s1_AGAACCTGTGTTCCTC-1",2787,"Fibroblast"
"e16_s1_AGAACCTGTTACCTTT-1",984,"Myofibroblast"
"e16_s1_AGAAGCGCACATCCCT-1",2764,"Foregut Basal"
"e16_s1_AGAAGCGCAGAACATA-1",1576,"Fibroblast"
"e16_s1_AGAAGCGCATCCGGCA-1",2928,"Fibroblast"
"e16_s1_AGAAGCGGTGCAGTGA-1",2696,"ENS"
"e16_s1_AGAAGCGTCACAACCA-1",1576,"Fibroblast"
"e16_s1_AGAAGCGTCAGACAAA-1",1178,"Fibroblast"
"e16_s1_AGAAGCGTCCGACATA-1",938,"Fibroblast"
"e16_s1_AGAAGTAAGAACCCGA-1",1618,"Endothelial"
"e16_s1_AGAAGTAAGCTACTGT-1",3251,"Mesothelial"
"e16_s1_AGAAGTACACCAGGTC-1",1999,"Fibroblast"
"e16_s1_AGAAGTACAGAACATA-1",601,"Myofibroblast"
"e16_s1_AGAAGTACATGTGCCG-1",2307,"Fibroblast"
"e16_s1_AGAAGTAGTAGCGCTC-1",2147,"ENS"
"e16_s1_AGAAGTAGTCACCCTT-1",1973,"Fibroblast"
"e16_s1_AGAAGTATCAGGCGAA-1",1003,"Foregut Basal"
"e16_s1_AGAAGTATCATAAGGA-1",2518,"ENS"
"e16_s1_AGAAGTATCCGTGTCT-1",719,"Mesothelial"
"e16_s1_AGAAGTATCGCTTGAA-1",2754,"Endothelial"
"e16_s1_AGAAGTATCTTGGCTC-1",22,"Smooth muscle"
"e16_s1_AGACAAAAGACCAAGC-1",2089,"ENS"
"e16_s1_AGACAAAAGCACCTGC-1",2110,"Fibroblast"
"e16_s1_AGACAAAAGCTGCGAA-1",2040,"Smooth muscle"
"e16_s1_AGACAAAAGGACACTG-1",1158,"Pericyte"
"e16_s1_AGACAAACAGAGAGGG-1",2953,"ENS"
"e16_s1_AGACAAAGTACTAAGA-1",2396,"Fibroblast"
"e16_s1_AGACAAAGTACTCGTA-1",1354,"Smooth muscle"
"e16_s1_AGACAAAGTGTACAGG-1",2147,"ENS"
"e16_s1_AGACAAAGTTCACCGG-1",1832,"ENS"
"e16_s1_AGACAAATCGAGTACT-1",2307,"Fibroblast"
"e16_s1_AGACAAATCGTTAGTG-1",3083,"Fibroblast"
"e16_s1_AGACAAATCTAGAGCT-1",1003,"Foregut Basal"
"e16_s1_AGACACTAGTTAGTAG-1",886,"ENS"
"e16_s1_AGACACTCAATTGCAC-1",3385,"Fibroblast"
"e16_s1_AGACACTCACCAGCGT-1",3270,"Fibroblast"
"e16_s1_AGACACTCAGCTTTCC-1",1138,"Fibroblast"
"e16_s1_AGACACTTCAGCGCAC-1",833,"Mesothelial"
"e16_s1_AGACACTTCGTAACTG-1",2891,"Fibroblast"
"e16_s1_AGACACTTCTTTGCGC-1",1999,"Fibroblast"
"e16_s1_AGACAGGAGATCGCCC-1",1933,"Smooth muscle"
"e16_s1_AGACAGGAGCCGCACT-1",556,"ENS"
"e16_s1_AGACAGGCATATCGGT-1",1706,"ENS"
"e16_s1_AGACAGGTCCTACGAA-1",663,"ENS"
"e16_s1_AGACCATAGTGAGGTC-1",920,"ENS"
"e16_s1_AGACCATCACACACGC-1",2605,"Fibroblast"
"e16_s1_AGACCATCACCATATG-1",1973,"Fibroblast"
"e16_s1_AGACCATCATTGAAAG-1",719,"Mesothelial"
"e16_s1_AGACCATCATTGCAAC-1",1649,"ENS"
"e16_s1_AGACCATTCAAGGAGC-1",656,"Myofibroblast"
"e16_s1_AGACCATTCGATTGGT-1",1861,"Fibroblast"
"e16_s1_AGACCCGAGAGCCGAT-1",1914,"Myofibroblast"
"e16_s1_AGACCCGAGCAATTCC-1",719,"Fibroblast"
"e16_s1_AGACCCGAGTTGAATG-1",3251,"Smooth muscle"
"e16_s1_AGACCCGCAAACCACT-1",3041,"Fibroblast"
"e16_s1_AGACCCGCAGCAAGAC-1",1973,"Fibroblast"
"e16_s1_AGACCCGGTCGTCTCT-1",2955,"ENS"
"e16_s1_AGACCCGGTCTAATCG-1",1915,"ENS"
"e16_s1_AGACCCGGTGTGCTTA-1",1999,"Smooth muscle"
"e16_s1_AGACCCGTCAATCCGA-1",1914,"Smooth muscle"
"e16_s1_AGACCCGTCACTCCGT-1",517,"Smooth muscle"
"e16_s1_AGACCCGTCATTCGTT-1",1667,"Smooth muscle"
"e16_s1_AGACCCGTCCATTGCC-1",2307,"Fibroblast"
"e16_s1_AGACCCGTCGAGCCTG-1",1026,"Endothelial"
"e16_s1_AGACCCGTCGCTAATG-1",719,"Fibroblast"
"e16_s1_AGACCCGTCGTCAAAC-1",1860,"Fibroblast"
"e16_s1_AGACTCAAGCGTTCCG-1",1999,"Fibroblast"
"e16_s1_AGACTCAAGGCCATAG-1",1091,"Mesothelial"
"e16_s1_AGACTCAAGTTCCGTA-1",997,"ENS"
"e16_s1_AGACTCACATATGAAG-1",1999,"Smooth muscle"
"e16_s1_AGACTCATCTAGTCAG-1",170,"Fibroblast"
"e16_s1_AGACTCATCTTAGCTT-1",2659,"Fibroblast"
"e16_s1_AGAGAATAGCGTTAGG-1",1622,"Fibroblast"
"e16_s1_AGAGAATAGTAGGATT-1",1654,"Simple Epithelial"
"e16_s1_AGAGAATGTGGTCCGT-1",2787,"Fibroblast"
"e16_s1_AGAGAATTCGCACTCT-1",3251,"Myofibroblast"
"e16_s1_AGAGAGCAGCAACAGC-1",1158,"Fibroblast"
"e16_s1_AGAGAGCCAAATGGCG-1",1704,"Immune"
"e16_s1_AGAGAGCCAATTGTGC-1",886,"ENS"
"e16_s1_AGAGAGCCACTCCGGA-1",1997,"Fibroblast"
"e16_s1_AGAGAGCGTTGGTAGG-1",2469,"ENS"
"e16_s1_AGAGAGCTCGCGTGAC-1",1973,"Fibroblast"
"e16_s1_AGAGAGCTCGTGGTAT-1",427,"Myofibroblast"
"e16_s1_AGAGCAGAGTAGTGCG-1",2517,"ENS"
"e16_s1_AGAGCAGAGTTCATCG-1",2955,"ENS"
"e16_s1_AGAGCAGCACACCTAA-1",1138,"Smooth muscle"
"e16_s1_AGAGCAGCAGCTTTCC-1",897,"ENS"
"e16_s1_AGAGCAGGTAGTTAGA-1",1973,"Fibroblast"
"e16_s1_AGAGCAGGTTACTCAG-1",829,"ICC"
"e16_s1_AGAGCCCAGCACGATG-1",833,"Mesothelial"
"e16_s1_AGAGCCCAGGCTCACC-1",1973,"Fibroblast"
"e16_s1_AGAGCCCAGTTAACGA-1",2126,"ENS"
"e16_s1_AGAGCCCCAACTGTGT-1",2269,"ENS"
"e16_s1_AGAGCCCGTAACTGCT-1",2729,"ENS"
"e16_s1_AGAGCCCGTATACGGG-1",2696,"ENS"
"e16_s1_AGAGCCCGTCCAATCA-1",374,"ICC"
"e16_s1_AGAGCCCGTGTACAGG-1",1973,"Fibroblast"
"e16_s1_AGAGCCCTCCCGAGAC-1",1999,"Fibroblast"
"e16_s1_AGAGCCCTCCTACACC-1",1850,"Fibroblast"
"e16_s1_AGAGCCCTCTCCTACG-1",2925,"Fibroblast"
"e16_s1_AGATAGAAGCGGTATG-1",2928,"Fibroblast"
"e16_s1_AGATAGAAGTCGAAGC-1",1576,"Fibroblast"
"e16_s1_AGATAGAGTACGTACT-1",81,"Myofibroblast"
"e16_s1_AGATAGAGTCTACAGT-1",1596,"Fibroblast"
"e16_s1_AGATAGAGTGAATATG-1",3251,"Myofibroblast"
"e16_s1_AGATAGAGTGGTCTAT-1",1312,"Myofibroblast"
"e16_s1_AGATAGATCGTAATGC-1",2777,"Pericyte"
"e16_s1_AGATCCAAGAAACCCG-1",2918,"ICC"
"e16_s1_AGATCCAAGACTCTAC-1",1973,"Fibroblast"
"e16_s1_AGATCCAAGAGCAGCT-1",1003,"Foregut Basal"
"e16_s1_AGATCCAAGCCTCACG-1",2147,"ENS"
"e16_s1_AGATCCAAGTGGAATT-1",1179,"Fibroblast"
"e16_s1_AGATCCACACAAATAG-1",1003,"Foregut Basal"
"e16_s1_AGATCCACACGCAAAG-1",2690,"Fibroblast"
"e16_s1_AGATCCACAGCTGAGA-1",1160,"Fibroblast"
"e16_s1_AGATCCAGTTTACGAC-1",1080,"Fibroblast"
"e16_s1_AGATCCATCCAACTAG-1",1161,"Fibroblast"
"e16_s1_AGATCCATCCATAGAC-1",1973,"Fibroblast"
"e16_s1_AGATCCATCGCGGTAC-1",1999,"Fibroblast"
"e16_s1_AGATCCATCTCCTGTG-1",1673,"ENS"
"e16_s1_AGATCCATCTGCTGAA-1",1973,"Simple Epithelial"
"e16_s1_AGATCGTAGATAGTCA-1",1667,"Fibroblast"
"e16_s1_AGATCGTAGCTGTGCC-1",1242,"Endothelial"
"e16_s1_AGATCGTAGGATGTTA-1",2928,"Fibroblast"
"e16_s1_AGATCGTAGGCACTCC-1",3089,"ENS"
"e16_s1_AGATCGTCACTACAGT-1",1003,"Foregut Basal"
"e16_s1_AGATCGTCAGGACAGT-1",1655,"Fibroblast"
"e16_s1_AGATCGTCAGGATCTT-1",3083,"Fibroblast"
"e16_s1_AGATCGTCATAAGCGG-1",2203,"Endothelial"
"e16_s1_AGATCGTCATCGTTCC-1",1003,"Foregut Basal"
"e16_s1_AGATCGTGTATGGAAT-1",2709,"ENS"
"e16_s1_AGATCGTGTCGTGCCA-1",2040,"Myofibroblast"
"e16_s1_AGATCGTGTTAATCGC-1",2222,"Fibroblast"
"e16_s1_AGATCGTTCAGCTCTC-1",2953,"ENS"
"e16_s1_AGATCGTTCGCGTGCA-1",1999,"Fibroblast"
"e16_s1_AGATCGTTCTCTCAAT-1",2955,"ENS"
"e16_s1_AGATGAAGTACAATAG-1",2696,"ENS"
"e16_s1_AGATGAAGTGTTCGAT-1",1627,"Foregut Basal"
"e16_s1_AGATGAATCCTAAACG-1",3215,"Smooth muscle"
"e16_s1_AGATGCTAGCAATTAG-1",2690,"Smooth muscle"
"e16_s1_AGATGCTAGCCTATTG-1",719,"ICC"
"e16_s1_AGATGCTAGGAGAATG-1",676,"Fibroblast"
"e16_s1_AGATGCTCACGCACCA-1",719,"Myofibroblast"
"e16_s1_AGATGCTGTCCCGGTA-1",2764,"Foregut Basal"
"e16_s1_AGATGCTTCCTGTTAT-1",2928,"Fibroblast"
"e16_s1_AGATGCTTCGACGATT-1",1213,"Endothelial"
"e16_s1_AGATGCTTCGTCGGGT-1",2185,"Fibroblast"
"e16_s1_AGATGCTTCTGGCCTT-1",916,"Fibroblast"
"e16_s1_AGCATCAAGGAGAGGC-1",3214,"Smooth muscle"
"e16_s1_AGCATCAAGTGGCAGT-1",2289,"ENS"
"e16_s1_AGCATCACAACTGGTT-1",2953,"ENS"
"e16_s1_AGCATCACAGACACAG-1",1914,"Smooth muscle"
"e16_s1_AGCATCACAGTTAAAG-1",897,"Myofibroblast"
"e16_s1_AGCATCAGTAGGTGCA-1",1003,"Foregut Basal"
"e16_s1_AGCATCATCTGTGCGG-1",2953,"ENS"
"e16_s1_AGCATCATCTTCGTGC-1",2217,"Fibroblast"
"e16_s1_AGCCAATAGGACCCAA-1",656,"Fibroblast"
"e16_s1_AGCCAATAGGACTAAT-1",1914,"Mesothelial"
"e16_s1_AGCCAATAGGATTTGA-1",2380,"Fibroblast"
"e16_s1_AGCCAATAGGCATCGA-1",3089,"ENS"
"e16_s1_AGCCAATAGTCCCGGT-1",1999,"Fibroblast"
"e16_s1_AGCCAATCAAGATGGC-1",2469,"ENS"
"e16_s1_AGCCAATCACTCCGAG-1",815,"Fibroblast"
"e16_s1_AGCCAATCACTGATTG-1",1860,"Fibroblast"
"e16_s1_AGCCAATCAGCACACC-1",1999,"Fibroblast"
"e16_s1_AGCCAATGTATAGCTC-1",2380,"Fibroblast"
"e16_s1_AGCCAATGTGGCTGAA-1",2940,"Fibroblast"
"e16_s1_AGCCAATGTGTGTCCG-1",2843,"Mesothelial"
"e16_s1_AGCCAATTCCCGTAAA-1",719,"Fibroblast"
"e16_s1_AGCCAATTCGTTTACT-1",550,"ENS"
"e16_s1_AGCCAATTCTCTCAAT-1",1973,"Myofibroblast"
"e16_s1_AGCCACGAGCATCTTG-1",2118,"Myofibroblast"
"e16_s1_AGCCACGCACCTGATA-1",786,"Fibroblast"
"e16_s1_AGCCACGCAGAGCCCT-1",2953,"ENS"
"e16_s1_AGCCACGCATCGTCCT-1",938,"Smooth muscle"
"e16_s1_AGCCACGGTACGACTT-1",1449,"ENS"
"e16_s1_AGCCACGGTCCTGTCT-1",952,"Endothelial"
"e16_s1_AGCCACGGTCTACACA-1",2703,"Mesothelial"
"e16_s1_AGCCACGTCCGTTTCG-1",2928,"Fibroblast"
"e16_s1_AGCCACGTCGCTTAAG-1",1784,"ENS"
"e16_s1_AGCCACGTCTATCGCC-1",3354,"ENS"
"e16_s1_AGCCAGCAGATGCTTC-1",2517,"ENS"
"e16_s1_AGCCAGCAGGTTTACC-1",2953,"ENS"
"e16_s1_AGCCAGCGTCTGCATA-1",1144,"Fibroblast"
"e16_s1_AGCCAGCGTTACGATC-1",658,"Pericyte"
"e16_s1_AGCCAGCGTTTCGACA-1",1999,"Fibroblast"
"e16_s1_AGCCAGCTCCGCAGTG-1",1434,"Fibroblast"
"e16_s1_AGCCAGCTCTACACAG-1",1976,"Fibroblast"
"e16_s1_AGCCAGCTCTTAAGGC-1",2726,"ENS"
"e16_s1_AGCCAGCTCTTAGGAC-1",901,"ENS"
"e16_s1_AGCGATTCAATAGAGT-1",1003,"Foregut Basal"
"e16_s1_AGCGATTCAATGCTCA-1",2891,"Myofibroblast"
"e16_s1_AGCGATTCACTTGTCC-1",2203,"Endothelial"
"e16_s1_AGCGATTCAGAGGGTT-1",740,"Myofibroblast"
"e16_s1_AGCGATTCAGAGTCTT-1",2764,"Foregut Basal"
"e16_s1_AGCGATTCATGACGTT-1",2928,"Fibroblast"
"e16_s1_AGCGATTTCAGCGTCG-1",1312,"Fibroblast"
"e16_s1_AGCGATTTCCAAACCA-1",1785,"ENS"
"e16_s1_AGCGATTTCCGATCGG-1",786,"Fibroblast"
"e16_s1_AGCGATTTCGTGGCGT-1",474,"Fibroblast"
"e16_s1_AGCGATTTCTCGGGAC-1",1973,"Fibroblast"
"e16_s1_AGCGCCAAGCGAGGAG-1",598,"Myofibroblast"
"e16_s1_AGCGCCAAGGTAGATT-1",2307,"Fibroblast"
"e16_s1_AGCGCCACAGCCGGTT-1",2748,"Myofibroblast"
"e16_s1_AGCGCCACATCGCTGG-1",2491,"ENS"
"e16_s1_AGCGCCAGTCTGTCCT-1",1914,"Fibroblast"
"e16_s1_AGCGCCAGTGGCGTAA-1",841,"Foregut Basal"
"e16_s1_AGCGCTGAGCGACTTT-1",938,"Myofibroblast"
"e16_s1_AGCGCTGCAAATGATG-1",3420,"Foregut Basal"
"e16_s1_AGCGCTGCAATTGCTG-1",563,"ENS"
"e16_s1_AGCGCTGCACGACAAG-1",2894,"Fibroblast"
"e16_s1_AGCGCTGCAGAGGGTT-1",1607,"Fibroblast"
"e16_s1_AGCGCTGCAGTAGAGC-1",815,"Fibroblast"
"e16_s1_AGCGCTGCATAGTCGT-1",1576,"Fibroblast"
"e16_s1_AGCGCTGCATTCTCCG-1",2110,"Fibroblast"
"e16_s1_AGCGCTGGTCCACATA-1",3083,"Mesothelial"
"e16_s1_AGCGCTGGTCGGAACA-1",3207,"Fibroblast"
"e16_s1_AGCGCTGGTTCCGGTG-1",1568,"ENS"
"e16_s1_AGCGCTGTCCAAGCCG-1",2690,"Fibroblast"
"e16_s1_AGCGCTGTCTGATGGT-1",2955,"ENS"
"e16_s1_AGCGTATAGAAGAACG-1",1595,"Fibroblast"
"e16_s1_AGCGTATAGCACCCAC-1",2307,"Fibroblast"
"e16_s1_AGCGTATAGGTCGTCC-1",760,"ENS"
"e16_s1_AGCGTATCAGCTATTG-1",2928,"Smooth muscle"
"e16_s1_AGCGTATGTATGACAA-1",2563,"Foregut Basal"
"e16_s1_AGCGTATGTATGCGTT-1",2493,"ENS"
"e16_s1_AGCGTATTCCCTTCCC-1",1003,"Foregut Basal"
"e16_s1_AGCGTCGAGATCACCT-1",1973,"ICC"
"e16_s1_AGCGTCGAGCCATCCG-1",2606,"ICC"
"e16_s1_AGCGTCGAGGCGCTCT-1",2911,"Myofibroblast"
"e16_s1_AGCGTCGCAGAAGTGC-1",550,"ENS"
"e16_s1_AGCGTCGCATCGGAGA-1",3369,"Fibroblast"
"e16_s1_AGCGTCGGTCCACTCT-1",2563,"Foregut Basal"
"e16_s1_AGCTACAAGAAACACT-1",815,"Smooth muscle"
"e16_s1_AGCTACAAGGATTCAA-1",2316,"Smooth muscle"
"e16_s1_AGCTACACAAGAGTGC-1",1973,"Fibroblast"
"e16_s1_AGCTACATCAGCTCTC-1",2690,"Myofibroblast"
"e16_s1_AGCTCAAAGAGTAACT-1",2777,"Smooth muscle"
"e16_s1_AGCTCAAAGGACAACC-1",1627,"Fibroblast"
"e16_s1_AGCTCAAAGTCAATCC-1",886,"ENS"
"e16_s1_AGCTCAACAGTCCCGA-1",2911,"Myofibroblast"
"e16_s1_AGCTCAAGTAATGATG-1",481,"Fibroblast"
"e16_s1_AGCTCAAGTCCGTTTC-1",2659,"Fibroblast"
"e16_s1_AGCTCAAGTCGCGGTT-1",719,"Fibroblast"
"e16_s1_AGCTCAAGTTCGCGTG-1",1692,"Smooth muscle"
"e16_s1_AGCTCAATCATAGCAC-1",984,"Smooth muscle"
"e16_s1_AGCTCAATCCACGTAA-1",916,"Smooth muscle"
"e16_s1_AGCTCAATCTACAGGT-1",2290,"ENS"
"e16_s1_AGCTCAATCTCAGAAC-1",1393,"Mesothelial"
"e16_s1_AGCTTCCAGAAGTATC-1",3207,"Myofibroblast"
"e16_s1_AGCTTCCAGAGGTCGT-1",549,"ENS"
"e16_s1_AGCTTCCAGCATACTC-1",1555,"Endothelial"
"e16_s1_AGCTTCCCAACATCGT-1",3271,"Fibroblast"
"e16_s1_AGCTTCCCAACTCGAT-1",1999,"Fibroblast"
"e16_s1_AGCTTCCCACGGTGCT-1",3339,"ENS"
"e16_s1_AGCTTCCCAGCGTACC-1",3345,"Smooth muscle"
"e16_s1_AGCTTCCGTGGTTTAC-1",2483,"Fibroblast"
"e16_s1_AGCTTCCGTTCCCACT-1",3369,"Myofibroblast"
"e16_s1_AGCTTCCGTTGACTAC-1",2928,"Smooth muscle"
"e16_s1_AGGAAATCAGATTCGT-1",1353,"Foregut Basal"
"e16_s1_AGGAAATCAGGAAGTC-1",3059,"ENS"
"e16_s1_AGGAAATCATCTCATT-1",806,"Fibroblast"
"e16_s1_AGGAAATGTATAATGG-1",920,"ENS"
"e16_s1_AGGAAATGTATCGCTA-1",794,"Myofibroblast"
"e16_s1_AGGAAATGTATTAAGG-1",195,"Fibroblast"
"e16_s1_AGGAAATGTTGCTCAA-1",2064,"Fibroblast"
"e16_s1_AGGAAATTCCTCAGGG-1",1627,"Fibroblast"
"e16_s1_AGGAAATTCTGACAGT-1",1999,"Smooth muscle"
"e16_s1_AGGAATACACCCTATC-1",1860,"Fibroblast"
"e16_s1_AGGAATAGTCCGGCAT-1",676,"Fibroblast"
"e16_s1_AGGAATAGTCGTGGAA-1",1973,"Fibroblast"
"e16_s1_AGGAATAGTGACCTGC-1",1596,"Fibroblast"
"e16_s1_AGGACGAAGGTATCTC-1",1003,"Foregut Basal"
"e16_s1_AGGACGACAAGAGGTC-1",886,"ENS"
"e16_s1_AGGACGACAGACGATG-1",2645,"ENS"
"e16_s1_AGGACGAGTATCGCTA-1",2517,"ENS"
"e16_s1_AGGACGAGTGTGAGCA-1",938,"Fibroblast"
"e16_s1_AGGACTTAGCCGAATG-1",2911,"Fibroblast"
"e16_s1_AGGACTTAGTCTGGTT-1",3385,"Fibroblast"
"e16_s1_AGGACTTAGTGATTCC-1",1003,"Foregut Basal"
"e16_s1_AGGACTTCAGCTCTGG-1",815,"Fibroblast"
"e16_s1_AGGACTTCATAATGAG-1",2380,"Myofibroblast"
"e16_s1_AGGACTTCATTGCCGG-1",2940,"ICC"
"e16_s1_AGGACTTGTGCAGTGA-1",3127,"Smooth muscle"
"e16_s1_AGGACTTGTTACCCAA-1",676,"Smooth muscle"
"e16_s1_AGGACTTGTTCCGTTC-1",2307,"Fibroblast"
"e16_s1_AGGACTTTCATCACTT-1",2940,"Fibroblast"
"e16_s1_AGGAGGTAGGTTCATC-1",1003,"Foregut Basal"
"e16_s1_AGGAGGTAGTTCATCG-1",938,"Fibroblast"
"e16_s1_AGGAGGTCATAATGAG-1",1973,"Fibroblast"
"e16_s1_AGGAGGTCATCTTCGC-1",1654,"Simple Epithelial"
"e16_s1_AGGAGGTCATGGGCAA-1",2269,"ENS"
"e16_s1_AGGAGGTGTGATTAGA-1",1692,"Foregut Basal"
"e16_s1_AGGAGGTTCACGATAC-1",2269,"ENS"
"e16_s1_AGGATAAAGAGTCGAC-1",2787,"Fibroblast"
"e16_s1_AGGATAAAGGCACTCC-1",786,"ENS"
"e16_s1_AGGATAAAGGGCTAAC-1",1778,"Fibroblast"
"e16_s1_AGGATAAAGGTCCTGC-1",1667,"ICC"
"e16_s1_AGGATAACAACACGAG-1",2709,"ENS"
"e16_s1_AGGATAACAATATCCG-1",719,"Fibroblast"
"e16_s1_AGGATAACACTATCCC-1",2583,"ENS"
"e16_s1_AGGATAACAGGGATAC-1",2048,"Smooth muscle"
"e16_s1_AGGATAACAGTCACGC-1",1973,"Smooth muscle"
"e16_s1_AGGATAACATGGCCAC-1",1595,"Pericyte"
"e16_s1_AGGATAAGTTCTAAGC-1",886,"ENS"
"e16_s1_AGGATAATCATTGCCC-1",1003,"Foregut Basal"
"e16_s1_AGGATAATCCTTCTTC-1",2709,"ENS"
"e16_s1_AGGATAATCGCTGCGA-1",2219,"Fibroblast"
"e16_s1_AGGATAATCTGGCTGG-1",1973,"Fibroblast"
"e16_s1_AGGATCTAGTCTAGCT-1",2928,"Smooth muscle"
"e16_s1_AGGATCTCAGTCCGTG-1",2911,"Fibroblast"
"e16_s1_AGGATCTGTAGATCCT-1",2928,"Fibroblast"
"e16_s1_AGGATCTTCAAGCGTT-1",1299,"ENS"
"e16_s1_AGGCATTAGATCCGAG-1",1692,"Foregut Basal"
"e16_s1_AGGCATTAGTTAGTAG-1",984,"Fibroblast"
"e16_s1_AGGCATTCAGTCACGC-1",1371,"Fibroblast"
"e16_s1_AGGCATTCATATGCGT-1",993,"Simple Epithelial"
"e16_s1_AGGCATTTCACCATGA-1",2203,"Endothelial"
"e16_s1_AGGCATTTCCTACGGG-1",2316,"Fibroblast"
"e16_s1_AGGCATTTCCTAGCGG-1",2967,"ENS"
"e16_s1_AGGCATTTCGCCTAGG-1",2596,"ENS"
"e16_s1_AGGCATTTCTGAGAAA-1",2307,"Fibroblast"
"e16_s1_AGGCCACAGAGGCGGA-1",997,"ENS"
"e16_s1_AGGCCACAGATGCAGC-1",1202,"Fibroblast"
"e16_s1_AGGCCACAGGGAGTTC-1",1003,"Foregut Basal"
"e16_s1_AGGCCACAGGTTAGTA-1",1003,"Foregut Basal"
"e16_s1_AGGCCACAGTCGCGAA-1",1003,"Foregut Basal"
"e16_s1_AGGCCACAGTGCGACA-1",598,"Fibroblast"
"e16_s1_AGGCCACCAATTTCGG-1",749,"ENS"
"e16_s1_AGGCCACGTAGCTCGC-1",2347,"Smooth muscle"
"e16_s1_AGGCCACTCCGCACTT-1",2469,"ENS"
"e16_s1_AGGCCACTCTATTTCG-1",916,"Fibroblast"
"e16_s1_AGGCCACTCTGAGGTT-1",3178,"Immune"
"e16_s1_AGGCTGCAGCACTAGG-1",2936,"Smooth muscle"
"e16_s1_AGGCTGCAGCGCGTTC-1",886,"ENS"
"e16_s1_AGGCTGCTCCAGTTCC-1",1860,"Fibroblast"
"e16_s1_AGGGAGTAGATGTAGT-1",2089,"ENS"
"e16_s1_AGGGAGTAGTCCCAGC-1",1835,"ENS"
"e16_s1_AGGGAGTCAGCCGTTG-1",1596,"Pericyte"
"e16_s1_AGGGAGTTCTGAGGTT-1",886,"ENS"
"e16_s1_AGGGCCTAGACCATTC-1",2690,"Fibroblast"
"e16_s1_AGGGCCTAGCTCGCAC-1",1158,"Fibroblast"
"e16_s1_AGGGCCTCAACTGCCG-1",1353,"Foregut Basal"
"e16_s1_AGGGCCTCAGGCACAA-1",1408,"Fibroblast"
"e16_s1_AGGGCCTCATATGAAG-1",1638,"Smooth muscle"
"e16_s1_AGGGCCTCATCGAGCC-1",886,"ENS"
"e16_s1_AGGGCCTCATGGGCAA-1",1144,"Pericyte"
"e16_s1_AGGGCCTCATTCAGGT-1",3156,"Immune"
"e16_s1_AGGGCCTGTATCAGCT-1",2836,"Endothelial"
"e16_s1_AGGGCCTTCTTCTGTA-1",916,"Fibroblast"
"e16_s1_AGGGCTCAGCCTGCCA-1",2918,"Fibroblast"
"e16_s1_AGGGCTCAGGACTATA-1",2285,"ENS"
"e16_s1_AGGGCTCTCCCAACTC-1",2203,"Endothelial"
"e16_s1_AGGGCTCTCCCATTCG-1",1786,"ENS"
"e16_s1_AGGGCTCTCCGTGACG-1",2613,"ENS"
"e16_s1_AGGGCTCTCTAGACCA-1",1973,"Fibroblast"
"e16_s1_AGGGTCCAGCAGGCTA-1",1185,"ENS"
"e16_s1_AGGGTCCAGGTCCTGC-1",2983,"ENS"
"e16_s1_AGGGTCCAGTAAGGGA-1",554,"ENS"
"e16_s1_AGGGTCCCAACACGAG-1",2464,"Fibroblast"
"e16_s1_AGGGTCCGTATACGGG-1",786,"Mesothelial"
"e16_s1_AGGGTCCTCCCAACTC-1",2396,"ICC"
"e16_s1_AGGGTCCTCGCTGATA-1",1999,"Fibroblast"
"e16_s1_AGGGTGAAGAAGTCAT-1",560,"ENS"
"e16_s1_AGGGTGAAGTGAATAC-1",1355,"Foregut Basal"
"e16_s1_AGGGTGAGTTCTCAGA-1",1144,"Smooth muscle"
"e16_s1_AGGGTTTAGACGACTG-1",3227,"Fibroblast"
"e16_s1_AGGGTTTAGCAGCACA-1",2040,"Fibroblast"
"e16_s1_AGGGTTTAGCTTGTTG-1",2659,"Fibroblast"
"e16_s1_AGGGTTTCAAATCGTC-1",1973,"Fibroblast"
"e16_s1_AGGGTTTCAAGAATAC-1",1427,"Pericyte"
"e16_s1_AGGGTTTCAAGTAGTA-1",1861,"Pericyte"
"e16_s1_AGGGTTTCACGCTATA-1",2380,"Fibroblast"
"e16_s1_AGGGTTTGTCACCTTC-1",2660,"Fibroblast"
"e16_s1_AGGGTTTTCAAAGACA-1",2036,"Foregut Basal"
"e16_s1_AGGGTTTTCGTTCTAT-1",2307,"Fibroblast"
"e16_s1_AGGGTTTTCTCGTTTA-1",1999,"Fibroblast"
"e16_s1_AGGTAGGAGGCCTTGC-1",664,"ENS"
"e16_s1_AGGTAGGCACGTAGTT-1",1627,"Fibroblast"
"e16_s1_AGGTAGGCATGACTCA-1",1504,"Fibroblast"
"e16_s1_AGGTAGGGTCAGATTC-1",1951,"Fibroblast"
"e16_s1_AGGTAGGGTTACGCCG-1",2730,"ENS"
"e16_s1_AGGTAGGGTTCTCCTG-1",1106,"Smooth muscle"
"e16_s1_AGGTAGGTCATGCCAA-1",1999,"Pericyte"
"e16_s1_AGGTAGGTCCCAAGCG-1",2269,"ENS"
"e16_s1_AGGTCATAGTGATAGT-1",2411,"ENS"
"e16_s1_AGGTCATGTCCTCCTA-1",1973,"Fibroblast"
"e16_s1_AGGTCTACATTCAGCA-1",2918,"Fibroblast"
"e16_s1_AGGTCTAGTCATAACC-1",1861,"Fibroblast"
"e16_s1_AGGTCTAGTGAACTAA-1",2893,"Fibroblast"
"e16_s1_AGGTCTAGTTGGCCTG-1",1005,"Foregut Basal"
"e16_s1_AGGTCTATCAAAGGAT-1",3385,"Fibroblast"
"e16_s1_AGGTCTATCCGTGGTG-1",2613,"ENS"
"e16_s1_AGGTCTATCTATTGTC-1",2936,"Fibroblast"
"e16_s1_AGGTCTATCTGAGGCC-1",794,"Fibroblast"
"e16_s1_AGGTCTATCTGCGGGT-1",1860,"Fibroblast"
"e16_s1_AGGTGTTAGGTAGTCG-1",2953,"ENS"
"e16_s1_AGGTGTTCATAACAGA-1",1003,"Foregut Basal"
"e16_s1_AGGTGTTCATATGCGT-1",702,"ENS"
"e16_s1_AGGTGTTGTTCGTACA-1",2001,"Fibroblast"
"e16_s1_AGGTTACAGAGGGTGG-1",3251,"Fibroblast"
"e16_s1_AGGTTACAGAGTGTGC-1",639,"ICC"
"e16_s1_AGGTTACCACATTGTG-1",1555,"Endothelial"
"e16_s1_AGGTTACCAGAGTTCT-1",2110,"Smooth muscle"
"e16_s1_AGGTTACCAGCCCACA-1",2217,"Fibroblast"
"e16_s1_AGGTTACCATCTGGGC-1",206,"Fibroblast"
"e16_s1_AGGTTACGTAACACCT-1",2839,"Endothelial"
"e16_s1_AGGTTACGTCATCGCG-1",1914,"Fibroblast"
"e16_s1_AGGTTACGTCGCACGT-1",2955,"ENS"
"e16_s1_AGGTTACTCGGATACT-1",1673,"ENS"
"e16_s1_AGGTTACTCGTTCGCT-1",3271,"ICC"
"e16_s1_AGGTTGTAGCAATAGT-1",815,"Mesothelial"
"e16_s1_AGGTTGTAGGCTATCT-1",2955,"ENS"
"e16_s1_AGGTTGTAGGTTAAAC-1",2843,"Smooth muscle"
"e16_s1_AGGTTGTCAAGACCGA-1",2994,"ENS"
"e16_s1_AGGTTGTCAATGCAAA-1",841,"Foregut Basal"
"e16_s1_AGGTTGTCACAGTCAT-1",1978,"Fibroblast"
"e16_s1_AGGTTGTCAGTTCACA-1",1158,"Fibroblast"
"e16_s1_AGGTTGTCATGACGGA-1",1213,"Endothelial"
"e16_s1_AGGTTGTGTAACATGA-1",1973,"Fibroblast"
"e16_s1_AGGTTGTGTGCAGGAT-1",2064,"Smooth muscle"
"e16_s1_AGGTTGTTCAAGGTGG-1",3251,"Myofibroblast"
"e16_s1_AGGTTGTTCACGAACT-1",1768,"Immune"
"e16_s1_AGGTTGTTCCCAGGAC-1",2891,"Fibroblast"
"e16_s1_AGGTTGTTCTGTGCTC-1",1197,"Fibroblast"
"e16_s1_AGTAACCAGACCCGCT-1",3251,"Mesothelial"
"e16_s1_AGTAACCAGCTTAAGA-1",1555,"Endothelial"
"e16_s1_AGTAACCAGGAGAATG-1",2269,"ENS"
"e16_s1_AGTAACCAGTGCGCTC-1",2709,"ENS"
"e16_s1_AGTAACCCACGTAGAG-1",2777,"Smooth muscle"
"e16_s1_AGTAACCCAGACACAG-1",1973,"Fibroblast"
"e16_s1_AGTAACCCAGGACAGT-1",829,"Pericyte"
"e16_s1_AGTAACCCAGTTGCGC-1",1202,"Fibroblast"
"e16_s1_AGTAACCTCATGTCTT-1",656,"Fibroblast"
"e16_s1_AGTAACCTCCATCCGT-1",2891,"Smooth muscle"
"e16_s1_AGTACCAAGCTCGCAC-1",1003,"Foregut Basal"
"e16_s1_AGTACCAAGGACTTCT-1",518,"Smooth muscle"
"e16_s1_AGTACCAGTAGACGGT-1",598,"Fibroblast"
"e16_s1_AGTACCAGTATGTCCA-1",1311,"ENS"
"e16_s1_AGTACCATCATTTCGT-1",786,"Fibroblast"
"e16_s1_AGTACCATCCACAGCG-1",2940,"Fibroblast"
"e16_s1_AGTACCATCCGTGCGA-1",1667,"Myofibroblast"
"e16_s1_AGTACCATCCTCACCA-1",1576,"Fibroblast"
"e16_s1_AGTACCATCTTAAGGC-1",786,"ICC"
"e16_s1_AGTACTGAGTCACTCA-1",2994,"ENS"
"e16_s1_AGTACTGCACATGAAA-1",2497,"Smooth muscle"
"e16_s1_AGTACTGGTCACTAGT-1",1198,"Fibroblast"
"e16_s1_AGTACTGGTCAGCTTA-1",550,"ENS"
"e16_s1_AGTACTGGTCCACTTC-1",2583,"ENS"
"e16_s1_AGTACTGTCGCCGAGT-1",1627,"Fibroblast"
"e16_s1_AGTACTGTCGTGCTCT-1",1999,"Fibroblast"
"e16_s1_AGTAGCTCAATTCTTC-1",1973,"Fibroblast"
"e16_s1_AGTAGCTCACGCAAAG-1",1973,"Fibroblast"
"e16_s1_AGTAGCTCAGCGACCT-1",2994,"ENS"
"e16_s1_AGTAGCTCATCTTAGG-1",2984,"ENS"
"e16_s1_AGTAGCTGTATCAGGG-1",3354,"ENS"
"e16_s1_AGTAGCTGTTTCGATG-1",829,"Fibroblast"
"e16_s1_AGTAGCTTCGAGATGG-1",1973,"Fibroblast"
"e16_s1_AGTAGCTTCTCGCAGG-1",786,"ICC"
"e16_s1_AGTAGCTTCTGTAAGC-1",3317,"Mesothelial"
"e16_s1_AGTAGTCAGAGTCACG-1",2928,"Smooth muscle"
"e16_s1_AGTAGTCAGATTGGGC-1",1973,"Fibroblast"
"e16_s1_AGTAGTCCATTGAGGG-1",1973,"Fibroblast"
"e16_s1_AGTAGTCGTCGTTTCC-1",2290,"ENS"
"e16_s1_AGTAGTCTCATCGGGC-1",1688,"ENS"
"e16_s1_AGTCAACAGACGGAAA-1",1844,"ENS"
"e16_s1_AGTCAACCATCAGTGT-1",1973,"Fibroblast"
"e16_s1_AGTCAACGTATTAAGG-1",1036,"Fibroblast"
"e16_s1_AGTCAACGTCAAAGTA-1",1312,"Fibroblast"
"e16_s1_AGTCAACTCGGTAGGA-1",841,"Foregut Basal"
"e16_s1_AGTCAACTCGTGCGAC-1",1999,"Fibroblast"
"e16_s1_AGTCACAAGTTCATGC-1",115,"ENS"
"e16_s1_AGTCACACAGTCTCTC-1",3354,"ENS"
"e16_s1_AGTCACACATATGAAG-1",1003,"Foregut Basal"
"e16_s1_AGTCACACATCTCCCA-1",2118,"ICC"
"e16_s1_AGTCACAGTACAATAG-1",1003,"Foregut Basal"
"e16_s1_AGTCACATCATGACAC-1",2911,"Fibroblast"
"e16_s1_AGTCACATCCTCTCGA-1",1973,"Fibroblast"
"e16_s1_AGTCATGAGACTAGAT-1",2517,"ENS"
"e16_s1_AGTCATGAGGTACATA-1",3207,"Fibroblast"
"e16_s1_AGTCATGCATCCAATG-1",3227,"Fibroblast"
"e16_s1_AGTCATGGTTGGAGAC-1",1492,"ENS"
"e16_s1_AGTCATGTCCATTTCA-1",938,"Fibroblast"
"e16_s1_AGTCATGTCGCCAGTG-1",1003,"Foregut Basal"
"e16_s1_AGTCTCCAGAACCGCA-1",794,"Fibroblast"
"e16_s1_AGTCTCCTCCGACAGC-1",2347,"Fibroblast"
"e16_s1_AGTCTCCTCGGCATCG-1",2787,"Smooth muscle"
"e16_s1_AGTGACTAGGATCATA-1",2041,"Fibroblast"
"e16_s1_AGTGACTCAGCCTACG-1",1973,"Fibroblast"
"e16_s1_AGTGACTCAGCGCTTG-1",1555,"Endothelial"
"e16_s1_AGTGACTCAGGTTACT-1",2659,"Myofibroblast"
"e16_s1_AGTGACTGTACGTGAG-1",1629,"Fibroblast"
"e16_s1_AGTGACTGTCAAAGAT-1",1270,"ENS"
"e16_s1_AGTGACTGTGCGAGTA-1",1504,"Fibroblast"
"e16_s1_AGTGACTGTTAAGGGC-1",2928,"Mesothelial"
"e16_s1_AGTGACTTCGTAGCCG-1",2203,"Endothelial"
"e16_s1_AGTGACTTCTCGGGAC-1",719,"Pericyte"
"e16_s1_AGTGACTTCTGTCGTC-1",1973,"Fibroblast"
"e16_s1_AGTGATCAGTGATAGT-1",1997,"Fibroblast"
"e16_s1_AGTGATCAGTTCGGTT-1",3251,"Fibroblast"
"e16_s1_AGTGATCCAAAGACTA-1",3060,"ENS"
"e16_s1_AGTGATCCAACAGAGC-1",886,"ENS"
"e16_s1_AGTGATCCAGCATTGT-1",1122,"ENS"
"e16_s1_AGTGATCCAGCTTCGG-1",1638,"ICC"
"e16_s1_AGTGATCCATCATGAC-1",1113,"Endothelial"
"e16_s1_AGTGATCGTAACAAGT-1",435,"Endothelial"
"e16_s1_AGTGATCGTAGGTAGC-1",841,"Foregut Basal"
"e16_s1_AGTGATCGTTGAGTCT-1",1079,"Myofibroblast"
"e16_s1_AGTGATCTCGAGAGAC-1",704,"ENS"
"e16_s1_AGTGCCGAGACAACTA-1",1003,"Foregut Basal"
"e16_s1_AGTGCCGAGCAGCGAT-1",3374,"Fibroblast"
"e16_s1_AGTGCCGCATTGAGCT-1",1276,"ENS"
"e16_s1_AGTGTTGAGGAATTAC-1",2895,"Fibroblast"
"e16_s1_AGTGTTGCAACTTGCA-1",1079,"Smooth muscle"
"e16_s1_AGTGTTGCATAGGTAA-1",2294,"ENS"
"e16_s1_AGTGTTGGTAACGGTG-1",1732,"ENS"
"e16_s1_AGTGTTGGTAACGTTC-1",2953,"ENS"
"e16_s1_AGTGTTGGTAATGCGG-1",2955,"ENS"
"e16_s1_AGTGTTGGTGCGGATA-1",2469,"ENS"
"e16_s1_AGTGTTGGTTCCGGTG-1",1973,"Fibroblast"
"e16_s1_AGTGTTGGTTTCGCTC-1",2659,"Smooth muscle"
"e16_s1_AGTTAGCCAGATTAAG-1",833,"ICC"
"e16_s1_AGTTAGCGTCAGTCTA-1",2645,"ENS"
"e16_s1_AGTTCCCAGAGAGGTA-1",2307,"Pericyte"
"e16_s1_AGTTCCCAGCACTGGA-1",2764,"Foregut Basal"
"e16_s1_AGTTCCCCAAGAAATC-1",1006,"Foregut Basal"
"e16_s1_AGTTCCCGTCCGGCAT-1",2928,"Smooth muscle"
"e16_s1_AGTTCCCTCGCTATTT-1",2608,"Myofibroblast"
"e16_s1_AGTTCGAAGCTCTGTA-1",553,"ENS"
"e16_s1_AGTTCGACAAGATGGC-1",719,"ICC"
"e16_s1_AGTTCGACACGCTTAA-1",2942,"ENS"
"e16_s1_AGTTCGAGTAGTCACT-1",2469,"ENS"
"e16_s1_AGTTCGAGTGGTCCGT-1",2225,"Fibroblast"
"e16_s1_AGTTCGAGTTCAGGTT-1",760,"ENS"
"e16_s1_ATACCGAAGATGTTGA-1",2307,"Pericyte"
"e16_s1_ATACCGACAAAGCTCT-1",3227,"Fibroblast"
"e16_s1_ATACCGACACAACCGC-1",1352,"Fibroblast"
"e16_s1_ATACCGAGTGTTGAGG-1",1144,"Fibroblast"
"e16_s1_ATACCGATCCCACAGG-1",2843,"Fibroblast"
"e16_s1_ATACCGATCCTGTAAG-1",2195,"Fibroblast"
"e16_s1_ATACCGATCGACGAGA-1",3251,"Mesothelial"
"e16_s1_ATACCGATCGCATGAT-1",2778,"Immune"
"e16_s1_ATACCGATCGCTTACC-1",938,"Fibroblast"
"e16_s1_ATACCTTCACCCTGTT-1",441,"ENS"
"e16_s1_ATACCTTCACGACGAA-1",1548,"Endothelial"
"e16_s1_ATACCTTCATCCTATT-1",3089,"ENS"
"e16_s1_ATACCTTGTAAGCTCT-1",1007,"Fibroblast"
"e16_s1_ATACCTTGTCGCCACA-1",1861,"Fibroblast"
"e16_s1_ATACCTTTCAGACCCG-1",1627,"Fibroblast"
"e16_s1_ATACCTTTCCACATAG-1",3328,"Fibroblast"
"e16_s1_ATACCTTTCGGTGTTA-1",2290,"ENS"
"e16_s1_ATACTTCAGCTCTATG-1",2497,"Fibroblast"
"e16_s1_ATACTTCCAACCTAAC-1",2493,"ENS"
"e16_s1_ATACTTCCATGTGGTT-1",3207,"Fibroblast"
"e16_s1_ATACTTCGTATGAGAT-1",1144,"Mesothelial"
"e16_s1_ATACTTCGTTATAGAG-1",2696,"ENS"
"e16_s1_ATACTTCTCATGCCGG-1",2517,"ENS"
"e16_s1_ATACTTCTCGAGAATA-1",3199,"ENS"
"e16_s1_ATACTTCTCTGCGGAC-1",1411,"Fibroblast"
"e16_s1_ATAGACCAGCACGTCC-1",598,"Fibroblast"
"e16_s1_ATAGACCAGGCACTCC-1",1555,"Endothelial"
"e16_s1_ATAGACCAGGCTTTCA-1",1353,"Foregut Basal"
"e16_s1_ATAGACCCAACTCGTA-1",1865,"Pericyte"
"e16_s1_ATAGACCGTCGAACGA-1",916,"Fibroblast"
"e16_s1_ATAGACCGTGGTTTGT-1",490,"ENS"
"e16_s1_ATAGAGAAGACGACTG-1",1144,"Pericyte"
"e16_s1_ATAGAGAGTCCACTTC-1",2583,"Foregut Basal"
"e16_s1_ATAGAGATCTTCGCTG-1",3199,"ENS"
"e16_s1_ATAGGCTAGAAATGGG-1",1003,"Foregut Basal"
"e16_s1_ATAGGCTAGATAGCTA-1",627,"ENS"
"e16_s1_ATAGGCTAGTTTGGCT-1",3227,"Fibroblast"
"e16_s1_ATAGGCTGTGTGAATA-1",2469,"ENS"
"e16_s1_ATAGGCTTCAATCTCT-1",916,"Fibroblast"
"e16_s1_ATAGGCTTCCAGCAAT-1",3354,"ENS"
"e16_s1_ATAGGCTTCTTCGTGC-1",2269,"ENS"
"e16_s1_ATATCCTAGGTGAGAA-1",2225,"Fibroblast"
"e16_s1_ATATCCTCAAGAATGT-1",1264,"ENS"
"e16_s1_ATATCCTCAAGAGTTA-1",1973,"Fibroblast"
"e16_s1_ATATCCTCACCAGCTG-1",1003,"Foregut Basal"
"e16_s1_ATATCCTCATAAGATG-1",1576,"Fibroblast"
"e16_s1_ATATCCTGTGACAGGT-1",1504,"Fibroblast"
"e16_s1_ATATCCTTCGCTATTT-1",3089,"ENS"
"e16_s1_ATATCCTTCGGCCAAC-1",2659,"Fibroblast"
"e16_s1_ATATCCTTCTATTTCG-1",1353,"Foregut Basal"
"e16_s1_ATATCCTTCTTCCACG-1",827,"ICC"
"e16_s1_ATATCCTTCTTCTAAC-1",2040,"Fibroblast"
"e16_s1_ATCACAGAGTAGTGCG-1",1434,"Myofibroblast"
"e16_s1_ATCACAGCAAAGGTTA-1",1003,"Foregut Basal"
"e16_s1_ATCACAGGTAATGCTC-1",794,"Myofibroblast"
"e16_s1_ATCACAGGTTTAGAGA-1",2463,"Fibroblast"
"e16_s1_ATCACAGTCATACGGT-1",719,"Smooth muscle"
"e16_s1_ATCACAGTCGGCCTTT-1",1999,"Fibroblast"
"e16_s1_ATCACAGTCTCCGATC-1",1692,"Foregut Basal"
"e16_s1_ATCACGAAGGTACTGG-1",2690,"Fibroblast"
"e16_s1_ATCACGAAGGTTGACG-1",1973,"Fibroblast"
"e16_s1_ATCACGAAGTTGTAAG-1",2911,"Fibroblast"
"e16_s1_ATCACGAAGTTTGAGA-1",1145,"Smooth muscle"
"e16_s1_ATCACGACAACTTGGT-1",3385,"Pericyte"
"e16_s1_ATCACGACAAGACCGA-1",719,"Smooth muscle"
"e16_s1_ATCACGAGTAACTTCG-1",2936,"Fibroblast"
"e16_s1_ATCACGAGTACTCCCT-1",3369,"Fibroblast"
"e16_s1_ATCACGATCATCTCTA-1",2659,"Fibroblast"
"e16_s1_ATCACGATCCCTCGTA-1",2290,"ENS"
"e16_s1_ATCACGATCGAATGCT-1",815,"ICC"
"e16_s1_ATCACGATCTCCCAAC-1",401,"Fibroblast"
"e16_s1_ATCACTTAGAGCCGTA-1",622,"Endothelial"
"e16_s1_ATCACTTAGCACCGTC-1",1973,"Fibroblast"
"e16_s1_ATCACTTCACAGTATC-1",550,"ENS"
"e16_s1_ATCACTTCACTCTAGA-1",1035,"Fibroblast"
"e16_s1_ATCACTTCATACCACA-1",1999,"Smooth muscle"
"e16_s1_ATCACTTCATCCCGTT-1",1860,"Fibroblast"
"e16_s1_ATCACTTCATCGTGGC-1",2777,"Fibroblast"
"e16_s1_ATCACTTGTGACAACG-1",2380,"Fibroblast"
"e16_s1_ATCAGGTAGCCACTCG-1",1973,"Fibroblast"
"e16_s1_ATCAGGTAGGGTCACA-1",2777,"Fibroblast"
"e16_s1_ATCAGGTAGTAGGCCA-1",1079,"Fibroblast"
"e16_s1_ATCAGGTAGTGTTGAA-1",1097,"Fibroblast"
"e16_s1_ATCAGGTGTAGGCTGA-1",3254,"Smooth muscle"
"e16_s1_ATCAGGTTCGCTGACG-1",1555,"Endothelial"
"e16_s1_ATCAGGTTCTACTCAT-1",795,"Mesothelial"
"e16_s1_ATCATTCAGCTAGCCC-1",1768,"Immune"
"e16_s1_ATCATTCTCATTGAGC-1",3369,"ICC"
"e16_s1_ATCATTCTCGCAGTCG-1",1999,"Fibroblast"
"e16_s1_ATCCACCAGCTTGTTG-1",2911,"Fibroblast"
"e16_s1_ATCCACCAGGATGTTA-1",1914,"Mesothelial"
"e16_s1_ATCCACCAGGCATTTC-1",2928,"Fibroblast"
"e16_s1_ATCCACCCAAACTGCT-1",2347,"Fibroblast"
"e16_s1_ATCCACCCACGAGGTA-1",2089,"ENS"
"e16_s1_ATCCACCCAGGTATGG-1",1003,"Foregut Basal"
"e16_s1_ATCCACCGTCTGTCCT-1",2147,"ENS"
"e16_s1_ATCCACCGTTGCTCCT-1",2709,"ENS"
"e16_s1_ATCCACCTCTCCGAAA-1",796,"Fibroblast"
"e16_s1_ATCCACCTCTTTACAC-1",1973,"Smooth muscle"
"e16_s1_ATCCATTAGTTGAAAC-1",1942,"ENS"
"e16_s1_ATCCATTCACCCTCTA-1",1960,"Smooth muscle"
"e16_s1_ATCCATTCAGCGTATT-1",1860,"Fibroblast"
"e16_s1_ATCCATTCATGAATCC-1",2868,"ENS"
"e16_s1_ATCCATTCATTCTTCA-1",1478,"ENS"
"e16_s1_ATCCATTGTCTACGAT-1",1411,"Fibroblast"
"e16_s1_ATCCATTGTTCGTAAC-1",1113,"Endothelial"
"e16_s1_ATCCATTGTTGGTAGG-1",1138,"Fibroblast"
"e16_s1_ATCCATTTCGCAGTCG-1",2315,"ICC"
"e16_s1_ATCCCTGAGAAATTCG-1",1756,"ENS"
"e16_s1_ATCCCTGAGGAACGTC-1",1973,"Fibroblast"
"e16_s1_ATCCCTGAGGGCAAGG-1",668,"Immune"
"e16_s1_ATCCCTGCAAGCAATA-1",1945,"ENS"
"e16_s1_ATCCCTGCAGTAACCT-1",1549,"Fibroblast"
"e16_s1_ATCCCTGCATGCCGCA-1",3207,"Smooth muscle"
"e16_s1_ATCCCTGCATTGAAAG-1",3138,"Myofibroblast"
"e16_s1_ATCCCTGGTACCCGAC-1",2363,"Foregut Basal"
"e16_s1_ATCCGTCAGATCCCGC-1",3127,"Fibroblast"
"e16_s1_ATCCGTCCAACAGAGC-1",816,"Fibroblast"
"e16_s1_ATCCGTCCAACCTAAC-1",2940,"Mesothelial"
"e16_s1_ATCCGTCGTACGACTT-1",3369,"Fibroblast"
"e16_s1_ATCCTATCAACATACC-1",2777,"Fibroblast"
"e16_s1_ATCCTATCAAGGCAAC-1",3207,"Fibroblast"
"e16_s1_ATCCTATCATGACTTG-1",602,"Fibroblast"
"e16_s1_ATCCTATCATTGTACG-1",2709,"ENS"
"e16_s1_ATCCTATGTATTTCTC-1",1706,"ENS"
"e16_s1_ATCCTATGTGGCTTGC-1",1999,"Fibroblast"
"e16_s1_ATCCTATGTTATCTGG-1",2994,"ENS"
"e16_s1_ATCCTATTCAATCTCT-1",1627,"Fibroblast"
"e16_s1_ATCCTATTCGTGCTCT-1",43,"Myofibroblast"
"e16_s1_ATCCTATTCTCTATGT-1",1053,"ENS"
"e16_s1_ATCGATGAGCTAGAGC-1",3209,"Myofibroblast"
"e16_s1_ATCGATGAGCTTCTAG-1",1999,"Fibroblast"
"e16_s1_ATCGATGAGGAGTACC-1",2294,"ENS"
"e16_s1_ATCGATGGTACGACTT-1",640,"ICC"
"e16_s1_ATCGATGGTCTGTAAC-1",549,"ENS"
"e16_s1_ATCGATGGTGGTATGG-1",1593,"Smooth muscle"
"e16_s1_ATCGATGTCCGTAATG-1",1973,"Fibroblast"
"e16_s1_ATCGATGTCGCTAGCG-1",1973,"Fibroblast"
"e16_s1_ATCGATGTCTGAGGTT-1",1327,"Foregut Basal"
"e16_s1_ATCGCCTAGATCACTC-1",2269,"ENS"
"e16_s1_ATCGCCTAGTCGGCAA-1",2696,"ENS"
"e16_s1_ATCGCCTAGTGAGGTC-1",2940,"Fibroblast"
"e16_s1_ATCGCCTGTAGAGACC-1",1973,"Smooth muscle"
"e16_s1_ATCGCCTGTAGTCGGA-1",2721,"Endothelial"
"e16_s1_ATCGCCTGTCCTACGG-1",916,"Fibroblast"
"e16_s1_ATCGCCTGTTGTGCCG-1",1968,"Fibroblast"
"e16_s1_ATCGCCTTCAGTAGGG-1",1128,"ENS"
"e16_s1_ATCGGATAGAAGGGAT-1",2868,"ENS"
"e16_s1_ATCGGATAGTCCTGCG-1",1774,"ENS"
"e16_s1_ATCGGATCAAAGACGC-1",3083,"Mesothelial"
"e16_s1_ATCGGATCAATAGTGA-1",2696,"ENS"
"e16_s1_ATCGGATCATCGATCA-1",2540,"Fibroblast"
"e16_s1_ATCGGATTCCAGTGCG-1",656,"Fibroblast"
"e16_s1_ATCGGATTCGTTATCT-1",1312,"Fibroblast"
"e16_s1_ATCGGATTCTCTATGT-1",1312,"Fibroblast"
"e16_s1_ATCGGCGAGCAGTACG-1",2893,"Fibroblast"
"e16_s1_ATCGGCGAGTCCGTCG-1",1784,"ENS"
"e16_s1_ATCGGCGCATTGGGAG-1",2696,"ENS"
"e16_s1_ATCGGCGGTGAGTTGG-1",598,"Fibroblast"
"e16_s1_ATCGGCGGTGGCAACA-1",1327,"Foregut Basal"
"e16_s1_ATCGGCGTCATTACGG-1",3167,"ENS"
"e16_s1_ATCGGCGTCCCTTGGT-1",1999,"Fibroblast"
"e16_s1_ATCGGCGTCGAATGCT-1",815,"Fibroblast"
"e16_s1_ATCGGCGTCGACGAGA-1",2497,"Fibroblast"
"e16_s1_ATCGTAGAGGTAAACT-1",3128,"Myofibroblast"
"e16_s1_ATCGTAGCAAGTGTCT-1",2380,"Fibroblast"
"e16_s1_ATCGTAGCACTACACA-1",1144,"Smooth muscle"
"e16_s1_ATCGTAGGTCGAATTC-1",1053,"ENS"
"e16_s1_ATCGTAGTCCGTGGCA-1",2396,"ICC"
"e16_s1_ATCGTCCAGTCAGAGC-1",2307,"Pericyte"
"e16_s1_ATCGTCCAGTCTTCCC-1",3224,"Smooth muscle"
"e16_s1_ATCGTCCAGTGACACG-1",719,"Myofibroblast"
"e16_s1_ATCGTCCCAAACCGGA-1",2992,"ENS"
"e16_s1_ATCGTCCCATGTCGTA-1",2605,"Fibroblast"
"e16_s1_ATCGTCCGTTATCTGG-1",815,"Fibroblast"
"e16_s1_ATCGTCCTCCAAGCCG-1",1667,"Smooth muscle"
"e16_s1_ATCGTCCTCTCATAGG-1",2656,"ENS"
"e16_s1_ATCGTCCTCTTCGATT-1",1279,"ENS"
"e16_s1_ATCGTGAAGATGAAGG-1",3321,"Smooth muscle"
"e16_s1_ATCGTGACAAGGCGTA-1",2040,"Fibroblast"
"e16_s1_ATCGTGACAGCTATAC-1",3083,"Smooth muscle"
"e16_s1_ATCGTGACAGTTAGGG-1",3161,"ENS"
"e16_s1_ATCGTGACATCAGTGT-1",938,"Fibroblast"
"e16_s1_ATCGTGATCCCGGTAG-1",815,"Myofibroblast"
"e16_s1_ATCGTGATCCGTGTGG-1",2787,"Myofibroblast"
"e16_s1_ATCTCTAAGTAGTCTC-1",1643,"ENS"
"e16_s1_ATCTCTAAGTTCCGTA-1",2517,"ENS"
"e16_s1_ATCTCTACATCAACCA-1",2777,"Myofibroblast"
"e16_s1_ATCTCTAGTTAATGAG-1",2307,"Fibroblast"
"e16_s1_ATCTCTAGTTAGGGAC-1",532,"Myofibroblast"
"e16_s1_ATCTCTATCGCTGTTC-1",2928,"Fibroblast"
"e16_s1_ATCTTCAAGGGTACAC-1",721,"ENS"
"e16_s1_ATCTTCAAGTTCCGGC-1",3215,"Fibroblast"
"e16_s1_ATCTTCACACCGTCTT-1",1024,"Endothelial"
"e16_s1_ATCTTCACAGCACCCA-1",719,"Fibroblast"
"e16_s1_ATCTTCAGTAGATCCT-1",1860,"Fibroblast"
"e16_s1_ATCTTCAGTCGTATGT-1",2483,"Fibroblast"
"e16_s1_ATCTTCAGTTAGCTAC-1",1129,"ENS"
"e16_s1_ATCTTCAGTTGCAACT-1",180,"Pericyte"
"e16_s1_ATCTTCATCCGGTAGC-1",1549,"Pericyte"
"e16_s1_ATCTTCATCCTTATAC-1",2347,"Fibroblast"
"e16_s1_ATGAAAGAGAGCAGAA-1",794,"Fibroblast"
"e16_s1_ATGAAAGAGATGGCGT-1",2483,"Fibroblast"
"e16_s1_ATGAAAGAGCACTCAT-1",2842,"ENS"
"e16_s1_ATGAAAGAGTCTAGAA-1",1113,"Endothelial"
"e16_s1_ATGAAAGCAGTGGGTA-1",3059,"ENS"
"e16_s1_ATGAAAGGTACCCGCA-1",555,"ENS"
"e16_s1_ATGAAAGGTATTCCTT-1",2483,"Fibroblast"
"e16_s1_ATGAAAGGTTGATGTC-1",786,"Smooth muscle"
"e16_s1_ATGAAAGTCTCTCGAC-1",3089,"ENS"
"e16_s1_ATGACCAAGCAAATCA-1",2049,"Mesothelial"
"e16_s1_ATGACCAAGCATGAAT-1",2064,"Fibroblast"
"e16_s1_ATGACCAAGGCTCTCG-1",2209,"Immune"
"e16_s1_ATGACCAAGGTATTGA-1",2036,"Foregut Basal"
"e16_s1_ATGACCACACTACGGC-1",2911,"Fibroblast"
"e16_s1_ATGACCACAGCGCTTG-1",815,"Fibroblast"
"e16_s1_ATGACCATCATCTATC-1",1144,"Smooth muscle"
"e16_s1_ATGACCATCGGTCATA-1",1796,"ENS"
"e16_s1_ATGACCATCTGCATGA-1",794,"Myofibroblast"
"e16_s1_ATGAGGGAGCAAACAT-1",2696,"ENS"
"e16_s1_ATGAGGGAGTCACGCC-1",1213,"Endothelial"
"e16_s1_ATGAGGGCAGAGATTA-1",2764,"Foregut Basal"
"e16_s1_ATGAGGGCATTACTCT-1",2483,"Fibroblast"
"e16_s1_ATGAGGGGTACGCGTC-1",3327,"Fibroblast"
"e16_s1_ATGAGGGGTCGATTCA-1",2955,"ENS"
"e16_s1_ATGAGGGGTCGTTATG-1",2659,"Smooth muscle"
"e16_s1_ATGAGGGGTGAGCAGT-1",1003,"Foregut Basal"
"e16_s1_ATGAGGGTCATGAAAG-1",1973,"Fibroblast"
"e16_s1_ATGAGTCAGAGAGAAC-1",3340,"ICC"
"e16_s1_ATGAGTCAGGTTGGAC-1",2203,"Endothelial"
"e16_s1_ATGAGTCGTGGGTTGA-1",2217,"Smooth muscle"
"e16_s1_ATGAGTCGTTTGTTCT-1",2690,"Fibroblast"
"e16_s1_ATGAGTCTCCCAGTGG-1",1576,"Myofibroblast"
"e16_s1_ATGATCGAGGCGTTGA-1",2777,"Fibroblast"
"e16_s1_ATGATCGAGTAGGCCA-1",3024,"ENS"
"e16_s1_ATGATCGGTTTACGTG-1",1568,"ENS"
"e16_s1_ATGATCGTCATGGGAG-1",1667,"Fibroblast"
"e16_s1_ATGATCGTCTGGACTA-1",2307,"Fibroblast"
"e16_s1_ATGATCGTCTTGCAGA-1",719,"Fibroblast"
"e16_s1_ATGCATGCAAGTGATA-1",3207,"Fibroblast"
"e16_s1_ATGCATGGTTTGTTCT-1",1654,"Simple Epithelial"
"e16_s1_ATGCATGTCAAGTGGG-1",1504,"Pericyte"
"e16_s1_ATGCATGTCCAGGACC-1",2491,"ENS"
"e16_s1_ATGCATGTCTGGTGCG-1",2777,"Fibroblast"
"e16_s1_ATGCCTCAGAATCGTA-1",1816,"ENS"
"e16_s1_ATGCCTCAGCGATTCT-1",1003,"Foregut Basal"
"e16_s1_ATGCCTCCAACACGTT-1",3369,"Fibroblast"
"e16_s1_ATGCCTCCAGCGGATA-1",2953,"ENS"
"e16_s1_ATGCCTCGTCTGTGTA-1",760,"ENS"
"e16_s1_ATGCCTCGTTCGGCTG-1",1739,"Mesothelial"
"e16_s1_ATGCCTCTCAACCCGG-1",916,"Fibroblast"
"e16_s1_ATGCCTCTCCAGTACA-1",1003,"Foregut Basal"
"e16_s1_ATGCCTCTCGAAGTGG-1",2493,"ENS"
"e16_s1_ATGCCTCTCGAGTGGA-1",2362,"Endothelial"
"e16_s1_ATGCCTCTCTAACGCA-1",807,"Fibroblast"
"e16_s1_ATGCGATAGGATATGT-1",1327,"Foregut Basal"
"e16_s1_ATGCGATCAAGGCAAC-1",626,"ENS"
"e16_s1_ATGCGATCAGGGAGAG-1",1434,"Fibroblast"
"e16_s1_ATGCGATGTAGTCGGA-1",2469,"ENS"
"e16_s1_ATGCGATGTCTACAAC-1",1003,"Foregut Basal"
"e16_s1_ATGCGATGTGAATGAT-1",1973,"Fibroblast"
"e16_s1_ATGCGATGTGTCATGT-1",719,"Smooth muscle"
"e16_s1_ATGCGATTCATGTCAG-1",1973,"Fibroblast"
"e16_s1_ATGCGATTCCACAAGT-1",3067,"ENS"
"e16_s1_ATGCGATTCCACTGGG-1",1003,"Foregut Basal"
"e16_s1_ATGGAGGCACGGTCTG-1",920,"ENS"
"e16_s1_ATGGAGGCAGACTCTA-1",2294,"ENS"
"e16_s1_ATGGAGGTCAGTGTTG-1",1003,"Foregut Basal"
"e16_s1_ATGGAGGTCTCCGTGT-1",794,"Fibroblast"
"e16_s1_ATGGAGGTCTCTTCAA-1",2953,"ENS"
"e16_s1_ATGGAGGTCTGAGCAT-1",2483,"Fibroblast"
"e16_s1_ATGGATCAGAAGGTAG-1",736,"Immune"
"e16_s1_ATGGATCCACACTGGC-1",1860,"Fibroblast"
"e16_s1_ATGGATCGTGGACTGA-1",2290,"ENS"
"e16_s1_ATGGATCTCGCGTTTC-1",3060,"ENS"
"e16_s1_ATGGGAGCAGCTCATA-1",3251,"Fibroblast"
"e16_s1_ATGGGAGGTACATTGC-1",1704,"Immune"
"e16_s1_ATGGGAGTCATCGCCT-1",886,"ENS"
"e16_s1_ATGGGTTAGAGGTTTA-1",3193,"Simple Epithelial"
"e16_s1_ATGGGTTAGTGTTGTC-1",786,"Smooth muscle"
"e16_s1_ATGGGTTAGTTGGGAC-1",1185,"ENS"
"e16_s1_ATGGGTTCAAGTGGCA-1",1061,"Fibroblast"
"e16_s1_ATGGGTTCACAGCCAC-1",2097,"ENS"
"e16_s1_ATGGGTTCACGGCGTT-1",3089,"ENS"
"e16_s1_ATGGGTTCACTATCGA-1",916,"Fibroblast"
"e16_s1_ATGGGTTCAGACAAAT-1",1784,"ENS"
"e16_s1_ATGGGTTCATCCGAAT-1",3340,"Myofibroblast"
"e16_s1_ATGGGTTCATCCTCAC-1",3127,"Smooth muscle"
"e16_s1_ATGGGTTGTTTCCCAC-1",1667,"Myofibroblast"
"e16_s1_ATGGGTTTCAAGAGTA-1",2380,"Fibroblast"
"e16_s1_ATGGGTTTCCCTGGTT-1",2937,"Immune"
"e16_s1_ATGGGTTTCTTAAGGC-1",1158,"Myofibroblast"
"e16_s1_ATGGTTGAGACATCCT-1",2517,"ENS"
"e16_s1_ATGGTTGAGGCACTCC-1",1003,"Foregut Basal"
"e16_s1_ATGGTTGAGTCGCCCA-1",1312,"Fibroblast"
"e16_s1_ATGGTTGCAAGACCTT-1",886,"ENS"
"e16_s1_ATGGTTGCAGCTCGGT-1",3045,"Fibroblast"
"e16_s1_ATGGTTGGTGGCCACT-1",2928,"Fibroblast"
"e16_s1_ATGGTTGTCTGCGATA-1",1327,"Foregut Basal"
"e16_s1_ATGTCCCAGACTCGAG-1",1860,"Fibroblast"
"e16_s1_ATGTCCCAGAGCTGAC-1",3251,"ICC"
"e16_s1_ATGTCCCAGTCCGCGT-1",2929,"Fibroblast"
"e16_s1_ATGTCCCCACCTGATA-1",1999,"Fibroblast"
"e16_s1_ATGTCCCGTAGTTCCA-1",1973,"Fibroblast"
"e16_s1_ATGTCCCGTGAACGGT-1",2539,"Fibroblast"
"e16_s1_ATGTCCCGTGTTCCAA-1",2217,"Fibroblast"
"e16_s1_ATGTCCCTCCGAGAAG-1",2843,"Smooth muscle"
"e16_s1_ATGTCTTAGAGTACCG-1",2517,"ENS"
"e16_s1_ATGTCTTAGCCTCCAG-1",1979,"Fibroblast"
"e16_s1_ATGTCTTAGGGTGAGG-1",1327,"Foregut Basal"
"e16_s1_ATGTCTTAGTCTGTAC-1",3232,"ENS"
"e16_s1_ATGTCTTCAGGTCCCA-1",719,"Smooth muscle"
"e16_s1_ATGTCTTGTCATAACC-1",1973,"Fibroblast"
"e16_s1_ATGTCTTTCAGGAAGC-1",663,"ENS"
"e16_s1_ATGTCTTTCGCCAATA-1",2036,"Foregut Basal"
"e16_s1_ATGTCTTTCTCCAATT-1",1353,"Foregut Basal"
"e16_s1_ATTACCTAGAGCCATG-1",2893,"Fibroblast"
"e16_s1_ATTACCTAGCAGTACG-1",2916,"Smooth muscle"
"e16_s1_ATTACCTAGTATGTAG-1",2690,"Fibroblast"
"e16_s1_ATTACCTCAGAACATA-1",509,"ENS"
"e16_s1_ATTACCTTCATGGCCG-1",1075,"ENS"
"e16_s1_ATTACCTTCCTTCGAC-1",102,"ENS"
"e16_s1_ATTACCTTCGTTCTCG-1",1973,"Fibroblast"
"e16_s1_ATTACTCAGAATAGTC-1",3083,"Fibroblast"
"e16_s1_ATTACTCAGAGAGGGC-1",1774,"ENS"
"e16_s1_ATTACTCAGAGCTTTC-1",2362,"Simple Epithelial"
"e16_s1_ATTACTCAGGGAGGTG-1",749,"ENS"
"e16_s1_ATTACTCAGTGAGTGC-1",1952,"Fibroblast"
"e16_s1_ATTACTCCATTCCTCG-1",133,"Fibroblast"
"e16_s1_ATTACTCGTAGGGAGG-1",2843,"Fibroblast"
"e16_s1_ATTACTCGTAGGTTTC-1",920,"ENS"
"e16_s1_ATTACTCGTATCAAGA-1",786,"Smooth muscle"
"e16_s1_ATTACTCGTCAAACGG-1",1138,"Fibroblast"
"e16_s1_ATTACTCGTCAGGTAG-1",1322,"Smooth muscle"
"e16_s1_ATTACTCGTGCACGCT-1",2754,"Endothelial"
"e16_s1_ATTACTCTCGGATTAC-1",786,"ICC"
"e16_s1_ATTATCCAGCATCAGG-1",2483,"Fibroblast"
"e16_s1_ATTATCCAGCCGAATG-1",794,"Myofibroblast"
"e16_s1_ATTATCCAGCTTTGTG-1",501,"Fibroblast"
"e16_s1_ATTATCCCAGTAGATA-1",3312,"Fibroblast"
"e16_s1_ATTATCCGTATTGGCT-1",1999,"Smooth muscle"
"e16_s1_ATTATCCGTCTCTCCA-1",3251,"Fibroblast"
"e16_s1_ATTATCCTCAGCAGAG-1",2307,"Fibroblast"
"e16_s1_ATTATCCTCCATGCAA-1",656,"Fibroblast"
"e16_s1_ATTCACTAGACCATTC-1",1999,"Fibroblast"
"e16_s1_ATTCACTAGCTAGAGC-1",797,"Myofibroblast"
"e16_s1_ATTCACTAGTGGTTCT-1",2764,"Foregut Basal"
"e16_s1_ATTCACTCACCACATA-1",2779,"Smooth muscle"
"e16_s1_ATTCACTCACGACGTC-1",1312,"Fibroblast"
"e16_s1_ATTCACTCACTCCTTG-1",122,"Fibroblast"
"e16_s1_ATTCACTCAGTTCCAA-1",2661,"Fibroblast"
"e16_s1_ATTCACTCAGTTCTAG-1",2307,"Fibroblast"
"e16_s1_ATTCACTCATCCGGTG-1",2307,"Pericyte"
"e16_s1_ATTCACTGTCCAGTTA-1",3060,"ENS"
"e16_s1_ATTCACTTCGAATGCT-1",1353,"Foregut Basal"
"e16_s1_ATTCACTTCGTTCTAT-1",3059,"ENS"
"e16_s1_ATTCAGGAGATCGGTG-1",1980,"Fibroblast"
"e16_s1_ATTCAGGCAACACGAG-1",2040,"Fibroblast"
"e16_s1_ATTCAGGCACCCTTAC-1",218,"Fibroblast"
"e16_s1_ATTCAGGCATCGGTTA-1",2748,"Smooth muscle"
"e16_s1_ATTCAGGGTCACTGAT-1",1914,"ICC"
"e16_s1_ATTCAGGGTGCGAGTA-1",2193,"Fibroblast"
"e16_s1_ATTCAGGGTTGCATTG-1",2209,"Immune"
"e16_s1_ATTCATCAGATGATTG-1",1860,"Fibroblast"
"e16_s1_ATTCATCCAGTAACAA-1",3228,"Fibroblast"
"e16_s1_ATTCATCGTACGACAG-1",1914,"Fibroblast"
"e16_s1_ATTCATCGTACGTGAG-1",1861,"Fibroblast"
"e16_s1_ATTCATCTCCAAGCTA-1",1704,"Immune"
"e16_s1_ATTCATCTCGCTGTTC-1",2307,"Fibroblast"
"e16_s1_ATTCCATAGAGGTCAC-1",656,"ICC"
"e16_s1_ATTCCATAGCATGGGT-1",2953,"ENS"
"e16_s1_ATTCCATAGGAAAGTG-1",2363,"Foregut Basal"
"e16_s1_ATTCCATCACCTCTAC-1",770,"ENS"
"e16_s1_ATTCCATTCAGCATTG-1",3385,"Fibroblast"
"e16_s1_ATTCCATTCGATTTCT-1",1504,"Fibroblast"
"e16_s1_ATTCCATTCGGAACTT-1",920,"ENS"
"e16_s1_ATTCCATTCTCTATAC-1",3369,"Myofibroblast"
"e16_s1_ATTCCCGAGCGGTAGT-1",1973,"Smooth muscle"
"e16_s1_ATTCCCGAGCTGACTT-1",959,"ENS"
"e16_s1_ATTCCCGAGGACTGGT-1",1327,"Foregut Basal"
"e16_s1_ATTCCCGAGGTCGCCT-1",2659,"Fibroblast"
"e16_s1_ATTCCCGCATCCCACT-1",2269,"ENS"
"e16_s1_ATTCCCGCATGTGGCC-1",1577,"Myofibroblast"
"e16_s1_ATTCCCGGTCTCGGGT-1",1861,"Fibroblast"
"e16_s1_ATTCCCGGTTAGGCTT-1",1999,"Fibroblast"
"e16_s1_ATTCCCGTCTACCTTA-1",2891,"Fibroblast"
"e16_s1_ATTCCTAAGAGCGACT-1",579,"ENS"
"e16_s1_ATTCCTAAGGAGGTTC-1",2955,"ENS"
"e16_s1_ATTCCTAGTATGAGAT-1",719,"Fibroblast"
"e16_s1_ATTCCTAGTCAAGCGA-1",3340,"Smooth muscle"
"e16_s1_ATTCCTAGTCTTACTT-1",2269,"ENS"
"e16_s1_ATTCCTAGTTTACCAG-1",1003,"Foregut Basal"
"e16_s1_ATTCCTATCGCACGAC-1",2721,"Endothelial"
"e16_s1_ATTCGTTAGAATAGTC-1",2089,"ENS"
"e16_s1_ATTCGTTAGTCCCAGC-1",1973,"Fibroblast"
"e16_s1_ATTCGTTAGTCTGGTT-1",2396,"Myofibroblast"
"e16_s1_ATTCGTTCAGAACATA-1",901,"ENS"
"e16_s1_ATTCGTTTCCCGTGAG-1",1003,"Foregut Basal"
"e16_s1_ATTCGTTTCTCGCTCA-1",1144,"Fibroblast"
"e16_s1_ATTCTACAGCCACAAG-1",841,"Foregut Basal"
"e16_s1_ATTCTACAGTAACCTC-1",3346,"Endothelial"
"e16_s1_ATTCTACAGTGGTCAG-1",640,"Mesothelial"
"e16_s1_ATTCTACCAACTCATG-1",1053,"ENS"
"e16_s1_ATTCTACCATGACTCA-1",2036,"Foregut Basal"
"e16_s1_ATTCTTGAGCCTCACG-1",1003,"Foregut Basal"
"e16_s1_ATTCTTGAGGAAAGGT-1",2517,"ENS"
"e16_s1_ATTCTTGAGGAGCTGT-1",2581,"ENS"
"e16_s1_ATTCTTGAGGCTTCCG-1",1144,"Smooth muscle"
"e16_s1_ATTCTTGAGTACCATC-1",2089,"ENS"
"e16_s1_ATTCTTGAGTCAGGGT-1",2380,"Fibroblast"
"e16_s1_ATTCTTGAGTCTGGTT-1",1555,"Endothelial"
"e16_s1_ATTCTTGCAGTGGGTA-1",938,"Fibroblast"
"e16_s1_ATTCTTGGTCTTACTT-1",4,"ENS"
"e16_s1_ATTGGGTAGCAGGCTA-1",2609,"Myofibroblast"
"e16_s1_ATTGGGTAGCCTCTCT-1",2955,"ENS"
"e16_s1_ATTGGGTAGGTCATAA-1",1973,"Fibroblast"
"e16_s1_ATTGGGTCAAGGGCAT-1",1861,"Myofibroblast"
"e16_s1_ATTGGGTGTAAGATCA-1",916,"Fibroblast"
"e16_s1_ATTGGGTTCCTAGCTC-1",1230,"ENS"
"e16_s1_ATTGTTCAGCGATTCT-1",2469,"ENS"
"e16_s1_ATTGTTCAGCTGTCCG-1",1003,"Foregut Basal"
"e16_s1_ATTGTTCAGGGACAGG-1",1146,"Fibroblast"
"e16_s1_ATTGTTCAGGGAGGGT-1",2606,"Myofibroblast"
"e16_s1_ATTGTTCCACGGGCTT-1",2225,"Fibroblast"
"e16_s1_ATTGTTCCAGCATTGT-1",2955,"ENS"
"e16_s1_ATTGTTCCATTCTCCG-1",2347,"Smooth muscle"
"e16_s1_ATTGTTCGTTATGGTC-1",2126,"ENS"
"e16_s1_ATTGTTCTCGTCGACG-1",1999,"Fibroblast"
"e16_s1_ATTTACCAGTCTCCTC-1",1914,"ICC"
"e16_s1_ATTTACCAGTTGGGAC-1",1688,"ENS"
"e16_s1_ATTTACCCATAGATCC-1",2787,"Fibroblast"
"e16_s1_ATTTACCCATAGGTTC-1",1973,"Myofibroblast"
"e16_s1_ATTTACCGTAGGACCA-1",2443,"Smooth muscle"
"e16_s1_ATTTACCGTTGCTGAT-1",2953,"ENS"
"e16_s1_ATTTACCTCCAATCCC-1",3385,"Fibroblast"
"e16_s1_ATTTACCTCCGCAACG-1",1973,"Fibroblast"
"e16_s1_ATTTACCTCGCGTCGA-1",2645,"ENS"
"e16_s1_ATTTCACAGCCATGCC-1",1127,"ENS"
"e16_s1_ATTTCACAGGAAGAAC-1",1179,"Fibroblast"
"e16_s1_ATTTCACAGGCGCTCT-1",1973,"Fibroblast"
"e16_s1_ATTTCACCAAGGGTCA-1",2777,"Myofibroblast"
"e16_s1_ATTTCACCACCTGCAG-1",2764,"Foregut Basal"
"e16_s1_ATTTCACCACTCACTC-1",920,"ENS"
"e16_s1_ATTTCACCAGTCACGC-1",2294,"ENS"
"e16_s1_ATTTCACGTGGCTGCT-1",1973,"Fibroblast"
"e16_s1_ATTTCACTCATTCACT-1",916,"Fibroblast"
"e16_s1_ATTTCACTCCTGGGTG-1",1667,"Myofibroblast"
"e16_s1_ATTTCACTCGAATGCT-1",2659,"Smooth muscle"
"e16_s1_ATTTCTGAGAATTGCA-1",815,"Pericyte"
"e16_s1_ATTTCTGAGGACTAAT-1",1353,"Foregut Basal"
"e16_s1_ATTTCTGAGGGCCAAT-1",2780,"Fibroblast"
"e16_s1_ATTTCTGAGTTTGGCT-1",2597,"ENS"
"e16_s1_ATTTCTGCATAGGTTC-1",1997,"Smooth muscle"
"e16_s1_ATTTCTGGTGCAATAA-1",2843,"Pericyte"
"e16_s1_ATTTCTGGTGGCTCTG-1",1576,"Myofibroblast"
"e16_s1_ATTTCTGGTTCTTCAT-1",2307,"Fibroblast"
"e16_s1_ATTTCTGTCGAACGGA-1",901,"ENS"
"e16_s1_ATTTCTGTCGCTACAA-1",786,"Smooth muscle"
"e16_s1_ATTTCTGTCGTCGCTT-1",2307,"Fibroblast"
"e16_s1_CAAAGAAAGAAGCCAC-1",2396,"Fibroblast"
"e16_s1_CAAAGAACAACCGCCA-1",2994,"ENS"
"e16_s1_CAAAGAACAAGCACCC-1",1285,"ENS"
"e16_s1_CAAAGAACAGCTGTTA-1",846,"Fibroblast"
"e16_s1_CAAAGAACATACAGGG-1",1973,"Fibroblast"
"e16_s1_CAAAGAAGTCGTAATC-1",1113,"Endothelial"
"e16_s1_CAAAGAAGTGGTCTGC-1",548,"ENS"
"e16_s1_CAAAGAATCAAAGGTA-1",2613,"ENS"
"e16_s1_CAAAGAATCCCGTTGT-1",1138,"Fibroblast"
"e16_s1_CAAAGAATCGATACAC-1",2690,"Fibroblast"
"e16_s1_CAAAGAATCTCAGTCC-1",1003,"Foregut Basal"
"e16_s1_CAACAACAGAGTCAGC-1",2303,"Fibroblast"
"e16_s1_CAACAACAGCTCCATA-1",2294,"ENS"
"e16_s1_CAACAACCACCGCTGA-1",194,"Fibroblast"
"e16_s1_CAACAACGTCAGGTAG-1",2659,"Fibroblast"
"e16_s1_CAACAACGTCTGTGGC-1",886,"ENS"
"e16_s1_CAACAACTCGAGGCAA-1",519,"Fibroblast"
"e16_s1_CAACAACTCGTTCGCT-1",2316,"Fibroblast"
"e16_s1_CAACAGTAGTAATCCC-1",3251,"Smooth muscle"
"e16_s1_CAACAGTCAACTCCAA-1",2928,"Fibroblast"
"e16_s1_CAACAGTCAATCCAGT-1",507,"ENS"
"e16_s1_CAACAGTCACGCTGCA-1",2065,"Fibroblast"
"e16_s1_CAACAGTCAGGGAGAG-1",2690,"Smooth muscle"
"e16_s1_CAACAGTGTCGAACGA-1",998,"Fibroblast"
"e16_s1_CAACAGTGTCTTGAAC-1",886,"ENS"
"e16_s1_CAACAGTGTGCAATAA-1",1312,"Fibroblast"
"e16_s1_CAACAGTGTGGTAACG-1",2002,"Fibroblast"
"e16_s1_CAACAGTTCATGGTAC-1",2126,"ENS"
"e16_s1_CAACAGTTCGGCTATA-1",875,"Fibroblast"
"e16_s1_CAACAGTTCGTGGCGT-1",1555,"Endothelial"
"e16_s1_CAACCAAAGAGTCTGG-1",1198,"Myofibroblast"
"e16_s1_CAACCAAAGCCTGTCG-1",2955,"ENS"
"e16_s1_CAACCAAAGGAAGTCC-1",2119,"ICC"
"e16_s1_CAACCAACAGAAGTTA-1",2928,"Fibroblast"
"e16_s1_CAACCAAGTCACTCGG-1",1570,"ENS"
"e16_s1_CAACCAAGTCCTTTGC-1",298,"Fibroblast"
"e16_s1_CAACCAAGTGAGAGGG-1",1973,"Smooth muscle"
"e16_s1_CAACCAAGTGGATCAG-1",2040,"Fibroblast"
"e16_s1_CAACCAATCATCGCCT-1",1973,"Fibroblast"
"e16_s1_CAACCTCCACGCCACA-1",3354,"ENS"
"e16_s1_CAACCTCCATCAGCGC-1",2690,"Fibroblast"
"e16_s1_CAACCTCGTAGTCACT-1",2469,"ENS"
"e16_s1_CAACCTCGTCAGGCAA-1",3207,"Fibroblast"
"e16_s1_CAACCTCGTCTCACGG-1",2928,"Smooth muscle"
"e16_s1_CAACCTCGTGGCAGAT-1",829,"Smooth muscle"
"e16_s1_CAACCTCTCATGGGAG-1",2696,"ENS"
"e16_s1_CAACCTCTCTGGAAGG-1",3156,"Immune"
"e16_s1_CAACGATAGGAAGTAG-1",1619,"Endothelial"
"e16_s1_CAACGATAGGTTACCT-1",1850,"Foregut Basal"
"e16_s1_CAACGATAGTCTGGAG-1",2911,"Fibroblast"
"e16_s1_CAACGATCAAGAATAC-1",1312,"Fibroblast"
"e16_s1_CAACGATGTAACATGA-1",423,"ENS"
"e16_s1_CAACGATTCGCCAATA-1",598,"Fibroblast"
"e16_s1_CAACGATTCGTCAAAC-1",1242,"Endothelial"
"e16_s1_CAACGGCAGAACAAGG-1",901,"ENS"
"e16_s1_CAACGGCAGGAATGTT-1",2606,"Fibroblast"
"e16_s1_CAACGGCAGGCTGAAC-1",2347,"Fibroblast"
"e16_s1_CAACGGCCAGCAGTCC-1",3207,"Fibroblast"
"e16_s1_CAACGGCCATTGACCA-1",1079,"ICC"
"e16_s1_CAACGGCGTCCCTAAA-1",2994,"ENS"
"e16_s1_CAAGACTAGCACCAGA-1",2088,"ENS"
"e16_s1_CAAGACTAGCATGCGA-1",3385,"Myofibroblast"
"e16_s1_CAAGACTCACCAGTAT-1",2896,"Fibroblast"
"e16_s1_CAAGACTGTCTTGCTC-1",841,"Foregut Basal"
"e16_s1_CAAGACTGTGAAGCTG-1",886,"ENS"
"e16_s1_CAAGACTTCCCATTCG-1",1504,"Fibroblast"
"e16_s1_CAAGACTTCTGCGGAC-1",2316,"Fibroblast"
"e16_s1_CAAGAGGAGCACAAAT-1",3085,"Smooth muscle"
"e16_s1_CAAGAGGCACATCCCT-1",598,"Fibroblast"
"e16_s1_CAAGCTAAGATCGCTT-1",640,"Fibroblast"
"e16_s1_CAAGCTAAGGAAGTAG-1",2304,"Fibroblast"
"e16_s1_CAAGCTAAGGAGTCTG-1",1973,"Fibroblast"
"e16_s1_CAAGCTAAGGGCAATC-1",1860,"Fibroblast"
"e16_s1_CAAGCTAAGTCGAAAT-1",3309,"Fibroblast"
"e16_s1_CAAGCTACAACTACGT-1",1312,"ICC"
"e16_s1_CAAGCTAGTCACCGCA-1",997,"ENS"
"e16_s1_CAAGCTATCAAGAATG-1",1999,"Fibroblast"
"e16_s1_CAAGCTATCCGTGGGT-1",1091,"Fibroblast"
"e16_s1_CAAGCTATCGGAACTT-1",916,"ICC"
"e16_s1_CAAGCTATCTATCGCC-1",1973,"Fibroblast"
"e16_s1_CAAGGGAAGACTACCT-1",829,"Smooth muscle"
"e16_s1_CAAGGGAAGCTCTGTA-1",167,"ENS"
"e16_s1_CAAGGGAAGGGTAGCT-1",916,"Fibroblast"
"e16_s1_CAAGGGATCAGGTGTT-1",487,"Smooth muscle"
"e16_s1_CAAGGGATCAGTGCGC-1",1188,"ENS"
"e16_s1_CAAGGGATCGGATTAC-1",640,"Fibroblast"
"e16_s1_CAAGGGATCGGCATAT-1",719,"Myofibroblast"
"e16_s1_CAAGGGATCTGGGCAC-1",445,"Fibroblast"
"e16_s1_CAATACGAGCGTACAG-1",3255,"Myofibroblast"
"e16_s1_CAATACGAGTTGCCCG-1",1576,"Pericyte"
"e16_s1_CAATACGGTTCTCAGA-1",1774,"ENS"
"e16_s1_CAATCGACATAAGATG-1",1061,"ICC"
"e16_s1_CAATCGAGTACCAGAG-1",2469,"ENS"
"e16_s1_CAATCGAGTTACGCCG-1",2110,"Fibroblast"
"e16_s1_CAATCGATCAGGACGA-1",1213,"Endothelial"
"e16_s1_CAATCGATCTACACAG-1",2203,"Endothelial"
"e16_s1_CAATGACAGCACACAG-1",3328,"Fibroblast"
"e16_s1_CAATGACCAAATGGCG-1",2118,"ICC"
"e16_s1_CAATGACCATAGAATG-1",3227,"Fibroblast"
"e16_s1_CAATGACGTAACATAG-1",3083,"Smooth muscle"
"e16_s1_CAATGACGTCCACATA-1",2497,"Myofibroblast"
"e16_s1_CAATGACTCAAGTCGT-1",1144,"ICC"
"e16_s1_CAATGACTCACCCTGT-1",2269,"ENS"
"e16_s1_CAATGACTCGTTCCTG-1",2897,"Fibroblast"
"e16_s1_CAATGACTCTCCTGAC-1",656,"Myofibroblast"
"e16_s1_CAATTTCAGGACTTCT-1",2225,"Fibroblast"
"e16_s1_CAATTTCCACATGGTT-1",2893,"Fibroblast"
"e16_s1_CAATTTCGTTAGAGTA-1",1411,"Fibroblast"
"e16_s1_CACAACAAGAGCTGCA-1",1973,"Fibroblast"
"e16_s1_CACAACAAGCGCGTTC-1",2928,"Fibroblast"
"e16_s1_CACAACAAGGATTTGA-1",1965,"ENS"
"e16_s1_CACAACAAGTCAATCC-1",1999,"Fibroblast"
"e16_s1_CACAACACAAGCACAG-1",2517,"ENS"
"e16_s1_CACAACACAGAGTTCT-1",2696,"ENS"
"e16_s1_CACAACACATGTGCCG-1",920,"ENS"
"e16_s1_CACAACAGTAGGACTG-1",1688,"ENS"
"e16_s1_CACAACAGTCCGGACT-1",2110,"Fibroblast"
"e16_s1_CACAACATCAGAGCGA-1",2764,"Foregut Basal"
"e16_s1_CACAACATCATGCCGG-1",2709,"ENS"
"e16_s1_CACACAAAGAGTCGAC-1",1627,"Fibroblast"
"e16_s1_CACACAAAGATCGCCC-1",440,"Endothelial"
"e16_s1_CACACAAAGATGAAGG-1",2662,"Myofibroblast"
"e16_s1_CACACAAAGCGCCGTT-1",1973,"Fibroblast"
"e16_s1_CACACAACAAGGTTGG-1",2362,"Endothelial"
"e16_s1_CACACAACATTACGGT-1",2517,"ENS"
"e16_s1_CACACAAGTGCCTGCA-1",984,"Myofibroblast"
"e16_s1_CACAGATAGACGCAGT-1",2696,"ENS"
"e16_s1_CACAGATAGGGTGAAA-1",1079,"Fibroblast"
"e16_s1_CACAGATAGTCACAGG-1",880,"Simple Epithelial"
"e16_s1_CACAGATAGTCCGCGT-1",3339,"ENS"
"e16_s1_CACAGATAGTGGAATT-1",3207,"Smooth muscle"
"e16_s1_CACAGATCAGCGAGTA-1",2709,"ENS"
"e16_s1_CACAGATGTAGGTACG-1",2380,"Fibroblast"
"e16_s1_CACAGATGTCACTTCC-1",1619,"Endothelial"
"e16_s1_CACAGATGTCGCACAC-1",1576,"Fibroblast"
"e16_s1_CACAGATTCGTAACTG-1",2709,"ENS"
"e16_s1_CACAGGCCAGAAGTGC-1",2231,"ENS"
"e16_s1_CACATGAAGCGCTGAA-1",1556,"Endothelial"
"e16_s1_CACATGACACCGTGGT-1",1627,"Fibroblast"
"e16_s1_CACATGACACGTATAC-1",786,"Fibroblast"
"e16_s1_CACATGACAGTAACGG-1",1571,"Myofibroblast"
"e16_s1_CACATGACATCGTTCC-1",920,"ENS"
"e16_s1_CACATGAGTGGGCTTC-1",2111,"Fibroblast"
"e16_s1_CACATGATCACTGAAC-1",1860,"Fibroblast"
"e16_s1_CACATGATCCACGTAA-1",1999,"Smooth muscle"
"e16_s1_CACCAAAAGGACTAAT-1",2261,"ENS"
"e16_s1_CACCAAAAGTATCCTG-1",2089,"ENS"
"e16_s1_CACCAAACAATACGCT-1",2978,"Smooth muscle"
"e16_s1_CACCAAACACAGAGCA-1",1999,"Fibroblast"
"e16_s1_CACCAAACAGAAGTTA-1",1079,"Fibroblast"
"e16_s1_CACCAAAGTCCAGGTC-1",514,"Fibroblast"
"e16_s1_CACCAAAGTTCTTCAT-1",626,"ENS"
"e16_s1_CACCAAATCATTTCGT-1",3051,"Fibroblast"
"e16_s1_CACCAAATCCGGCAGT-1",566,"ENS"
"e16_s1_CACCAAATCTCCTGAC-1",3271,"Fibroblast"
"e16_s1_CACCGTTAGCTGACCC-1",1003,"Foregut Basal"
"e16_s1_CACCGTTCAAGTCCAT-1",1627,"Fibroblast"
"e16_s1_CACCGTTGTAACTTCG-1",794,"Fibroblast"
"e16_s1_CACCGTTGTAATTAGG-1",3178,"Immune"
"e16_s1_CACCGTTTCACGATAC-1",3369,"Myofibroblast"
"e16_s1_CACCGTTTCATCTATC-1",111,"Fibroblast"
"e16_s1_CACCGTTTCTGCCCTA-1",2659,"Myofibroblast"
"e16_s1_CACGAATAGATGTTGA-1",2269,"ENS"
"e16_s1_CACGAATCACGAGGAT-1",2036,"Foregut Basal"
"e16_s1_CACGAATCAGGATTCT-1",2064,"Fibroblast"
"e16_s1_CACGAATGTGCGCTCA-1",1555,"Endothelial"
"e16_s1_CACGAATTCACCGGTG-1",2911,"Fibroblast"
"e16_s1_CACGAATTCCTTGGAA-1",2891,"Fibroblast"
"e16_s1_CACGAATTCGACCTAA-1",1162,"Myofibroblast"
"e16_s1_CACGGGTAGAAACTGT-1",2843,"Fibroblast"
"e16_s1_CACGGGTGTAGACAGC-1",188,"Myofibroblast"
"e16_s1_CACGGGTGTGCTCTTC-1",1549,"Smooth muscle"
"e16_s1_CACGGGTTCCTCGATC-1",656,"Fibroblast"
"e16_s1_CACGTGGAGCCGCTTG-1",2294,"ENS"
"e16_s1_CACGTGGCATTGCAAC-1",1973,"ENS"
"e16_s1_CACGTGGCATTGCCTC-1",838,"Mesothelial"
"e16_s1_CACGTGGTCGGAATTC-1",3327,"Fibroblast"
"e16_s1_CACGTGGTCGTGGCTG-1",2928,"Smooth muscle"
"e16_s1_CACGTTCGTTTCGATG-1",3385,"Fibroblast"
"e16_s1_CACGTTCTCCGCACTT-1",2040,"Fibroblast"
"e16_s1_CACTAAGAGAGCAAGA-1",1144,"Fibroblast"
"e16_s1_CACTAAGAGCCACCGT-1",2605,"Smooth muscle"
"e16_s1_CACTAAGCAGGGTTGA-1",2380,"Myofibroblast"
"e16_s1_CACTAAGGTACAGTAA-1",1327,"Foregut Basal"
"e16_s1_CACTAAGGTCACCGAC-1",3346,"Endothelial"
"e16_s1_CACTAAGGTGAGAGGG-1",2363,"Foregut Basal"
"e16_s1_CACTAAGTCAAATGCC-1",2497,"Myofibroblast"
"e16_s1_CACTAAGTCAATCAGC-1",749,"ENS"
"e16_s1_CACTAAGTCTACAGGT-1",846,"Fibroblast"
"e16_s1_CACTGAAAGTTCCGTA-1",2764,"Foregut Basal"
"e16_s1_CACTGAAGTACTAAGA-1",2690,"ICC"
"e16_s1_CACTGAAGTCAGTCTA-1",1053,"ENS"
"e16_s1_CACTGAAGTCCCGCAA-1",2659,"Fibroblast"
"e16_s1_CACTGAAGTTGTGGAG-1",1079,"Fibroblast"
"e16_s1_CACTGAATCCAGTACA-1",2396,"Fibroblast"
"e16_s1_CACTGAATCCGCTGTT-1",2269,"ENS"
"e16_s1_CACTGGGCAATCGTCA-1",2690,"Fibroblast"
"e16_s1_CACTGGGCACATTGTG-1",3216,"Myofibroblast"
"e16_s1_CACTGGGCAGAACATA-1",1673,"ENS"
"e16_s1_CACTGGGCATGGCCCA-1",749,"ENS"
"e16_s1_CACTGGGGTGCCTACG-1",2147,"ENS"
"e16_s1_CACTGGGTCAACCGAT-1",1973,"Fibroblast"
"e16_s1_CACTGGGTCACGGGAA-1",938,"Fibroblast"
"e16_s1_CACTGGGTCGGCTATA-1",1627,"Fibroblast"
"e16_s1_CACTGGGTCTCCAATT-1",2659,"Fibroblast"
"e16_s1_CACTGTCAGTCATGAA-1",1091,"Fibroblast"
"e16_s1_CACTGTCCAAGCCCAC-1",1213,"Endothelial"
"e16_s1_CACTGTCGTAATTAGG-1",2463,"Fibroblast"
"e16_s1_CACTGTCGTCACATTG-1",2040,"Smooth muscle"
"e16_s1_CACTGTCGTGACTCTA-1",676,"Fibroblast"
"e16_s1_CACTGTCTCCAAGGGA-1",1973,"Fibroblast"
"e16_s1_CACTGTCTCTGGGAGA-1",2709,"ENS"
"e16_s1_CACTTCGAGGAAGAAC-1",2307,"Fibroblast"
"e16_s1_CACTTCGAGTATTCCG-1",3207,"Fibroblast"
"e16_s1_CACTTCGCAGCGAACA-1",2307,"Fibroblast"
"e16_s1_CACTTCGGTGTTACAC-1",1832,"ENS"
"e16_s1_CACTTCGGTTCTTGTT-1",3051,"Smooth muscle"
"e16_s1_CACTTCGTCTCCAAGA-1",2955,"ENS"
"e16_s1_CACTTCGTCTGGGAGA-1",2289,"ENS"
"e16_s1_CACTTCGTCTTGTGCC-1",1851,"ENS"
"e16_s1_CAGAGCCAGCGTGCCT-1",1866,"Fibroblast"
"e16_s1_CAGAGCCAGGAAAGTG-1",2497,"Fibroblast"
"e16_s1_CAGAGCCAGTAAACAC-1",1973,"Fibroblast"
"e16_s1_CAGAGCCCAAACACGG-1",1576,"Fibroblast"
"e16_s1_CAGAGCCCACTCAGAT-1",886,"ENS"
"e16_s1_CAGAGCCCAGATTCGT-1",676,"Fibroblast"
"e16_s1_CAGAGCCCATGGGTCC-1",3089,"ENS"
"e16_s1_CAGAGCCCATGTACGT-1",2928,"Fibroblast"
"e16_s1_CAGATACCAAGCACAG-1",656,"Fibroblast"
"e16_s1_CAGATACCAGTCAGTT-1",3354,"ENS"
"e16_s1_CAGATACGTACCAATC-1",2764,"Foregut Basal"
"e16_s1_CAGATACGTACGAGCA-1",2307,"Fibroblast"
"e16_s1_CAGATACTCAACACGT-1",2994,"ENS"
"e16_s1_CAGATACTCATTTGGG-1",1122,"ENS"
"e16_s1_CAGATACTCGGCAGTC-1",2347,"ICC"
"e16_s1_CAGATACTCGGTGCAC-1",1850,"Foregut Basal"
"e16_s1_CAGATACTCGTTGCCT-1",1555,"Endothelial"
"e16_s1_CAGATACTCTGCATGA-1",916,"Fibroblast"
"e16_s1_CAGATCAGTAGCTTGT-1",3251,"Fibroblast"
"e16_s1_CAGATCAGTCACCTTC-1",1642,"ENS"
"e16_s1_CAGATCAGTCACTCGG-1",2898,"Fibroblast"
"e16_s1_CAGATTGAGAATCCCT-1",1356,"Foregut Basal"
"e16_s1_CAGATTGAGCTGAAAT-1",656,"Fibroblast"
"e16_s1_CAGATTGAGTATGATG-1",1706,"ENS"
"e16_s1_CAGATTGCAATGAAAC-1",2203,"Endothelial"
"e16_s1_CAGATTGCATGTCTAG-1",3339,"ENS"
"e16_s1_CAGATTGCATTGCTGA-1",1427,"Fibroblast"
"e16_s1_CAGATTGGTCCAAATC-1",1820,"ENS"
"e16_s1_CAGATTGTCACGACTA-1",2217,"Myofibroblast"
"e16_s1_CAGATTGTCATGCCAA-1",1999,"Fibroblast"
"e16_s1_CAGATTGTCTATCGTT-1",646,"Smooth muscle"
"e16_s1_CAGCAATCACATTCTT-1",1003,"Foregut Basal"
"e16_s1_CAGCAATCACGAGGAT-1",1158,"Pericyte"
"e16_s1_CAGCAATCAGAGGCTA-1",1973,"Fibroblast"
"e16_s1_CAGCAATGTACCTAAC-1",719,"Myofibroblast"
"e16_s1_CAGCAATGTGGCGCTT-1",656,"Fibroblast"
"e16_s1_CAGCAATTCAGACCGC-1",815,"Fibroblast"
"e16_s1_CAGCAATTCATTTACC-1",938,"Fibroblast"
"e16_s1_CAGCAATTCCGGTTCT-1",2147,"ENS"
"e16_s1_CAGCAATTCTGCATAG-1",2294,"ENS"
"e16_s1_CAGCAATTCTGTCGCT-1",1022,"Endothelial"
"e16_s1_CAGCACGAGCCAGTAG-1",2269,"ENS"
"e16_s1_CAGCACGAGCTAGAGC-1",2978,"Fibroblast"
"e16_s1_CAGCACGAGTGTTCCA-1",1363,"Fibroblast"
"e16_s1_CAGCACGAGTTCCTGA-1",886,"ENS"
"e16_s1_CAGCACGCACGGTCTG-1",580,"ENS"
"e16_s1_CAGCACGCAGCTATAC-1",886,"ENS"
"e16_s1_CAGCACGCAGGCCCTA-1",1003,"Foregut Basal"
"e16_s1_CAGCACGGTGACATCT-1",3369,"Fibroblast"
"e16_s1_CAGCACGGTGCAAGAC-1",1236,"Fibroblast"
"e16_s1_CAGCACGGTGTATTGC-1",3251,"Fibroblast"
"e16_s1_CAGCACGGTTGTGTAC-1",2110,"Fibroblast"
"e16_s1_CAGCACGTCACTACGA-1",2663,"Smooth muscle"
"e16_s1_CAGCACGTCAGCGCAC-1",1410,"ICC"
"e16_s1_CAGCACGTCATGCCAA-1",2310,"Fibroblast"
"e16_s1_CAGCACGTCCGTGGCA-1",1003,"Foregut Basal"
"e16_s1_CAGCACGTCCTCTTTC-1",1122,"ENS"
"e16_s1_CAGCAGCAGAATCTAG-1",886,"ENS"
"e16_s1_CAGCAGCAGATACATG-1",746,"Fibroblast"
"e16_s1_CAGCAGCAGGGACTGT-1",2721,"Endothelial"
"e16_s1_CAGCAGCGTGGAGGTT-1",1327,"Foregut Basal"
"e16_s1_CAGCCAGAGATGAACT-1",598,"Fibroblast"
"e16_s1_CAGCCAGAGATGTAGT-1",1860,"Fibroblast"
"e16_s1_CAGCCAGAGGAAGTCC-1",3083,"Fibroblast"
"e16_s1_CAGCCAGCACGTGAGA-1",3354,"ENS"
"e16_s1_CAGCCAGCATGGGATG-1",3251,"Myofibroblast"
"e16_s1_CAGCCAGGTACATTGC-1",1973,"Fibroblast"
"e16_s1_CAGCCAGGTGTTCAGT-1",2225,"Fibroblast"
"e16_s1_CAGCCAGTCGCGGTAC-1",1981,"Fibroblast"
"e16_s1_CAGCCAGTCTCATTAC-1",2764,"Foregut Basal"
"e16_s1_CAGCGTGAGAATTGTG-1",1312,"Fibroblast"
"e16_s1_CAGCGTGAGCGTCGAA-1",1999,"Smooth muscle"
"e16_s1_CAGCGTGAGTCATCGT-1",740,"Fibroblast"
"e16_s1_CAGCGTGAGTCCTGCG-1",1327,"Foregut Basal"
"e16_s1_CAGCGTGCACAAATAG-1",2928,"Fibroblast"
"e16_s1_CAGCGTGCAGCTAACT-1",2147,"ENS"
"e16_s1_CAGCGTGGTTTACGTG-1",2742,"Immune"
"e16_s1_CAGCGTGTCACCATCC-1",1021,"Endothelial"
"e16_s1_CAGCGTGTCTTACGGA-1",174,"Pericyte"
"e16_s1_CAGGCCAAGGCTTCCG-1",1327,"Foregut Basal"
"e16_s1_CAGGCCACAACTCGTA-1",1654,"Simple Epithelial"
"e16_s1_CAGGCCACAGCAGTCC-1",2126,"ENS"
"e16_s1_CAGGCCACATGGTGGA-1",2709,"ENS"
"e16_s1_CAGGCCAGTGAGACCA-1",1638,"Myofibroblast"
"e16_s1_CAGGCCAGTGTATCCA-1",1861,"Fibroblast"
"e16_s1_CAGGCCAGTTTCTATC-1",2382,"Fibroblast"
"e16_s1_CAGGCCATCCTCATAT-1",2630,"Simple Epithelial"
"e16_s1_CAGGCCATCGTAGGGA-1",2709,"ENS"
"e16_s1_CAGGCCATCGTGCATA-1",491,"Fibroblast"
"e16_s1_CAGGGCTAGGACAGCT-1",3016,"ENS"
"e16_s1_CAGGGCTAGGCATCAG-1",1973,"Fibroblast"
"e16_s1_CAGGGCTCAGACGGAT-1",3251,"Fibroblast"
"e16_s1_CAGGGCTGTCTCGGAC-1",2911,"Fibroblast"
"e16_s1_CAGGGCTTCGTTCGCT-1",2126,"ENS"
"e16_s1_CAGGTATAGAATTGCA-1",1973,"Fibroblast"
"e16_s1_CAGGTATAGCAACAAT-1",2307,"Fibroblast"
"e16_s1_CAGGTATAGCGATGGT-1",2126,"ENS"
"e16_s1_CAGGTATCAATGCAGG-1",1861,"ICC"
"e16_s1_CAGGTATCACAACGTT-1",938,"Fibroblast"
"e16_s1_CAGGTATCATCCGTGG-1",2307,"Fibroblast"
"e16_s1_CAGGTATGTAATTGGA-1",829,"Smooth muscle"
"e16_s1_CAGGTATGTTGCGAAG-1",829,"Smooth muscle"
"e16_s1_CAGGTATTCTGAATGC-1",1973,"Fibroblast"
"e16_s1_CAGTGCGAGCCTTGAT-1",3041,"Smooth muscle"
"e16_s1_CAGTGCGAGGACCCAA-1",2953,"ENS"
"e16_s1_CAGTGCGCAATCCTAG-1",2517,"ENS"
"e16_s1_CAGTGCGCAGCGCTTG-1",3385,"Myofibroblast"
"e16_s1_CAGTGCGCAGTCCGTG-1",2517,"ENS"
"e16_s1_CAGTGCGCAGTCTGGC-1",1327,"Foregut Basal"
"e16_s1_CAGTGCGCATCAGTCA-1",1973,"Fibroblast"
"e16_s1_CAGTGCGGTCTTTCTA-1",1861,"Fibroblast"
"e16_s1_CAGTGCGTCGGCTATA-1",1999,"Fibroblast"
"e16_s1_CAGTTAGAGCACGGAT-1",1353,"Foregut Basal"
"e16_s1_CAGTTAGCACAAATAG-1",719,"Fibroblast"
"e16_s1_CAGTTAGCAGACAAAT-1",746,"Fibroblast"
"e16_s1_CAGTTAGCATGGGTCC-1",1003,"Foregut Basal"
"e16_s1_CAGTTAGCATTGCCTC-1",846,"Fibroblast"
"e16_s1_CAGTTAGTCACCTCAC-1",2606,"Fibroblast"
"e16_s1_CAGTTAGTCCGCACTT-1",1003,"Foregut Basal"
"e16_s1_CAGTTAGTCGTGGAAG-1",2040,"Smooth muscle"
"e16_s1_CAGTTAGTCTCTATGT-1",433,"ENS"
"e16_s1_CAGTTCCAGAGCATTA-1",314,"Myofibroblast"
"e16_s1_CAGTTCCAGCATGCAG-1",2517,"ENS"
"e16_s1_CAGTTCCAGGTCACTT-1",626,"ENS"
"e16_s1_CAGTTCCCACAAGCCC-1",1158,"Fibroblast"
"e16_s1_CAGTTCCCACTTTATC-1",1003,"Foregut Basal"
"e16_s1_CAGTTCCCAGTCGCTG-1",2659,"Fibroblast"
"e16_s1_CAGTTCCGTGTGTCCG-1",1962,"Fibroblast"
"e16_s1_CATAAGCAGCATATGA-1",1973,"Myofibroblast"
"e16_s1_CATAAGCAGCTTACGT-1",2344,"Mesothelial"
"e16_s1_CATAAGCAGGGTTAAT-1",2540,"ICC"
"e16_s1_CATAAGCAGTCCCAGC-1",2307,"Fibroblast"
"e16_s1_CATAAGCCAAGTGGGT-1",2380,"Smooth muscle"
"e16_s1_CATAAGCCACTAGGCC-1",794,"Fibroblast"
"e16_s1_CATAAGCCACTTACAG-1",1914,"ICC"
"e16_s1_CATAAGCGTATGGTAA-1",719,"Smooth muscle"
"e16_s1_CATAAGCTCTCCGATC-1",1266,"ENS"
"e16_s1_CATACAGAGAGTCCGA-1",1364,"Myofibroblast"
"e16_s1_CATACAGAGCGCCATC-1",1973,"Fibroblast"
"e16_s1_CATACAGAGGCAGCTA-1",1667,"ICC"
"e16_s1_CATACAGAGTAACCTC-1",1113,"Endothelial"
"e16_s1_CATACAGAGTAGCATA-1",2659,"Fibroblast"
"e16_s1_CATACAGCAATACGCT-1",1999,"Fibroblast"
"e16_s1_CATACAGGTACCTAGT-1",3340,"Fibroblast"
"e16_s1_CATACAGGTTAAACAG-1",2709,"ENS"
"e16_s1_CATACAGTCGTTCGCT-1",1973,"Fibroblast"
"e16_s1_CATACAGTCTTCACAT-1",2843,"Fibroblast"
"e16_s1_CATACCCAGCATGCAG-1",1999,"Fibroblast"
"e16_s1_CATACCCAGCTTCATG-1",3028,"ENS"
"e16_s1_CATACCCAGTCGCCCA-1",2307,"Fibroblast"
"e16_s1_CATACCCCAAAGAGTT-1",2517,"ENS"
"e16_s1_CATACCCGTCAAAGAT-1",1003,"Foregut Basal"
"e16_s1_CATACCCGTGGGCTCT-1",1867,"Fibroblast"
"e16_s1_CATACCCTCAAAGAAC-1",1202,"Fibroblast"
"e16_s1_CATACCCTCTATCACT-1",815,"Fibroblast"
"e16_s1_CATACCCTCTGCACCT-1",3021,"Mesothelial"
"e16_s1_CATACTTAGTCCTGTA-1",2293,"ENS"
"e16_s1_CATACTTCATGGGTCC-1",2380,"Fibroblast"
"e16_s1_CATACTTGTGCAATAA-1",2307,"Fibroblast"
"e16_s1_CATACTTGTGCCTATA-1",769,"ENS"
"e16_s1_CATACTTGTTGATCGT-1",1916,"ICC"
"e16_s1_CATACTTGTTGCTCCT-1",1821,"ENS"
"e16_s1_CATACTTTCCATGAGT-1",2307,"Fibroblast"
"e16_s1_CATACTTTCTGGGATT-1",794,"Myofibroblast"
"e16_s1_CATAGACAGAGAGAAC-1",1411,"Mesothelial"
"e16_s1_CATAGACAGATGATTG-1",2664,"ENS"
"e16_s1_CATAGACAGTCCCAAT-1",2484,"Smooth muscle"
"e16_s1_CATAGACCAAGGCTTT-1",2110,"Fibroblast"
"e16_s1_CATAGACCACAGTATC-1",2709,"ENS"
"e16_s1_CATAGACCACCTCTAC-1",3207,"Fibroblast"
"e16_s1_CATAGACCAGATCCTA-1",794,"Fibroblast"
"e16_s1_CATAGACCATCGCTGG-1",1003,"Foregut Basal"
"e16_s1_CATAGACCATTCAGGT-1",2911,"Myofibroblast"
"e16_s1_CATAGACCATTGCTGA-1",547,"ENS"
"e16_s1_CATAGACTCCCAGGCA-1",1849,"Fibroblast"
"e16_s1_CATCAAGAGAGCATAT-1",3354,"ENS"
"e16_s1_CATCAAGCAGAAGCGT-1",938,"Smooth muscle"
"e16_s1_CATCAAGGTTGATCGT-1",1810,"ENS"
"e16_s1_CATCAAGGTTTCGTGA-1",1576,"Myofibroblast"
"e16_s1_CATCAAGTCAACTGAC-1",3199,"ENS"
"e16_s1_CATCAAGTCAGCTGAT-1",2269,"ENS"
"e16_s1_CATCAAGTCGAACTCA-1",3059,"ENS"
"e16_s1_CATCCACCACGACGTC-1",2937,"Immune"
"e16_s1_CATCCACCAGTAACGG-1",2347,"Fibroblast"
"e16_s1_CATCCACGTGATTCTG-1",659,"Fibroblast"
"e16_s1_CATCCACGTGCTGATT-1",2690,"Fibroblast"
"e16_s1_CATCCACGTGGACAGT-1",2362,"Endothelial"
"e16_s1_CATCCACGTGTCGCTG-1",3055,"Myofibroblast"
"e16_s1_CATCCACTCTGGCCGA-1",208,"ENS"
"e16_s1_CATCCACTCTGGGCAC-1",2659,"Fibroblast"
"e16_s1_CATCCCAAGCGAGAAA-1",3089,"ENS"
"e16_s1_CATCCCACAGACCTAT-1",2955,"ENS"
"e16_s1_CATCCCACAGTTACCA-1",2709,"ENS"
"e16_s1_CATCCCAGTTACCCAA-1",598,"Fibroblast"
"e16_s1_CATCCCAGTTTGAAAG-1",2294,"ENS"
"e16_s1_CATCCCATCTCTGGTC-1",2940,"Smooth muscle"
"e16_s1_CATCCGTAGACCACGA-1",1003,"Foregut Basal"
"e16_s1_CATCCGTCAGGTTACT-1",3207,"Fibroblast"
"e16_s1_CATCCGTTCCGCATAA-1",1973,"Fibroblast"
"e16_s1_CATCCGTTCGGCTCTT-1",1113,"Endothelial"
"e16_s1_CATCGCTAGCAGTCTT-1",2089,"ENS"
"e16_s1_CATCGCTAGTTCATGC-1",646,"Fibroblast"
"e16_s1_CATCGCTCAGGCGATA-1",1003,"Foregut Basal"
"e16_s1_CATCGCTGTATGCGGA-1",2126,"ENS"
"e16_s1_CATCGCTGTGTTAAAG-1",938,"Fibroblast"
"e16_s1_CATCGCTTCGAGCCTG-1",2286,"ENS"
"e16_s1_CATCGCTTCGCGCTGA-1",2396,"Fibroblast"
"e16_s1_CATCGCTTCTATCGCC-1",1918,"Endothelial"
"e16_s1_CATCGGGAGCGTTCAT-1",2928,"Fibroblast"
"e16_s1_CATCGGGCAGGAAGTC-1",2690,"Fibroblast"
"e16_s1_CATCGGGCAGTGTATC-1",2110,"Fibroblast"
"e16_s1_CATCGGGTCAAGCCTA-1",1999,"Fibroblast"
"e16_s1_CATCGGGTCACTGGTA-1",719,"Myofibroblast"
"e16_s1_CATCGGGTCCCAAGTA-1",1861,"Fibroblast"
"e16_s1_CATCGGGTCTAACGGT-1",1003,"Foregut Basal"
"e16_s1_CATCGTCAGCTCACTA-1",1933,"Fibroblast"
"e16_s1_CATCGTCAGTCACACT-1",873,"ENS"
"e16_s1_CATCGTCAGTTCCATG-1",1079,"Fibroblast"
"e16_s1_CATCGTCCACCCAACG-1",1681,"ENS"
"e16_s1_CATCGTCCAGTCGCAC-1",786,"Smooth muscle"
"e16_s1_CATCGTCTCCGATGCG-1",550,"ICC"
"e16_s1_CATCGTCTCTTTACAC-1",2396,"Fibroblast"
"e16_s1_CATGAGTCACCAGGTC-1",1706,"ENS"
"e16_s1_CATGAGTCATTGGATC-1",1008,"Foregut Basal"
"e16_s1_CATGAGTGTATAGGAT-1",2483,"Myofibroblast"
"e16_s1_CATGAGTGTGCCCGTA-1",2764,"Foregut Basal"
"e16_s1_CATGAGTGTGCTCCGA-1",1504,"Fibroblast"
"e16_s1_CATGCAAAGCATCAAA-1",1973,"Fibroblast"
"e16_s1_CATGCAAAGCTAATGA-1",2231,"ENS"
"e16_s1_CATGCAAAGTCCGCGT-1",1144,"Smooth muscle"
"e16_s1_CATGCAACAAACACCT-1",2891,"Fibroblast"
"e16_s1_CATGCAACAGGAACCA-1",3385,"Smooth muscle"
"e16_s1_CATGCAAGTCCATCTC-1",3140,"Fibroblast"
"e16_s1_CATGCAATCCGCAAAT-1",2787,"Mesothelial"
"e16_s1_CATGCCTAGCATTGAA-1",3354,"ENS"
"e16_s1_CATGCCTAGCTGACCC-1",2715,"ENS"
"e16_s1_CATGCCTGTCGAGCTC-1",886,"ENS"
"e16_s1_CATGCCTGTGAGCGAT-1",2269,"ENS"
"e16_s1_CATGCCTGTGTCATCA-1",3245,"Smooth muscle"
"e16_s1_CATGCCTTCCGTATGA-1",2147,"ENS"
"e16_s1_CATGCGGAGAGCATTA-1",1860,"Fibroblast"
"e16_s1_CATGCGGAGGGACACT-1",2411,"ENS"
"e16_s1_CATGCGGAGTGTTGTC-1",2147,"ENS"
"e16_s1_CATGCGGAGTTGGCGA-1",2296,"ENS"
"e16_s1_CATGCGGCATTCCTAT-1",1973,"Fibroblast"
"e16_s1_CATGCGGTCGTGCATA-1",548,"ENS"
"e16_s1_CATGCGGTCTTAGTTC-1",1327,"Foregut Basal"
"e16_s1_CATGCTCAGGAGAGTA-1",598,"Fibroblast"
"e16_s1_CATGCTCAGTCCCAAT-1",2290,"ENS"
"e16_s1_CATGCTCCAAGTGGCA-1",1775,"ENS"
"e16_s1_CATGCTCCAATTTCCT-1",2269,"ENS"
"e16_s1_CATGCTCGTGTCCAAT-1",1003,"Foregut Basal"
"e16_s1_CATGCTCTCCGTCCTA-1",3178,"Immune"
"e16_s1_CATGCTCTCTGCGGGT-1",2307,"Fibroblast"
"e16_s1_CATGGATAGAAACCAT-1",1353,"Foregut Basal"
"e16_s1_CATGGATAGGGAGATA-1",1204,"ENS"
"e16_s1_CATGGATAGTGTCATC-1",3386,"Myofibroblast"
"e16_s1_CATGGATCAACCAACT-1",2690,"Myofibroblast"
"e16_s1_CATGGATCAATTGGTC-1",2781,"Fibroblast"
"e16_s1_CATGGATGTTAGGCCC-1",2659,"Fibroblast"
"e16_s1_CATGGATTCAATGCAC-1",2497,"Fibroblast"
"e16_s1_CATGGATTCTGGAGAG-1",2843,"Myofibroblast"
"e16_s1_CATGGTAAGAAGCTCG-1",730,"Smooth muscle"
"e16_s1_CATGGTAAGGTCGTAG-1",2645,"ENS"
"e16_s1_CATGGTACAGCGTTTA-1",2912,"Fibroblast"
"e16_s1_CATGGTACAGGCCCTA-1",2690,"Fibroblast"
"e16_s1_CATGGTACAGTCAACT-1",2918,"Fibroblast"
"e16_s1_CATGGTAGTGCTCGTG-1",1768,"Immune"
"e16_s1_CATGGTAGTGTGTCGC-1",2540,"Myofibroblast"
"e16_s1_CATGGTATCTTCCGTG-1",3385,"Myofibroblast"
"e16_s1_CATTCATAGAATAACC-1",2606,"Smooth muscle"
"e16_s1_CATTCATAGGTGCTGA-1",1327,"Foregut Basal"
"e16_s1_CATTCATCAAAGGCAC-1",2953,"ENS"
"e16_s1_CATTCATGTCCACTTC-1",1999,"Myofibroblast"
"e16_s1_CATTCATTCAAGCCGC-1",1154,"Smooth muscle"
"e16_s1_CATTCATTCCAAGCCG-1",2179,"Myofibroblast"
"e16_s1_CATTCATTCCATAAGC-1",2064,"Myofibroblast"
"e16_s1_CATTCATTCCTGTACC-1",1973,"Fibroblast"
"e16_s1_CATTCATTCGGTCAGC-1",2307,"Fibroblast"
"e16_s1_CATTCCGAGGCTATCT-1",2064,"Fibroblast"
"e16_s1_CATTCCGCACGACAAG-1",815,"Fibroblast"
"e16_s1_CATTCCGGTAATTGGA-1",2645,"ENS"
"e16_s1_CATTCCGGTCTTGCTC-1",2347,"Smooth muscle"
"e16_s1_CATTCCGTCGCCGAAC-1",1144,"Fibroblast"
"e16_s1_CATTCCGTCTCGGTAA-1",1003,"Foregut Basal"
"e16_s1_CATTCTACAAGGTTGG-1",2307,"Fibroblast"
"e16_s1_CATTCTACACGTCGGT-1",3271,"Fibroblast"
"e16_s1_CATTCTAGTTGGGACA-1",829,"Fibroblast"
"e16_s1_CATTGAGAGTGGTTGG-1",1627,"Myofibroblast"
"e16_s1_CATTGAGCAACGGCCT-1",815,"Fibroblast"
"e16_s1_CATTGAGCATAATCCG-1",916,"Fibroblast"
"e16_s1_CATTGAGGTTACTCAG-1",3251,"Smooth muscle"
"e16_s1_CATTGAGGTTCAATCG-1",1593,"Smooth muscle"
"e16_s1_CATTGAGTCCATAGAC-1",2493,"ENS"
"e16_s1_CATTGCCAGCCTCTTC-1",2696,"ENS"
"e16_s1_CATTGCCAGCGTCTGC-1",1549,"Fibroblast"
"e16_s1_CATTGCCAGGGAGGCA-1",2064,"Fibroblast"
"e16_s1_CATTGCCAGGTTCCAT-1",598,"Fibroblast"
"e16_s1_CATTGCCCACGCGTCA-1",515,"Simple Epithelial"
"e16_s1_CATTGCCGTTGCAAGG-1",2625,"Myofibroblast"
"e16_s1_CATTGCCTCCGATGTA-1",2307,"Fibroblast"
"e16_s1_CATTGCCTCTACTGAG-1",2777,"ENS"
"e16_s1_CATTGTTAGCATTTCG-1",260,"Fibroblast"
"e16_s1_CATTGTTCAAACTGCT-1",1372,"Fibroblast"
"e16_s1_CATTGTTCATGCCGCA-1",2307,"Fibroblast"
"e16_s1_CATTGTTCATTGTAGC-1",1576,"Myofibroblast"
"e16_s1_CATTGTTGTAGGTCAG-1",598,"Smooth muscle"
"e16_s1_CATTGTTTCGAGATGG-1",1114,"ENS"
"e16_s1_CATTGTTTCGCGCCAA-1",2040,"Smooth muscle"
"e16_s1_CATTGTTTCTCAGGCG-1",916,"Fibroblast"
"e16_s1_CATTTCACAACGACTT-1",2742,"Immune"
"e16_s1_CATTTCACACCACATA-1",1003,"Foregut Basal"
"e16_s1_CATTTCAGTACCTGTA-1",3307,"Fibroblast"
"e16_s1_CATTTCAGTGAGTGAC-1",3178,"Immune"
"e16_s1_CCAAGCGAGATCCCGC-1",2787,"Smooth muscle"
"e16_s1_CCAAGCGAGGCGCTCT-1",1156,"Mesothelial"
"e16_s1_CCAAGCGAGTACCATC-1",1323,"ENS"
"e16_s1_CCAAGCGAGTGCACAG-1",2517,"ENS"
"e16_s1_CCAAGCGCATAACAGA-1",1595,"Fibroblast"
"e16_s1_CCAAGCGGTCACTACA-1",2126,"ENS"
"e16_s1_CCAAGCGGTGGGCTTC-1",1003,"Foregut Basal"
"e16_s1_CCAAGCGTCAACGTGT-1",2918,"Fibroblast"
"e16_s1_CCAAGCGTCCAGTGCG-1",1312,"Fibroblast"
"e16_s1_CCAATGAAGAAGTGTT-1",1850,"Foregut Basal"
"e16_s1_CCAATGAAGACTCCGC-1",920,"ENS"
"e16_s1_CCAATGAAGCACTCCG-1",2782,"Myofibroblast"
"e16_s1_CCAATGACAACGAGGT-1",2764,"Foregut Basal"
"e16_s1_CCAATGAGTCTCCCTA-1",3089,"ENS"
"e16_s1_CCAATGAGTGCCCACA-1",2003,"Immune"
"e16_s1_CCAATGAGTGCCCAGT-1",2497,"Smooth muscle"
"e16_s1_CCAATGAGTTGTCCCT-1",714,"Fibroblast"
"e16_s1_CCAATGATCAGCTAGT-1",1003,"Foregut Basal"
"e16_s1_CCAATGATCGGAGCAA-1",1368,"Fibroblast"
"e16_s1_CCAATGATCTAAGAAG-1",1091,"Myofibroblast"
"e16_s1_CCAATTTAGCAATTCC-1",1934,"Mesothelial"
"e16_s1_CCAATTTAGCCGCTTG-1",1973,"Fibroblast"
"e16_s1_CCAATTTAGCTCGGCT-1",2836,"Endothelial"
"e16_s1_CCAATTTAGGTAAAGG-1",2826,"Fibroblast"
"e16_s1_CCAATTTAGTCAAGCG-1",640,"Myofibroblast"
"e16_s1_CCAATTTCAGAAGCTG-1",3354,"ENS"
"e16_s1_CCAATTTCAGCAGGAT-1",2231,"ENS"
"e16_s1_CCAATTTCATGTGTCA-1",1999,"Smooth muscle"
"e16_s1_CCAATTTGTGATTCTG-1",1861,"Fibroblast"
"e16_s1_CCAATTTGTTAGGACG-1",1179,"Fibroblast"
"e16_s1_CCAATTTTCAAAGAAC-1",2203,"Endothelial"
"e16_s1_CCAATTTTCACGTCCT-1",3251,"Fibroblast"
"e16_s1_CCAATTTTCTGAGTCA-1",1327,"Foregut Basal"
"e16_s1_CCAATTTTCTGGTCAA-1",2940,"Fibroblast"
"e16_s1_CCACAAAAGGAAGTCC-1",3327,"Fibroblast"
"e16_s1_CCACAAAAGGACAGCT-1",1973,"Fibroblast"
"e16_s1_CCACAAACAGGCATGA-1",3023,"ENS"
"e16_s1_CCACAAACATCATTGG-1",2690,"Fibroblast"
"e16_s1_CCACAAATCATTACGG-1",295,"Fibroblast"
"e16_s1_CCACACTAGACTTGTC-1",2605,"Fibroblast"
"e16_s1_CCACACTAGGAGAGTA-1",1973,"ENS"
"e16_s1_CCACACTAGGTAACTA-1",2690,"Fibroblast"
"e16_s1_CCACACTAGGTACTGG-1",719,"Smooth muscle"
"e16_s1_CCACACTAGTCTGGAG-1",3385,"Fibroblast"
"e16_s1_CCACACTCAGAGGCAT-1",3271,"Fibroblast"
"e16_s1_CCACACTGTCGTACAT-1",2126,"ENS"
"e16_s1_CCACACTGTGTGACCC-1",2764,"Foregut Basal"
"e16_s1_CCACACTTCACTCGAA-1",3232,"ENS"
"e16_s1_CCACACTTCATCTATC-1",1035,"Fibroblast"
"e16_s1_CCACCATCAGACGGAT-1",598,"Fibroblast"
"e16_s1_CCACCATGTAGCCCTG-1",916,"Fibroblast"
"e16_s1_CCACCATGTTCGGACC-1",3354,"ENS"
"e16_s1_CCACCATTCCGATTAG-1",938,"Fibroblast"
"e16_s1_CCACGAGAGAACCGCA-1",2188,"Simple Epithelial"
"e16_s1_CCACGAGAGGAAAGGT-1",2953,"ENS"
"e16_s1_CCACGAGAGGTCACAG-1",2868,"ENS"
"e16_s1_CCACGAGCACGTACTA-1",886,"ENS"
"e16_s1_CCACGAGCATATCGGT-1",2089,"ENS"
"e16_s1_CCACGAGGTGAATGAT-1",3387,"Myofibroblast"
"e16_s1_CCACGAGTCCTACGAA-1",3388,"Endothelial"
"e16_s1_CCACGAGTCCTCAGGG-1",1003,"Foregut Basal"
"e16_s1_CCACGAGTCTCACGAA-1",2994,"ENS"
"e16_s1_CCACGAGTCTGGAAGG-1",2606,"Myofibroblast"
"e16_s1_CCACGTTAGAGTAACT-1",3363,"ENS"
"e16_s1_CCACGTTAGCAAGTGC-1",1312,"Fibroblast"
"e16_s1_CCACGTTGTGAACCGA-1",2696,"ENS"
"e16_s1_CCACGTTGTTGAATCC-1",851,"Immune"
"e16_s1_CCACGTTTCCCTCGTA-1",2659,"Smooth muscle"
"e16_s1_CCACTTGCAAACTAAG-1",3089,"ENS"
"e16_s1_CCACTTGCAAATCGGG-1",2690,"Fibroblast"
"e16_s1_CCACTTGCATGAAGGC-1",1973,"Fibroblast"
"e16_s1_CCACTTGGTCGCTCGA-1",2953,"ENS"
"e16_s1_CCACTTGGTTCCTAAG-1",3083,"Fibroblast"
"e16_s1_CCACTTGTCCAAGCTA-1",2777,"Fibroblast"
"e16_s1_CCATAAGGTCTCGGGT-1",1973,"Fibroblast"
"e16_s1_CCATAAGGTGGTAACG-1",2928,"Smooth muscle"
"e16_s1_CCATAAGGTGGTAATA-1",278,"Fibroblast"
"e16_s1_CCATAAGTCAGATGCT-1",2928,"Myofibroblast"
"e16_s1_CCATAAGTCATAGGCT-1",886,"ENS"
"e16_s1_CCATAAGTCGACCCAG-1",1627,"Fibroblast"
"e16_s1_CCATCACAGTACTGTC-1",815,"Fibroblast"
"e16_s1_CCATCACAGTTCACTG-1",1667,"Fibroblast"
"e16_s1_CCATCACCAGTGTGGA-1",640,"Smooth muscle"
"e16_s1_CCATCACGTTTATGCG-1",2493,"ENS"
"e16_s1_CCATCACTCTCATGCC-1",920,"ENS"
"e16_s1_CCCAACTAGAAACTAC-1",3385,"Fibroblast"
"e16_s1_CCCAACTAGAGCCTGA-1",598,"Smooth muscle"
"e16_s1_CCCAACTCAGCTCATA-1",3199,"ENS"
"e16_s1_CCCAACTGTAGATCGG-1",2709,"ENS"
"e16_s1_CCCAACTGTCCCTGTT-1",3251,"Mesothelial"
"e16_s1_CCCAACTTCGTCTACC-1",274,"Fibroblast"
"e16_s1_CCCAACTTCTGCATGA-1",1003,"Foregut Basal"
"e16_s1_CCCATTGCAATCGCCG-1",3385,"Fibroblast"
"e16_s1_CCCATTGCACATGAAA-1",2294,"ENS"
"e16_s1_CCCATTGCATATGGCT-1",656,"Fibroblast"
"e16_s1_CCCATTGGTAAGTAGT-1",1504,"Fibroblast"
"e16_s1_CCCATTGGTACAACGG-1",1973,"Myofibroblast"
"e16_s1_CCCATTGTCCTGTTAT-1",550,"ENS"
"e16_s1_CCCATTGTCGCATTGA-1",1955,"Fibroblast"
"e16_s1_CCCGAAGAGATAGCAT-1",1973,"Fibroblast"
"e16_s1_CCCGAAGCAAACTAAG-1",1106,"ENS"
"e16_s1_CCCGAAGCAACCAGAG-1",563,"ENS"
"e16_s1_CCCGAAGCAGCGTATT-1",1627,"Fibroblast"
"e16_s1_CCCGAAGGTAAGTTGA-1",1861,"Fibroblast"
"e16_s1_CCCGAAGGTGTCATTG-1",3339,"ENS"
"e16_s1_CCCGAAGTCAACTCTT-1",1973,"Myofibroblast"
"e16_s1_CCCGAAGTCCAAGCCG-1",1313,"Fibroblast"
"e16_s1_CCCGAAGTCTAGGCCG-1",2269,"ENS"
"e16_s1_CCCGAAGTCTATCCAT-1",1449,"ENS"
"e16_s1_CCCGAAGTCTGAGATC-1",1973,"Fibroblast"
"e16_s1_CCCGGAAAGATTCGCT-1",1003,"Foregut Basal"
"e16_s1_CCCGGAAAGGAAGTCC-1",916,"Fibroblast"
"e16_s1_CCCGGAAAGTATGGAT-1",400,"Fibroblast"
"e16_s1_CCCGGAAAGTGGCCTC-1",1973,"Fibroblast"
"e16_s1_CCCGGAAAGTGGTGGT-1",833,"Mesothelial"
"e16_s1_CCCGGAACAAGGGCAT-1",2940,"Fibroblast"
"e16_s1_CCCGGAACACATAGCT-1",815,"Pericyte"
"e16_s1_CCCGGAACACCCAAGC-1",2126,"ENS"
"e16_s1_CCCGGAACACCCTATC-1",598,"Fibroblast"
"e16_s1_CCCGGAACAGCATCTA-1",938,"Myofibroblast"
"e16_s1_CCCGGAAGTATCCCTC-1",815,"Fibroblast"
"e16_s1_CCCGGAATCAAGTCGT-1",1155,"Mesothelial"
"e16_s1_CCCTAACAGACCAGCA-1",2294,"ENS"
"e16_s1_CCCTAACAGAGAAGGT-1",1933,"Myofibroblast"
"e16_s1_CCCTAACAGGTGCGAT-1",787,"Fibroblast"
"e16_s1_CCCTAACCAAGCGGAT-1",2696,"ENS"
"e16_s1_CCCTAACCACAATGTC-1",841,"Foregut Basal"
"e16_s1_CCCTAACCAGAAGTTA-1",916,"Fibroblast"
"e16_s1_CCCTAACGTACCCACG-1",2916,"Smooth muscle"
"e16_s1_CCCTAACGTACGAGTG-1",2777,"Myofibroblast"
"e16_s1_CCCTAACTCACGGACC-1",2203,"Endothelial"
"e16_s1_CCCTCAAAGACTCAAA-1",1593,"Fibroblast"
"e16_s1_CCCTCAAAGATGGCAC-1",2940,"Smooth muscle"
"e16_s1_CCCTCAAAGCCAAGGT-1",1327,"Foregut Basal"
"e16_s1_CCCTCAAAGTAGACCG-1",237,"Endothelial"
"e16_s1_CCCTCAACAAACTCGT-1",2731,"ENS"
"e16_s1_CCCTCAACACATCCCT-1",1003,"Foregut Basal"
"e16_s1_CCCTCAACAGACGCTC-1",3019,"Pericyte"
"e16_s1_CCCTCAAGTGCACGCT-1",3354,"ENS"
"e16_s1_CCCTCAAGTTCTAACG-1",2040,"Smooth muscle"
"e16_s1_CCCTCAATCACTCCGT-1",3207,"Fibroblast"
"e16_s1_CCCTCTCAGAGGTCGT-1",2126,"ENS"
"e16_s1_CCCTCTCAGTACAACA-1",2709,"ENS"
"e16_s1_CCCTCTCCAAGCTCTA-1",3140,"Fibroblast"
"e16_s1_CCCTCTCCAGGAGGTT-1",2307,"Pericyte"
"e16_s1_CCCTCTCCATACAGGG-1",2203,"Endothelial"
"e16_s1_CCCTCTCTCCCTGTTG-1",1627,"Fibroblast"
"e16_s1_CCCTCTCTCCTAGAGT-1",2891,"Fibroblast"
"e16_s1_CCCTGATAGAGAGCGG-1",1860,"Smooth muscle"
"e16_s1_CCCTGATAGGAGAATG-1",1122,"ENS"
"e16_s1_CCCTGATCACGTCGGT-1",1353,"Foregut Basal"
"e16_s1_CCCTGATCAGGTGGAT-1",2307,"Fibroblast"
"e16_s1_CCCTGATCATGGCTGC-1",1627,"Fibroblast"
"e16_s1_CCCTGATCATGGGTCC-1",2004,"Myofibroblast"
"e16_s1_CCCTGATGTAACATGA-1",2203,"Endothelial"
"e16_s1_CCCTGATGTCCTACGG-1",2994,"ENS"
"e16_s1_CCCTGATTCACCGCTT-1",2126,"ENS"
"e16_s1_CCCTGATTCTTTCCGG-1",731,"Fibroblast"
"e16_s1_CCCTTAGAGAATCGAT-1",705,"ENS"
"e16_s1_CCCTTAGAGATTCGAA-1",1020,"Endothelial"
"e16_s1_CCCTTAGAGCTGAGTG-1",851,"Immune"
"e16_s1_CCCTTAGAGTTCAACC-1",1576,"Fibroblast"
"e16_s1_CCCTTAGCATCCGAAT-1",2269,"ENS"
"e16_s1_CCCTTAGGTAGATCCT-1",2645,"ENS"
"e16_s1_CCCTTAGGTAGGAGGG-1",1578,"Fibroblast"
"e16_s1_CCCTTAGGTGGTCAAG-1",2659,"Fibroblast"
"e16_s1_CCCTTAGGTTGTAGCT-1",1973,"Fibroblast"
"e16_s1_CCCTTAGTCCTCTTTC-1",3089,"ENS"
"e16_s1_CCCTTAGTCGCGTGAC-1",1312,"Fibroblast"
"e16_s1_CCGAACGAGACGACGT-1",3075,"ENS"
"e16_s1_CCGAACGAGAGTTGTA-1",3083,"Smooth muscle"
"e16_s1_CCGAACGAGCACGATG-1",920,"ENS"
"e16_s1_CCGAACGAGCATCCCG-1",3369,"Fibroblast"
"e16_s1_CCGAACGCAATCAAGA-1",3089,"ENS"
"e16_s1_CCGAACGCACGGCTAC-1",706,"ENS"
"e16_s1_CCGAACGTCATCACAG-1",3339,"ENS"
"e16_s1_CCGAACGTCATCGTAG-1",2126,"ENS"
"e16_s1_CCGAACGTCCCAAGTA-1",1327,"Foregut Basal"
"e16_s1_CCGAACGTCGCTAGCG-1",2777,"Fibroblast"
"e16_s1_CCGATCTAGGCTCCCA-1",203,"Fibroblast"
"e16_s1_CCGATCTAGTATGACA-1",1973,"Fibroblast"
"e16_s1_CCGATCTGTCTGTAGT-1",2709,"ENS"
"e16_s1_CCGATCTGTTCTCGTC-1",1427,"Smooth muscle"
"e16_s1_CCGATCTTCAGATGCT-1",794,"Pericyte"
"e16_s1_CCGATCTTCATACGAC-1",2955,"ENS"
"e16_s1_CCGATCTTCCCGAATA-1",1796,"ENS"
"e16_s1_CCGATCTTCCTGGGTG-1",740,"Fibroblast"
"e16_s1_CCGATCTTCTCTCGCA-1",3339,"ENS"
"e16_s1_CCGATGGCAGTAACCT-1",2307,"Fibroblast"
"e16_s1_CCGATGGGTTACACTG-1",1706,"ENS"
"e16_s1_CCGATGGGTTCCGGTG-1",2064,"Fibroblast"
"e16_s1_CCGATGGTCGAAGGAC-1",1555,"Endothelial"
"e16_s1_CCGATGGTCTCGACCT-1",3251,"Mesothelial"
"e16_s1_CCGCAAGAGAGTCTTC-1",1918,"Endothelial"
"e16_s1_CCGCAAGGTACGTGTT-1",2928,"Smooth muscle"
"e16_s1_CCGCAAGGTTGGCCTG-1",1973,"Fibroblast"
"e16_s1_CCGCAAGGTTTCAGAC-1",2765,"Foregut Basal"
"e16_s1_CCGCAAGTCAGGACAG-1",2517,"ENS"
"e16_s1_CCGCAAGTCAGGAGAC-1",1997,"Fibroblast"
"e16_s1_CCGGACAAGGCAATGC-1",2709,"ENS"
"e16_s1_CCGGACAAGTACGTCT-1",2764,"Foregut Basal"
"e16_s1_CCGGACACACCAGACC-1",598,"Fibroblast"
"e16_s1_CCGGACACATGACGAG-1",1353,"Foregut Basal"
"e16_s1_CCGGACACATTGACAC-1",468,"ENS"
"e16_s1_CCGGACAGTAACATAG-1",1973,"Myofibroblast"
"e16_s1_CCGGACAGTACGAGCA-1",1113,"Endothelial"
"e16_s1_CCGGACAGTTCTTAGG-1",1973,"Fibroblast"
"e16_s1_CCGGACATCGAAATCC-1",1408,"Fibroblast"
"e16_s1_CCGGACATCTACTCAT-1",1973,"Smooth muscle"
"e16_s1_CCGGACATCTGAGGCC-1",2659,"Smooth muscle"
"e16_s1_CCGGGTAAGCGGTAAC-1",2396,"Fibroblast"
"e16_s1_CCGGGTAAGCTGAGCA-1",719,"Fibroblast"
"e16_s1_CCGGGTACAACAGATA-1",2783,"Myofibroblast"
"e16_s1_CCGGGTACAAGGACAC-1",916,"Fibroblast"
"e16_s1_CCGGGTATCATCTGTT-1",938,"Fibroblast"
"e16_s1_CCGGGTATCGGTAGAG-1",1312,"Myofibroblast"
"e16_s1_CCGGGTATCGTTACCC-1",886,"ENS"
"e16_s1_CCGGTAGAGAGGATGA-1",1003,"Foregut Basal"
"e16_s1_CCGGTAGCAAGACCTT-1",2469,"ENS"
"e16_s1_CCGGTAGCAGGCGAAT-1",815,"Myofibroblast"
"e16_s1_CCGGTAGGTACCTAGT-1",938,"Fibroblast"
"e16_s1_CCGGTAGGTAGACAGC-1",3339,"ENS"
"e16_s1_CCGGTAGTCAAACCTG-1",2050,"Fibroblast"
"e16_s1_CCGGTAGTCAGCACCG-1",794,"Fibroblast"
"e16_s1_CCGGTAGTCGATCCAA-1",3339,"ENS"
"e16_s1_CCGGTAGTCGTAGTGT-1",3083,"Fibroblast"
"e16_s1_CCGGTGAAGAAGATCT-1",2994,"ENS"
"e16_s1_CCGGTGAAGATGATTG-1",626,"ENS"
"e16_s1_CCGGTGAAGCACTTTG-1",2606,"Myofibroblast"
"e16_s1_CCGGTGAAGCCTATCA-1",1973,"Fibroblast"
"e16_s1_CCGGTGACATCCGTGG-1",3083,"Smooth muscle"
"e16_s1_CCGGTGAGTCACGTGC-1",1973,"Fibroblast"
"e16_s1_CCGGTGAGTGGCCACT-1",1003,"Foregut Basal"
"e16_s1_CCGGTGATCATTACTC-1",2709,"ENS"
"e16_s1_CCGGTGATCGAGTTGT-1",1106,"ENS"
"e16_s1_CCGGTGATCTTACTGT-1",2225,"Fibroblast"
"e16_s1_CCGTAGGAGATGCTTC-1",2709,"ENS"
"e16_s1_CCGTAGGAGGAGAGTA-1",3215,"ICC"
"e16_s1_CCGTAGGAGGAGCTGT-1",2147,"ENS"
"e16_s1_CCGTAGGAGTTCCGGC-1",548,"ENS"
"e16_s1_CCGTAGGCACCGTCTT-1",2911,"Fibroblast"
"e16_s1_CCGTAGGGTACGGATG-1",2217,"Fibroblast"
"e16_s1_CCGTAGGTCTGATTCT-1",2605,"Fibroblast"
"e16_s1_CCGTAGGTCTTTCGAT-1",1009,"Foregut Basal"
"e16_s1_CCGTGAGAGCTCTATG-1",2606,"Fibroblast"
"e16_s1_CCGTGAGAGTATCCTG-1",2994,"ENS"
"e16_s1_CCGTGAGGTACAGTAA-1",786,"Fibroblast"
"e16_s1_CCGTGAGGTGCGGCTT-1",598,"Fibroblast"
"e16_s1_CCGTGAGTCGCCTTTG-1",719,"Fibroblast"
"e16_s1_CCGTTCAAGCGAAACC-1",1973,"Smooth muscle"
"e16_s1_CCGTTCAAGGCAATGC-1",886,"ENS"
"e16_s1_CCGTTCAAGGTGCTGA-1",2891,"Fibroblast"
"e16_s1_CCGTTCATCATACGGT-1",2748,"Myofibroblast"
"e16_s1_CCGTTCATCATAGCAC-1",719,"Mesothelial"
"e16_s1_CCGTTCATCGTAGAGG-1",2355,"Fibroblast"
"e16_s1_CCGTTCATCTCATGCC-1",3132,"Endothelial"
"e16_s1_CCGTTCATCTGCTTAT-1",3140,"Fibroblast"
"e16_s1_CCTAACCAGAGCATCG-1",2396,"Fibroblast"
"e16_s1_CCTAACCCAGTCTTCC-1",1327,"Foregut Basal"
"e16_s1_CCTAACCGTATAGGAT-1",1627,"Fibroblast"
"e16_s1_CCTAACCGTGATGAAT-1",938,"Fibroblast"
"e16_s1_CCTAACCTCCAGCAAT-1",841,"Foregut Basal"
"e16_s1_CCTAACCTCTTGATTC-1",598,"Smooth muscle"
"e16_s1_CCTAAGAAGAGCATCG-1",901,"ENS"
"e16_s1_CCTAAGACACGCTGAC-1",2307,"Fibroblast"
"e16_s1_CCTAAGAGTCCAGCAC-1",1914,"Fibroblast"
"e16_s1_CCTAAGAGTTGGTGTT-1",3065,"ENS"
"e16_s1_CCTACGTAGCCTTTGA-1",1973,"Fibroblast"
"e16_s1_CCTACGTAGGAGCTGT-1",3251,"Smooth muscle"
"e16_s1_CCTACGTAGGCACTCC-1",581,"ENS"
"e16_s1_CCTACGTAGTCTGCAT-1",1860,"Fibroblast"
"e16_s1_CCTACGTCATCCCGTT-1",1003,"Smooth muscle"
"e16_s1_CCTACGTCATCTAGAC-1",1914,"Mesothelial"
"e16_s1_CCTACGTGTATCGAAA-1",3322,"Fibroblast"
"e16_s1_CCTACGTGTCCGGCAT-1",1982,"Fibroblast"
"e16_s1_CCTACGTGTCGAGTTT-1",1003,"Foregut Basal"
"e16_s1_CCTACGTGTGACTATC-1",1001,"Myofibroblast"
"e16_s1_CCTACGTGTGCTATTG-1",1973,"Fibroblast"
"e16_s1_CCTACGTTCGGCTATA-1",2408,"ENS"
"e16_s1_CCTATCGAGCTCCATA-1",2269,"ENS"
"e16_s1_CCTATCGCAGTTCCAA-1",969,"ENS"
"e16_s1_CCTATCGCATGTCAGT-1",598,"Fibroblast"
"e16_s1_CCTATCGGTCCGTACG-1",2928,"Fibroblast"
"e16_s1_CCTATCGTCGACGATT-1",2040,"Smooth muscle"
"e16_s1_CCTATCGTCTACGCAA-1",2483,"Fibroblast"
"e16_s1_CCTATCGTCTGTAAGC-1",598,"Myofibroblast"
"e16_s1_CCTCAACAGCATCAAA-1",1861,"Smooth muscle"
"e16_s1_CCTCAACAGGTAGACC-1",1139,"Smooth muscle"
"e16_s1_CCTCAACCAACACACT-1",3053,"Myofibroblast"
"e16_s1_CCTCAACCAATGGCAG-1",2217,"Smooth muscle"
"e16_s1_CCTCAACCACAGTCGC-1",2911,"Fibroblast"
"e16_s1_CCTCAACGTACAGAGC-1",2994,"ENS"
"e16_s1_CCTCAACGTCACGACC-1",920,"ENS"
"e16_s1_CCTCAACGTTGCTCAA-1",1327,"Foregut Basal"
"e16_s1_CCTCAACTCGCGTCGA-1",523,"Fibroblast"
"e16_s1_CCTCAACTCGGAGCAA-1",2354,"Fibroblast"
"e16_s1_CCTCACAAGAGGCGTT-1",582,"Fibroblast"
"e16_s1_CCTCACAAGCAAATGT-1",2294,"ENS"
"e16_s1_CCTCACAAGGGAGTGG-1",2757,"ENS"
"e16_s1_CCTCACACAATGTCTG-1",3338,"ENS"
"e16_s1_CCTCACACAGTAACGG-1",2659,"Fibroblast"
"e16_s1_CCTCAGTCACGACGCT-1",938,"Fibroblast"
"e16_s1_CCTCAGTGTACTAGCT-1",598,"Fibroblast"
"e16_s1_CCTCAGTTCATCCTGC-1",786,"Mesothelial"
"e16_s1_CCTCAGTTCCGTGTGG-1",2307,"Fibroblast"
"e16_s1_CCTCATGAGGCGACAT-1",1548,"Endothelial"
"e16_s1_CCTCATGAGTTGTCAC-1",2721,"Endothelial"
"e16_s1_CCTCATGCAGCGTTTA-1",916,"ICC"
"e16_s1_CCTCATGGTCGTCTCT-1",1353,"Immune"
"e16_s1_CCTCATGTCTAAGGAA-1",1062,"ENS"
"e16_s1_CCTCATGTCTTCACAT-1",920,"ENS"
"e16_s1_CCTCCAAAGTCACTGT-1",760,"ENS"
"e16_s1_CCTCCAAAGTGGATTA-1",1973,"Fibroblast"
"e16_s1_CCTCCAAAGTTGGCTT-1",1327,"Foregut Basal"
"e16_s1_CCTCCAACAGCGTAGA-1",1973,"Fibroblast"
"e16_s1_CCTCCAACATTCGATG-1",2110,"Fibroblast"
"e16_s1_CCTCCAATCGACGACC-1",920,"ENS"
"e16_s1_CCTCCAATCGTGAGAG-1",2764,"Foregut Basal"
"e16_s1_CCTCCTCAGATGTAGT-1",509,"ENS"
"e16_s1_CCTCCTCAGGCTTAGG-1",886,"ENS"
"e16_s1_CCTCCTCAGTTTCGGT-1",1667,"Fibroblast"
"e16_s1_CCTCCTCCATATTCGG-1",1079,"Fibroblast"
"e16_s1_CCTCCTCCATCACCAA-1",2443,"Fibroblast"
"e16_s1_CCTCCTCCATCGGAAG-1",2517,"ENS"
"e16_s1_CCTCCTCGTACGTAGG-1",619,"Mesothelial"
"e16_s1_CCTCCTCGTCGTCGGT-1",656,"Mesothelial"
"e16_s1_CCTCCTCGTTAAGAAC-1",3132,"Endothelial"
"e16_s1_CCTCCTCTCGAAATCC-1",1202,"ICC"
"e16_s1_CCTCCTCTCTACCACC-1",829,"Pericyte"
"e16_s1_CCTCCTCTCTCTCTAA-1",3385,"Smooth muscle"
"e16_s1_CCTCTAGAGACTTCAC-1",161,"ICC"
"e16_s1_CCTCTAGAGTATAACG-1",1973,"ICC"
"e16_s1_CCTCTAGAGTCTGGAG-1",3089,"ENS"
"e16_s1_CCTCTAGCAAAGACGC-1",1576,"Myofibroblast"
"e16_s1_CCTCTAGCAACTCGAT-1",1973,"Fibroblast"
"e16_s1_CCTCTAGCAATACGCT-1",760,"ENS"
"e16_s1_CCTCTAGCATGACGAG-1",2911,"Myofibroblast"
"e16_s1_CCTCTAGGTACCACGC-1",1579,"Fibroblast"
"e16_s1_CCTCTAGGTATGCGTT-1",794,"Myofibroblast"
"e16_s1_CCTCTAGGTGCAGATG-1",2469,"ENS"
"e16_s1_CCTCTAGTCCGTATGA-1",1999,"Fibroblast"
"e16_s1_CCTCTCCAGCCGAACA-1",72,"Fibroblast"
"e16_s1_CCTCTCCAGTTCGGTT-1",786,"Fibroblast"
"e16_s1_CCTCTCCCAATACGAA-1",2289,"ENS"
"e16_s1_CCTCTCCCACGTGAGA-1",626,"ENS"
"e16_s1_CCTCTCCCAGTGTATC-1",1667,"Fibroblast"
"e16_s1_CCTCTCCGTCGCAACC-1",2517,"ENS"
"e16_s1_CCTCTCCGTGCTTCAA-1",3083,"Fibroblast"
"e16_s1_CCTCTCCTCGAACGCC-1",2265,"ENS"
"e16_s1_CCTCTCCTCGGACGTC-1",2363,"Foregut Basal"
"e16_s1_CCTGCATAGACATATG-1",1999,"Fibroblast"
"e16_s1_CCTGCATAGCCGATTT-1",2289,"ENS"
"e16_s1_CCTGCATCACGGTGTC-1",3327,"Fibroblast"
"e16_s1_CCTGCATCATCCGAGC-1",3251,"Myofibroblast"
"e16_s1_CCTGCATGTCGATTCA-1",2089,"ENS"
"e16_s1_CCTGTTGCAAAGCTAA-1",938,"Fibroblast"
"e16_s1_CCTGTTGCACTAGGTT-1",2380,"Fibroblast"
"e16_s1_CCTGTTGCATAATCGC-1",1627,"Fibroblast"
"e16_s1_CCTGTTGGTGATGTAA-1",3089,"ENS"
"e16_s1_CCTGTTGTCCACGTAA-1",2469,"ENS"
"e16_s1_CCTGTTGTCGTACCTC-1",3310,"Fibroblast"
"e16_s1_CCTGTTGTCTCATTAC-1",1999,"Smooth muscle"
"e16_s1_CCTTCAGAGACGATAT-1",1576,"Fibroblast"
"e16_s1_CCTTCAGAGCGCCTAC-1",886,"ENS"
"e16_s1_CCTTCAGAGTGAGCCA-1",2469,"ENS"
"e16_s1_CCTTCAGCAAATCGGG-1",1861,"Fibroblast"
"e16_s1_CCTTCAGCACGACGTC-1",1973,"Fibroblast"
"e16_s1_CCTTCAGCAGTAACCT-1",815,"Fibroblast"
"e16_s1_CCTTCAGCAGTCAGTT-1",1091,"Fibroblast"
"e16_s1_CCTTCAGCATAACAGA-1",3339,"ENS"
"e16_s1_CCTTCAGGTCAAACGG-1",598,"Fibroblast"
"e16_s1_CCTTCAGGTCTCTCAC-1",2605,"Smooth muscle"
"e16_s1_CCTTCAGGTTCAAGTC-1",945,"ICC"
"e16_s1_CCTTCAGGTTCATCTT-1",3140,"Fibroblast"
"e16_s1_CCTTCAGTCTGTCCGT-1",2230,"ENS"
"e16_s1_CCTTGTGAGCTCGACC-1",2380,"Fibroblast"
"e16_s1_CCTTGTGCAGCTCTGG-1",2911,"Fibroblast"
"e16_s1_CCTTGTGCAGTATTCG-1",1782,"Simple Epithelial"
"e16_s1_CCTTGTGGTGTTATCG-1",2918,"Fibroblast"
"e16_s1_CCTTGTGGTTCCATTT-1",2380,"Fibroblast"
"e16_s1_CCTTGTGTCCGTACGG-1",76,"Endothelial"
"e16_s1_CCTTGTGTCTACACTT-1",2517,"ENS"
"e16_s1_CCTTTGGCAACCAACT-1",719,"Smooth muscle"
"e16_s1_CCTTTGGCACGTGTGC-1",2380,"Fibroblast"
"e16_s1_CCTTTGGCAGAGAATT-1",2307,"Fibroblast"
"e16_s1_CCTTTGGCATCTCCCA-1",1312,"Smooth muscle"
"e16_s1_CCTTTGGGTCCGATCG-1",2203,"Endothelial"
"e16_s1_CCTTTGGTCGAGCCAC-1",699,"Myofibroblast"
"e16_s1_CGAAGGAAGCATGTTC-1",2659,"ICC"
"e16_s1_CGAAGGACAATGCTCA-1",1144,"Fibroblast"
"e16_s1_CGAAGGACACGTAGAG-1",2145,"Myofibroblast"
"e16_s1_CGAAGGAGTGGACAGT-1",815,"Fibroblast"
"e16_s1_CGAAGGAGTTATCTTC-1",1091,"Fibroblast"
"e16_s1_CGAAGGAGTTCCTAGA-1",766,"ENS"
"e16_s1_CGAAGGAGTTCCTTGC-1",2307,"Pericyte"
"e16_s1_CGAAGGATCCGTAGGC-1",656,"Mesothelial"
"e16_s1_CGAAGGATCGCTACGG-1",920,"ENS"
"e16_s1_CGAAGTTAGCTTGTGT-1",2748,"Fibroblast"
"e16_s1_CGAAGTTCACGCGGTT-1",1353,"Foregut Basal"
"e16_s1_CGAAGTTGTAGATTAG-1",663,"ENS"
"e16_s1_CGAAGTTGTCCACATA-1",1504,"Pericyte"
"e16_s1_CGAAGTTGTCTGATCA-1",1914,"Fibroblast"
"e16_s1_CGAAGTTTCTAATTCC-1",8,"ENS"
"e16_s1_CGAATTGAGCACTCAT-1",656,"Fibroblast"
"e16_s1_CGAATTGAGGACAAGA-1",719,"ICC"
"e16_s1_CGAATTGAGGCGAAGG-1",2696,"ENS"
"e16_s1_CGAATTGAGTCATAGA-1",2742,"Immune"
"e16_s1_CGAATTGGTACTTGTG-1",2787,"Fibroblast"
"e16_s1_CGAATTGGTCAGTCTA-1",722,"Fibroblast"
"e16_s1_CGAATTGTCAACCCGG-1",1138,"Fibroblast"
"e16_s1_CGAATTGTCATTCGGA-1",794,"Fibroblast"
"e16_s1_CGAATTGTCTATTGTC-1",1914,"Fibroblast"
"e16_s1_CGACAGCAGCAGCCTC-1",459,"ENS"
"e16_s1_CGACAGCAGGAGTATT-1",640,"Myofibroblast"
"e16_s1_CGACAGCAGGGCAACT-1",901,"ENS"
"e16_s1_CGACAGCAGTATGCAA-1",794,"Pericyte"
"e16_s1_CGACAGCCATGCCATA-1",2005,"Fibroblast"
"e16_s1_CGACAGCGTATCGCTA-1",2659,"Fibroblast"
"e16_s1_CGACAGCGTGTCTAAC-1",2920,"Foregut Basal"
"e16_s1_CGACAGCGTTGCCGCA-1",3207,"Fibroblast"
"e16_s1_CGACAGCTCAATCTCT-1",1861,"Fibroblast"
"e16_s1_CGACAGCTCGCCTAGG-1",3089,"ENS"
"e16_s1_CGAGAAGAGAGTCAAT-1",2497,"Fibroblast"
"e16_s1_CGAGAAGAGCCACAAG-1",2645,"ENS"
"e16_s1_CGAGAAGCAATGGCAG-1",1213,"Endothelial"
"e16_s1_CGAGAAGCACTTGACA-1",2036,"Foregut Basal"
"e16_s1_CGAGAAGGTATTCCTT-1",1548,"Endothelial"
"e16_s1_CGAGAAGTCGACCACG-1",3207,"Fibroblast"
"e16_s1_CGAGGAAGTATGATCC-1",916,"Fibroblast"
"e16_s1_CGAGGAAGTGCTCGTG-1",1262,"ENS"
"e16_s1_CGAGGAATCCTAGCCT-1",1784,"ENS"
"e16_s1_CGAGGAATCCTTACCG-1",3199,"ENS"
"e16_s1_CGAGGCTAGAAGCTCG-1",1576,"Smooth muscle"
"e16_s1_CGAGGCTAGGTTGCCC-1",1973,"Fibroblast"
"e16_s1_CGAGGCTCAACGTTAC-1",2930,"Mesothelial"
"e16_s1_CGAGGCTCAAGAGAGA-1",2787,"Fibroblast"
"e16_s1_CGAGGCTCAGTTCCAA-1",2891,"Fibroblast"
"e16_s1_CGAGGCTCATCGGATT-1",740,"Fibroblast"
"e16_s1_CGAGGCTGTCAACGCC-1",1449,"ENS"
"e16_s1_CGAGGCTTCAAATGAG-1",1595,"Fibroblast"
"e16_s1_CGAGTGCAGGAAAGAC-1",884,"Fibroblast"
"e16_s1_CGAGTGCAGGCCTAAG-1",598,"Smooth muscle"
"e16_s1_CGAGTGCCACTTACAG-1",3089,"ENS"
"e16_s1_CGAGTGCCAGTTGAAA-1",1504,"Fibroblast"
"e16_s1_CGAGTGCGTGGCAACA-1",2721,"Endothelial"
"e16_s1_CGAGTGCGTGGGACAT-1",3040,"Myofibroblast"
"e16_s1_CGAGTGCGTGGTGATG-1",2659,"Smooth muscle"
"e16_s1_CGAGTGCGTTGCATTG-1",1973,"Fibroblast"
"e16_s1_CGAGTGCTCATGCCCT-1",2517,"ENS"
"e16_s1_CGAGTTAAGGCCTGAA-1",1999,"Fibroblast"
"e16_s1_CGAGTTAAGGGCGAGA-1",3369,"Fibroblast"
"e16_s1_CGAGTTACAAGCCCAC-1",676,"Fibroblast"
"e16_s1_CGAGTTACAATTCTCT-1",3083,"Fibroblast"
"e16_s1_CGAGTTACACTGCGTG-1",1630,"Fibroblast"
"e16_s1_CGAGTTAGTGTCTTAG-1",2868,"ENS"
"e16_s1_CGAGTTATCGATACAC-1",2040,"Smooth muscle"
"e16_s1_CGAGTTATCGGTAGAG-1",707,"ENS"
"e16_s1_CGATCGGAGTTTGAGA-1",2363,"Foregut Basal"
"e16_s1_CGATCGGCAAACCACT-1",1041,"Simple Epithelial"
"e16_s1_CGATCGGCACGTAGTT-1",3251,"Fibroblast"
"e16_s1_CGATCGGCACTTGTGA-1",2953,"ENS"
"e16_s1_CGATCGGGTACTCGCG-1",626,"ENS"
"e16_s1_CGATCGGGTGATACAA-1",167,"ENS"
"e16_s1_CGATCGGTCTGAATCG-1",1327,"Foregut Basal"
"e16_s1_CGATGCGAGAAGAACG-1",2294,"ENS"
"e16_s1_CGATGCGAGCCGAATG-1",491,"Fibroblast"
"e16_s1_CGATGCGAGGCATTTC-1",2289,"ENS"
"e16_s1_CGATGCGAGTCGAGGT-1",719,"Mesothelial"
"e16_s1_CGATGCGCAATTTCCT-1",1973,"Fibroblast"
"e16_s1_CGATGCGCACTCCGGA-1",2721,"Endothelial"
"e16_s1_CGATGCGGTAGTACGG-1",3251,"Fibroblast"
"e16_s1_CGATGCGGTCACCGAC-1",2953,"ENS"
"e16_s1_CGATGCGGTTTCACAG-1",2992,"ENS"
"e16_s1_CGATGCGTCACCTTGC-1",2066,"Smooth muscle"
"e16_s1_CGATGCGTCTAAACGC-1",546,"ENS"
"e16_s1_CGATGGCAGAAATGGG-1",1204,"ENS"
"e16_s1_CGATGGCCAGGACATG-1",106,"Fibroblast"
"e16_s1_CGATGGCGTAACGGTG-1",2605,"Smooth muscle"
"e16_s1_CGATGGCTCAAGGACG-1",3354,"ENS"
"e16_s1_CGATGGCTCATTCCTA-1",1576,"Myofibroblast"
"e16_s1_CGCAGGTGTAGACGGT-1",2659,"Pericyte"
"e16_s1_CGCAGGTGTGCCCACA-1",3343,"Endothelial"
"e16_s1_CGCAGGTGTGCTCCGA-1",3083,"Mesothelial"
"e16_s1_CGCAGGTTCGGAATGG-1",2469,"ENS"
"e16_s1_CGCATAAAGATCCAAA-1",509,"ENS"
"e16_s1_CGCATAAAGGCTTAGG-1",2483,"Fibroblast"
"e16_s1_CGCATAAAGTAACGAT-1",2757,"ENS"
"e16_s1_CGCATAACAAGACCGA-1",2893,"Fibroblast"
"e16_s1_CGCATAACACGGCGTT-1",1999,"Fibroblast"
"e16_s1_CGCATAACACTAAACC-1",2354,"Fibroblast"
"e16_s1_CGCATAAGTACCGGAA-1",1861,"Fibroblast"
"e16_s1_CGCATAAGTAGAGATT-1",1692,"Foregut Basal"
"e16_s1_CGCATAAGTTCTTCAT-1",2928,"Fibroblast"
"e16_s1_CGCATAAGTTGCCTAA-1",1973,"Smooth muscle"
"e16_s1_CGCATAATCAGCTGAT-1",938,"Fibroblast"
"e16_s1_CGCATAATCGTAACTG-1",2709,"ENS"
"e16_s1_CGCATGGAGACGAAGA-1",817,"Fibroblast"
"e16_s1_CGCATGGAGAGGCGTT-1",1353,"Foregut Basal"
"e16_s1_CGCATGGCAAAGAGTT-1",2729,"ENS"
"e16_s1_CGCATGGCAAGTGGTG-1",2089,"ENS"
"e16_s1_CGCATGGCACGAGGTA-1",1549,"Fibroblast"
"e16_s1_CGCATGGGTGAATATG-1",920,"ENS"
"e16_s1_CGCATGGGTTTGGGTT-1",1860,"Fibroblast"
"e16_s1_CGCATGGTCGCATGAT-1",1973,"Myofibroblast"
"e16_s1_CGCCAGAAGAAGCGGG-1",1973,"Fibroblast"
"e16_s1_CGCCAGAAGGTCACCC-1",1973,"Fibroblast"
"e16_s1_CGCCAGACACATATGC-1",2994,"ENS"
"e16_s1_CGCCAGACATACCACA-1",2994,"ENS"
"e16_s1_CGCCAGAGTACCCAGC-1",2940,"Smooth muscle"
"e16_s1_CGCCAGAGTCCCGGTA-1",2659,"Fibroblast"
"e16_s1_CGCCAGATCGGAAGGT-1",1434,"Fibroblast"
"e16_s1_CGCCATTAGCTAGAGC-1",2777,"Fibroblast"
"e16_s1_CGCCATTGTTAAGGAT-1",3369,"Pericyte"
"e16_s1_CGCGTGACACAAATCC-1",31,"ENS"
"e16_s1_CGCGTGACACCACATA-1",1973,"Fibroblast"
"e16_s1_CGCGTGACACTTTATC-1",2659,"Pericyte"
"e16_s1_CGCGTGACAGACCAAG-1",2316,"Fibroblast"
"e16_s1_CGCGTGACATCAGTCA-1",920,"ENS"
"e16_s1_CGCGTGATCGTTCCTG-1",1106,"ENS"
"e16_s1_CGGAACCCAACCCGCA-1",952,"Endothelial"
"e16_s1_CGGAACCCATTGTAGC-1",598,"Fibroblast"
"e16_s1_CGGAACCGTACTCGAT-1",5,"Fibroblast"
"e16_s1_CGGAACCGTTGCATTG-1",749,"ENS"
"e16_s1_CGGAACCTCCCAAGTA-1",2605,"Myofibroblast"
"e16_s1_CGGAACCTCGTGACTA-1",2540,"Fibroblast"
"e16_s1_CGGAATTAGATCCCAT-1",471,"Fibroblast"
"e16_s1_CGGAATTAGCTGACTT-1",1973,"Fibroblast"
"e16_s1_CGGAATTCACTCTAGA-1",3051,"Fibroblast"
"e16_s1_CGGAATTCAGCCGGTT-1",2893,"Fibroblast"
"e16_s1_CGGAATTCATACCAGT-1",145,"Pericyte"
"e16_s1_CGGAATTGTACGATTC-1",815,"Myofibroblast"
"e16_s1_CGGAATTGTCTTGTCC-1",1642,"ENS"
"e16_s1_CGGAATTGTGGGTATG-1",719,"Fibroblast"
"e16_s1_CGGAATTTCCTTTAGT-1",1369,"Fibroblast"
"e16_s1_CGGACACAGGCACGAT-1",598,"Fibroblast"
"e16_s1_CGGACACCAGTACTAC-1",920,"ENS"
"e16_s1_CGGACACGTATCATGC-1",2209,"Immune"
"e16_s1_CGGACACGTGTATTGC-1",2790,"Fibroblast"
"e16_s1_CGGACACGTTCCTACC-1",1973,"Myofibroblast"
"e16_s1_CGGACACGTTGGGATG-1",1353,"Myofibroblast"
"e16_s1_CGGACACGTTTCCATT-1",3182,"Immune"
"e16_s1_CGGACACTCCTGTACC-1",2709,"ENS"
"e16_s1_CGGAGAAAGACAAGCC-1",1555,"Endothelial"
"e16_s1_CGGAGAAAGACATCAA-1",1081,"Fibroblast"
"e16_s1_CGGAGAAAGCCGTTGC-1",1003,"Foregut Basal"
"e16_s1_CGGAGAACAAACTCTG-1",2690,"Fibroblast"
"e16_s1_CGGAGAACAACGTTAC-1",916,"Myofibroblast"
"e16_s1_CGGAGAACAATACGAA-1",1576,"Fibroblast"
"e16_s1_CGGAGAACACCCGTAG-1",2645,"ENS"
"e16_s1_CGGAGAACACGGCACT-1",105,"Fibroblast"
"e16_s1_CGGAGAACAGCTGAAG-1",1973,"Fibroblast"
"e16_s1_CGGAGAAGTAGACAAT-1",897,"Myofibroblast"
"e16_s1_CGGAGAAGTGTTCGAT-1",676,"Fibroblast"
"e16_s1_CGGAGAATCCTACAAG-1",519,"Mesothelial"
"e16_s1_CGGCAGTCAAGTCGTT-1",598,"Myofibroblast"
"e16_s1_CGGCAGTCATTAAAGG-1",841,"Foregut Basal"
"e16_s1_CGGCAGTGTATGATCC-1",2089,"ENS"
"e16_s1_CGGCAGTGTTGGTAGG-1",1892,"Simple Epithelial"
"e16_s1_CGGCAGTGTTTGCCGG-1",1312,"Myofibroblast"
"e16_s1_CGGGACTAGGTGGCTA-1",2383,"Endothelial"
"e16_s1_CGGGACTGTGGACCAA-1",719,"Smooth muscle"
"e16_s1_CGGGACTTCCGATAAC-1",938,"Myofibroblast"
"e16_s1_CGGGACTTCTTTGATC-1",2203,"Endothelial"
"e16_s1_CGGGCATAGAACAGGA-1",1111,"ENS"
"e16_s1_CGGGCATAGCCTCATA-1",829,"Fibroblast"
"e16_s1_CGGGCATCATGCACTA-1",3385,"Fibroblast"
"e16_s1_CGGGCATGTCACATTG-1",2928,"Fibroblast"
"e16_s1_CGGGCATGTGTGTGTT-1",251,"ENS"
"e16_s1_CGGGCATGTTCAAAGA-1",815,"Myofibroblast"
"e16_s1_CGGGCATTCCGGACGT-1",2928,"Fibroblast"
"e16_s1_CGGGCATTCCTTCTGG-1",491,"Fibroblast"
"e16_s1_CGGGCATTCGCTCTCA-1",1973,"Fibroblast"
"e16_s1_CGGGTCACACAGACGA-1",2992,"ENS"
"e16_s1_CGGGTCACATCATTGG-1",641,"Smooth muscle"
"e16_s1_CGGGTCAGTCATCGCG-1",1973,"Fibroblast"
"e16_s1_CGGGTCATCCGCGGAT-1",1983,"ICC"
"e16_s1_CGGGTCATCGAGGCAA-1",1861,"Fibroblast"
"e16_s1_CGGGTGTAGAACGCGT-1",1312,"Mesothelial"
"e16_s1_CGGGTGTAGACGGTTG-1",829,"Fibroblast"
"e16_s1_CGGGTGTCACTTGACA-1",2777,"Fibroblast"
"e16_s1_CGGGTGTCATCTTAGG-1",2289,"ENS"
"e16_s1_CGGGTGTGTAACGTTC-1",984,"Smooth muscle"
"e16_s1_CGGGTGTGTGTCATTG-1",884,"Smooth muscle"
"e16_s1_CGGGTGTTCTTGGGCG-1",3207,"Fibroblast"
"e16_s1_CGGGTGTTCTTTCCAA-1",1327,"Foregut Basal"
"e16_s1_CGGTCAGCAAAGGTTA-1",598,"Fibroblast"
"e16_s1_CGGTCAGCAGGTGGAT-1",2800,"Endothelial"
"e16_s1_CGGTCAGTCAGGAAGC-1",884,"Smooth muscle"
"e16_s1_CGTAAGTAGTATGACA-1",3060,"ENS"
"e16_s1_CGTAAGTAGTCATAGA-1",1327,"Foregut Basal"
"e16_s1_CGTAAGTGTCGCGTTG-1",1973,"Fibroblast"
"e16_s1_CGTAAGTGTTCCCACT-1",3067,"ENS"
"e16_s1_CGTAAGTTCACCTACC-1",901,"ENS"
"e16_s1_CGTAAGTTCGAAACAA-1",3017,"ENS"
"e16_s1_CGTAAGTTCGCTCTAC-1",2380,"Pericyte"
"e16_s1_CGTAAGTTCTCAGAAC-1",1973,"Fibroblast"
"e16_s1_CGTAATGAGCAGCCTC-1",2940,"Fibroblast"
"e16_s1_CGTAATGAGCTGTGCC-1",2835,"Endothelial"
"e16_s1_CGTAATGCACAAGCAG-1",2517,"ENS"
"e16_s1_CGTAATGGTCTAACTG-1",2380,"Fibroblast"
"e16_s1_CGTAATGGTTCGTACA-1",916,"Fibroblast"
"e16_s1_CGTAATGGTTGCTCAA-1",2363,"Foregut Basal"
"e16_s1_CGTAATGTCATCCTAT-1",1277,"ENS"
"e16_s1_CGTAGTAAGGGTGAAA-1",656,"Fibroblast"
"e16_s1_CGTAGTAAGTGTTCCA-1",1327,"Foregut Basal"
"e16_s1_CGTAGTAGTCAACCTA-1",2195,"Fibroblast"
"e16_s1_CGTAGTATCGAGCACC-1",2354,"Fibroblast"
"e16_s1_CGTAGTATCTTGAACG-1",897,"Myofibroblast"
"e16_s1_CGTCAAAAGAAGGCTC-1",886,"ENS"
"e16_s1_CGTCAAAAGACCTCCG-1",2994,"ENS"
"e16_s1_CGTCAAAAGCACTTTG-1",1580,"Fibroblast"
"e16_s1_CGTCAAAAGGTAGTCG-1",916,"Fibroblast"
"e16_s1_CGTCAAACAAATACAG-1",815,"Mesothelial"
"e16_s1_CGTCAAAGTGGACTAG-1",1353,"Foregut Basal"
"e16_s1_CGTCAAAGTGGGTATG-1",2126,"ENS"
"e16_s1_CGTCAAATCCGTGACG-1",1144,"Pericyte"
"e16_s1_CGTCCATAGACATATG-1",3089,"ENS"
"e16_s1_CGTCCATCAAACCACT-1",1933,"Fibroblast"
"e16_s1_CGTCCATCAAGCGCTC-1",2787,"Myofibroblast"
"e16_s1_CGTCCATCACGAAAGC-1",938,"Fibroblast"
"e16_s1_CGTCCATCAGCAATTC-1",1079,"Fibroblast"
"e16_s1_CGTCCATGTAAGTAGT-1",1010,"Foregut Basal"
"e16_s1_CGTCCATGTGGGACAT-1",984,"Fibroblast"
"e16_s1_CGTCCATTCAAGCCAT-1",760,"ENS"
"e16_s1_CGTCCATTCGGAGTGA-1",815,"Fibroblast"
"e16_s1_CGTCCATTCGTGGTAT-1",2408,"ENS"
"e16_s1_CGTGAATAGGCTCTCG-1",1144,"ICC"
"e16_s1_CGTGAATAGTCATGGG-1",1376,"Mesothelial"
"e16_s1_CGTGAATCACTCAAGT-1",119,"Fibroblast"
"e16_s1_CGTGAATCAGTGACCC-1",3346,"Endothelial"
"e16_s1_CGTGAATCATCATCCC-1",740,"Fibroblast"
"e16_s1_CGTGAATGTATCAGGG-1",2891,"Mesothelial"
"e16_s1_CGTGAATGTTCTCAGA-1",2118,"Smooth muscle"
"e16_s1_CGTGATACAGGCCCTA-1",2396,"Fibroblast"
"e16_s1_CGTGATACATTCGATG-1",1504,"Fibroblast"
"e16_s1_CGTGATAGTCCACTCT-1",815,"Fibroblast"
"e16_s1_CGTGATATCTTTGATC-1",886,"ENS"
"e16_s1_CGTGCTTAGCCTGTGC-1",2690,"Pericyte"
"e16_s1_CGTGCTTGTCTGGTTA-1",2443,"Fibroblast"
"e16_s1_CGTGCTTGTTCTCACC-1",2690,"Fibroblast"
"e16_s1_CGTGCTTTCCCGTGAG-1",3340,"Fibroblast"
"e16_s1_CGTGTCTAGGGTCACA-1",1973,"Pericyte"
"e16_s1_CGTGTCTAGTATTGCC-1",1171,"Fibroblast"
"e16_s1_CGTGTCTCAATGAACA-1",916,"Fibroblast"
"e16_s1_CGTGTCTGTGCCGTAC-1",2690,"Fibroblast"
"e16_s1_CGTGTCTGTGGCCCAT-1",1327,"Foregut Basal"
"e16_s1_CGTGTCTGTTCAAGTC-1",1999,"Fibroblast"
"e16_s1_CGTGTCTTCAGCCTTC-1",2036,"Foregut Basal"
"e16_s1_CGTGTCTTCCTTATAC-1",320,"Endothelial"
"e16_s1_CGTGTCTTCTAGGCCG-1",2891,"Fibroblast"
"e16_s1_CGTGTCTTCTTGAGCA-1",2777,"Fibroblast"
"e16_s1_CGTTAGAAGTAGGTTA-1",1079,"Fibroblast"
"e16_s1_CGTTAGAAGTGAGTGC-1",1706,"ENS"
"e16_s1_CGTTAGACAAGACCGA-1",2483,"Fibroblast"
"e16_s1_CGTTAGACAATTCTTC-1",2659,"Smooth muscle"
"e16_s1_CGTTAGACATCGAAGG-1",2126,"ENS"
"e16_s1_CGTTAGAGTACCCAGC-1",2048,"Mesothelial"
"e16_s1_CGTTAGAGTTAACCTG-1",2659,"Myofibroblast"
"e16_s1_CGTTAGAGTTAGAAAC-1",2203,"Endothelial"
"e16_s1_CGTTAGATCTGCGGCA-1",408,"Fibroblast"
"e16_s1_CGTTAGATCTGTTCAT-1",2225,"Smooth muscle"
"e16_s1_CGTTCTGAGCGGTAGT-1",1999,"Fibroblast"
"e16_s1_CGTTCTGGTACTTCCC-1",1113,"Endothelial"
"e16_s1_CGTTCTGGTTATGTCG-1",1861,"Fibroblast"
"e16_s1_CGTTGGGAGACTCATC-1",951,"Endothelial"
"e16_s1_CGTTGGGGTCAGCGTC-1",1411,"Fibroblast"
"e16_s1_CGTTGGGGTCGAATTC-1",2294,"ENS"
"e16_s1_CGTTGGGTCCCTCGAT-1",815,"Myofibroblast"
"e16_s1_CGTTGGGTCCGATGTA-1",2645,"ENS"
"e16_s1_CGTTGGGTCGATACAC-1",1642,"ENS"
"e16_s1_CTAACCCAGTAAGAGG-1",2230,"ENS"
"e16_s1_CTAACCCCACAGCTTA-1",2147,"ENS"
"e16_s1_CTAACCCCAGCGTGAA-1",3385,"Pericyte"
"e16_s1_CTAACCCGTCGCAACC-1",815,"Fibroblast"
"e16_s1_CTAACCCTCAAGAATG-1",966,"ENS"
"e16_s1_CTAACCCTCACGGAGA-1",1213,"Endothelial"
"e16_s1_CTAACCCTCCGTATAG-1",1185,"ENS"
"e16_s1_CTAACCCTCGACCACG-1",2203,"Endothelial"
"e16_s1_CTAACCCTCGTGCACG-1",529,"ENS"
"e16_s1_CTAACTTAGGCCACTC-1",1997,"Fibroblast"
"e16_s1_CTAACTTCACCCTAGG-1",3339,"ENS"
"e16_s1_CTAACTTCATTGACAC-1",1158,"Fibroblast"
"e16_s1_CTAACTTGTACTGGGA-1",886,"ENS"
"e16_s1_CTAACTTGTATCGCTA-1",1627,"Fibroblast"
"e16_s1_CTAACTTGTATCTCTT-1",3060,"ENS"
"e16_s1_CTAACTTTCCTCTCTT-1",2422,"Endothelial"
"e16_s1_CTAAGTGAGCAGGTCA-1",2911,"Fibroblast"
"e16_s1_CTAAGTGAGGCTAACG-1",598,"ICC"
"e16_s1_CTAAGTGAGTAGAGTT-1",1551,"Smooth muscle"
"e16_s1_CTAAGTGCATGACGGA-1",2289,"ENS"
"e16_s1_CTAAGTGGTAACCAGG-1",719,"Smooth muscle"
"e16_s1_CTAAGTGGTCTTGAGT-1",2868,"ENS"
"e16_s1_CTAAGTGTCCAATCTT-1",1973,"Fibroblast"
"e16_s1_CTAAGTGTCGAGCACC-1",2064,"Fibroblast"
"e16_s1_CTAAGTGTCTGAGTCA-1",2354,"Fibroblast"
"e16_s1_CTAAGTGTCTGGGCGT-1",1796,"ENS"
"e16_s1_CTACAGACATCCGCGA-1",3227,"Fibroblast"
"e16_s1_CTACAGAGTACTCGAT-1",2217,"Fibroblast"
"e16_s1_CTACAGAGTGGTCTGC-1",656,"Fibroblast"
"e16_s1_CTACAGATCATTGGTG-1",1999,"Fibroblast"
"e16_s1_CTACAGATCTACCCAC-1",1555,"Endothelial"
"e16_s1_CTACATTAGGACTATA-1",1359,"Fibroblast"
"e16_s1_CTACATTAGGCATTTC-1",2709,"ENS"
"e16_s1_CTACATTAGTACTGTC-1",56,"ENS"
"e16_s1_CTACATTCAACGACTT-1",2953,"ENS"
"e16_s1_CTACATTCAAGAGTTA-1",2048,"Smooth muscle"
"e16_s1_CTACATTCACAGAAGC-1",126,"Myofibroblast"
"e16_s1_CTACATTCATGATCTG-1",2968,"ENS"
"e16_s1_CTACATTGTGCGTGCT-1",2787,"Fibroblast"
"e16_s1_CTACATTGTGGATACG-1",2893,"Fibroblast"
"e16_s1_CTACATTGTGTCCACG-1",3031,"ENS"
"e16_s1_CTACATTGTGTTCCAA-1",2307,"Fibroblast"
"e16_s1_CTACATTGTTAGAAAC-1",1935,"Myofibroblast"
"e16_s1_CTACATTGTTGGTAGG-1",2160,"ENS"
"e16_s1_CTACATTTCGCAACAT-1",2090,"ENS"
"e16_s1_CTACATTTCGCAGTTA-1",916,"Fibroblast"
"e16_s1_CTACATTTCGTAGCCG-1",2843,"Pericyte"
"e16_s1_CTACCCAAGCACTGGA-1",2978,"Fibroblast"
"e16_s1_CTACCCAAGTACTGTC-1",1003,"Foregut Basal"
"e16_s1_CTACCCACAATCGTCA-1",3248,"Fibroblast"
"e16_s1_CTACCCATCATTTCGT-1",3210,"Fibroblast"
"e16_s1_CTACCCATCCACTGGG-1",1312,"ICC"
"e16_s1_CTACCCATCCCGAACG-1",2777,"Myofibroblast"
"e16_s1_CTACCCATCCGTTTCG-1",1035,"Fibroblast"
"e16_s1_CTACCCATCGAGCACC-1",598,"Fibroblast"
"e16_s1_CTACCTGAGACTTGTC-1",2089,"ENS"
"e16_s1_CTACCTGCAGTAGAGC-1",897,"ICC"
"e16_s1_CTACCTGCATAACTCG-1",1091,"Fibroblast"
"e16_s1_CTACCTGCATACATCG-1",2891,"Fibroblast"
"e16_s1_CTACCTGCATGAGATA-1",938,"ICC"
"e16_s1_CTACCTGGTATCGAGG-1",1667,"Fibroblast"
"e16_s1_CTACCTGGTTGGCCGT-1",2777,"Smooth muscle"
"e16_s1_CTACCTGTCACGGAGA-1",2089,"ENS"
"e16_s1_CTACCTGTCTGCGTCT-1",1576,"Myofibroblast"
"e16_s1_CTACGGGAGTAAGAGG-1",2613,"ENS"
"e16_s1_CTACGGGCACTAGGCC-1",2048,"Fibroblast"
"e16_s1_CTACGGGCAGATTTCG-1",786,"Mesothelial"
"e16_s1_CTACGGGCATTCTGTT-1",1851,"Foregut Basal"
"e16_s1_CTACGGGCATTGAGGG-1",3251,"Fibroblast"
"e16_s1_CTACGGGGTGCCTACG-1",2217,"Fibroblast"
"e16_s1_CTACGGGGTTACCCAA-1",1704,"Fibroblast"
"e16_s1_CTACGGGTCAAAGCCT-1",2891,"Fibroblast"
"e16_s1_CTACGGGTCGCCAGTG-1",1914,"Fibroblast"
"e16_s1_CTACTATAGCTGAGCA-1",1619,"Endothelial"
"e16_s1_CTACTATCAAATCAGA-1",2363,"Foregut Basal"
"e16_s1_CTACTATCACGCTATA-1",1973,"ICC"
"e16_s1_CTACTATCACTTGAGT-1",2354,"Fibroblast"
"e16_s1_CTACTATGTACAAACA-1",2307,"Fibroblast"
"e16_s1_CTACTATTCGCAACAT-1",2953,"ENS"
"e16_s1_CTACTATTCGCCAGAC-1",3248,"Myofibroblast"
"e16_s1_CTACTATTCGTCCTTG-1",2396,"Fibroblast"
"e16_s1_CTACTATTCTGCTTAT-1",2347,"Smooth muscle"
"e16_s1_CTACTATTCTTGTGCC-1",815,"Fibroblast"
"e16_s1_CTAGACAAGACTTCCA-1",2307,"Fibroblast"
"e16_s1_CTAGACAAGCGCCTTG-1",3085,"Smooth muscle"
"e16_s1_CTAGACAAGGTAAGAG-1",1185,"ENS"
"e16_s1_CTAGACACACAAGCTT-1",2224,"Fibroblast"
"e16_s1_CTAGACACACTGTTCC-1",19,"Smooth muscle"
"e16_s1_CTAGACACATAGATGA-1",3199,"ENS"
"e16_s1_CTAGACACATGTGCCG-1",984,"Myofibroblast"
"e16_s1_CTAGACACATGTTACG-1",2891,"Fibroblast"
"e16_s1_CTAGACAGTCGTACAT-1",2469,"ENS"
"e16_s1_CTAGGTAAGAAATTGC-1",1999,"Fibroblast"
"e16_s1_CTAGGTAAGGCTCTAT-1",2294,"ENS"
"e16_s1_CTAGGTACAGAACTAA-1",1213,"Endothelial"
"e16_s1_CTAGGTAGTAATGCGG-1",2893,"Fibroblast"
"e16_s1_CTAGGTATCACTCTTA-1",2868,"ENS"
"e16_s1_CTAGGTATCAGAGTTC-1",1424,"Pericyte"
"e16_s1_CTAGGTATCCTGCTAC-1",493,"ENS"
"e16_s1_CTAGGTATCTTGGATG-1",1198,"Myofibroblast"
"e16_s1_CTATAGGAGGGCAAGG-1",741,"Fibroblast"
"e16_s1_CTATAGGGTGCCGAAA-1",794,"Fibroblast"
"e16_s1_CTATAGGGTTTCACTT-1",3023,"ENS"
"e16_s1_CTATCCGCAACATACC-1",3207,"Fibroblast"
"e16_s1_CTATCCGCACTGCGAC-1",1997,"Fibroblast"
"e16_s1_CTATCCGGTCAGACTT-1",1832,"ENS"
"e16_s1_CTATCCGGTTGCTCAA-1",3089,"ENS"
"e16_s1_CTATCCGTCCTAACAG-1",1003,"Foregut Basal"
"e16_s1_CTATCCGTCCTTGACC-1",1595,"Pericyte"
"e16_s1_CTATCTACAAATCAGA-1",841,"Foregut Basal"
"e16_s1_CTATCTACAATGGGTG-1",815,"Fibroblast"
"e16_s1_CTATCTACACGCTGTG-1",1706,"ENS"
"e16_s1_CTATCTACACGTGTGC-1",1595,"Smooth muscle"
"e16_s1_CTATCTACATGGAATA-1",2483,"Fibroblast"
"e16_s1_CTATCTAGTAGACGGT-1",890,"ENS"
"e16_s1_CTATCTAGTCCACTTC-1",1973,"Fibroblast"
"e16_s1_CTATCTAGTCCTACAA-1",1178,"Fibroblast"
"e16_s1_CTATCTAGTGAGCCAA-1",1011,"Foregut Basal"
"e16_s1_CTATCTATCGAACACT-1",2953,"ENS"
"e16_s1_CTCAACCAGTCCCTAA-1",1185,"ENS"
"e16_s1_CTCAACCAGTCCTACA-1",676,"Fibroblast"
"e16_s1_CTCAACCCACTACCCT-1",938,"Fibroblast"
"e16_s1_CTCAACCCAGTCACGC-1",813,"Fibroblast"
"e16_s1_CTCAACCCATCTCATT-1",1713,"ENS"
"e16_s1_CTCAACCCATGCTGCG-1",2911,"Myofibroblast"
"e16_s1_CTCAACCGTAGTCCTA-1",544,"Endothelial"
"e16_s1_CTCAACCTCCGCGGAT-1",1144,"ICC"
"e16_s1_CTCAACCTCGCTGTTC-1",3346,"Endothelial"
"e16_s1_CTCAACCTCGTTCCTG-1",2893,"Fibroblast"
"e16_s1_CTCAACCTCTTCCCAG-1",2757,"ENS"
"e16_s1_CTCAAGAAGAGGCTGT-1",2347,"Mesothelial"
"e16_s1_CTCAAGACAATCAAGA-1",2659,"Fibroblast"
"e16_s1_CTCAAGACAATGGCCC-1",1576,"Fibroblast"
"e16_s1_CTCAAGAGTCCCTAAA-1",598,"Fibroblast"
"e16_s1_CTCAATTAGTTGCGAG-1",2396,"Fibroblast"
"e16_s1_CTCAATTCAGCCTATA-1",760,"ENS"
"e16_s1_CTCAATTGTCCAGCGT-1",1092,"Fibroblast"
"e16_s1_CTCAATTTCGTTCATT-1",1202,"Fibroblast"
"e16_s1_CTCACTGAGAAGCCTG-1",1312,"Fibroblast"
"e16_s1_CTCACTGAGCTCCACG-1",2463,"Fibroblast"
"e16_s1_CTCACTGAGTAAACAC-1",938,"Myofibroblast"
"e16_s1_CTCACTGAGTCACTAC-1",2890,"Fibroblast"
"e16_s1_CTCACTGAGTCGGCAA-1",1213,"Endothelial"
"e16_s1_CTCACTGGTAGAATAC-1",719,"Pericyte"
"e16_s1_CTCACTGGTTACCTTT-1",2928,"Fibroblast"
"e16_s1_CTCACTGTCGTTCTCG-1",417,"ENS"
"e16_s1_CTCAGAAAGCAACAAT-1",2928,"Fibroblast"
"e16_s1_CTCAGAAAGGCCACTC-1",2665,"ENS"
"e16_s1_CTCAGAACAAACTCGT-1",2937,"Pericyte"
"e16_s1_CTCAGAACACAGAAGC-1",1774,"ENS"
"e16_s1_CTCAGAACACGACGAA-1",2978,"Fibroblast"
"e16_s1_CTCAGAACACTAGGCC-1",719,"Fibroblast"
"e16_s1_CTCAGAACATATCTGG-1",723,"Myofibroblast"
"e16_s1_CTCAGAAGTGAAGCTG-1",1973,"Fibroblast"
"e16_s1_CTCAGAATCAGTCTTT-1",2396,"Myofibroblast"
"e16_s1_CTCAGAATCCGTGTCT-1",2042,"Myofibroblast"
"e16_s1_CTCAGGGCACCCAATA-1",2358,"Myofibroblast"
"e16_s1_CTCAGGGCAGTAGTTC-1",2893,"Fibroblast"
"e16_s1_CTCAGGGGTTCTGACA-1",2911,"Fibroblast"
"e16_s1_CTCAGGGTCAACTGGT-1",938,"Smooth muscle"
"e16_s1_CTCAGTCAGACCAACG-1",1654,"Simple Epithelial"
"e16_s1_CTCAGTCAGTGGAAAG-1",815,"Fibroblast"
"e16_s1_CTCAGTCCAAACAGGC-1",1595,"Smooth muscle"
"e16_s1_CTCAGTCGTACTCGCG-1",1424,"Fibroblast"
"e16_s1_CTCAGTCGTATCAGGG-1",1158,"Fibroblast"
"e16_s1_CTCAGTCGTGAACTAA-1",1999,"Fibroblast"
"e16_s1_CTCAGTCGTTAAGAAC-1",2242,"ENS"
"e16_s1_CTCAGTCTCGACGCTG-1",2269,"ENS"
"e16_s1_CTCAGTCTCGCTTGCT-1",938,"Myofibroblast"
"e16_s1_CTCATCGAGGCTATCT-1",58,"Fibroblast"
"e16_s1_CTCATCGAGGGAGGCA-1",1973,"Fibroblast"
"e16_s1_CTCATCGCATGCGGTC-1",1504,"Fibroblast"
"e16_s1_CTCATCGGTAGTGCGA-1",2690,"Fibroblast"
"e16_s1_CTCATCGGTTCCACGG-1",815,"Fibroblast"
"e16_s1_CTCATGCAGGCTGGAT-1",1839,"ENS"
"e16_s1_CTCATGCCAAAGGGTC-1",2891,"Fibroblast"
"e16_s1_CTCATGCCAACCGATT-1",920,"ENS"
"e16_s1_CTCATGCCACGTAGTT-1",1450,"ENS"
"e16_s1_CTCATGCCATGACTAC-1",2250,"ENS"
"e16_s1_CTCATGCGTGTCTCCT-1",1973,"Fibroblast"
"e16_s1_CTCATGCGTTAGGCCC-1",1003,"Foregut Basal"
"e16_s1_CTCATTAAGAGGACTC-1",563,"ENS"
"e16_s1_CTCATTACAAAGGGCT-1",1434,"Fibroblast"
"e16_s1_CTCATTACAACCAATC-1",2953,"ENS"
"e16_s1_CTCATTATCCATGATG-1",2408,"ENS"
"e16_s1_CTCATTATCGATTGAC-1",3227,"Myofibroblast"
"e16_s1_CTCCAACAGAGCAGTC-1",2605,"Fibroblast"
"e16_s1_CTCCAACAGCACAAAT-1",3251,"Mesothelial"
"e16_s1_CTCCAACCACAAGGTG-1",1860,"Fibroblast"
"e16_s1_CTCCAACGTCATACCA-1",550,"ENS"
"e16_s1_CTCCAACGTCTCCTGT-1",886,"ENS"
"e16_s1_CTCCAACTCGTCTCAC-1",3207,"ICC"
"e16_s1_CTCCACAAGAAGTGTT-1",2307,"Fibroblast"
"e16_s1_CTCCACAAGCGCTGAA-1",656,"Fibroblast"
"e16_s1_CTCCACAAGCTCTATG-1",2928,"Mesothelial"
"e16_s1_CTCCACAAGTTGGCGA-1",2764,"Foregut Basal"
"e16_s1_CTCCACACAGCAGTTT-1",2396,"Myofibroblast"
"e16_s1_CTCCACAGTATGCGTT-1",2690,"Smooth muscle"
"e16_s1_CTCCACAGTCGCAGTC-1",1667,"Fibroblast"
"e16_s1_CTCCACATCATTGTGG-1",920,"ENS"
"e16_s1_CTCCACATCGTCGCTT-1",3251,"ICC"
"e16_s1_CTCCATGAGGTTAGTA-1",1796,"ENS"
"e16_s1_CTCCATGCAAAGAACT-1",2444,"Fibroblast"
"e16_s1_CTCCATGCAGGGAATC-1",1213,"Endothelial"
"e16_s1_CTCCATGTCAAACGTC-1",2690,"ICC"
"e16_s1_CTCCCAAAGATGGCAC-1",556,"ENS"
"e16_s1_CTCCCAAAGTCACTGT-1",1596,"Pericyte"
"e16_s1_CTCCCAAAGTCCGCCA-1",1434,"Pericyte"
"e16_s1_CTCCCAACACTCCACT-1",2048,"Mesothelial"
"e16_s1_CTCCCAACACTTGTCC-1",3251,"Fibroblast"
"e16_s1_CTCCCAACAGAGACTG-1",473,"Fibroblast"
"e16_s1_CTCCCAAGTAACTAAG-1",2307,"Fibroblast"
"e16_s1_CTCCCAAGTGAACCGA-1",2940,"Fibroblast"
"e16_s1_CTCCCAAGTTCTAAGC-1",2709,"ENS"
"e16_s1_CTCCCAAGTTGGGTTT-1",1555,"Endothelial"
"e16_s1_CTCCCAATCGACATCA-1",2777,"Myofibroblast"
"e16_s1_CTCCCTCAGTCAGAGC-1",913,"Foregut Basal"
"e16_s1_CTCCCTCAGTGATAAC-1",1138,"Fibroblast"
"e16_s1_CTCCCTCCAAAGCAAT-1",3199,"ENS"
"e16_s1_CTCCCTCCACAATCTG-1",2955,"ENS"
"e16_s1_CTCCCTCCACATTCGA-1",953,"ENS"
"e16_s1_CTCCCTCCATGTCAGT-1",2800,"Endothelial"
"e16_s1_CTCCCTCGTGTCTAAC-1",1914,"ICC"
"e16_s1_CTCCCTCGTTGGTAGG-1",984,"Smooth muscle"
"e16_s1_CTCCCTCTCTGGTTGA-1",2269,"ENS"
"e16_s1_CTCCGATAGGCTCAAG-1",804,"Mesothelial"
"e16_s1_CTCCGATAGTATAGAC-1",920,"ENS"
"e16_s1_CTCCGATCATCTGGGC-1",886,"ENS"
"e16_s1_CTCCGATTCATGAGGG-1",2316,"Smooth muscle"
"e16_s1_CTCCGATTCGGAATTC-1",2203,"Endothelial"
"e16_s1_CTCCGATTCTGCCTCA-1",2307,"Fibroblast"
"e16_s1_CTCCTCCAGACGCAGT-1",818,"Fibroblast"
"e16_s1_CTCCTCCAGTGTTCAC-1",1595,"Fibroblast"
"e16_s1_CTCCTCCAGTTGTCGT-1",815,"Fibroblast"
"e16_s1_CTCCTCCCAATACGAA-1",794,"Fibroblast"
"e16_s1_CTCCTCCCAGCGTAGA-1",1548,"Endothelial"
"e16_s1_CTCCTCCGTTAAACCC-1",1434,"Fibroblast"
"e16_s1_CTCCTCCTCAAGCCGC-1",1548,"Endothelial"
"e16_s1_CTCCTCCTCCAACCAA-1",1122,"ENS"
"e16_s1_CTCCTCCTCCATCCGT-1",1973,"Mesothelial"
"e16_s1_CTCCTTTAGCACCTGC-1",1113,"Endothelial"
"e16_s1_CTCCTTTAGTAGATCA-1",2911,"Fibroblast"
"e16_s1_CTCCTTTAGTCGCCAC-1",3369,"Fibroblast"
"e16_s1_CTCCTTTCATGACTGT-1",1646,"Fibroblast"
"e16_s1_CTCCTTTGTCAAAGAT-1",2147,"ENS"
"e16_s1_CTCCTTTGTGCCTACG-1",1003,"Foregut Basal"
"e16_s1_CTCCTTTGTGGATTTC-1",3059,"ENS"
"e16_s1_CTCCTTTGTTGACTGT-1",2021,"Fibroblast"
"e16_s1_CTCCTTTTCGTTCAGA-1",598,"Smooth muscle"
"e16_s1_CTCGAGGAGTAAACAC-1",3340,"Pericyte"
"e16_s1_CTCGAGGAGTGGGAAA-1",3339,"ENS"
"e16_s1_CTCGAGGCACGACGTC-1",1091,"Fibroblast"
"e16_s1_CTCGAGGCACTATGTG-1",952,"Endothelial"
"e16_s1_CTCGAGGCAGGTAGTG-1",1362,"Fibroblast"
"e16_s1_CTCGAGGCAGTTGGTT-1",2006,"Smooth muscle"
"e16_s1_CTCGAGGGTACCAGAG-1",2645,"ENS"
"e16_s1_CTCGAGGGTATGCAAA-1",728,"ICC"
"e16_s1_CTCGAGGGTCAGTCGC-1",886,"ENS"
"e16_s1_CTCGAGGGTGACAACG-1",2928,"Smooth muscle"
"e16_s1_CTCGAGGGTGACCGAA-1",1003,"Foregut Basal"
"e16_s1_CTCGAGGTCCACTTCG-1",1394,"Fibroblast"
"e16_s1_CTCGAGGTCTGAGATC-1",1213,"Endothelial"
"e16_s1_CTCGAGGTCTGTCTCG-1",1283,"ENS"
"e16_s1_CTCTCAGAGATAGGGA-1",1113,"Endothelial"
"e16_s1_CTCTCAGCATAACGGG-1",2126,"ENS"
"e16_s1_CTCTCAGGTACTAAGA-1",2605,"Smooth muscle"
"e16_s1_CTCTCAGGTTCTCAGA-1",2493,"ENS"
"e16_s1_CTCTCAGTCCCAGGCA-1",815,"Fibroblast"
"e16_s1_CTCTCAGTCTGGACTA-1",1408,"Fibroblast"
"e16_s1_CTCTCAGTCTGGTGGC-1",2645,"ENS"
"e16_s1_CTCTCGAAGACCAACG-1",1638,"ICC"
"e16_s1_CTCTCGACACGACGTC-1",1312,"Fibroblast"
"e16_s1_CTCTCGAGTAATCAGA-1",1596,"Smooth muscle"
"e16_s1_CTCTCGAGTAGTCGTT-1",2916,"Smooth muscle"
"e16_s1_CTCTCGAGTGCAATGG-1",1768,"Immune"
"e16_s1_CTCTCGAGTGGATTTC-1",1003,"Foregut Basal"
"e16_s1_CTCTCGATCACTCTTA-1",2491,"ENS"
"e16_s1_CTCTCGATCATAGACC-1",1434,"Fibroblast"
"e16_s1_CTCTCGATCGCCTTTG-1",3354,"ENS"
"e16_s1_CTCTCGATCGGTAACT-1",2354,"Myofibroblast"
"e16_s1_CTCTCGATCTCCTGCA-1",1627,"Fibroblast"
"e16_s1_CTCTGGTCAAGAATGT-1",2491,"ENS"
"e16_s1_CTCTGGTGTGCTGTCG-1",1961,"Smooth muscle"
"e16_s1_CTGAATGAGCTCCATA-1",2483,"Fibroblast"
"e16_s1_CTGAATGCAATCGCAT-1",2836,"Endothelial"
"e16_s1_CTGAATGGTAGGGAGG-1",2928,"Myofibroblast"
"e16_s1_CTGAATGGTGTTCATG-1",2729,"ENS"
"e16_s1_CTGAATGTCACCATCC-1",3251,"Mesothelial"
"e16_s1_CTGAATGTCCTTGGAA-1",3346,"Endothelial"
"e16_s1_CTGAATGTCTCTGCCA-1",1122,"ENS"
"e16_s1_CTGAGCGCACCAGTTA-1",2834,"Endothelial"
"e16_s1_CTGAGCGCAGGCGTTC-1",829,"Pericyte"
"e16_s1_CTGAGCGCATCGCTCT-1",1999,"Smooth muscle"
"e16_s1_CTGAGCGCATGAATAG-1",1627,"Fibroblast"
"e16_s1_CTGAGCGGTACGAAAT-1",603,"Myofibroblast"
"e16_s1_CTGAGCGGTCTTCGAA-1",598,"Fibroblast"
"e16_s1_CTGAGCGGTGCCCTTT-1",3089,"ENS"
"e16_s1_CTGAGCGTCTTTACAC-1",208,"ENS"
"e16_s1_CTGAGGCTCCCTTGGT-1",1312,"ICC"
"e16_s1_CTGAGGCTCTAGTCAG-1",677,"Fibroblast"
"e16_s1_CTGAGGCTCTGGAGAG-1",1973,"Fibroblast"
"e16_s1_CTGATCCAGAAACTAC-1",2581,"ENS"
"e16_s1_CTGATCCAGCAACAAT-1",3354,"ENS"
"e16_s1_CTGATCCAGCACAAAT-1",1003,"Foregut Basal"
"e16_s1_CTGATCCAGGAATGTT-1",1012,"Foregut Basal"
"e16_s1_CTGATCCAGTAAAGCT-1",786,"Fibroblast"
"e16_s1_CTGATCCAGTGTAGAT-1",1958,"ICC"
"e16_s1_CTGATCCAGTTCTCTT-1",1327,"Foregut Basal"
"e16_s1_CTGATCCCAGAACGCA-1",3169,"Smooth muscle"
"e16_s1_CTGATCCCAGAGGTTG-1",1064,"ENS"
"e16_s1_CTGATCCGTCGAACGA-1",2269,"ENS"
"e16_s1_CTGATCCTCCGATCTC-1",1999,"Fibroblast"
"e16_s1_CTGCAGGAGAACCCGA-1",1973,"Fibroblast"
"e16_s1_CTGCAGGAGACGTCGA-1",2659,"Fibroblast"
"e16_s1_CTGCAGGAGCGAGAAA-1",1138,"Fibroblast"
"e16_s1_CTGCAGGAGCTCGGCT-1",1003,"Foregut Basal"
"e16_s1_CTGCAGGAGTCGCCCA-1",1555,"Endothelial"
"e16_s1_CTGCAGGCAGCCCAGT-1",2992,"ENS"
"e16_s1_CTGCAGGCATCCAACA-1",1973,"Fibroblast"
"e16_s1_CTGCAGGTCCCAGGCA-1",2307,"Pericyte"
"e16_s1_CTGCATCAGCAAGCCA-1",1408,"Fibroblast"
"e16_s1_CTGCATCAGTTGCTCA-1",1312,"Fibroblast"
"e16_s1_CTGCATCCACGCACCA-1",2110,"Fibroblast"
"e16_s1_CTGCATCGTACGTTCA-1",3083,"Pericyte"
"e16_s1_CTGCATCGTATCATGC-1",1933,"Mesothelial"
"e16_s1_CTGCATCGTCGTTCAA-1",902,"ENS"
"e16_s1_CTGCATCTCATTACGG-1",1213,"Endothelial"
"e16_s1_CTGCCATCAAATTAGG-1",1548,"Endothelial"
"e16_s1_CTGCCATCAACTCATG-1",2891,"Fibroblast"
"e16_s1_CTGCCATCACATGACT-1",3031,"ENS"
"e16_s1_CTGCCATGTCCAAGAG-1",598,"Fibroblast"
"e16_s1_CTGCCATGTCGAATGG-1",2764,"Smooth muscle"
"e16_s1_CTGCCATGTCGAGTGA-1",812,"Fibroblast"
"e16_s1_CTGCCATGTTCAGTAC-1",2659,"Fibroblast"
"e16_s1_CTGCCTAAGCATATGA-1",1868,"Fibroblast"
"e16_s1_CTGCCTAAGGTTATAG-1",916,"Mesothelial"
"e16_s1_CTGCCTACACGCGCAT-1",2380,"Fibroblast"
"e16_s1_CTGCCTACAGCAGTCC-1",2106,"Smooth muscle"
"e16_s1_CTGCCTACAGTCTGGC-1",2291,"ENS"
"e16_s1_CTGCCTAGTCAGGTGA-1",2764,"Foregut Basal"
"e16_s1_CTGCCTATCCTCTAGC-1",2051,"Mesothelial"
"e16_s1_CTGCCTATCTTCTTCC-1",2916,"Fibroblast"
"e16_s1_CTGCGAGAGATGGCAC-1",938,"Myofibroblast"
"e16_s1_CTGCGAGAGCCGAATG-1",2517,"ENS"
"e16_s1_CTGCGAGAGTAACCTC-1",719,"Smooth muscle"
"e16_s1_CTGCGAGAGTAGTGCG-1",1242,"ENS"
"e16_s1_CTGCGAGCAAACACCT-1",2007,"Fibroblast"
"e16_s1_CTGCGAGGTAGGACCA-1",1861,"Fibroblast"
"e16_s1_CTGCTCAAGTATTGCC-1",2800,"Endothelial"
"e16_s1_CTGCTCACACCAATTG-1",1999,"Fibroblast"
"e16_s1_CTGCTCAGTATTGGCT-1",1003,"Foregut Basal"
"e16_s1_CTGCTCAGTCCTTTGC-1",1841,"ENS"
"e16_s1_CTGCTCAGTGCAGTGA-1",2064,"Fibroblast"
"e16_s1_CTGCTCATCGAACGGA-1",886,"ENS"
"e16_s1_CTGCTCATCGAGTGAG-1",3207,"Fibroblast"
"e16_s1_CTGCTCATCTGTGTGA-1",2362,"Endothelial"
"e16_s1_CTGGACGAGGGAGTGG-1",2907,"Fibroblast"
"e16_s1_CTGGACGCAGACAATA-1",786,"Fibroblast"
"e16_s1_CTGGACGCAGGATGAC-1",3340,"Fibroblast"
"e16_s1_CTGGACGGTGAGCTCC-1",920,"ENS"
"e16_s1_CTGGACGTCAATCCAG-1",2868,"ENS"
"e16_s1_CTGGACGTCACCGCTT-1",2777,"Fibroblast"
"e16_s1_CTGGACGTCGCATTGA-1",1504,"Mesothelial"
"e16_s1_CTGGACGTCTTCGGTC-1",598,"Fibroblast"
"e16_s1_CTGGCAGAGGCCTGAA-1",598,"Myofibroblast"
"e16_s1_CTGGCAGAGGTAAACT-1",1411,"Myofibroblast"
"e16_s1_CTGGCAGAGTACGTCT-1",2659,"Fibroblast"
"e16_s1_CTGGCAGCACTTGAAC-1",1576,"Fibroblast"
"e16_s1_CTGGCAGCATTCTCCG-1",1917,"Smooth muscle"
"e16_s1_CTGGCAGCATTGCCTC-1",2791,"Fibroblast"
"e16_s1_CTGGCAGTCAGGACAG-1",2937,"Immune"
"e16_s1_CTGGTCTCAAGTACCT-1",2953,"ENS"
"e16_s1_CTGGTCTCACCCTCTA-1",886,"ENS"
"e16_s1_CTGGTCTCAGGATCTT-1",1973,"Fibroblast"
"e16_s1_CTGGTCTCAGGGACTA-1",1314,"Myofibroblast"
"e16_s1_CTGGTCTCAGGTAGTG-1",3385,"Simple Epithelial"
"e16_s1_CTGGTCTGTATGCGTT-1",1654,"Simple Epithelial"
"e16_s1_CTGGTCTGTCTCCTGT-1",640,"ICC"
"e16_s1_CTGGTCTGTTGGGTTT-1",3024,"ENS"
"e16_s1_CTGGTCTGTTGTTGTG-1",3354,"ENS"
"e16_s1_CTGGTCTTCTGTTGGA-1",1327,"Fibroblast"
"e16_s1_CTGTACCAGAGGCCAT-1",3339,"ENS"
"e16_s1_CTGTACCAGGCACGAT-1",1999,"Fibroblast"
"e16_s1_CTGTACCCAATACAGA-1",2730,"ENS"
"e16_s1_CTGTACCCAATAGGGC-1",283,"ENS"
"e16_s1_CTGTACCCACTCCGGA-1",1353,"Foregut Basal"
"e16_s1_CTGTACCCAGAACTTC-1",2380,"Fibroblast"
"e16_s1_CTGTACCGTTATAGCC-1",259,"Fibroblast"
"e16_s1_CTGTACCGTTTCTATC-1",3307,"Fibroblast"
"e16_s1_CTGTAGAAGATGAACT-1",2408,"ENS"
"e16_s1_CTGTAGAAGTATAGGT-1",1242,"Endothelial"
"e16_s1_CTGTAGACAAGACAAT-1",293,"ENS"
"e16_s1_CTGTAGACAGTTGTCA-1",1549,"ICC"
"e16_s1_CTGTAGAGTGACCGTC-1",1973,"Fibroblast"
"e16_s1_CTGTAGAGTTACCTTT-1",1973,"Fibroblast"
"e16_s1_CTGTAGAGTTGCATAC-1",3127,"Smooth muscle"
"e16_s1_CTGTAGATCCTTATCA-1",1973,"Fibroblast"
"e16_s1_CTGTAGATCGAGAACG-1",1973,"Myofibroblast"
"e16_s1_CTGTAGATCTTTGCAT-1",1576,"Pericyte"
"e16_s1_CTGTATTCAAGTCATC-1",1411,"Fibroblast"
"e16_s1_CTGTATTGTAGTCCTA-1",604,"Fibroblast"
"e16_s1_CTGTATTTCGAAGGAC-1",2928,"Smooth muscle"
"e16_s1_CTGTCGTAGATGGCAC-1",901,"ENS"
"e16_s1_CTGTCGTAGCTGAAAT-1",794,"ICC"
"e16_s1_CTGTCGTGTGGACTAG-1",583,"ENS"
"e16_s1_CTGTGAAAGAAATCCA-1",2469,"ENS"
"e16_s1_CTGTGAAAGCGTGCCT-1",719,"Fibroblast"
"e16_s1_CTGTGAAAGGGCAACT-1",1411,"Smooth muscle"
"e16_s1_CTGTGAAGTAACGTTC-1",654,"ENS"
"e16_s1_CTGTGAATCAAAGGTA-1",2672,"Foregut Basal"
"e16_s1_CTGTGAATCGGAGTGA-1",1075,"ENS"
"e16_s1_CTGTGAATCGTCGGGT-1",1312,"Fibroblast"
"e16_s1_CTGTGGGAGTAGGTTA-1",3256,"Fibroblast"
"e16_s1_CTGTGGGCATAATGCC-1",833,"ICC"
"e16_s1_CTGTGGGGTATGCTAC-1",1353,"Foregut Basal"
"e16_s1_CTGTGGGGTCTACAAC-1",238,"Myofibroblast"
"e16_s1_CTGTGGGGTTGTTGCA-1",1003,"Foregut Basal"
"e16_s1_CTGTGGGTCGACGTCG-1",2764,"Foregut Basal"
"e16_s1_CTGTGGGTCGGTGTTA-1",2188,"Simple Epithelial"
"e16_s1_CTTACCGTCACGGAGA-1",846,"Fibroblast"
"e16_s1_CTTACCGTCCCTTGTG-1",701,"Smooth muscle"
"e16_s1_CTTACCGTCGGTGTAT-1",2036,"Foregut Basal"
"e16_s1_CTTACCGTCTATCGTT-1",1353,"Foregut Basal"
"e16_s1_CTTAGGAAGTTTCGGT-1",2826,"Fibroblast"
"e16_s1_CTTAGGACATCGTGGC-1",2891,"Fibroblast"
"e16_s1_CTTAGGATCCGTAATG-1",1999,"Fibroblast"
"e16_s1_CTTCAATAGATCCTAC-1",1434,"Fibroblast"
"e16_s1_CTTCAATCACAGTGTT-1",1860,"Fibroblast"
"e16_s1_CTTCAATCAGCTCATA-1",103,"ENS"
"e16_s1_CTTCAATGTCTCGGGT-1",897,"Myofibroblast"
"e16_s1_CTTCAATGTGGGCTCT-1",1999,"Fibroblast"
"e16_s1_CTTCAATGTGTTATCG-1",3083,"Fibroblast"
"e16_s1_CTTCAATTCCCGATCT-1",1790,"ENS"
"e16_s1_CTTCAATTCCGGTAGC-1",2940,"Myofibroblast"
"e16_s1_CTTCAATTCTGGGCCA-1",2777,"Smooth muscle"
"e16_s1_CTTCCGAAGCAGGGAG-1",2201,"Endothelial"
"e16_s1_CTTCCGAAGCCTGAGA-1",3207,"Fibroblast"
"e16_s1_CTTCCGACAAGTGTCT-1",916,"Fibroblast"
"e16_s1_CTTCCGACACTCGATA-1",2931,"Myofibroblast"
"e16_s1_CTTCCGACATAATCCG-1",1312,"Fibroblast"
"e16_s1_CTTCCGAGTCGAATTC-1",1692,"Foregut Basal"
"e16_s1_CTTCCGAGTCTCGGAC-1",805,"Fibroblast"
"e16_s1_CTTCCGAGTGACTGTT-1",463,"Fibroblast"
"e16_s1_CTTCCGAGTGCGGATA-1",3251,"Mesothelial"
"e16_s1_CTTCCGAGTTCGTTCC-1",1576,"Fibroblast"
"e16_s1_CTTCCGATCAGGAAAT-1",491,"Fibroblast"
"e16_s1_CTTCCGATCTCCTACG-1",1973,"Fibroblast"
"e16_s1_CTTCCTTAGCAAGTCG-1",808,"Fibroblast"
"e16_s1_CTTCCTTAGCAGGCTA-1",2348,"Fibroblast"
"e16_s1_CTTCCTTAGCGCTGAA-1",2469,"ENS"
"e16_s1_CTTCCTTAGGTTCTAC-1",2659,"Myofibroblast"
"e16_s1_CTTCCTTCAGTCGTTA-1",1650,"ENS"
"e16_s1_CTTCCTTGTAGCTAAA-1",3156,"Simple Epithelial"
"e16_s1_CTTCCTTGTGGCTTGC-1",1999,"Fibroblast"
"e16_s1_CTTCCTTGTTGTCCCT-1",1213,"Endothelial"
"e16_s1_CTTCGGTAGCCAACCC-1",1003,"ENS"
"e16_s1_CTTCGGTAGGTCGACA-1",786,"Fibroblast"
"e16_s1_CTTCGGTAGTCGAATA-1",1327,"Foregut Basal"
"e16_s1_CTTCGGTCAAAGGAGA-1",1595,"Fibroblast"
"e16_s1_CTTCGGTCACTGGACC-1",1504,"Fibroblast"
"e16_s1_CTTCGGTGTAATGATG-1",1942,"ENS"
"e16_s1_CTTCGGTGTCACGCTG-1",3127,"Smooth muscle"
"e16_s1_CTTCGGTGTTCGCGTG-1",880,"Simple Epithelial"
"e16_s1_CTTCGGTTCGTGGGAA-1",1003,"Foregut Basal"
"e16_s1_CTTCGGTTCTTACGGA-1",1445,"ENS"
"e16_s1_CTTCTAAAGACCCGCT-1",2483,"Fibroblast"
"e16_s1_CTTCTAACAAAGCACG-1",815,"Fibroblast"
"e16_s1_CTTCTAACATTGAAAG-1",1242,"Endothelial"
"e16_s1_CTTCTAAGTAGCGTTT-1",305,"Fibroblast"
"e16_s1_CTTCTAAGTGCCCAGT-1",2189,"Simple Epithelial"
"e16_s1_CTTCTAATCGAGCCTG-1",3251,"Mesothelial"
"e16_s1_CTTCTCTAGAAGTGTT-1",1003,"Foregut Basal"
"e16_s1_CTTCTCTGTCATCACA-1",1327,"Foregut Basal"
"e16_s1_CTTCTCTGTCGTTATG-1",2721,"Endothelial"
"e16_s1_CTTCTCTTCCGTACGG-1",1973,"Fibroblast"
"e16_s1_CTTGAGAAGAGCCTGA-1",2928,"Fibroblast"
"e16_s1_CTTGAGAAGAGTCAAT-1",1914,"Smooth muscle"
"e16_s1_CTTGAGAAGGAGTATT-1",498,"Foregut Basal"
"e16_s1_CTTGAGACAAGGTCTT-1",2928,"Fibroblast"
"e16_s1_CTTGAGACATGAAAGT-1",984,"Smooth muscle"
"e16_s1_CTTGAGATCCTGGCTT-1",2764,"Foregut Basal"
"e16_s1_CTTGAGATCCTTGAAG-1",2380,"Fibroblast"
"e16_s1_CTTGATTAGAAGAACG-1",1973,"Fibroblast"
"e16_s1_CTTGATTAGACGATAT-1",719,"Fibroblast"
"e16_s1_CTTGATTAGCTAAACA-1",829,"Pericyte"
"e16_s1_CTTGATTAGTAAGACT-1",3207,"Fibroblast"
"e16_s1_CTTGATTCAATTGTGC-1",3021,"Fibroblast"
"e16_s1_CTTGATTCAGAATCGG-1",1003,"Foregut Basal"
"e16_s1_CTTGATTTCCACTGAA-1",2147,"ENS"
"e16_s1_CTTGATTTCCTCCACA-1",1984,"Fibroblast"
"e16_s1_CTTGATTTCGCTGTTC-1",1312,"Myofibroblast"
"e16_s1_CTTTCAAAGGCATCAG-1",626,"ENS"
"e16_s1_CTTTCAAAGGTAATCA-1",6,"Fibroblast"
"e16_s1_CTTTCAAAGTGGTTCT-1",2754,"Endothelial"
"e16_s1_CTTTCAACAAACCACT-1",1973,"Fibroblast"
"e16_s1_CTTTCAACATTACGGT-1",815,"Fibroblast"
"e16_s1_CTTTCAAGTCCATACA-1",2953,"ENS"
"e16_s1_CTTTCAATCACATTGG-1",3089,"ENS"
"e16_s1_CTTTCAATCACGATAC-1",1003,"Foregut Basal"
"e16_s1_CTTTCAATCAGCGTCG-1",886,"ENS"
"e16_s1_CTTTCGGAGGCTGGAT-1",1213,"Endothelial"
"e16_s1_CTTTCGGCAGGTTCCG-1",967,"ENS"
"e16_s1_CTTTCGGGTAAGCTCT-1",2380,"Fibroblast"
"e16_s1_CTTTCGGGTCTTCAAG-1",1999,"Foregut Basal"
"e16_s1_CTTTCGGGTGAGCAGT-1",2225,"Pericyte"
"e16_s1_CTTTCGGTCGCTTTAT-1",2250,"ENS"
"e16_s1_GAAACCTAGGACTTCT-1",2764,"Foregut Basal"
"e16_s1_GAAACCTCAAAGGGTC-1",1999,"Fibroblast"
"e16_s1_GAAACCTCACAGCTTA-1",3323,"Fibroblast"
"e16_s1_GAAACCTCACATACGT-1",2231,"ENS"
"e16_s1_GAAACCTCACTGGACC-1",786,"Fibroblast"
"e16_s1_GAAACCTCACTTGGGC-1",1860,"Fibroblast"
"e16_s1_GAAACCTGTCTTTATC-1",2307,"Fibroblast"
"e16_s1_GAAACCTGTGCCCAGT-1",51,"Fibroblast"
"e16_s1_GAAACCTGTGGAGGTT-1",242,"ENS"
"e16_s1_GAAACCTGTTGCGTAT-1",1312,"ICC"
"e16_s1_GAAACCTTCACTGAAC-1",1504,"Fibroblast"
"e16_s1_GAAACCTTCCATTCGC-1",2777,"Fibroblast"
"e16_s1_GAAATGAAGACTCCGC-1",794,"Fibroblast"
"e16_s1_GAAATGAAGAGTCACG-1",1242,"Endothelial"
"e16_s1_GAAATGAAGGTCCTGC-1",1589,"Mesothelial"
"e16_s1_GAAATGAAGTGTTCCA-1",241,"Mesothelial"
"e16_s1_GAAATGACACAGTACT-1",833,"Mesothelial"
"e16_s1_GAAATGACACATGTTG-1",1667,"Myofibroblast"
"e16_s1_GAAATGACACCACATA-1",833,"Smooth muscle"
"e16_s1_GAAATGAGTGATGAAT-1",1973,"Fibroblast"
"e16_s1_GAAATGAGTGTCCGTG-1",1411,"Fibroblast"
"e16_s1_GAAATGATCAGTGTTG-1",2851,"ENS"
"e16_s1_GAAATGATCTAACGCA-1",858,"ENS"
"e16_s1_GAACACTAGGCAATGC-1",901,"ENS"
"e16_s1_GAACACTAGGCGCTCT-1",702,"ENS"
"e16_s1_GAACACTAGGTAGATT-1",815,"Fibroblast"
"e16_s1_GAACACTCACTCCACT-1",357,"ENS"
"e16_s1_GAACACTCACTGAGTT-1",1404,"ENS"
"e16_s1_GAACACTGTCCGAAGA-1",1312,"Fibroblast"
"e16_s1_GAACACTGTGACAGCA-1",1997,"Smooth muscle"
"e16_s1_GAACGTTAGATCGCTT-1",2490,"Fibroblast"
"e16_s1_GAACGTTAGATCGGTG-1",186,"Fibroblast"
"e16_s1_GAACGTTAGTGCAACG-1",3339,"ENS"
"e16_s1_GAACGTTAGTGTTGAA-1",1973,"Fibroblast"
"e16_s1_GAACGTTCAATCAAGA-1",2831,"Endothelial"
"e16_s1_GAACGTTGTCCAGAAG-1",815,"Fibroblast"
"e16_s1_GAACGTTGTCCAGCAC-1",3304,"Fibroblast"
"e16_s1_GAACGTTGTCTGTTAG-1",242,"ENS"
"e16_s1_GAACGTTTCGTGGAAG-1",1973,"Fibroblast"
"e16_s1_GAACGTTTCGTTCCCA-1",3089,"ENS"
"e16_s1_GAACTGTCAACGCCCA-1",2777,"Mesothelial"
"e16_s1_GAACTGTCATGTTCAG-1",886,"ENS"
"e16_s1_GAACTGTTCATCGCAA-1",1860,"Fibroblast"
"e16_s1_GAAGAATAGAGAATCT-1",1122,"ENS"
"e16_s1_GAAGAATAGGGAGAAT-1",1668,"Mesothelial"
"e16_s1_GAAGAATCAGACCATT-1",1185,"ENS"
"e16_s1_GAAGAATGTTGAGAGC-1",3354,"ENS"
"e16_s1_GAAGAATTCATGAAAG-1",1973,"Fibroblast"
"e16_s1_GAAGCCCAGGCACTAG-1",1003,"Foregut Basal"
"e16_s1_GAAGCCCCACAGCCTG-1",3251,"Fibroblast"
"e16_s1_GAAGCCCCAGGCGATA-1",1638,"Smooth muscle"
"e16_s1_GAAGCCCCATCAGCAT-1",3385,"Fibroblast"
"e16_s1_GAAGCCCCATGATCTG-1",1144,"Smooth muscle"
"e16_s1_GAAGCCCGTGGTTCTA-1",1997,"Pericyte"
"e16_s1_GAAGCCCGTTGTCTAG-1",1973,"Fibroblast"
"e16_s1_GAAGCCCTCAGAGTTC-1",886,"ENS"
"e16_s1_GAAGCCCTCCCTGGTT-1",3089,"ENS"
"e16_s1_GAAGCCCTCGTAATGC-1",2659,"Fibroblast"
"e16_s1_GAAGCCCTCGTGCATA-1",2764,"ENS"
"e16_s1_GAAGCCCTCTTGGTGA-1",345,"Endothelial"
"e16_s1_GAAGCGAAGGATTTCC-1",1973,"Fibroblast"
"e16_s1_GAAGCGACATGGGATG-1",2605,"Fibroblast"
"e16_s1_GAAGCGAGTATGATCC-1",2918,"Fibroblast"
"e16_s1_GAAGCGAGTATGGTAA-1",2126,"ENS"
"e16_s1_GAAGCGAGTTACGTAC-1",3215,"ICC"
"e16_s1_GAAGCGATCCGTAGGC-1",3339,"ENS"
"e16_s1_GAAGCGATCTGCGTCT-1",1079,"Fibroblast"
"e16_s1_GAAGGACCAATCACGT-1",1957,"Fibroblast"
"e16_s1_GAAGGACCACGACCTG-1",2380,"Fibroblast"
"e16_s1_GAAGGACCACGCGCTA-1",2868,"ENS"
"e16_s1_GAAGGGTAGGTGCATG-1",2940,"Fibroblast"
"e16_s1_GAAGGGTCAGACAAAT-1",2443,"Fibroblast"
"e16_s1_GAAGGGTCATCGTGGC-1",646,"Fibroblast"
"e16_s1_GAAGGGTGTAGCCAGA-1",2463,"Myofibroblast"
"e16_s1_GAAGGGTGTGAGAACC-1",886,"ENS"
"e16_s1_GAAGGGTGTTGTCAGT-1",1504,"Fibroblast"
"e16_s1_GAAGGGTTCAGCTGTA-1",1619,"Endothelial"
"e16_s1_GAAGGGTTCATTCGTT-1",2294,"ENS"
"e16_s1_GAAGGGTTCCATAGGT-1",1999,"Smooth muscle"
"e16_s1_GAAGGGTTCCTCAGAA-1",786,"Smooth muscle"
"e16_s1_GAAGGGTTCCTGGGTG-1",2380,"Myofibroblast"
"e16_s1_GAAGGGTTCTCTCGAC-1",152,"ENS"
"e16_s1_GAAGTAACAAATACGA-1",2347,"Fibroblast"
"e16_s1_GAAGTAACACGTCGTG-1",956,"ENS"
"e16_s1_GAAGTAATCCCAGTGG-1",2269,"ENS"
"e16_s1_GAAGTAATCTGAGGCC-1",2347,"Smooth muscle"
"e16_s1_GAAGTAATCTGGTGCG-1",2307,"Fibroblast"
"e16_s1_GAATAGAAGAGGCTGT-1",665,"ENS"
"e16_s1_GAATAGACAAAGACGC-1",2469,"ENS"
"e16_s1_GAATAGACAATGTCAC-1",1003,"Foregut Basal"
"e16_s1_GAATAGAGTTCTCCTG-1",3050,"Fibroblast"
"e16_s1_GAATAGATCCGTCACT-1",920,"ENS"
"e16_s1_GAATCACAGCATGTTC-1",1003,"Foregut Basal"
"e16_s1_GAATCACAGTAGTGCG-1",841,"Foregut Basal"
"e16_s1_GAATCACCAAACTAGA-1",1973,"Fibroblast"
"e16_s1_GAATCACCAAGCACAG-1",3354,"ENS"
"e16_s1_GAATCACCAGATCACT-1",598,"Fibroblast"
"e16_s1_GAATCACGTAGTGCGA-1",786,"Smooth muscle"
"e16_s1_GAATCACGTGATACTC-1",2978,"Fibroblast"
"e16_s1_GAATCACGTGCTCCGA-1",1147,"ENS"
"e16_s1_GAATCACGTGTGTGGA-1",815,"Fibroblast"
"e16_s1_GAATCACGTGTTTACG-1",2307,"Fibroblast"
"e16_s1_GAATCACGTTATAGCC-1",1003,"Foregut Basal"
"e16_s1_GAATCACTCGGCATTA-1",938,"Fibroblast"
"e16_s1_GAATCGTAGGGCCCTT-1",2192,"Fibroblast"
"e16_s1_GAATCGTAGTGCAGGT-1",2307,"Pericyte"
"e16_s1_GAATCGTCAACGCCCA-1",1122,"ENS"
"e16_s1_GAATCGTGTGATACTC-1",1312,"Myofibroblast"
"e16_s1_GAATCGTTCCGCAGTG-1",841,"Foregut Basal"
"e16_s1_GACACGCAGGGTCTTT-1",1619,"Endothelial"
"e16_s1_GACACGCAGTTCACTG-1",3354,"ENS"
"e16_s1_GACACGCCAACCTATG-1",3354,"ENS"
"e16_s1_GACACGCCATCTCGTC-1",2380,"Fibroblast"
"e16_s1_GACACGCGTACAAACA-1",916,"Myofibroblast"
"e16_s1_GACACGCGTACGAGCA-1",1549,"Fibroblast"
"e16_s1_GACACGCGTGCCAAGA-1",2891,"Fibroblast"
"e16_s1_GACACGCGTTGTAAAG-1",1312,"Fibroblast"
"e16_s1_GACACGCTCAAGTGGG-1",1973,"Smooth muscle"
"e16_s1_GACAGCCAGAAGCTGC-1",3207,"Myofibroblast"
"e16_s1_GACAGCCAGTTCTACG-1",786,"Smooth muscle"
"e16_s1_GACAGCCCACTCCTGT-1",2289,"ENS"
"e16_s1_GACAGCCCAGAATGTA-1",3342,"ENS"
"e16_s1_GACAGCCCATAGAAAC-1",3257,"Mesothelial"
"e16_s1_GACAGCCCATTGACAC-1",333,"Fibroblast"
"e16_s1_GACAGCCTCAGACCGC-1",2089,"ENS"
"e16_s1_GACAGCCTCTGATGGT-1",1003,"Foregut Basal"
"e16_s1_GACATCAAGCACCAGA-1",1075,"ENS"
"e16_s1_GACATCAAGCCAGTAG-1",2690,"Fibroblast"
"e16_s1_GACATCAAGGGCTTCC-1",2,"Fibroblast"
"e16_s1_GACATCAAGGTTAAAC-1",2269,"ENS"
"e16_s1_GACATCACAACAGCTT-1",2048,"Smooth muscle"
"e16_s1_GACATCACAAGCAGGT-1",1861,"Fibroblast"
"e16_s1_GACATCACACGGGCTT-1",2955,"ENS"
"e16_s1_GACATCATCCCTCGTA-1",1158,"Fibroblast"
"e16_s1_GACCAATAGAGTCCGA-1",1973,"Fibroblast"
"e16_s1_GACCAATAGGCCTTGC-1",1434,"Fibroblast"
"e16_s1_GACCAATCAATAGTCC-1",2777,"Myofibroblast"
"e16_s1_GACCAATCACAGGATG-1",2645,"ENS"
"e16_s1_GACCAATCAGCACACC-1",786,"Mesothelial"
"e16_s1_GACCAATGTATGTGTC-1",841,"Foregut Basal"
"e16_s1_GACCAATGTGCTTATG-1",1003,"Foregut Basal"
"e16_s1_GACCAATGTTCCGCAG-1",1434,"Fibroblast"
"e16_s1_GACCAATTCCGACGGT-1",3325,"Pericyte"
"e16_s1_GACCCAGGTTCGAAGG-1",3354,"ENS"
"e16_s1_GACCCAGTCCGTCACT-1",2928,"Smooth muscle"
"e16_s1_GACCCAGTCTCGCAGG-1",1365,"Smooth muscle"
"e16_s1_GACCCTTAGAGTTGAT-1",1148,"Fibroblast"
"e16_s1_GACCCTTAGCCGCTTG-1",2517,"ENS"
"e16_s1_GACCCTTCAATGTCTG-1",1003,"Foregut Basal"
"e16_s1_GACCCTTCACTCGATA-1",451,"Myofibroblast"
"e16_s1_GACCCTTCAGGGCTTC-1",1619,"Endothelial"
"e16_s1_GACCCTTGTAACGATA-1",442,"ENS"
"e16_s1_GACCCTTGTCCATCTC-1",676,"Fibroblast"
"e16_s1_GACCCTTGTTGCGGAA-1",1312,"Mesothelial"
"e16_s1_GACCCTTTCAAGATAG-1",2899,"Pericyte"
"e16_s1_GACCCTTTCTCCCAAC-1",1999,"Fibroblast"
"e16_s1_GACCGTGAGGGATCGT-1",1999,"Fibroblast"
"e16_s1_GACCGTGAGTCTCCTC-1",1003,"Foregut Basal"
"e16_s1_GACCGTGCAGGATCTT-1",584,"ENS"
"e16_s1_GACCGTGGTCTCGCGA-1",1850,"Foregut Basal"
"e16_s1_GACCGTGGTGGTCTAT-1",1106,"ENS"
"e16_s1_GACCGTGTCATCACAG-1",626,"ENS"
"e16_s1_GACCGTGTCGGACTGC-1",1673,"ENS"
"e16_s1_GACCTTCAGGTCTGGA-1",3385,"Smooth muscle"
"e16_s1_GACCTTCAGTACCGGA-1",2036,"Foregut Basal"
"e16_s1_GACCTTCCATCAGCGC-1",2396,"Fibroblast"
"e16_s1_GACCTTCTCTACCACC-1",3340,"Pericyte"
"e16_s1_GACGCTGAGATTAGAC-1",2147,"ENS"
"e16_s1_GACGCTGAGGGTATAT-1",2493,"ENS"
"e16_s1_GACGCTGCAACCGTAT-1",1202,"Fibroblast"
"e16_s1_GACGCTGCAAGCAGGT-1",1144,"Fibroblast"
"e16_s1_GACGCTGCAGTTGGTT-1",2953,"ENS"
"e16_s1_GACGCTGTCAAGAGGC-1",1809,"ENS"
"e16_s1_GACGCTGTCGTGCACG-1",1408,"Fibroblast"
"e16_s1_GACGTTAAGAACGCGT-1",1023,"Endothelial"
"e16_s1_GACGTTAAGACAACTA-1",3207,"Fibroblast"
"e16_s1_GACGTTACAACCGTAT-1",2928,"Fibroblast"
"e16_s1_GACGTTACAAGCTGCC-1",1850,"Foregut Basal"
"e16_s1_GACGTTACACTCCGGA-1",2604,"Mesothelial"
"e16_s1_GACGTTAGTTATGGTC-1",1688,"ENS"
"e16_s1_GACGTTAGTTTACTGG-1",1593,"Fibroblast"
"e16_s1_GACGTTATCATGAGTC-1",1861,"Fibroblast"
"e16_s1_GACGTTATCCATTTAC-1",916,"Fibroblast"
"e16_s1_GACGTTATCGAGAATA-1",2911,"Fibroblast"
"e16_s1_GACTATGAGAGAGAAC-1",20,"Fibroblast"
"e16_s1_GACTATGAGCAGTACG-1",151,"Fibroblast"
"e16_s1_GACTATGAGGCTCTCG-1",884,"Smooth muscle"
"e16_s1_GACTATGCAACAAGAT-1",1973,"ICC"
"e16_s1_GACTATGCAATTGCAC-1",2294,"ENS"
"e16_s1_GACTATGCATACTGAC-1",2517,"ENS"
"e16_s1_GACTATGGTTCTTGTT-1",1003,"Foregut Basal"
"e16_s1_GACTATGTCACTACGA-1",794,"Fibroblast"
"e16_s1_GACTATGTCAGTCATG-1",2225,"Fibroblast"
"e16_s1_GACTATGTCCCGAGAC-1",2709,"ENS"
"e16_s1_GACTATGTCGATGGAG-1",2800,"Endothelial"
"e16_s1_GACTCAACATACAGGG-1",2289,"ENS"
"e16_s1_GACTCAAGTACGTAGG-1",2659,"Fibroblast"
"e16_s1_GACTCAAGTCCAAGAG-1",1914,"Fibroblast"
"e16_s1_GACTCAAGTCTTGCGG-1",1973,"Fibroblast"
"e16_s1_GACTCAAGTGCCTTCT-1",1627,"Fibroblast"
"e16_s1_GACTCAAGTGGCTACC-1",1548,"Endothelial"
"e16_s1_GACTCAAGTTCCTAGA-1",2380,"Smooth muscle"
"e16_s1_GACTCAATCAACTCTT-1",598,"Fibroblast"
"e16_s1_GACTCAATCAATGTCG-1",1860,"Fibroblast"
"e16_s1_GACTCAATCATCGTAG-1",2969,"ENS"
"e16_s1_GACTCAATCCGTACGG-1",2540,"Smooth muscle"
"e16_s1_GACTCAATCCTTATGT-1",1242,"Endothelial"
"e16_s1_GACTCTCAGACATAGT-1",2469,"ENS"
"e16_s1_GACTCTCAGACTCTAC-1",1973,"Fibroblast"
"e16_s1_GACTCTCAGCACTCGC-1",1138,"Fibroblast"
"e16_s1_GACTCTCAGGGTGAGG-1",2203,"Endothelial"
"e16_s1_GACTCTCCATTAAAGG-1",1784,"ENS"
"e16_s1_GACTCTCTCAACTACG-1",2316,"Fibroblast"
"e16_s1_GACTCTCTCCGTTGAA-1",3251,"Myofibroblast"
"e16_s1_GACTCTCTCTCGGTCT-1",2928,"Fibroblast"
"e16_s1_GACTGATCATTCAGGT-1",598,"Smooth muscle"
"e16_s1_GACTGATGTAAGTCAA-1",2186,"Fibroblast"
"e16_s1_GACTGATGTTTCCAAG-1",1312,"Myofibroblast"
"e16_s1_GACTGATTCACACGAT-1",2955,"ENS"
"e16_s1_GACTTCCAGAACCCGA-1",3207,"ICC"
"e16_s1_GACTTCCAGGACCCAA-1",3385,"Fibroblast"
"e16_s1_GACTTCCAGGGCAACT-1",2764,"Foregut Basal"
"e16_s1_GACTTCCAGGTGCAGT-1",1627,"Fibroblast"
"e16_s1_GACTTCCAGTGTTCAC-1",829,"Pericyte"
"e16_s1_GACTTCCCAAGTGTCT-1",1999,"Fibroblast"
"e16_s1_GACTTCCCAGTCAGAG-1",916,"Fibroblast"
"e16_s1_GACTTCCGTACTAACC-1",3352,"ENS"
"e16_s1_GACTTCCTCAGACCCG-1",815,"Myofibroblast"
"e16_s1_GACTTCCTCTCCCAAC-1",1568,"ENS"
"e16_s1_GAGAAATAGACTCTTG-1",1003,"Foregut Basal"
"e16_s1_GAGAAATAGCCATTCA-1",3083,"Mesothelial"
"e16_s1_GAGAAATAGCTGAAAT-1",2380,"Fibroblast"
"e16_s1_GAGAAATCAGAAGTGC-1",2891,"Fibroblast"
"e16_s1_GAGAAATCAGGCACTC-1",2089,"ENS"
"e16_s1_GAGAAATCATATAGCC-1",2690,"Fibroblast"
"e16_s1_GAGAAATGTAGCGTTT-1",2992,"ENS"
"e16_s1_GAGAAATTCAAGCCTA-1",1003,"Foregut Basal"
"e16_s1_GAGAAATTCACTCTTA-1",1091,"Fibroblast"
"e16_s1_GAGAAATTCGGCATAT-1",3385,"ENS"
"e16_s1_GAGACCCAGATACGAT-1",1973,"Fibroblast"
"e16_s1_GAGACCCAGCTGGCTC-1",1575,"Fibroblast"
"e16_s1_GAGACCCAGTCATACC-1",3248,"Myofibroblast"
"e16_s1_GAGACCCCAGCGGATA-1",2307,"Fibroblast"
"e16_s1_GAGACCCGTGCTCCGA-1",2709,"ENS"
"e16_s1_GAGACCCTCCATTCAT-1",2517,"ENS"
"e16_s1_GAGACCCTCGATACAC-1",656,"Fibroblast"
"e16_s1_GAGACCCTCGATTCCC-1",1706,"ENS"
"e16_s1_GAGACCCTCTCCCATG-1",815,"Fibroblast"
"e16_s1_GAGACTTAGGCTCCCA-1",2406,"Fibroblast"
"e16_s1_GAGACTTGTGTTAGCT-1",1185,"ENS"
"e16_s1_GAGACTTGTGTTGATC-1",1189,"ENS"
"e16_s1_GAGACTTTCGGCAGTC-1",2777,"ICC"
"e16_s1_GAGAGGTAGCAGGTCA-1",1973,"Fibroblast"
"e16_s1_GAGAGGTAGGCACTAG-1",640,"Smooth muscle"
"e16_s1_GAGAGGTAGGTGCCAA-1",1861,"Fibroblast"
"e16_s1_GAGAGGTCAGCGTATT-1",938,"Fibroblast"
"e16_s1_GAGAGGTGTCACTCGG-1",2666,"Fibroblast"
"e16_s1_GAGAGGTTCTACGGGC-1",1998,"Foregut Basal"
"e16_s1_GAGATGGAGAATTCAG-1",2362,"Endothelial"
"e16_s1_GAGATGGAGGTCCCTG-1",786,"Smooth muscle"
"e16_s1_GAGATGGCACTACCGG-1",1322,"Smooth muscle"
"e16_s1_GAGATGGCAGTAGGAC-1",3089,"ENS"
"e16_s1_GAGATGGCATAAGCGG-1",1213,"Endothelial"
"e16_s1_GAGATGGTCAACTACG-1",2469,"ENS"
"e16_s1_GAGATGGTCACTGCTC-1",886,"ENS"
"e16_s1_GAGATGGTCCCAATAG-1",1627,"Fibroblast"
"e16_s1_GAGCCTGAGAGCAAGA-1",920,"ENS"
"e16_s1_GAGCCTGAGTGCAAAT-1",1999,"Fibroblast"
"e16_s1_GAGCCTGCACAACGTT-1",2764,"Foregut Basal"
"e16_s1_GAGCCTGCAGGCCTGT-1",1999,"Fibroblast"
"e16_s1_GAGCCTGCATCGAACT-1",1242,"Endothelial"
"e16_s1_GAGCCTGCATGTGACT-1",2659,"Fibroblast"
"e16_s1_GAGCCTGGTCACCGAC-1",2396,"Pericyte"
"e16_s1_GAGCCTGGTCGCCTAG-1",807,"Myofibroblast"
"e16_s1_GAGCCTGGTTGGTACT-1",1850,"Foregut Basal"
"e16_s1_GAGCCTGGTTGTGTAC-1",99,"Myofibroblast"
"e16_s1_GAGCCTGTCTCCTGTG-1",842,"Foregut Basal"
"e16_s1_GAGCCTGTCTTCGATT-1",1537,"ENS"
"e16_s1_GAGCTGCAGCACGATG-1",171,"Fibroblast"
"e16_s1_GAGCTGCCACAGTCAT-1",1122,"ENS"
"e16_s1_GAGCTGCGTACGGTTT-1",3272,"Smooth muscle"
"e16_s1_GAGCTGCTCCGGCAAC-1",2606,"Fibroblast"
"e16_s1_GAGCTGCTCGATGGAG-1",1289,"ENS"
"e16_s1_GAGCTGCTCGCTGACG-1",1576,"Smooth muscle"
"e16_s1_GAGCTGCTCGGCATCG-1",1122,"ENS"
"e16_s1_GAGGCAAAGCCGGATA-1",1408,"Pericyte"
"e16_s1_GAGGCAAAGGCATCAG-1",901,"ENS"
"e16_s1_GAGGCAAAGGCTTCCG-1",938,"Fibroblast"
"e16_s1_GAGGCAAAGGGATCAC-1",549,"ENS"
"e16_s1_GAGGCAACACTTGAGT-1",272,"Fibroblast"
"e16_s1_GAGGCAACATCCCACT-1",1003,"Foregut Basal"
"e16_s1_GAGGCAAGTCACTTAG-1",598,"Fibroblast"
"e16_s1_GAGGCAAGTGGCCACT-1",1576,"Fibroblast"
"e16_s1_GAGGCAATCCAATGCA-1",786,"Fibroblast"
"e16_s1_GAGGCAATCTCCTACG-1",2040,"ICC"
"e16_s1_GAGGCCTAGAAACCCG-1",2645,"ENS"
"e16_s1_GAGGCCTAGTGGACTG-1",2307,"Fibroblast"
"e16_s1_GAGGCCTCACTCAAGT-1",2777,"ICC"
"e16_s1_GAGGCCTCATCAGCAT-1",3089,"ENS"
"e16_s1_GAGGCCTTCACGGGCT-1",1144,"Fibroblast"
"e16_s1_GAGGCCTTCACTTTGT-1",1282,"ENS"
"e16_s1_GAGGCCTTCCCATAGA-1",1973,"ICC"
"e16_s1_GAGGGATAGGTTAAAC-1",181,"Smooth muscle"
"e16_s1_GAGGGATCACAGTCGC-1",1973,"Fibroblast"
"e16_s1_GAGGGATCAGCCCACA-1",1860,"Fibroblast"
"e16_s1_GAGGGATGTCCATACA-1",2764,"Foregut Basal"
"e16_s1_GAGGGATGTCCCACGA-1",1999,"Fibroblast"
"e16_s1_GAGGGATGTCGGAACA-1",1003,"Foregut Basal"
"e16_s1_GAGGGATGTGCACATT-1",2493,"ENS"
"e16_s1_GAGGGATGTGCTTCAA-1",2443,"Fibroblast"
"e16_s1_GAGGGATTCGGAAACG-1",2893,"Fibroblast"
"e16_s1_GAGGGATTCTCTATAC-1",736,"Immune"
"e16_s1_GAGGGTAAGCGCTGCT-1",1967,"Smooth muscle"
"e16_s1_GAGGGTACACTAGGCC-1",2953,"ENS"
"e16_s1_GAGGGTACATGACAAA-1",1185,"ENS"
"e16_s1_GAGGGTACATGGAACG-1",2581,"ENS"
"e16_s1_GAGGGTAGTAGGCTGA-1",676,"Fibroblast"
"e16_s1_GAGGGTAGTTGGGTTT-1",2704,"Myofibroblast"
"e16_s1_GAGGGTATCACTGGGC-1",1933,"Fibroblast"
"e16_s1_GAGGGTATCATCACCC-1",1003,"Foregut Basal"
"e16_s1_GAGGGTATCATGACAC-1",3369,"Pericyte"
"e16_s1_GAGGGTATCTGGACCG-1",3089,"ENS"
"e16_s1_GAGTCATAGTCGGGAT-1",2992,"ENS"
"e16_s1_GAGTCATAGTTAGAAC-1",2629,"ENS"
"e16_s1_GAGTCATCACATATGC-1",2900,"Fibroblast"
"e16_s1_GAGTCATCAGGTTCAT-1",3369,"Fibroblast"
"e16_s1_GAGTCATGTATTGCCA-1",1113,"Endothelial"
"e16_s1_GAGTCATGTGCTGTCG-1",719,"Foregut Basal"
"e16_s1_GAGTCATGTGTTACTG-1",939,"Fibroblast"
"e16_s1_GAGTCATTCATTGCCC-1",1999,"Fibroblast"
"e16_s1_GAGTCTAAGACTCATC-1",2048,"Mesothelial"
"e16_s1_GAGTCTAAGCCTGTGC-1",886,"ENS"
"e16_s1_GAGTCTAAGCGAGAAA-1",2940,"Smooth muscle"
"e16_s1_GAGTCTACAACGGCTC-1",886,"ENS"
"e16_s1_GAGTCTACAAGCACCC-1",2147,"ENS"
"e16_s1_GAGTCTACACCTGCTT-1",598,"Fibroblast"
"e16_s1_GAGTCTAGTGTGTTTG-1",2696,"ENS"
"e16_s1_GAGTCTATCAGGCGAA-1",2891,"Fibroblast"
"e16_s1_GAGTCTATCGCTGCGA-1",1056,"ENS"
"e16_s1_GAGTCTATCGTCTAAG-1",1973,"Smooth muscle"
"e16_s1_GAGTCTATCTGCATGA-1",886,"ENS"
"e16_s1_GAGTGAGAGACTTCCA-1",2064,"Fibroblast"
"e16_s1_GAGTGAGAGGGAACAA-1",3227,"Fibroblast"
"e16_s1_GAGTGAGCAAGTCATC-1",1851,"Foregut Basal"
"e16_s1_GAGTGAGCAGCATACT-1",1998,"Foregut Basal"
"e16_s1_GAGTGAGCAGTTCCAA-1",2048,"Fibroblast"
"e16_s1_GAGTGAGTCAACACGT-1",1973,"Fibroblast"
"e16_s1_GAGTGAGTCATACAGC-1",710,"Fibroblast"
"e16_s1_GAGTGAGTCGACATAC-1",1861,"Fibroblast"
"e16_s1_GAGTGTTAGCTAGATA-1",2659,"Fibroblast"
"e16_s1_GAGTGTTAGGACGCAT-1",2048,"Myofibroblast"
"e16_s1_GAGTGTTAGGATTCCT-1",1973,"Myofibroblast"
"e16_s1_GAGTGTTCAACTCCCT-1",2911,"Fibroblast"
"e16_s1_GAGTGTTCAGACAATA-1",1860,"Fibroblast"
"e16_s1_GAGTGTTCATCCCGTT-1",1973,"Smooth muscle"
"e16_s1_GAGTGTTCATGCTGCG-1",1973,"Pericyte"
"e16_s1_GAGTGTTGTGTCATGT-1",1003,"Fibroblast"
"e16_s1_GAGTGTTTCCGCAGTG-1",1999,"Fibroblast"
"e16_s1_GAGTTACAGAGAGTGA-1",2911,"Fibroblast"
"e16_s1_GAGTTACAGGGATCGT-1",2040,"Smooth muscle"
"e16_s1_GAGTTACCACAGTCCG-1",1997,"Fibroblast"
"e16_s1_GAGTTACCAGATACTC-1",2605,"Fibroblast"
"e16_s1_GAGTTACCAGGGATAC-1",1144,"ICC"
"e16_s1_GAGTTACCATCGTGCG-1",598,"Fibroblast"
"e16_s1_GAGTTACGTTCTCTAT-1",1013,"ENS"
"e16_s1_GAGTTACTCACTGAAC-1",1999,"Fibroblast"
"e16_s1_GAGTTACTCCGTTGGG-1",2843,"Myofibroblast"
"e16_s1_GAGTTACTCTGCATAG-1",858,"ENS"
"e16_s1_GAGTTACTCTTAAGGC-1",3273,"Fibroblast"
"e16_s1_GAGTTGTAGCACACAG-1",3389,"Myofibroblast"
"e16_s1_GAGTTGTAGCAGCAGT-1",1144,"Fibroblast"
"e16_s1_GAGTTGTAGCATAGGC-1",749,"ENS"
"e16_s1_GAGTTGTGTCTTGAAC-1",2493,"ENS"
"e16_s1_GAGTTGTTCACTGAAC-1",2290,"ENS"
"e16_s1_GAGTTGTTCAGGGTAG-1",1504,"Fibroblast"
"e16_s1_GAGTTGTTCTCCCTAG-1",2048,"Smooth muscle"
"e16_s1_GAGTTTGAGTACAGAT-1",2225,"Fibroblast"
"e16_s1_GAGTTTGAGTCCCGAC-1",1185,"ENS"
"e16_s1_GAGTTTGCAAGTTTGC-1",1869,"Fibroblast"
"e16_s1_GAGTTTGCACATTACG-1",3339,"ENS"
"e16_s1_GAGTTTGGTATAATGG-1",2764,"Foregut Basal"
"e16_s1_GAGTTTGGTCACCGCA-1",1003,"Foregut Basal"
"e16_s1_GAGTTTGGTCCTCATC-1",1053,"ENS"
"e16_s1_GAGTTTGGTCGGTGAA-1",1999,"Fibroblast"
"e16_s1_GAGTTTGGTGATGAAT-1",1973,"Fibroblast"
"e16_s1_GAGTTTGGTTGTACGT-1",3041,"Fibroblast"
"e16_s1_GATAGAAAGGTACAGC-1",2911,"Fibroblast"
"e16_s1_GATAGAAAGTAGTGCG-1",938,"Myofibroblast"
"e16_s1_GATAGAACACGGCTAC-1",2645,"ENS"
"e16_s1_GATAGAACACTCTCGT-1",65,"Endothelial"
"e16_s1_GATAGAACAGCATACT-1",2269,"ENS"
"e16_s1_GATAGAACATTGAAGA-1",804,"Myofibroblast"
"e16_s1_GATAGAAGTATTCTCT-1",598,"Myofibroblast"
"e16_s1_GATAGAAGTTACCCAA-1",2040,"Fibroblast"
"e16_s1_GATAGAAGTTCAGTAC-1",829,"Fibroblast"
"e16_s1_GATAGAAGTTTCCATT-1",2787,"Smooth muscle"
"e16_s1_GATAGAATCACACGAT-1",938,"Fibroblast"
"e16_s1_GATAGAATCAGAACCT-1",1149,"Fibroblast"
"e16_s1_GATAGCTAGGTCACCC-1",3193,"Foregut Basal"
"e16_s1_GATAGCTCAAGTCCCG-1",1158,"Fibroblast"
"e16_s1_GATAGCTGTAATGATG-1",3354,"ENS"
"e16_s1_GATAGCTTCCCGTTGT-1",1003,"Pericyte"
"e16_s1_GATAGCTTCCCTTGGT-1",2217,"Smooth muscle"
"e16_s1_GATAGCTTCTACAGGT-1",2203,"Endothelial"
"e16_s1_GATCACAAGAAGAGCA-1",994,"Simple Epithelial"
"e16_s1_GATCACAAGACCATGG-1",1796,"ENS"
"e16_s1_GATCACAAGATAGTGT-1",2517,"ENS"
"e16_s1_GATCACAAGCAGCCCT-1",3186,"Fibroblast"
"e16_s1_GATCACAGTACCGTCG-1",2493,"ENS"
"e16_s1_GATCACAGTACCTAAC-1",1312,"Fibroblast"
"e16_s1_GATCACAGTGTTACTG-1",1709,"ENS"
"e16_s1_GATCACATCGCTGATA-1",1973,"Fibroblast"
"e16_s1_GATCAGTAGGGAGGCA-1",1422,"Fibroblast"
"e16_s1_GATCAGTCATCGGATT-1",1548,"Endothelial"
"e16_s1_GATCAGTGTGGAATGC-1",1997,"Pericyte"
"e16_s1_GATCAGTTCAGAGCGA-1",1973,"Fibroblast"
"e16_s1_GATCAGTTCGCAATGT-1",2891,"Fibroblast"
"e16_s1_GATCATGAGATGCTAA-1",3052,"Fibroblast"
"e16_s1_GATCATGCAACGCCCA-1",2918,"Smooth muscle"
"e16_s1_GATCATGCATTCCTCG-1",3339,"ENS"
"e16_s1_GATCATGGTCGAGTGA-1",3251,"Fibroblast"
"e16_s1_GATCATGTCAATGTCG-1",938,"Smooth muscle"
"e16_s1_GATCATGTCGGACGTC-1",2937,"Immune"
"e16_s1_GATCCCTAGAAATTGC-1",1185,"ENS"
"e16_s1_GATCCCTAGGTCACTT-1",1312,"Fibroblast"
"e16_s1_GATCCCTCAATGAAAC-1",1014,"ENS"
"e16_s1_GATCCCTCAATTGCGT-1",3049,"Fibroblast"
"e16_s1_GATCCCTCAGTCGCTG-1",2605,"Myofibroblast"
"e16_s1_GATCCCTCATCCTAAG-1",1870,"Fibroblast"
"e16_s1_GATCCCTCATTCGGGC-1",166,"Fibroblast"
"e16_s1_GATCCCTTCAAAGAAC-1",656,"Fibroblast"
"e16_s1_GATCCCTTCATTCACT-1",2696,"ENS"
"e16_s1_GATCCCTTCGTGGTAT-1",1026,"Endothelial"
"e16_s1_GATCGTAAGCCTATCA-1",2890,"Pericyte"
"e16_s1_GATCGTAAGGGAGGCA-1",85,"Fibroblast"
"e16_s1_GATCGTAAGTCATGCT-1",2606,"Fibroblast"
"e16_s1_GATCGTACAAACTGCT-1",3258,"Fibroblast"
"e16_s1_GATCGTACAGTGTACT-1",2307,"Fibroblast"
"e16_s1_GATCGTACATCTGCGG-1",1973,"Myofibroblast"
"e16_s1_GATCGTAGTCCCGGTA-1",1627,"Fibroblast"
"e16_s1_GATCGTAGTCTACGTA-1",1555,"Endothelial"
"e16_s1_GATCGTAGTGGCTTGC-1",1548,"Endothelial"
"e16_s1_GATCGTATCAAACGAA-1",1973,"ENS"
"e16_s1_GATCGTATCAGCACCG-1",2891,"Pericyte"
"e16_s1_GATCGTATCTGCTGAA-1",1122,"ENS"
"e16_s1_GATCGTATCTGGTCAA-1",3169,"Smooth muscle"
"e16_s1_GATGACTAGGACTTCT-1",2890,"Fibroblast"
"e16_s1_GATGACTGTACGACAG-1",1973,"Fibroblast"
"e16_s1_GATGACTGTCAGACGA-1",1353,"Foregut Basal"
"e16_s1_GATGACTGTGCGGATA-1",2089,"ENS"
"e16_s1_GATGACTGTGTATACC-1",1782,"Simple Epithelial"
"e16_s1_GATGACTTCACAGAGG-1",1312,"Fibroblast"
"e16_s1_GATGACTTCACCCATC-1",384,"Fibroblast"
"e16_s1_GATGACTTCCCATACC-1",2910,"Fibroblast"
"e16_s1_GATGACTTCCTTTAGT-1",1312,"Fibroblast"
"e16_s1_GATGACTTCGCCGTGA-1",2696,"ENS"
"e16_s1_GATGACTTCTTCGGTC-1",1003,"Foregut Basal"
"e16_s1_GATGAGGAGATCACTC-1",1627,"Fibroblast"
"e16_s1_GATGAGGAGGCATCTT-1",1312,"Fibroblast"
"e16_s1_GATGAGGCACCCTCTA-1",3330,"Fibroblast"
"e16_s1_GATGAGGCATCTATCT-1",3207,"Smooth muscle"
"e16_s1_GATGATCAGTTCCGGC-1",1861,"Smooth muscle"
"e16_s1_GATGATCCAAATGCTC-1",2491,"ENS"
"e16_s1_GATGATCGTACTCCGG-1",2040,"Myofibroblast"
"e16_s1_GATGATCGTCGCATGC-1",550,"ENS"
"e16_s1_GATGATCGTGCTAGCC-1",158,"Fibroblast"
"e16_s1_GATGATCGTGGTCCGT-1",3354,"ENS"
"e16_s1_GATGATCTCCATTGTT-1",1973,"Fibroblast"
"e16_s1_GATGCTAAGATAGGGA-1",2789,"ICC"
"e16_s1_GATGCTAAGCCTCATA-1",3364,"ENS"
"e16_s1_GATGCTAGTATGCGGA-1",1003,"Foregut Basal"
"e16_s1_GATGCTAGTCGGAACA-1",3083,"Fibroblast"
"e16_s1_GATGCTAGTTCTTGTT-1",938,"Fibroblast"
"e16_s1_GATGCTATCACCTCAC-1",1549,"Fibroblast"
"e16_s1_GATGCTATCCTTATGT-1",1619,"Endothelial"
"e16_s1_GATGCTATCGTGTGAT-1",1198,"Fibroblast"
"e16_s1_GATGGAGAGACTAAGT-1",2893,"Pericyte"
"e16_s1_GATGGAGAGCGTGAAC-1",1615,"Endothelial"
"e16_s1_GATGGAGAGGTGCTAG-1",1973,"Myofibroblast"
"e16_s1_GATGGAGAGTCACGCC-1",2690,"Myofibroblast"
"e16_s1_GATGGAGCAGACCATT-1",1411,"Smooth muscle"
"e16_s1_GATGGAGGTACAAACA-1",640,"Mesothelial"
"e16_s1_GATGGAGGTAGATTAG-1",1999,"Fibroblast"
"e16_s1_GATGGAGGTCTGCCTT-1",1643,"ENS"
"e16_s1_GATGGAGGTGATTCTG-1",2463,"Fibroblast"
"e16_s1_GATGGAGGTTTCAGAC-1",2928,"ICC"
"e16_s1_GATGTTGAGCGACATG-1",1999,"Fibroblast"
"e16_s1_GATGTTGAGGACGCTA-1",1949,"Fibroblast"
"e16_s1_GATGTTGCACCATATG-1",1122,"ENS"
"e16_s1_GATGTTGCACGGCCAT-1",2893,"Fibroblast"
"e16_s1_GATGTTGCATAGAATG-1",938,"Fibroblast"
"e16_s1_GATGTTGCATATGAAG-1",920,"ENS"
"e16_s1_GATGTTGCATCGATAC-1",938,"Fibroblast"
"e16_s1_GATGTTGTCACTGGGC-1",1001,"Fibroblast"
"e16_s1_GATTCGACATGTGCTA-1",1003,"Foregut Basal"
"e16_s1_GATTCGAGTACCAATC-1",740,"Fibroblast"
"e16_s1_GATTCGAGTCATCAGT-1",1590,"Fibroblast"
"e16_s1_GATTCGAGTGTGTGGA-1",2347,"Fibroblast"
"e16_s1_GATTCGATCAATCCAG-1",453,"ENS"
"e16_s1_GATTCGATCGGAAGGT-1",3251,"Myofibroblast"
"e16_s1_GATTCTTAGCACTGGA-1",3369,"Fibroblast"
"e16_s1_GATTCTTAGTGCTACT-1",2920,"Foregut Basal"
"e16_s1_GATTCTTCAACGGGTA-1",3178,"Immune"
"e16_s1_GATTCTTCATTAAGCC-1",1144,"ICC"
"e16_s1_GATTCTTGTAATTAGG-1",2777,"Pericyte"
"e16_s1_GATTCTTGTGTTTCTT-1",719,"ICC"
"e16_s1_GATTCTTTCATTCGTT-1",1242,"Endothelial"
"e16_s1_GATTCTTTCCCATTCG-1",2307,"Fibroblast"
"e16_s1_GATTCTTTCCGCTTAC-1",1589,"Smooth muscle"
"e16_s1_GATTGGTAGTAGACCG-1",3251,"Fibroblast"
"e16_s1_GATTGGTCAGCATCTA-1",3327,"Fibroblast"
"e16_s1_GATTGGTCATGTTTGG-1",2231,"ENS"
"e16_s1_GATTGGTTCAGCAATC-1",3354,"ENS"
"e16_s1_GATTTCTCAACCAGAG-1",2911,"Smooth muscle"
"e16_s1_GATTTCTCAACTCATG-1",1627,"Fibroblast"
"e16_s1_GATTTCTCACATCATG-1",1158,"Myofibroblast"
"e16_s1_GATTTCTCATACGCAT-1",58,"Fibroblast"
"e16_s1_GATTTCTGTTGGTACT-1",1997,"Pericyte"
"e16_s1_GATTTCTTCATCACTT-1",2928,"Fibroblast"
"e16_s1_GATTTCTTCGGAGTAG-1",2690,"ICC"
"e16_s1_GCAACATAGATTAGAC-1",938,"Fibroblast"
"e16_s1_GCAACATAGCCACAAG-1",1185,"ENS"
"e16_s1_GCAACATGTTATGTCG-1",1973,"Fibroblast"
"e16_s1_GCAACCGAGATAGCAT-1",1176,"Myofibroblast"
"e16_s1_GCAACCGAGTACTGGG-1",268,"ENS"
"e16_s1_GCAACCGAGTTTCGGT-1",1999,"Smooth muscle"
"e16_s1_GCAACCGCAATCGTCA-1",2493,"ENS"
"e16_s1_GCAACCGCACTACGGC-1",1836,"ENS"
"e16_s1_GCAACCGCATAAGATG-1",1692,"Foregut Basal"
"e16_s1_GCAACCGGTCTCAGGC-1",1312,"Myofibroblast"
"e16_s1_GCAACCGGTTTACCAG-1",3227,"Fibroblast"
"e16_s1_GCAACCGTCCTGTTAT-1",2764,"Foregut Basal"
"e16_s1_GCAACCGTCGATGCTA-1",1079,"Fibroblast"
"e16_s1_GCAACCGTCTGCGTCT-1",2316,"Fibroblast"
"e16_s1_GCACATAAGACAACTA-1",1576,"Fibroblast"
"e16_s1_GCACATAAGCTAGATA-1",656,"Fibroblast"
"e16_s1_GCACATACACACAGCC-1",2843,"Myofibroblast"
"e16_s1_GCACATACAGGTCCCA-1",920,"ENS"
"e16_s1_GCACATACAGTCACGC-1",1688,"ENS"
"e16_s1_GCACATAGTACAGTCT-1",815,"ICC"
"e16_s1_GCACATATCCACACCT-1",1973,"Fibroblast"
"e16_s1_GCACATATCCACCTCA-1",1163,"Fibroblast"
"e16_s1_GCACATATCCATAGGT-1",2838,"Endothelial"
"e16_s1_GCACATATCTAGTTCT-1",3157,"ENS"
"e16_s1_GCACGGTAGAGATTCA-1",2764,"Foregut Basal"
"e16_s1_GCACGGTCACCAGCGT-1",1638,"ICC"
"e16_s1_GCACGGTCACTGGCGT-1",1505,"Fibroblast"
"e16_s1_GCACGGTCAGTAACAA-1",2126,"ENS"
"e16_s1_GCACGGTCAGTAGAGC-1",997,"ENS"
"e16_s1_GCACGGTGTAACTAAG-1",1327,"Foregut Basal"
"e16_s1_GCACGGTGTGTACAGG-1",2928,"Pericyte"
"e16_s1_GCACGGTGTTAGTTCG-1",1213,"Endothelial"
"e16_s1_GCACGGTTCCATACAG-1",984,"Smooth muscle"
"e16_s1_GCACGGTTCGTTCTAT-1",2307,"Fibroblast"
"e16_s1_GCACGTGAGCCAAGGT-1",1003,"Foregut Basal"
"e16_s1_GCACGTGCAGGTCCCA-1",1654,"Simple Epithelial"
"e16_s1_GCACGTGCATAGACTC-1",1973,"Fibroblast"
"e16_s1_GCACGTGGTGGGCTCT-1",2936,"Fibroblast"
"e16_s1_GCACGTGGTGGGTTGA-1",2787,"Fibroblast"
"e16_s1_GCACGTGGTTCTTGTT-1",1667,"Smooth muscle"
"e16_s1_GCACGTGTCAATCTTC-1",2928,"Fibroblast"
"e16_s1_GCACGTGTCCGTCACT-1",1003,"Foregut Basal"
"e16_s1_GCACGTGTCGCGTGCA-1",2928,"Fibroblast"
"e16_s1_GCACGTGTCGGATTAC-1",3354,"ENS"
"e16_s1_GCACGTGTCTTGCGCT-1",2126,"ENS"
"e16_s1_GCACTAAAGATGCAGC-1",1091,"Fibroblast"
"e16_s1_GCACTAAAGCGATTCT-1",1973,"Myofibroblast"
"e16_s1_GCACTAAAGGGCAATC-1",598,"ICC"
"e16_s1_GCACTAAAGGGTAGCT-1",2992,"ENS"
"e16_s1_GCACTAAAGTGACACG-1",886,"ENS"
"e16_s1_GCACTAACAACGGTAG-1",2064,"Fibroblast"
"e16_s1_GCACTAACACGACGTC-1",2250,"ENS"
"e16_s1_GCACTAACATAGAATG-1",2110,"Fibroblast"
"e16_s1_GCACTAAGTACTGGGA-1",2605,"Myofibroblast"
"e16_s1_GCACTAAGTTCGAGCC-1",1158,"Fibroblast"
"e16_s1_GCACTAATCCTTCTAA-1",3259,"ENS"
"e16_s1_GCACTAATCGGTAACT-1",2380,"Fibroblast"
"e16_s1_GCACTAATCTTCCTAA-1",2928,"Myofibroblast"
"e16_s1_GCAGCCAAGATAGCTA-1",2497,"Smooth muscle"
"e16_s1_GCAGCCACATAACAGA-1",2110,"Fibroblast"
"e16_s1_GCAGCCAGTAGCTGCC-1",2690,"Fibroblast"
"e16_s1_GCAGCCAGTCAATCTG-1",598,"Smooth muscle"
"e16_s1_GCAGCCAGTGCCTTTC-1",1312,"Mesothelial"
"e16_s1_GCAGCCATCAATCTCT-1",1312,"Mesothelial"
"e16_s1_GCAGCCATCCATAGAC-1",2978,"Fibroblast"
"e16_s1_GCAGCCATCGCTAGCG-1",1999,"ICC"
"e16_s1_GCAGCCATCGGTCACG-1",2126,"ENS"
"e16_s1_GCAGCCATCGTTGCCT-1",1860,"Pericyte"
"e16_s1_GCAGCCATCTACTTCA-1",2037,"Foregut Basal"
"e16_s1_GCAGCTGAGGAGTATT-1",719,"Smooth muscle"
"e16_s1_GCAGCTGCACAAGTTC-1",1053,"ENS"
"e16_s1_GCAGCTGGTATGCAAA-1",1619,"Endothelial"
"e16_s1_GCAGCTGGTGTCATGT-1",1003,"Foregut Basal"
"e16_s1_GCAGCTGGTTGTGCCG-1",3140,"Smooth muscle"
"e16_s1_GCAGCTGTCGGCTGAC-1",3385,"Fibroblast"
"e16_s1_GCAGGCTAGATTCGCT-1",1590,"Myofibroblast"
"e16_s1_GCAGGCTCAAACGGCA-1",2891,"Fibroblast"
"e16_s1_GCAGGCTCAAAGACGC-1",2953,"ENS"
"e16_s1_GCAGGCTGTAACCCTA-1",2110,"Fibroblast"
"e16_s1_GCAGGCTGTACCGGAA-1",2891,"Fibroblast"
"e16_s1_GCAGGCTGTCGTTCAA-1",829,"Smooth muscle"
"e16_s1_GCAGGCTGTGGCCCAT-1",1973,"Fibroblast"
"e16_s1_GCAGTTAAGATCACCT-1",1861,"ICC"
"e16_s1_GCAGTTAAGTTCCTGA-1",2764,"Foregut Basal"
"e16_s1_GCAGTTACAGAGCGTA-1",1999,"Fibroblast"
"e16_s1_GCAGTTACAGGCACAA-1",1324,"ENS"
"e16_s1_GCAGTTACATGAAGCG-1",719,"Fibroblast"
"e16_s1_GCAGTTATCGTAGGGA-1",2231,"ENS"
"e16_s1_GCATCGGGTCGCCACA-1",1627,"Smooth muscle"
"e16_s1_GCATCGGGTGATAGTA-1",1595,"Fibroblast"
"e16_s1_GCATCGGTCCCTAGGG-1",1272,"ENS"
"e16_s1_GCATCGGTCCGATCGG-1",2928,"Pericyte"
"e16_s1_GCATCGGTCTGGCCAG-1",3385,"Mesothelial"
"e16_s1_GCATCGGTCTTCTGGC-1",1706,"ENS"
"e16_s1_GCATCTCAGGTCTACT-1",1609,"ENS"
"e16_s1_GCATCTCCAACGCCCA-1",3354,"ENS"
"e16_s1_GCATCTCTCAAAGACA-1",1548,"Endothelial"
"e16_s1_GCATCTCTCGCAGTCG-1",2396,"Fibroblast"
"e16_s1_GCATGATAGCAGGCAT-1",2955,"ENS"
"e16_s1_GCATGATAGCATAGGC-1",2757,"ENS"
"e16_s1_GCATGATAGCATCGAG-1",1654,"Simple Epithelial"
"e16_s1_GCATGATAGGAACATT-1",1860,"Fibroblast"
"e16_s1_GCATGATAGGCCACCT-1",2940,"Smooth muscle"
"e16_s1_GCATGATCAGCGTTTA-1",1973,"Fibroblast"
"e16_s1_GCATGATGTCCTACAA-1",2777,"Fibroblast"
"e16_s1_GCATGATGTTACCCAA-1",2517,"ENS"
"e16_s1_GCATGATTCAAACCCA-1",3140,"Fibroblast"
"e16_s1_GCATGATTCGAAGTGG-1",1999,"Fibroblast"
"e16_s1_GCATTAGAGACAGCGT-1",3083,"Smooth muscle"
"e16_s1_GCATTAGAGGCGTTAG-1",2294,"ENS"
"e16_s1_GCATTAGAGGTCCAGA-1",1555,"Endothelial"
"e16_s1_GCATTAGCATGACGTT-1",760,"ENS"
"e16_s1_GCATTAGGTGGTAATA-1",185,"ENS"
"e16_s1_GCATTAGGTGTAAACA-1",1144,"Fibroblast"
"e16_s1_GCATTAGTCTAAGAAG-1",2064,"Fibroblast"
"e16_s1_GCATTAGTCTACTGAG-1",2307,"Fibroblast"
"e16_s1_GCATTAGTCTATACGG-1",1706,"ENS"
"e16_s1_GCATTAGTCTATTTCG-1",2581,"ENS"
"e16_s1_GCCAACGAGGTTTGAA-1",1860,"Fibroblast"
"e16_s1_GCCAACGCAAAGCTAA-1",2709,"ENS"
"e16_s1_GCCAACGGTCTTGAGT-1",2269,"ENS"
"e16_s1_GCCAACGGTTCTCAGA-1",2034,"Myofibroblast"
"e16_s1_GCCAACGTCCACGGGT-1",2928,"Fibroblast"
"e16_s1_GCCAACGTCGATACTG-1",1555,"Endothelial"
"e16_s1_GCCAACGTCTGCGGAC-1",1137,"Fibroblast"
"e16_s1_GCCAACGTCTGTTCAT-1",829,"Myofibroblast"
"e16_s1_GCCAGCACAAATTGCC-1",553,"ENS"
"e16_s1_GCCAGCACACTCAGAT-1",1861,"Fibroblast"
"e16_s1_GCCAGCACAGGAGGTT-1",2469,"ENS"
"e16_s1_GCCAGGTAGGAGAATG-1",2363,"Foregut Basal"
"e16_s1_GCCAGGTAGTAGGATT-1",1968,"Fibroblast"
"e16_s1_GCCAGGTCAAATTGGA-1",1973,"Fibroblast"
"e16_s1_GCCAGGTCAAGGTTGG-1",760,"ENS"
"e16_s1_GCCAGGTCATGGCTAT-1",1973,"Fibroblast"
"e16_s1_GCCAGGTGTAGGGTAC-1",3031,"ENS"
"e16_s1_GCCAGGTGTGTAACGG-1",491,"Fibroblast"
"e16_s1_GCCAGGTGTTGTAGCT-1",940,"Fibroblast"
"e16_s1_GCCAGGTTCATACAGC-1",3325,"Fibroblast"
"e16_s1_GCCAGGTTCGGTCAGC-1",1312,"Myofibroblast"
"e16_s1_GCCAGGTTCGTGCGAC-1",1999,"Fibroblast"
"e16_s1_GCCAGTGAGGTCTACT-1",3083,"Fibroblast"
"e16_s1_GCCAGTGAGTACCGGA-1",2384,"Fibroblast"
"e16_s1_GCCAGTGCACACACGC-1",811,"Fibroblast"
"e16_s1_GCCAGTGGTCAGGAGT-1",705,"ENS"
"e16_s1_GCCAGTGGTCGTCAGC-1",2868,"ENS"
"e16_s1_GCCAGTGGTGCGCTCA-1",1627,"Fibroblast"
"e16_s1_GCCAGTGTCGCCAGAC-1",9,"Fibroblast"
"e16_s1_GCCAGTGTCTGCTTTA-1",3339,"ENS"
"e16_s1_GCCATGGAGAAACTAC-1",1327,"Foregut Basal"
"e16_s1_GCCATGGAGCGTTAGG-1",1357,"Foregut Basal"
"e16_s1_GCCATGGAGGCTCCCA-1",1555,"Endothelial"
"e16_s1_GCCATGGGTACTCCGG-1",2347,"Fibroblast"
"e16_s1_GCCATGGGTCGAGCAA-1",2408,"ENS"
"e16_s1_GCCATGGTCATGCATG-1",2469,"ENS"
"e16_s1_GCCATGGTCCAGTGTA-1",656,"Fibroblast"
"e16_s1_GCCATGGTCTCCTGCA-1",794,"Fibroblast"
"e16_s1_GCCATGGTCTTAATCC-1",605,"Fibroblast"
"e16_s1_GCCATGGTCTTTGCAT-1",2696,"ENS"
"e16_s1_GCCATTCAGAAACCCG-1",2359,"Mesothelial"
"e16_s1_GCCATTCAGAGTTGCG-1",3215,"Fibroblast"
"e16_s1_GCCATTCAGGCATTTC-1",2836,"Endothelial"
"e16_s1_GCCATTCCAAGCGGAT-1",2953,"ENS"
"e16_s1_GCCATTCCAGCATACT-1",2826,"Fibroblast"
"e16_s1_GCCATTCGTAGCACAG-1",550,"ENS"
"e16_s1_GCCATTCGTGAGAGGG-1",1312,"Smooth muscle"
"e16_s1_GCCATTCTCACTTGTT-1",984,"Myofibroblast"
"e16_s1_GCCCAGAAGGTGAGAA-1",2380,"Fibroblast"
"e16_s1_GCCCAGACAGCTGTTA-1",1985,"Fibroblast"
"e16_s1_GCCCAGACAGTCACGC-1",2891,"Pericyte"
"e16_s1_GCCCAGAGTGGAATGC-1",1973,"Myofibroblast"
"e16_s1_GCCCAGATCGGCATTA-1",263,"Myofibroblast"
"e16_s1_GCCCGAAAGCACTGGA-1",3207,"Fibroblast"
"e16_s1_GCCCGAAAGGGATCAC-1",3083,"Smooth muscle"
"e16_s1_GCCCGAAAGTAGTCAA-1",886,"ENS"
"e16_s1_GCCCGAACACAATGAA-1",2443,"Fibroblast"
"e16_s1_GCCCGAACAGTAGGAC-1",598,"Myofibroblast"
"e16_s1_GCCCGAACAGTTTCGA-1",3339,"ENS"
"e16_s1_GCCCGAACATGGAATA-1",1003,"Foregut Basal"
"e16_s1_GCCCGAAGTCGACTGC-1",2294,"ENS"
"e16_s1_GCCCGAAGTTCATCGA-1",2843,"Smooth muscle"
"e16_s1_GCCCGAATCACCGCTT-1",1003,"Foregut Basal"
"e16_s1_GCCCGAATCCAGCACG-1",3215,"Smooth muscle"
"e16_s1_GCCCGAATCCCATACC-1",2203,"Endothelial"
"e16_s1_GCCCGAATCGCTACAA-1",2777,"Myofibroblast"
"e16_s1_GCCGATGAGATTACCC-1",2188,"Simple Epithelial"
"e16_s1_GCCGATGAGTAAGACT-1",2147,"ENS"
"e16_s1_GCCGATGAGTCACGCC-1",1138,"Myofibroblast"
"e16_s1_GCCGATGCAGGGAATC-1",1122,"ENS"
"e16_s1_GCCGATGGTCTGATCA-1",2307,"Fibroblast"
"e16_s1_GCCGATGGTGTTACAC-1",2497,"Fibroblast"
"e16_s1_GCCGATGGTTCCGTTC-1",2098,"ENS"
"e16_s1_GCCGATGGTTGAGAGC-1",794,"Myofibroblast"
"e16_s1_GCCGATGTCAACCGAT-1",1860,"Fibroblast"
"e16_s1_GCCGATGTCCCAATAG-1",2764,"Foregut Basal"
"e16_s1_GCCGATGTCGGAGTAG-1",2118,"Pericyte"
"e16_s1_GCCGATGTCTGTTGGA-1",1999,"Fibroblast"
"e16_s1_GCCGTGACATTATGCG-1",2269,"ENS"
"e16_s1_GCCGTGACATTGTCGA-1",3385,"Fibroblast"
"e16_s1_GCCGTGAGTAGACGTG-1",829,"Fibroblast"
"e16_s1_GCCGTGAGTATGGGAC-1",2659,"Smooth muscle"
"e16_s1_GCCGTGATCATCGCCT-1",1627,"Fibroblast"
"e16_s1_GCCGTGATCGAGTACT-1",719,"Fibroblast"
"e16_s1_GCCTGTTAGCCTCATA-1",3067,"ENS"
"e16_s1_GCCTGTTAGTCATAGA-1",1353,"Foregut Basal"
"e16_s1_GCCTGTTCAATTCGTG-1",3385,"Fibroblast"
"e16_s1_GCCTGTTGTCAACATC-1",993,"Simple Epithelial"
"e16_s1_GCCTGTTGTCTGCATA-1",2955,"ENS"
"e16_s1_GCCTGTTGTGGGCTTC-1",3354,"ENS"
"e16_s1_GCCTGTTTCCCAGGAC-1",2379,"Fibroblast"
"e16_s1_GCCTGTTTCGATTCCC-1",2953,"ENS"
"e16_s1_GCCTGTTTCTCTCTTC-1",2269,"ENS"
"e16_s1_GCGAGAAAGGTGCTTT-1",786,"Smooth muscle"
"e16_s1_GCGAGAAAGTCAGAGC-1",3251,"Fibroblast"
"e16_s1_GCGAGAAAGTGAGGCT-1",3089,"ENS"
"e16_s1_GCGAGAAGTACTCCGG-1",1028,"Endothelial"
"e16_s1_GCGAGAAGTCTGTGGC-1",1627,"Fibroblast"
"e16_s1_GCGAGAAGTTAGGAGC-1",2147,"ENS"
"e16_s1_GCGAGAATCTTACGGA-1",1860,"Smooth muscle"
"e16_s1_GCGATCGAGAGTTGTA-1",1973,"Smooth muscle"
"e16_s1_GCGATCGAGATACCAA-1",1627,"Fibroblast"
"e16_s1_GCGATCGAGCAGCGAT-1",92,"Fibroblast"
"e16_s1_GCGATCGGTCGTTCAA-1",1003,"Foregut Basal"
"e16_s1_GCGATCGGTTATCTGG-1",1973,"Fibroblast"
"e16_s1_GCGATCGTCCTTCGAC-1",35,"Fibroblast"
"e16_s1_GCGATCGTCTGTCTCG-1",2362,"Endothelial"
"e16_s1_GCGATCGTCTTTCGAT-1",1427,"Fibroblast"
"e16_s1_GCGGAAAAGATTCGCT-1",843,"Foregut Basal"
"e16_s1_GCGGAAAAGCACCTGC-1",1591,"Fibroblast"
"e16_s1_GCGGAAAAGGGCAGTT-1",2918,"Smooth muscle"
"e16_s1_GCGGAAAAGTCCCAAT-1",2126,"ENS"
"e16_s1_GCGGAAACAGCGAACA-1",1918,"Endothelial"
"e16_s1_GCGGAAACATCGTCCT-1",2203,"Endothelial"
"e16_s1_GCGGAAAGTAGCTGCC-1",2540,"Smooth muscle"
"e16_s1_GCGGAAAGTATACCCA-1",1555,"Endothelial"
"e16_s1_GCGGAAAGTCGGATTT-1",1091,"Fibroblast"
"e16_s1_GCGGAAAGTGGTCTCG-1",1860,"Fibroblast"
"e16_s1_GCGGAAATCAAGCTGT-1",2645,"ENS"
"e16_s1_GCGGAAATCATCGACA-1",3189,"Fibroblast"
"e16_s1_GCGGATCAGCCTCTCT-1",1973,"Fibroblast"
"e16_s1_GCGGATCCAAGTCCAT-1",2493,"ENS"
"e16_s1_GCGGATCCAGGAAGTC-1",2911,"Fibroblast"
"e16_s1_GCGGATCGTGGTTTAC-1",1003,"Smooth muscle"
"e16_s1_GCGGATCTCGACCTAA-1",719,"Fibroblast"
"e16_s1_GCGGATCTCTGTCCCA-1",974,"ENS"
"e16_s1_GCGTGCAAGAAGTCAT-1",678,"Smooth muscle"
"e16_s1_GCGTGCAAGGTGATAT-1",271,"Smooth muscle"
"e16_s1_GCGTGCAAGTATCCTG-1",731,"Fibroblast"
"e16_s1_GCGTGCAGTCCCGTGA-1",1692,"Foregut Basal"
"e16_s1_GCGTGCATCGCTTTAT-1",833,"Myofibroblast"
"e16_s1_GCGTGCATCTGCGATA-1",891,"ENS"
"e16_s1_GCGTTTCAGAGTCGAC-1",794,"Fibroblast"
"e16_s1_GCGTTTCAGCATCCCG-1",1555,"Endothelial"
"e16_s1_GCGTTTCCAAAGGATT-1",2991,"Fibroblast"
"e16_s1_GCGTTTCCATCGGAGA-1",1075,"ENS"
"e16_s1_GCGTTTCGTACGGATG-1",1538,"ENS"
"e16_s1_GCGTTTCGTGCAACGA-1",719,"Smooth muscle"
"e16_s1_GCGTTTCGTGCAATAA-1",1973,"Smooth muscle"
"e16_s1_GCGTTTCTCATGGTAC-1",380,"ENS"
"e16_s1_GCGTTTCTCCAGCTCT-1",2396,"Fibroblast"
"e16_s1_GCGTTTCTCCTGTACC-1",2992,"ENS"
"e16_s1_GCGTTTCTCTCCTGAC-1",2709,"ENS"
"e16_s1_GCTACAAAGACAGTCG-1",2483,"Fibroblast"
"e16_s1_GCTACAAAGGGAGTTC-1",2269,"ENS"
"e16_s1_GCTACAAAGGTTACCT-1",886,"ENS"
"e16_s1_GCTACAACACAAGTTC-1",3089,"ENS"
"e16_s1_GCTACAACACGACTAT-1",3251,"Mesothelial"
"e16_s1_GCTACAACACGTATAC-1",550,"ENS"
"e16_s1_GCTACAATCACGTAGT-1",3089,"ENS"
"e16_s1_GCTACAATCATTGAGC-1",770,"ENS"
"e16_s1_GCTACAATCTGAACGT-1",719,"Mesothelial"
"e16_s1_GCTACCTCAAATGAGT-1",1158,"Fibroblast"
"e16_s1_GCTACCTCAACAGCCC-1",3369,"Fibroblast"
"e16_s1_GCTACCTCAACGTTAC-1",2893,"Fibroblast"
"e16_s1_GCTACCTCAGTCTGGC-1",1003,"Foregut Basal"
"e16_s1_GCTACCTCATCTAACG-1",760,"ENS"
"e16_s1_GCTACCTGTCCACACG-1",359,"Smooth muscle"
"e16_s1_GCTACCTTCAGACATC-1",519,"Smooth muscle"
"e16_s1_GCTCAAAAGTGTTCCA-1",2723,"Endothelial"
"e16_s1_GCTCAAACACATTCGA-1",1208,"ENS"
"e16_s1_GCTCAAACACGTTCGG-1",520,"Fibroblast"
"e16_s1_GCTCAAAGTATGAGCG-1",1973,"Myofibroblast"
"e16_s1_GCTCAAAGTATGTGTC-1",718,"Fibroblast"
"e16_s1_GCTCAAATCAGTCACA-1",1003,"Foregut Basal"
"e16_s1_GCTCAAATCCGCTGTT-1",2380,"Fibroblast"
"e16_s1_GCTCAAATCCGTGGCA-1",277,"Foregut Basal"
"e16_s1_GCTCAAATCGCCGTGA-1",2787,"Fibroblast"
"e16_s1_GCTGAATAGATCCCGC-1",556,"ENS"
"e16_s1_GCTGAATCAAACACGG-1",1706,"ENS"
"e16_s1_GCTGAATCACTATCCC-1",1627,"Fibroblast"
"e16_s1_GCTGAATGTATGATCC-1",2659,"Fibroblast"
"e16_s1_GCTGAATGTCACCGAC-1",1003,"Foregut Basal"
"e16_s1_GCTGAATGTTGTTTGG-1",2483,"Fibroblast"
"e16_s1_GCTGAATTCCCTTGTG-1",1999,"Fibroblast"
"e16_s1_GCTGAATTCGATCCCT-1",2764,"Foregut Basal"
"e16_s1_GCTGAATTCGGACTTA-1",3127,"Smooth muscle"
"e16_s1_GCTGAATTCGTCCTTG-1",2606,"Fibroblast"
"e16_s1_GCTGAATTCGTTCCCA-1",1003,"Foregut Basal"
"e16_s1_GCTGCAGAGTGGCCTC-1",886,"ENS"
"e16_s1_GCTGCAGCAAAGCGTG-1",1999,"Myofibroblast"
"e16_s1_GCTGCAGCACGAAAGC-1",2223,"Fibroblast"
"e16_s1_GCTGCAGCACTCGATA-1",464,"Fibroblast"
"e16_s1_GCTGCAGCAGGAAGTC-1",719,"Smooth muscle"
"e16_s1_GCTGCAGGTCATTCCC-1",1432,"ENS"
"e16_s1_GCTGCAGGTCCACATA-1",3089,"ENS"
"e16_s1_GCTGCAGTCCATGAGT-1",3060,"ENS"
"e16_s1_GCTGCAGTCTTCGGTC-1",2231,"ENS"
"e16_s1_GCTGGGTAGCTAAGTA-1",1003,"Foregut Basal"
"e16_s1_GCTGGGTAGGCGTTAG-1",143,"Fibroblast"
"e16_s1_GCTGGGTAGTGATGGC-1",786,"Smooth muscle"
"e16_s1_GCTGGGTCAACACAGG-1",2517,"ENS"
"e16_s1_GCTGGGTGTGACTATC-1",1199,"Smooth muscle"
"e16_s1_GCTGGGTTCTATCGCC-1",2517,"ENS"
"e16_s1_GCTTCACAGCCGTTGC-1",1999,"Fibroblast"
"e16_s1_GCTTCACAGTCAAGCG-1",3140,"Mesothelial"
"e16_s1_GCTTCACAGTCTAGAA-1",2928,"Fibroblast"
"e16_s1_GCTTCACCACATTCTT-1",1053,"ENS"
"e16_s1_GCTTCACCACCAATTG-1",1643,"ENS"
"e16_s1_GCTTCACCACTGAATC-1",1144,"Fibroblast"
"e16_s1_GCTTCACCAGATCATC-1",1434,"Fibroblast"
"e16_s1_GCTTCACCAGGAATCG-1",2777,"Smooth muscle"
"e16_s1_GCTTCACCATTAAAGG-1",829,"Fibroblast"
"e16_s1_GCTTCACGTCGCATCG-1",1973,"Fibroblast"
"e16_s1_GCTTCACGTTAGAAAC-1",1409,"Mesothelial"
"e16_s1_GCTTCACTCACATCAG-1",2928,"Fibroblast"
"e16_s1_GCTTCACTCACTTTGT-1",2380,"Myofibroblast"
"e16_s1_GCTTCACTCAGTCCGG-1",2911,"Fibroblast"
"e16_s1_GCTTCACTCGTTACCC-1",2354,"Fibroblast"
"e16_s1_GCTTGGGAGAAGCTGC-1",2380,"Fibroblast"
"e16_s1_GCTTGGGAGACGAGCT-1",1548,"Endothelial"
"e16_s1_GCTTGGGAGGAGCAAA-1",2396,"Fibroblast"
"e16_s1_GCTTGGGAGGTTCCAT-1",740,"Fibroblast"
"e16_s1_GCTTGGGCAGTTTCGA-1",2953,"ENS"
"e16_s1_GCTTGGGGTCCAGCCA-1",679,"Smooth muscle"
"e16_s1_GCTTGGGGTGGCTTGC-1",2994,"ENS"
"e16_s1_GCTTGGGTCGAACCTA-1",598,"Fibroblast"
"e16_s1_GCTTGGGTCTCGGGAC-1",3021,"ICC"
"e16_s1_GCTTTCGAGAATCGTA-1",3089,"ENS"
"e16_s1_GCTTTCGAGCATCGAG-1",1144,"Pericyte"
"e16_s1_GCTTTCGAGTTTCTTC-1",2493,"ENS"
"e16_s1_GCTTTCGCATCCCACT-1",1999,"Fibroblast"
"e16_s1_GCTTTCGGTAGGATAT-1",1411,"Myofibroblast"
"e16_s1_GCTTTCGGTGGGCTTC-1",916,"Fibroblast"
"e16_s1_GCTTTCGTCCGTATAG-1",862,"ENS"
"e16_s1_GCTTTCGTCGAAGGAC-1",1555,"Endothelial"
"e16_s1_GGAACCCAGATTGTGA-1",2928,"Fibroblast"
"e16_s1_GGAACCCAGTTCCGTA-1",598,"Fibroblast"
"e16_s1_GGAACCCAGTTGGAAT-1",1861,"Fibroblast"
"e16_s1_GGAACCCTCACGAACT-1",1204,"ENS"
"e16_s1_GGAACCCTCCACACCT-1",2202,"Fibroblast"
"e16_s1_GGAACCCTCCCACAGG-1",3083,"Myofibroblast"
"e16_s1_GGAACCCTCCTCTCTT-1",1914,"Fibroblast"
"e16_s1_GGAACCCTCTTTCCAA-1",519,"Fibroblast"
"e16_s1_GGAAGTGCACTTCATT-1",2307,"Fibroblast"
"e16_s1_GGAAGTGCAGGTCAGA-1",1290,"ENS"
"e16_s1_GGAAGTGGTTCCAAAC-1",2349,"Fibroblast"
"e16_s1_GGAAGTGGTTCTCCCA-1",2089,"ENS"
"e16_s1_GGAAGTGTCCCAAGCG-1",1673,"ENS"
"e16_s1_GGAAGTGTCCGTGACG-1",2217,"Smooth muscle"
"e16_s1_GGAAGTGTCCTCTCTT-1",676,"Fibroblast"
"e16_s1_GGAATCTAGAATAACC-1",1003,"Foregut Basal"
"e16_s1_GGAATCTAGGTTAAAC-1",1327,"Foregut Basal"
"e16_s1_GGAATCTCAGTTGCGC-1",2828,"Mesothelial"
"e16_s1_GGAATCTGTATCGCAT-1",2583,"ENS"
"e16_s1_GGAATCTGTTCTCTCG-1",2891,"Fibroblast"
"e16_s1_GGAATGGAGTATGCAA-1",2709,"ENS"
"e16_s1_GGAATGGCAGTACTAC-1",2766,"Foregut Basal"
"e16_s1_GGAATGGCATGTTCGA-1",2901,"Fibroblast"
"e16_s1_GGAATGGTCATGCGGC-1",1627,"Fibroblast"
"e16_s1_GGAATGGTCCGCGATG-1",2696,"ENS"
"e16_s1_GGAATGGTCGTAATGC-1",2843,"Fibroblast"
"e16_s1_GGAATGGTCTCCGTGT-1",829,"Fibroblast"
"e16_s1_GGACGTCCAGACAAAT-1",3024,"ENS"
"e16_s1_GGACGTCCATTGAGCT-1",3251,"Fibroblast"
"e16_s1_GGACGTCGTAGCTAAA-1",1973,"ICC"
"e16_s1_GGACGTCGTTACCTTT-1",916,"Fibroblast"
"e16_s1_GGACGTCGTTATGTGC-1",1144,"Fibroblast"
"e16_s1_GGACGTCTCCGATAGT-1",1973,"Myofibroblast"
"e16_s1_GGAGAACAGTCTCTGA-1",2250,"ENS"
"e16_s1_GGAGAACCAATTCGTG-1",2469,"ENS"
"e16_s1_GGAGAACCACCACTGG-1",719,"Myofibroblast"
"e16_s1_GGAGAACCAGACAATA-1",1709,"ENS"
"e16_s1_GGAGAACCAGCGATTT-1",749,"ENS"
"e16_s1_GGAGAACGTTAGAGAT-1",938,"Fibroblast"
"e16_s1_GGAGATGAGAGTATAC-1",2347,"Mesothelial"
"e16_s1_GGAGATGAGTATAGGT-1",2978,"Fibroblast"
"e16_s1_GGAGATGGTTAAGGGC-1",2764,"Foregut Basal"
"e16_s1_GGAGATGTCACGAGGA-1",1538,"Foregut Basal"
"e16_s1_GGAGATGTCCATTTAC-1",1999,"Smooth muscle"
"e16_s1_GGAGATGTCTACTCAT-1",2992,"ENS"
"e16_s1_GGAGCAACAAGGATGC-1",2307,"Fibroblast"
"e16_s1_GGAGCAACACGCACCA-1",2953,"ICC"
"e16_s1_GGAGCAACACGCGCTA-1",2764,"Foregut Basal"
"e16_s1_GGAGCAAGTGCCGGTT-1",3079,"Fibroblast"
"e16_s1_GGAGCAATCAAGGAGC-1",3354,"ENS"
"e16_s1_GGAGCAATCTGAGGCC-1",1079,"ICC"
"e16_s1_GGAGGATAGAATCGTA-1",3207,"Fibroblast"
"e16_s1_GGAGGATAGCCTGTGC-1",1003,"Foregut Basal"
"e16_s1_GGAGGATAGGTAGACC-1",1312,"Mesothelial"
"e16_s1_GGAGGATCAATCACGT-1",1595,"Pericyte"
"e16_s1_GGAGGATCAGCGTAGA-1",1353,"Foregut Basal"
"e16_s1_GGAGGATGTAACCCGC-1",3083,"Fibroblast"
"e16_s1_GGAGGATTCCAGCTCT-1",2380,"Myofibroblast"
"e16_s1_GGAGGATTCGAACGGA-1",3260,"Smooth muscle"
"e16_s1_GGAGGTAAGAGGATGA-1",2126,"ENS"
"e16_s1_GGAGGTAAGGTGGTTG-1",3046,"Myofibroblast"
"e16_s1_GGAGGTAAGTAGACAT-1",1549,"Fibroblast"
"e16_s1_GGAGGTACAACTCGTA-1",2800,"Endothelial"
"e16_s1_GGAGGTACAATCCTAG-1",2118,"Myofibroblast"
"e16_s1_GGAGGTACACAAGCCC-1",1973,"Fibroblast"
"e16_s1_GGAGGTAGTGCGTGCT-1",2217,"Mesothelial"
"e16_s1_GGATCTACATGAGATA-1",740,"Fibroblast"
"e16_s1_GGATCTAGTCGCATGC-1",2748,"Smooth muscle"
"e16_s1_GGATCTATCAGACCCG-1",2110,"Fibroblast"
"e16_s1_GGATCTATCGCGTGAC-1",2120,"Myofibroblast"
"e16_s1_GGATGTTAGTCACACT-1",3215,"Mesothelial"
"e16_s1_GGATGTTAGTGGTTAA-1",2928,"Fibroblast"
"e16_s1_GGATGTTCACGAGGAT-1",2891,"Fibroblast"
"e16_s1_GGCACGTAGTAGGGTC-1",3207,"Fibroblast"
"e16_s1_GGCACGTCAAGTACCT-1",841,"Foregut Basal"
"e16_s1_GGCACGTCAGAATGTA-1",3084,"ENS"
"e16_s1_GGCACGTCAGCTACTA-1",1144,"Smooth muscle"
"e16_s1_GGCACGTGTCCAATCA-1",1003,"Foregut Basal"
"e16_s1_GGCACGTTCAGGGATG-1",2396,"Fibroblast"
"e16_s1_GGCACGTTCATGCGGC-1",2729,"ENS"
"e16_s1_GGCACGTTCCGACAGC-1",3083,"Smooth muscle"
"e16_s1_GGCACGTTCGCACTCT-1",3251,"Fibroblast"
"e16_s1_GGCACGTTCGCTTGAA-1",1138,"Fibroblast"
"e16_s1_GGCACGTTCTAGGCAT-1",3369,"Fibroblast"
"e16_s1_GGCAGTCAGCATGAAT-1",886,"ENS"
"e16_s1_GGCAGTCAGCGATTCT-1",3366,"ENS"
"e16_s1_GGCAGTCAGGTGGGTT-1",2911,"Myofibroblast"
"e16_s1_GGCAGTCCAGAACATA-1",2928,"Fibroblast"
"e16_s1_GGCAGTCCATCAACCA-1",829,"Smooth muscle"
"e16_s1_GGCAGTCGTAGGCTGA-1",565,"ENS"
"e16_s1_GGCAGTCGTCTTACAG-1",1214,"Endothelial"
"e16_s1_GGCAGTCGTTGCGGCT-1",2040,"Fibroblast"
"e16_s1_GGCGTCACAGGTTCCG-1",2307,"Pericyte"
"e16_s1_GGCGTCAGTGCGAACA-1",1394,"Fibroblast"
"e16_s1_GGCGTCATCACGAACT-1",598,"Fibroblast"
"e16_s1_GGCGTCATCACTAGCA-1",916,"Fibroblast"
"e16_s1_GGCGTCATCCTACTGC-1",1973,"Fibroblast"
"e16_s1_GGCTGTGAGTATGCAA-1",1999,"Fibroblast"
"e16_s1_GGCTGTGAGTGCGACA-1",2667,"Fibroblast"
"e16_s1_GGCTGTGCACGCAAAG-1",2036,"Foregut Basal"
"e16_s1_GGCTGTGCATCATGAC-1",1999,"Fibroblast"
"e16_s1_GGCTGTGGTACCGTGC-1",1835,"ENS"
"e16_s1_GGCTGTGGTGCTTCAA-1",1001,"Fibroblast"
"e16_s1_GGCTGTGTCCGTCAAA-1",3207,"ICC"
"e16_s1_GGCTTGGAGCTACGTT-1",2746,"Immune"
"e16_s1_GGCTTGGAGCTGCCTG-1",2118,"ICC"
"e16_s1_GGCTTGGCACTTCCTG-1",2307,"Pericyte"
"e16_s1_GGCTTGGCATGGACAG-1",2690,"Fibroblast"
"e16_s1_GGCTTGGGTAATGCTC-1",2721,"Endothelial"
"e16_s1_GGCTTGGGTTCCGCTT-1",1589,"Myofibroblast"
"e16_s1_GGCTTGGGTTTGGAGG-1",3089,"ENS"
"e16_s1_GGCTTGGTCGACACCG-1",2659,"Fibroblast"
"e16_s1_GGCTTTCAGAGGGTAA-1",2297,"ENS"
"e16_s1_GGCTTTCAGATGTTAG-1",2307,"Fibroblast"
"e16_s1_GGCTTTCAGTCACTGT-1",2220,"Smooth muscle"
"e16_s1_GGCTTTCCAATAACGA-1",3324,"Fibroblast"
"e16_s1_GGCTTTCGTACCCACG-1",2517,"ENS"
"e16_s1_GGCTTTCGTCGAACAG-1",2089,"ENS"
"e16_s1_GGCTTTCTCTATGCCC-1",740,"Fibroblast"
"e16_s1_GGCTTTCTCTCAACCC-1",2147,"ENS"
"e16_s1_GGGAAGTAGATAGGGA-1",886,"ENS"
"e16_s1_GGGAAGTAGCATCCTA-1",1035,"Fibroblast"
"e16_s1_GGGAAGTAGTACTGTC-1",885,"ENS"
"e16_s1_GGGAAGTAGTTCCATG-1",1704,"Immune"
"e16_s1_GGGAAGTCAGGTTCAT-1",3083,"Fibroblast"
"e16_s1_GGGAAGTCAGTCACGC-1",660,"Fibroblast"
"e16_s1_GGGAAGTGTTCAGGTT-1",2911,"Fibroblast"
"e16_s1_GGGAAGTTCTTGTTAC-1",952,"Endothelial"
"e16_s1_GGGACAATCACCGGGT-1",3140,"Smooth muscle"
"e16_s1_GGGACAATCCGGCAGT-1",1053,"ENS"
"e16_s1_GGGACAATCGTTGTAG-1",1627,"Fibroblast"
"e16_s1_GGGACCTAGAGCAAGA-1",785,"Fibroblast"
"e16_s1_GGGACCTAGATACATG-1",1003,"Foregut Basal"
"e16_s1_GGGACCTAGGCATCTT-1",2696,"ENS"
"e16_s1_GGGACCTAGTAACGTA-1",2269,"ENS"
"e16_s1_GGGACCTCAACGATCT-1",1631,"Fibroblast"
"e16_s1_GGGACCTCAAGTCCCG-1",1973,"Fibroblast"
"e16_s1_GGGACCTCATCCGAGC-1",2709,"ENS"
"e16_s1_GGGACCTGTAGTTAGA-1",3211,"ICC"
"e16_s1_GGGACCTGTTGGACCC-1",3089,"ENS"
"e16_s1_GGGACTCAGCACTCAT-1",934,"ENS"
"e16_s1_GGGACTCAGGGAGAAT-1",248,"Fibroblast"
"e16_s1_GGGACTCAGTCTAGCT-1",1434,"Fibroblast"
"e16_s1_GGGACTCCAATCCTAG-1",2919,"Fibroblast"
"e16_s1_GGGACTCCAGGTCAGA-1",2792,"Fibroblast"
"e16_s1_GGGACTCCATGAAGGC-1",3354,"ENS"
"e16_s1_GGGACTCTCGTCTACC-1",769,"ENS"
"e16_s1_GGGAGATAGATACTGA-1",3059,"ENS"
"e16_s1_GGGAGATAGCATAGGC-1",1813,"ENS"
"e16_s1_GGGAGATAGCCTCTTC-1",2099,"ENS"
"e16_s1_GGGAGATCACCAATTG-1",1164,"Fibroblast"
"e16_s1_GGGAGATGTGGCCCAT-1",1619,"Endothelial"
"e16_s1_GGGAGATTCTAGAGCT-1",916,"ICC"
"e16_s1_GGGAGTAAGATGAACT-1",2953,"ENS"
"e16_s1_GGGAGTACAATCCTAG-1",2784,"Fibroblast"
"e16_s1_GGGAGTACAGAGTGAC-1",295,"Fibroblast"
"e16_s1_GGGAGTACATTCGATG-1",2721,"Endothelial"
"e16_s1_GGGAGTATCACTGCTC-1",3089,"ENS"
"e16_s1_GGGAGTATCTATTTCG-1",1138,"Fibroblast"
"e16_s1_GGGATCCAGAATCGTA-1",2777,"Smooth muscle"
"e16_s1_GGGATCCAGAGCCTGA-1",496,"Smooth muscle"
"e16_s1_GGGATCCAGGCTTAAA-1",598,"Fibroblast"
"e16_s1_GGGATCCCAGAAGCGT-1",3369,"Mesothelial"
"e16_s1_GGGATCCCATAGACTC-1",2598,"ENS"
"e16_s1_GGGATCCCATGGCCCA-1",1654,"Simple Epithelial"
"e16_s1_GGGATCCGTCCAGCAC-1",1966,"Simple Epithelial"
"e16_s1_GGGATCCGTGCTTCAA-1",938,"Fibroblast"
"e16_s1_GGGATCCGTTAGAAAC-1",1688,"ENS"
"e16_s1_GGGATCCGTTATTCTC-1",2891,"Fibroblast"
"e16_s1_GGGATCCTCAAACCCA-1",2911,"Fibroblast"
"e16_s1_GGGATCCTCATTCGGA-1",794,"Smooth muscle"
"e16_s1_GGGATCCTCTAATTCC-1",2203,"Endothelial"
"e16_s1_GGGATGAAGGCACCAA-1",1860,"Fibroblast"
"e16_s1_GGGATGAAGGTTTACC-1",2955,"ENS"
"e16_s1_GGGATGACACTGGCGT-1",3083,"Fibroblast"
"e16_s1_GGGATGACATCGCTCT-1",1997,"Smooth muscle"
"e16_s1_GGGATGACATTGTCGA-1",702,"ENS"
"e16_s1_GGGATGAGTATCTCGA-1",2269,"ENS"
"e16_s1_GGGATGATCACCGACG-1",1973,"Myofibroblast"
"e16_s1_GGGATGATCGCCATAA-1",1871,"Fibroblast"
"e16_s1_GGGATGATCGGTTCAA-1",794,"Pericyte"
"e16_s1_GGGCCATAGAGTAACT-1",794,"Fibroblast"
"e16_s1_GGGCCATAGTACTGTC-1",1861,"Fibroblast"
"e16_s1_GGGCCATAGTCATGGG-1",550,"ENS"
"e16_s1_GGGCCATAGTGCGACA-1",3083,"Myofibroblast"
"e16_s1_GGGCCATCAGGCTACC-1",2491,"ENS"
"e16_s1_GGGCCATGTCCTATAG-1",1853,"ENS"
"e16_s1_GGGCCATGTGTATACC-1",2937,"Immune"
"e16_s1_GGGCCATTCAACGAGG-1",2800,"Endothelial"
"e16_s1_GGGCCATTCAGACTGT-1",1999,"Smooth muscle"
"e16_s1_GGGCCATTCTCATTGT-1",937,"Fibroblast"
"e16_s1_GGGCGTTAGCACACCC-1",3365,"ENS"
"e16_s1_GGGCGTTAGCTGGCCT-1",709,"Fibroblast"
"e16_s1_GGGCGTTAGTGGAAAG-1",1973,"Fibroblast"
"e16_s1_GGGCGTTGTAGCGTCC-1",656,"Fibroblast"
"e16_s1_GGGCGTTGTGCAATGG-1",1327,"Foregut Basal"
"e16_s1_GGGCGTTGTTTACTGG-1",2928,"Fibroblast"
"e16_s1_GGGCTACAGGACCCAA-1",2316,"Smooth muscle"
"e16_s1_GGGCTACAGTTAACGA-1",1090,"Myofibroblast"
"e16_s1_GGGCTACCAATGAAAC-1",886,"ENS"
"e16_s1_GGGCTACCACCTCTGT-1",3089,"ENS"
"e16_s1_GGGCTACGTATTGACC-1",2225,"Fibroblast"
"e16_s1_GGGCTACGTCTCCTGT-1",706,"ENS"
"e16_s1_GGGCTACTCCAATCTT-1",2645,"ENS"
"e16_s1_GGGCTACTCCGATAAC-1",1327,"Foregut Basal"
"e16_s1_GGGCTACTCGCAGTTA-1",2659,"Smooth muscle"
"e16_s1_GGGCTACTCGTCCATC-1",598,"Fibroblast"
"e16_s1_GGGCTACTCTAGCCTC-1",3340,"Myofibroblast"
"e16_s1_GGGCTACTCTTGGTGA-1",1327,"Foregut Basal"
"e16_s1_GGGCTACTCTTTCCAA-1",1973,"Fibroblast"
"e16_s1_GGGCTCAAGCTACTAC-1",2891,"Fibroblast"
"e16_s1_GGGCTCAAGGAGAATG-1",1973,"Smooth muscle"
"e16_s1_GGGCTCAAGGTTCACT-1",3227,"Fibroblast"
"e16_s1_GGGCTCAAGTCTCTGA-1",1643,"ENS"
"e16_s1_GGGCTCAAGTTGGCTT-1",2203,"Endothelial"
"e16_s1_GGGCTCACAATTGAAG-1",794,"Smooth muscle"
"e16_s1_GGGCTCACACTGAATC-1",378,"Smooth muscle"
"e16_s1_GGGCTCATCGCTCCTA-1",2396,"Pericyte"
"e16_s1_GGGTAGAAGACCAAAT-1",2742,"Immune"
"e16_s1_GGGTAGAAGCATGAAT-1",1003,"Foregut Basal"
"e16_s1_GGGTAGACAAACGGCA-1",2709,"ENS"
"e16_s1_GGGTAGACAAGATGGC-1",2307,"Fibroblast"
"e16_s1_GGGTAGACACCTGTCT-1",2937,"Immune"
"e16_s1_GGGTAGAGTACTGAGG-1",1973,"Fibroblast"
"e16_s1_GGGTAGAGTGCTTATG-1",1001,"Myofibroblast"
"e16_s1_GGGTATTAGCCTCTTC-1",1003,"Foregut Basal"
"e16_s1_GGGTATTAGGTTAGTA-1",1756,"ENS"
"e16_s1_GGGTATTCAAGCAATA-1",3385,"Fibroblast"
"e16_s1_GGGTATTCACTTGTCC-1",2696,"ENS"
"e16_s1_GGGTATTCAGACCTAT-1",1999,"Fibroblast"
"e16_s1_GGGTATTCAGCTCTGG-1",2581,"ENS"
"e16_s1_GGGTATTGTACGGGAT-1",1768,"Immune"
"e16_s1_GGGTATTGTCCTTAAG-1",3306,"Fibroblast"
"e16_s1_GGGTATTTCGTGCTCT-1",1144,"Smooth muscle"
"e16_s1_GGGTCACAGGATCATA-1",626,"ENS"
"e16_s1_GGGTCACAGGATTTGA-1",3083,"Myofibroblast"
"e16_s1_GGGTCACGTCTGCCTT-1",1293,"ENS"
"e16_s1_GGGTCACGTGTTCGTA-1",676,"Smooth muscle"
"e16_s1_GGGTCACGTTCGGTAT-1",1973,"Fibroblast"
"e16_s1_GGGTCTGAGGTAGCAC-1",1973,"Fibroblast"
"e16_s1_GGGTCTGAGTAAGCAT-1",2307,"Fibroblast"
"e16_s1_GGGTCTGCATGTTCGA-1",1973,"Fibroblast"
"e16_s1_GGGTCTGGTCCACACG-1",1353,"Foregut Basal"
"e16_s1_GGGTCTGGTTGTCATG-1",770,"ENS"
"e16_s1_GGGTCTGTCACGTCCT-1",3089,"ENS"
"e16_s1_GGGTCTGTCCAAGCCG-1",1312,"Fibroblast"
"e16_s1_GGGTCTGTCCCGGTAG-1",935,"ENS"
"e16_s1_GGGTGAAAGCCTTTCC-1",786,"Myofibroblast"
"e16_s1_GGGTGAACAGCATCTA-1",2048,"Mesothelial"
"e16_s1_GGGTGAACATAGAAAC-1",1999,"Fibroblast"
"e16_s1_GGGTGAACATTGACAC-1",2112,"Fibroblast"
"e16_s1_GGGTGAAGTAGCTAAA-1",719,"Fibroblast"
"e16_s1_GGGTGAAGTCCTGGTG-1",598,"ICC"
"e16_s1_GGGTGAAGTCTCAAGT-1",1003,"Foregut Basal"
"e16_s1_GGGTGAATCTCATAGG-1",1353,"Foregut Basal"
"e16_s1_GGGTGTCAGCGTACAG-1",359,"Pericyte"
"e16_s1_GGGTGTCAGGCTCAAG-1",1627,"Smooth muscle"
"e16_s1_GGGTGTCAGTCCCGAC-1",1861,"Fibroblast"
"e16_s1_GGGTGTCGTAACACCT-1",3215,"Smooth muscle"
"e16_s1_GGGTGTCGTCGATTAC-1",786,"Mesothelial"
"e16_s1_GGGTGTCGTGGACCAA-1",1003,"Foregut Basal"
"e16_s1_GGGTGTCTCCGTTGAA-1",492,"Smooth muscle"
"e16_s1_GGGTGTCTCGACGACC-1",2659,"Fibroblast"
"e16_s1_GGGTGTCTCGTGCGAC-1",886,"ENS"
"e16_s1_GGGTGTCTCTGGGCAC-1",2583,"ENS"
"e16_s1_GGGTTATAGAGCCGTA-1",2048,"Fibroblast"
"e16_s1_GGGTTATAGCGAGTAC-1",3083,"Fibroblast"
"e16_s1_GGGTTATAGGAAAGGT-1",3319,"Fibroblast"
"e16_s1_GGGTTATAGGTCATCT-1",786,"ICC"
"e16_s1_GGGTTATAGTAGCAAT-1",3036,"ENS"
"e16_s1_GGGTTATGTCACTCTC-1",1003,"Foregut Basal"
"e16_s1_GGGTTTAAGATGGGCT-1",3385,"Fibroblast"
"e16_s1_GGGTTTACAATACCCA-1",2110,"Fibroblast"
"e16_s1_GGGTTTACACATTACG-1",2843,"Fibroblast"
"e16_s1_GGGTTTACATTAGGAA-1",886,"ENS"
"e16_s1_GGTAACTCACTCTAGA-1",1003,"ENS"
"e16_s1_GGTAACTGTGTTCCTC-1",2110,"Fibroblast"
"e16_s1_GGTAACTGTTCCAAAC-1",2845,"Fibroblast"
"e16_s1_GGTAACTTCAGTCATG-1",2203,"Endothelial"
"e16_s1_GGTAACTTCCATTCGC-1",1138,"Fibroblast"
"e16_s1_GGTAACTTCGCGGTAC-1",2249,"ENS"
"e16_s1_GGTAACTTCTCTATGT-1",3207,"Fibroblast"
"e16_s1_GGTAATCAGAGAGGTA-1",2517,"ENS"
"e16_s1_GGTAATCCAAAGGTTA-1",829,"Fibroblast"
"e16_s1_GGTAATCCAACACAAA-1",1620,"ENS"
"e16_s1_GGTAATCCAGCTGCCA-1",2709,"ENS"
"e16_s1_GGTAATCCATTGTAGC-1",3089,"ENS"
"e16_s1_GGTAATCGTCGCGGTT-1",2362,"Endothelial"
"e16_s1_GGTAATCGTGCATACT-1",938,"ICC"
"e16_s1_GGTAATCGTGGTCCGT-1",2902,"ENS"
"e16_s1_GGTAATCTCCCATAAG-1",1973,"ICC"
"e16_s1_GGTAATCTCCGTCAAA-1",1003,"Foregut Basal"
"e16_s1_GGTAATCTCGATTGGT-1",2217,"Myofibroblast"
"e16_s1_GGTAGAGAGAATACAC-1",1784,"ENS"
"e16_s1_GGTAGAGAGTTTCTTC-1",2928,"Fibroblast"
"e16_s1_GGTAGAGCAATACAGA-1",3274,"Fibroblast"
"e16_s1_GGTAGAGCACGTAACT-1",938,"Myofibroblast"
"e16_s1_GGTAGAGGTCGCGGTT-1",289,"Fibroblast"
"e16_s1_GGTAGAGGTGCCGTTG-1",2911,"Myofibroblast"
"e16_s1_GGTAGAGGTTATGGTC-1",489,"ENS"
"e16_s1_GGTAGAGGTTGGCCTG-1",2190,"Simple Epithelial"
"e16_s1_GGTAGAGTCACCTTAT-1",1999,"Fibroblast"
"e16_s1_GGTAGAGTCGCGTCGA-1",2696,"ENS"
"e16_s1_GGTCACGAGATGCCGA-1",920,"ENS"
"e16_s1_GGTCACGAGCGCTGAA-1",1312,"Fibroblast"
"e16_s1_GGTCACGAGTGGCGAT-1",2380,"Fibroblast"
"e16_s1_GGTCACGAGTTTAGGA-1",2777,"ICC"
"e16_s1_GGTCACGCACAACATC-1",2307,"Fibroblast"
"e16_s1_GGTCACGCAGCTGTTA-1",719,"Fibroblast"
"e16_s1_GGTCACGCATCTTCGC-1",1973,"Fibroblast"
"e16_s1_GGTCACGGTGCAATGG-1",2307,"Fibroblast"
"e16_s1_GGTCACGTCATCAGTG-1",938,"Fibroblast"
"e16_s1_GGTCACGTCCACGTGG-1",1144,"Fibroblast"
"e16_s1_GGTCTGGAGACCATAA-1",1973,"Myofibroblast"
"e16_s1_GGTCTGGAGCAAATGT-1",1861,"Fibroblast"
"e16_s1_GGTCTGGAGCTACTGT-1",2493,"ENS"
"e16_s1_GGTCTGGCACGGTCTG-1",2225,"Fibroblast"
"e16_s1_GGTCTGGGTGCCTGCA-1",676,"Smooth muscle"
"e16_s1_GGTCTGGGTTAGAGAT-1",1973,"Myofibroblast"
"e16_s1_GGTGAAGAGAAACTAC-1",2927,"Smooth muscle"
"e16_s1_GGTGAAGAGATAGGGA-1",2928,"ICC"
"e16_s1_GGTGAAGAGTGTAGAT-1",3207,"Fibroblast"
"e16_s1_GGTGAAGCAAGCTCTA-1",938,"Smooth muscle"
"e16_s1_GGTGAAGCAATTCTCT-1",1003,"Foregut Basal"
"e16_s1_GGTGAAGCATTGCAAC-1",3354,"ENS"
"e16_s1_GGTGAAGGTCCGTACG-1",2380,"Fibroblast"
"e16_s1_GGTGAAGTCAGCCCAG-1",3089,"ENS"
"e16_s1_GGTGAAGTCCGCGATG-1",2110,"Fibroblast"
"e16_s1_GGTGATTCATAATCCG-1",2659,"Fibroblast"
"e16_s1_GGTGATTTCCGCAACG-1",656,"Smooth muscle"
"e16_s1_GGTGGCTCAAATTAGG-1",2764,"Foregut Basal"
"e16_s1_GGTGGCTCAGTTCACA-1",2147,"ENS"
"e16_s1_GGTGGCTGTAGCGCTC-1",3227,"Fibroblast"
"e16_s1_GGTGGCTGTCACGCTG-1",920,"ENS"
"e16_s1_GGTGGCTGTCGTCAGC-1",829,"Fibroblast"
"e16_s1_GGTGGCTTCATCTCTA-1",253,"ENS"
"e16_s1_GGTGGCTTCGTAGCTA-1",2147,"ENS"
"e16_s1_GGTGTCGAGTTGGACG-1",1872,"Smooth muscle"
"e16_s1_GGTGTCGCAGGAGGTT-1",2918,"Fibroblast"
"e16_s1_GGTGTCGCAGTTTCGA-1",1638,"Myofibroblast"
"e16_s1_GGTGTCGCATCCGAGC-1",1020,"Endothelial"
"e16_s1_GGTGTCGGTGCACATT-1",1576,"Myofibroblast"
"e16_s1_GGTGTCGGTGCTCCGA-1",1003,"Foregut Basal"
"e16_s1_GGTGTCGGTTCACCGG-1",1973,"Fibroblast"
"e16_s1_GGTGTCGTCCCGAAAT-1",2126,"ENS"
"e16_s1_GGTGTCGTCGTTCTAT-1",3207,"Fibroblast"
"e16_s1_GGTGTCGTCTGACCCT-1",1504,"Smooth muscle"
"e16_s1_GGTGTTAAGAAAGTCT-1",509,"ENS"
"e16_s1_GGTGTTAAGGTAGGCT-1",2721,"Endothelial"
"e16_s1_GGTGTTACACAAACGG-1",3083,"Fibroblast"
"e16_s1_GGTGTTACACCCAACG-1",163,"Fibroblast"
"e16_s1_GGTGTTACAGCATACT-1",3369,"Pericyte"
"e16_s1_GGTGTTACAGTAACCT-1",2940,"Smooth muscle"
"e16_s1_GGTGTTACATACAGGG-1",1861,"Smooth muscle"
"e16_s1_GGTGTTACATACCATG-1",2690,"Fibroblast"
"e16_s1_GGTGTTATCAGTGTGT-1",1035,"Smooth muscle"
"e16_s1_GGTGTTATCGTAACCA-1",1327,"Foregut Basal"
"e16_s1_GGTGTTATCTGAACGT-1",2693,"ENS"
"e16_s1_GGTTAACCACGCAGTC-1",1015,"Foregut Basal"
"e16_s1_GGTTAACCAGCGTAGA-1",3354,"ENS"
"e16_s1_GGTTAACCATTCTCCG-1",234,"Fibroblast"
"e16_s1_GGTTAACGTGCTTCAA-1",1627,"ICC"
"e16_s1_GGTTAACTCATATGGC-1",2777,"Myofibroblast"
"e16_s1_GGTTAACTCCACAGCG-1",1003,"Foregut Basal"
"e16_s1_GGTTCTCAGAATCGTA-1",2250,"ENS"
"e16_s1_GGTTCTCAGATCACTC-1",1973,"Fibroblast"
"e16_s1_GGTTCTCCAAACCGGA-1",656,"Smooth muscle"
"e16_s1_GGTTCTCCAAGACTGG-1",1973,"Fibroblast"
"e16_s1_GGTTCTCCACATATCG-1",1061,"Fibroblast"
"e16_s1_GGTTCTCCACGGCTAC-1",2777,"Fibroblast"
"e16_s1_GGTTCTCCACGTATAC-1",786,"Fibroblast"
"e16_s1_GGTTCTCCATCCAATG-1",2408,"ENS"
"e16_s1_GGTTCTCTCGGCTGTG-1",1973,"Fibroblast"
"e16_s1_GGTTGTAAGAATCGCG-1",916,"Fibroblast"
"e16_s1_GGTTGTAAGAGCTTTC-1",547,"ENS"
"e16_s1_GGTTGTAAGGAAGAAC-1",815,"Fibroblast"
"e16_s1_GGTTGTAAGGATCATA-1",997,"ENS"
"e16_s1_GGTTGTAAGGCGTCCT-1",886,"ENS"
"e16_s1_GGTTGTACAGTCGGAA-1",2470,"Smooth muscle"
"e16_s1_GGTTGTAGTGATGTAA-1",2307,"Fibroblast"
"e16_s1_GGTTGTAGTGTTGAGG-1",2463,"Fibroblast"
"e16_s1_GGTTGTATCACGGACC-1",3207,"Myofibroblast"
"e16_s1_GGTTGTATCGAACCAT-1",598,"Fibroblast"
"e16_s1_GTAACACAGCAGGCTA-1",1213,"Endothelial"
"e16_s1_GTAACACAGGAACATT-1",1692,"Foregut Basal"
"e16_s1_GTAACACAGGCACCAA-1",2911,"Myofibroblast"
"e16_s1_GTAACACCAAAGTATG-1",2928,"Fibroblast"
"e16_s1_GTAACACCAAATTAGG-1",1851,"Foregut Basal"
"e16_s1_GTAACACGTCGACGCT-1",2491,"ENS"
"e16_s1_GTAACACGTCGCATTA-1",693,"Fibroblast"
"e16_s1_GTAACACGTCTCGGGT-1",1973,"Fibroblast"
"e16_s1_GTAACACGTTTCACAG-1",2089,"ENS"
"e16_s1_GTAACACTCATTTCCA-1",2705,"Mesothelial"
"e16_s1_GTAACACTCGGTAGAG-1",3251,"Fibroblast"
"e16_s1_GTAACACTCTTCGGAA-1",1548,"Endothelial"
"e16_s1_GTAACCACAAAGCACG-1",638,"Fibroblast"
"e16_s1_GTAACCACAGCCGTCA-1",2928,"Smooth muscle"
"e16_s1_GTAACCACAGGGTTGA-1",2868,"ENS"
"e16_s1_GTAACCACAGTAGGAC-1",2221,"Myofibroblast"
"e16_s1_GTAACCACATCGGATT-1",2918,"Fibroblast"
"e16_s1_GTAACCAGTCTCCCTA-1",901,"ENS"
"e16_s1_GTAACCAGTTGGGACA-1",208,"ENS"
"e16_s1_GTAAGTCAGCAATTCC-1",1973,"Fibroblast"
"e16_s1_GTAAGTCAGTACGTCT-1",1484,"ENS"
"e16_s1_GTAAGTCCAGGCTCTG-1",2978,"Smooth muscle"
"e16_s1_GTAAGTCTCAAGCCGC-1",2445,"Myofibroblast"
"e16_s1_GTAAGTCTCACTCCGT-1",2918,"Smooth muscle"
"e16_s1_GTAAGTCTCACTGTCC-1",874,"ENS"
"e16_s1_GTAAGTCTCGATTGGT-1",519,"Fibroblast"
"e16_s1_GTAAGTCTCTTACACT-1",920,"ENS"
"e16_s1_GTAATCGCAACACACT-1",385,"Fibroblast"
"e16_s1_GTAATCGGTAGGCTCC-1",598,"Fibroblast"
"e16_s1_GTAATCGGTATTAAGG-1",2171,"Simple Epithelial"
"e16_s1_GTAATCGTCGCCTCTA-1",3354,"ENS"
"e16_s1_GTAATCGTCGGAGTAG-1",1593,"Smooth muscle"
"e16_s1_GTAATCGTCGTGCACG-1",794,"Fibroblast"
"e16_s1_GTAATCGTCTCCTACG-1",1973,"Fibroblast"
"e16_s1_GTAATCGTCTGGGTCG-1",815,"Fibroblast"
"e16_s1_GTAATGCAGAAGAACG-1",2147,"ENS"
"e16_s1_GTAATGCAGGATATGT-1",1003,"Foregut Basal"
"e16_s1_GTAATGCCAGCTCCTT-1",1504,"Fibroblast"
"e16_s1_GTAATGCCAGCTGCCA-1",2928,"Fibroblast"
"e16_s1_GTAATGCGTTGCACGC-1",786,"Myofibroblast"
"e16_s1_GTAATGCTCACAATGC-1",1079,"Myofibroblast"
"e16_s1_GTACAACCAAGATGTA-1",2008,"Fibroblast"
"e16_s1_GTACAACCAATTTCTC-1",2443,"Smooth muscle"
"e16_s1_GTACAACCAGGTCAAG-1",1973,"Fibroblast"
"e16_s1_GTACAACGTCCATCTC-1",2126,"Fibroblast"
"e16_s1_GTACAACGTTAGAGAT-1",938,"Fibroblast"
"e16_s1_GTACAACGTTGGGTTT-1",1973,"Fibroblast"
"e16_s1_GTACAGTAGTTACGTC-1",2090,"ENS"
"e16_s1_GTACAGTCACATACTG-1",598,"Fibroblast"
"e16_s1_GTACAGTCACGGCACT-1",2090,"ENS"
"e16_s1_GTACAGTCAGAATTCC-1",1830,"ENS"
"e16_s1_GTACAGTCAGTGTACT-1",2225,"Smooth muscle"
"e16_s1_GTACAGTGTGAGATCG-1",2764,"Foregut Basal"
"e16_s1_GTACAGTTCCTCACCA-1",1999,"Fibroblast"
"e16_s1_GTACAGTTCTATGCCC-1",719,"Smooth muscle"
"e16_s1_GTAGAAACAACTACGT-1",2396,"Pericyte"
"e16_s1_GTAGAAACAGACCATT-1",2497,"Smooth muscle"
"e16_s1_GTAGAAACATCGCCTT-1",715,"Myofibroblast"
"e16_s1_GTAGAAACATGGAAGC-1",1408,"Fibroblast"
"e16_s1_GTAGAAAGTATACAGA-1",3271,"Fibroblast"
"e16_s1_GTAGAAAGTCAGCTTA-1",886,"ENS"
"e16_s1_GTAGAAATCAAGAGGC-1",1144,"ICC"
"e16_s1_GTAGAAATCCGCATAA-1",2764,"Foregut Basal"
"e16_s1_GTAGAAATCGACATCA-1",1914,"Fibroblast"
"e16_s1_GTAGAAATCGGCTGAC-1",2726,"Myofibroblast"
"e16_s1_GTAGAGGAGAAACACT-1",2928,"Fibroblast"
"e16_s1_GTAGAGGAGTTTGCTG-1",1079,"ICC"
"e16_s1_GTAGAGGCAGGCACTC-1",663,"ENS"
"e16_s1_GTAGAGGGTCAATGGG-1",2009,"Fibroblast"
"e16_s1_GTAGAGGGTGCTCTTC-1",2994,"ENS"
"e16_s1_GTAGAGGGTGTTAGCT-1",1973,"Pericyte"
"e16_s1_GTAGAGGGTTGAATCC-1",938,"Fibroblast"
"e16_s1_GTAGATCAGAAGGATG-1",1003,"Foregut Basal"
"e16_s1_GTAGATCAGGCAGGTT-1",2347,"Fibroblast"
"e16_s1_GTAGATCAGTCGCTAT-1",3029,"ENS"
"e16_s1_GTAGATCAGTGACCTT-1",301,"ENS"
"e16_s1_GTAGATCAGTTTGTCG-1",829,"ICC"
"e16_s1_GTAGATCCACGACAGA-1",3207,"Fibroblast"
"e16_s1_GTAGATCTCACTGCTC-1",1035,"Fibroblast"
"e16_s1_GTAGCTAAGACGGTCA-1",1973,"Fibroblast"
"e16_s1_GTAGCTAAGGGTACAC-1",2408,"ENS"
"e16_s1_GTAGCTAAGTTCGCAT-1",1327,"Foregut Basal"
"e16_s1_GTAGCTACAACGTTAC-1",2645,"ENS"
"e16_s1_GTAGCTACACGACCTG-1",2583,"ENS"
"e16_s1_GTAGCTAGTCACGACC-1",2721,"Endothelial"
"e16_s1_GTAGCTAGTCCGGACT-1",938,"Pericyte"
"e16_s1_GTAGCTAGTTCAGCGC-1",1776,"ENS"
"e16_s1_GTAGCTAGTTCGAGCC-1",1312,"ICC"
"e16_s1_GTAGCTATCCCGTTCA-1",3089,"ENS"
"e16_s1_GTAGGAGCAAATGAAC-1",2380,"Fibroblast"
"e16_s1_GTAGGAGCACAATTCG-1",257,"Endothelial"
"e16_s1_GTAGGAGGTCTGCAAT-1",702,"ENS"
"e16_s1_GTAGGAGGTGGAAGTC-1",815,"Fibroblast"
"e16_s1_GTAGGAGGTTAAGTCC-1",760,"ENS"
"e16_s1_GTAGGAGGTTACGATC-1",794,"Fibroblast"
"e16_s1_GTAGGAGGTTGTCAGT-1",1158,"Fibroblast"
"e16_s1_GTAGGAGTCGCCATAA-1",2777,"Fibroblast"
"e16_s1_GTAGGAGTCGGACCAC-1",2613,"ENS"
"e16_s1_GTAGGAGTCGGTAACT-1",3207,"Fibroblast"
"e16_s1_GTAGGTTAGGCCTAGA-1",1576,"Fibroblast"
"e16_s1_GTAGGTTAGGGAACAA-1",1627,"Fibroblast"
"e16_s1_GTAGGTTCACCGGTCA-1",3271,"Fibroblast"
"e16_s1_GTAGGTTGTACGTGAG-1",3385,"ICC"
"e16_s1_GTAGGTTGTAGGCAGT-1",886,"ENS"
"e16_s1_GTAGGTTGTGCGAGTA-1",1860,"Pericyte"
"e16_s1_GTAGGTTTCTGCGATA-1",3089,"ENS"
"e16_s1_GTAGTACCAGCCCAGT-1",2126,"ENS"
"e16_s1_GTAGTACGTCCAGCAC-1",1312,"Fibroblast"
"e16_s1_GTAGTACGTCCCGTGA-1",3200,"ENS"
"e16_s1_GTAGTACGTGACGTCC-1",815,"Smooth muscle"
"e16_s1_GTAGTACTCAGGACAG-1",2469,"ENS"
"e16_s1_GTAGTACTCAGGCGAA-1",829,"Fibroblast"
"e16_s1_GTAGTACTCCACTTCG-1",88,"Smooth muscle"
"e16_s1_GTATTGGAGCATCGAG-1",1035,"Fibroblast"
"e16_s1_GTATTGGCACTAGGTT-1",1973,"Myofibroblast"
"e16_s1_GTATTGGCAGGTCAAG-1",3340,"Myofibroblast"
"e16_s1_GTATTGGTCATGGGAG-1",2659,"Fibroblast"
"e16_s1_GTATTGGTCCTCTAAT-1",1001,"Fibroblast"
"e16_s1_GTATTTCAGGACAAGA-1",2777,"Pericyte"
"e16_s1_GTATTTCAGGTATAGT-1",2994,"ENS"
"e16_s1_GTATTTCCACGACTAT-1",556,"ENS"
"e16_s1_GTATTTCCAGCACAGA-1",1784,"ENS"
"e16_s1_GTATTTCCAGCTGAGA-1",598,"Fibroblast"
"e16_s1_GTATTTCGTGTCTTAG-1",2928,"Fibroblast"
"e16_s1_GTATTTCTCCAAACCA-1",1003,"Foregut Basal"
"e16_s1_GTCAAACAGTAGCATA-1",2147,"ENS"
"e16_s1_GTCAAACAGTTGGAGC-1",313,"Smooth muscle"
"e16_s1_GTCAAACCACTCCTGT-1",1873,"Fibroblast"
"e16_s1_GTCAAACCATGATGCT-1",1213,"Endothelial"
"e16_s1_GTCAAACGTCACTAGT-1",1638,"Fibroblast"
"e16_s1_GTCAAACGTCCAGCCA-1",1383,"Fibroblast"
"e16_s1_GTCAAACTCATGGTAC-1",1327,"Foregut Basal"
"e16_s1_GTCAAACTCGCATTAG-1",2517,"ENS"
"e16_s1_GTCAAACTCGGACCAC-1",3251,"Fibroblast"
"e16_s1_GTCAAGTAGAATCTAG-1",2217,"Fibroblast"
"e16_s1_GTCAAGTAGAGTGAAG-1",2036,"Foregut Basal"
"e16_s1_GTCAAGTAGCAAATCA-1",786,"Mesothelial"
"e16_s1_GTCAAGTAGCTACTGT-1",2928,"Smooth muscle"
"e16_s1_GTCAAGTAGGTCTGGA-1",656,"Mesothelial"
"e16_s1_GTCAAGTCATTCCTCG-1",2354,"Fibroblast"
"e16_s1_GTCAAGTCATTCGATG-1",1973,"Fibroblast"
"e16_s1_GTCAAGTGTCACCGAC-1",2271,"ENS"
"e16_s1_GTCAAGTGTCACTAGT-1",1383,"Mesothelial"
"e16_s1_GTCAAGTGTTTAGTCG-1",2517,"ENS"
"e16_s1_GTCAAGTTCAAACGAA-1",2380,"Fibroblast"
"e16_s1_GTCAAGTTCCTAGCCT-1",2491,"ENS"
"e16_s1_GTCACGGAGTCAAGCG-1",2868,"ENS"
"e16_s1_GTCACGGCATATAGCC-1",2540,"Smooth muscle"
"e16_s1_GTCACGGCATGACGTT-1",815,"Myofibroblast"
"e16_s1_GTCACGGGTAGTGATA-1",1973,"Fibroblast"
"e16_s1_GTCACGGTCCCTCTAG-1",1861,"Fibroblast"
"e16_s1_GTCACGGTCTTACGGA-1",2321,"ENS"
"e16_s1_GTCACTCAGCGTTCCG-1",3251,"Fibroblast"
"e16_s1_GTCACTCAGGCCTTCG-1",1213,"Endothelial"
"e16_s1_GTCACTCAGGTCCTGC-1",1638,"ICC"
"e16_s1_GTCACTCCAAGCTACT-1",1063,"ENS"
"e16_s1_GTCACTCCACAGTGAG-1",2497,"Fibroblast"
"e16_s1_GTCACTCGTCCATAGT-1",1973,"Fibroblast"
"e16_s1_GTCACTCTCAGCAGAG-1",1003,"Foregut Basal"
"e16_s1_GTCACTCTCCCTCGAT-1",195,"Fibroblast"
"e16_s1_GTCACTCTCCTACCGT-1",1003,"Foregut Basal"
"e16_s1_GTCACTCTCGGCTGAC-1",2147,"ENS"
"e16_s1_GTCAGCGAGTAGGAAG-1",2709,"ENS"
"e16_s1_GTCAGCGAGTGCTCGC-1",1973,"Fibroblast"
"e16_s1_GTCAGCGCACCGGCTA-1",1973,"Smooth muscle"
"e16_s1_GTCAGCGCATGTTCGA-1",1549,"Fibroblast"
"e16_s1_GTCAGCGGTACAAAGT-1",3339,"ENS"
"e16_s1_GTCAGCGGTCCACTCT-1",2010,"ICC"
"e16_s1_GTCAGCGTCAACCCGG-1",1833,"ENS"
"e16_s1_GTCAGCGTCACCGGTG-1",2316,"Fibroblast"
"e16_s1_GTCAGCGTCGATACAC-1",1404,"ENS"
"e16_s1_GTCAGCGTCTTCACGC-1",916,"Fibroblast"
"e16_s1_GTCATCCAGAATCTAG-1",2918,"Fibroblast"
"e16_s1_GTCATCCAGCTCCACG-1",3041,"Fibroblast"
"e16_s1_GTCATCCAGGTTACAA-1",2605,"Myofibroblast"
"e16_s1_GTCATCCCAATACCTG-1",3089,"ENS"
"e16_s1_GTCATCCCACATGAAA-1",2928,"Myofibroblast"
"e16_s1_GTCATCCCAGACAATA-1",2064,"Fibroblast"
"e16_s1_GTCATCCTCATGAGAA-1",1138,"Myofibroblast"
"e16_s1_GTCATCCTCCGGCAGT-1",2928,"Fibroblast"
"e16_s1_GTCATCCTCGTCCATC-1",806,"Myofibroblast"
"e16_s1_GTCATGAAGCACTCTA-1",2385,"Fibroblast"
"e16_s1_GTCATGAAGGTCACTT-1",719,"Fibroblast"
"e16_s1_GTCATGAAGTCAAGCG-1",2354,"Fibroblast"
"e16_s1_GTCATGAAGTTCAACC-1",1504,"Myofibroblast"
"e16_s1_GTCATGACAATAGTGA-1",1914,"Myofibroblast"
"e16_s1_GTCATGAGTGTCGCTG-1",815,"Fibroblast"
"e16_s1_GTCATGATCAAGTGGG-1",1953,"Smooth muscle"
"e16_s1_GTCATGATCCCATAGA-1",1973,"Fibroblast"
"e16_s1_GTCATGATCCTGTACC-1",916,"Fibroblast"
"e16_s1_GTCATGATCGGCATTA-1",746,"Fibroblast"
"e16_s1_GTCATGATCTCCTGTG-1",2928,"Smooth muscle"
"e16_s1_GTCATTTAGTCCGCCA-1",2360,"Myofibroblast"
"e16_s1_GTCATTTCACACCGCA-1",786,"Smooth muscle"
"e16_s1_GTCATTTCATTAGGAA-1",2955,"ENS"
"e16_s1_GTCATTTGTACAGAAT-1",2036,"Foregut Basal"
"e16_s1_GTCATTTGTTCAAACC-1",772,"ENS"
"e16_s1_GTCCACTCAGCTGAGA-1",2040,"ICC"
"e16_s1_GTCCACTCAGTAGAAT-1",846,"Fibroblast"
"e16_s1_GTCCACTCATTATGCG-1",2294,"ENS"
"e16_s1_GTCCCATAGCCAGACA-1",1999,"Fibroblast"
"e16_s1_GTCCCATAGCGGTAAC-1",1242,"Endothelial"
"e16_s1_GTCCCATAGGTGCTGA-1",2696,"ENS"
"e16_s1_GTCCTCAAGACCCTTA-1",3,"Fibroblast"
"e16_s1_GTCCTCAAGCTGGAGT-1",2307,"Fibroblast"
"e16_s1_GTCCTCAAGGCAGGGA-1",1504,"Fibroblast"
"e16_s1_GTCCTCAAGTACCATC-1",1016,"ENS"
"e16_s1_GTCCTCAAGTGGTGGT-1",1201,"ENS"
"e16_s1_GTCCTCACAAACACCT-1",1353,"Foregut Basal"
"e16_s1_GTCCTCACAAACGTGG-1",2495,"Fibroblast"
"e16_s1_GTCCTCAGTCATAACC-1",1627,"Fibroblast"
"e16_s1_GTCCTCATCTAGACCA-1",656,"Fibroblast"
"e16_s1_GTCCTCATCTAGAGCT-1",1079,"Fibroblast"
"e16_s1_GTCGAATAGATACATG-1",2147,"ENS"
"e16_s1_GTCGAATAGATCGGTG-1",1312,"Fibroblast"
"e16_s1_GTCGAATAGCGCTGAA-1",2787,"Fibroblast"
"e16_s1_GTCGAATCAGGGTCTC-1",2483,"Fibroblast"
"e16_s1_GTCGAATGTAACTTCG-1",3251,"Fibroblast"
"e16_s1_GTCGAATGTGCATGTT-1",749,"ENS"
"e16_s1_GTCGAATTCGACATAC-1",2407,"Fibroblast"
"e16_s1_GTCGAATTCGAGAGAC-1",1973,"Fibroblast"
"e16_s1_GTCGCGAAGGTCGTAG-1",3340,"Smooth muscle"
"e16_s1_GTCGCGAAGTGGACGT-1",1003,"Foregut Basal"
"e16_s1_GTCGCGACAACAGCCC-1",2928,"Fibroblast"
"e16_s1_GTCGCGACACCTGCGA-1",2696,"ENS"
"e16_s1_GTCGCGACACGAGGTA-1",1202,"Fibroblast"
"e16_s1_GTCGCGAGTCTACGAT-1",1179,"Fibroblast"
"e16_s1_GTCGCGAGTGCCCGTA-1",493,"ENS"
"e16_s1_GTCGCGAGTTCCGCGA-1",430,"Myofibroblast"
"e16_s1_GTCGCGATCTCTCTAA-1",1973,"Fibroblast"
"e16_s1_GTCGCGATCTGCACCT-1",2985,"ENS"
"e16_s1_GTCGTAAAGAGGGCGA-1",1039,"ENS"
"e16_s1_GTCGTAAAGTTGAATG-1",146,"ENS"
"e16_s1_GTCGTAACAAGTGATA-1",3271,"Fibroblast"
"e16_s1_GTCGTAAGTCAGTTTG-1",719,"Fibroblast"
"e16_s1_GTCGTAAGTTGACTAC-1",1667,"Smooth muscle"
"e16_s1_GTCGTAAGTTGAGGAC-1",1874,"Fibroblast"
"e16_s1_GTCGTAAGTTTCCAAG-1",2408,"ENS"
"e16_s1_GTCGTAAGTTTGAACC-1",598,"Fibroblast"
"e16_s1_GTCGTAATCAACGAGG-1",2231,"ENS"
"e16_s1_GTCGTAATCATGCCCT-1",3075,"ENS"
"e16_s1_GTCGTAATCGGTAGAG-1",2709,"ENS"
"e16_s1_GTCGTAATCTAGGCAT-1",2118,"ICC"
"e16_s1_GTCGTAATCTTTGCTA-1",1627,"Fibroblast"
"e16_s1_GTCGTTCAGGGACAGG-1",3275,"Fibroblast"
"e16_s1_GTCGTTCCAATTTCCT-1",2696,"ENS"
"e16_s1_GTCGTTCCAGGCTATT-1",1709,"ENS"
"e16_s1_GTCGTTCGTCAACGCC-1",1973,"ENS"
"e16_s1_GTCGTTCGTCCAGCCA-1",1003,"Endothelial"
"e16_s1_GTCGTTCTCACGGTCG-1",2011,"Fibroblast"
"e16_s1_GTCGTTCTCCCAACTC-1",2064,"Fibroblast"
"e16_s1_GTCTACCAGAGTCCGA-1",1861,"Fibroblast"
"e16_s1_GTCTACCAGTAGGCCA-1",1986,"Fibroblast"
"e16_s1_GTCTACCCAATGGCAG-1",1973,"Fibroblast"
"e16_s1_GTCTACCCACGTTGGC-1",786,"Fibroblast"
"e16_s1_GTCTACCCAGTCAGCC-1",2706,"Mesothelial"
"e16_s1_GTCTACCCATTATGCG-1",606,"Fibroblast"
"e16_s1_GTCTACCGTCTATGAC-1",1213,"Endothelial"
"e16_s1_GTCTACCTCACTGGGC-1",1213,"Endothelial"
"e16_s1_GTCTACCTCTCTGCTG-1",2645,"ENS"
"e16_s1_GTCTACCTCTGTCGTC-1",1411,"Fibroblast"
"e16_s1_GTCTAGAAGAAACACT-1",1999,"Fibroblast"
"e16_s1_GTCTAGACAACGCATT-1",2307,"Fibroblast"
"e16_s1_GTCTAGAGTACCTAGT-1",731,"Fibroblast"
"e16_s1_GTCTAGAGTTATAGAG-1",607,"Myofibroblast"
"e16_s1_GTCTAGATCACAAGAA-1",1999,"Fibroblast"
"e16_s1_GTCTAGATCCATCTGC-1",2126,"ENS"
"e16_s1_GTCTAGATCTAGGCCG-1",2559,"Endothelial"
"e16_s1_GTCTCACAGCGTATAA-1",28,"Foregut Basal"
"e16_s1_GTCTCACGTCCCGGTA-1",2928,"Fibroblast"
"e16_s1_GTCTCACGTGTCTTGA-1",1595,"Smooth muscle"
"e16_s1_GTCTCACTCACTAGCA-1",2696,"ENS"
"e16_s1_GTCTCACTCCTTACCG-1",3047,"Fibroblast"
"e16_s1_GTCTCACTCTGGGAGA-1",920,"ENS"
"e16_s1_GTCTGTCGTACCTAGT-1",2269,"ENS"
"e16_s1_GTCTGTCTCACCTGTC-1",851,"Immune"
"e16_s1_GTCTGTCTCCCAGTGG-1",3215,"Myofibroblast"
"e16_s1_GTCTTTAAGGAGAGTA-1",2764,"Foregut Basal"
"e16_s1_GTCTTTAAGTTCCAGT-1",1973,"Fibroblast"
"e16_s1_GTCTTTACAAGTGGGT-1",1999,"Myofibroblast"
"e16_s1_GTCTTTACAGGAGGTT-1",1327,"Foregut Basal"
"e16_s1_GTCTTTAGTATGATCC-1",815,"Fibroblast"
"e16_s1_GTCTTTAGTGCCCGTA-1",1857,"ENS"
"e16_s1_GTCTTTATCACAATGC-1",2517,"ENS"
"e16_s1_GTCTTTATCACGAACT-1",1918,"Endothelial"
"e16_s1_GTCTTTATCACGGACC-1",1973,"Fibroblast"
"e16_s1_GTCTTTATCAGGACGA-1",1003,"Foregut Basal"
"e16_s1_GTGACGCAGACCATAA-1",2118,"Myofibroblast"
"e16_s1_GTGACGCAGTACCGGA-1",87,"Smooth muscle"
"e16_s1_GTGACGCCAAGTGATA-1",901,"ENS"
"e16_s1_GTGACGCTCAGTGTCA-1",1914,"Smooth muscle"
"e16_s1_GTGACGCTCTCAACGA-1",886,"ENS"
"e16_s1_GTGAGCCAGCAGTCTT-1",938,"ICC"
"e16_s1_GTGAGCCCAGACCCGT-1",3201,"ENS"
"e16_s1_GTGAGCCCAGGACTAG-1",2517,"ENS"
"e16_s1_GTGAGCCGTAGAATAC-1",1209,"ENS"
"e16_s1_GTGAGCCGTTGCTCGG-1",369,"Fibroblast"
"e16_s1_GTGAGCCTCCGAGCTG-1",656,"Fibroblast"
"e16_s1_GTGAGGAAGAAGAGCA-1",2777,"Fibroblast"
"e16_s1_GTGAGGAAGATGCTTC-1",2307,"Fibroblast"
"e16_s1_GTGAGGAAGCATAGGC-1",2955,"ENS"
"e16_s1_GTGAGGAAGGGAGGCA-1",3339,"ENS"
"e16_s1_GTGAGGACAATCAAGA-1",2147,"ENS"
"e16_s1_GTGAGGACAGGTCAGA-1",1353,"Foregut Basal"
"e16_s1_GTGAGGATCATCAGTG-1",1327,"Foregut Basal"
"e16_s1_GTGAGGATCATTGCTT-1",2217,"Mesothelial"
"e16_s1_GTGAGGATCGTGCACG-1",1003,"Foregut Basal"
"e16_s1_GTGAGGATCTTCTTCC-1",1003,"Foregut Basal"
"e16_s1_GTGAGTTAGAGTTCGG-1",1914,"Smooth muscle"
"e16_s1_GTGAGTTAGCCGGATA-1",2380,"Fibroblast"
"e16_s1_GTGAGTTTCAAGGCTT-1",2764,"Foregut Basal"
"e16_s1_GTGAGTTTCCTCACCA-1",3354,"ENS"
"e16_s1_GTGAGTTTCTGGTTGA-1",2185,"Fibroblast"
"e16_s1_GTGATGTAGCATACTC-1",2231,"ENS"
"e16_s1_GTGATGTCAAGCAATA-1",1973,"Fibroblast"
"e16_s1_GTGATGTCAGGTTACT-1",1185,"ENS"
"e16_s1_GTGATGTCATTCAGGT-1",3354,"ENS"
"e16_s1_GTGATGTGTAGCGTCC-1",1667,"Fibroblast"
"e16_s1_GTGCACGAGAGTGACC-1",2709,"ENS"
"e16_s1_GTGCACGAGTAAGGGA-1",2793,"Myofibroblast"
"e16_s1_GTGCACGAGTATGACA-1",1003,"Foregut Basal"
"e16_s1_GTGCACGCAAAGGATT-1",1973,"Fibroblast"
"e16_s1_GTGCACGCAGGTCTCG-1",1555,"Endothelial"
"e16_s1_GTGCACGGTCGAACAG-1",1122,"ENS"
"e16_s1_GTGCACGGTCGTAATC-1",1504,"Fibroblast"
"e16_s1_GTGCACGTCCGTAGGC-1",656,"Fibroblast"
"e16_s1_GTGCAGCAGGGTTAAT-1",2046,"Smooth muscle"
"e16_s1_GTGCAGCAGTCCTGTA-1",1144,"Fibroblast"
"e16_s1_GTGCAGCCACGCTATA-1",2978,"Fibroblast"
"e16_s1_GTGCAGCCACGTCGTG-1",1654,"Simple Epithelial"
"e16_s1_GTGCAGCGTACAGTCT-1",1987,"Fibroblast"
"e16_s1_GTGCAGCGTAGCGTTT-1",1973,"Fibroblast"
"e16_s1_GTGCAGCGTTATGTGC-1",2659,"Fibroblast"
"e16_s1_GTGCAGCTCCTTGACC-1",2764,"Foregut Basal"
"e16_s1_GTGCAGCTCTGAGGCC-1",1665,"Mesothelial"
"e16_s1_GTGCGTGAGAAGATCT-1",2764,"Foregut Basal"
"e16_s1_GTGCGTGAGATTAGTG-1",1973,"Fibroblast"
"e16_s1_GTGCGTGAGATTGGGC-1",1619,"Endothelial"
"e16_s1_GTGCGTGAGTCCGCCA-1",3089,"ENS"
"e16_s1_GTGCGTGCAGGTTCGC-1",2307,"Fibroblast"
"e16_s1_GTGCGTGGTACCCAGC-1",1327,"Foregut Basal"
"e16_s1_GTGCGTGGTGTTCGTA-1",598,"Fibroblast"
"e16_s1_GTGCTGGAGATGATTG-1",236,"Fibroblast"
"e16_s1_GTGCTGGCACGCGTCA-1",886,"ENS"
"e16_s1_GTGCTGGCAGATACCT-1",369,"Fibroblast"
"e16_s1_GTGCTGGCATCGTGGC-1",1786,"ENS"
"e16_s1_GTGCTGGCATGTCGTA-1",1619,"Endothelial"
"e16_s1_GTGCTGGTCCACACAA-1",901,"ENS"
"e16_s1_GTGCTTCAGAATAGTC-1",3326,"Fibroblast"
"e16_s1_GTGCTTCCAGCAGAAC-1",2469,"ENS"
"e16_s1_GTGCTTCGTTGCATTG-1",886,"ENS"
"e16_s1_GTGCTTCTCAGCTGAT-1",1093,"Fibroblast"
"e16_s1_GTGCTTCTCCCTCTTT-1",2307,"Fibroblast"
"e16_s1_GTGCTTCTCGTCAACA-1",2928,"Pericyte"
"e16_s1_GTGCTTCTCTCCCAAC-1",2911,"Fibroblast"
"e16_s1_GTGGAAGGTAACAGGC-1",2994,"ENS"
"e16_s1_GTGGAAGTCATTACCT-1",2090,"ENS"
"e16_s1_GTGGAGAAGGTAAGTT-1",3251,"ICC"
"e16_s1_GTGGAGAAGTTACGAA-1",2358,"Myofibroblast"
"e16_s1_GTGGAGACAGCTTCCT-1",2749,"Myofibroblast"
"e16_s1_GTGGAGACATAGAGGC-1",892,"ENS"
"e16_s1_GTGGAGAGTCATAACC-1",3083,"Mesothelial"
"e16_s1_GTGGAGAGTCGGCACT-1",2928,"Fibroblast"
"e16_s1_GTGGAGAGTGCAGATG-1",2307,"Fibroblast"
"e16_s1_GTGGAGAGTGGGAGAG-1",2191,"Fibroblast"
"e16_s1_GTGGAGAGTTCGGTCG-1",2493,"ENS"
"e16_s1_GTGGAGATCATGCCAA-1",1003,"Smooth muscle"
"e16_s1_GTGGAGATCGCAGTCG-1",3409,"Simple Epithelial"
"e16_s1_GTGGAGATCGCCTAGG-1",3248,"Myofibroblast"
"e16_s1_GTGGAGATCTAAGCGT-1",2225,"Fibroblast"
"e16_s1_GTGGCGTCAATCTAGC-1",2787,"Fibroblast"
"e16_s1_GTGGCGTCACATTGTG-1",2709,"ENS"
"e16_s1_GTGGCGTGTCGCACGT-1",2517,"ENS"
"e16_s1_GTGGCGTGTGCTCTCT-1",1861,"Fibroblast"
"e16_s1_GTGGGAAAGGCTAACG-1",1973,"Fibroblast"
"e16_s1_GTGGGAAAGTAAAGCT-1",1860,"Fibroblast"
"e16_s1_GTGGGAACATAGACTC-1",1850,"Foregut Basal"
"e16_s1_GTGGGAAGTACCGGCT-1",1933,"Smooth muscle"
"e16_s1_GTGGGAAGTCCCAAAT-1",1752,"Myofibroblast"
"e16_s1_GTGGGAATCTAGTGAC-1",2928,"Fibroblast"
"e16_s1_GTGGTTAAGCAACTCT-1",2498,"Mesothelial"
"e16_s1_GTGGTTAAGGATGAGA-1",2070,"Endothelial"
"e16_s1_GTGGTTAAGGGATCGT-1",2040,"Fibroblast"
"e16_s1_GTGGTTAAGTGAACAT-1",1973,"Myofibroblast"
"e16_s1_GTGGTTAGTCTTCAAG-1",1213,"Endothelial"
"e16_s1_GTGGTTATCCATACAG-1",1933,"Mesothelial"
"e16_s1_GTGTAACCAAATCAAG-1",1138,"Fibroblast"
"e16_s1_GTGTAACCACTGTCCT-1",2036,"Foregut Basal"
"e16_s1_GTGTAACCATAACTCG-1",1003,"Foregut Basal"
"e16_s1_GTGTAACCATCGAACT-1",1875,"Fibroblast"
"e16_s1_GTGTAACGTCATAAAG-1",1555,"Endothelial"
"e16_s1_GTGTAACTCACCCTGT-1",2687,"ICC"
"e16_s1_GTGTAACTCACTGCTC-1",1835,"ENS"
"e16_s1_GTGTAACTCGAAGGAC-1",1999,"Smooth muscle"
"e16_s1_GTGTAACTCGAGATGG-1",626,"ENS"
"e16_s1_GTGTCCTAGAGAGGTA-1",1914,"Myofibroblast"
"e16_s1_GTGTCCTAGGGATCTG-1",3023,"ENS"
"e16_s1_GTGTCCTCACAAAGTA-1",2294,"ENS"
"e16_s1_GTGTCCTCACAACGTT-1",1576,"Fibroblast"
"e16_s1_GTGTCCTCAGTGTGGA-1",3207,"Fibroblast"
"e16_s1_GTGTCCTCAGTTCACA-1",1667,"Fibroblast"
"e16_s1_GTGTCCTGTTGGGTAG-1",841,"Foregut Basal"
"e16_s1_GTGTCCTTCAATCTCT-1",2147,"ENS"
"e16_s1_GTGTCCTTCACAGTGT-1",1999,"Fibroblast"
"e16_s1_GTGTCCTTCCGTACGG-1",2217,"Fibroblast"
"e16_s1_GTGTCCTTCTGCTTTA-1",2269,"ENS"
"e16_s1_GTGTGATAGACCTGGA-1",348,"Mesothelial"
"e16_s1_GTGTGATAGGAACATT-1",421,"Smooth muscle"
"e16_s1_GTGTGATAGGACAGTC-1",1477,"ENS"
"e16_s1_GTGTGATAGTCAGAGC-1",1138,"Fibroblast"
"e16_s1_GTGTGATCAATCCTAG-1",2787,"Fibroblast"
"e16_s1_GTGTGATGTATATGGA-1",1003,"Foregut Basal"
"e16_s1_GTGTGATGTCGATTAC-1",1370,"Mesothelial"
"e16_s1_GTGTGATTCACTCACC-1",2918,"Fibroblast"
"e16_s1_GTGTGATTCATTTGGG-1",1739,"Mesothelial"
"e16_s1_GTGTGGCAGAATCGTA-1",3024,"ENS"
"e16_s1_GTGTGGCAGGGTGAAA-1",3083,"Fibroblast"
"e16_s1_GTGTGGCTCTTTCCAA-1",2517,"ENS"
"e16_s1_GTGTTAGCAAGTAGTA-1",1667,"Fibroblast"
"e16_s1_GTGTTAGCATCGATCA-1",3276,"Fibroblast"
"e16_s1_GTGTTAGGTATGGAGC-1",3385,"Mesothelial"
"e16_s1_GTGTTAGGTATTCTCT-1",295,"Fibroblast"
"e16_s1_GTGTTAGGTGCCTGCA-1",2911,"Fibroblast"
"e16_s1_GTGTTCCAGATAACAC-1",1973,"Fibroblast"
"e16_s1_GTGTTCCAGGCTCTCG-1",1411,"Mesothelial"
"e16_s1_GTGTTCCGTGGACCAA-1",1988,"Fibroblast"
"e16_s1_GTGTTCCTCAGCTAGT-1",809,"Fibroblast"
"e16_s1_GTGTTCCTCGTAGTCA-1",2777,"Fibroblast"
"e16_s1_GTTACAGAGAAATTGC-1",2994,"Fibroblast"
"e16_s1_GTTACAGAGCTAGTTC-1",1812,"ENS"
"e16_s1_GTTACAGAGGAACGTC-1",2517,"ENS"
"e16_s1_GTTACAGGTAATGCGG-1",2294,"ENS"
"e16_s1_GTTACCCAGACCCGCT-1",3251,"Myofibroblast"
"e16_s1_GTTACCCAGAGCAAGA-1",2354,"Fibroblast"
"e16_s1_GTTACCCAGGTTATAG-1",70,"Smooth muscle"
"e16_s1_GTTACCCCAAATGCGG-1",1144,"Smooth muscle"
"e16_s1_GTTACCCCACCGCTGA-1",3083,"Smooth muscle"
"e16_s1_GTTACCCCAGGTGGAT-1",1973,"Fibroblast"
"e16_s1_GTTACCCCATTGTAGC-1",2994,"ENS"
"e16_s1_GTTACCCGTCGCACAC-1",1973,"Fibroblast"
"e16_s1_GTTACCCTCCCTCATG-1",1426,"Smooth muscle"
"e16_s1_GTTACCCTCTTCTAAC-1",1003,"Foregut Basal"
"e16_s1_GTTACGAAGAAACCCG-1",2316,"Myofibroblast"
"e16_s1_GTTACGACACGGTGTC-1",2040,"Smooth muscle"
"e16_s1_GTTACGATCTTACCAT-1",3346,"Endothelial"
"e16_s1_GTTAGACAGAGTCAGC-1",2891,"Fibroblast"
"e16_s1_GTTAGACAGGTCTACT-1",565,"ENS"
"e16_s1_GTTAGACCAATACCCA-1",3089,"ENS"
"e16_s1_GTTAGACGTACTTCCC-1",2936,"Fibroblast"
"e16_s1_GTTAGACGTGCGTCGT-1",3227,"Fibroblast"
"e16_s1_GTTAGTGAGCTATCCA-1",3385,"Smooth muscle"
"e16_s1_GTTAGTGCAACAAAGT-1",1999,"Fibroblast"
"e16_s1_GTTAGTGCACGAGGTA-1",2517,"ENS"
"e16_s1_GTTAGTGCATGTGGTT-1",2893,"Fibroblast"
"e16_s1_GTTAGTGCATTGTACG-1",2126,"ENS"
"e16_s1_GTTAGTGGTATCAGCT-1",731,"Myofibroblast"
"e16_s1_GTTAGTGTCCGGACTG-1",1999,"Fibroblast"
"e16_s1_GTTAGTGTCGCTTACC-1",3207,"Fibroblast"
"e16_s1_GTTAGTGTCTTCTTCC-1",2581,"ENS"
"e16_s1_GTTATGGAGAGGGCGA-1",1121,"Smooth muscle"
"e16_s1_GTTATGGAGCGTCTGC-1",2217,"ICC"
"e16_s1_GTTATGGAGTGAGTTA-1",1979,"Fibroblast"
"e16_s1_GTTATGGAGTGCCGAA-1",359,"Fibroblast"
"e16_s1_GTTATGGCATCGAGCC-1",886,"ENS"
"e16_s1_GTTATGGGTACGATTC-1",1860,"Myofibroblast"
"e16_s1_GTTATGGGTCTAACTG-1",2103,"Immune"
"e16_s1_GTTATGGTCACTTTGT-1",952,"Endothelial"
"e16_s1_GTTATGGTCCTGTACC-1",1632,"Fibroblast"
"e16_s1_GTTATGGTCGGTGTTA-1",1003,"Foregut Basal"
"e16_s1_GTTATGGTCTCGTTTA-1",1555,"Endothelial"
"e16_s1_GTTCATTAGAGAGGTA-1",1627,"Fibroblast"
"e16_s1_GTTCATTAGCGGTAGT-1",2709,"ENS"
"e16_s1_GTTCATTAGTAGGAAG-1",1271,"ENS"
"e16_s1_GTTCATTCACAACGTT-1",1861,"Fibroblast"
"e16_s1_GTTCATTCACCCTATC-1",139,"ENS"
"e16_s1_GTTCATTGTACTGCCG-1",1003,"Fibroblast"
"e16_s1_GTTCATTGTAGACACG-1",1327,"Foregut Basal"
"e16_s1_GTTCATTTCGCCGAGT-1",1667,"Smooth muscle"
"e16_s1_GTTCCGTAGTTGTACC-1",1003,"Foregut Basal"
"e16_s1_GTTCCGTGTACGGTTT-1",3207,"Fibroblast"
"e16_s1_GTTCCGTGTGGCTACC-1",1026,"Endothelial"
"e16_s1_GTTCCGTGTTCCTACC-1",916,"Fibroblast"
"e16_s1_GTTCCGTTCCTATTGT-1",728,"Fibroblast"
"e16_s1_GTTCCGTTCGGCAGTC-1",2936,"Fibroblast"
"e16_s1_GTTCCGTTCTATGTGG-1",386,"Fibroblast"
"e16_s1_GTTCGCTAGGCACCAA-1",3251,"Myofibroblast"
"e16_s1_GTTCGCTAGGTAGCAC-1",794,"Fibroblast"
"e16_s1_GTTCGCTCAAGCGCTC-1",916,"Fibroblast"
"e16_s1_GTTCGCTCACAGTCCG-1",938,"Fibroblast"
"e16_s1_GTTCGCTCAGTCAGAG-1",2785,"Myofibroblast"
"e16_s1_GTTCGCTGTTGTTGCA-1",1231,"ENS"
"e16_s1_GTTCGCTTCTTCTGGC-1",1999,"Fibroblast"
"e16_s1_GTTCTATCAACGTAAA-1",2289,"ENS"
"e16_s1_GTTCTATCACGACCTG-1",2659,"Fibroblast"
"e16_s1_GTTCTATGTGATAGTA-1",938,"Myofibroblast"
"e16_s1_GTTCTATGTGGTAATA-1",1158,"Fibroblast"
"e16_s1_GTTCTATTCACCATCC-1",2757,"ENS"
"e16_s1_GTTCTATTCTGCGTCT-1",2147,"ENS"
"e16_s1_GTTGAACCATAACTCG-1",938,"ICC"
"e16_s1_GTTGAACCATGGGTCC-1",938,"Fibroblast"
"e16_s1_GTTGAACTCACGGGAA-1",2217,"Fibroblast"
"e16_s1_GTTGAACTCCATTTCA-1",700,"ENS"
"e16_s1_GTTGAACTCGGAGTGA-1",786,"Fibroblast"
"e16_s1_GTTGAACTCTAACACG-1",2891,"Fibroblast"
"e16_s1_GTTGAACTCTCTATGT-1",2696,"ENS"
"e16_s1_GTTGAACTCTTCTTCC-1",1619,"Endothelial"
"e16_s1_GTTGCGGAGATGACCG-1",1322,"Smooth muscle"
"e16_s1_GTTGCGGAGCCGATCC-1",1224,"Fibroblast"
"e16_s1_GTTGCGGAGCTCGCAC-1",1914,"ICC"
"e16_s1_GTTGCGGAGTCGCCAC-1",2483,"Myofibroblast"
"e16_s1_GTTGCGGCATGGGAAC-1",893,"ENS"
"e16_s1_GTTGCGGGTATGCTAC-1",1667,"Smooth muscle"
"e16_s1_GTTGCGGGTTATGGTC-1",3248,"Fibroblast"
"e16_s1_GTTGCGGGTTCATCGA-1",2298,"Fibroblast"
"e16_s1_GTTGCGGTCATTACCT-1",210,"Fibroblast"
"e16_s1_GTTGCGGTCTGGGCCA-1",1106,"ENS"
"e16_s1_GTTGCTCAGACCCGCT-1",886,"ENS"
"e16_s1_GTTGCTCCACGAAAGC-1",3330,"Fibroblast"
"e16_s1_GTTGCTCTCCCGTTGT-1",2605,"Smooth muscle"
"e16_s1_GTTGCTCTCTAAACGC-1",2891,"Fibroblast"
"e16_s1_GTTGTAGAGACAGTCG-1",2292,"ENS"
"e16_s1_GTTGTAGCACACACTA-1",3053,"Fibroblast"
"e16_s1_GTTGTAGCATACATCG-1",1826,"ENS"
"e16_s1_GTTGTAGGTCTCAGGC-1",2363,"Foregut Basal"
"e16_s1_GTTGTAGGTGGACCTC-1",2469,"ENS"
"e16_s1_GTTGTAGTCAGACAAA-1",1989,"Fibroblast"
"e16_s1_GTTGTAGTCCACAAGT-1",598,"Fibroblast"
"e16_s1_GTTGTAGTCCGCACTT-1",1158,"Fibroblast"
"e16_s1_GTTGTAGTCGCAACAT-1",3320,"Fibroblast"
"e16_s1_GTTGTCCAGACCAAAT-1",626,"ENS"
"e16_s1_GTTGTCCAGCGGACAT-1",2903,"Fibroblast"
"e16_s1_GTTGTCCCACCACTGG-1",1973,"Fibroblast"
"e16_s1_GTTGTCCCATGAGATA-1",2605,"Smooth muscle"
"e16_s1_GTTGTCCGTTAAAGTG-1",3169,"Mesothelial"
"e16_s1_GTTGTCCGTTGGAGAC-1",3215,"Smooth muscle"
"e16_s1_GTTGTCCTCCAGCAAT-1",608,"Fibroblast"
"e16_s1_GTTGTGAAGGTTTACC-1",2928,"Smooth muscle"
"e16_s1_GTTGTGACAACTGCTA-1",2764,"Foregut Basal"
"e16_s1_GTTGTGACAAGGCCTC-1",1158,"Fibroblast"
"e16_s1_GTTGTGACAGAGAATT-1",815,"Fibroblast"
"e16_s1_GTTGTGACAGCGTTTA-1",2690,"Fibroblast"
"e16_s1_GTTGTGAGTCATCTAG-1",217,"Myofibroblast"
"e16_s1_GTTGTGATCAGAACCT-1",2380,"Fibroblast"
"e16_s1_GTTTACTAGCGTCTCG-1",938,"Fibroblast"
"e16_s1_GTTTACTCATGTCAGT-1",3227,"Fibroblast"
"e16_s1_GTTTACTGTACGCTAT-1",2040,"Fibroblast"
"e16_s1_GTTTACTGTCCAGGTC-1",1973,"ENS"
"e16_s1_GTTTACTGTCCGGTGT-1",656,"Fibroblast"
"e16_s1_GTTTACTTCCGATCTC-1",2899,"Fibroblast"
"e16_s1_GTTTGGAAGCCGATTT-1",2110,"Fibroblast"
"e16_s1_GTTTGGAAGGTTTACC-1",2928,"Fibroblast"
"e16_s1_GTTTGGAGTAGCTGCC-1",2203,"Endothelial"
"e16_s1_GTTTGGAGTGACTCGC-1",2307,"Pericyte"
"e16_s1_GTTTGGAGTGATAGTA-1",676,"Fibroblast"
"e16_s1_GTTTGGAGTTAAGACA-1",506,"Mesothelial"
"e16_s1_GTTTGGAGTTCATCGA-1",1144,"Fibroblast"
"e16_s1_GTTTGGAGTTTCGCTC-1",2380,"Fibroblast"
"e16_s1_GTTTGGATCAAACCCA-1",2668,"Smooth muscle"
"e16_s1_GTTTGGATCAGCGGAA-1",1003,"Foregut Basal"
"e16_s1_TAACACGAGCGGTAGT-1",1890,"Simple Epithelial"
"e16_s1_TAACACGAGCTAGCCC-1",760,"ENS"
"e16_s1_TAACACGAGCTGGTGA-1",719,"Fibroblast"
"e16_s1_TAACACGAGCTGTGCC-1",886,"ENS"
"e16_s1_TAACACGAGGATGGCT-1",2126,"ENS"
"e16_s1_TAACACGAGTCGAATA-1",2928,"Fibroblast"
"e16_s1_TAACACGCAGGCATTT-1",2517,"ENS"
"e16_s1_TAACACGGTGTGTGGA-1",1619,"Endothelial"
"e16_s1_TAACACGGTTTCACTT-1",829,"Myofibroblast"
"e16_s1_TAACACGTCAAAGACA-1",2777,"Fibroblast"
"e16_s1_TAACACGTCAGTCATG-1",2443,"Smooth muscle"
"e16_s1_TAACACGTCCATACAG-1",1158,"Pericyte"
"e16_s1_TAACACGTCGCAGTTA-1",3207,"Fibroblast"
"e16_s1_TAACCAGAGAACAAGG-1",1596,"Fibroblast"
"e16_s1_TAACCAGAGAGTGTTA-1",2363,"Foregut Basal"
"e16_s1_TAACCAGAGATCCCAT-1",3251,"Fibroblast"
"e16_s1_TAACCAGCAGCGTGCT-1",1327,"Foregut Basal"
"e16_s1_TAACCAGTCAGATGCT-1",1003,"Foregut Basal"
"e16_s1_TAACCAGTCAGCTTCC-1",1654,"Simple Epithelial"
"e16_s1_TAACCAGTCGGAATTC-1",3329,"Fibroblast"
"e16_s1_TAACGACAGCAGATAT-1",2386,"Smooth muscle"
"e16_s1_TAACGACAGGTAGTCG-1",2269,"ENS"
"e16_s1_TAACGACAGTATCCTG-1",2380,"Fibroblast"
"e16_s1_TAACGACAGTCGTTAC-1",1312,"Fibroblast"
"e16_s1_TAACGACGTAGAATGT-1",938,"Smooth muscle"
"e16_s1_TAACGACGTAGGACTG-1",1202,"Fibroblast"
"e16_s1_TAACGACGTGCCCACA-1",2659,"Fibroblast"
"e16_s1_TAACGACGTGGCCTCA-1",3327,"Fibroblast"
"e16_s1_TAACGACTCACATACG-1",3385,"Myofibroblast"
"e16_s1_TAACGACTCATGTCTT-1",1973,"Fibroblast"
"e16_s1_TAACGACTCTGGTTGA-1",1973,"Fibroblast"
"e16_s1_TAACTTCCAAGAGTTA-1",2764,"Foregut Basal"
"e16_s1_TAACTTCCACACCTTC-1",2396,"Fibroblast"
"e16_s1_TAACTTCCATCAGTCA-1",2347,"Fibroblast"
"e16_s1_TAACTTCGTTATGTGC-1",2497,"Fibroblast"
"e16_s1_TAACTTCTCTGCGGGT-1",1548,"Endothelial"
"e16_s1_TAAGCACAGGACTAAT-1",2696,"ENS"
"e16_s1_TAAGCACCATAGTCGT-1",1591,"Mesothelial"
"e16_s1_TAAGCACGTAACAAGT-1",719,"Myofibroblast"
"e16_s1_TAAGCACGTGATACCT-1",2932,"Myofibroblast"
"e16_s1_TAAGCACTCTGAGAGG-1",2203,"Endothelial"
"e16_s1_TAAGCCACACTTGAGT-1",2225,"Fibroblast"
"e16_s1_TAAGCCACATAAGCAA-1",1999,"Myofibroblast"
"e16_s1_TAAGCCACATTGCAAC-1",2606,"Fibroblast"
"e16_s1_TAAGCCAGTATGGTAA-1",2672,"Foregut Basal"
"e16_s1_TAAGCCATCGAGCACC-1",2294,"ENS"
"e16_s1_TAAGCCATCTATGCCC-1",786,"ICC"
"e16_s1_TAAGCGTAGCGACAGT-1",2696,"ENS"
"e16_s1_TAAGCGTAGGACACTG-1",794,"Fibroblast"
"e16_s1_TAAGCGTGTATCGTTG-1",333,"Fibroblast"
"e16_s1_TAAGCGTTCAAACGTC-1",1576,"Fibroblast"
"e16_s1_TAAGCGTTCAGTGCGC-1",886,"ENS"
"e16_s1_TAAGTCGAGCCATCCG-1",2893,"Fibroblast"
"e16_s1_TAAGTCGAGCCTCGTG-1",2690,"Fibroblast"
"e16_s1_TAAGTCGAGGCTTAGG-1",913,"Foregut Basal"
"e16_s1_TAAGTCGCACCAAATC-1",2380,"Fibroblast"
"e16_s1_TAAGTCGCAGTCGCTG-1",609,"Fibroblast"
"e16_s1_TAAGTCGGTATCGCTA-1",2307,"Fibroblast"
"e16_s1_TAAGTCGGTGTACGCC-1",2893,"Fibroblast"
"e16_s1_TAAGTCGTCAACGCTA-1",3354,"ENS"
"e16_s1_TAAGTCGTCCAGTGTA-1",941,"Myofibroblast"
"e16_s1_TAAGTCGTCGCATTGA-1",2764,"Foregut Basal"
"e16_s1_TAATCTCAGAGTTGTA-1",1999,"Fibroblast"
"e16_s1_TAATCTCCAGGAACCA-1",1079,"Fibroblast"
"e16_s1_TAATCTCTCAGGTGTT-1",1796,"ENS"
"e16_s1_TAATCTCTCGAGAGCA-1",1327,"Foregut Basal"
"e16_s1_TAATTCCCAAAGCACG-1",1999,"Fibroblast"
"e16_s1_TAATTCCCACTATCGA-1",550,"ENS"
"e16_s1_TAATTCCGTAGGATAT-1",1198,"Myofibroblast"
"e16_s1_TAATTCCGTGCTGCAC-1",1859,"Fibroblast"
"e16_s1_TAATTCCTCATGAAAG-1",114,"Mesothelial"
"e16_s1_TAATTCCTCTTTCGAT-1",2696,"ENS"
"e16_s1_TACAACGCAAACTCGT-1",2599,"ENS"
"e16_s1_TACAACGCAGCCGTCA-1",2893,"Fibroblast"
"e16_s1_TACAACGCAGTAACGG-1",2928,"Smooth muscle"
"e16_s1_TACAACGGTGCCTGAC-1",1555,"Endothelial"
"e16_s1_TACAACGTCCGTTTCG-1",2747,"ENS"
"e16_s1_TACAACGTCTCGTCGT-1",2911,"Fibroblast"
"e16_s1_TACAACGTCTCTGCCA-1",2195,"Fibroblast"
"e16_s1_TACACCCAGGTAAACT-1",2483,"Fibroblast"
"e16_s1_TACACCCCAAGTTTGC-1",786,"Fibroblast"
"e16_s1_TACACCCCACTCTGCT-1",829,"Fibroblast"
"e16_s1_TACACCCCATAATCCG-1",2126,"ENS"
"e16_s1_TACACCCGTAACACGG-1",3059,"ENS"
"e16_s1_TACACCCGTATGAGGC-1",1327,"Foregut Basal"
"e16_s1_TACACCCGTGAATTAG-1",2517,"ENS"
"e16_s1_TACACCCGTGGTCCGT-1",2559,"Endothelial"
"e16_s1_TACACCCGTGTTCATG-1",3083,"Mesothelial"
"e16_s1_TACACCCGTTGTTGCA-1",1999,"Fibroblast"
"e16_s1_TACACCCTCGTCGGGT-1",3316,"Fibroblast"
"e16_s1_TACACCCTCTGTGCGG-1",1673,"ENS"
"e16_s1_TACAGGTAGATAGTCA-1",1973,"Myofibroblast"
"e16_s1_TACAGGTAGTTGCCCG-1",2659,"Fibroblast"
"e16_s1_TACAGGTCAACTGGTT-1",2893,"Fibroblast"
"e16_s1_TACAGGTGTCACATTG-1",2126,"ENS"
"e16_s1_TACAGGTGTTTCGACA-1",3354,"ENS"
"e16_s1_TACAGGTTCCTGGGAC-1",1625,"Fibroblast"
"e16_s1_TACAGGTTCTAGGAAA-1",2659,"Fibroblast"
"e16_s1_TACAGGTTCTTGAACG-1",1973,"Fibroblast"
"e16_s1_TACATTCCATGGCGCT-1",1327,"Foregut Basal"
"e16_s1_TACATTCCATTGTGCA-1",1973,"Fibroblast"
"e16_s1_TACATTCGTAACGTTC-1",2493,"ENS"
"e16_s1_TACATTCGTCGAGTTT-1",1312,"Fibroblast"
"e16_s1_TACATTCGTCTCCTGT-1",2147,"ENS"
"e16_s1_TACATTCTCCCTATTA-1",1860,"Immune"
"e16_s1_TACATTCTCTCACTCG-1",2994,"ENS"
"e16_s1_TACCCACAGACATACA-1",1851,"Foregut Basal"
"e16_s1_TACCCACAGGCATCTT-1",1003,"Foregut Basal"
"e16_s1_TACCCACCACGATTCA-1",2307,"Fibroblast"
"e16_s1_TACCCACCAGCGTACC-1",1003,"Foregut Basal"
"e16_s1_TACCCACGTTAGCGGA-1",1874,"Pericyte"
"e16_s1_TACCCACGTTTCCATT-1",2269,"ENS"
"e16_s1_TACCCACTCAACGTGT-1",2690,"Fibroblast"
"e16_s1_TACCCACTCCATGCAA-1",719,"Fibroblast"
"e16_s1_TACCCACTCCCAGGAC-1",610,"Fibroblast"
"e16_s1_TACCCACTCGGCCCAA-1",1627,"Myofibroblast"
"e16_s1_TACCCACTCGGTTAGT-1",3207,"Fibroblast"
"e16_s1_TACCCGTAGACGACGT-1",1843,"ENS"
"e16_s1_TACCCGTAGACGATAT-1",3083,"Myofibroblast"
"e16_s1_TACCCGTAGCAGTACG-1",2724,"Endothelial"
"e16_s1_TACCCGTCAGATACCT-1",1756,"ENS"
"e16_s1_TACCCGTCAGCTACAT-1",2777,"Myofibroblast"
"e16_s1_TACCCGTCATAATGAG-1",1312,"Fibroblast"
"e16_s1_TACCCGTGTTCTTGCC-1",731,"ICC"
"e16_s1_TACCCGTTCGGCTTGG-1",2118,"ICC"
"e16_s1_TACCCGTTCGGTCGAC-1",3083,"Fibroblast"
"e16_s1_TACCGAAAGCAGCCTC-1",2396,"Fibroblast"
"e16_s1_TACCGAACAAGAATAC-1",1973,"Fibroblast"
"e16_s1_TACCGAACACCCTCTA-1",2126,"ENS"
"e16_s1_TACCGAACACGTCGTG-1",1242,"Endothelial"
"e16_s1_TACCGAACATAGACTC-1",938,"Fibroblast"
"e16_s1_TACCGAACATAGTCAC-1",2709,"ENS"
"e16_s1_TACCGAAGTGTTTACG-1",3215,"Myofibroblast"
"e16_s1_TACCGAATCAGAATAG-1",534,"Fibroblast"
"e16_s1_TACCGAATCCTTTAGT-1",1774,"ENS"
"e16_s1_TACCGAATCTATTCGT-1",1973,"Fibroblast"
"e16_s1_TACCGGGTCAGCCTTC-1",786,"Fibroblast"
"e16_s1_TACCGGGTCATTGAGC-1",2605,"Fibroblast"
"e16_s1_TACCGGGTCATTTGCT-1",2493,"ENS"
"e16_s1_TACCTCGCACACAGCC-1",3385,"Myofibroblast"
"e16_s1_TACCTCGCACATACTG-1",611,"Fibroblast"
"e16_s1_TACCTCGCATCCGCGA-1",1999,"Fibroblast"
"e16_s1_TACCTCGGTACTAACC-1",1751,"Myofibroblast"
"e16_s1_TACCTCGGTATCAAGA-1",2937,"Immune"
"e16_s1_TACCTCGGTCACTCTC-1",3227,"Myofibroblast"
"e16_s1_TACCTCGTCACCGGGT-1",1643,"ENS"
"e16_s1_TACCTCGTCCCGTTGT-1",2764,"Foregut Basal"
"e16_s1_TACCTCGTCCTGATAG-1",2696,"ENS"
"e16_s1_TACCTCGTCGGACCAC-1",182,"Fibroblast"
"e16_s1_TACCTGCAGGTAAGGA-1",1315,"Fibroblast"
"e16_s1_TACCTGCAGGTCCAGA-1",3060,"ENS"
"e16_s1_TACCTGCCAAATACGA-1",1091,"Myofibroblast"
"e16_s1_TACCTGCCAATGCTCA-1",1973,"Fibroblast"
"e16_s1_TACCTGCCACAGTCCG-1",819,"Mesothelial"
"e16_s1_TACCTGCCACCGTGCA-1",3227,"Fibroblast"
"e16_s1_TACCTGCCAGATACTC-1",1999,"Fibroblast"
"e16_s1_TACGCTCAGCACCCAC-1",1692,"Foregut Basal"
"e16_s1_TACGCTCAGTTGGCGA-1",2610,"Smooth muscle"
"e16_s1_TACGCTCGTAACTAAG-1",2911,"ICC"
"e16_s1_TACGCTCGTGCCGAAA-1",2517,"ENS"
"e16_s1_TACGCTCTCACGGTCG-1",2110,"Pericyte"
"e16_s1_TACGGGCGTCCCAAAT-1",1549,"Fibroblast"
"e16_s1_TACGGGCGTGAGGCAT-1",2305,"Pericyte"
"e16_s1_TACGGGCGTGCCTGAC-1",2911,"Smooth muscle"
"e16_s1_TACGGGCTCATGGTAC-1",2269,"ENS"
"e16_s1_TACGGTAAGAAACTGT-1",2294,"ENS"
"e16_s1_TACGGTAAGCATAGGC-1",3271,"Fibroblast"
"e16_s1_TACGGTAAGCTGAGTG-1",1973,"Fibroblast"
"e16_s1_TACGGTAAGGGATCAC-1",732,"Pericyte"
"e16_s1_TACGGTACAAGATTGA-1",2203,"Endothelial"
"e16_s1_TACGGTACATGACTTG-1",554,"ENS"
"e16_s1_TACGGTAGTCACGCTG-1",916,"Fibroblast"
"e16_s1_TACGGTAGTGAATATG-1",2764,"Foregut Basal"
"e16_s1_TACGGTATCAGTCACA-1",1003,"Foregut Basal"
"e16_s1_TACGTCCAGATAGTGT-1",3021,"Fibroblast"
"e16_s1_TACGTCCCAAGTACCT-1",2940,"Fibroblast"
"e16_s1_TACGTCCCAGTTGTTG-1",656,"Fibroblast"
"e16_s1_TACGTCCGTGCTCTTC-1",1549,"Fibroblast"
"e16_s1_TACGTCCTCTGCGTCT-1",1596,"Fibroblast"
"e16_s1_TACTGCCAGGTCATCT-1",3390,"ENS"
"e16_s1_TACTGCCAGTAAATGC-1",2396,"Myofibroblast"
"e16_s1_TACTGCCAGTTGCATC-1",1185,"ENS"
"e16_s1_TACTGCCCAAGCTCTA-1",2307,"Fibroblast"
"e16_s1_TACTGCCCAGAGATTA-1",2928,"Fibroblast"
"e16_s1_TACTGCCCATCGCTAA-1",3335,"Fibroblast"
"e16_s1_TACTGCCCATGCACTA-1",155,"Smooth muscle"
"e16_s1_TACTGCCGTACAGGTG-1",2290,"ENS"
"e16_s1_TACTGCCGTAGTAAGT-1",1312,"Fibroblast"
"e16_s1_TACTGCCGTCCAAATC-1",916,"Fibroblast"
"e16_s1_TACTGCCTCAGTCCGG-1",1384,"Smooth muscle"
"e16_s1_TACTGCCTCGAGTGAG-1",2742,"Immune"
"e16_s1_TACTGCCTCTATTTCG-1",213,"ENS"
"e16_s1_TACTTACAGCGTCGAA-1",3207,"Fibroblast"
"e16_s1_TACTTACAGGAGAGTA-1",1654,"Simple Epithelial"
"e16_s1_TACTTACAGTGAGTTA-1",3340,"Fibroblast"
"e16_s1_TACTTACCAACCGACC-1",2517,"ENS"
"e16_s1_TACTTACCAAGTGGAC-1",585,"ENS"
"e16_s1_TACTTACCAATGCTCA-1",3369,"Fibroblast"
"e16_s1_TACTTACCATCCGTTC-1",1850,"Fibroblast"
"e16_s1_TACTTACGTACCACGC-1",1973,"Fibroblast"
"e16_s1_TACTTACGTCCGGTGT-1",2690,"Fibroblast"
"e16_s1_TACTTACGTGAGACCA-1",1144,"Fibroblast"
"e16_s1_TACTTCAAGCATATGA-1",1122,"ENS"
"e16_s1_TACTTCAAGCTCGACC-1",3215,"Fibroblast"
"e16_s1_TACTTCAAGTGCTCGC-1",1595,"Pericyte"
"e16_s1_TACTTCACAAATGGCG-1",1122,"ENS"
"e16_s1_TACTTCACAAATGGTA-1",547,"ENS"
"e16_s1_TACTTCAGTAACATGA-1",736,"Immune"
"e16_s1_TACTTCAGTACGGGAT-1",1999,"Fibroblast"
"e16_s1_TACTTCAGTGTGTGTT-1",719,"Smooth muscle"
"e16_s1_TACTTCAGTTGACTGT-1",2843,"Myofibroblast"
"e16_s1_TACTTCATCAAGTGGG-1",733,"Myofibroblast"
"e16_s1_TACTTCATCCACAAGT-1",2937,"Immune"
"e16_s1_TACTTCATCCACGTAA-1",2491,"ENS"
"e16_s1_TACTTGTAGAACGCGT-1",3325,"Fibroblast"
"e16_s1_TACTTGTAGCTTAAGA-1",1504,"Myofibroblast"
"e16_s1_TACTTGTCAACGCCCA-1",2893,"Fibroblast"
"e16_s1_TACTTGTCAGGCACAA-1",2953,"ENS"
"e16_s1_TACTTGTCATCCAATG-1",1860,"Fibroblast"
"e16_s1_TAGACCAAGGGCTAAC-1",2031,"Smooth muscle"
"e16_s1_TAGACCACATCTAACG-1",1003,"Foregut Basal"
"e16_s1_TAGACCAGTCACTTCC-1",2659,"Fibroblast"
"e16_s1_TAGACCAGTGGAAATT-1",2126,"ENS"
"e16_s1_TAGACCAGTTTGTGGT-1",78,"Myofibroblast"
"e16_s1_TAGACTGAGAAGGCTC-1",3059,"ENS"
"e16_s1_TAGACTGAGATACAGT-1",2269,"ENS"
"e16_s1_TAGACTGAGCGAGTCA-1",3207,"Fibroblast"
"e16_s1_TAGACTGAGGACCCAA-1",2469,"ENS"
"e16_s1_TAGACTGAGGTCACAG-1",1954,"Smooth muscle"
"e16_s1_TAGACTGCAAGTCCCG-1",3251,"Myofibroblast"
"e16_s1_TAGACTGTCTACACTT-1",2659,"Fibroblast"
"e16_s1_TAGACTGTCTGAATCG-1",1003,"Foregut Basal"
"e16_s1_TAGAGTCGTTATTCTC-1",1638,"Smooth muscle"
"e16_s1_TAGAGTCTCTACGGTA-1",1666,"Fibroblast"
"e16_s1_TAGATCGAGCATTTGC-1",2955,"ENS"
"e16_s1_TAGATCGCACCCTGTT-1",1948,"Fibroblast"
"e16_s1_TAGATCGCACGAGAAC-1",938,"Fibroblast"
"e16_s1_TAGATCGGTCTCGGGT-1",2953,"ENS"
"e16_s1_TAGATCGTCACTGATG-1",1853,"ENS"
"e16_s1_TAGATCGTCAGCTTGA-1",2067,"ICC"
"e16_s1_TAGATCGTCATTGCGA-1",1973,"Myofibroblast"
"e16_s1_TAGCACAAGCGAACTG-1",1860,"Fibroblast"
"e16_s1_TAGCACAAGTTGGACG-1",1424,"Fibroblast"
"e16_s1_TAGCACAGTGCTGCAC-1",2928,"ICC"
"e16_s1_TAGCACAGTTAGGGAC-1",719,"Fibroblast"
"e16_s1_TAGCACATCGCGTTTC-1",3215,"Myofibroblast"
"e16_s1_TAGCACATCTATGTGG-1",786,"Smooth muscle"
"e16_s1_TAGGAGGAGACATCAA-1",3207,"Fibroblast"
"e16_s1_TAGGAGGTCGTGGGAA-1",2764,"Foregut Basal"
"e16_s1_TAGGGTTAGTAATCCC-1",938,"Smooth muscle"
"e16_s1_TAGGGTTCACTGCATA-1",2012,"ENS"
"e16_s1_TAGGGTTCAGATCCAT-1",2491,"ENS"
"e16_s1_TAGGGTTCATGACTTG-1",1158,"Fibroblast"
"e16_s1_TAGGGTTCATGGCTAT-1",2203,"Endothelial"
"e16_s1_TAGGGTTGTCTAACGT-1",2469,"ENS"
"e16_s1_TAGGGTTGTGGACCAA-1",1973,"Fibroblast"
"e16_s1_TAGGGTTTCACCATAG-1",2696,"ENS"
"e16_s1_TAGGTACAGACCTCAT-1",3416,"Fibroblast"
"e16_s1_TAGGTACAGAGACAAG-1",2307,"Pericyte"
"e16_s1_TAGGTACAGTAGATCA-1",786,"Smooth muscle"
"e16_s1_TAGGTACCAAACGTGG-1",841,"Foregut Basal"
"e16_s1_TAGGTACCAGGGTTGA-1",2203,"Endothelial"
"e16_s1_TAGGTACCATCGAACT-1",1158,"Fibroblast"
"e16_s1_TAGGTACGTCAAGTTC-1",1323,"Fibroblast"
"e16_s1_TAGGTACGTCACATTG-1",2491,"ENS"
"e16_s1_TAGGTACGTCTAATCG-1",224,"Fibroblast"
"e16_s1_TAGGTACGTTAGAAGT-1",880,"Simple Epithelial"
"e16_s1_TAGGTACGTTAGTCGT-1",2147,"ENS"
"e16_s1_TAGGTACTCGGCTATA-1",2100,"ENS"
"e16_s1_TAGGTTGAGACGGTCA-1",2036,"Foregut Basal"
"e16_s1_TAGGTTGAGCAATTCC-1",2690,"Pericyte"
"e16_s1_TAGGTTGAGGTTCTAC-1",2764,"Foregut Basal"
"e16_s1_TAGGTTGCAAGTCGTT-1",2517,"ENS"
"e16_s1_TAGGTTGGTGTTCCAA-1",2891,"Fibroblast"
"e16_s1_TAGGTTGGTTATCCAG-1",1003,"Foregut Basal"
"e16_s1_TAGTGCAAGCCGTAAG-1",1434,"Pericyte"
"e16_s1_TAGTGCACAGAGTGAC-1",1144,"Smooth muscle"
"e16_s1_TAGTGCAGTCCTGTCT-1",2955,"ENS"
"e16_s1_TAGTGCATCCCTTGGT-1",2110,"Fibroblast"
"e16_s1_TAGTGCATCGAAGGAC-1",3369,"Myofibroblast"
"e16_s1_TAGTGCATCGTCGGGT-1",2911,"Smooth muscle"
"e16_s1_TAGTGCATCTCTGCCA-1",2497,"Myofibroblast"
"e16_s1_TATACCTAGATCGCCC-1",719,"Smooth muscle"
"e16_s1_TATACCTAGCACTAGG-1",2491,"ENS"
"e16_s1_TATACCTAGGACTTCT-1",2113,"Fibroblast"
"e16_s1_TATACCTAGGAGATAG-1",2289,"ENS"
"e16_s1_TATACCTCACTTCAGA-1",152,"ENS"
"e16_s1_TATACCTCAGGACGAT-1",3207,"Fibroblast"
"e16_s1_TATACCTCATTGTACG-1",2469,"ENS"
"e16_s1_TATACCTGTATCGAGG-1",858,"ENS"
"e16_s1_TATACCTGTCCATCTC-1",1973,"Smooth muscle"
"e16_s1_TATACCTGTCCCGCAA-1",1576,"Myofibroblast"
"e16_s1_TATACCTGTGTAGGAC-1",1003,"Foregut Basal"
"e16_s1_TATACCTGTGTGAGCA-1",1003,"Foregut Basal"
"e16_s1_TATACCTTCGGAAACG-1",598,"Fibroblast"
"e16_s1_TATACCTTCTTCCGTG-1",1999,"Fibroblast"
"e16_s1_TATACCTTCTTTCAGT-1",2787,"Fibroblast"
"e16_s1_TATATCCAGAGGTATT-1",938,"Fibroblast"
"e16_s1_TATATCCCAGCGTACC-1",3048,"Fibroblast"
"e16_s1_TATATCCGTACTGCGC-1",1424,"Fibroblast"
"e16_s1_TATATCCGTCCCACGA-1",3251,"Fibroblast"
"e16_s1_TATATCCGTTAGAAGT-1",772,"ENS"
"e16_s1_TATATCCGTTCGGCGT-1",2396,"Fibroblast"
"e16_s1_TATATCCTCACTTCTA-1",2126,"ENS"
"e16_s1_TATATCCTCCGAGATT-1",556,"ENS"
"e16_s1_TATATCCTCGCTAAAC-1",2269,"ENS"
"e16_s1_TATCAGGAGCGGCTCT-1",1548,"Endothelial"
"e16_s1_TATCAGGAGTTCATGC-1",3391,"Smooth muscle"
"e16_s1_TATCAGGCAGCTGTCG-1",2462,"Fibroblast"
"e16_s1_TATCAGGCATCTCGTC-1",1150,"Smooth muscle"
"e16_s1_TATCAGGGTGACCTGC-1",1619,"Endothelial"
"e16_s1_TATCCTAAGATCGGTG-1",1876,"Fibroblast"
"e16_s1_TATCCTAAGCTCTGTA-1",804,"Mesothelial"
"e16_s1_TATCCTACAAGGCCTC-1",62,"ENS"
"e16_s1_TATCCTAGTAAGTTAG-1",2659,"Fibroblast"
"e16_s1_TATCCTATCCAAGGGA-1",815,"Fibroblast"
"e16_s1_TATCGCCAGCATGTTC-1",1853,"ENS"
"e16_s1_TATCGCCAGTCATTGC-1",586,"ENS"
"e16_s1_TATCGCCAGTGGACGT-1",2955,"ENS"
"e16_s1_TATCGCCCAACCAACT-1",1312,"Fibroblast"
"e16_s1_TATCGCCCAGGCTATT-1",2294,"ENS"
"e16_s1_TATCGCCGTCCGATCG-1",3193,"Foregut Basal"
"e16_s1_TATCGCCGTCGCTTAA-1",1353,"Foregut Basal"
"e16_s1_TATCTGTCAAGTAGTA-1",2777,"Fibroblast"
"e16_s1_TATCTGTCACCGCTAG-1",3251,"Fibroblast"
"e16_s1_TATCTGTTCAACGCTA-1",1973,"Smooth muscle"
"e16_s1_TATCTGTTCTACCACC-1",2659,"Fibroblast"
"e16_s1_TATCTTGAGGGAGGCA-1",1122,"ENS"
"e16_s1_TATCTTGCAACTACGT-1",1627,"Fibroblast"
"e16_s1_TATCTTGCAAGCCTGC-1",719,"Fibroblast"
"e16_s1_TATCTTGCAGCAGACA-1",2483,"Myofibroblast"
"e16_s1_TATCTTGGTCATACCA-1",717,"Myofibroblast"
"e16_s1_TATCTTGGTCATCCCT-1",1026,"Endothelial"
"e16_s1_TATCTTGGTTGGACTT-1",509,"ENS"
"e16_s1_TATCTTGTCAAGGCTT-1",2307,"Fibroblast"
"e16_s1_TATCTTGTCGCTGACG-1",2110,"Fibroblast"
"e16_s1_TATCTTGTCGTTCAGA-1",794,"Myofibroblast"
"e16_s1_TATGTTCAGACTCTAC-1",3339,"ENS"
"e16_s1_TATGTTCCAATCCAGT-1",1973,"Myofibroblast"
"e16_s1_TATGTTCCAGGAGGAG-1",1126,"ENS"
"e16_s1_TATGTTCCAGGTTCAT-1",1003,"Foregut Basal"
"e16_s1_TATGTTCTCATGGTAC-1",1999,"Fibroblast"
"e16_s1_TATGTTCTCCGTTGAA-1",2380,"Fibroblast"
"e16_s1_TATGTTCTCCTTGACC-1",661,"Fibroblast"
"e16_s1_TATGTTCTCTAATTCC-1",1242,"Endothelial"
"e16_s1_TATTCCAAGGTCGCCT-1",719,"Fibroblast"
"e16_s1_TATTCCACACCATATG-1",719,"Fibroblast"
"e16_s1_TATTCCACATGGCCCA-1",1003,"Foregut Basal"
"e16_s1_TATTCCAGTCGACGCT-1",2891,"Fibroblast"
"e16_s1_TATTCCAGTGAACCGA-1",1667,"Fibroblast"
"e16_s1_TATTCCAGTTTACGTG-1",2380,"Fibroblast"
"e16_s1_TATTCCATCAAGGAGC-1",3059,"ENS"
"e16_s1_TATTCCATCCAGCAAT-1",2347,"Fibroblast"
"e16_s1_TATTCCATCCCATTTA-1",1232,"ENS"
"e16_s1_TATTCCATCTACCTTA-1",3140,"Fibroblast"
"e16_s1_TATTCCATCTACTTCA-1",2471,"ENS"
"e16_s1_TATTGCTCACTTCATT-1",1003,"Foregut Basal"
"e16_s1_TATTGCTCATCCGTTC-1",1997,"Fibroblast"
"e16_s1_TATTGCTGTGCCCAGT-1",1003,"Foregut Basal"
"e16_s1_TATTGCTGTTCATCTT-1",938,"Fibroblast"
"e16_s1_TATTGCTGTTTGGAAA-1",833,"ICC"
"e16_s1_TATTGCTTCATGACAC-1",2928,"Fibroblast"
"e16_s1_TATTGCTTCCGAAGGA-1",749,"Fibroblast"
"e16_s1_TATTGGGCAAACACCT-1",2891,"Fibroblast"
"e16_s1_TATTGGGCACACGCCA-1",2517,"ENS"
"e16_s1_TATTGGGCAGCCTTCT-1",2126,"ENS"
"e16_s1_TATTGGGCATCTATCT-1",3339,"ENS"
"e16_s1_TATTGGGGTCTGGTTA-1",834,"ICC"
"e16_s1_TATTGGGGTGAGGCAT-1",2891,"Pericyte"
"e16_s1_TATTGGGGTTTGAAAG-1",2994,"ENS"
"e16_s1_TATTGGGTCTAGAGCT-1",728,"Fibroblast"
"e16_s1_TATTTCGAGATGCTTC-1",2978,"Fibroblast"
"e16_s1_TATTTCGAGGCACTCC-1",3060,"ENS"
"e16_s1_TATTTCGAGTGGCGAT-1",3191,"Fibroblast"
"e16_s1_TATTTCGCATGTGGCC-1",769,"ENS"
"e16_s1_TATTTCGGTACAGTAA-1",2659,"Fibroblast"
"e16_s1_TATTTCGGTCACCGCA-1",1860,"Fibroblast"
"e16_s1_TATTTCGGTGGTTCTA-1",2354,"Fibroblast"
"e16_s1_TATTTCGTCCAATCTT-1",2307,"Fibroblast"
"e16_s1_TATTTCGTCTTGCAAG-1",2106,"ICC"
"e16_s1_TCAAGACAGCCTGTCG-1",1003,"Foregut Basal"
"e16_s1_TCAAGACAGCTGAGCA-1",2787,"Smooth muscle"
"e16_s1_TCAAGACAGGTCATCT-1",938,"Fibroblast"
"e16_s1_TCAAGACCAACACTAC-1",654,"ENS"
"e16_s1_TCAAGACCAAGAAACT-1",2560,"Endothelial"
"e16_s1_TCAAGACCAAGTCGTT-1",2307,"Fibroblast"
"e16_s1_TCAAGACCACTACTTT-1",1627,"Fibroblast"
"e16_s1_TCAAGACGTTACGATC-1",1204,"ENS"
"e16_s1_TCAAGACTCTGCGGAC-1",1656,"Simple Epithelial"
"e16_s1_TCAAGCAAGAGTCCGA-1",2380,"Pericyte"
"e16_s1_TCAAGCAAGTCTCGTA-1",1593,"Myofibroblast"
"e16_s1_TCAAGCACATTGAAGA-1",1144,"Fibroblast"
"e16_s1_TCAAGCAGTACCCAGC-1",1017,"Foregut Basal"
"e16_s1_TCAAGCAGTTCTCACC-1",2040,"Mesothelial"
"e16_s1_TCAAGCAGTTGGTGTT-1",1860,"Fibroblast"
"e16_s1_TCAAGCATCCCAGGAC-1",1973,"Fibroblast"
"e16_s1_TCAAGCATCGGTGTTA-1",760,"ENS"
"e16_s1_TCAAGTGAGGTATTGA-1",2493,"ENS"
"e16_s1_TCAAGTGCAACACACT-1",2659,"Fibroblast"
"e16_s1_TCAAGTGCAACCTATG-1",2939,"Fibroblast"
"e16_s1_TCAAGTGCAATCTCTT-1",2203,"Endothelial"
"e16_s1_TCAAGTGCACCTCTAC-1",3340,"Fibroblast"
"e16_s1_TCAAGTGCAGCGACAA-1",1860,"Fibroblast"
"e16_s1_TCAAGTGGTATGAGGC-1",1312,"Fibroblast"
"e16_s1_TCAAGTGGTCCACATA-1",719,"Fibroblast"
"e16_s1_TCAAGTGGTGAGTCAG-1",361,"Fibroblast"
"e16_s1_TCAAGTGGTTACCTTT-1",1576,"Fibroblast"
"e16_s1_TCAAGTGTCCGAAGGA-1",1003,"Foregut Basal"
"e16_s1_TCAAGTGTCTCTCGAC-1",1627,"Myofibroblast"
"e16_s1_TCAATCTAGATTACCC-1",3188,"Fibroblast"
"e16_s1_TCAATCTGTACCCACG-1",1973,"Fibroblast"
"e16_s1_TCAATCTGTACCCAGC-1",2294,"ENS"
"e16_s1_TCAATCTGTACGTTCA-1",2911,"Fibroblast"
"e16_s1_TCAATCTGTAGTGATA-1",2978,"Fibroblast"
"e16_s1_TCAATCTGTGAACGGT-1",2709,"ENS"
"e16_s1_TCAATCTGTGCATTAC-1",2893,"Fibroblast"
"e16_s1_TCAATCTTCGCCTATC-1",1504,"Smooth muscle"
"e16_s1_TCAATCTTCGGCATCG-1",841,"Foregut Basal"
"e16_s1_TCAATCTTCTCCTGTG-1",1973,"Fibroblast"
"e16_s1_TCAATCTTCTGTAACG-1",2294,"ENS"
"e16_s1_TCAATTCAGCCATTGT-1",3354,"ENS"
"e16_s1_TCAATTCAGTCATCGT-1",2203,"Endothelial"
"e16_s1_TCAATTCAGTGGCCTC-1",1999,"Smooth muscle"
"e16_s1_TCAATTCCACTTGAGT-1",886,"ENS"
"e16_s1_TCAATTCTCGCCATAA-1",2559,"Endothelial"
"e16_s1_TCAATTCTCGCCTTGT-1",984,"Fibroblast"
"e16_s1_TCAATTCTCTCAAAGC-1",2928,"ICC"
"e16_s1_TCACAAGAGAGACAAG-1",2347,"Smooth muscle"
"e16_s1_TCACAAGAGATGTTAG-1",676,"Fibroblast"
"e16_s1_TCACAAGAGCAGTACG-1",1437,"ICC"
"e16_s1_TCACAAGCATCGGAGA-1",2380,"Fibroblast"
"e16_s1_TCACAAGGTCTAGATC-1",2147,"ENS"
"e16_s1_TCACACCAGAGATTCA-1",815,"ICC"
"e16_s1_TCACACCCAAGCTACT-1",841,"Foregut Basal"
"e16_s1_TCACACCGTACCTAGT-1",2469,"ENS"
"e16_s1_TCACACCGTCAATGGG-1",2493,"ENS"
"e16_s1_TCACACCGTGGTCTGC-1",1973,"Fibroblast"
"e16_s1_TCACACCGTTCAGTAC-1",1548,"Endothelial"
"e16_s1_TCACATTAGCTGTGCC-1",3089,"ENS"
"e16_s1_TCACATTGTTACCCTC-1",1003,"Foregut Basal"
"e16_s1_TCACATTGTTCAGGTT-1",2147,"ENS"
"e16_s1_TCACATTTCATATGGC-1",3339,"ENS"
"e16_s1_TCACATTTCCTGGCTT-1",2992,"ENS"
"e16_s1_TCACATTTCGGTTCAA-1",348,"Fibroblast"
"e16_s1_TCACATTTCTGGTGGC-1",1312,"Smooth muscle"
"e16_s1_TCACGCTAGAACTGAT-1",3089,"ENS"
"e16_s1_TCACGCTAGATAGTCA-1",1045,"ENS"
"e16_s1_TCACGCTCACCGCTGA-1",2928,"Mesothelial"
"e16_s1_TCACGCTGTTAATCGC-1",786,"Fibroblast"
"e16_s1_TCACGCTGTTCCAGGC-1",765,"ENS"
"e16_s1_TCACGCTTCACCTGGG-1",2217,"ICC"
"e16_s1_TCACGCTTCTACGGGC-1",1593,"Fibroblast"
"e16_s1_TCACGGGAGACTCTAC-1",1075,"ENS"
"e16_s1_TCACGGGGTGTACATC-1",1860,"Fibroblast"
"e16_s1_TCACTATAGGTGAGCT-1",1576,"Fibroblast"
"e16_s1_TCACTATAGTCGAATA-1",1853,"ENS"
"e16_s1_TCACTATCAACACAGG-1",2891,"Fibroblast"
"e16_s1_TCACTATCATACAGGG-1",676,"Fibroblast"
"e16_s1_TCACTATGTCCGGACT-1",708,"ENS"
"e16_s1_TCACTATTCATAGAGA-1",1312,"Fibroblast"
"e16_s1_TCACTATTCATGAGTC-1",1449,"ENS"
"e16_s1_TCACTATTCGTCGACG-1",3127,"Smooth muscle"
"e16_s1_TCACTATTCTGCTGAA-1",2225,"Smooth muscle"
"e16_s1_TCACTCGAGCAGTAAT-1",1999,"Fibroblast"
"e16_s1_TCACTCGAGCGGGTTA-1",938,"Fibroblast"
"e16_s1_TCACTCGCAGGCAATG-1",3199,"ENS"
"e16_s1_TCACTCGCAGTCGGAA-1",2716,"ENS"
"e16_s1_TCACTCGTCGACATAC-1",1487,"ENS"
"e16_s1_TCAGCAAAGACCAGCA-1",2380,"Fibroblast"
"e16_s1_TCAGCAAAGCAGAAAG-1",2469,"ENS"
"e16_s1_TCAGCAACAGATCATC-1",2140,"Myofibroblast"
"e16_s1_TCAGCAACATCACAGT-1",3251,"Myofibroblast"
"e16_s1_TCAGCAACATCACCAA-1",2908,"Fibroblast"
"e16_s1_TCAGCAAGTAACCCTA-1",302,"Smooth muscle"
"e16_s1_TCAGCAAGTACGAGCA-1",1595,"Fibroblast"
"e16_s1_TCAGCAAGTATTTCGG-1",646,"Fibroblast"
"e16_s1_TCAGCAAGTGCGACAA-1",886,"ENS"
"e16_s1_TCAGCAAGTGCTCGTG-1",2363,"Foregut Basal"
"e16_s1_TCAGCAAGTTCACCGG-1",2994,"ENS"
"e16_s1_TCAGCAATCACCTCTG-1",2483,"Fibroblast"
"e16_s1_TCAGCAATCTAGGCAT-1",2307,"Fibroblast"
"e16_s1_TCAGCCTAGCTTTCCC-1",2605,"Myofibroblast"
"e16_s1_TCAGCCTAGGAAAGTG-1",2564,"Fibroblast"
"e16_s1_TCAGCCTAGGACACTG-1",2493,"ENS"
"e16_s1_TCAGCCTAGGTCGCCT-1",3251,"Myofibroblast"
"e16_s1_TCAGCCTCAGTTAGGG-1",2732,"ENS"
"e16_s1_TCAGCCTCATGGAGAC-1",3331,"Smooth muscle"
"e16_s1_TCAGCCTGTAACATCC-1",1353,"Foregut Basal"
"e16_s1_TCAGCCTGTCACATTG-1",164,"Myofibroblast"
"e16_s1_TCAGCCTGTGGATTTC-1",1079,"Fibroblast"
"e16_s1_TCAGCCTGTTCGTACA-1",1003,"Foregut Basal"
"e16_s1_TCAGCCTTCAAGCTGT-1",2928,"Fibroblast"
"e16_s1_TCAGGGCAGAATCTAG-1",3083,"Smooth muscle"
"e16_s1_TCAGGGCAGTACTGGG-1",938,"Myofibroblast"
"e16_s1_TCAGGGCCAAGAGTTA-1",1999,"Fibroblast"
"e16_s1_TCAGGGCCAGCATTGT-1",1555,"Endothelial"
"e16_s1_TCAGGGCGTCGCAACC-1",3251,"Fibroblast"
"e16_s1_TCAGGGCGTTGCAAGG-1",1555,"Endothelial"
"e16_s1_TCAGGGCTCAAAGAAC-1",1973,"Smooth muscle"
"e16_s1_TCAGGGCTCATGGAGG-1",2269,"ENS"
"e16_s1_TCAGGGCTCCAAGCCG-1",1933,"Smooth muscle"
"e16_s1_TCAGGGCTCGAGATGG-1",2659,"Fibroblast"
"e16_s1_TCAGGGCTCTATGTGG-1",2928,"Fibroblast"
"e16_s1_TCAGGTAAGACTGGGT-1",3341,"Myofibroblast"
"e16_s1_TCAGGTAAGATCCAAA-1",1504,"Fibroblast"
"e16_s1_TCAGGTAAGCACGTCC-1",1706,"ENS"
"e16_s1_TCAGGTAAGGTAGCAC-1",1576,"Myofibroblast"
"e16_s1_TCAGGTAAGGTTCACT-1",2147,"Simple Epithelial"
"e16_s1_TCAGGTAAGTAGCCAG-1",1106,"ENS"
"e16_s1_TCAGGTACACTTCTCG-1",705,"ENS"
"e16_s1_TCAGGTACATGACGTT-1",3251,"ICC"
"e16_s1_TCAGGTATCGCATGAT-1",1914,"Smooth muscle"
"e16_s1_TCAGTCCCAATACAGA-1",3251,"Mesothelial"
"e16_s1_TCAGTCCCAGCAAGAC-1",640,"Pericyte"
"e16_s1_TCAGTCCCATAAGCAA-1",719,"Smooth muscle"
"e16_s1_TCAGTCCCATGGGAAC-1",1312,"Myofibroblast"
"e16_s1_TCAGTCCGTCACTAGT-1",833,"Mesothelial"
"e16_s1_TCAGTCCGTCTGTTAG-1",3139,"Fibroblast"
"e16_s1_TCAGTCCGTGCGTCGT-1",2294,"ENS"
"e16_s1_TCAGTCCGTTCGGGTC-1",2380,"Smooth muscle"
"e16_s1_TCAGTGAAGAACGCGT-1",1999,"Fibroblast"
"e16_s1_TCAGTGAAGTATCTGC-1",1113,"Endothelial"
"e16_s1_TCAGTGACAATCCTTT-1",2690,"Smooth muscle"
"e16_s1_TCAGTGACACATACGT-1",719,"Fibroblast"
"e16_s1_TCAGTGACATACAGCT-1",3277,"Fibroblast"
"e16_s1_TCAGTGATCGACCATA-1",2690,"Mesothelial"
"e16_s1_TCAGTTTAGCTCTTCC-1",3199,"ENS"
"e16_s1_TCAGTTTAGGCGACAT-1",3089,"ENS"
"e16_s1_TCAGTTTAGGGTAATT-1",1999,"Fibroblast"
"e16_s1_TCAGTTTAGTGGCGAT-1",3199,"ENS"
"e16_s1_TCAGTTTCACTTCAAG-1",668,"Fibroblast"
"e16_s1_TCAGTTTCAGTTACCA-1",3251,"Fibroblast"
"e16_s1_TCAGTTTCATGAGGGT-1",2690,"Smooth muscle"
"e16_s1_TCAGTTTCATTGACCA-1",786,"ICC"
"e16_s1_TCAGTTTGTAGGAGGG-1",3083,"Myofibroblast"
"e16_s1_TCAGTTTGTATTTCCT-1",59,"ENS"
"e16_s1_TCAGTTTGTGGAGAAA-1",3385,"Fibroblast"
"e16_s1_TCAGTTTTCTGTAAGC-1",920,"ENS"
"e16_s1_TCAGTTTTCTTGGAAC-1",2396,"Fibroblast"
"e16_s1_TCATACTAGGTTGTTC-1",1654,"Simple Epithelial"
"e16_s1_TCATACTCACATTCGA-1",2126,"ENS"
"e16_s1_TCATACTCATCACAGT-1",938,"Fibroblast"
"e16_s1_TCATACTGTGAGATAT-1",2396,"Fibroblast"
"e16_s1_TCATACTTCCGCGGAT-1",1003,"Foregut Basal"
"e16_s1_TCATACTTCTACGCAA-1",2937,"Immune"
"e16_s1_TCATATCAGAGGGTGG-1",1003,"Foregut Basal"
"e16_s1_TCATATCAGTGAGCCA-1",2928,"Fibroblast"
"e16_s1_TCATATCTCGGACTGC-1",3083,"Myofibroblast"
"e16_s1_TCATATCTCTACCCAC-1",3217,"Smooth muscle"
"e16_s1_TCATCATAGATCACTC-1",1693,"ENS"
"e16_s1_TCATCATAGGCTCTCG-1",1213,"Endothelial"
"e16_s1_TCATCATAGGGAGTTC-1",2387,"Pericyte"
"e16_s1_TCATCATAGTTAGTGA-1",2347,"Fibroblast"
"e16_s1_TCATCATCAAGTGCAG-1",2937,"Immune"
"e16_s1_TCATCATCACTGAATC-1",3329,"Fibroblast"
"e16_s1_TCATCATCAGAACGCA-1",2706,"Mesothelial"
"e16_s1_TCATCATCAGCCGTCA-1",612,"Myofibroblast"
"e16_s1_TCATCATCATCGTGCG-1",2709,"ENS"
"e16_s1_TCATCATGTATCGCGC-1",2517,"ENS"
"e16_s1_TCATCCGAGTAATACG-1",2269,"ENS"
"e16_s1_TCATCCGAGTGCGCTC-1",938,"Fibroblast"
"e16_s1_TCATCCGCACCTGTCT-1",917,"Myofibroblast"
"e16_s1_TCATCCGCACGCGTGT-1",1003,"Foregut Basal"
"e16_s1_TCATCCGCACTATCGA-1",2411,"ENS"
"e16_s1_TCATCCGCAGTGCGCT-1",3327,"Fibroblast"
"e16_s1_TCATCCGGTGTTACAC-1",2396,"Fibroblast"
"e16_s1_TCATCCGTCCACTTCG-1",2605,"Myofibroblast"
"e16_s1_TCATCCGTCTAGGAAA-1",1627,"Myofibroblast"
"e16_s1_TCATGAGAGATGGTAT-1",2203,"Endothelial"
"e16_s1_TCATGAGAGCCTCATA-1",938,"Fibroblast"
"e16_s1_TCATGAGCAAGAAACT-1",1213,"Endothelial"
"e16_s1_TCATGAGGTACGTTCA-1",1627,"Fibroblast"
"e16_s1_TCATGAGGTAGATCGG-1",1328,"Foregut Basal"
"e16_s1_TCATGAGGTATGACAA-1",1782,"Simple Epithelial"
"e16_s1_TCATGAGGTATGGGAC-1",2918,"Fibroblast"
"e16_s1_TCATGAGTCATCTACT-1",1213,"Endothelial"
"e16_s1_TCATGAGTCCTTGACC-1",1861,"Fibroblast"
"e16_s1_TCATGAGTCGAGAGCA-1",3207,"Fibroblast"
"e16_s1_TCATGCCAGAAGAGCA-1",1353,"Foregut Basal"
"e16_s1_TCATGCCAGAGTCAGC-1",1122,"ENS"
"e16_s1_TCATGCCAGTCCGCCA-1",938,"Smooth muscle"
"e16_s1_TCATGCCCAAACGTGG-1",3354,"ENS"
"e16_s1_TCATGCCCAGAGGGTT-1",1185,"ENS"
"e16_s1_TCATGCCGTCCGAAGA-1",1854,"ENS"
"e16_s1_TCATGCCTCTAGTACG-1",2217,"Myofibroblast"
"e16_s1_TCATGGAAGCATTTCG-1",3392,"Fibroblast"
"e16_s1_TCATGGAAGCTAAATG-1",3215,"Fibroblast"
"e16_s1_TCATGGAAGGTCGTGA-1",548,"ENS"
"e16_s1_TCATGGACATATTCGG-1",269,"Simple Epithelial"
"e16_s1_TCATGGACATCGTGGC-1",841,"Foregut Basal"
"e16_s1_TCATGGAGTGGACCAA-1",1200,"Fibroblast"
"e16_s1_TCATGGATCAACACCA-1",3215,"Fibroblast"
"e16_s1_TCATGGATCGTTAGTG-1",1973,"Fibroblast"
"e16_s1_TCATGGATCGTTGTGA-1",2363,"Foregut Basal"
"e16_s1_TCATGGATCTGCTGAA-1",626,"ENS"
"e16_s1_TCATGTTAGAACTTCC-1",1353,"Foregut Basal"
"e16_s1_TCATGTTAGAATCGTA-1",2380,"Smooth muscle"
"e16_s1_TCATGTTCAGACCGCT-1",1396,"Smooth muscle"
"e16_s1_TCATGTTCAGACGGAT-1",728,"Smooth muscle"
"e16_s1_TCATGTTCATCAGCTA-1",3251,"Myofibroblast"
"e16_s1_TCATGTTCATGATAGA-1",324,"ENS"
"e16_s1_TCATGTTCATTGCCGG-1",3346,"Endothelial"
"e16_s1_TCATTACGTAACATCC-1",1688,"ENS"
"e16_s1_TCATTACGTAACCCTA-1",255,"Myofibroblast"
"e16_s1_TCATTACGTAATCAAG-1",1942,"ENS"
"e16_s1_TCATTACGTGAGCCAA-1",920,"ENS"
"e16_s1_TCATTACTCCCATAGA-1",2918,"Smooth muscle"
"e16_s1_TCATTCAAGACGGTTG-1",786,"Mesothelial"
"e16_s1_TCATTCAAGGGCAACT-1",3083,"Myofibroblast"
"e16_s1_TCATTCACACCCTTGT-1",2659,"Myofibroblast"
"e16_s1_TCATTCACAGCACAAG-1",794,"Fibroblast"
"e16_s1_TCATTCACAGCGCTTG-1",1973,"Fibroblast"
"e16_s1_TCATTCAGTCACGCTG-1",1025,"Endothelial"
"e16_s1_TCATTCAGTCGTCGGT-1",2994,"ENS"
"e16_s1_TCATTCAGTTAAGTCC-1",2978,"Smooth muscle"
"e16_s1_TCATTCATCATGGATC-1",1973,"ICC"
"e16_s1_TCATTCATCGTCCTCA-1",719,"Fibroblast"
"e16_s1_TCATTGTAGCACTGGA-1",1997,"Smooth muscle"
"e16_s1_TCATTGTAGGACGCTA-1",833,"Fibroblast"
"e16_s1_TCATTGTAGGTCGTCC-1",2089,"ENS"
"e16_s1_TCATTGTCAATGCTCA-1",2690,"Fibroblast"
"e16_s1_TCATTGTCAGAGACTG-1",2147,"ENS"
"e16_s1_TCATTGTCAGTTCTAG-1",2928,"Endothelial"
"e16_s1_TCATTGTGTAGGGTAC-1",3089,"ENS"
"e16_s1_TCATTTGAGCTGTGCC-1",1327,"Foregut Basal"
"e16_s1_TCATTTGAGGACAAGA-1",1259,"ENS"
"e16_s1_TCATTTGAGGCTAACG-1",2928,"Fibroblast"
"e16_s1_TCATTTGCAAACCATC-1",1353,"Foregut Basal"
"e16_s1_TCATTTGCACGGTAGA-1",2089,"ENS"
"e16_s1_TCATTTGGTAGACACG-1",2659,"Fibroblast"
"e16_s1_TCATTTGTCAAAGCCT-1",2826,"Smooth muscle"
"e16_s1_TCATTTGTCCGATGCG-1",719,"Myofibroblast"
"e16_s1_TCCACCAAGGGAGGGT-1",833,"Mesothelial"
"e16_s1_TCCACCAAGGGTAATT-1",1973,"Fibroblast"
"e16_s1_TCCACCAAGGTACAAT-1",2362,"Endothelial"
"e16_s1_TCCACCACACTCCGAG-1",2936,"Fibroblast"
"e16_s1_TCCACCACAGTTAGGG-1",1091,"Fibroblast"
"e16_s1_TCCACCAGTGTGAGCA-1",1861,"Fibroblast"
"e16_s1_TCCACCATCAGCTCTC-1",58,"Myofibroblast"
"e16_s1_TCCACCATCGGCTGGT-1",719,"Fibroblast"
"e16_s1_TCCACCATCTTTGCTA-1",2696,"ENS"
"e16_s1_TCCACGTCAAATGAAC-1",2463,"Fibroblast"
"e16_s1_TCCACGTCAAGTTCCA-1",2463,"Fibroblast"
"e16_s1_TCCACGTCACGATTCA-1",1568,"ENS"
"e16_s1_TCCACGTGTAAGGAGA-1",1549,"Fibroblast"
"e16_s1_TCCACGTGTACGGATG-1",2994,"ENS"
"e16_s1_TCCACGTGTTACGTAC-1",2307,"Fibroblast"
"e16_s1_TCCAGAAAGCACTTTG-1",2363,"Foregut Basal"
"e16_s1_TCCAGAAAGCCGATCC-1",2036,"Foregut Basal"
"e16_s1_TCCAGAAAGTCATCCA-1",1158,"Fibroblast"
"e16_s1_TCCAGAAAGTTGCTCA-1",2040,"Fibroblast"
"e16_s1_TCCAGAAGTTGCGTAT-1",1692,"Foregut Basal"
"e16_s1_TCCAGAATCTCGGTAA-1",1268,"ENS"
"e16_s1_TCCAGAATCTGTTGGA-1",719,"Myofibroblast"
"e16_s1_TCCATCGAGAGTGAAG-1",3369,"Fibroblast"
"e16_s1_TCCATCGAGATTAGTG-1",2319,"ENS"
"e16_s1_TCCATCGCAAGAATAC-1",2992,"ENS"
"e16_s1_TCCATCGGTACCTAAC-1",2317,"Fibroblast"
"e16_s1_TCCATCGGTCATAAAG-1",2559,"Immune"
"e16_s1_TCCATCGGTCGACTGC-1",794,"Pericyte"
"e16_s1_TCCATCGGTCGTCAGC-1",1242,"Endothelial"
"e16_s1_TCCATCGGTGGCACTC-1",2147,"ENS"
"e16_s1_TCCATCGGTTGCTTGA-1",491,"Fibroblast"
"e16_s1_TCCATGCAGAAGGCTC-1",760,"ENS"
"e16_s1_TCCATGCAGATACTGA-1",1779,"Fibroblast"
"e16_s1_TCCATGCAGATCGACG-1",1035,"Fibroblast"
"e16_s1_TCCATGCAGATTCGAA-1",2937,"Immune"
"e16_s1_TCCATGCAGCCAAGTG-1",1427,"Fibroblast"
"e16_s1_TCCATGCAGCGTGAAC-1",3250,"Fibroblast"
"e16_s1_TCCATGCAGGGCAAGG-1",3409,"Simple Epithelial"
"e16_s1_TCCATGCGTCGGAAAC-1",2742,"Immune"
"e16_s1_TCCATGCGTGACAGCA-1",1593,"Smooth muscle"
"e16_s1_TCCATGCGTGAGGCAT-1",1973,"Simple Epithelial"
"e16_s1_TCCATGCTCTGAATCG-1",1861,"Fibroblast"
"e16_s1_TCCCACAAGCAGATAT-1",2788,"Fibroblast"
"e16_s1_TCCCACAAGGCTTCCG-1",1773,"ENS"
"e16_s1_TCCCACAAGGTCCCTG-1",3140,"Smooth muscle"
"e16_s1_TCCCACAAGTGAGCCA-1",1158,"Fibroblast"
"e16_s1_TCCCACACAAATCAAG-1",3315,"Fibroblast"
"e16_s1_TCCCACACATAACAGA-1",656,"Fibroblast"
"e16_s1_TCCCACAGTCCGTTTC-1",53,"Smooth muscle"
"e16_s1_TCCCACAGTCTAGGTT-1",1411,"Smooth muscle"
"e16_s1_TCCCACATCCGTTGGG-1",1624,"Fibroblast"
"e16_s1_TCCCAGTAGACTGGGT-1",2669,"Fibroblast"
"e16_s1_TCCCAGTAGCCGATAG-1",1327,"Foregut Basal"
"e16_s1_TCCCAGTCAACTCCAA-1",1973,"Myofibroblast"
"e16_s1_TCCCAGTCACTGGAAG-1",2307,"Fibroblast"
"e16_s1_TCCCAGTGTATTGACC-1",1312,"Fibroblast"
"e16_s1_TCCCAGTGTTCACCGG-1",2911,"Fibroblast"
"e16_s1_TCCCAGTTCCAATCTT-1",938,"ICC"
"e16_s1_TCCCAGTTCGCAACAT-1",1973,"Fibroblast"
"e16_s1_TCCCATGAGCACGGAT-1",3207,"Fibroblast"
"e16_s1_TCCCATGAGTGAACAT-1",2994,"ENS"
"e16_s1_TCCCATGCACCGTGAC-1",1914,"Fibroblast"
"e16_s1_TCCCATGCATCCGGTG-1",1353,"Foregut Basal"
"e16_s1_TCCCATGGTGCCCGTA-1",1877,"Smooth muscle"
"e16_s1_TCCCATGGTTATCTTC-1",719,"Fibroblast"
"e16_s1_TCCCATGGTTCTCGTC-1",886,"ENS"
"e16_s1_TCCCATGTCTCGCTTG-1",3043,"Myofibroblast"
"e16_s1_TCCCATGTCTTGATTC-1",1973,"ENS"
"e16_s1_TCCGAAACAACACGTT-1",2089,"ENS"
"e16_s1_TCCGAAACAATTGCCA-1",1003,"Foregut Basal"
"e16_s1_TCCGAAACACAAACGG-1",3251,"Myofibroblast"
"e16_s1_TCCGAAACACTGCGAC-1",1654,"Simple Epithelial"
"e16_s1_TCCGAAACAGGACAGT-1",2787,"Fibroblast"
"e16_s1_TCCGAAAGTGTGTGGA-1",2040,"Smooth muscle"
"e16_s1_TCCGAAATCCACGGAC-1",2132,"ENS"
"e16_s1_TCCGAAATCGTAACAC-1",2306,"Fibroblast"
"e16_s1_TCCGATCAGAGTAACT-1",1706,"ENS"
"e16_s1_TCCGATCAGATCGCCC-1",1408,"Smooth muscle"
"e16_s1_TCCGATCAGGCCATAG-1",920,"ENS"
"e16_s1_TCCGATCAGTACTCGT-1",2709,"ENS"
"e16_s1_TCCGATCCAACCGTAT-1",3385,"Fibroblast"
"e16_s1_TCCGATCGTATACCCA-1",1973,"Pericyte"
"e16_s1_TCCGATCGTTAGGGTG-1",2764,"Foregut Basal"
"e16_s1_TCCGATCGTTCCGCTT-1",3162,"Myofibroblast"
"e16_s1_TCCGATCTCGGAATTC-1",2118,"Myofibroblast"
"e16_s1_TCCGATCTCTTTACAC-1",2764,"Foregut Basal"
"e16_s1_TCCGGGAAGAGAGCCT-1",1242,"Endothelial"
"e16_s1_TCCGGGAAGCTACAAA-1",3312,"Fibroblast"
"e16_s1_TCCGGGAAGGCTATCT-1",656,"Fibroblast"
"e16_s1_TCCGGGACAATGAACA-1",1973,"Fibroblast"
"e16_s1_TCCGGGACACGGTCTG-1",1973,"Fibroblast"
"e16_s1_TCCGGGACAGCTCATA-1",1353,"Foregut Basal"
"e16_s1_TCCGGGACAGTGAGCA-1",1144,"ICC"
"e16_s1_TCCGGGACATATGCGT-1",2696,"ENS"
"e16_s1_TCCGGGACATGACAAA-1",2294,"ENS"
"e16_s1_TCCGGGACATTGCAAC-1",1060,"Fibroblast"
"e16_s1_TCCGGGAGTATGCAAA-1",3251,"Mesothelial"
"e16_s1_TCCGGGAGTCTTTATC-1",952,"Endothelial"
"e16_s1_TCCGGGATCCGATAGT-1",2928,"Fibroblast"
"e16_s1_TCCGGGATCTCGGTAA-1",2709,"ENS"
"e16_s1_TCCGGGATCTTGGTGA-1",1213,"Endothelial"
"e16_s1_TCCGTGTCAATCGCGC-1",1973,"Smooth muscle"
"e16_s1_TCCGTGTCACAGTCGC-1",3207,"Smooth muscle"
"e16_s1_TCCGTGTCAGGCACTC-1",2126,"ENS"
"e16_s1_TCCGTGTGTCAATCTG-1",598,"Fibroblast"
"e16_s1_TCCGTGTGTTGCTCGG-1",75,"Myofibroblast"
"e16_s1_TCCGTGTTCACCGACG-1",1202,"Fibroblast"
"e16_s1_TCCGTGTTCATGCCCT-1",2893,"Fibroblast"
"e16_s1_TCCGTGTTCCAATGCA-1",815,"Mesothelial"
"e16_s1_TCCTAATAGGCTCTCG-1",2469,"ENS"
"e16_s1_TCCTAATAGGGTCACA-1",2307,"Fibroblast"
"e16_s1_TCCTAATCACGGCCAT-1",1638,"Smooth muscle"
"e16_s1_TCCTAATCATCGATCA-1",1504,"Fibroblast"
"e16_s1_TCCTAATCATGGGTTT-1",2075,"Mesothelial"
"e16_s1_TCCTAATGTAGTTAGA-1",1593,"Myofibroblast"
"e16_s1_TCCTAATGTCCTTTGC-1",3190,"Fibroblast"
"e16_s1_TCCTAATGTGCTCTCT-1",2231,"ENS"
"e16_s1_TCCTAATGTGGTCCGT-1",598,"Fibroblast"
"e16_s1_TCCTAATTCACAAGGG-1",815,"Fibroblast"
"e16_s1_TCCTAATTCACCTCAC-1",2891,"Fibroblast"
"e16_s1_TCCTAATTCCTGTACC-1",1461,"ENS"
"e16_s1_TCCTAATTCGATGGAG-1",1973,"Fibroblast"
"e16_s1_TCCTAATTCGGATAAA-1",1627,"Fibroblast"
"e16_s1_TCCTAATTCTGCCTGT-1",310,"Smooth muscle"
"e16_s1_TCCTCCCAGAAACACT-1",2645,"ENS"
"e16_s1_TCCTCCCAGCCAGACA-1",2225,"Fibroblast"
"e16_s1_TCCTCCCAGTATCTGC-1",3227,"Fibroblast"
"e16_s1_TCCTCCCAGTTGGACG-1",1576,"Myofibroblast"
"e16_s1_TCCTCCCCACTCCTGT-1",1990,"Mesothelial"
"e16_s1_TCCTCCCGTAGATCGG-1",3251,"Fibroblast"
"e16_s1_TCCTCCCTCACATACG-1",1999,"Fibroblast"
"e16_s1_TCCTCCCTCCTGGGTG-1",1861,"Fibroblast"
"e16_s1_TCCTCCCTCTCGCCTA-1",1367,"Fibroblast"
"e16_s1_TCCTCGACAAATGGTA-1",1079,"Fibroblast"
"e16_s1_TCCTCGACATAGGAGC-1",3075,"ENS"
"e16_s1_TCCTCGAGTACGGATG-1",2994,"ENS"
"e16_s1_TCCTCGAGTGTGAGCA-1",692,"Smooth muscle"
"e16_s1_TCCTCGATCCCAAGTA-1",2659,"Fibroblast"
"e16_s1_TCCTCGATCCCATTTA-1",2463,"Fibroblast"
"e16_s1_TCCTCGATCTTTGGAG-1",3089,"ENS"
"e16_s1_TCCTCTTAGCAAACAT-1",1999,"Myofibroblast"
"e16_s1_TCCTCTTAGGTTCTAC-1",3067,"ENS"
"e16_s1_TCCTCTTCAATAGAGT-1",2891,"Fibroblast"
"e16_s1_TCCTCTTCAATTAGGA-1",1654,"Simple Epithelial"
"e16_s1_TCCTCTTGTACCCGAC-1",2483,"Fibroblast"
"e16_s1_TCCTCTTGTTTGGAGG-1",749,"ENS"
"e16_s1_TCCTCTTTCACAGAGG-1",857,"Fibroblast"
"e16_s1_TCCTCTTTCTTTGATC-1",2250,"ENS"
"e16_s1_TCCTGCAAGAATGTTG-1",1914,"ICC"
"e16_s1_TCCTGCAAGGGATGTC-1",2443,"Smooth muscle"
"e16_s1_TCCTGCAAGGGTATAT-1",3083,"Smooth muscle"
"e16_s1_TCCTGCACAAAGGAGA-1",938,"Fibroblast"
"e16_s1_TCCTGCAGTAGAAACT-1",2659,"Smooth muscle"
"e16_s1_TCCTGCAGTGCATTAC-1",2928,"Fibroblast"
"e16_s1_TCCTGCATCAACCCGG-1",829,"Fibroblast"
"e16_s1_TCCTGCATCCGATAAC-1",3251,"Mesothelial"
"e16_s1_TCCTGCATCTGAGAGG-1",1914,"Fibroblast"
"e16_s1_TCCTTCTCAAGTGGAC-1",2075,"Myofibroblast"
"e16_s1_TCCTTCTGTATCCTCC-1",3340,"Myofibroblast"
"e16_s1_TCCTTCTGTCCGGTCA-1",3215,"Myofibroblast"
"e16_s1_TCCTTTCCATACAGAA-1",2126,"ENS"
"e16_s1_TCCTTTCCATCGGTTA-1",1144,"Fibroblast"
"e16_s1_TCCTTTCGTACTTGTG-1",3083,"Myofibroblast"
"e16_s1_TCCTTTCGTCGGATTT-1",1627,"Fibroblast"
"e16_s1_TCCTTTCGTGATTCAC-1",1312,"Fibroblast"
"e16_s1_TCCTTTCGTTGCATGT-1",2690,"Fibroblast"
"e16_s1_TCGAACAAGCAGAAAG-1",2659,"Smooth muscle"
"e16_s1_TCGAACAAGGCTCAAG-1",788,"Endothelial"
"e16_s1_TCGAACAAGGGCCAAT-1",1999,"Fibroblast"
"e16_s1_TCGAACACAGCTGTCG-1",1861,"Fibroblast"
"e16_s1_TCGAACACATACAGGG-1",1576,"Fibroblast"
"e16_s1_TCGAACACATGGGTTT-1",1329,"Foregut Basal"
"e16_s1_TCGAACAGTGGGTTGA-1",886,"ENS"
"e16_s1_TCGAACATCAATCCGA-1",2893,"Fibroblast"
"e16_s1_TCGAACATCGCCACTT-1",1003,"Foregut Basal"
"e16_s1_TCGAAGTAGGCTGTAG-1",886,"ENS"
"e16_s1_TCGAAGTCAACTCCCT-1",1158,"Fibroblast"
"e16_s1_TCGAAGTGTCCTGTCT-1",597,"Fibroblast"
"e16_s1_TCGAAGTTCCGGTTCT-1",2269,"ENS"
"e16_s1_TCGAAGTTCTCCCTAG-1",3059,"ENS"
"e16_s1_TCGACCTAGCACTAAA-1",2040,"Fibroblast"
"e16_s1_TCGACCTAGCTGCGAA-1",938,"Fibroblast"
"e16_s1_TCGACCTAGGAATTAC-1",1581,"Smooth muscle"
"e16_s1_TCGACCTAGGACATCG-1",167,"ENS"
"e16_s1_TCGACCTAGTGATAGT-1",2605,"Fibroblast"
"e16_s1_TCGACCTCAACCACAT-1",2048,"Smooth muscle"
"e16_s1_TCGACCTCACACCTAA-1",916,"Fibroblast"
"e16_s1_TCGACCTGTGCCTGAC-1",402,"Fibroblast"
"e16_s1_TCGACCTGTGTCTCCT-1",1144,"Pericyte"
"e16_s1_TCGACCTTCTAACACG-1",2928,"Myofibroblast"
"e16_s1_TCGACCTTCTATTGTC-1",938,"Smooth muscle"
"e16_s1_TCGACCTTCTATTTCG-1",3021,"Pericyte"
"e16_s1_TCGACCTTCTTCTGGC-1",2659,"Smooth muscle"
"e16_s1_TCGACGGAGGATAATC-1",2928,"Fibroblast"
"e16_s1_TCGACGGCAATCGAAA-1",1861,"Fibroblast"
"e16_s1_TCGACGGCACAGTCAT-1",841,"Foregut Basal"
"e16_s1_TCGACGGCACTGGACC-1",2231,"ENS"
"e16_s1_TCGACGGTCAAACTGC-1",2659,"Fibroblast"
"e16_s1_TCGACGGTCGGTCAGC-1",2659,"Fibroblast"
"e16_s1_TCGACGGTCTTGGTCC-1",1057,"ENS"
"e16_s1_TCGATTTCAAGCGCAA-1",3354,"ENS"
"e16_s1_TCGATTTCATCTCATT-1",2307,"Fibroblast"
"e16_s1_TCGATTTTCCGGTAGC-1",2126,"ENS"
"e16_s1_TCGATTTTCTTCCAGC-1",2203,"Endothelial"
"e16_s1_TCGCACTAGCCGCACT-1",2994,"ENS"
"e16_s1_TCGCACTCACCAAAGG-1",920,"ENS"
"e16_s1_TCGCACTCACCCTAAA-1",916,"Fibroblast"
"e16_s1_TCGCACTGTACATTGC-1",2764,"Foregut Basal"
"e16_s1_TCGCACTTCAGCGCAC-1",815,"Fibroblast"
"e16_s1_TCGCAGGAGCTCGCAC-1",3354,"ENS"
"e16_s1_TCGCAGGAGTAATTGG-1",794,"Myofibroblast"
"e16_s1_TCGCAGGCAGGTGTTT-1",719,"Fibroblast"
"e16_s1_TCGCAGGCATCATCTT-1",920,"ENS"
"e16_s1_TCGCAGGGTCGCGTCA-1",3060,"ENS"
"e16_s1_TCGCAGGGTCTAGGCC-1",2145,"Fibroblast"
"e16_s1_TCGCAGGGTCTTGAAC-1",786,"Smooth muscle"
"e16_s1_TCGCAGGGTTGTCTAG-1",2231,"ENS"
"e16_s1_TCGCAGGTCAACTTTC-1",2043,"Fibroblast"
"e16_s1_TCGCAGGTCATAAGGA-1",598,"Fibroblast"
"e16_s1_TCGCAGGTCTGTTCAT-1",1576,"Fibroblast"
"e16_s1_TCGCTCAAGAGTGTGC-1",2307,"Fibroblast"
"e16_s1_TCGCTCAAGCCTTGAT-1",1079,"Fibroblast"
"e16_s1_TCGCTCACAGGTTACT-1",2040,"Fibroblast"
"e16_s1_TCGCTCAGTCTGCATA-1",794,"Fibroblast"
"e16_s1_TCGCTCAGTTAATGAG-1",2777,"Fibroblast"
"e16_s1_TCGCTCATCATGACAC-1",2978,"Smooth muscle"
"e16_s1_TCGCTCATCGCGTAGC-1",3247,"Smooth muscle"
"e16_s1_TCGCTCATCTCAAAGC-1",2517,"ENS"
"e16_s1_TCGCTTGAGCGGATCA-1",2225,"Fibroblast"
"e16_s1_TCGCTTGAGGTGCCAA-1",1061,"Fibroblast"
"e16_s1_TCGCTTGAGTATGTAG-1",1973,"Smooth muscle"
"e16_s1_TCGCTTGCACAAAGTA-1",3207,"Fibroblast"
"e16_s1_TCGCTTGCACGCGGTT-1",2217,"Myofibroblast"
"e16_s1_TCGGATAAGGCTCTCG-1",3313,"Fibroblast"
"e16_s1_TCGGATAAGGTGGCTA-1",3127,"Smooth muscle"
"e16_s1_TCGGATACACGCAGTC-1",794,"Myofibroblast"
"e16_s1_TCGGATACAGACCATT-1",1654,"Simple Epithelial"
"e16_s1_TCGGATACATGACTAC-1",2217,"Fibroblast"
"e16_s1_TCGGATACATGACTGT-1",1914,"Mesothelial"
"e16_s1_TCGGATAGTCTGTGGC-1",2380,"Fibroblast"
"e16_s1_TCGGATAGTGACCGTC-1",2307,"Fibroblast"
"e16_s1_TCGGGACAGACGGAAA-1",1113,"Endothelial"
"e16_s1_TCGGGACAGCAAGTGC-1",1312,"Fibroblast"
"e16_s1_TCGGGACAGGACATCG-1",2659,"Fibroblast"
"e16_s1_TCGGGACAGGGTTAAT-1",1506,"Fibroblast"
"e16_s1_TCGGGACCATAGATCC-1",2937,"Simple Epithelial"
"e16_s1_TCGGGACGTATGAAAC-1",894,"ENS"
"e16_s1_TCGGGACGTTACCCTC-1",2396,"Fibroblast"
"e16_s1_TCGGGACGTTAGAAAC-1",2064,"Fibroblast"
"e16_s1_TCGGGACTCACACCCT-1",676,"Fibroblast"
"e16_s1_TCGGGACTCACGTCCT-1",886,"ENS"
"e16_s1_TCGGGACTCGCATTAG-1",1617,"Endothelial"
"e16_s1_TCGGGCAAGCTTCATG-1",3207,"Fibroblast"
"e16_s1_TCGGGCACAAGAGTGC-1",864,"ENS"
"e16_s1_TCGGGCACACTAGGTT-1",1914,"Smooth muscle"
"e16_s1_TCGGGCAGTAAGATCA-1",2645,"ENS"
"e16_s1_TCGGGCAGTTTGTTCT-1",1063,"ENS"
"e16_s1_TCGGGTGAGGGCATGT-1",3031,"ENS"
"e16_s1_TCGGGTGCACTAAACC-1",2891,"Fibroblast"
"e16_s1_TCGGGTGGTAGGAGTC-1",598,"Fibroblast"
"e16_s1_TCGGGTGGTCTAGGCC-1",3251,"Fibroblast"
"e16_s1_TCGGGTGTCAACGAGG-1",1003,"Foregut Basal"
"e16_s1_TCGGGTGTCAAGCGTT-1",1230,"ENS"
"e16_s1_TCGGGTGTCATCGGGC-1",2290,"ENS"
"e16_s1_TCGGGTGTCCCTCAAC-1",676,"Fibroblast"
"e16_s1_TCGGGTGTCTGGCCAG-1",3327,"Fibroblast"
"e16_s1_TCGGTCTAGAAGAACG-1",1296,"Fibroblast"
"e16_s1_TCGGTCTAGCAATAAC-1",1003,"Foregut Basal"
"e16_s1_TCGGTCTAGTGAGCCA-1",1973,"Fibroblast"
"e16_s1_TCGGTCTCATCAGCTA-1",3340,"Smooth muscle"
"e16_s1_TCGGTCTGTAGAATGT-1",598,"Fibroblast"
"e16_s1_TCGGTCTGTGCACAAG-1",1768,"Immune"
"e16_s1_TCGGTCTGTTTCACAG-1",2928,"Fibroblast"
"e16_s1_TCGGTCTTCAGAACCT-1",1991,"Smooth muscle"
"e16_s1_TCGGTCTTCTCTCTAA-1",1179,"ICC"
"e16_s1_TCGGTCTTCTGCGAGC-1",1144,"Fibroblast"
"e16_s1_TCGTAGAAGACTACGG-1",1504,"Fibroblast"
"e16_s1_TCGTAGAAGATGCCGA-1",1074,"ENS"
"e16_s1_TCGTAGAAGTGTTGTC-1",2040,"Myofibroblast"
"e16_s1_TCGTAGACACGTAGTT-1",1860,"Fibroblast"
"e16_s1_TCGTAGACATTGACTG-1",805,"Fibroblast"
"e16_s1_TCGTAGAGTAGACTGG-1",1034,"Simple Epithelial"
"e16_s1_TCGTAGAGTGTAGGAC-1",132,"Pericyte"
"e16_s1_TCGTAGAGTTAACAGA-1",2659,"Fibroblast"
"e16_s1_TCGTAGAGTTCCAGGC-1",491,"Fibroblast"
"e16_s1_TCGTAGATCGTTATCT-1",676,"Fibroblast"
"e16_s1_TCGTCCAAGCGTCAGA-1",1638,"Fibroblast"
"e16_s1_TCGTCCAAGGGTTGCA-1",2868,"ENS"
"e16_s1_TCGTCCAAGGTGATAT-1",2777,"Myofibroblast"
"e16_s1_TCGTCCACAGGCGTTC-1",1213,"Endothelial"
"e16_s1_TCGTCCAGTCTAACGT-1",3393,"Mesothelial"
"e16_s1_TCGTCCATCACTCTTA-1",1914,"Fibroblast"
"e16_s1_TCGTCCATCCCGTTCA-1",2605,"Smooth muscle"
"e16_s1_TCGTCCATCCTTCAGC-1",2994,"Fibroblast"
"e16_s1_TCGTCCATCTATGCCC-1",815,"Smooth muscle"
"e16_s1_TCGTGCTGTGCTGCAC-1",2764,"Foregut Basal"
"e16_s1_TCGTGCTGTTCGGCGT-1",915,"ICC"
"e16_s1_TCGTGCTTCAGCTAGT-1",952,"Endothelial"
"e16_s1_TCGTGGGAGAAGCCAC-1",2659,"Fibroblast"
"e16_s1_TCGTGGGCAACCAACT-1",2517,"ENS"
"e16_s1_TCGTGGGCAAGTTTGC-1",920,"ENS"
"e16_s1_TCGTGGGGTCCAAAGG-1",3215,"Pericyte"
"e16_s1_TCGTGGGGTCGCTTGG-1",1667,"Fibroblast"
"e16_s1_TCGTGGGTCATTGCTT-1",2519,"ENS"
"e16_s1_TCTAACTCAATCGCGC-1",1973,"Fibroblast"
"e16_s1_TCTAACTCACAGTATC-1",3207,"Fibroblast"
"e16_s1_TCTAACTGTCACAATC-1",2347,"Fibroblast"
"e16_s1_TCTAACTTCCCAATAG-1",2147,"ENS"
"e16_s1_TCTACATAGAACGCGT-1",92,"Fibroblast"
"e16_s1_TCTACATAGCGGACAT-1",2953,"ENS"
"e16_s1_TCTACATCACTCCTTG-1",1242,"Endothelial"
"e16_s1_TCTACATGTAAGTAGT-1",786,"Myofibroblast"
"e16_s1_TCTACATTCTCGTTTA-1",1549,"Fibroblast"
"e16_s1_TCTACCGAGCCGAACA-1",1848,"Fibroblast"
"e16_s1_TCTACCGCAAGGCAAC-1",719,"Smooth muscle"
"e16_s1_TCTACCGCACGCGTGT-1",2316,"Smooth muscle"
"e16_s1_TCTACCGCACGGTGAA-1",2843,"Fibroblast"
"e16_s1_TCTACCGTCACCTGGG-1",1548,"Endothelial"
"e16_s1_TCTACCGTCCTCTGCA-1",2777,"Myofibroblast"
"e16_s1_TCTACCGTCGCTCTCA-1",1999,"Myofibroblast"
"e16_s1_TCTACCGTCGTGCGAC-1",1035,"Fibroblast"
"e16_s1_TCTACCGTCTAGACAC-1",305,"Fibroblast"
"e16_s1_TCTACCGTCTCACCCA-1",2469,"ENS"
"e16_s1_TCTATACAGGGAGGGT-1",1973,"Fibroblast"
"e16_s1_TCTATACCAAGATGTA-1",2396,"Fibroblast"
"e16_s1_TCTATACCACCCAACG-1",2396,"Myofibroblast"
"e16_s1_TCTATACCACCCTGAG-1",2659,"Fibroblast"
"e16_s1_TCTATACGTAATACCC-1",1327,"Foregut Basal"
"e16_s1_TCTATACTCCTATTTG-1",465,"Fibroblast"
"e16_s1_TCTATACTCTCATTAC-1",2911,"Fibroblast"
"e16_s1_TCTATCAAGCCGTCGT-1",1861,"Fibroblast"
"e16_s1_TCTATCAGTCCCTCAT-1",1861,"Fibroblast"
"e16_s1_TCTATCAGTGTGTCGC-1",2408,"ENS"
"e16_s1_TCTATCAGTTGTTTGG-1",3385,"Pericyte"
"e16_s1_TCTATCATCCCAAGCG-1",2209,"Immune"
"e16_s1_TCTATCATCGCAACAT-1",2777,"Fibroblast"
"e16_s1_TCTATCATCGTCTAAG-1",2147,"ENS"
"e16_s1_TCTCACGAGCGCTTCG-1",886,"ENS"
"e16_s1_TCTCACGAGCTAGATA-1",2203,"Endothelial"
"e16_s1_TCTCACGAGGAAGTAG-1",1973,"Myofibroblast"
"e16_s1_TCTCACGAGGTTCAGG-1",2203,"Endothelial"
"e16_s1_TCTCACGAGTGAACAT-1",200,"Smooth muscle"
"e16_s1_TCTCACGGTATTGGCT-1",2709,"ENS"
"e16_s1_TCTCACGGTCTGCGCA-1",2659,"Fibroblast"
"e16_s1_TCTCACGGTGAGATAT-1",2721,"Endothelial"
"e16_s1_TCTCACGGTGCGCTCA-1",2483,"Smooth muscle"
"e16_s1_TCTCACGGTTAGCTAC-1",833,"Smooth muscle"
"e16_s1_TCTCACGTCCATAAGC-1",3261,"Myofibroblast"
"e16_s1_TCTCAGCGTAGCTGTT-1",2040,"Fibroblast"
"e16_s1_TCTCAGCGTCGTTGCG-1",2709,"ENS"
"e16_s1_TCTCAGCTCCTCAGAA-1",3248,"Fibroblast"
"e16_s1_TCTCAGCTCTTAGCTT-1",1548,"Endothelial"
"e16_s1_TCTCCGAAGACAAGCC-1",598,"Fibroblast"
"e16_s1_TCTCCGACAGCGGATA-1",2147,"ENS"
"e16_s1_TCTCCGAGTACCACGC-1",1555,"Endothelial"
"e16_s1_TCTCCGATCCTCACCA-1",2606,"Fibroblast"
"e16_s1_TCTCTGGAGAGCTGCA-1",154,"ICC"
"e16_s1_TCTCTGGAGGTAGTAT-1",724,"Fibroblast"
"e16_s1_TCTCTGGCAAACCACT-1",1424,"Fibroblast"
"e16_s1_TCTCTGGCACGACAGA-1",2659,"Smooth muscle"
"e16_s1_TCTCTGGCATCCGTTC-1",2483,"Fibroblast"
"e16_s1_TCTCTGGTCACCTCTG-1",2790,"Fibroblast"
"e16_s1_TCTCTGGTCCGTGTGG-1",2380,"Fibroblast"
"e16_s1_TCTCTGGTCGAGAGCA-1",886,"ENS"
"e16_s1_TCTCTGGTCTCGCCTA-1",1144,"Pericyte"
"e16_s1_TCTGCCAGTAGCGATG-1",1973,"Myofibroblast"
"e16_s1_TCTGCCAGTATTTCGG-1",1027,"Endothelial"
"e16_s1_TCTGCCAGTCTAGATC-1",3089,"ENS"
"e16_s1_TCTGCCAGTTTAAGGA-1",1616,"Endothelial"
"e16_s1_TCTGCCATCACATCAG-1",1091,"Fibroblast"
"e16_s1_TCTGCCATCCATCCGT-1",2443,"Smooth muscle"
"e16_s1_TCTGCCATCGGACAAG-1",1999,"Fibroblast"
"e16_s1_TCTGCCATCTACCAGA-1",1024,"Endothelial"
"e16_s1_TCTGGCTAGCGTCTCG-1",1973,"Fibroblast"
"e16_s1_TCTGGCTCACGTATAC-1",1576,"Smooth muscle"
"e16_s1_TCTGGCTCAGACGCTC-1",938,"Smooth muscle"
"e16_s1_TCTGGCTCAGTAGATA-1",1353,"Foregut Basal"
"e16_s1_TCTGGCTGTAGCTTAC-1",938,"Fibroblast"
"e16_s1_TCTGGCTGTGGTCAAG-1",2040,"Fibroblast"
"e16_s1_TCTGGCTTCCTTGGAA-1",598,"Fibroblast"
"e16_s1_TCTGTCGAGAGGTTAT-1",731,"ICC"
"e16_s1_TCTGTCGAGCAACCAG-1",3340,"ICC"
"e16_s1_TCTGTCGAGCAGCCCT-1",1408,"Pericyte"
"e16_s1_TCTGTCGAGGATACCG-1",1973,"Fibroblast"
"e16_s1_TCTGTCGAGGTTACAA-1",1860,"Fibroblast"
"e16_s1_TCTGTCGCACCCGTAG-1",1312,"Myofibroblast"
"e16_s1_TCTGTCGCATGACTGT-1",3089,"ENS"
"e16_s1_TCTGTCGGTCAACATC-1",646,"Pericyte"
"e16_s1_TCTGTCGGTTAGGGTG-1",1353,"Foregut Basal"
"e16_s1_TCTGTCGGTTGGGTTT-1",2777,"Fibroblast"
"e16_s1_TCTGTCGTCATGCCAA-1",1999,"Fibroblast"
"e16_s1_TCTGTCGTCCTGTTGC-1",2659,"Fibroblast"
"e16_s1_TCTGTCGTCGCGAAGA-1",1973,"Myofibroblast"
"e16_s1_TCTTAGTAGCCTGAGA-1",2696,"ENS"
"e16_s1_TCTTAGTAGCCTGTCG-1",920,"ENS"
"e16_s1_TCTTAGTAGTTGTCGT-1",805,"Fibroblast"
"e16_s1_TCTTAGTGTCCAAGAG-1",1312,"Fibroblast"
"e16_s1_TCTTAGTGTCTGTAAC-1",858,"ENS"
"e16_s1_TCTTAGTGTTAGAAAC-1",2953,"ENS"
"e16_s1_TCTTAGTTCCAGGACC-1",804,"Mesothelial"
"e16_s1_TCTTCCTAGCGATTCT-1",670,"Immune"
"e16_s1_TCTTCCTCAGAGAGGG-1",509,"ENS"
"e16_s1_TCTTCCTGTAAGGTCG-1",1999,"Smooth muscle"
"e16_s1_TCTTCCTGTGAGACGT-1",3346,"Endothelial"
"e16_s1_TCTTCCTTCGCTAATG-1",1973,"Immune"
"e16_s1_TCTTGCGCACCTCGTT-1",3394,"Myofibroblast"
"e16_s1_TCTTGCGCATGGTACT-1",2517,"ENS"
"e16_s1_TCTTGCGGTCTTTCAT-1",897,"Smooth muscle"
"e16_s1_TCTTTGAAGCATATGA-1",895,"ENS"
"e16_s1_TCTTTGACAAAGGGCT-1",1003,"Foregut Basal"
"e16_s1_TCTTTGACAATAACGA-1",2659,"Fibroblast"
"e16_s1_TCTTTGACATCGGTTA-1",1003,"Foregut Basal"
"e16_s1_TCTTTGAGTAGATTGA-1",815,"Myofibroblast"
"e16_s1_TCTTTGAGTGTCTTAG-1",820,"Fibroblast"
"e16_s1_TCTTTGAGTTAGAGAT-1",2928,"Fibroblast"
"e16_s1_TGAACGTAGGAAAGGT-1",897,"Smooth muscle"
"e16_s1_TGAACGTAGGTACATA-1",2893,"Fibroblast"
"e16_s1_TGAACGTCAAGGTCTT-1",1003,"Foregut Basal"
"e16_s1_TGAACGTCAGTTCACA-1",3232,"ENS"
"e16_s1_TGAACGTCATAGGTTC-1",2443,"Fibroblast"
"e16_s1_TGAACGTGTATTGCCA-1",1860,"Fibroblast"
"e16_s1_TGAACGTTCAACGAGG-1",1312,"Fibroblast"
"e16_s1_TGAACGTTCGAGTACT-1",1582,"Myofibroblast"
"e16_s1_TGAATCGAGTTACTCG-1",2605,"Fibroblast"
"e16_s1_TGAATCGGTCGGAAAC-1",1003,"Foregut Basal"
"e16_s1_TGAATCGGTGCCGTAC-1",2928,"ICC"
"e16_s1_TGAATGCAGAACAAGG-1",2940,"Myofibroblast"
"e16_s1_TGAATGCAGTGATTCC-1",656,"Fibroblast"
"e16_s1_TGAATGCCACAATGCT-1",1637,"Fibroblast"
"e16_s1_TGAATGCCAGATACTC-1",1973,"Fibroblast"
"e16_s1_TGAATGCTCAAGTGGG-1",2231,"ENS"
"e16_s1_TGAATGCTCAGCTGTA-1",2764,"Foregut Basal"
"e16_s1_TGAATGCTCCCGGTAG-1",1213,"Endothelial"
"e16_s1_TGACAGTAGATACATG-1",984,"Smooth muscle"
"e16_s1_TGACAGTAGGCGCTTC-1",1914,"Fibroblast"
"e16_s1_TGACAGTCACCCAATA-1",1094,"ENS"
"e16_s1_TGACAGTCAGTGAGCA-1",1999,"Smooth muscle"
"e16_s1_TGACAGTTCAAGTGTC-1",2347,"Fibroblast"
"e16_s1_TGACAGTTCCATCTCG-1",2347,"Myofibroblast"
"e16_s1_TGACAGTTCTTGCAAG-1",2893,"Fibroblast"
"e16_s1_TGACCCTAGGAAGTCC-1",3212,"Fibroblast"
"e16_s1_TGACCCTAGTCGAGGT-1",995,"Simple Epithelial"
"e16_s1_TGACCCTCAGAGGCAT-1",719,"Fibroblast"
"e16_s1_TGACCCTCAGATTCGT-1",1003,"Foregut Basal"
"e16_s1_TGACCCTTCAAGAGGC-1",2911,"Fibroblast"
"e16_s1_TGACGCGAGCTGAAAT-1",1003,"Foregut Basal"
"e16_s1_TGACGCGAGCTGGAGT-1",656,"Fibroblast"
"e16_s1_TGACGCGCAGCGATTT-1",522,"Fibroblast"
"e16_s1_TGACGCGCAGCTCATA-1",2307,"Fibroblast"
"e16_s1_TGACGCGCATTCAGGT-1",1973,"Endothelial"
"e16_s1_TGACGCGGTCAGCGTC-1",1001,"Myofibroblast"
"e16_s1_TGACGCGTCCTGGGTG-1",2161,"ENS"
"e16_s1_TGACTCCAGACCTGGA-1",1999,"Fibroblast"
"e16_s1_TGACTCCCAGGAATAT-1",120,"Fibroblast"
"e16_s1_TGACTCCCATGCGTGC-1",2868,"ENS"
"e16_s1_TGACTCCGTCAGCTTA-1",598,"Endothelial"
"e16_s1_TGACTCCGTTCTCACC-1",2483,"Fibroblast"
"e16_s1_TGACTCCTCCCGGTAG-1",3021,"Fibroblast"
"e16_s1_TGACTCCTCCTCTGCA-1",1973,"Smooth muscle"
"e16_s1_TGACTCCTCGTGGCGT-1",1003,"Foregut Basal"
"e16_s1_TGAGACTAGTGCAACG-1",1576,"Smooth muscle"
"e16_s1_TGAGACTCAAAGCTCT-1",2846,"Mesothelial"
"e16_s1_TGAGACTCAATTTCCT-1",1667,"Smooth muscle"
"e16_s1_TGAGACTCAGGTGTTT-1",2299,"ENS"
"e16_s1_TGAGACTGTTACACTG-1",719,"Fibroblast"
"e16_s1_TGAGACTGTTATTCCT-1",2696,"ENS"
"e16_s1_TGAGACTTCACGGGCT-1",2036,"Foregut Basal"
"e16_s1_TGAGACTTCGACATTG-1",1914,"Smooth muscle"
"e16_s1_TGAGCATAGTCGCCAC-1",3086,"Smooth muscle"
"e16_s1_TGAGCATCAAGCGATG-1",1774,"ENS"
"e16_s1_TGAGCATCATAACCCA-1",901,"ENS"
"e16_s1_TGAGCATCATCATGAC-1",1627,"Fibroblast"
"e16_s1_TGAGCATCATGCAGCC-1",2726,"ENS"
"e16_s1_TGAGCATGTAGGGTAC-1",656,"Fibroblast"
"e16_s1_TGAGCATGTCAAGCGA-1",1576,"Fibroblast"
"e16_s1_TGAGCATGTGAATTAG-1",2953,"ENS"
"e16_s1_TGAGCATTCCGAGCTG-1",2469,"ENS"
"e16_s1_TGAGCGCAGACAACAT-1",2203,"Endothelial"
"e16_s1_TGAGCGCAGGCAATGC-1",805,"Fibroblast"
"e16_s1_TGAGCGCAGGTGCTTT-1",3313,"Fibroblast"
"e16_s1_TGAGCGCAGTATGAAC-1",2347,"Myofibroblast"
"e16_s1_TGAGCGCCAGTATGAA-1",1973,"Fibroblast"
"e16_s1_TGAGCGCGTCAGACGA-1",1959,"ICC"
"e16_s1_TGAGCGCTCAGCGCAC-1",2217,"Fibroblast"
"e16_s1_TGAGCGCTCCATCGTC-1",1860,"Fibroblast"
"e16_s1_TGAGCGCTCTGAGATC-1",2380,"Myofibroblast"
"e16_s1_TGAGGAGCAACCAATC-1",3308,"Fibroblast"
"e16_s1_TGAGGAGCAGATGCGA-1",2992,"ENS"
"e16_s1_TGAGGAGGTGCACATT-1",2307,"Fibroblast"
"e16_s1_TGAGGAGGTGCCGTAC-1",2040,"ICC"
"e16_s1_TGAGGAGTCCTGGCTT-1",1125,"ENS"
"e16_s1_TGAGGGAAGGTGCGAT-1",116,"Fibroblast"
"e16_s1_TGAGGGACAAATCGGG-1",938,"Fibroblast"
"e16_s1_TGAGGGACAAGACAAT-1",3385,"Fibroblast"
"e16_s1_TGAGGGAGTAGGGTAC-1",2380,"Fibroblast"
"e16_s1_TGAGGGAGTAGGTACG-1",343,"Fibroblast"
"e16_s1_TGAGGGAGTCGGCTAC-1",2955,"ENS"
"e16_s1_TGAGGGAGTTAATGAG-1",3089,"ENS"
"e16_s1_TGAGGGAGTTGGGTAG-1",2363,"Foregut Basal"
"e16_s1_TGAGGGATCATCCTGC-1",914,"Foregut Basal"
"e16_s1_TGAGGTTAGTTTGTCG-1",598,"Fibroblast"
"e16_s1_TGAGGTTCAAGGAGTC-1",2040,"Fibroblast"
"e16_s1_TGAGGTTGTGGCCTCA-1",1992,"Fibroblast"
"e16_s1_TGAGGTTGTGTGTTTG-1",3053,"Myofibroblast"
"e16_s1_TGAGGTTTCATTACTC-1",1312,"Fibroblast"
"e16_s1_TGAGTCACACTCCGGA-1",671,"Immune"
"e16_s1_TGAGTCAGTCACCGCA-1",938,"Myofibroblast"
"e16_s1_TGAGTCAGTTTCGTTT-1",1411,"Fibroblast"
"e16_s1_TGAGTCATCCATAGAC-1",1973,"Fibroblast"
"e16_s1_TGAGTCATCTCCAAGA-1",3018,"ENS"
"e16_s1_TGATCAGAGAGTCAGC-1",3207,"ICC"
"e16_s1_TGATCAGAGGAAGTAG-1",2463,"Fibroblast"
"e16_s1_TGATCAGCATTGAGGG-1",420,"Simple Epithelial"
"e16_s1_TGATCAGGTACCGCGT-1",886,"ENS"
"e16_s1_TGATCAGGTGTTCAGT-1",2899,"Fibroblast"
"e16_s1_TGATCAGTCGATTTCT-1",1065,"ENS"
"e16_s1_TGATCTTAGCTGACAG-1",2928,"Fibroblast"
"e16_s1_TGATCTTCAACTGCCG-1",1427,"Fibroblast"
"e16_s1_TGATCTTGTAGTCTTG-1",2225,"Fibroblast"
"e16_s1_TGATCTTTCAGAATAG-1",1035,"Fibroblast"
"e16_s1_TGATCTTTCCATACAG-1",1999,"Fibroblast"
"e16_s1_TGATCTTTCGAGAATA-1",2659,"Fibroblast"
"e16_s1_TGATGCAAGAATAACC-1",1003,"Foregut Basal"
"e16_s1_TGATGCAAGATTGAGT-1",2721,"Endothelial"
"e16_s1_TGATGCAAGTTCATCG-1",1358,"Foregut Basal"
"e16_s1_TGATGCACAAATCCCA-1",841,"Foregut Basal"
"e16_s1_TGATGCACAAGTGATA-1",1973,"Smooth muscle"
"e16_s1_TGATGCACACAATCTG-1",2606,"Fibroblast"
"e16_s1_TGATGCACACCTGCAG-1",1933,"Fibroblast"
"e16_s1_TGATGCACATCCTATT-1",938,"Myofibroblast"
"e16_s1_TGATGCACATGACGGA-1",2891,"Fibroblast"
"e16_s1_TGATGCAGTTCAACGT-1",2363,"Foregut Basal"
"e16_s1_TGATGCATCGCACTCT-1",2044,"Smooth muscle"
"e16_s1_TGATGGTCAACGTATC-1",2126,"ENS"
"e16_s1_TGATGGTCAGGGTCTC-1",829,"Fibroblast"
"e16_s1_TGATGGTGTGACCGAA-1",815,"Fibroblast"
"e16_s1_TGATGGTTCTACTATC-1",1427,"Myofibroblast"
"e16_s1_TGATTCTAGCGACATG-1",3354,"ENS"
"e16_s1_TGATTCTAGCGCCATC-1",1373,"Myofibroblast"
"e16_s1_TGATTCTAGTATAACG-1",2294,"ENS"
"e16_s1_TGATTCTAGTGCAGCA-1",1299,"ENS"
"e16_s1_TGATTCTCACAGCTGC-1",786,"Smooth muscle"
"e16_s1_TGATTCTGTACATTGC-1",2126,"ENS"
"e16_s1_TGATTCTGTAGTGATA-1",714,"ICC"
"e16_s1_TGATTCTGTCACCGCA-1",2847,"Myofibroblast"
"e16_s1_TGATTTCAGACAACTA-1",508,"Endothelial"
"e16_s1_TGATTTCAGAGAAGGT-1",2994,"ENS"
"e16_s1_TGATTTCAGCTATCTG-1",833,"Myofibroblast"
"e16_s1_TGATTTCAGCTTCTAG-1",550,"ENS"
"e16_s1_TGATTTCCACATCCCT-1",1860,"Fibroblast"
"e16_s1_TGATTTCCACCAAATC-1",2483,"Fibroblast"
"e16_s1_TGATTTCCACCCGTAG-1",1973,"Fibroblast"
"e16_s1_TGATTTCCAGTTACCA-1",2411,"ENS"
"e16_s1_TGATTTCCATAATCCG-1",1079,"Fibroblast"
"e16_s1_TGATTTCTCATGCATG-1",159,"Fibroblast"
"e16_s1_TGATTTCTCCACCCTA-1",2396,"Myofibroblast"
"e16_s1_TGATTTCTCGACCATA-1",1003,"Foregut Basal"
"e16_s1_TGCACGGCACCCTATC-1",2786,"Myofibroblast"
"e16_s1_TGCACGGCAGGAGACT-1",3340,"Smooth muscle"
"e16_s1_TGCACGGCATCCGGTG-1",2891,"Fibroblast"
"e16_s1_TGCACGGGTAAGATCA-1",2126,"ENS"
"e16_s1_TGCACGGGTAATTAGG-1",3207,"Fibroblast"
"e16_s1_TGCACGGTCACATTGG-1",2659,"Fibroblast"
"e16_s1_TGCACGGTCCTTCACG-1",2659,"Fibroblast"
"e16_s1_TGCACGGTCGCGTGCA-1",2928,"Fibroblast"
"e16_s1_TGCAGATAGGATGCGT-1",1973,"Smooth muscle"
"e16_s1_TGCAGATAGGCCGCTT-1",984,"Smooth muscle"
"e16_s1_TGCAGATAGTGCGCTC-1",2690,"Fibroblast"
"e16_s1_TGCAGATCACCAGCCA-1",2064,"Fibroblast"
"e16_s1_TGCAGATCAGGGTCTC-1",2064,"Fibroblast"
"e16_s1_TGCAGATCAGTATTCG-1",1435,"Fibroblast"
"e16_s1_TGCAGATGTACAAAGT-1",1504,"Fibroblast"
"e16_s1_TGCAGATGTCATCGCG-1",2217,"Fibroblast"
"e16_s1_TGCAGATTCCGTGACG-1",1627,"Fibroblast"
"e16_s1_TGCAGATTCGAGTACT-1",1973,"Fibroblast"
"e16_s1_TGCAGATTCTGAACGT-1",1596,"Fibroblast"
"e16_s1_TGCAGGCAGCAAATCA-1",884,"Smooth muscle"
"e16_s1_TGCAGGCAGCATCAGG-1",2970,"ENS"
"e16_s1_TGCAGGCAGCGGACAT-1",2709,"ENS"
"e16_s1_TGCAGGCCAATGGGTG-1",2396,"Fibroblast"
"e16_s1_TGCAGGCCAGCGACCT-1",2826,"Fibroblast"
"e16_s1_TGCAGGCGTATCGATC-1",911,"Smooth muscle"
"e16_s1_TGCAGGCGTCATCGGC-1",916,"Fibroblast"
"e16_s1_TGCAGGCTCAAACGAA-1",1576,"Fibroblast"
"e16_s1_TGCAGTACAATACGCT-1",2659,"Smooth muscle"
"e16_s1_TGCAGTACAGCAGTAG-1",2013,"Fibroblast"
"e16_s1_TGCAGTAGTAGAGTTA-1",3199,"ENS"
"e16_s1_TGCAGTAGTGAAGCGT-1",938,"Fibroblast"
"e16_s1_TGCAGTATCCATTGTT-1",2606,"Myofibroblast"
"e16_s1_TGCATCCAGACCCGCT-1",2491,"ENS"
"e16_s1_TGCATCCAGATGCTTC-1",1042,"Simple Epithelial"
"e16_s1_TGCATCCCACGTAGTT-1",3207,"Fibroblast"
"e16_s1_TGCATCCCAGCATTGT-1",598,"Smooth muscle"
"e16_s1_TGCATCCCATGTCAGT-1",938,"Fibroblast"
"e16_s1_TGCATCCGTACCGGCT-1",1973,"Fibroblast"
"e16_s1_TGCATCCGTCGTCTCT-1",1973,"Myofibroblast"
"e16_s1_TGCATCCTCCACGTGG-1",2030,"Fibroblast"
"e16_s1_TGCATGAAGAGTGTTA-1",2089,"ENS"
"e16_s1_TGCATGAAGGCGAACT-1",491,"Fibroblast"
"e16_s1_TGCATGACACGGCTAC-1",815,"Fibroblast"
"e16_s1_TGCATGACAGTGACCC-1",886,"ENS"
"e16_s1_TGCATGACATTGAAGA-1",2709,"ENS"
"e16_s1_TGCATGAGTAACGATA-1",1595,"Fibroblast"
"e16_s1_TGCATGAGTCCTACGG-1",1673,"ENS"
"e16_s1_TGCATGATCAAACCTG-1",1878,"Fibroblast"
"e16_s1_TGCATGATCCTTATAC-1",1595,"ICC"
"e16_s1_TGCATGATCTTCGTGC-1",3251,"Mesothelial"
"e16_s1_TGCCGAGAGAAATGGG-1",1576,"Fibroblast"
"e16_s1_TGCCGAGAGCGACTGA-1",952,"Endothelial"
"e16_s1_TGCCGAGAGCGGTAAC-1",3060,"ENS"
"e16_s1_TGCCGAGAGCGTTCAT-1",3251,"Myofibroblast"
"e16_s1_TGCCGAGCACAAGCTT-1",938,"Fibroblast"
"e16_s1_TGCCGAGGTTCAAGTC-1",2217,"Fibroblast"
"e16_s1_TGCCGAGTCGCTTAAG-1",1003,"Foregut Basal"
"e16_s1_TGCCGAGTCGTAGTCA-1",2307,"Fibroblast"
"e16_s1_TGCGACGAGAGTGTTA-1",2953,"ENS"
"e16_s1_TGCGACGAGCATAGGC-1",3089,"ENS"
"e16_s1_TGCGACGAGGAAGTCC-1",1973,"Fibroblast"
"e16_s1_TGCGACGAGGATTTAG-1",2517,"ENS"
"e16_s1_TGCGACGGTAATCAGA-1",728,"Fibroblast"
"e16_s1_TGCGACGGTGTAGCAG-1",1138,"Fibroblast"
"e16_s1_TGCGACGGTTAACCTG-1",1973,"Fibroblast"
"e16_s1_TGCGACGTCAGAACCT-1",547,"ENS"
"e16_s1_TGCGACGTCAGCCTCT-1",2089,"ENS"
"e16_s1_TGCGATAAGCACGATG-1",794,"Fibroblast"
"e16_s1_TGCGATAGTAGAATGT-1",1003,"Foregut Basal"
"e16_s1_TGCGATATCACTCACC-1",656,"Fibroblast"
"e16_s1_TGCGATATCTGAGATC-1",1879,"Fibroblast"
"e16_s1_TGCGGCAAGACGGTCA-1",2101,"ENS"
"e16_s1_TGCGGCAAGGGCGAAG-1",938,"Fibroblast"
"e16_s1_TGCGGCAAGTCGCTAT-1",1312,"Fibroblast"
"e16_s1_TGCGGCACATTGCCTC-1",2955,"ENS"
"e16_s1_TGCGGCAGTATCATGC-1",3303,"Fibroblast"
"e16_s1_TGCGGCAGTTTACTGG-1",2911,"Fibroblast"
"e16_s1_TGCGGCATCCACGTCT-1",2354,"Fibroblast"
"e16_s1_TGCGGGTAGATGAATC-1",2690,"Fibroblast"
"e16_s1_TGCGGGTAGGAACATT-1",786,"ICC"
"e16_s1_TGCGGGTCACTGGAAG-1",794,"Pericyte"
"e16_s1_TGCGGGTCAGACCATT-1",841,"Foregut Basal"
"e16_s1_TGCGGGTCAGAGAAAG-1",2294,"ENS"
"e16_s1_TGCGGGTGTCACTTAG-1",1973,"Fibroblast"
"e16_s1_TGCGGGTGTCCAGTTA-1",2748,"Smooth muscle"
"e16_s1_TGCGGGTTCTCCCAAC-1",2928,"Fibroblast"
"e16_s1_TGCTCCAAGAAGCCTG-1",719,"Fibroblast"
"e16_s1_TGCTCCAAGCGTTAGG-1",886,"ENS"
"e16_s1_TGCTCCAAGGGTAATT-1",1353,"Foregut Basal"
"e16_s1_TGCTCCAAGGGTCTTT-1",2928,"Fibroblast"
"e16_s1_TGCTCCAAGTAGGGTC-1",1549,"ICC"
"e16_s1_TGCTCCACAGACTCTA-1",640,"Myofibroblast"
"e16_s1_TGCTCCACATCAGCTA-1",2709,"ENS"
"e16_s1_TGCTCCAGTCTGTCAA-1",2800,"Endothelial"
"e16_s1_TGCTCCAGTGATTAGA-1",920,"ENS"
"e16_s1_TGCTCCAGTGTGTACT-1",2936,"Fibroblast"
"e16_s1_TGCTCCATCATTCTTG-1",2540,"Fibroblast"
"e16_s1_TGCTCCATCCACTTCG-1",656,"Smooth muscle"
"e16_s1_TGCTCCATCTTCGTAT-1",491,"Fibroblast"
"e16_s1_TGCTCGTAGCAACTTC-1",1555,"Endothelial"
"e16_s1_TGCTCGTAGCTGTACT-1",719,"Smooth muscle"
"e16_s1_TGCTCGTCAATTCTCT-1",2290,"ENS"
"e16_s1_TGCTCGTCAGTTCACA-1",2362,"Endothelial"
"e16_s1_TGCTCGTCATGCCGAC-1",3251,"Myofibroblast"
"e16_s1_TGCTCGTGTTTAAGGA-1",2540,"Smooth muscle"
"e16_s1_TGCTCGTTCCGATCGG-1",2290,"ENS"
"e16_s1_TGCTCGTTCGCTGTTC-1",2659,"Fibroblast"
"e16_s1_TGCTGAAAGGAGGGTG-1",3057,"Fibroblast"
"e16_s1_TGCTGAACATACAGGG-1",1504,"Smooth muscle"
"e16_s1_TGCTGAACATGTTACG-1",1973,"Fibroblast"
"e16_s1_TGCTGAAGTCACTGAT-1",900,"ENS"
"e16_s1_TGCTGAATCTTGAGCA-1",1999,"Fibroblast"
"e16_s1_TGCTTCGAGATAGTGT-1",454,"Smooth muscle"
"e16_s1_TGCTTCGAGCGAAACC-1",3251,"Mesothelial"
"e16_s1_TGCTTCGCACTACCCT-1",598,"Fibroblast"
"e16_s1_TGCTTCGCATTCACAG-1",1973,"Mesothelial"
"e16_s1_TGCTTCGGTAGGACTG-1",1035,"Fibroblast"
"e16_s1_TGCTTCGGTATACCCA-1",2659,"Myofibroblast"
"e16_s1_TGCTTCGGTTCCTAAG-1",2307,"Fibroblast"
"e16_s1_TGCTTCGGTTGGACCC-1",2893,"Fibroblast"
"e16_s1_TGCTTCGTCAGGTGTT-1",1242,"Endothelial"
"e16_s1_TGCTTGCAGGTCATTC-1",2605,"Fibroblast"
"e16_s1_TGCTTGCCAGTCAGAG-1",886,"Pericyte"
"e16_s1_TGCTTGCGTATAATGG-1",1973,"Fibroblast"
"e16_s1_TGCTTGCTCTACCAGA-1",2691,"ENS"
"e16_s1_TGGAACTAGACAGCTG-1",2659,"Fibroblast"
"e16_s1_TGGAACTAGCCGATTT-1",1627,"Fibroblast"
"e16_s1_TGGAACTAGCGCAATG-1",2048,"Smooth muscle"
"e16_s1_TGGAACTAGGTCGTAG-1",886,"ENS"
"e16_s1_TGGAACTAGTCATACC-1",1003,"Myofibroblast"
"e16_s1_TGGAACTCACCACATA-1",2777,"Fibroblast"
"e16_s1_TGGAACTCACCTGCAG-1",1233,"ENS"
"e16_s1_TGGAACTGTTCAAAGA-1",1327,"Foregut Basal"
"e16_s1_TGGAACTTCATCCCGT-1",1973,"Fibroblast"
"e16_s1_TGGAGAGAGATGGTCG-1",2891,"Fibroblast"
"e16_s1_TGGAGAGAGCGAGAAA-1",2114,"Smooth muscle"
"e16_s1_TGGAGAGAGTGTACCT-1",1667,"Myofibroblast"
"e16_s1_TGGAGAGGTAGCGTTT-1",2918,"Fibroblast"
"e16_s1_TGGAGAGGTGCGTCGT-1",598,"Fibroblast"
"e16_s1_TGGAGAGTCTACCAGA-1",1549,"Fibroblast"
"e16_s1_TGGAGGAAGAGCAACC-1",1861,"Smooth muscle"
"e16_s1_TGGAGGAAGATCCCAT-1",554,"ENS"
"e16_s1_TGGAGGACAACGCCCA-1",1075,"ENS"
"e16_s1_TGGAGGACAAGCCATT-1",719,"Smooth muscle"
"e16_s1_TGGAGGACAATCCTAG-1",3199,"ENS"
"e16_s1_TGGAGGACATGTGTCA-1",1973,"Fibroblast"
"e16_s1_TGGAGGACATTGGGAG-1",3354,"ENS"
"e16_s1_TGGAGGATCAGCATTG-1",814,"Fibroblast"
"e16_s1_TGGAGGATCAGCCTTC-1",270,"Fibroblast"
"e16_s1_TGGAGGATCCCGATCT-1",2396,"Fibroblast"
"e16_s1_TGGAGGATCGAACACT-1",1555,"Endothelial"
"e16_s1_TGGAGGATCTGGGCAC-1",2764,"Foregut Basal"
"e16_s1_TGGATCAAGATTGGGC-1",2408,"ENS"
"e16_s1_TGGATCACAGACTGCC-1",1576,"Fibroblast"
"e16_s1_TGGATCAGTCCCTGTT-1",656,"Smooth muscle"
"e16_s1_TGGATCAGTGGAAATT-1",992,"ENS"
"e16_s1_TGGATCAGTGTCCTAA-1",245,"Myofibroblast"
"e16_s1_TGGATCAGTTGGACTT-1",656,"Fibroblast"
"e16_s1_TGGATCATCACCTTGC-1",3340,"Smooth muscle"
"e16_s1_TGGATGTCACGGATCC-1",916,"Fibroblast"
"e16_s1_TGGATGTCATTCTGTT-1",1001,"Smooth muscle"
"e16_s1_TGGATGTGTAGAAACT-1",3207,"Fibroblast"
"e16_s1_TGGATGTGTAGGAGTC-1",2250,"ENS"
"e16_s1_TGGATGTTCACCTGGG-1",824,"Smooth muscle"
"e16_s1_TGGCGTGGTATGCGGA-1",794,"Fibroblast"
"e16_s1_TGGCGTGTCCCAGCGA-1",1768,"Immune"
"e16_s1_TGGCGTGTCTCTTGCG-1",1973,"Myofibroblast"
"e16_s1_TGGGAAGAGTACCGGA-1",1035,"Fibroblast"
"e16_s1_TGGGAAGAGTCCGCGT-1",3201,"ENS"
"e16_s1_TGGGAAGCAAACCACT-1",2380,"Fibroblast"
"e16_s1_TGGGAAGCACTAAACC-1",1210,"ENS"
"e16_s1_TGGGAAGCATGAAGGC-1",1061,"Fibroblast"
"e16_s1_TGGGAAGGTTCGTGCG-1",1933,"Smooth muscle"
"e16_s1_TGGGAAGGTTGCTCGG-1",2690,"Fibroblast"
"e16_s1_TGGGAAGTCCCTATTA-1",1973,"Fibroblast"
"e16_s1_TGGGAAGTCTACCACC-1",2483,"Fibroblast"
"e16_s1_TGGGAAGTCTTTCCAA-1",942,"Fibroblast"
"e16_s1_TGGGAGAAGAGCCGTA-1",1003,"Foregut Basal"
"e16_s1_TGGGAGAAGCTGTTCA-1",1999,"Fibroblast"
"e16_s1_TGGGAGACAAATCAAG-1",2517,"ENS"
"e16_s1_TGGGAGACAGGAAGTC-1",598,"Myofibroblast"
"e16_s1_TGGGAGACATGGCTGC-1",1999,"Fibroblast"
"e16_s1_TGGGAGAGTGTATACC-1",2690,"Smooth muscle"
"e16_s1_TGGGAGATCGCATAGT-1",1805,"ENS"
"e16_s1_TGGGAGATCGTGGCTG-1",1558,"Immune"
"e16_s1_TGGGATTAGCCTTCTC-1",3067,"ENS"
"e16_s1_TGGGATTAGCGACATG-1",786,"Myofibroblast"
"e16_s1_TGGGATTAGTCTTCGA-1",3251,"Myofibroblast"
"e16_s1_TGGGATTCAACCCTCT-1",1914,"Fibroblast"
"e16_s1_TGGGATTCAGGGATAC-1",1633,"Fibroblast"
"e16_s1_TGGGATTGTTCTCCCA-1",2709,"ENS"
"e16_s1_TGGGATTGTTCTGAGT-1",1398,"Endothelial"
"e16_s1_TGGGATTTCGTAACTG-1",3385,"Mesothelial"
"e16_s1_TGGGATTTCTGCCCTA-1",598,"Fibroblast"
"e16_s1_TGGGCGTAGACCAAGC-1",2167,"Fibroblast"
"e16_s1_TGGGCGTAGGGAGATA-1",1003,"ENS"
"e16_s1_TGGGCGTCACCCTAGG-1",3251,"Mesothelial"
"e16_s1_TGGGCGTGTCAGTCTA-1",760,"ENS"
"e16_s1_TGGGCGTGTCTTCCGT-1",2787,"Pericyte"
"e16_s1_TGGGCGTGTGATGTAA-1",1638,"Myofibroblast"
"e16_s1_TGGGCGTGTGCCGTAC-1",2659,"Fibroblast"
"e16_s1_TGGGCTGAGTTATGGA-1",1704,"Immune"
"e16_s1_TGGGCTGCATAGTCGT-1",2978,"Fibroblast"
"e16_s1_TGGGCTGGTATCAGCT-1",1327,"Foregut Basal"
"e16_s1_TGGGCTGGTGATGAAT-1",1061,"Fibroblast"
"e16_s1_TGGGCTGGTGGCTTGC-1",833,"Mesothelial"
"e16_s1_TGGGCTGTCCGTCCTA-1",1353,"ENS"
"e16_s1_TGGGCTGTCTATTGTC-1",2611,"Fibroblast"
"e16_s1_TGGGTTAAGCGACTTT-1",2307,"Fibroblast"
"e16_s1_TGGGTTAAGTTACTCG-1",815,"Fibroblast"
"e16_s1_TGGGTTACAAGGCGTA-1",1434,"ICC"
"e16_s1_TGGGTTACACTCCCTA-1",86,"Myofibroblast"
"e16_s1_TGGGTTAGTTCTCCCA-1",2800,"Endothelial"
"e16_s1_TGGTACAAGAAGTCAT-1",1411,"Smooth muscle"
"e16_s1_TGGTACAAGCCAAGGT-1",2294,"ENS"
"e16_s1_TGGTACAAGCGAGTAC-1",2497,"Fibroblast"
"e16_s1_TGGTACAAGTCGGCAA-1",656,"Fibroblast"
"e16_s1_TGGTACAAGTGGACGT-1",985,"Smooth muscle"
"e16_s1_TGGTACAGTCATCGGC-1",358,"Fibroblast"
"e16_s1_TGGTACATCAGTCCGG-1",2014,"Smooth muscle"
"e16_s1_TGGTACATCCTAGCGG-1",2709,"ENS"
"e16_s1_TGGTACATCGATCCCT-1",2911,"Fibroblast"
"e16_s1_TGGTAGTAGACGCATG-1",1158,"Fibroblast"
"e16_s1_TGGTAGTAGCCGTAAG-1",676,"Fibroblast"
"e16_s1_TGGTAGTAGCTGTACT-1",3213,"Myofibroblast"
"e16_s1_TGGTAGTAGTGCTACT-1",938,"Fibroblast"
"e16_s1_TGGTAGTCAACCGCCA-1",916,"Fibroblast"
"e16_s1_TGGTAGTCATGCGGTC-1",3207,"Fibroblast"
"e16_s1_TGGTAGTGTCCCGCAA-1",3227,"Fibroblast"
"e16_s1_TGGTAGTGTTGCTGAT-1",1860,"ICC"
"e16_s1_TGGTAGTTCCCTGGTT-1",416,"Fibroblast"
"e16_s1_TGGTAGTTCGACCCAG-1",2659,"Fibroblast"
"e16_s1_TGGTGATAGCTCTGTA-1",886,"ENS"
"e16_s1_TGGTGATAGGGACTGT-1",1353,"Foregut Basal"
"e16_s1_TGGTGATCAACGCCCA-1",1999,"Fibroblast"
"e16_s1_TGGTGATCAATCGTCA-1",1003,"Foregut Basal"
"e16_s1_TGGTGATGTTATCTGG-1",2126,"ENS"
"e16_s1_TGGTGATTCCCTCGAT-1",2408,"ENS"
"e16_s1_TGGTGATTCTAATTCC-1",1973,"Fibroblast"
"e16_s1_TGGTGATTCTGTCTCG-1",916,"Mesothelial"
"e16_s1_TGGTTAGAGACCAGAC-1",1158,"Fibroblast"
"e16_s1_TGGTTAGAGCATGATA-1",841,"Foregut Basal"
"e16_s1_TGGTTAGAGGCCTTCG-1",760,"ENS"
"e16_s1_TGGTTAGCAGTAGTTC-1",42,"Smooth muscle"
"e16_s1_TGGTTAGGTCCCGGTA-1",789,"Myofibroblast"
"e16_s1_TGGTTAGGTTCCAAAC-1",1999,"Fibroblast"
"e16_s1_TGTAACGAGATGCTAA-1",656,"Fibroblast"
"e16_s1_TGTAACGAGCTCTTCC-1",628,"ENS"
"e16_s1_TGTAACGAGTTCTCTT-1",706,"ENS"
"e16_s1_TGTAACGCAGCGTATT-1",3207,"Fibroblast"
"e16_s1_TGTAACGCATACCAGT-1",1861,"Fibroblast"
"e16_s1_TGTAACGCATCTCCCA-1",2347,"Fibroblast"
"e16_s1_TGTAACGGTGTTTGCA-1",2955,"ENS"
"e16_s1_TGTAACGTCATTTGGG-1",3251,"Fibroblast"
"e16_s1_TGTAACGTCCGGCTTT-1",550,"Smooth muscle"
"e16_s1_TGTAACGTCGGTAGAG-1",1880,"Fibroblast"
"e16_s1_TGTAACGTCTGAACGT-1",916,"Fibroblast"
"e16_s1_TGTAAGCAGTTTGAGA-1",3215,"Myofibroblast"
"e16_s1_TGTAAGCCAATGTTGC-1",1642,"ENS"
"e16_s1_TGTAAGCGTGAGACGT-1",3207,"Fibroblast"
"e16_s1_TGTAAGCGTTAATGAG-1",1950,"ICC"
"e16_s1_TGTAAGCGTTGCTCAA-1",1999,"Fibroblast"
"e16_s1_TGTAAGCTCACTTGGA-1",2491,"ENS"
"e16_s1_TGTAAGCTCAGAGCGA-1",851,"Immune"
"e16_s1_TGTAAGCTCGTACCTC-1",2147,"ENS"
"e16_s1_TGTACAGAGCATTGAA-1",886,"ENS"
"e16_s1_TGTACAGCATTCGGGC-1",1003,"Foregut Basal"
"e16_s1_TGTACAGCATTGGGAG-1",2126,"ENS"
"e16_s1_TGTACAGGTGATGTAA-1",1993,"ENS"
"e16_s1_TGTACAGTCGGTCGGT-1",2777,"Fibroblast"
"e16_s1_TGTAGACAGACTTCAC-1",1003,"Foregut Basal"
"e16_s1_TGTAGACAGGTTGGTG-1",2777,"Fibroblast"
"e16_s1_TGTAGACCACATTCGA-1",833,"Fibroblast"
"e16_s1_TGTAGACGTCCAGCAC-1",1185,"ENS"
"e16_s1_TGTAGACGTCTAGGCC-1",1079,"Fibroblast"
"e16_s1_TGTAGACGTGCTGCAC-1",841,"Foregut Basal"
"e16_s1_TGTAGACGTTAGTCGT-1",1973,"Fibroblast"
"e16_s1_TGTAGACGTTCCTTGC-1",2953,"ENS"
"e16_s1_TGTAGACTCAGACCTA-1",3251,"Mesothelial"
"e16_s1_TGTCAGAAGAGAGGGC-1",2311,"Fibroblast"
"e16_s1_TGTCAGAGTACTAACC-1",2463,"Fibroblast"
"e16_s1_TGTCAGAGTAGGTAGC-1",2126,"ENS"
"e16_s1_TGTCAGATCTTGAGCA-1",2126,"ENS"
"e16_s1_TGTCCACAGCACCCAC-1",2171,"Simple Epithelial"
"e16_s1_TGTCCACAGCTAGATA-1",2015,"Fibroblast"
"e16_s1_TGTCCACCAACCAATC-1",920,"ENS"
"e16_s1_TGTCCACCACATTACG-1",2217,"Smooth muscle"
"e16_s1_TGTCCACCACGACGAA-1",509,"ENS"
"e16_s1_TGTCCACCACTCCGAG-1",3297,"Immune"
"e16_s1_TGTCCACCAGCACGAA-1",3227,"Myofibroblast"
"e16_s1_TGTCCACCAGGAACCA-1",1999,"Fibroblast"
"e16_s1_TGTCCACCATAGAATG-1",2469,"ENS"
"e16_s1_TGTCCACCATCGATAC-1",886,"ENS"
"e16_s1_TGTCCACGTAGAATGT-1",3089,"ENS"
"e16_s1_TGTCCACGTCTTTCTA-1",3311,"Fibroblast"
"e16_s1_TGTCCACTCTCGTTTA-1",2307,"Fibroblast"
"e16_s1_TGTCCCAAGCCTCTTC-1",1860,"Fibroblast"
"e16_s1_TGTCCCAAGCCTGAGA-1",626,"ENS"
"e16_s1_TGTCCCAAGGTGCTAG-1",1855,"Mesothelial"
"e16_s1_TGTCCCACATTAAAGG-1",2891,"Fibroblast"
"e16_s1_TGTCCCAGTCATTCCC-1",1627,"Fibroblast"
"e16_s1_TGTCCCAGTGACTAAA-1",2777,"Fibroblast"
"e16_s1_TGTCCCAGTGTGTGTT-1",897,"Smooth muscle"
"e16_s1_TGTCCCATCCTTCTAA-1",2126,"ENS"
"e16_s1_TGTCCCATCGCTGTCT-1",1327,"Foregut Basal"
"e16_s1_TGTCCCATCTTCCAGC-1",2145,"Mesothelial"
"e16_s1_TGTCCTGAGCATGGGT-1",2307,"Pericyte"
"e16_s1_TGTCCTGAGCTCTTCC-1",3385,"Fibroblast"
"e16_s1_TGTCCTGCAAATTGCC-1",282,"Mesothelial"
"e16_s1_TGTCCTGGTCACAGTT-1",3385,"Fibroblast"
"e16_s1_TGTCCTGTCAAGCTTG-1",1091,"Fibroblast"
"e16_s1_TGTCCTGTCCCTGTTG-1",770,"ENS"
"e16_s1_TGTGAGTAGAGGCTGT-1",3207,"Fibroblast"
"e16_s1_TGTGAGTAGATTGTGA-1",1914,"ICC"
"e16_s1_TGTGAGTCAGTTAAAG-1",1627,"Fibroblast"
"e16_s1_TGTGAGTGTCACTACA-1",1504,"Fibroblast"
"e16_s1_TGTGAGTGTTATGTCG-1",1548,"Endothelial"
"e16_s1_TGTGATGAGACAGTCG-1",2837,"Myofibroblast"
"e16_s1_TGTGATGAGGAGTATT-1",828,"Fibroblast"
"e16_s1_TGTGATGGTGCTGCAC-1",1623,"Fibroblast"
"e16_s1_TGTGATGGTTGCGTAT-1",550,"ENS"
"e16_s1_TGTGATGGTTGGTACT-1",1327,"Foregut Basal"
"e16_s1_TGTGATGTCAAATAGG-1",2380,"ICC"
"e16_s1_TGTGATGTCAGATTGC-1",1003,"Foregut Basal"
"e16_s1_TGTGCGGAGACGAAGA-1",886,"ENS"
"e16_s1_TGTGCGGAGCGTTACT-1",2777,"Fibroblast"
"e16_s1_TGTGCGGAGGGACACT-1",3248,"Smooth muscle"
"e16_s1_TGTGCGGGTAGGTCAG-1",1645,"ENS"
"e16_s1_TGTGCGGGTCGCGTTG-1",2893,"Fibroblast"
"e16_s1_TGTGCGGGTGCATGTT-1",1999,"Fibroblast"
"e16_s1_TGTGCGGTCGCTTACC-1",656,"Fibroblast"
"e16_s1_TGTGGCGAGACGGATC-1",676,"Fibroblast"
"e16_s1_TGTGGCGAGAGTGACC-1",2659,"Fibroblast"
"e16_s1_TGTGGCGAGGCATCGA-1",1003,"Foregut Basal"
"e16_s1_TGTGGCGAGTGAGTTA-1",613,"Myofibroblast"
"e16_s1_TGTGGCGCAAGTGGGT-1",1860,"Fibroblast"
"e16_s1_TGTGGCGTCAGCTTCC-1",1706,"ENS"
"e16_s1_TGTGGCGTCTGCTGAA-1",704,"ENS"
"e16_s1_TGTGTGAAGATTGATG-1",886,"ENS"
"e16_s1_TGTGTGAAGGAGAATG-1",1860,"Fibroblast"
"e16_s1_TGTGTGACATGAGTAA-1",1667,"ICC"
"e16_s1_TGTGTGACATTACGGT-1",886,"ENS"
"e16_s1_TGTGTGACATTCAGGT-1",786,"Smooth muscle"
"e16_s1_TGTGTGAGTGCCCACA-1",815,"Myofibroblast"
"e16_s1_TGTTACTAGAATCCCT-1",1312,"Fibroblast"
"e16_s1_TGTTACTAGCGTCAAG-1",3187,"Fibroblast"
"e16_s1_TGTTACTCAAGTGGTG-1",2928,"Smooth muscle"
"e16_s1_TGTTACTGTCGACTGC-1",1003,"Foregut Basal"
"e16_s1_TGTTACTTCGCGCTGA-1",1972,"Foregut Basal"
"e16_s1_TGTTACTTCGTGGACC-1",3067,"ENS"
"e16_s1_TGTTCATAGAGTATAC-1",1999,"Fibroblast"
"e16_s1_TGTTCATAGCGGCTCT-1",2289,"ENS"
"e16_s1_TGTTCATCAAGTGGTG-1",1242,"Endothelial"
"e16_s1_TGTTCATCATTGTACG-1",3395,"Fibroblast"
"e16_s1_TGTTCATGTTGCATTG-1",1376,"Myofibroblast"
"e16_s1_TGTTCATGTTTGGAAA-1",719,"Fibroblast"
"e16_s1_TGTTCATTCACACCCT-1",2911,"Myofibroblast"
"e16_s1_TGTTCATTCCCGAGTG-1",1627,"Fibroblast"
"e16_s1_TGTTCATTCCTTCAGC-1",2659,"Fibroblast"
"e16_s1_TGTTCATTCGGTCGGT-1",1158,"Fibroblast"
"e16_s1_TGTTCATTCTTTCGAT-1",626,"ENS"
"e16_s1_TGTTCCGAGAGTGTTA-1",2380,"Fibroblast"
"e16_s1_TGTTCCGAGATGCAGC-1",2690,"Fibroblast"
"e16_s1_TGTTCCGAGTGAGGCT-1",2380,"Fibroblast"
"e16_s1_TGTTCCGCAACCGTAT-1",3251,"Mesothelial"
"e16_s1_TGTTCCGCAACTGAAA-1",1595,"Fibroblast"
"e16_s1_TGTTCCGCAGGATGAC-1",1411,"ICC"
"e16_s1_TGTTCCGGTAGTGATA-1",598,"Fibroblast"
"e16_s1_TGTTCCGGTCGGATTT-1",1003,"Foregut Basal"
"e16_s1_TGTTCCGGTTGCATTG-1",1973,"Myofibroblast"
"e16_s1_TGTTCTAAGACGGTCA-1",2928,"Smooth muscle"
"e16_s1_TGTTCTAAGAGGCGTT-1",2126,"ENS"
"e16_s1_TGTTCTAAGAGTCTTC-1",2203,"Endothelial"
"e16_s1_TGTTCTAAGCACCCAC-1",3369,"Pericyte"
"e16_s1_TGTTCTAAGGAGAGGC-1",841,"Foregut Basal"
"e16_s1_TGTTCTACAGAGGTTG-1",794,"Fibroblast"
"e16_s1_TGTTCTACAGGTGAGT-1",2048,"Mesothelial"
"e16_s1_TGTTCTAGTCCACACG-1",3083,"Fibroblast"
"e16_s1_TGTTCTAGTGGACCTC-1",2147,"ENS"
"e16_s1_TGTTCTAGTGTTTGCA-1",3305,"Fibroblast"
"e16_s1_TGTTCTATCCTAAGTG-1",1593,"Fibroblast"
"e16_s1_TGTTCTATCGCATAGT-1",3089,"ENS"
"e16_s1_TGTTCTATCGGTGAAG-1",1003,"Foregut Basal"
"e16_s1_TGTTCTATCTAGAACC-1",2225,"Fibroblast"
"e16_s1_TGTTGAGAGGACATCG-1",3385,"Mesothelial"
"e16_s1_TGTTGAGGTAGTCACT-1",1158,"Fibroblast"
"e16_s1_TGTTGAGGTTCCATTT-1",916,"Fibroblast"
"e16_s1_TGTTGAGGTTCTTGCC-1",2659,"Fibroblast"
"e16_s1_TGTTGAGGTTTATGCG-1",1999,"Fibroblast"
"e16_s1_TGTTGGAAGCCTCATA-1",2690,"Fibroblast"
"e16_s1_TGTTGGAAGGTACAGC-1",2787,"Fibroblast"
"e16_s1_TGTTGGAAGTGATTCC-1",1122,"ENS"
"e16_s1_TGTTGGACACACCAGC-1",134,"Smooth muscle"
"e16_s1_TGTTGGAGTAACCCGC-1",2016,"Fibroblast"
"e16_s1_TGTTGGAGTATCTCGA-1",1999,"Myofibroblast"
"e16_s1_TGTTGGAGTGGACCTC-1",815,"Fibroblast"
"e16_s1_TGTTGGAGTTCCGTTC-1",886,"ENS"
"e16_s1_TGTTGGAGTTTGGAAA-1",2978,"Fibroblast"
"e16_s1_TGTTTGTAGTAAACTG-1",3251,"Myofibroblast"
"e16_s1_TGTTTGTCAAGGTCTT-1",1312,"Myofibroblast"
"e16_s1_TGTTTGTGTACCGGCT-1",2613,"ENS"
"e16_s1_TGTTTGTGTTCAGTAC-1",3067,"ENS"
"e16_s1_TGTTTGTTCATTCACT-1",2955,"ENS"
"e16_s1_TGTTTGTTCCGCGGAT-1",2928,"Fibroblast"
"e16_s1_TTAATCCAGATGATTG-1",3140,"Fibroblast"
"e16_s1_TTAATCCAGCCGCACT-1",2994,"ENS"
"e16_s1_TTAATCCAGTAGCAAT-1",1973,"Fibroblast"
"e16_s1_TTAATCCGTAGAATGT-1",1091,"Smooth muscle"
"e16_s1_TTAATCCGTCAGGTAG-1",794,"Myofibroblast"
"e16_s1_TTAATCCGTGGACTGA-1",3354,"ENS"
"e16_s1_TTAATCCGTTATCTTC-1",2269,"ENS"
"e16_s1_TTAATCCTCCGCGGAT-1",1973,"Fibroblast"
"e16_s1_TTACAGGCACAAGGTG-1",2491,"ENS"
"e16_s1_TTACAGGCAGGGTCTC-1",3126,"Myofibroblast"
"e16_s1_TTACAGGCATGAAAGT-1",1576,"Fibroblast"
"e16_s1_TTACAGGCATGGTACT-1",2089,"ENS"
"e16_s1_TTACAGGGTGGGTCAA-1",2891,"Fibroblast"
"e16_s1_TTACAGGTCACCTACC-1",760,"ENS"
"e16_s1_TTACAGGTCGCCTCTA-1",1003,"Foregut Basal"
"e16_s1_TTACCATAGCTCCATA-1",1375,"Myofibroblast"
"e16_s1_TTACCATAGCTGACCC-1",2563,"Foregut Basal"
"e16_s1_TTACCATAGTGGTGAC-1",1739,"Mesothelial"
"e16_s1_TTACCATCAAGTCCCG-1",3215,"Fibroblast"
"e16_s1_TTACCATCAGTTTGGT-1",2408,"ENS"
"e16_s1_TTACCATGTAGAGCTG-1",2497,"ICC"
"e16_s1_TTACCATGTCGGTAAG-1",916,"Fibroblast"
"e16_s1_TTACCGCAGAAGAGCA-1",1366,"Fibroblast"
"e16_s1_TTACCGCAGGTTGGTG-1",2659,"Fibroblast"
"e16_s1_TTACCGCGTGAAGCTG-1",2307,"Fibroblast"
"e16_s1_TTACCGCGTGTTACTG-1",2777,"Smooth muscle"
"e16_s1_TTACCGCTCAAGTCTG-1",2040,"Myofibroblast"
"e16_s1_TTACCGCTCCTCACTG-1",2118,"Fibroblast"
"e16_s1_TTACGCCAGAAATTCG-1",984,"Smooth muscle"
"e16_s1_TTACGCCAGCTTTCCC-1",1923,"ICC"
"e16_s1_TTACGCCCACTGTGTA-1",1860,"Fibroblast"
"e16_s1_TTACGCCCAGTCCGTG-1",2107,"Smooth muscle"
"e16_s1_TTACGCCGTTCAAACC-1",2953,"ENS"
"e16_s1_TTACGCCTCCATTCGC-1",598,"Smooth muscle"
"e16_s1_TTACGCCTCGCTAGCG-1",2953,"ENS"
"e16_s1_TTACGCCTCTTTGCTA-1",2517,"ENS"
"e16_s1_TTACGTTAGAGTCAAT-1",367,"Mesothelial"
"e16_s1_TTACGTTAGATCCCGC-1",2126,"ENS"
"e16_s1_TTACGTTAGCGAGTAC-1",2269,"ENS"
"e16_s1_TTACGTTCAAGCACAG-1",1997,"Smooth muscle"
"e16_s1_TTACGTTCAGCGTGCT-1",2205,"Endothelial"
"e16_s1_TTACGTTCAGGATGAC-1",1891,"Simple Epithelial"
"e16_s1_TTACGTTCATCGATCA-1",760,"ENS"
"e16_s1_TTACGTTGTCGCATCG-1",189,"ENS"
"e16_s1_TTACGTTTCAACCGAT-1",121,"ICC"
"e16_s1_TTACTGTAGCCTGTGC-1",3060,"ENS"
"e16_s1_TTACTGTAGTCTCCTC-1",829,"Myofibroblast"
"e16_s1_TTACTGTCACAAATAG-1",2800,"Endothelial"
"e16_s1_TTACTGTTCCGGCTTT-1",395,"Fibroblast"
"e16_s1_TTACTGTTCGACCATA-1",916,"Fibroblast"
"e16_s1_TTACTGTTCTTGCAGA-1",719,"Myofibroblast"
"e16_s1_TTAGGCAAGAATTGCA-1",2612,"Myofibroblast"
"e16_s1_TTAGGCAAGCACGGAT-1",1548,"Endothelial"
"e16_s1_TTAGGCACACAGTCGC-1",1654,"Simple Epithelial"
"e16_s1_TTAGGCACACCCTAGG-1",2696,"ENS"
"e16_s1_TTAGGCACAGAGTTGG-1",2294,"ENS"
"e16_s1_TTAGGCACAGCTCGGT-1",1029,"Endothelial"
"e16_s1_TTAGGCATCCACAAGT-1",1973,"Fibroblast"
"e16_s1_TTAGGCATCCCGTTCA-1",815,"Fibroblast"
"e16_s1_TTAGGCATCGCCGTGA-1",2250,"ENS"
"e16_s1_TTAGGGTCACACGTGC-1",3207,"Myofibroblast"
"e16_s1_TTAGGGTCAGGAAGTC-1",1861,"Fibroblast"
"e16_s1_TTAGGGTCAGTCGCAC-1",731,"Fibroblast"
"e16_s1_TTAGGGTGTAGCACGA-1",719,"Smooth muscle"
"e16_s1_TTAGGGTGTCTGCGCA-1",1999,"Fibroblast"
"e16_s1_TTAGGGTGTTCGGCTG-1",901,"ENS"
"e16_s1_TTAGGGTTCAGCCTCT-1",2911,"Fibroblast"
"e16_s1_TTAGGGTTCCTTGGAA-1",3060,"ENS"
"e16_s1_TTAGGGTTCTGCGAGC-1",2709,"ENS"
"e16_s1_TTAGTCTGTACTTCCC-1",3354,"ENS"
"e16_s1_TTATTGCAGACCAAAT-1",2483,"Fibroblast"
"e16_s1_TTATTGCCAACCACAT-1",2188,"Simple Epithelial"
"e16_s1_TTATTGCCACCAAAGG-1",1860,"Fibroblast"
"e16_s1_TTATTGCTCAACTGAC-1",2836,"Endothelial"
"e16_s1_TTATTGCTCACGACTA-1",936,"ENS"
"e16_s1_TTATTGCTCTAGTCAG-1",3385,"Fibroblast"
"e16_s1_TTCAATCAGATTCGCT-1",1427,"Myofibroblast"
"e16_s1_TTCAATCAGGTGCTGA-1",2928,"Fibroblast"
"e16_s1_TTCAATCCATCATTGG-1",2380,"Fibroblast"
"e16_s1_TTCAATCTCGATTTCT-1",1003,"Foregut Basal"
"e16_s1_TTCAATCTCTCATGCC-1",1706,"ENS"
"e16_s1_TTCACCGAGAGCACTG-1",2659,"ENS"
"e16_s1_TTCACCGAGTCACAGG-1",3251,"Mesothelial"
"e16_s1_TTCACCGCAAATGATG-1",719,"Fibroblast"
"e16_s1_TTCACCGCAGAACATA-1",1706,"ENS"
"e16_s1_TTCACCGGTGGGAGAG-1",815,"Fibroblast"
"e16_s1_TTCACCGGTTAAACCC-1",1312,"Fibroblast"
"e16_s1_TTCACCGTCCCGAGGT-1",2787,"Fibroblast"
"e16_s1_TTCACCGTCGCTTGCT-1",1973,"Fibroblast"
"e16_s1_TTCACGCAGCGAGGAG-1",1999,"Fibroblast"
"e16_s1_TTCACGCAGCTCGCAC-1",3340,"Smooth muscle"
"e16_s1_TTCACGCTCGAGAAAT-1",1627,"Fibroblast"
"e16_s1_TTCAGGAAGAAGCGCT-1",1003,"Foregut Basal"
"e16_s1_TTCAGGAAGCCTATTG-1",2217,"Fibroblast"
"e16_s1_TTCAGGAAGGTTGGTG-1",1999,"Fibroblast"
"e16_s1_TTCAGGACACGATTCA-1",1973,"Pericyte"
"e16_s1_TTCAGGAGTCCGACGT-1",1734,"ENS"
"e16_s1_TTCAGGAGTTGCGAAG-1",2307,"Pericyte"
"e16_s1_TTCAGGATCGGTCATA-1",2764,"Foregut Basal"
"e16_s1_TTCATGTCACAGACGA-1",424,"ENS"
"e16_s1_TTCATGTGTACATACC-1",1353,"Foregut Basal"
"e16_s1_TTCATGTGTCGTCATA-1",1850,"Foregut Basal"
"e16_s1_TTCATGTTCCCTCTTT-1",2918,"Fibroblast"
"e16_s1_TTCATTGAGACCGTTT-1",2493,"ENS"
"e16_s1_TTCATTGAGGGATCAC-1",2955,"ENS"
"e16_s1_TTCATTGAGTCTACCA-1",3199,"ENS"
"e16_s1_TTCATTGCAGCTAACT-1",502,"Fibroblast"
"e16_s1_TTCATTGGTATTTCTC-1",1999,"Pericyte"
"e16_s1_TTCATTGGTTCAAGTC-1",886,"ENS"
"e16_s1_TTCATTGTCACGGGAA-1",2106,"Myofibroblast"
"e16_s1_TTCATTGTCCGTGTGG-1",2040,"Smooth muscle"
"e16_s1_TTCATTGTCGCCAACG-1",3325,"Fibroblast"
"e16_s1_TTCATTGTCGCGTAGC-1",1994,"Fibroblast"
"e16_s1_TTCCAATAGGGATCTG-1",2645,"ENS"
"e16_s1_TTCCAATAGTAGTGCG-1",731,"Fibroblast"
"e16_s1_TTCCAATAGTTGAAGT-1",1185,"ENS"
"e16_s1_TTCCAATCACAAGCCC-1",2928,"Fibroblast"
"e16_s1_TTCCAATCATTGTGCA-1",2928,"Fibroblast"
"e16_s1_TTCCAATGTGCCTATA-1",3416,"ICC"
"e16_s1_TTCCAATGTTAAACAG-1",2203,"Endothelial"
"e16_s1_TTCCAATTCAAGTGGG-1",3215,"Smooth muscle"
"e16_s1_TTCCAATTCATCACTT-1",2269,"Endothelial"
"e16_s1_TTCCAATTCCGAGCTG-1",2089,"ENS"
"e16_s1_TTCCAATTCCTTTGAT-1",2692,"Fibroblast"
"e16_s1_TTCCACGAGACGCAGT-1",2891,"Fibroblast"
"e16_s1_TTCCACGCAGAAATTG-1",1973,"Fibroblast"
"e16_s1_TTCCACGGTACTCGTA-1",719,"Fibroblast"
"e16_s1_TTCCACGGTCGAGCTC-1",786,"ICC"
"e16_s1_TTCCGGTAGCTCTTCC-1",1914,"Smooth muscle"
"e16_s1_TTCCGGTAGTGCCCGT-1",794,"Fibroblast"
"e16_s1_TTCCGGTAGTGTAGAT-1",846,"Fibroblast"
"e16_s1_TTCCGGTGTCCACACG-1",1327,"Foregut Basal"
"e16_s1_TTCCGGTGTTGCCATA-1",1549,"Fibroblast"
"e16_s1_TTCCGGTTCTTAAGGC-1",2659,"Fibroblast"
"e16_s1_TTCCGTGAGCAAGTCG-1",656,"Fibroblast"
"e16_s1_TTCCGTGAGGTGCATG-1",1003,"Myofibroblast"
"e16_s1_TTCCGTGCAAAGTGTA-1",815,"Fibroblast"
"e16_s1_TTCCGTGCAGACTGCC-1",2709,"ENS"
"e16_s1_TTCCGTGCATGGAACG-1",702,"ENS"
"e16_s1_TTCCGTGGTATCATGC-1",3207,"Fibroblast"
"e16_s1_TTCCGTGGTCCACTCT-1",1158,"Myofibroblast"
"e16_s1_TTCCGTGGTCTGCAAT-1",2911,"Fibroblast"
"e16_s1_TTCCGTGTCCTTCAGC-1",2979,"Fibroblast"
"e16_s1_TTCCGTGTCTTTACAC-1",587,"ENS"
"e16_s1_TTCCTAAAGTAGATCA-1",2269,"ENS"
"e16_s1_TTCCTAAGTAAGGCTG-1",2777,"Fibroblast"
"e16_s1_TTCCTAAGTATGCTAC-1",2937,"Immune"
"e16_s1_TTCCTAAGTCATATGC-1",2307,"Fibroblast"
"e16_s1_TTCCTCTAGCAGTCTT-1",1003,"Foregut Basal"
"e16_s1_TTCCTCTCAGCTCTGG-1",3089,"ENS"
"e16_s1_TTCCTCTGTATGCAAA-1",719,"Fibroblast"
"e16_s1_TTCCTCTGTGATACCT-1",1555,"Endothelial"
"e16_s1_TTCCTTCCAATTTCCT-1",598,"Myofibroblast"
"e16_s1_TTCCTTCCACTTTATC-1",1999,"Fibroblast"
"e16_s1_TTCCTTCCAGCACAGA-1",2742,"Immune"
"e16_s1_TTCCTTCCATGACCCG-1",984,"ICC"
"e16_s1_TTCCTTCGTGGTAACG-1",3089,"ENS"
"e16_s1_TTCCTTCTCACGGGCT-1",2928,"Smooth muscle"
"e16_s1_TTCCTTCTCGAATGCT-1",1327,"Foregut Basal"
"e16_s1_TTCCTTCTCTCTCAAT-1",1796,"ENS"
"e16_s1_TTCGATTAGGCCTTGC-1",1028,"Endothelial"
"e16_s1_TTCGATTAGTATGCAA-1",1973,"Fibroblast"
"e16_s1_TTCGATTAGTTCTACG-1",208,"ENS"
"e16_s1_TTCGATTCAATTCACG-1",2483,"Myofibroblast"
"e16_s1_TTCGATTCATCGATCA-1",2843,"ICC"
"e16_s1_TTCGATTGTGTTAACC-1",1881,"ICC"
"e16_s1_TTCGCTGAGACATACA-1",1576,"Myofibroblast"
"e16_s1_TTCGCTGAGGCATCTT-1",719,"Fibroblast"
"e16_s1_TTCGCTGAGTCATTGC-1",2294,"ENS"
"e16_s1_TTCGCTGCACATCCCT-1",2953,"ENS"
"e16_s1_TTCGCTGCAGGGACTA-1",2110,"Fibroblast"
"e16_s1_TTCGCTGGTAACTGCT-1",1999,"Fibroblast"
"e16_s1_TTCGCTGGTGCATTTG-1",1999,"Fibroblast"
"e16_s1_TTCGGTCAGACCATAA-1",896,"Fibroblast"
"e16_s1_TTCGGTCCAGACTCTA-1",1312,"Mesothelial"
"e16_s1_TTCGGTCCATATACCG-1",2800,"Endothelial"
"e16_s1_TTCGGTCCATGTGACT-1",920,"ENS"
"e16_s1_TTCGGTCGTAGCGTAG-1",2581,"ENS"
"e16_s1_TTCGGTCTCACGAGGA-1",725,"Myofibroblast"
"e16_s1_TTCGGTCTCCGGGACT-1",938,"Fibroblast"
"e16_s1_TTCGGTCTCGACGTCG-1",886,"ENS"
"e16_s1_TTCGGTCTCGAGTCCG-1",1543,"Endothelial"
"e16_s1_TTCGGTCTCGCGCCAA-1",1576,"Myofibroblast"
"e16_s1_TTCTAACAGTTCACTG-1",1914,"Smooth muscle"
"e16_s1_TTCTAACCAAGATTGA-1",3354,"ENS"
"e16_s1_TTCTAACCACGACAGA-1",920,"ENS"
"e16_s1_TTCTAACCAGAGATGC-1",2764,"Foregut Basal"
"e16_s1_TTCTAACCATGACTCA-1",1312,"Mesothelial"
"e16_s1_TTCTAACGTACTAACC-1",461,"Fibroblast"
"e16_s1_TTCTAACGTACTCCCT-1",2110,"Fibroblast"
"e16_s1_TTCTAACGTAGGAAAG-1",2147,"ENS"
"e16_s1_TTCTAACTCCACTAGA-1",3227,"Fibroblast"
"e16_s1_TTCTAACTCGAAGCCC-1",794,"Myofibroblast"
"e16_s1_TTCTAGTAGACGAGCT-1",2777,"Smooth muscle"
"e16_s1_TTCTAGTAGGTACATA-1",2787,"Myofibroblast"
"e16_s1_TTCTAGTAGTGTTCCA-1",1211,"ENS"
"e16_s1_TTCTAGTCAATTCTCT-1",2891,"Fibroblast"
"e16_s1_TTCTAGTGTACAAGCG-1",702,"ENS"
"e16_s1_TTCTAGTGTGACACAG-1",938,"Fibroblast"
"e16_s1_TTCTAGTTCCTTATGT-1",1158,"Fibroblast"
"e16_s1_TTCTAGTTCTCGCTCA-1",3162,"Mesothelial"
"e16_s1_TTCTCTCAGAATACAC-1",2928,"Fibroblast"
"e16_s1_TTCTCTCAGACCCTTA-1",2891,"Fibroblast"
"e16_s1_TTCTCTCAGAGATGCC-1",2491,"ENS"
"e16_s1_TTCTCTCAGCACTGGA-1",1973,"Fibroblast"
"e16_s1_TTCTCTCCACTCTAGA-1",2042,"Fibroblast"
"e16_s1_TTCTCTCCAGAAATTG-1",1042,"Simple Epithelial"
"e16_s1_TTCTCTCGTAAGGCTG-1",225,"ENS"
"e16_s1_TTCTCTCTCCATAGAC-1",1882,"Fibroblast"
"e16_s1_TTCTGTAAGAGATGCC-1",2891,"Fibroblast"
"e16_s1_TTCTGTAAGGAACGAA-1",1122,"ENS"
"e16_s1_TTCTGTAAGGTGCCTC-1",2469,"ENS"
"e16_s1_TTCTGTACAGAGAGGG-1",1860,"Smooth muscle"
"e16_s1_TTCTGTACAGTGTACT-1",1312,"Myofibroblast"
"e16_s1_TTCTGTAGTTCTATCT-1",1003,"Foregut Basal"
"e16_s1_TTCTGTATCTAATTCC-1",2940,"Fibroblast"
"e16_s1_TTCTTCCAGAAATGGG-1",640,"Myofibroblast"
"e16_s1_TTCTTCCAGACCTTTG-1",2690,"Pericyte"
"e16_s1_TTCTTCCAGCATGAAT-1",2893,"Fibroblast"
"e16_s1_TTCTTCCAGGTCACTT-1",1353,"Foregut Basal"
"e16_s1_TTCTTCCCAAGCAATA-1",1035,"Fibroblast"
"e16_s1_TTCTTCCCACGTCTCT-1",794,"Fibroblast"
"e16_s1_TTCTTCCCAGCTACTA-1",1627,"Fibroblast"
"e16_s1_TTCTTCCCATCCGTGG-1",719,"Smooth muscle"
"e16_s1_TTCTTCCGTCCAGCGT-1",2891,"Fibroblast"
"e16_s1_TTCTTCCTCAGTGTTG-1",2777,"Myofibroblast"
"e16_s1_TTCTTGAAGGTTGTTC-1",1753,"Myofibroblast"
"e16_s1_TTCTTGAAGTGGATAT-1",491,"Fibroblast"
"e16_s1_TTCTTGAAGTTCCGGC-1",2047,"Smooth muscle"
"e16_s1_TTCTTGATCCACCTGT-1",2354,"Smooth muscle"
"e16_s1_TTCTTGATCCTAACAG-1",2090,"ENS"
"e16_s1_TTCTTGATCCTAAGTG-1",2040,"Smooth muscle"
"e16_s1_TTGAACGAGCGGGTTA-1",2992,"ENS"
"e16_s1_TTGAACGAGTCGGGAT-1",3314,"Fibroblast"
"e16_s1_TTGAACGCAGAGTTGG-1",398,"Smooth muscle"
"e16_s1_TTGAACGGTTAATGAG-1",2911,"Fibroblast"
"e16_s1_TTGAACGTCCATTGGA-1",2659,"Fibroblast"
"e16_s1_TTGAACGTCGGCATTA-1",387,"ENS"
"e16_s1_TTGACCCAGCCTTGAT-1",2971,"Foregut Basal"
"e16_s1_TTGACCCAGGCCGCTT-1",3023,"ENS"
"e16_s1_TTGACCCCATCACAGT-1",1003,"Foregut Basal"
"e16_s1_TTGACCCCATCCTCAC-1",1151,"Smooth muscle"
"e16_s1_TTGACCCGTCTCACGG-1",916,"Mesothelial"
"e16_s1_TTGACCCTCACGAGGA-1",1406,"ENS"
"e16_s1_TTGACCCTCCTCACTG-1",2064,"Smooth muscle"
"e16_s1_TTGACCCTCGACCACG-1",3031,"ENS"
"e16_s1_TTGAGTGAGCTACTAC-1",1594,"Fibroblast"
"e16_s1_TTGAGTGCACGCGTGT-1",1860,"Fibroblast"
"e16_s1_TTGAGTGCAGCTTCCT-1",1256,"ENS"
"e16_s1_TTGAGTGCATTCACAG-1",2396,"Fibroblast"
"e16_s1_TTGAGTGCATTCAGGT-1",1997,"Smooth muscle"
"e16_s1_TTGAGTGTCGACATTG-1",829,"Fibroblast"
"e16_s1_TTGAGTGTCGGCCAAC-1",2036,"Foregut Basal"
"e16_s1_TTGAGTGTCGTGGAAG-1",2463,"Fibroblast"
"e16_s1_TTGATGGAGCGATGAC-1",1860,"Fibroblast"
"e16_s1_TTGATGGAGGTAGTCG-1",3251,"Smooth muscle"
"e16_s1_TTGATGGCACTTACAG-1",2540,"Myofibroblast"
"e16_s1_TTGATGGGTTCAGCTA-1",2147,"ENS"
"e16_s1_TTGATGGTCCCAGGAC-1",3089,"ENS"
"e16_s1_TTGATGGTCCCGTTCA-1",2217,"Fibroblast"
"e16_s1_TTGATGGTCGAGCTGC-1",1576,"Fibroblast"
"e16_s1_TTGCATTAGGCATGCA-1",2928,"Fibroblast"
"e16_s1_TTGCATTCACCCTATC-1",3385,"Pericyte"
"e16_s1_TTGCATTGTAGTGTGG-1",2517,"ENS"
"e16_s1_TTGCATTGTCAAGGCA-1",1079,"Fibroblast"
"e16_s1_TTGCATTGTGAGATAT-1",2994,"Endothelial"
"e16_s1_TTGCATTTCCACAGGC-1",1861,"Fibroblast"
"e16_s1_TTGCATTTCCTCACTG-1",3262,"Fibroblast"
"e16_s1_TTGCATTTCGAGTCCG-1",2307,"Fibroblast"
"e16_s1_TTGCCTGAGGATCACG-1",504,"Fibroblast"
"e16_s1_TTGCCTGAGTCGTCTA-1",760,"ENS"
"e16_s1_TTGCCTGAGTTGAAGT-1",1995,"Fibroblast"
"e16_s1_TTGCCTGCAACTCGAT-1",3124,"ENS"
"e16_s1_TTGCCTGCAATTCTTC-1",2469,"ENS"
"e16_s1_TTGCCTGCAGAACATA-1",2145,"Fibroblast"
"e16_s1_TTGCCTGCATAGGTTC-1",2307,"Fibroblast"
"e16_s1_TTGCCTGTCTAGCATG-1",1999,"Fibroblast"
"e16_s1_TTGCGTCAGCCGGATA-1",794,"Myofibroblast"
"e16_s1_TTGCGTCCATCTTTCA-1",886,"ENS"
"e16_s1_TTGCGTCGTACGCGTC-1",1411,"Fibroblast"
"e16_s1_TTGCGTCTCAGAGTTC-1",952,"Endothelial"
"e16_s1_TTGCGTCTCCTGTACC-1",3251,"Mesothelial"
"e16_s1_TTGCGTCTCCTGTAGA-1",2904,"Fibroblast"
"e16_s1_TTGCGTCTCTGCGTCT-1",563,"ENS"
"e16_s1_TTGCTGCCACACCGAC-1",626,"ENS"
"e16_s1_TTGCTGCCACATATGC-1",2289,"ENS"
"e16_s1_TTGCTGCCACCTCAGG-1",984,"Smooth muscle"
"e16_s1_TTGCTGCTCACTAGCA-1",1436,"Myofibroblast"
"e16_s1_TTGCTGCTCGACACTA-1",707,"ENS"
"e16_s1_TTGCTGCTCTTCCAGC-1",2497,"Smooth muscle"
"e16_s1_TTGGATGAGGGCAGGA-1",1555,"Endothelial"
"e16_s1_TTGGATGAGGTAATCA-1",2493,"ENS"
"e16_s1_TTGGATGCAGTATGAA-1",1999,"Smooth muscle"
"e16_s1_TTGGATGGTGGTGATG-1",2940,"Fibroblast"
"e16_s1_TTGGATGTCACTGTTT-1",3199,"ENS"
"e16_s1_TTGGATGTCATTACTC-1",833,"Mesothelial"
"e16_s1_TTGGATGTCCTGTAAG-1",2994,"ENS"
"e16_s1_TTGGATGTCTGCGAGC-1",1973,"Fibroblast"
"e16_s1_TTGGGATAGAGGCTGT-1",1232,"ENS"
"e16_s1_TTGGGATCAAAGAACT-1",1861,"Fibroblast"
"e16_s1_TTGGGATCATTGCTTT-1",847,"Fibroblast"
"e16_s1_TTGGGCGAGGTCATTC-1",2891,"Fibroblast"
"e16_s1_TTGGGCGCAAAGGCTG-1",2203,"Endothelial"
"e16_s1_TTGGGCGCAGTGGCTC-1",2696,"ENS"
"e16_s1_TTGGGCGCATCTTTCA-1",1504,"Fibroblast"
"e16_s1_TTGGGCGCATGACGGA-1",794,"Fibroblast"
"e16_s1_TTGGGCGTCCGAGCTG-1",2483,"Fibroblast"
"e16_s1_TTGGGTAAGCCGATCC-1",2708,"ENS"
"e16_s1_TTGGGTAAGTCGTTAC-1",2040,"Smooth muscle"
"e16_s1_TTGGGTACACAAGGTG-1",2696,"ENS"
"e16_s1_TTGGGTACAGACTGCC-1",2928,"Fibroblast"
"e16_s1_TTGGGTACAGCAGTTT-1",2777,"Fibroblast"
"e16_s1_TTGGGTAGTTGACGGA-1",2690,"Pericyte"
"e16_s1_TTGGTTTAGCCAGTAG-1",1973,"Fibroblast"
"e16_s1_TTGGTTTCAATCGCAT-1",1627,"Fibroblast"
"e16_s1_TTGGTTTCAGCTGTCG-1",2670,"Fibroblast"
"e16_s1_TTGGTTTGTTCGATTG-1",2936,"Fibroblast"
"e16_s1_TTGGTTTTCAGCTTCC-1",198,"Fibroblast"
"e16_s1_TTGGTTTTCATATGGC-1",2347,"Fibroblast"
"e16_s1_TTGGTTTTCGACCACG-1",1973,"Fibroblast"
"e16_s1_TTGGTTTTCGCACTCT-1",1327,"Foregut Basal"
"e16_s1_TTGGTTTTCTCCCTAG-1",2905,"Fibroblast"
"e16_s1_TTGTGGAAGCATAGGC-1",3127,"Smooth muscle"
"e16_s1_TTGTGGAAGCTTCGTA-1",1692,"Endothelial"
"e16_s1_TTGTGGACAACACAAA-1",913,"Foregut Basal"
"e16_s1_TTGTGGACACCGTCTT-1",1133,"ENS"
"e16_s1_TTGTGGACAGAGTGAC-1",2408,"ENS"
"e16_s1_TTGTGGACATTCTCTA-1",794,"Myofibroblast"
"e16_s1_TTGTGGAGTCACTTCC-1",1806,"ENS"
"e16_s1_TTGTGGATCATGCCCT-1",3089,"ENS"
"e16_s1_TTGTGGATCGCCGAGT-1",3385,"Fibroblast"
"e16_s1_TTGTGGATCTTACGGA-1",1353,"Foregut Basal"
"e16_s1_TTGTGTTAGAGGTGCT-1",2483,"Fibroblast"
"e16_s1_TTGTGTTAGCTCGAAG-1",2754,"Endothelial"
"e16_s1_TTGTGTTAGTTGGACG-1",815,"Fibroblast"
"e16_s1_TTGTGTTCAAGACCTT-1",1327,"Foregut Basal"
"e16_s1_TTGTGTTCAAGAGAGA-1",1861,"Fibroblast"
"e16_s1_TTGTGTTGTAGTGCGA-1",3140,"Pericyte"
"e16_s1_TTGTGTTGTGATAGTA-1",2994,"ENS"
"e16_s1_TTGTGTTGTGGTCTTA-1",760,"ENS"
"e16_s1_TTGTGTTTCCCTCGTA-1",1914,"Smooth muscle"
"e16_s1_TTGTTCAAGAAATTGC-1",2893,"Fibroblast"
"e16_s1_TTGTTCAAGGACTGGT-1",550,"ENS"
"e16_s1_TTGTTCAAGGTGAGCT-1",2928,"Fibroblast"
"e16_s1_TTGTTCAGTAATGCGG-1",2645,"ENS"
"e16_s1_TTGTTCAGTCAATGGG-1",3207,"Fibroblast"
"e16_s1_TTGTTCAGTGGCCACT-1",2517,"ENS"
"e16_s1_TTGTTCATCCGCTTAC-1",2141,"Fibroblast"
"e16_s1_TTGTTGTAGTGATCGG-1",3028,"ENS"
"e16_s1_TTGTTGTGTGAGTAAT-1",1138,"Fibroblast"
"e16_s1_TTGTTGTTCCAAATGC-1",2840,"Endothelial"
"e16_s1_TTGTTGTTCCAAGCAT-1",1003,"Foregut Basal"
"e16_s1_TTGTTGTTCCAGTGTA-1",794,"Myofibroblast"
"e16_s1_TTGTTGTTCTGGCTGG-1",2203,"Endothelial"
"e16_s1_TTGTTTGAGCCTCTTC-1",2395,"Fibroblast"
"e16_s1_TTGTTTGCAGGACATG-1",2036,"Foregut Basal"
"e16_s1_TTGTTTGGTACCTGTA-1",1997,"Fibroblast"
"e16_s1_TTGTTTGGTCCAAAGG-1",1003,"Foregut Basal"
"e16_s1_TTGTTTGGTCGGATTT-1",2118,"ICC"
"e16_s1_TTGTTTGGTTTCGCTC-1",1918,"Endothelial"
"e16_s1_TTGTTTGTCGAGCACC-1",1475,"ENS"
"e16_s1_TTTACCACAACTCCAA-1",2911,"Fibroblast"
"e16_s1_TTTACCAGTACTGCCG-1",719,"Fibroblast"
"e16_s1_TTTACCAGTTTCCATT-1",2036,"Foregut Basal"
"e16_s1_TTTACCATCGCGTGCA-1",3207,"Myofibroblast"
"e16_s1_TTTACGTAGCGCATCC-1",916,"Fibroblast"
"e16_s1_TTTACGTAGGAGACCT-1",2893,"Fibroblast"
"e16_s1_TTTACGTCAAACCATC-1",2040,"Fibroblast"
"e16_s1_TTTACGTCAATCTCTT-1",1548,"Endothelial"
"e16_s1_TTTACGTCACCAGCCA-1",719,"Fibroblast"
"e16_s1_TTTACGTTCAGCTGAT-1",1353,"Foregut Basal"
"e16_s1_TTTACGTTCGCCTAGG-1",2110,"Fibroblast"
"e16_s1_TTTACTGAGAGTCGAC-1",786,"Fibroblast"
"e16_s1_TTTACTGAGCAGGTCA-1",815,"Fibroblast"
"e16_s1_TTTACTGAGTCGAGGT-1",3125,"Endothelial"
"e16_s1_TTTACTGCAACGTAAA-1",3232,"ENS"
"e16_s1_TTTACTGCACCATAAC-1",2294,"ENS"
"e16_s1_TTTACTGCACGAGGAT-1",1144,"Smooth muscle"
"e16_s1_TTTACTGCATGACACT-1",3327,"Fibroblast"
"e16_s1_TTTACTGGTAACTTCG-1",3346,"Endothelial"
"e16_s1_TTTACTGGTACAGAGC-1",938,"Myofibroblast"
"e16_s1_TTTACTGGTATTAAGG-1",2940,"Fibroblast"
"e16_s1_TTTACTGGTCCAGCCA-1",1091,"Fibroblast"
"e16_s1_TTTACTGGTGGCGCTT-1",1394,"Myofibroblast"
"e16_s1_TTTACTGTCAAGCGTT-1",2225,"Fibroblast"
"e16_s1_TTTACTGTCAATCCGA-1",886,"ENS"
"e16_s1_TTTACTGTCAGCTTCC-1",2937,"Immune"
"e16_s1_TTTAGTCCAAGGTCTT-1",140,"Smooth muscle"
"e16_s1_TTTAGTCGTAACTAAG-1",1213,"Endothelial"
"e16_s1_TTTAGTCGTAAGTCAA-1",2826,"Fibroblast"
"e16_s1_TTTAGTCGTCACTTAG-1",2017,"Fibroblast"
"e16_s1_TTTAGTCGTTATTCCT-1",1999,"Smooth muscle"
"e16_s1_TTTAGTCTCAGCAATC-1",2036,"Foregut Basal"
"e16_s1_TTTAGTCTCCATTTGT-1",2657,"ENS"
"e16_s1_TTTAGTCTCGGACTTA-1",3251,"Fibroblast"
"e16_s1_TTTAGTCTCGGTGTTA-1",2269,"ENS"
"e16_s1_TTTAGTCTCGTTCTAT-1",2972,"ENS"
"e16_s1_TTTAGTCTCTAAGCGT-1",548,"ENS"
"e16_s1_TTTATGCAGTTGCGAG-1",640,"ICC"
"e16_s1_TTTATGCCAGTTAGGG-1",2843,"Mesothelial"
"e16_s1_TTTATGCGTAGAAACT-1",1327,"Foregut Basal"
"e16_s1_TTTATGCGTAGTCACT-1",829,"Fibroblast"
"e16_s1_TTTATGCGTATACCTG-1",3207,"Fibroblast"
"e16_s1_TTTATGCGTCACCACG-1",2307,"Fibroblast"
"e16_s1_TTTATGCGTCAGCGTC-1",3089,"ENS"
"e16_s1_TTTATGCGTGGAACAC-1",3354,"ENS"
"e16_s1_TTTATGCTCTCTCGCA-1",1316,"Fibroblast"
"e16_s1_TTTCACAAGAAGTCAT-1",1973,"Myofibroblast"
"e16_s1_TTTCACAAGGCCTAAG-1",276,"ENS"
"e16_s1_TTTCACACAGAACTAA-1",2307,"Fibroblast"
"e16_s1_TTTCACACAGCCTACG-1",563,"ENS"
"e16_s1_TTTCACAGTACGGTTT-1",2721,"Endothelial"
"e16_s1_TTTCACAGTCTTGCGG-1",1112,"ENS"
"e16_s1_TTTCAGTAGAAATTCG-1",3251,"Pericyte"
"e16_s1_TTTCAGTAGCTAAACA-1",322,"ENS"
"e16_s1_TTTCAGTAGGTAAGAG-1",1557,"Fibroblast"
"e16_s1_TTTCAGTCAGCGACAA-1",2089,"ENS"
"e16_s1_TTTCAGTCATGCCGAC-1",1973,"Fibroblast"
"e16_s1_TTTCAGTGTAGTACGG-1",1999,"Fibroblast"
"e16_s1_TTTCAGTGTATTCCTT-1",1619,"Endothelial"
"e16_s1_TTTCAGTGTCCATCTC-1",1555,"Endothelial"
"e16_s1_TTTCAGTGTTAAGCAA-1",2918,"Smooth muscle"
"e16_s1_TTTCAGTGTTGCATAC-1",1001,"Fibroblast"
"e16_s1_TTTCATGCACAGTGTT-1",2048,"Mesothelial"
"e16_s1_TTTCATGCACTCCGGA-1",1999,"Fibroblast"
"e16_s1_TTTCATGGTTCATCTT-1",886,"ENS"
"e16_s1_TTTCATGGTTTGCAGT-1",566,"ENS"
"e16_s1_TTTCATGTCAGCTGAT-1",719,"Fibroblast"
"e16_s1_TTTCCTCAGGGCCCTT-1",2940,"Fibroblast"
"e16_s1_TTTCCTCCACGACCTG-1",2994,"ENS"
"e16_s1_TTTCCTCGTCGGAAAC-1",2787,"Mesothelial"
"e16_s1_TTTCCTCTCATTTACC-1",3207,"Fibroblast"
"e16_s1_TTTCCTCTCGCTTGAA-1",2794,"Fibroblast"
"e16_s1_TTTCGATAGCGTGCCT-1",2294,"ENS"
"e16_s1_TTTCGATAGTCCCGGT-1",1973,"Fibroblast"
"e16_s1_TTTCGATCAGAGCGTA-1",794,"Myofibroblast"
"e16_s1_TTTCGATCAGGGTCTC-1",598,"Fibroblast"
"e16_s1_TTTCGATCATCACGGC-1",1996,"Fibroblast"
"e16_s1_TTTCGATCATTGCCTC-1",3060,"ENS"
"e16_s1_TTTCGATGTACAATAG-1",1593,"ICC"
"e16_s1_TTTCGATGTCGCCACA-1",1179,"Smooth muscle"
"e16_s1_TTTCGATGTTAGCGGA-1",1003,"Foregut Basal"
"e16_s1_TTTCGATTCAATGTCG-1",1327,"Foregut Basal"
"e16_s1_TTTCGATTCTTCTGGC-1",1185,"ENS"
"e16_s1_TTTGACTAGGCTATCT-1",3251,"Myofibroblast"
"e16_s1_TTTGACTAGGGTATAT-1",1796,"ENS"
"e16_s1_TTTGACTCACGCCACA-1",1973,"Fibroblast"
"e16_s1_TTTGACTCACGTGAGA-1",2928,"Myofibroblast"
"e16_s1_TTTGACTGTACAAGCG-1",2036,"Foregut Basal"
"e16_s1_TTTGACTTCCTAAACG-1",3067,"ENS"
"e16_s1_TTTGATCAGAAGCCAC-1",2497,"ICC"
"e16_s1_TTTGATCAGAGGATGA-1",1999,"Fibroblast"
"e16_s1_TTTGATCAGCCTGAGA-1",2493,"ENS"
"e16_s1_TTTGATCAGCGATGCA-1",1973,"Fibroblast"
"e16_s1_TTTGATCCAGAGTGAC-1",1853,"ENS"
"e16_s1_TTTGATCCAGTTGAAA-1",3021,"ICC"
"e16_s1_TTTGATCCATCCGTGG-1",1571,"Fibroblast"
"e16_s1_TTTGATCGTGTCGATT-1",794,"Fibroblast"
"e16_s1_TTTGATCTCCAAATGC-1",2517,"ENS"
"e16_s1_TTTGGAGAGATAGCAT-1",2491,"ENS"
"e16_s1_TTTGGAGAGCTCGACC-1",1003,"Foregut Basal"
"e16_s1_TTTGGAGAGGGATCTG-1",1353,"Foregut Basal"
"e16_s1_TTTGGAGCACCGTGCA-1",1018,"Foregut Basal"
"e16_s1_TTTGGAGGTGCTGCAC-1",1095,"Fibroblast"
"e16_s1_TTTGGAGTCAAACCTG-1",1999,"Fibroblast"
"e16_s1_TTTGGAGTCAGGAGAC-1",2469,"ENS"
"e16_s1_TTTGGAGTCCGATAAC-1",1621,"Endothelial"
"e16_s1_TTTGGAGTCGCCACTT-1",1548,"Endothelial"
"e16_s1_TTTGGAGTCGGTTGTA-1",598,"Fibroblast"
"e16_s1_TTTGGTTAGGCATCAG-1",1627,"Fibroblast"
"e16_s1_TTTGGTTAGGCCTGAA-1",2893,"Fibroblast"
"e16_s1_TTTGGTTCAAACGTGG-1",2102,"ENS"
"e16_s1_TTTGGTTCAAGCGATG-1",1657,"Foregut Basal"
"e16_s1_TTTGGTTCAAGGGCAT-1",2928,"Smooth muscle"
"e16_s1_TTTGGTTCATGGGTTT-1",2659,"Fibroblast"
"e16_s1_TTTGGTTGTCATAACC-1",2443,"Fibroblast"
"e16_s1_TTTGGTTGTGCTGCAC-1",794,"ICC"
"e16_s1_TTTGGTTGTGTGTGTT-1",2891,"Fibroblast"
"e16_s1_TTTGGTTTCTCTCCGA-1",3162,"Mesothelial"
"e16_s1_TTTGGTTTCTCTGGTC-1",2891,"Fibroblast"
"e16_s1_TTTGTTGCAAGCAGGT-1",3031,"ENS"
"e16_s1_TTTGTTGCATCTATCT-1",2868,"ENS"
"e16_s1_TTTGTTGGTAGAGGAA-1",2203,"Endothelial"
"e16_s1_TTTGTTGGTTGTCCCT-1",550,"Fibroblast"
"e16_s1_TTTGTTGTCACATCAG-1",886,"ENS"
"e16_ji1_AAACCCAAGCTCCGAC-1",2531,"Fibroblast"
"e16_ji1_AAACCCAAGTACCCTA-1",2719,"Fibroblast"
"e16_ji1_AAACCCACAGTAGGAC-1",1175,"Mesothelial"
"e16_ji1_AAACCCACAGTTGCGC-1",3089,"ENS"
"e16_ji1_AAACCCAGTATGGAGC-1",1105,"ENS"
"e16_ji1_AAACCCAGTCAAAGCG-1",1100,"Fibroblast"
"e16_ji1_AAACCCAGTTAACAGA-1",2126,"ENS"
"e16_ji1_AAACCCATCTACACAG-1",2882,"Smooth muscle"
"e16_ji1_AAACCCATCTTCGTAT-1",2198,"Myofibroblast"
"e16_ji1_AAACGAAAGCCTCGTG-1",3205,"Myofibroblast"
"e16_ji1_AAACGAAAGTGCTCGC-1",668,"Immune"
"e16_ji1_AAACGAATCACCGACG-1",1263,"ENS"
"e16_ji1_AAACGAATCTGCATAG-1",1900,"Myofibroblast"
"e16_ji1_AAACGCTAGGAACGAA-1",1886,"Myofibroblast"
"e16_ji1_AAACGCTAGGTACAGC-1",773,"Myofibroblast"
"e16_ji1_AAACGCTCAAGTTCGT-1",899,"Fibroblast"
"e16_ji1_AAACGCTGTACGTACT-1",550,"ENS"
"e16_ji1_AAACGCTGTCGTTTCC-1",2645,"Immune"
"e16_ji1_AAACGCTGTTGTTGTG-1",1165,"Smooth muscle"
"e16_ji1_AAAGAACAGAAGCTCG-1",2165,"Smooth muscle"
"e16_ji1_AAAGAACAGGAGGGTG-1",882,"Myofibroblast"
"e16_ji1_AAAGAACAGGGTCAAC-1",2635,"Smooth muscle"
"e16_ji1_AAAGAACTCACGGTCG-1",920,"ENS"
"e16_ji1_AAAGAACTCCATAAGC-1",3235,"Smooth muscle"
"e16_ji1_AAAGAACTCCCATGGG-1",1688,"ENS"
"e16_ji1_AAAGGATAGGCTAGCA-1",620,"ICC"
"e16_ji1_AAAGGATCAACAACAA-1",2798,"Smooth muscle"
"e16_ji1_AAAGGATTCACACGAT-1",3089,"ENS"
"e16_ji1_AAAGGATTCGACATTG-1",2250,"ENS"
"e16_ji1_AAAGGATTCTAAGAAG-1",2645,"ENS"
"e16_ji1_AAAGGGCCAACCGACC-1",2796,"Fibroblast"
"e16_ji1_AAAGGGCCAGTATACC-1",2986,"Myofibroblast"
"e16_ji1_AAAGGGCCATGCGTGC-1",3344,"Myofibroblast"
"e16_ji1_AAAGGGCGTACCCACG-1",2294,"ENS"
"e16_ji1_AAAGGGCTCCTGTAAG-1",1673,"ENS"
"e16_ji1_AAAGGTACAAAGGGCT-1",1609,"ENS"
"e16_ji1_AAAGGTACAACACACT-1",2798,"Fibroblast"
"e16_ji1_AAAGGTACAACATCGT-1",1493,"ENS"
"e16_ji1_AAAGGTAGTCATTCCC-1",3089,"ENS"
"e16_ji1_AAAGGTAGTTTCAGAC-1",2126,"ENS"
"e16_ji1_AAAGGTATCACTACGA-1",1403,"ENS"
"e16_ji1_AAAGGTATCTACTCAT-1",3089,"ENS"
"e16_ji1_AAAGTCCAGAGCTGCA-1",1796,"ENS"
"e16_ji1_AAAGTCCAGCTAAGTA-1",2546,"Smooth muscle"
"e16_ji1_AAAGTCCAGCTGTTCA-1",3028,"ENS"
"e16_ji1_AAAGTCCAGTGGATAT-1",1307,"Mesothelial"
"e16_ji1_AAAGTCCAGTTACGGG-1",2583,"ENS"
"e16_ji1_AAAGTCCCAATGTTGC-1",2709,"ENS"
"e16_ji1_AAAGTCCGTATTGAGA-1",3332,"Myofibroblast"
"e16_ji1_AAAGTCCTCGGTAACT-1",2027,"Myofibroblast"
"e16_ji1_AAAGTGACACCCTTGT-1",3354,"ENS"
"e16_ji1_AAAGTGACAGCTCATA-1",1507,"Simple Epithelial"
"e16_ji1_AAAGTGACAGGCAATG-1",2134,"Fibroblast"
"e16_ji1_AAAGTGAGTCAAGCCC-1",3384,"Myofibroblast"
"e16_ji1_AAAGTGAGTTGGGAAC-1",1343,"Smooth muscle"
"e16_ji1_AAAGTGATCTACTATC-1",749,"Fibroblast"
"e16_ji1_AAAGTGATCTCGTTTA-1",1588,"Fibroblast"
"e16_ji1_AAATGGAAGAAATGGG-1",2552,"Fibroblast"
"e16_ji1_AAATGGAAGAACAAGG-1",2408,"ENS"
"e16_ji1_AAATGGAAGTCTCTGA-1",3153,"Fibroblast"
"e16_ji1_AAATGGACAAGCAATA-1",3196,"Fibroblast"
"e16_ji1_AAATGGACAAGTGTCT-1",863,"ENS"
"e16_ji1_AAATGGACAGCTGCCA-1",2337,"Smooth muscle"
"e16_ji1_AAATGGACAGGTCAGA-1",2454,"Smooth muscle"
"e16_ji1_AAATGGAGTGGGTCAA-1",1688,"ENS"
"e16_ji1_AAATGGAGTTTGGAAA-1",1597,"Fibroblast"
"e16_ji1_AAATGGATCTGCGGAC-1",1748,"Smooth muscle"
"e16_ji1_AACAAAGAGAGCAACC-1",3089,"ENS"
"e16_ji1_AACAAAGCACTCCACT-1",3089,"ENS"
"e16_ji1_AACAAAGCACTGTTCC-1",1900,"Fibroblast"
"e16_ji1_AACAAAGCAGCCCAGT-1",2431,"Myofibroblast"
"e16_ji1_AACAAAGGTAGCGCTC-1",673,"Fibroblast"
"e16_ji1_AACAAAGTCGGATACT-1",903,"Fibroblast"
"e16_ji1_AACAACCCAAACTAGA-1",2226,"Smooth muscle"
"e16_ji1_AACAACCCATTATGCG-1",1381,"Smooth muscle"
"e16_ji1_AACAACCGTAGAGCTG-1",1704,"Immune"
"e16_ji1_AACAACCTCCTCACCA-1",2214,"Smooth muscle"
"e16_ji1_AACAAGAAGCGTCTCG-1",1219,"Pericyte"
"e16_ji1_AACAAGAAGGGCAGAG-1",2126,"ENS"
"e16_ji1_AACAAGAAGGTGCGAT-1",117,"Myofibroblast"
"e16_ji1_AACAAGACACATGTTG-1",767,"Fibroblast"
"e16_ji1_AACAAGAGTTCGTACA-1",3130,"Smooth muscle"
"e16_ji1_AACAAGATCAAGCCAT-1",1787,"Smooth muscle"
"e16_ji1_AACAAGATCACGATCA-1",920,"ENS"
"e16_ji1_AACAAGATCATTGCTT-1",682,"Fibroblast"
"e16_ji1_AACACACAGATGCTGG-1",3244,"Fibroblast"
"e16_ji1_AACACACCAATTGGTC-1",1100,"Smooth muscle"
"e16_ji1_AACACACCACACAGCC-1",1066,"Fibroblast"
"e16_ji1_AACACACCATCATCTT-1",2069,"Smooth muscle"
"e16_ji1_AACACACCATGACGAG-1",2709,"ENS"
"e16_ji1_AACACACGTCCTCATC-1",2796,"Smooth muscle"
"e16_ji1_AACACACTCCGTTTCG-1",1087,"Fibroblast"
"e16_ji1_AACACACTCGGATACT-1",920,"ENS"
"e16_ji1_AACAGGGAGTCGTCTA-1",2567,"Smooth muscle"
"e16_ji1_AACAGGGCAAGGCTTT-1",2250,"ENS"
"e16_ji1_AACAGGGGTCGCGTTG-1",1730,"Fibroblast"
"e16_ji1_AACAGGGGTTCAACGT-1",3354,"ENS"
"e16_ji1_AACAGGGGTTCGTACA-1",1553,"ENS"
"e16_ji1_AACAGGGTCAGTCTTT-1",1688,"ENS"
"e16_ji1_AACAGGGTCGAAACAA-1",571,"ENS"
"e16_ji1_AACAGGGTCGAGATGG-1",2338,"Smooth muscle"
"e16_ji1_AACAGGGTCGCCTTTG-1",1106,"ENS"
"e16_ji1_AACCAACAGATAGCAT-1",3031,"ENS"
"e16_ji1_AACCAACAGTATGCAA-1",1106,"ENS"
"e16_ji1_AACCAACCAATGCTCA-1",2868,"ENS"
"e16_ji1_AACCAACCACGAGGTA-1",2496,"Fibroblast"
"e16_ji1_AACCAACCACTAGTAC-1",2431,"Smooth muscle"
"e16_ji1_AACCAACCAGCACAAG-1",1219,"Fibroblast"
"e16_ji1_AACCAACGTTTACCAG-1",2147,"ENS"
"e16_ji1_AACCAACTCACAACCA-1",2357,"Smooth muscle"
"e16_ji1_AACCAACTCGCGATCG-1",1238,"Fibroblast"
"e16_ji1_AACCAACTCTATACGG-1",1719,"Smooth muscle"
"e16_ji1_AACCACAAGAGTCTGG-1",2323,"Smooth muscle"
"e16_ji1_AACCACAAGATCGACG-1",2482,"Smooth muscle"
"e16_ji1_AACCACAAGCATCAAA-1",1597,"Smooth muscle"
"e16_ji1_AACCACACAAACCACT-1",3023,"ENS"
"e16_ji1_AACCACACAGTCTCTC-1",3396,"Myofibroblast"
"e16_ji1_AACCACACATGGGTCC-1",2337,"Smooth muscle"
"e16_ji1_AACCACAGTAGTTAGA-1",855,"Smooth muscle"
"e16_ji1_AACCACATCGCTAATG-1",2567,"Fibroblast"
"e16_ji1_AACCACATCGGCCAAC-1",1167,"Fibroblast"
"e16_ji1_AACCATGAGGAGTACC-1",2696,"ENS"
"e16_ji1_AACCATGCATCAGCAT-1",3350,"Myofibroblast"
"e16_ji1_AACCATGGTACGAGTG-1",1462,"ICC"
"e16_ji1_AACCATGGTGGGACAT-1",1122,"ENS"
"e16_ji1_AACCATGTCAGCCTTC-1",2226,"Myofibroblast"
"e16_ji1_AACCATGTCCGCTAGG-1",986,"Smooth muscle"
"e16_ji1_AACCATGTCCTTTGAT-1",2126,"ENS"
"e16_ji1_AACCCAAAGACATCAA-1",3238,"Fibroblast"
"e16_ji1_AACCCAAAGCCTCATA-1",687,"ICC"
"e16_ji1_AACCCAATCACATTGG-1",3354,"ENS"
"e16_ji1_AACCCAATCATTACTC-1",513,"ENS"
"e16_ji1_AACCCAATCTCGCGTT-1",2126,"ENS"
"e16_ji1_AACCTGAAGCTGGAGT-1",546,"ENS"
"e16_ji1_AACCTGACAGCCTATA-1",3354,"ENS"
"e16_ji1_AACCTGACAGCTCTGG-1",1900,"Fibroblast"
"e16_ji1_AACCTGACATCTTAGG-1",1066,"Myofibroblast"
"e16_ji1_AACCTGAGTCCCACGA-1",591,"ENS"
"e16_ji1_AACCTGATCTGGAGAG-1",2955,"ENS"
"e16_ji1_AACCTGATCTGGCCTT-1",3089,"ENS"
"e16_ji1_AACCTGATCTTCGATT-1",1597,"Fibroblast"
"e16_ji1_AACCTTTAGACAAGCC-1",2592,"Fibroblast"
"e16_ji1_AACCTTTGTACATTGC-1",1037,"Smooth muscle"
"e16_ji1_AACCTTTGTCCTATAG-1",737,"Endothelial"
"e16_ji1_AACCTTTGTCTGCCTT-1",2147,"ENS"
"e16_ji1_AACCTTTTCTCATTGT-1",1443,"ENS"
"e16_ji1_AACCTTTTCTCTGGTC-1",3089,"ENS"
"e16_ji1_AACGAAAAGATGTTGA-1",1699,"Smooth muscle"
"e16_ji1_AACGAAAAGCGAGTAC-1",2955,"ENS"
"e16_ji1_AACGAAAAGTTTGTCG-1",2581,"ENS"
"e16_ji1_AACGAAACAGAACTTC-1",1053,"ENS"
"e16_ji1_AACGAAACAGCATTGT-1",2250,"Smooth muscle"
"e16_ji1_AACGAAAGTAGTCTGT-1",3089,"ENS"
"e16_ji1_AACGAAAGTCGAGTGA-1",2250,"ENS"
"e16_ji1_AACGAAAGTCTACATG-1",365,"ENS"
"e16_ji1_AACGAAATCTTCGACC-1",1719,"Simple Epithelial"
"e16_ji1_AACGAAATCTTTCCGG-1",2878,"Myofibroblast"
"e16_ji1_AACGGGAAGCGACCCT-1",864,"ENS"
"e16_ji1_AACGGGAAGTCTACCA-1",987,"Fibroblast"
"e16_ji1_AACGGGAAGTGGTGAC-1",1609,"ENS"
"e16_ji1_AACGGGACAACCGGAA-1",3089,"ENS"
"e16_ji1_AACGGGACACTACAGT-1",2436,"Fibroblast"
"e16_ji1_AACGGGACAGAGTCTT-1",1743,"Endothelial"
"e16_ji1_AACGGGACATGGACAG-1",1106,"ENS"
"e16_ji1_AACGGGACATGGGTCC-1",1419,"Endothelial"
"e16_ji1_AACGTCAAGATGGGCT-1",903,"Fibroblast"
"e16_ji1_AACGTCACACCAATTG-1",2263,"Smooth muscle"
"e16_ji1_AACGTCAGTACAACGG-1",1031,"Mesothelial"
"e16_ji1_AACGTCAGTACTCCGG-1",2070,"Endothelial"
"e16_ji1_AACGTCATCAACTTTC-1",1688,"ENS"
"e16_ji1_AACGTCATCATCAGTG-1",978,"ENS"
"e16_ji1_AACGTCATCTAGGAAA-1",3098,"ENS"
"e16_ji1_AACTTCTAGACGAAGA-1",791,"Fibroblast"
"e16_ji1_AACTTCTAGACTAAGT-1",1256,"ENS"
"e16_ji1_AACTTCTAGAGGTATT-1",2070,"Endothelial"
"e16_ji1_AACTTCTAGGGAGGTG-1",737,"Endothelial"
"e16_ji1_AACTTCTCAAAGCGTG-1",1204,"ENS"
"e16_ji1_AACTTCTGTATCACCA-1",3156,"Immune"
"e16_ji1_AACTTCTTCGCCAGTG-1",3353,"ENS"
"e16_ji1_AACTTCTTCGCGCTGA-1",3089,"ENS"
"e16_ji1_AAGAACACAAGCCCAC-1",1673,"ENS"
"e16_ji1_AAGAACACACTGGATT-1",1404,"ENS"
"e16_ji1_AAGAACATCCGAACGC-1",3220,"Fibroblast"
"e16_ji1_AAGAACATCTGCGGGT-1",2641,"Fibroblast"
"e16_ji1_AAGACAAAGAGGGTGG-1",2645,"ENS"
"e16_ji1_AAGACAAAGGTAGCCA-1",2077,"Simple Epithelial"
"e16_ji1_AAGACAAGTCTGCAAT-1",773,"Myofibroblast"
"e16_ji1_AAGACAAGTGGTAACG-1",2513,"Myofibroblast"
"e16_ji1_AAGACAATCCATCAGA-1",1300,"Smooth muscle"
"e16_ji1_AAGACAATCGTCAAAC-1",2431,"Smooth muscle"
"e16_ji1_AAGACAATCTATCGCC-1",3089,"ENS"
"e16_ji1_AAGACTCAGAGTGAAG-1",2126,"ENS"
"e16_ji1_AAGACTCCACACGGTC-1",2994,"ENS"
"e16_ji1_AAGACTCCACTACCGG-1",3080,"Myofibroblast"
"e16_ji1_AAGACTCCATGTGCCG-1",920,"ENS"
"e16_ji1_AAGACTCTCCATTTGT-1",1524,"Smooth muscle"
"e16_ji1_AAGACTCTCCCAGCGA-1",1704,"Immune"
"e16_ji1_AAGACTCTCGCCCAGA-1",865,"ENS"
"e16_ji1_AAGACTCTCGTTGTTT-1",2409,"ENS"
"e16_ji1_AAGATAGCAAGCGCTC-1",798,"Fibroblast"
"e16_ji1_AAGATAGCACTTCTCG-1",1540,"Fibroblast"
"e16_ji1_AAGATAGCATGACTTG-1",3354,"ENS"
"e16_ji1_AAGATAGTCATTCGTT-1",2645,"ENS"
"e16_ji1_AAGATAGTCCATTTGT-1",3332,"Smooth muscle"
"e16_ji1_AAGATAGTCCTTCACG-1",2269,"ENS"
"e16_ji1_AAGATAGTCTCGCTCA-1",1743,"Endothelial"
"e16_ji1_AAGATAGTCTTACCGC-1",1609,"ENS"
"e16_ji1_AAGCATCAGGTTCCAT-1",1401,"ICC"
"e16_ji1_AAGCATCCACTCTGCT-1",1068,"Fibroblast"
"e16_ji1_AAGCATCGTTCTCCTG-1",1454,"Mesothelial"
"e16_ji1_AAGCATCTCATTCGTT-1",1747,"Fibroblast"
"e16_ji1_AAGCATCTCTATCGGA-1",392,"ENS"
"e16_ji1_AAGCCATAGATGGGCT-1",2089,"ENS"
"e16_ji1_AAGCCATCATAGAAAC-1",1122,"ENS"
"e16_ji1_AAGCCATTCACCGGGT-1",1346,"Fibroblast"
"e16_ji1_AAGCCATTCATTCGGA-1",1908,"Fibroblast"
"e16_ji1_AAGCCATTCTCATTGT-1",2337,"Fibroblast"
"e16_ji1_AAGCCATTCTCTATGT-1",3031,"ENS"
"e16_ji1_AAGCCATTCTTAAGGC-1",1765,"Smooth muscle"
"e16_ji1_AAGCGAGAGACATACA-1",2739,"Fibroblast"
"e16_ji1_AAGCGAGGTATAATGG-1",1926,"Fibroblast"
"e16_ji1_AAGCGAGTCCTTCTAA-1",2147,"ENS"
"e16_ji1_AAGCGAGTCTGGAGAG-1",2269,"ENS"
"e16_ji1_AAGCGTTAGCTGTTCA-1",1706,"ENS"
"e16_ji1_AAGCGTTAGTTAACGA-1",2173,"Endothelial"
"e16_ji1_AAGCGTTAGTTCCATG-1",744,"Fibroblast"
"e16_ji1_AAGCGTTCAAACGGCA-1",3023,"ENS"
"e16_ji1_AAGCGTTCAACGTAAA-1",668,"Immune"
"e16_ji1_AAGCGTTCACCCATAA-1",2147,"ENS"
"e16_ji1_AAGCGTTCACTCCACT-1",1347,"Myofibroblast"
"e16_ji1_AAGCGTTGTATGCAAA-1",2069,"Endothelial"
"e16_ji1_AAGCGTTGTATTGCCA-1",1597,"Smooth muscle"
"e16_ji1_AAGCGTTTCTATTTCG-1",3031,"ENS"
"e16_ji1_AAGGAATAGCCATTCA-1",107,"Fibroblast"
"e16_ji1_AAGGAATAGCGCGTTC-1",673,"Smooth muscle"
"e16_ji1_AAGGAATCAATTCACG-1",2992,"ENS"
"e16_ji1_AAGGAATGTCGTGTTA-1",2955,"ENS"
"e16_ji1_AAGGAATTCCGAGAAG-1",3089,"ENS"
"e16_ji1_AAGGAATTCGCTCATC-1",2570,"ENS"
"e16_ji1_AAGGAATTCGTAACAC-1",1743,"Endothelial"
"e16_ji1_AAGGTAAAGGTAAAGG-1",3031,"ENS"
"e16_ji1_AAGGTAAAGTTGCATC-1",1787,"Fibroblast"
"e16_ji1_AAGGTAACATATCTGG-1",221,"ENS"
"e16_ji1_AAGGTAAGTCTAACTG-1",2815,"Fibroblast"
"e16_ji1_AAGGTAATCCAACCAA-1",760,"ENS"
"e16_ji1_AAGGTAATCGTAGGAG-1",1688,"ENS"
"e16_ji1_AAGGTAATCGTAGTGT-1",1053,"ENS"
"e16_ji1_AAGTACCAGAAATTGC-1",749,"ENS"
"e16_ji1_AAGTACCCAATAGGAT-1",1673,"ENS"
"e16_ji1_AAGTACCCACTTGTGA-1",2736,"ENS"
"e16_ji1_AAGTACCGTTACTCAG-1",1122,"ENS"
"e16_ji1_AAGTACCTCCTTCTTC-1",3269,"Pericyte"
"e16_ji1_AAGTACCTCTTAGCTT-1",2269,"ENS"
"e16_ji1_AAGTCGTAGGTCATTC-1",3239,"Fibroblast"
"e16_ji1_AAGTCGTAGTCACGAG-1",744,"Fibroblast"
"e16_ji1_AAGTCGTCAATCCTAG-1",971,"ENS"
"e16_ji1_AAGTCGTCAATCTGCA-1",886,"ENS"
"e16_ji1_AAGTCGTCACCAGCCA-1",2269,"ENS"
"e16_ji1_AAGTCGTCATCCTTGC-1",1793,"Fibroblast"
"e16_ji1_AAGTCGTGTAAGGAGA-1",2512,"Mesothelial"
"e16_ji1_AAGTCGTGTCGAATTC-1",2078,"Endothelial"
"e16_ji1_AAGTCGTGTGTCCGGT-1",2994,"ENS"
"e16_ji1_AAGTCGTTCCCGAAAT-1",1796,"ENS"
"e16_ji1_AAGTCGTTCCCGAATA-1",2603,"Fibroblast"
"e16_ji1_AAGTCGTTCCGTGTGG-1",1048,"Smooth muscle"
"e16_ji1_AAGTCGTTCTAGGCCG-1",744,"ICC"
"e16_ji1_AAGTGAAAGCGTTCCG-1",749,"ENS"
"e16_ji1_AAGTGAAAGGTCATTC-1",2581,"ENS"
"e16_ji1_AAGTGAAAGTATAGAC-1",667,"Smooth muscle"
"e16_ji1_AAGTGAAAGTATGACA-1",791,"Myofibroblast"
"e16_ji1_AAGTGAACATACAGCT-1",3031,"ENS"
"e16_ji1_AAGTGAACATTCGGGC-1",2436,"Smooth muscle"
"e16_ji1_AAGTGAAGTTTAAGGA-1",2821,"Smooth muscle"
"e16_ji1_AAGTGAATCCTGTTGC-1",1906,"Smooth muscle"
"e16_ji1_AAGTGAATCGGCCTTT-1",1122,"ENS"
"e16_ji1_AAGTTCGAGTCACAGG-1",1912,"Myofibroblast"
"e16_ji1_AAGTTCGAGTCTACCA-1",2533,"Smooth muscle"
"e16_ji1_AAGTTCGAGTTGGCTT-1",2126,"ENS"
"e16_ji1_AAGTTCGCACATTGTG-1",3354,"ENS"
"e16_ji1_AAGTTCGCAGCACACC-1",1567,"ENS"
"e16_ji1_AAGTTCGCAGCAGGAT-1",1540,"Fibroblast"
"e16_ji1_AAGTTCGGTAGAGACC-1",757,"ENS"
"e16_ji1_AAGTTCGGTGCATTAC-1",3089,"ENS"
"e16_ji1_AAGTTCGTCCTAACAG-1",2720,"Fibroblast"
"e16_ji1_AATAGAGAGCGCCCAT-1",2109,"Mesothelial"
"e16_ji1_AATAGAGAGCTCGAAG-1",773,"Myofibroblast"
"e16_ji1_AATAGAGAGCTGCGAA-1",3031,"ENS"
"e16_ji1_AATAGAGCAACGATCT-1",1908,"Smooth muscle"
"e16_ji1_AATAGAGCAAGTGGCA-1",2169,"Fibroblast"
"e16_ji1_AATAGAGCAGTAGGAC-1",2269,"ENS"
"e16_ji1_AATAGAGGTGAACCGA-1",2458,"Endothelial"
"e16_ji1_AATAGAGGTGCAAGAC-1",1054,"ENS"
"e16_ji1_AATCACGAGCATTGTC-1",3089,"ENS"
"e16_ji1_AATCACGAGCTGTACT-1",1220,"Fibroblast"
"e16_ji1_AATCACGAGCTTTCTT-1",791,"Mesothelial"
"e16_ji1_AATCACGAGTGGAATT-1",3089,"ENS"
"e16_ji1_AATCACGCAAGGAGTC-1",1598,"ENS"
"e16_ji1_AATCACGCACTGTCCT-1",396,"Fibroblast"
"e16_ji1_AATCACGCAGTATACC-1",1741,"Myofibroblast"
"e16_ji1_AATCACGCATCGCTAA-1",2868,"ENS"
"e16_ji1_AATCACGCATGGTACT-1",1568,"ENS"
"e16_ji1_AATCACGGTCAACGCC-1",3417,"Fibroblast"
"e16_ji1_AATCACGGTTGCGAAG-1",1167,"Smooth muscle"
"e16_ji1_AATCACGTCATCGGGC-1",1796,"ENS"
"e16_ji1_AATCACGTCGCTGACG-1",1673,"ENS"
"e16_ji1_AATCGACAGAGTCAGC-1",1730,"Fibroblast"
"e16_ji1_AATCGACCAAAGTGTA-1",1482,"ENS"
"e16_ji1_AATCGACCAAATGGTA-1",3178,"Immune"
"e16_ji1_AATCGACCACCGTCGA-1",1736,"Smooth muscle"
"e16_ji1_AATCGACCATTGAAGA-1",3269,"Fibroblast"
"e16_ji1_AATCGACGTAACACCT-1",2547,"Smooth muscle"
"e16_ji1_AATCGACGTACACGCC-1",3089,"ENS"
"e16_ji1_AATCGACTCGCATGAT-1",516,"Fibroblast"
"e16_ji1_AATCGACTCTCTCGAC-1",2147,"ENS"
"e16_ji1_AATCGTGAGCACCGTC-1",1068,"Fibroblast"
"e16_ji1_AATCGTGAGCTGTTAC-1",2812,"Fibroblast"
"e16_ji1_AATCGTGAGGTAAGAG-1",946,"Fibroblast"
"e16_ji1_AATCGTGAGTCAGCCC-1",3089,"ENS"
"e16_ji1_AATCGTGCAAAGACGC-1",3368,"Fibroblast"
"e16_ji1_AATCGTGCATTCATCT-1",1122,"ENS"
"e16_ji1_AATGAAGAGTAAAGCT-1",3175,"Smooth muscle"
"e16_ji1_AATGAAGGTATCACGT-1",1507,"Simple Epithelial"
"e16_ji1_AATGAAGGTCGAGCTC-1",3153,"Fibroblast"
"e16_ji1_AATGAAGGTGTGGACA-1",1796,"ENS"
"e16_ji1_AATGACCAGACATCCT-1",2434,"Myofibroblast"
"e16_ji1_AATGACCAGATAACAC-1",2557,"Smooth muscle"
"e16_ji1_AATGACCAGTACTCGT-1",2583,"ENS"
"e16_ji1_AATGACCAGTATCCTG-1",1106,"ENS"
"e16_ji1_AATGACCCAGTCAACT-1",1452,"Fibroblast"
"e16_ji1_AATGACCGTATGGAGC-1",908,"Fibroblast"
"e16_ji1_AATGACCTCAAGTGTC-1",1559,"Fibroblast"
"e16_ji1_AATGACCTCTAGTGTG-1",1444,"ENS"
"e16_ji1_AATGCCAAGATCCCGC-1",2452,"Myofibroblast"
"e16_ji1_AATGCCAGTAGCTGAG-1",1388,"Smooth muscle"
"e16_ji1_AATGCCAGTCGAGTGA-1",482,"ENS"
"e16_ji1_AATGCCAGTGAGTCAG-1",918,"Myofibroblast"
"e16_ji1_AATGCCAGTTACCGTA-1",920,"ENS"
"e16_ji1_AATGCCATCATTGCCC-1",1688,"ENS"
"e16_ji1_AATGCCATCTCGTTTA-1",2432,"ICC"
"e16_ji1_AATGGAAAGAATTGTG-1",433,"ENS"
"e16_ji1_AATGGAAAGCACGATG-1",3031,"ENS"
"e16_ji1_AATGGAAAGCCTGAAG-1",2507,"Fibroblast"
"e16_ji1_AATGGAAAGCTGTCCG-1",2089,"ENS"
"e16_ji1_AATGGAAAGTATTCCG-1",776,"Smooth muscle"
"e16_ji1_AATGGAAAGTCAACAA-1",810,"Fibroblast"
"e16_ji1_AATGGAAAGTCGCTAT-1",2535,"Simple Epithelial"
"e16_ji1_AATGGAAAGTTAGAAC-1",2138,"Smooth muscle"
"e16_ji1_AATGGAACAACCGCTG-1",1673,"ENS"
"e16_ji1_AATGGAACAACGCATT-1",2709,"ENS"
"e16_ji1_AATGGAACATCGGAGA-1",3268,"Smooth muscle"
"e16_ji1_AATGGAAGTACTTCCC-1",2473,"Smooth muscle"
"e16_ji1_AATGGAATCATAGGCT-1",2719,"Myofibroblast"
"e16_ji1_AATGGAATCATTCATC-1",2937,"Immune"
"e16_ji1_AATGGCTGTACTTGTG-1",2147,"ENS"
"e16_ji1_AATGGCTTCCCTCGTA-1",1303,"Myofibroblast"
"e16_ji1_AATTCCTAGCCTATTG-1",1167,"Smooth muscle"
"e16_ji1_AATTCCTAGGGCAACT-1",3089,"ENS"
"e16_ji1_AATTCCTGTGACTCGC-1",2583,"ENS"
"e16_ji1_AATTCCTTCTGGCCGA-1",2775,"Myofibroblast"
"e16_ji1_AATTTCCAGCGTCGAA-1",633,"Fibroblast"
"e16_ji1_AATTTCCAGTCAACAA-1",2658,"Smooth muscle"
"e16_ji1_AATTTCCCAAACTAGA-1",2635,"Myofibroblast"
"e16_ji1_AATTTCCCAATAAGGT-1",1540,"Fibroblast"
"e16_ji1_AATTTCCCACCTAAAC-1",3354,"ENS"
"e16_ji1_AATTTCCCATTGTCGA-1",2215,"Myofibroblast"
"e16_ji1_AATTTCCGTGCTGTCG-1",1317,"Endothelial"
"e16_ji1_AATTTCCGTTCAGCTA-1",2512,"Mesothelial"
"e16_ji1_ACAAAGAAGAGTCAGC-1",2458,"Endothelial"
"e16_ji1_ACAAAGAAGATGAATC-1",760,"ENS"
"e16_ji1_ACAAAGAAGCGTACAG-1",2025,"Smooth muscle"
"e16_ji1_ACAAAGAAGGTTACCT-1",2753,"Immune"
"e16_ji1_ACAAAGAAGTGCAGCA-1",141,"Fibroblast"
"e16_ji1_ACAAAGAGTAAGCTCT-1",1569,"ENS"
"e16_ji1_ACAAAGAGTCAGTCCG-1",2337,"Fibroblast"
"e16_ji1_ACAAAGAGTCGCATCG-1",3265,"Smooth muscle"
"e16_ji1_ACAAAGATCAAAGGTA-1",2937,"Immune"
"e16_ji1_ACAAAGATCAACGTGT-1",2645,"ENS"
"e16_ji1_ACAAAGATCACTACGA-1",3089,"ENS"
"e16_ji1_ACAAAGATCACTGGTA-1",2144,"Myofibroblast"
"e16_ji1_ACAAAGATCCGTGGTG-1",2807,"Pericyte"
"e16_ji1_ACAAAGATCCTTGAAG-1",1796,"ENS"
"e16_ji1_ACAACCAAGCCTGTCG-1",668,"Immune"
"e16_ji1_ACAACCACACTCCGGA-1",851,"Immune"
"e16_ji1_ACAACCACATGTTCGA-1",1700,"Mesothelial"
"e16_ji1_ACAACCATCGGTCACG-1",3059,"ENS"
"e16_ji1_ACAAGCTAGAGTTGAT-1",2063,"Smooth muscle"
"e16_ji1_ACAAGCTAGATTCGAA-1",1404,"ENS"
"e16_ji1_ACAAGCTCACAACATC-1",1106,"ENS"
"e16_ji1_ACAAGCTGTCATCTAG-1",1381,"Smooth muscle"
"e16_ji1_ACAAGCTGTCGCGTCA-1",2994,"ENS"
"e16_ji1_ACAAGCTTCTGGGCAC-1",773,"Fibroblast"
"e16_ji1_ACACAGTAGGTGCTTT-1",2735,"Smooth muscle"
"e16_ji1_ACACAGTCACGTTCGG-1",3059,"ENS"
"e16_ji1_ACACAGTCAGCAGACA-1",1445,"ENS"
"e16_ji1_ACACAGTCAGCGGTTC-1",2710,"ENS"
"e16_ji1_ACACAGTCAGTTACCA-1",3089,"ENS"
"e16_ji1_ACACAGTTCCCGAAAT-1",1002,"Mesothelial"
"e16_ji1_ACACCAAAGAGGTATT-1",1796,"ENS"
"e16_ji1_ACACCAAAGCCTCAGC-1",1699,"Mesothelial"
"e16_ji1_ACACCAACAAAGACTA-1",1428,"Smooth muscle"
"e16_ji1_ACACCAAGTGGCCTCA-1",1706,"ENS"
"e16_ji1_ACACCAAGTTGAGAGC-1",2815,"Fibroblast"
"e16_ji1_ACACGCGAGAGCTTTC-1",1106,"ENS"
"e16_ji1_ACACGCGCAAAGAACT-1",2458,"Endothelial"
"e16_ji1_ACACGCGCATGGGAAC-1",1100,"Fibroblast"
"e16_ji1_ACACGCGGTAACCAGG-1",3089,"ENS"
"e16_ji1_ACACGCGGTCCCACGA-1",13,"Fibroblast"
"e16_ji1_ACACGCGGTGTATCCA-1",2581,"ENS"
"e16_ji1_ACACTGAAGGGCCAAT-1",1046,"Mesothelial"
"e16_ji1_ACACTGAAGGTGCCAA-1",1717,"Smooth muscle"
"e16_ji1_ACACTGACAACTACGT-1",3141,"Smooth muscle"
"e16_ji1_ACACTGACAACTCGAT-1",3067,"ENS"
"e16_ji1_ACACTGACAAGCGCTC-1",1544,"Myofibroblast"
"e16_ji1_ACACTGACACTTTAGG-1",3089,"ENS"
"e16_ji1_ACACTGAGTCCAGTTA-1",2757,"ENS"
"e16_ji1_ACACTGAGTCGTATGT-1",2269,"ENS"
"e16_ji1_ACACTGAGTCTCAGAT-1",2446,"Fibroblast"
"e16_ji1_ACACTGAGTGGGTCAA-1",1796,"ENS"
"e16_ji1_ACACTGAGTGTAACGG-1",776,"Smooth muscle"
"e16_ji1_ACACTGATCAGGTGTT-1",285,"Fibroblast"
"e16_ji1_ACACTGATCAGTGCGC-1",2645,"ENS"
"e16_ji1_ACACTGATCCATTCGC-1",2512,"Mesothelial"
"e16_ji1_ACACTGATCTTCGATT-1",3354,"ENS"
"e16_ji1_ACAGAAAAGAATTTGG-1",1829,"ENS"
"e16_ji1_ACAGAAAAGACATACA-1",2516,"Fibroblast"
"e16_ji1_ACAGAAAAGCGTTGTT-1",1893,"Fibroblast"
"e16_ji1_ACAGAAAAGGGCAAGG-1",3354,"ENS"
"e16_ji1_ACAGAAAAGGTGCTTT-1",1122,"ENS"
"e16_ji1_ACAGAAACAATTGAGA-1",1897,"Endothelial"
"e16_ji1_ACAGAAACATCTCAAG-1",2077,"Endothelial"
"e16_ji1_ACAGAAAGTCCTCATC-1",1893,"Fibroblast"
"e16_ji1_ACAGAAATCTGGGCAC-1",1597,"Fibroblast"
"e16_ji1_ACAGCCGAGAATTTGG-1",1796,"ENS"
"e16_ji1_ACAGCCGCATTCTGTT-1",2173,"Endothelial"
"e16_ji1_ACAGCCGGTATAATGG-1",690,"Fibroblast"
"e16_ji1_ACAGCCGTCGCAATTG-1",744,"Fibroblast"
"e16_ji1_ACAGCCGTCGGTAACT-1",3059,"ENS"
"e16_ji1_ACAGCCGTCTGCTCTG-1",2294,"ENS"
"e16_ji1_ACAGGGACACTTCATT-1",848,"Smooth muscle"
"e16_ji1_ACAGGGAGTGCGGCTT-1",904,"Smooth muscle"
"e16_ji1_ACAGGGAGTTTCACTT-1",3089,"ENS"
"e16_ji1_ACAGGGATCGATACAC-1",77,"Fibroblast"
"e16_ji1_ACATCCCAGCCAGTAG-1",1196,"Smooth muscle"
"e16_ji1_ACATCCCCAAATTGCC-1",1567,"ENS"
"e16_ji1_ACATCCCTCCGACATA-1",1706,"ENS"
"e16_ji1_ACATCCCTCGACCACG-1",3354,"ENS"
"e16_ji1_ACATCCCTCTAGTGAC-1",758,"ENS"
"e16_ji1_ACATCGACACTAACCA-1",920,"ENS"
"e16_ji1_ACATCGATCACCATCC-1",1941,"Smooth muscle"
"e16_ji1_ACATCGATCGTTACCC-1",2613,"ENS"
"e16_ji1_ACATCGATCTTACGGA-1",2226,"Smooth muscle"
"e16_ji1_ACATGCAAGACCGTTT-1",2250,"ENS"
"e16_ji1_ACATGCAAGGTTAAAC-1",2696,"ENS"
"e16_ji1_ACATGCAGTGACACGA-1",1743,"Endothelial"
"e16_ji1_ACATTTCCACTGGCCA-1",1796,"ENS"
"e16_ji1_ACATTTCCATGATGCT-1",2796,"Smooth muscle"
"e16_ji1_ACATTTCCATTCATCT-1",647,"Smooth muscle"
"e16_ji1_ACATTTCTCACACCGG-1",2124,"ENS"
"e16_ji1_ACATTTCTCCGAGTGC-1",2408,"ENS"
"e16_ji1_ACCAAACAGGACAGCT-1",2089,"ENS"
"e16_ji1_ACCAAACCAAATGATG-1",1559,"ICC"
"e16_ji1_ACCAAACGTACGTGTT-1",1215,"Smooth muscle"
"e16_ji1_ACCAAACGTCGATTTG-1",550,"ENS"
"e16_ji1_ACCAAACGTGTCTTAG-1",2314,"Smooth muscle"
"e16_ji1_ACCAAACTCGAAGAAT-1",3196,"Smooth muscle"
"e16_ji1_ACCAAACTCGCGTGCA-1",419,"Pericyte"
"e16_ji1_ACCAACAAGCACTAGG-1",1333,"Smooth muscle"
"e16_ji1_ACCAACAAGGAAGTAG-1",472,"ENS"
"e16_ji1_ACCAACAAGTGATGGC-1",3175,"Fibroblast"
"e16_ji1_ACCAACACAAAGAACT-1",2627,"Myofibroblast"
"e16_ji1_ACCAACACAATAGTGA-1",1533,"Smooth muscle"
"e16_ji1_ACCAACAGTTGTCCCT-1",2126,"ENS"
"e16_ji1_ACCAACAGTTGTGGCC-1",883,"Myofibroblast"
"e16_ji1_ACCAACATCAGAGTGG-1",626,"ENS"
"e16_ji1_ACCAACATCGCTGCGA-1",2951,"ICC"
"e16_ji1_ACCAACATCTCCGATC-1",2399,"Fibroblast"
"e16_ji1_ACCACAACAAGTCATC-1",2399,"Smooth muscle"
"e16_ji1_ACCACAACACCTCGTT-1",232,"Fibroblast"
"e16_ji1_ACCACAAGTATGTGTC-1",3089,"ENS"
"e16_ji1_ACCACAAGTCGTAATC-1",2408,"ENS"
"e16_ji1_ACCACAAGTTCTCGCT-1",1122,"ENS"
"e16_ji1_ACCATTTAGCATACTC-1",3354,"ENS"
"e16_ji1_ACCATTTAGGACATCG-1",3356,"ENS"
"e16_ji1_ACCATTTAGGTGGCTA-1",2635,"Smooth muscle"
"e16_ji1_ACCATTTAGGTGGTTG-1",1106,"ENS"
"e16_ji1_ACCATTTCACTCAGAT-1",1831,"ENS"
"e16_ji1_ACCATTTGTCCAATCA-1",855,"Smooth muscle"
"e16_ji1_ACCATTTGTCTAATCG-1",2425,"Pericyte"
"e16_ji1_ACCATTTGTGGGTATG-1",2642,"Smooth muscle"
"e16_ji1_ACCATTTGTTTCCATT-1",2751,"Simple Epithelial"
"e16_ji1_ACCATTTTCCATCACC-1",1780,"ENS"
"e16_ji1_ACCATTTTCCCATTCG-1",2126,"ENS"
"e16_ji1_ACCCAAAAGTAACGTA-1",2532,"Smooth muscle"
"e16_ji1_ACCCAAACATTACGGT-1",3163,"Fibroblast"
"e16_ji1_ACCCTCAAGAGTAACT-1",372,"ENS"
"e16_ji1_ACCCTCAAGCCGCTTG-1",137,"ENS"
"e16_ji1_ACCCTCAAGCGTACAG-1",592,"ENS"
"e16_ji1_ACCCTCAAGGAGCAAA-1",2739,"Fibroblast"
"e16_ji1_ACCCTCAGTCTTGTCC-1",3354,"ENS"
"e16_ji1_ACCCTCATCATTCGGA-1",2696,"ENS"
"e16_ji1_ACCCTCATCGACGTCG-1",2768,"Fibroblast"
"e16_ji1_ACCCTCATCGGAGTAG-1",856,"Smooth muscle"
"e16_ji1_ACCCTTGAGACGCATG-1",2147,"ENS"
"e16_ji1_ACCCTTGAGGCCCACT-1",2079,"Endothelial"
"e16_ji1_ACCCTTGCATCCTCAC-1",918,"Smooth muscle"
"e16_ji1_ACCCTTGCATTAAGCC-1",2478,"Myofibroblast"
"e16_ji1_ACCCTTGGTAGCGATG-1",2868,"ENS"
"e16_ji1_ACCCTTGGTCGTTATG-1",1688,"ENS"
"e16_ji1_ACCCTTGGTTCGGTTA-1",3089,"Fibroblast"
"e16_ji1_ACCCTTGTCCATAGGT-1",39,"Smooth muscle"
"e16_ji1_ACCCTTGTCGTACACA-1",1796,"ENS"
"e16_ji1_ACCCTTGTCGTGCACG-1",2645,"ENS"
"e16_ji1_ACCCTTGTCTCCTACG-1",2105,"Fibroblast"
"e16_ji1_ACCGTTCAGAATGTTG-1",2180,"ICC"
"e16_ji1_ACCGTTCAGTTAGTAG-1",1076,"Fibroblast"
"e16_ji1_ACCGTTCCAACCTAAC-1",2645,"ENS"
"e16_ji1_ACCGTTCCACACGGTC-1",1787,"Fibroblast"
"e16_ji1_ACCGTTCGTCGTGGAA-1",565,"ENS"
"e16_ji1_ACCGTTCTCTCCTGAC-1",2070,"Endothelial"
"e16_ji1_ACCTACCAGCGAGTAC-1",3067,"ENS"
"e16_ji1_ACCTACCAGCTATCCA-1",2465,"Smooth muscle"
"e16_ji1_ACCTACCAGGTCTTTG-1",626,"ENS"
"e16_ji1_ACCTACCGTGTTAAAG-1",2673,"Myofibroblast"
"e16_ji1_ACCTACCTCATCGCCT-1",2090,"ENS"
"e16_ji1_ACCTACCTCCTTTGAT-1",2491,"ENS"
"e16_ji1_ACCTACCTCGCCTTTG-1",923,"Endothelial"
"e16_ji1_ACCTGAAAGCATTGTC-1",1454,"Fibroblast"
"e16_ji1_ACCTGAACAGTATTCG-1",554,"ENS"
"e16_ji1_ACCTGAACATTGAGGG-1",3089,"ENS"
"e16_ji1_ACCTGAACATTGCAAC-1",3029,"ENS"
"e16_ji1_ACCTGAAGTTGGGCCT-1",3089,"ENS"
"e16_ji1_ACCTGAATCTCAACGA-1",3375,"Smooth muscle"
"e16_ji1_ACCTGTCAGCTTCGTA-1",667,"Smooth muscle"
"e16_ji1_ACCTGTCAGTTTAGGA-1",2405,"Smooth muscle"
"e16_ji1_ACCTGTCCAAGGCAAC-1",2627,"Smooth muscle"
"e16_ji1_ACCTGTCCATCGAACT-1",3179,"Immune"
"e16_ji1_ACCTGTCGTGAACTAA-1",2872,"ENS"
"e16_ji1_ACCTGTCGTGCTTCAA-1",2126,"ENS"
"e16_ji1_ACCTGTCTCAAGCTGT-1",1066,"Fibroblast"
"e16_ji1_ACCTGTCTCGCGGACT-1",2581,"ENS"
"e16_ji1_ACGATCAAGCAGGGAG-1",3332,"Smooth muscle"
"e16_ji1_ACGATCAAGCCATTTG-1",2454,"Fibroblast"
"e16_ji1_ACGATCAAGGCGCTTC-1",2214,"ICC"
"e16_ji1_ACGATCACATGGCACC-1",2408,"ENS"
"e16_ji1_ACGATCACATTATGCG-1",3089,"ENS"
"e16_ji1_ACGATCACATTCACCC-1",1796,"ENS"
"e16_ji1_ACGATCACATTCGGGC-1",1825,"ENS"
"e16_ji1_ACGATCAGTAACACGG-1",886,"ENS"
"e16_ji1_ACGATCAGTCTGTCAA-1",1730,"Fibroblast"
"e16_ji1_ACGATCAGTTAAGGAT-1",3031,"ENS"
"e16_ji1_ACGATCAGTTTACGTG-1",3089,"ENS"
"e16_ji1_ACGATCATCTGTTCAT-1",34,"ENS"
"e16_ji1_ACGATCATCTTGTTAC-1",988,"Smooth muscle"
"e16_ji1_ACGATGTAGGCTTCCG-1",2269,"ENS"
"e16_ji1_ACGATGTCAAGACGGT-1",2144,"Smooth muscle"
"e16_ji1_ACGATGTGTTACACTG-1",2635,"Smooth muscle"
"e16_ji1_ACGATGTTCAAGAATG-1",3384,"Myofibroblast"
"e16_ji1_ACGATGTTCCCAGGCA-1",2076,"Mesothelial"
"e16_ji1_ACGATGTTCGTGTGGC-1",1796,"ENS"
"e16_ji1_ACGATGTTCTTCGCTG-1",2623,"Myofibroblast"
"e16_ji1_ACGCACGAGCTACAAA-1",2613,"ENS"
"e16_ji1_ACGCACGCAACATACC-1",2090,"ENS"
"e16_ji1_ACGCACGCAGAGTGAC-1",3376,"Myofibroblast"
"e16_ji1_ACGCACGGTAAGGTCG-1",1673,"ENS"
"e16_ji1_ACGCACGGTCAAAGCG-1",1247,"Fibroblast"
"e16_ji1_ACGCACGGTCCTTGTC-1",1905,"Fibroblast"
"e16_ji1_ACGCACGGTCTGGTTA-1",1412,"Fibroblast"
"e16_ji1_ACGCACGGTTCGCGTG-1",986,"Smooth muscle"
"e16_ji1_ACGGAAGAGACTGTTC-1",3089,"ENS"
"e16_ji1_ACGGAAGAGGCAGGGA-1",109,"ENS"
"e16_ji1_ACGGAAGCACCCTTGT-1",2798,"Fibroblast"
"e16_ji1_ACGGAAGGTCATATGC-1",1835,"ENS"
"e16_ji1_ACGGAAGTCAAGTGTC-1",2751,"Simple Epithelial"
"e16_ji1_ACGGGTCAGACCTTTG-1",2709,"ENS"
"e16_ji1_ACGGGTCAGATTTGCC-1",2433,"Smooth muscle"
"e16_ji1_ACGGGTCCACGGCGTT-1",737,"Endothelial"
"e16_ji1_ACGGGTCTCTGGGTCG-1",1743,"Endothelial"
"e16_ji1_ACGGTCGAGAGAATCT-1",2822,"Fibroblast"
"e16_ji1_ACGGTCGCACGGGCTT-1",3089,"ENS"
"e16_ji1_ACGGTCGCATAGGAGC-1",1525,"Smooth muscle"
"e16_ji1_ACGGTCGGTAGGACCA-1",3059,"ENS"
"e16_ji1_ACGGTCGGTAGGTCAG-1",2269,"ENS"
"e16_ji1_ACGGTCGTCCTGTAAG-1",3239,"Fibroblast"
"e16_ji1_ACGGTCGTCTAATTCC-1",2077,"Endothelial"
"e16_ji1_ACGGTCGTCTTCGCTG-1",1070,"Fibroblast"
"e16_ji1_ACGGTTAAGAATCTAG-1",3196,"Myofibroblast"
"e16_ji1_ACGGTTAAGGAAGTGA-1",1588,"Smooth muscle"
"e16_ji1_ACGGTTAAGGATCACG-1",2323,"Fibroblast"
"e16_ji1_ACGGTTACAAACCGGA-1",2751,"Simple Epithelial"
"e16_ji1_ACGGTTACACTTGGGC-1",593,"ENS"
"e16_ji1_ACGGTTACAGTCGTTA-1",990,"ICC"
"e16_ji1_ACGGTTACATGATGCT-1",2289,"Endothelial"
"e16_ji1_ACGGTTAGTCGCATTA-1",3089,"ENS"
"e16_ji1_ACGGTTATCCGTATAG-1",2561,"ENS"
"e16_ji1_ACGGTTATCGCTAATG-1",3024,"ENS"
"e16_ji1_ACGGTTATCGGTCATA-1",3156,"Immune"
"e16_ji1_ACGGTTATCTTGGAAC-1",2269,"ENS"
"e16_ji1_ACGTAACAGATGGCGT-1",1730,"Smooth muscle"
"e16_ji1_ACGTAACAGCTCGCAC-1",2408,"ENS"
"e16_ji1_ACGTAACAGGCAGTCA-1",2986,"Smooth muscle"
"e16_ji1_ACGTAACCACCAGGTC-1",1688,"ENS"
"e16_ji1_ACGTAACGTCCCTAAA-1",2544,"Endothelial"
"e16_ji1_ACGTAACGTTATCTGG-1",2425,"Fibroblast"
"e16_ji1_ACGTACAAGATCGCTT-1",591,"ENS"
"e16_ji1_ACGTACAAGCCTGCCA-1",2431,"Fibroblast"
"e16_ji1_ACGTACAAGTACTGGG-1",2820,"ENS"
"e16_ji1_ACGTACAAGTCGCCAC-1",1796,"ENS"
"e16_ji1_ACGTACACACGTGAGA-1",1515,"Fibroblast"
"e16_ji1_ACGTACAGTCTGCCTT-1",3397,"Fibroblast"
"e16_ji1_ACGTAGTAGCACGATG-1",2613,"ENS"
"e16_ji1_ACGTAGTCAATAGGAT-1",2147,"ENS"
"e16_ji1_ACGTAGTCACACACTA-1",366,"ENS"
"e16_ji1_ACGTAGTGTCTGTCAA-1",1309,"Fibroblast"
"e16_ji1_ACGTAGTGTTCCACAA-1",3089,"ENS"
"e16_ji1_ACGTAGTTCCACAAGT-1",2423,"Myofibroblast"
"e16_ji1_ACGTCCTAGTCAGCCC-1",2214,"Smooth muscle"
"e16_ji1_ACGTCCTGTTCTCAGA-1",1673,"ENS"
"e16_ji1_ACGTCCTTCCTAAGTG-1",3099,"ENS"
"e16_ji1_ACGTCCTTCTAGACCA-1",737,"Endothelial"
"e16_ji1_ACGTCCTTCTGATTCT-1",2077,"Endothelial"
"e16_ji1_ACGTTCCAGGAGGCAG-1",668,"Immune"
"e16_ji1_ACGTTCCCAGCAGTAG-1",3031,"ENS"
"e16_ji1_ACGTTCCCATGAAAGT-1",850,"Simple Epithelial"
"e16_ji1_ACGTTCCTCCTGCTAC-1",1511,"Simple Epithelial"
"e16_ji1_ACGTTCCTCGAAGCCC-1",3282,"Smooth muscle"
"e16_ji1_ACGTTCCTCGCTCCTA-1",823,"Fibroblast"
"e16_ji1_ACGTTCCTCGGCTTCT-1",2323,"Fibroblast"
"e16_ji1_ACTACGAAGTGCCGAA-1",2994,"ENS"
"e16_ji1_ACTACGACACCAATTG-1",3354,"ENS"
"e16_ji1_ACTACGACATAGAGGC-1",2512,"Mesothelial"
"e16_ji1_ACTACGAGTAGCTGTT-1",3023,"ENS"
"e16_ji1_ACTACGAGTGTTCGTA-1",2955,"ENS"
"e16_ji1_ACTACGATCCGCGATG-1",668,"Immune"
"e16_ji1_ACTACGATCCTTATAC-1",449,"Myofibroblast"
"e16_ji1_ACTACGATCGTTAGTG-1",1673,"ENS"
"e16_ji1_ACTATCTAGGGACTGT-1",1253,"ENS"
"e16_ji1_ACTATCTGTAGTTACC-1",1454,"Mesothelial"
"e16_ji1_ACTATCTGTCACCTTC-1",760,"ENS"
"e16_ji1_ACTATCTGTCTTCCGT-1",3089,"ENS"
"e16_ji1_ACTATCTTCGTCTAAG-1",1037,"Smooth muscle"
"e16_ji1_ACTATGGAGATCACCT-1",2147,"ENS"
"e16_ji1_ACTATGGAGCGCACAA-1",2339,"ICC"
"e16_ji1_ACTATGGAGTCACTGT-1",552,"ENS"
"e16_ji1_ACTATGGCACATGTTG-1",3089,"Fibroblast"
"e16_ji1_ACTATGGCAGAACGCA-1",452,"Fibroblast"
"e16_ji1_ACTATGGCAGTTGAAA-1",1476,"ENS"
"e16_ji1_ACTATGGGTTACCCTC-1",1639,"ENS"
"e16_ji1_ACTATGGGTTCTGACA-1",2090,"ENS"
"e16_ji1_ACTATGGTCAATCGGT-1",3367,"Fibroblast"
"e16_ji1_ACTATTCAGAATTCAG-1",3059,"ENS"
"e16_ji1_ACTATTCCAAACACGG-1",2126,"ENS"
"e16_ji1_ACTATTCGTAGTCACT-1",3005,"ENS"
"e16_ji1_ACTATTCTCCAAACCA-1",1224,"ENS"
"e16_ji1_ACTCCCACAGGCATGA-1",1040,"Mesothelial"
"e16_ji1_ACTCCCAGTAGGAAAG-1",2263,"Myofibroblast"
"e16_ji1_ACTCCCAGTGAGGCAT-1",2269,"ENS"
"e16_ji1_ACTCCCATCATTCTTG-1",2126,"ENS"
"e16_ji1_ACTCCCATCTGATTCT-1",2032,"Fibroblast"
"e16_ji1_ACTCTCGAGGGTTAGC-1",2045,"Smooth muscle"
"e16_ji1_ACTCTCGAGTGGCGAT-1",2147,"ENS"
"e16_ji1_ACTCTCGCAGTCAGTT-1",193,"Smooth muscle"
"e16_ji1_ACTCTCGCATTCACAG-1",743,"Myofibroblast"
"e16_ji1_ACTCTCGGTCTGTGCG-1",3023,"ENS"
"e16_ji1_ACTCTCGGTGTACATC-1",3031,"ENS"
"e16_ji1_ACTCTCGTCAAAGGAT-1",631,"ENS"
"e16_ji1_ACTCTCGTCAGGGATG-1",687,"Fibroblast"
"e16_ji1_ACTGATGAGCCAACCC-1",1707,"ENS"
"e16_ji1_ACTGATGAGGAGGTTC-1",2116,"ENS"
"e16_ji1_ACTGATGAGGATTTAG-1",2645,"ENS"
"e16_ji1_ACTGATGCACGGCCAT-1",1688,"ENS"
"e16_ji1_ACTGATGCAGAAACCG-1",1688,"ENS"
"e16_ji1_ACTGATGCAGAGCTAG-1",2211,"Smooth muscle"
"e16_ji1_ACTGATGCAGCGTTGC-1",1796,"ENS"
"e16_ji1_ACTGATGGTAGATCGG-1",3023,"ENS"
"e16_ji1_ACTGATGGTCACTCTC-1",2330,"ENS"
"e16_ji1_ACTGATGGTGCCAAGA-1",1609,"ENS"
"e16_ji1_ACTGATGGTTAGAAGT-1",1908,"Fibroblast"
"e16_ji1_ACTGCAAAGCGTGAGT-1",2709,"ENS"
"e16_ji1_ACTGCAAAGGGAGGGT-1",591,"ENS"
"e16_ji1_ACTGCAACAGAGGGTT-1",2709,"ENS"
"e16_ji1_ACTGCAACAGCTATTG-1",1704,"Immune"
"e16_ji1_ACTGCAATCATCTCTA-1",3031,"ENS"
"e16_ji1_ACTGCAATCATTATCC-1",2289,"ENS"
"e16_ji1_ACTGCAATCGTCGATA-1",2696,"ENS"
"e16_ji1_ACTGCAATCTCCGATC-1",3042,"Fibroblast"
"e16_ji1_ACTGCAATCTCCTGAC-1",2987,"Myofibroblast"
"e16_ji1_ACTGCAATCTGCGGCA-1",390,"ENS"
"e16_ji1_ACTGTCCAGGAACTAT-1",2947,"Smooth muscle"
"e16_ji1_ACTGTCCAGGTGCTTT-1",3159,"Smooth muscle"
"e16_ji1_ACTGTCCAGTAACGAT-1",2368,"Fibroblast"
"e16_ji1_ACTGTCCCACGCACCA-1",3354,"ENS"
"e16_ji1_ACTGTCCCAGACGGAT-1",2613,"ENS"
"e16_ji1_ACTGTCCCATCTGTTT-1",1545,"Smooth muscle"
"e16_ji1_ACTGTCCCATGTAACC-1",327,"Fibroblast"
"e16_ji1_ACTGTCCGTATTGACC-1",886,"ENS"
"e16_ji1_ACTGTCCGTCTCGCGA-1",2478,"Smooth muscle"
"e16_ji1_ACTGTCCGTTAACCTG-1",1122,"ENS"
"e16_ji1_ACTGTCCTCACGACTA-1",1347,"Fibroblast"
"e16_ji1_ACTGTCCTCCATATGG-1",284,"Fibroblast"
"e16_ji1_ACTGTGAAGACCCTTA-1",1333,"Fibroblast"
"e16_ji1_ACTGTGACACAAAGTA-1",2933,"Mesothelial"
"e16_ji1_ACTGTGACACCGTGGT-1",2994,"ENS"
"e16_ji1_ACTGTGACATCATCTT-1",2338,"Smooth muscle"
"e16_ji1_ACTGTGAGTAGCGATG-1",2214,"ICC"
"e16_ji1_ACTGTGATCATTGAGC-1",910,"Myofibroblast"
"e16_ji1_ACTGTGATCCGTGACG-1",2937,"Immune"
"e16_ji1_ACTTAGGAGACGCATG-1",2269,"ENS"
"e16_ji1_ACTTAGGAGGCTCACC-1",2408,"ENS"
"e16_ji1_ACTTAGGCACCCTCTA-1",3100,"ENS"
"e16_ji1_ACTTAGGCATCCGTTC-1",1661,"Smooth muscle"
"e16_ji1_ACTTAGGGTGCGGCTT-1",3354,"ENS"
"e16_ji1_ACTTAGGGTTCGGTTA-1",2694,"Fibroblast"
"e16_ji1_ACTTAGGTCAGTCTTT-1",2214,"Smooth muscle"
"e16_ji1_ACTTAGGTCGACACTA-1",3196,"Myofibroblast"
"e16_ji1_ACTTAGGTCTGTCGCT-1",3397,"Fibroblast"
"e16_ji1_ACTTATCAGGATTTAG-1",3089,"ENS"
"e16_ji1_ACTTATCAGTCATCGT-1",1634,"Smooth muscle"
"e16_ji1_ACTTATCCAACGACAG-1",1456,"Smooth muscle"
"e16_ji1_ACTTATCCAACTTCTT-1",2711,"ENS"
"e16_ji1_ACTTATCCAAGAGAGA-1",3239,"Fibroblast"
"e16_ji1_ACTTATCCACTACTTT-1",852,"Immune"
"e16_ji1_ACTTATCCATTGGATC-1",2165,"ICC"
"e16_ji1_ACTTATCGTGTCCAAT-1",1453,"Smooth muscle"
"e16_ji1_ACTTCCGCAGCTGAAG-1",2583,"ENS"
"e16_ji1_ACTTCCGCAGGTCAAG-1",2077,"Endothelial"
"e16_ji1_ACTTCCGGTATTAAGG-1",2486,"Pericyte"
"e16_ji1_ACTTCCGGTGCCTGAC-1",538,"Fibroblast"
"e16_ji1_ACTTCCGGTGCCTGCA-1",2643,"Smooth muscle"
"e16_ji1_ACTTCCGTCTCCGAGG-1",32,"ENS"
"e16_ji1_ACTTCCGTCTTGGTCC-1",855,"Pericyte"
"e16_ji1_ACTTCGCAGCACTAGG-1",3354,"ENS"
"e16_ji1_ACTTCGCAGGCTAGCA-1",2709,"ENS"
"e16_ji1_ACTTCGCAGGTCATTC-1",2165,"ICC"
"e16_ji1_ACTTCGCGTATCAGCT-1",3344,"Fibroblast"
"e16_ji1_ACTTCGCGTGGTCCCA-1",3031,"ENS"
"e16_ji1_ACTTCGCGTTGCAACT-1",791,"Fibroblast"
"e16_ji1_ACTTCGCTCAACCTTT-1",1382,"Fibroblast"
"e16_ji1_ACTTTCAAGCGGGTTA-1",1597,"Pericyte"
"e16_ji1_ACTTTCACAAGAGAGA-1",2231,"ENS"
"e16_ji1_ACTTTCACAGCTGTGC-1",470,"ENS"
"e16_ji1_ACTTTCAGTACTTCCC-1",1796,"ENS"
"e16_ji1_ACTTTCAGTCGTCATA-1",1106,"Simple Epithelial"
"e16_ji1_ACTTTCAGTGCAACAG-1",3089,"ENS"
"e16_ji1_ACTTTCAGTGTGTGGA-1",637,"Myofibroblast"
"e16_ji1_ACTTTCATCAGGACAG-1",2245,"Fibroblast"
"e16_ji1_ACTTTGTCAAAGGGCT-1",2294,"ENS"
"e16_ji1_ACTTTGTGTTGTGGCC-1",1204,"ENS"
"e16_ji1_ACTTTGTTCCGGTAAT-1",488,"Fibroblast"
"e16_ji1_AGAAATGCAAGCGAGT-1",2492,"ENS"
"e16_ji1_AGAAATGCACGCGTCA-1",760,"ENS"
"e16_ji1_AGAAATGTCACCACAA-1",673,"Fibroblast"
"e16_ji1_AGAACAAAGAAACTCA-1",2251,"Fibroblast"
"e16_ji1_AGAACAAAGTACAGAT-1",2408,"ENS"
"e16_ji1_AGAACAAAGTAGACCG-1",1724,"Smooth muscle"
"e16_ji1_AGAACAACACACCGAC-1",1688,"ENS"
"e16_ji1_AGAACAACACGCAAAG-1",2028,"Myofibroblast"
"e16_ji1_AGAACAACACTAACGT-1",1706,"ENS"
"e16_ji1_AGAACAACATCATTTC-1",1524,"Fibroblast"
"e16_ji1_AGAACAAGTGACTGTT-1",1066,"Fibroblast"
"e16_ji1_AGAACAAGTGTCCATA-1",2535,"Simple Epithelial"
"e16_ji1_AGAACAATCCCGTGAG-1",1760,"Mesothelial"
"e16_ji1_AGAACAATCCGTGCGA-1",1906,"ICC"
"e16_ji1_AGAACAATCGTTGCCT-1",2474,"Fibroblast"
"e16_ji1_AGAACCTAGTGGATAT-1",2269,"ENS"
"e16_ji1_AGAACCTCAGCACACC-1",2069,"Endothelial"
"e16_ji1_AGAACCTCAGCACAGA-1",2742,"Immune"
"e16_ji1_AGAACCTCAGGACAGT-1",3101,"ENS"
"e16_ji1_AGAACCTCATCGGCCA-1",2798,"Pericyte"
"e16_ji1_AGAACCTGTTCAGTAC-1",791,"Smooth muscle"
"e16_ji1_AGAACCTTCATCGCTC-1",1688,"ENS"
"e16_ji1_AGAACCTTCGCCATAA-1",1220,"ICC"
"e16_ji1_AGAAGCGAGCTCAGAG-1",1609,"ENS"
"e16_ji1_AGAAGCGAGGCACAAC-1",1070,"ICC"
"e16_ji1_AGAAGCGAGGTCATAA-1",2581,"ENS"
"e16_ji1_AGAAGCGCATGAATAG-1",948,"Smooth muscle"
"e16_ji1_AGAAGCGGTGTCCCTT-1",668,"Immune"
"e16_ji1_AGAAGCGGTTGCGGAA-1",3354,"ENS"
"e16_ji1_AGAAGCGTCTTTCTAG-1",1280,"ENS"
"e16_ji1_AGAAGTAAGAGGACTC-1",2174,"ICC"
"e16_ji1_AGAAGTAAGGTGCCTC-1",3164,"Fibroblast"
"e16_ji1_AGAAGTACACCTCGTT-1",3031,"ENS"
"e16_ji1_AGAAGTACAGACCAGA-1",2863,"ENS"
"e16_ji1_AGAAGTAGTACATTGC-1",2090,"ENS"
"e16_ji1_AGAAGTATCTATCGCC-1",2798,"Smooth muscle"
"e16_ji1_AGAAGTATCTCCTGTG-1",962,"ENS"
"e16_ji1_AGACAAAAGAGTCACG-1",3175,"Fibroblast"
"e16_ji1_AGACAAAAGCACGGAT-1",749,"ENS"
"e16_ji1_AGACAAAAGCGTGAAC-1",760,"ENS"
"e16_ji1_AGACAAAAGCTGGCTC-1",2955,"ENS"
"e16_ji1_AGACAAAAGGACAGCT-1",918,"Smooth muscle"
"e16_ji1_AGACAAAAGTGCAGGT-1",3354,"ENS"
"e16_ji1_AGACAAACAACCAATC-1",866,"ENS"
"e16_ji1_AGACAAAGTCATAAAG-1",3377,"ICC"
"e16_ji1_AGACAAATCTACGGGC-1",1336,"Smooth muscle"
"e16_ji1_AGACACTAGCAGCCTC-1",2567,"Smooth muscle"
"e16_ji1_AGACACTCAAAGTGTA-1",2955,"ENS"
"e16_ji1_AGACACTGTATGAGCG-1",3023,"ENS"
"e16_ji1_AGACACTGTCGACTTA-1",760,"ENS"
"e16_ji1_AGACACTTCACCACAA-1",3089,"ENS"
"e16_ji1_AGACACTTCACTAGCA-1",614,"Pericyte"
"e16_ji1_AGACAGGAGCGGGTTA-1",3089,"ENS"
"e16_ji1_AGACAGGAGTCCCTAA-1",2689,"Fibroblast"
"e16_ji1_AGACAGGCACATACTG-1",1605,"Myofibroblast"
"e16_ji1_AGACAGGCAGGTTCAT-1",920,"ENS"
"e16_ji1_AGACAGGTCCACGTGG-1",662,"ENS"
"e16_ji1_AGACAGGTCCAGCTCT-1",863,"ENS"
"e16_ji1_AGACAGGTCCATGAGT-1",3059,"ENS"
"e16_ji1_AGACAGGTCGGTCACG-1",1706,"ENS"
"e16_ji1_AGACCATAGGGCTTCC-1",1540,"Fibroblast"
"e16_ji1_AGACCATAGTCATACC-1",3089,"ENS"
"e16_ji1_AGACCATCAACGATTC-1",1397,"ENS"
"e16_ji1_AGACCATCACCTATCC-1",1115,"Smooth muscle"
"e16_ji1_AGACCATCATCTGGGC-1",1446,"ENS"
"e16_ji1_AGACCATGTACTAACC-1",2147,"ENS"
"e16_ji1_AGACCATGTATTGCCA-1",1066,"Smooth muscle"
"e16_ji1_AGACCATTCCTCTCGA-1",1597,"Smooth muscle"
"e16_ji1_AGACCCGTCTTCGCTG-1",2228,"Myofibroblast"
"e16_ji1_AGACTCAAGTTTCGGT-1",2025,"Smooth muscle"
"e16_ji1_AGACTCACACGTCATA-1",1100,"Fibroblast"
"e16_ji1_AGACTCATCCGCATAA-1",2069,"ENS"
"e16_ji1_AGACTCATCTTAAGGC-1",886,"ENS"
"e16_ji1_AGAGAATAGACTCATC-1",1597,"Fibroblast"
"e16_ji1_AGAGAATAGGCCTGAA-1",2345,"Fibroblast"
"e16_ji1_AGAGAATAGGGCTAAC-1",749,"ENS"
"e16_ji1_AGAGAATCAGTTTGGT-1",2544,"Endothelial"
"e16_ji1_AGAGAATGTAGCACGA-1",2613,"ENS"
"e16_ji1_AGAGAATGTATATGGA-1",2126,"ENS"
"e16_ji1_AGAGAATGTATGTCCA-1",2053,"ICC"
"e16_ji1_AGAGAATTCATAGAGA-1",2369,"Fibroblast"
"e16_ji1_AGAGAGCAGATTCGCT-1",2250,"ENS"
"e16_ji1_AGAGAGCCATCTTAGG-1",3281,"Smooth muscle"
"e16_ji1_AGAGAGCCATTCGGGC-1",1883,"Endothelial"
"e16_ji1_AGAGAGCGTGGACAGT-1",2593,"Myofibroblast"
"e16_ji1_AGAGAGCGTGGGCTTC-1",1749,"Myofibroblast"
"e16_ji1_AGAGAGCTCGGCTTGG-1",799,"Myofibroblast"
"e16_ji1_AGAGCAGAGCTGTGCC-1",371,"ENS"
"e16_ji1_AGAGCAGAGTAACGAT-1",736,"Immune"
"e16_ji1_AGAGCAGGTATGTCTG-1",312,"Endothelial"
"e16_ji1_AGAGCAGGTTAGGACG-1",1927,"Myofibroblast"
"e16_ji1_AGAGCAGTCGTGACTA-1",3175,"Smooth muscle"
"e16_ji1_AGAGCCCAGAGAGAAC-1",3236,"Fibroblast"
"e16_ji1_AGAGCCCAGCAAGCCA-1",1719,"Simple Epithelial"
"e16_ji1_AGAGCCCAGGTGAGCT-1",2250,"ENS"
"e16_ji1_AGAGCCCCACTAAACC-1",2475,"Myofibroblast"
"e16_ji1_AGAGCCCCAGATAAAC-1",687,"ICC"
"e16_ji1_AGATAGAGTAAGAACT-1",1857,"ENS"
"e16_ji1_AGATAGAGTATGAAGT-1",2323,"Fibroblast"
"e16_ji1_AGATAGAGTCAACGCC-1",3292,"Fibroblast"
"e16_ji1_AGATAGATCAAAGCCT-1",1348,"Fibroblast"
"e16_ji1_AGATAGATCAACGTGT-1",3089,"ENS"
"e16_ji1_AGATAGATCGGCTGAC-1",1381,"Fibroblast"
"e16_ji1_AGATCCAAGATGTAGT-1",1530,"Fibroblast"
"e16_ji1_AGATCCAGTAGTATAG-1",3397,"Fibroblast"
"e16_ji1_AGATCCAGTTAGTTCG-1",737,"Endothelial"
"e16_ji1_AGATCCATCCAGTGCG-1",1100,"Smooth muscle"
"e16_ji1_AGATCCATCCATGATG-1",1567,"ENS"
"e16_ji1_AGATCGTAGATCCAAA-1",2052,"Myofibroblast"
"e16_ji1_AGATCGTAGCTCGACC-1",1101,"Smooth muscle"
"e16_ji1_AGATCGTAGGCCCGTT-1",2243,"Smooth muscle"
"e16_ji1_AGATCGTCAACGATTC-1",3089,"ENS"
"e16_ji1_AGATCGTCACTCCTGT-1",2694,"Fibroblast"
"e16_ji1_AGATCGTGTGCTCCGA-1",1499,"Fibroblast"
"e16_ji1_AGATCGTTCTCAAAGC-1",2269,"ENS"
"e16_ji1_AGATCGTTCTTGGAAC-1",2388,"Myofibroblast"
"e16_ji1_AGATGAAAGCCACCGT-1",3205,"Myofibroblast"
"e16_ji1_AGATGAAAGCGTTCCG-1",2147,"ENS"
"e16_ji1_AGATGAACAACTAGAA-1",822,"Simple Epithelial"
"e16_ji1_AGATGAACAACTGATC-1",920,"ENS"
"e16_ji1_AGATGAACACTCTCGT-1",673,"Myofibroblast"
"e16_ji1_AGATGAACATGCCGGT-1",3059,"ENS"
"e16_ji1_AGATGAAGTATAATGG-1",1122,"ENS"
"e16_ji1_AGATGAAGTCCAGTTA-1",69,"ENS"
"e16_ji1_AGATGAAGTCGAATGG-1",711,"Smooth muscle"
"e16_ji1_AGATGAAGTGATTCAC-1",1087,"Fibroblast"
"e16_ji1_AGATGAATCGGATTAC-1",1031,"Mesothelial"
"e16_ji1_AGATGAATCGGTGTTA-1",2479,"ENS"
"e16_ji1_AGATGCTAGTTGTACC-1",2077,"Endothelial"
"e16_ji1_AGATGCTCAAAGGCAC-1",3354,"ENS"
"e16_ji1_AGATGCTCAAAGGCTG-1",2436,"Fibroblast"
"e16_ji1_AGATGCTCACATATGC-1",2269,"ENS"
"e16_ji1_AGATGCTCACATGGTT-1",3060,"ENS"
"e16_ji1_AGATGCTCATCCGCGA-1",591,"ENS"
"e16_ji1_AGATGCTGTCACAGTT-1",2955,"ENS"
"e16_ji1_AGATGCTTCGGAGATG-1",2147,"ENS"
"e16_ji1_AGCATCAAGGATGAGA-1",2408,"ENS"
"e16_ji1_AGCATCAAGGGTTTCT-1",2415,"Fibroblast"
"e16_ji1_AGCATCACACTCAAGT-1",2994,"Smooth muscle"
"e16_ji1_AGCATCACATCCGTGG-1",2301,"Fibroblast"
"e16_ji1_AGCATCAGTAGAGCTG-1",2553,"Myofibroblast"
"e16_ji1_AGCATCAGTCCCAAAT-1",3006,"ENS"
"e16_ji1_AGCATCAGTTTGGAAA-1",2742,"Immune"
"e16_ji1_AGCCAATAGAGCTTTC-1",3354,"ENS"
"e16_ji1_AGCCAATAGTTGTCAC-1",1560,"Smooth muscle"
"e16_ji1_AGCCAATCAACGTATC-1",1597,"Smooth muscle"
"e16_ji1_AGCCAATCAAGGACAC-1",1567,"ENS"
"e16_ji1_AGCCAATCAGTATGAA-1",3089,"ENS"
"e16_ji1_AGCCAATCATGCGTGC-1",920,"ENS"
"e16_ji1_AGCCAATGTACACGTT-1",2175,"ICC"
"e16_ji1_AGCCAATGTCCACAGC-1",2742,"Immune"
"e16_ji1_AGCCACGCACAACCGC-1",924,"ENS"
"e16_ji1_AGCCACGCAGATCACT-1",3192,"Smooth muscle"
"e16_ji1_AGCCACGCATTGCAAC-1",2053,"Fibroblast"
"e16_ji1_AGCCACGGTATGTCTG-1",2436,"Fibroblast"
"e16_ji1_AGCCACGTCCGTGGTG-1",1688,"ENS"
"e16_ji1_AGCCAGCAGCCGCTTG-1",3029,"ENS"
"e16_ji1_AGCCAGCCAGAGTTGG-1",2953,"ENS"
"e16_ji1_AGCCAGCGTGATGAAT-1",477,"ENS"
"e16_ji1_AGCCAGCGTGCGAGTA-1",2994,"ENS"
"e16_ji1_AGCGATTAGACGGTCA-1",1088,"Fibroblast"
"e16_ji1_AGCGATTAGCCTGTGC-1",3058,"Myofibroblast"
"e16_ji1_AGCGATTAGGGCCCTT-1",626,"ENS"
"e16_ji1_AGCGATTCACTGCGTG-1",1647,"Mesothelial"
"e16_ji1_AGCGATTGTAATACCC-1",2456,"Mesothelial"
"e16_ji1_AGCGATTGTCACCCTT-1",3023,"ENS"
"e16_ji1_AGCGATTTCAACCTTT-1",1796,"ENS"
"e16_ji1_AGCGCCACAAAGCACG-1",2323,"Fibroblast"
"e16_ji1_AGCGCCAGTATGTGTC-1",2326,"ENS"
"e16_ji1_AGCGCCAGTCCTGTCT-1",1706,"ENS"
"e16_ji1_AGCGCCATCATTTGCT-1",920,"ENS"
"e16_ji1_AGCGCCATCTAGAGCT-1",3357,"ENS"
"e16_ji1_AGCGCTGAGACGCCAA-1",3194,"Mesothelial"
"e16_ji1_AGCGCTGAGAGAACCC-1",509,"ENS"
"e16_ji1_AGCGCTGAGTAGACAT-1",3089,"Smooth muscle"
"e16_ji1_AGCGCTGAGTCGAGGT-1",776,"Fibroblast"
"e16_ji1_AGCGCTGCATCTCCCA-1",1078,"Fibroblast"
"e16_ji1_AGCGCTGGTACGTGTT-1",3398,"Fibroblast"
"e16_ji1_AGCGCTGGTCATTCCC-1",2682,"Smooth muscle"
"e16_ji1_AGCGCTGGTTTCTTAC-1",2645,"ENS"
"e16_ji1_AGCGTATAGAGGTTAT-1",2280,"ENS"
"e16_ji1_AGCGTATCAAGCGCAA-1",3156,"Immune"
"e16_ji1_AGCGTATCACGTCTCT-1",2214,"Myofibroblast"
"e16_ji1_AGCGTATCAGATCCAT-1",1100,"Fibroblast"
"e16_ji1_AGCGTATTCCCTTGTG-1",2994,"ENS"
"e16_ji1_AGCGTCGAGAATTGTG-1",1568,"ENS"
"e16_ji1_AGCGTCGCAACCCGCA-1",2250,"ENS"
"e16_ji1_AGCGTCGCACGGAAGT-1",687,"ICC"
"e16_ji1_AGCGTCGGTACGTTCA-1",2798,"Fibroblast"
"e16_ji1_AGCGTCGGTATCTCTT-1",3089,"ENS"
"e16_ji1_AGCTACAGTCCCGGTA-1",346,"Endothelial"
"e16_ji1_AGCTACATCATTACCT-1",3023,"ENS"
"e16_ji1_AGCTACATCCTGTAGA-1",742,"Simple Epithelial"
"e16_ji1_AGCTACATCGTTCAGA-1",2493,"ENS"
"e16_ji1_AGCTACATCTGTACAG-1",1567,"ENS"
"e16_ji1_AGCTACATCTTCGACC-1",2436,"Smooth muscle"
"e16_ji1_AGCTCAAAGCCTCTTC-1",3089,"ENS"
"e16_ji1_AGCTCAAAGGGTTAAT-1",1131,"ENS"
"e16_ji1_AGCTCAAAGGTCACTT-1",886,"ENS"
"e16_ji1_AGCTCAACACACCTAA-1",2436,"Fibroblast"
"e16_ji1_AGCTCAAGTCATCGGC-1",899,"Smooth muscle"
"e16_ji1_AGCTCAAGTGTATTCG-1",2147,"ENS"
"e16_ji1_AGCTCAATCCATCACC-1",2403,"Fibroblast"
"e16_ji1_AGCTCAATCGAAACAA-1",3153,"Smooth muscle"
"e16_ji1_AGCTCAATCGGCTATA-1",1568,"ENS"
"e16_ji1_AGCTTCCCAAGTCCAT-1",3089,"ENS"
"e16_ji1_AGCTTCCCACTACCCT-1",1102,"Fibroblast"
"e16_ji1_AGCTTCCGTTGTACGT-1",2151,"Fibroblast"
"e16_ji1_AGCTTCCGTTTGGCTA-1",1883,"Endothelial"
"e16_ji1_AGCTTCCTCACGGGAA-1",2583,"ENS"
"e16_ji1_AGCTTCCTCCTAGAGT-1",1727,"Fibroblast"
"e16_ji1_AGCTTCCTCTGTGCGG-1",668,"Immune"
"e16_ji1_AGGAAATCAGAACATA-1",3023,"ENS"
"e16_ji1_AGGAAATGTCACTCTC-1",1796,"ENS"
"e16_ji1_AGGAAATGTGAGGATC-1",2147,"ENS"
"e16_ji1_AGGAAATGTGTCCTAA-1",625,"Myofibroblast"
"e16_ji1_AGGAAATTCCGTCAAA-1",1796,"ENS"
"e16_ji1_AGGAAATTCGTCGCTT-1",737,"Myofibroblast"
"e16_ji1_AGGAATAAGACGTCCC-1",1651,"Fibroblast"
"e16_ji1_AGGAATACAAAGCGTG-1",773,"Fibroblast"
"e16_ji1_AGGAATACAATTGCTG-1",1167,"Smooth muscle"
"e16_ji1_AGGAATATCCGCTTAC-1",760,"ENS"
"e16_ji1_AGGACGAAGAAGCCAC-1",2077,"Endothelial"
"e16_ji1_AGGACGAAGGTGCGAT-1",1539,"Myofibroblast"
"e16_ji1_AGGACGACAGGTTACT-1",1932,"ICC"
"e16_ji1_AGGACGACATCCGGCA-1",905,"Smooth muscle"
"e16_ji1_AGGACGAGTAGGAGTC-1",3145,"Smooth muscle"
"e16_ji1_AGGACGAGTATCGAGG-1",2408,"ENS"
"e16_ji1_AGGACGATCGGACTTA-1",960,"ENS"
"e16_ji1_AGGACTTAGGAACGAA-1",1796,"ENS"
"e16_ji1_AGGACTTCATGACGTT-1",2176,"Smooth muscle"
"e16_ji1_AGGACTTCATGCCGAC-1",594,"ENS"
"e16_ji1_AGGACTTGTATGAGCG-1",1250,"Smooth muscle"
"e16_ji1_AGGACTTGTGCTTATG-1",1597,"Smooth muscle"
"e16_ji1_AGGACTTGTGTCCGTG-1",2478,"Smooth muscle"
"e16_ji1_AGGAGGTAGAAACTGT-1",2955,"ENS"
"e16_ji1_AGGAGGTGTACCCGCA-1",2941,"Simple Epithelial"
"e16_ji1_AGGAGGTGTGAGACGT-1",760,"ENS"
"e16_ji1_AGGAGGTTCTTAGCTT-1",3153,"Fibroblast"
"e16_ji1_AGGATAAAGAAGTCTA-1",2147,"ENS"
"e16_ji1_AGGATAAAGACACACG-1",2126,"ENS"
"e16_ji1_AGGATAAAGACTAAGT-1",943,"Myofibroblast"
"e16_ji1_AGGATAAAGCTCCGAC-1",178,"Smooth muscle"
"e16_ji1_AGGATAAAGGTATTGA-1",1031,"Smooth muscle"
"e16_ji1_AGGATAACAAAGTATG-1",2269,"ENS"
"e16_ji1_AGGATAACACCACTGG-1",2696,"ENS"
"e16_ji1_AGGATAACACGCGTGT-1",2994,"ENS"
"e16_ji1_AGGATAATCACTTGGA-1",1688,"ENS"
"e16_ji1_AGGATAATCTGTTGGA-1",844,"Myofibroblast"
"e16_ji1_AGGATCTAGGTTTACC-1",1931,"Fibroblast"
"e16_ji1_AGGATCTAGTGAGGCT-1",1515,"Smooth muscle"
"e16_ji1_AGGATCTCAACACGAG-1",2955,"ENS"
"e16_ji1_AGGATCTCAATCTGCA-1",2529,"Smooth muscle"
"e16_ji1_AGGATCTGTACAACGG-1",2269,"ENS"
"e16_ji1_AGGATCTGTCTGTGCG-1",858,"ENS"
"e16_ji1_AGGATCTTCATGCTAG-1",1085,"Fibroblast"
"e16_ji1_AGGCATTAGGCTAACG-1",863,"ENS"
"e16_ji1_AGGCATTAGGGCAAGG-1",1458,"Fibroblast"
"e16_ji1_AGGCATTAGGTCGTGA-1",626,"ENS"
"e16_ji1_AGGCATTAGGTGCTTT-1",3411,"Fibroblast"
"e16_ji1_AGGCATTCAAGAGCTG-1",1796,"ENS"
"e16_ji1_AGGCATTCACTGAGGA-1",2696,"ENS"
"e16_ji1_AGGCATTCATCTCATT-1",637,"Fibroblast"
"e16_ji1_AGGCATTCATGCGTGC-1",3031,"ENS"
"e16_ji1_AGGCCACCACATTACG-1",297,"ENS"
"e16_ji1_AGGCCACCACCTGCTT-1",1796,"ENS"
"e16_ji1_AGGCCACCAGTAGAGC-1",2476,"ENS"
"e16_ji1_AGGCCACGTGGTAATA-1",3102,"ENS"
"e16_ji1_AGGCCACGTGGTCAAG-1",2798,"Fibroblast"
"e16_ji1_AGGCCACTCAAATAGG-1",1419,"Endothelial"
"e16_ji1_AGGCCACTCCGAACGC-1",1529,"Endothelial"
"e16_ji1_AGGCTGCAGCGGTAGT-1",2425,"Fibroblast"
"e16_ji1_AGGCTGCAGGCATTTC-1",1662,"Smooth muscle"
"e16_ji1_AGGCTGCCACATTCTT-1",2318,"ENS"
"e16_ji1_AGGCTGCTCATTCATC-1",147,"ENS"
"e16_ji1_AGGGAGTAGAGGCGGA-1",2696,"ENS"
"e16_ji1_AGGGAGTAGGAACGTC-1",760,"ENS"
"e16_ji1_AGGGAGTAGGGCAAGG-1",2392,"Myofibroblast"
"e16_ji1_AGGGAGTAGTGGTGGT-1",2707,"Smooth muscle"
"e16_ji1_AGGGAGTGTGCTGCAC-1",2077,"Endothelial"
"e16_ji1_AGGGAGTGTGGTCTCG-1",1597,"Fibroblast"
"e16_ji1_AGGGAGTGTTCGGTTA-1",1886,"Myofibroblast"
"e16_ji1_AGGGAGTTCATGCCAA-1",2374,"Fibroblast"
"e16_ji1_AGGGAGTTCGACACCG-1",3089,"ENS"
"e16_ji1_AGGGCCTAGCATCTTG-1",2952,"Smooth muscle"
"e16_ji1_AGGGCCTCAATAGAGT-1",1743,"Endothelial"
"e16_ji1_AGGGCCTCATTCCTAT-1",3089,"ENS"
"e16_ji1_AGGGCCTGTTCAGCTA-1",2323,"Fibroblast"
"e16_ji1_AGGGCCTGTTGCGAAG-1",3089,"ENS"
"e16_ji1_AGGGCCTTCACTGGGC-1",2033,"Fibroblast"
"e16_ji1_AGGGCCTTCTGCGATA-1",1040,"Mesothelial"
"e16_ji1_AGGGCTCAGCACTCTA-1",2250,"ENS"
"e16_ji1_AGGGCTCCAGGTCAAG-1",1770,"Smooth muscle"
"e16_ji1_AGGGCTCCATTCACAG-1",1928,"Smooth muscle"
"e16_ji1_AGGGCTCGTACATACC-1",791,"Fibroblast"
"e16_ji1_AGGGCTCGTCAAGTTC-1",1888,"Myofibroblast"
"e16_ji1_AGGGCTCGTCTGTCCT-1",1893,"Fibroblast"
"e16_ji1_AGGGCTCTCTTCTTCC-1",920,"ENS"
"e16_ji1_AGGGTCCAGAACAGGA-1",1539,"Myofibroblast"
"e16_ji1_AGGGTCCAGCTGTTCA-1",1122,"ENS"
"e16_ji1_AGGGTCCAGGGACCAT-1",1479,"ENS"
"e16_ji1_AGGGTCCAGTGAGGTC-1",1518,"Smooth muscle"
"e16_ji1_AGGGTCCCACACGGTC-1",2089,"ENS"
"e16_ji1_AGGGTCCCATACACCA-1",3300,"Fibroblast"
"e16_ji1_AGGGTCCCATACTGTG-1",1787,"Fibroblast"
"e16_ji1_AGGGTCCGTAGGTAGC-1",2696,"ENS"
"e16_ji1_AGGGTCCGTATCGCAT-1",306,"Fibroblast"
"e16_ji1_AGGGTCCGTTTACACG-1",1360,"ENS"
"e16_ji1_AGGGTCCTCGAGAATA-1",3024,"ENS"
"e16_ji1_AGGGTGAAGTCATGGG-1",2250,"ENS"
"e16_ji1_AGGGTGACACCAGCTG-1",414,"ENS"
"e16_ji1_AGGGTGACAGCAGACA-1",2771,"Smooth muscle"
"e16_ji1_AGGGTGAGTAATCAAG-1",2436,"Fibroblast"
"e16_ji1_AGGGTTTAGTGCCTCG-1",2027,"Smooth muscle"
"e16_ji1_AGGGTTTCAGGTATGG-1",1419,"Endothelial"
"e16_ji1_AGGGTTTGTAATCAGA-1",920,"ENS"
"e16_ji1_AGGGTTTGTAGTGTGG-1",2994,"ENS"
"e16_ji1_AGGGTTTGTGGAACAC-1",2410,"ENS"
"e16_ji1_AGGGTTTTCACGTAGT-1",3294,"Myofibroblast"
"e16_ji1_AGGGTTTTCATTCATC-1",1545,"Smooth muscle"
"e16_ji1_AGGGTTTTCGAAGAAT-1",1796,"ENS"
"e16_ji1_AGGGTTTTCGTAGAGG-1",3221,"Fibroblast"
"e16_ji1_AGGGTTTTCGTCCTCA-1",3164,"Myofibroblast"
"e16_ji1_AGGGTTTTCTATTGTC-1",3417,"Fibroblast"
"e16_ji1_AGGTAGGAGAAGCGGG-1",1100,"Smooth muscle"
"e16_ji1_AGGTAGGAGACCCGCT-1",2077,"Endothelial"
"e16_ji1_AGGTAGGCAATCACGT-1",3354,"ENS"
"e16_ji1_AGGTAGGCAGAGTTCT-1",2581,"ENS"
"e16_ji1_AGGTAGGGTGCGACAA-1",2337,"Fibroblast"
"e16_ji1_AGGTAGGGTTGTGTTG-1",2427,"Pericyte"
"e16_ji1_AGGTAGGTCATCGCTC-1",3089,"ENS"
"e16_ji1_AGGTAGGTCTGCGAGC-1",1540,"Fibroblast"
"e16_ji1_AGGTCATAGACTACCT-1",3397,"Fibroblast"
"e16_ji1_AGGTCATAGATGTTCC-1",2424,"Fibroblast"
"e16_ji1_AGGTCATAGCACTCCG-1",1053,"Myofibroblast"
"e16_ji1_AGGTCATAGCTGAGCA-1",1687,"ENS"
"e16_ji1_AGGTCATAGTATAACG-1",990,"ICC"
"e16_ji1_AGGTCATCAATCCAGT-1",2126,"ENS"
"e16_ji1_AGGTCATGTGTGACCC-1",3089,"ENS"
"e16_ji1_AGGTCATGTTGAGAGC-1",1120,"Myofibroblast"
"e16_ji1_AGGTCATGTTTGGAGG-1",2365,"Fibroblast"
"e16_ji1_AGGTCTAAGACTTAAG-1",3354,"ENS"
"e16_ji1_AGGTCTACAGAGTGTG-1",2328,"ENS"
"e16_ji1_AGGTCTATCAAGGACG-1",2187,"ENS"
"e16_ji1_AGGTCTATCGAACACT-1",3354,"ENS"
"e16_ji1_AGGTCTATCTGGACCG-1",1912,"Fibroblast"
"e16_ji1_AGGTGTTAGACCTCAT-1",920,"ENS"
"e16_ji1_AGGTGTTAGAGCGACT-1",2408,"ENS"
"e16_ji1_AGGTGTTAGCGTGAGT-1",1447,"ENS"
"e16_ji1_AGGTGTTAGCTGGCCT-1",2069,"Endothelial"
"e16_ji1_AGGTGTTAGGTGCCTC-1",1247,"Smooth muscle"
"e16_ji1_AGGTGTTCATCATCCC-1",2613,"Smooth muscle"
"e16_ji1_AGGTGTTCATGACCCG-1",1912,"Fibroblast"
"e16_ji1_AGGTGTTGTCTCAAGT-1",2542,"Endothelial"
"e16_ji1_AGGTTACCAAAGTGTA-1",2077,"Endothelial"
"e16_ji1_AGGTTACCACGCTATA-1",2147,"ENS"
"e16_ji1_AGGTTACCATAGAATG-1",2458,"Endothelial"
"e16_ji1_AGGTTACGTATTGACC-1",2512,"Mesothelial"
"e16_ji1_AGGTTACGTGAGATTA-1",280,"ENS"
"e16_ji1_AGGTTACGTGGAACCA-1",1389,"Smooth muscle"
"e16_ji1_AGGTTACTCCCGTGTT-1",1106,"ENS"
"e16_ji1_AGGTTGTCACGGGTAA-1",863,"ENS"
"e16_ji1_AGGTTGTCAGAGGCAT-1",1039,"ENS"
"e16_ji1_AGGTTGTCAGGCACTC-1",1896,"Fibroblast"
"e16_ji1_AGGTTGTGTACCGGCT-1",3203,"Fibroblast"
"e16_ji1_AGTAACCAGTAACGTA-1",3220,"Fibroblast"
"e16_ji1_AGTAACCAGTCTCTGA-1",2269,"ENS"
"e16_ji1_AGTAACCCAAGCGAGT-1",1912,"Smooth muscle"
"e16_ji1_AGTAACCCAAGGTCGA-1",2478,"Myofibroblast"
"e16_ji1_AGTAACCGTACTGCGC-1",2567,"Fibroblast"
"e16_ji1_AGTAACCGTTGAGGAC-1",1796,"ENS"
"e16_ji1_AGTAACCTCAGTGTTG-1",187,"Fibroblast"
"e16_ji1_AGTAACCTCCATGATG-1",777,"Myofibroblast"
"e16_ji1_AGTAACCTCCTCATAT-1",3332,"Smooth muscle"
"e16_ji1_AGTACCAAGAAACTGT-1",1256,"ENS"
"e16_ji1_AGTACCAAGGTAAAGG-1",2180,"Fibroblast"
"e16_ji1_AGTACCAAGGTAGTAT-1",2613,"ENS"
"e16_ji1_AGTACCACAACCGTGC-1",1673,"ENS"
"e16_ji1_AGTACCACACCGAATT-1",3060,"ENS"
"e16_ji1_AGTACCACATCCGTGG-1",1753,"ENS"
"e16_ji1_AGTACCACATGGACAG-1",2638,"ICC"
"e16_ji1_AGTACCAGTCTAGGCC-1",3301,"Smooth muscle"
"e16_ji1_AGTACCAGTGGCTCTG-1",3300,"Fibroblast"
"e16_ji1_AGTACCATCATGTCAG-1",2180,"Smooth muscle"
"e16_ji1_AGTACCATCTGAGCAT-1",851,"Immune"
"e16_ji1_AGTACTGCAGTTCTAG-1",439,"Endothelial"
"e16_ji1_AGTACTGGTAGTCGGA-1",2642,"Smooth muscle"
"e16_ji1_AGTACTGTCCGATCTC-1",3067,"ENS"
"e16_ji1_AGTACTGTCCGTGGTG-1",1609,"ENS"
"e16_ji1_AGTACTGTCGCAATGT-1",615,"ICC"
"e16_ji1_AGTACTGTCGGCTGTG-1",2033,"Smooth muscle"
"e16_ji1_AGTACTGTCTGTGCTC-1",3178,"Immune"
"e16_ji1_AGTACTGTCTGTTCAT-1",2436,"Smooth muscle"
"e16_ji1_AGTACTGTCTTCTCAA-1",1856,"ENS"
"e16_ji1_AGTAGCTAGAAAGTCT-1",736,"Immune"
"e16_ji1_AGTAGCTGTACGAGTG-1",2323,"Fibroblast"
"e16_ji1_AGTAGCTGTCAAATCC-1",1906,"Smooth muscle"
"e16_ji1_AGTAGCTGTTCCAGGC-1",2645,"ENS"
"e16_ji1_AGTAGTCCACTCCTTG-1",3089,"ENS"
"e16_ji1_AGTAGTCCAGCGTAGA-1",867,"ENS"
"e16_ji1_AGTAGTCCAGGACATG-1",2994,"ENS"
"e16_ji1_AGTAGTCCATGAGGGT-1",2986,"Myofibroblast"
"e16_ji1_AGTAGTCCATGGACAG-1",2126,"ENS"
"e16_ji1_AGTAGTCGTTACGCCG-1",2077,"Endothelial"
"e16_ji1_AGTAGTCTCCCGTTCA-1",2366,"Pericyte"
"e16_ji1_AGTAGTCTCGACGATT-1",626,"ENS"
"e16_ji1_AGTAGTCTCGGCTTGG-1",2502,"Myofibroblast"
"e16_ji1_AGTCAACAGCACGATG-1",2182,"ENS"
"e16_ji1_AGTCAACAGGCATGGT-1",3164,"Myofibroblast"
"e16_ji1_AGTCAACTCAACGAGG-1",2069,"Endothelial"
"e16_ji1_AGTCAACTCACCCTTG-1",1413,"Fibroblast"
"e16_ji1_AGTCACAAGAAGAACG-1",3060,"ENS"
"e16_ji1_AGTCACAAGCGAGTCA-1",3031,"ENS"
"e16_ji1_AGTCACAAGGGTGAAA-1",3089,"ENS"
"e16_ji1_AGTCACAAGGTACAAT-1",1912,"Smooth muscle"
"e16_ji1_AGTCACAAGTAAATGC-1",920,"ENS"
"e16_ji1_AGTCACAAGTGCCTCG-1",2229,"Myofibroblast"
"e16_ji1_AGTCATGAGACCATAA-1",1609,"ENS"
"e16_ji1_AGTCATGCAAAGACGC-1",2415,"Smooth muscle"
"e16_ji1_AGTCATGGTACAACGG-1",2269,"Smooth muscle"
"e16_ji1_AGTCATGGTTGGAGGT-1",3023,"Endothelial"
"e16_ji1_AGTCATGTCCTTCAGC-1",2357,"Smooth muscle"
"e16_ji1_AGTCATGTCTCTCGAC-1",1039,"ENS"
"e16_ji1_AGTCTCCAGGCGACAT-1",2126,"ENS"
"e16_ji1_AGTCTCCCAGATACTC-1",1221,"Mesothelial"
"e16_ji1_AGTCTCCGTGCTCTCT-1",2147,"ENS"
"e16_ji1_AGTCTCCTCCACTAGA-1",943,"Fibroblast"
"e16_ji1_AGTGACTAGCACCGTC-1",2033,"Fibroblast"
"e16_ji1_AGTGACTAGCCTGACC-1",2312,"Fibroblast"
"e16_ji1_AGTGACTCAATACGCT-1",2913,"Endothelial"
"e16_ji1_AGTGACTCACATTCGA-1",1793,"Mesothelial"
"e16_ji1_AGTGACTCAGAACCGA-1",1763,"Fibroblast"
"e16_ji1_AGTGACTCATCGATGT-1",616,"Smooth muscle"
"e16_ji1_AGTGACTCATTCTGTT-1",2269,"ENS"
"e16_ji1_AGTGACTGTACTAAGA-1",1706,"ENS"
"e16_ji1_AGTGATCAGTGCAAAT-1",667,"Fibroblast"
"e16_ji1_AGTGATCCAAAGGGCT-1",2709,"ENS"
"e16_ji1_AGTGATCGTTCTTGCC-1",858,"ENS"
"e16_ji1_AGTGATCTCGATCCCT-1",1743,"Endothelial"
"e16_ji1_AGTGATCTCTAAGGAA-1",776,"ICC"
"e16_ji1_AGTGATCTCTGGAAGG-1",1567,"ENS"
"e16_ji1_AGTGATCTCTTGTGCC-1",1569,"ENS"
"e16_ji1_AGTGCCGAGAAACTGT-1",3196,"Smooth muscle"
"e16_ji1_AGTGCCGAGACCGCCT-1",2613,"ENS"
"e16_ji1_AGTGCCGAGCAGGTCA-1",920,"ENS"
"e16_ji1_AGTGCCGAGCCTGTCG-1",2180,"Fibroblast"
"e16_ji1_AGTGCCGAGGTCCAGA-1",387,"ENS"
"e16_ji1_AGTGCCGCACTCCGAG-1",2243,"Smooth muscle"
"e16_ji1_AGTGCCGCAGAACCGA-1",1440,"ICC"
"e16_ji1_AGTGCCGCATCAGCTA-1",2829,"Smooth muscle"
"e16_ji1_AGTGCCGTCGGAACTT-1",3194,"Mesothelial"
"e16_ji1_AGTGTTGAGGGCATGT-1",2447,"Smooth muscle"
"e16_ji1_AGTGTTGCACTCGATA-1",2581,"ENS"
"e16_ji1_AGTGTTGCATCCGCGA-1",791,"Fibroblast"
"e16_ji1_AGTGTTGCATGTACGT-1",1609,"ENS"
"e16_ji1_AGTGTTGGTACGGCAA-1",1743,"Endothelial"
"e16_ji1_AGTGTTGGTACTCAAC-1",3089,"ENS"
"e16_ji1_AGTGTTGGTGCATTTG-1",1106,"ENS"
"e16_ji1_AGTGTTGGTTTCCCAC-1",1673,"ENS"
"e16_ji1_AGTGTTGTCATGCGGC-1",1670,"Mesothelial"
"e16_ji1_AGTGTTGTCGTTATCT-1",760,"ENS"
"e16_ji1_AGTGTTGTCTAGGCCG-1",3153,"Fibroblast"
"e16_ji1_AGTTAGCCACCTCAGG-1",2635,"Pericyte"
"e16_ji1_AGTTAGCCATGACGTT-1",1300,"Smooth muscle"
"e16_ji1_AGTTAGCGTACGACAG-1",920,"ENS"
"e16_ji1_AGTTAGCGTTTGTTCT-1",1796,"ENS"
"e16_ji1_AGTTCCCAGTGTTGAA-1",2469,"ENS"
"e16_ji1_AGTTCCCCACAGCCTG-1",2769,"Fibroblast"
"e16_ji1_AGTTCCCCAGGCACTC-1",736,"Immune"
"e16_ji1_AGTTCCCCATGTTCGA-1",2461,"Smooth muscle"
"e16_ji1_AGTTCCCTCACTGGTA-1",626,"ENS"
"e16_ji1_AGTTCCCTCCGTCACT-1",1245,"Mesothelial"
"e16_ji1_AGTTCCCTCCTATGGA-1",2144,"Fibroblast"
"e16_ji1_AGTTCCCTCTCCTGCA-1",2839,"Myofibroblast"
"e16_ji1_AGTTCGATCACTAGCA-1",2613,"ENS"
"e16_ji1_ATACCGAAGAGAGCGG-1",1386,"Endothelial"
"e16_ji1_ATACCGAAGATGGTAT-1",3300,"Fibroblast"
"e16_ji1_ATACCGAAGGCCTAGA-1",863,"ENS"
"e16_ji1_ATACCGAAGTCTCGTA-1",3031,"ENS"
"e16_ji1_ATACCGACAAAGGATT-1",760,"ENS"
"e16_ji1_ATACCGACAAGGATGC-1",2351,"Smooth muscle"
"e16_ji1_ATACCGACACCCTCTA-1",2645,"ENS"
"e16_ji1_ATACCGACAGTTTCGA-1",3089,"ENS"
"e16_ji1_ATACCGACATAATGCC-1",2089,"ENS"
"e16_ji1_ATACCGACATCTCATT-1",2126,"ENS"
"e16_ji1_ATACCGAGTTCACCGG-1",2868,"ENS"
"e16_ji1_ATACCTTAGAAGAACG-1",1900,"Mesothelial"
"e16_ji1_ATACCTTAGCTTTCCC-1",2250,"ENS"
"e16_ji1_ATACTTCAGGTCGCCT-1",190,"Smooth muscle"
"e16_ji1_ATACTTCCACTTGAAC-1",1706,"Smooth muscle"
"e16_ji1_ATACTTCGTCCAAGAG-1",3103,"Simple Epithelial"
"e16_ji1_ATACTTCGTCCACATA-1",2613,"ENS"
"e16_ji1_ATACTTCTCCGTTGGG-1",2815,"Fibroblast"
"e16_ji1_ATAGACCAGCTACTGT-1",1152,"Smooth muscle"
"e16_ji1_ATAGACCAGTATCTGC-1",3175,"Fibroblast"
"e16_ji1_ATAGACCCAGCATACT-1",974,"ENS"
"e16_ji1_ATAGACCGTCCTGGGT-1",1929,"Fibroblast"
"e16_ji1_ATAGACCGTGCGGCTT-1",744,"Fibroblast"
"e16_ji1_ATAGACCGTGTACAGG-1",2135,"Smooth muscle"
"e16_ji1_ATAGACCTCGACCATA-1",680,"Smooth muscle"
"e16_ji1_ATAGAGAAGACTCGAG-1",1969,"Myofibroblast"
"e16_ji1_ATAGAGACAACGTTAC-1",3354,"ENS"
"e16_ji1_ATAGAGACAGAGATGC-1",1381,"Smooth muscle"
"e16_ji1_ATAGAGACATATGGCT-1",687,"ICC"
"e16_ji1_ATAGAGACATCTAGAC-1",2214,"Smooth muscle"
"e16_ji1_ATAGAGAGTTGGTAGG-1",1908,"Fibroblast"
"e16_ji1_ATAGAGATCGAGGCAA-1",3292,"Myofibroblast"
"e16_ji1_ATAGAGATCGGAACTT-1",563,"ENS"
"e16_ji1_ATAGGCTAGCCGATCC-1",3269,"Fibroblast"
"e16_ji1_ATAGGCTAGGCGCTTC-1",2551,"Smooth muscle"
"e16_ji1_ATAGGCTCAAACCATC-1",3032,"ENS"
"e16_ji1_ATAGGCTCAAGGCGTA-1",2645,"ENS"
"e16_ji1_ATAGGCTCAGGGACTA-1",729,"Fibroblast"
"e16_ji1_ATAGGCTGTACGGCAA-1",1706,"ENS"
"e16_ji1_ATATCCTAGCTAAATG-1",1706,"ENS"
"e16_ji1_ATATCCTGTCGAGCTC-1",3239,"Fibroblast"
"e16_ji1_ATATCCTTCACAAGGG-1",2818,"ENS"
"e16_ji1_ATATCCTTCCGTTGAA-1",1507,"Simple Epithelial"
"e16_ji1_ATATCCTTCTGTCAGA-1",2798,"Fibroblast"
"e16_ji1_ATCACAGAGAACAAGG-1",1077,"Smooth muscle"
"e16_ji1_ATCACAGGTCGCTGCA-1",2338,"Fibroblast"
"e16_ji1_ATCACAGGTCTGTCAA-1",2469,"ENS"
"e16_ji1_ATCACAGGTCTTGCTC-1",1381,"Smooth muscle"
"e16_ji1_ATCACAGTCATGAAAG-1",668,"Immune"
"e16_ji1_ATCACAGTCGTTATCT-1",898,"Smooth muscle"
"e16_ji1_ATCACAGTCTACTGAG-1",11,"Smooth muscle"
"e16_ji1_ATCACGAAGATGAAGG-1",2632,"Myofibroblast"
"e16_ji1_ATCACGAAGCACTCAT-1",2458,"ENS"
"e16_ji1_ATCACGAAGCTGCCAC-1",2294,"ENS"
"e16_ji1_ATCACGAAGTCAATCC-1",1066,"Myofibroblast"
"e16_ji1_ATCACGACAAGCAGGT-1",2226,"Smooth muscle"
"e16_ji1_ATCACGACAATACGAA-1",3089,"ENS"
"e16_ji1_ATCACGAGTGGTCTAT-1",688,"Fibroblast"
"e16_ji1_ATCACTTAGACAGTCG-1",591,"ENS"
"e16_ji1_ATCACTTAGCAATTCC-1",1970,"Fibroblast"
"e16_ji1_ATCACTTAGCTAATCC-1",634,"Fibroblast"
"e16_ji1_ATCACTTCACGTAACT-1",2645,"ENS"
"e16_ji1_ATCACTTCAGGGATAC-1",1889,"Simple Epithelial"
"e16_ji1_ATCACTTCATGTTCGA-1",954,"Fibroblast"
"e16_ji1_ATCACTTGTGCACGCT-1",3196,"Fibroblast"
"e16_ji1_ATCACTTGTGGATACG-1",2250,"ENS"
"e16_ji1_ATCACTTTCCTAGCCT-1",3089,"ENS"
"e16_ji1_ATCAGGTAGGCGTTGA-1",2757,"ENS"
"e16_ji1_ATCAGGTCAAGAGGCT-1",2613,"ENS"
"e16_ji1_ATCAGGTCAGATACCT-1",736,"Immune"
"e16_ji1_ATCAGGTCATCACAGT-1",2832,"Smooth muscle"
"e16_ji1_ATCAGGTTCACTGAAC-1",2994,"ENS"
"e16_ji1_ATCAGGTTCGGTCTAA-1",1068,"Mesothelial"
"e16_ji1_ATCATTCCAGACATCT-1",1912,"Fibroblast"
"e16_ji1_ATCATTCCAGCAGTGA-1",2436,"Fibroblast"
"e16_ji1_ATCATTCCAGCTGAAG-1",3067,"ENS"
"e16_ji1_ATCATTCGTACGAGTG-1",2499,"Fibroblast"
"e16_ji1_ATCATTCGTGATTAGA-1",1040,"Mesothelial"
"e16_ji1_ATCATTCTCGGACCAC-1",3266,"Fibroblast"
"e16_ji1_ATCCACCAGCCGATAG-1",3067,"ENS"
"e16_ji1_ATCCACCAGCTACTGT-1",1609,"ENS"
"e16_ji1_ATCCACCCACGACGAA-1",30,"Fibroblast"
"e16_ji1_ATCCACCCATTGACAC-1",2737,"Smooth muscle"
"e16_ji1_ATCCACCGTCGGCCTA-1",422,"Fibroblast"
"e16_ji1_ATCCACCGTCTTGCTC-1",1082,"Endothelial"
"e16_ji1_ATCCACCTCAAGCCAT-1",3383,"Simple Epithelial"
"e16_ji1_ATCCACCTCCGACAGC-1",2739,"Fibroblast"
"e16_ji1_ATCCATTAGAACTGAT-1",2561,"ENS"
"e16_ji1_ATCCATTAGAGAGGGC-1",637,"Fibroblast"
"e16_ji1_ATCCATTAGGAAGTAG-1",595,"ENS"
"e16_ji1_ATCCATTAGGATTTAG-1",3031,"ENS"
"e16_ji1_ATCCATTCACAATCTG-1",1796,"ENS"
"e16_ji1_ATCCATTGTTTATGCG-1",912,"Fibroblast"
"e16_ji1_ATCCATTTCACATCAG-1",480,"Fibroblast"
"e16_ji1_ATCCATTTCGCCGAAC-1",2458,"Endothelial"
"e16_ji1_ATCCCTGCAGATAAAC-1",903,"ICC"
"e16_ji1_ATCCCTGCAGCTGTAT-1",2454,"Fibroblast"
"e16_ji1_ATCCCTGCAGGTTACT-1",572,"ENS"
"e16_ji1_ATCCCTGGTCCAACGC-1",118,"ENS"
"e16_ji1_ATCCCTGGTCGAAACG-1",541,"Fibroblast"
"e16_ji1_ATCCCTGTCAATCCAG-1",2077,"Endothelial"
"e16_ji1_ATCCCTGTCGAAGAAT-1",799,"Myofibroblast"
"e16_ji1_ATCCGTCAGAAGTGTT-1",2735,"Smooth muscle"
"e16_ji1_ATCCGTCAGGTTGGTG-1",2269,"ENS"
"e16_ji1_ATCCGTCCACAGACGA-1",2507,"Fibroblast"
"e16_ji1_ATCCGTCCAGGTCTCG-1",2469,"ENS"
"e16_ji1_ATCCTATAGCCAGACA-1",354,"Smooth muscle"
"e16_ji1_ATCCTATAGCTGTGCC-1",3031,"ENS"
"e16_ji1_ATCCTATCAACCGCCA-1",1472,"ENS"
"e16_ji1_ATCCTATCACACGGAA-1",687,"Fibroblast"
"e16_ji1_ATCCTATCAGGTCAGA-1",1727,"ICC"
"e16_ji1_ATCCTATCAGGTTCCG-1",3089,"ENS"
"e16_ji1_ATCCTATCATGGGATG-1",634,"Fibroblast"
"e16_ji1_ATCCTATGTAATTAGG-1",2613,"ENS"
"e16_ji1_ATCCTATTCAGGTGTT-1",2955,"ENS"
"e16_ji1_ATCCTATTCCGGCAAC-1",2126,"ENS"
"e16_ji1_ATCCTATTCTTACCAT-1",1175,"Smooth muscle"
"e16_ji1_ATCCTATTCTTACGTT-1",1404,"ENS"
"e16_ji1_ATCGATGAGAGCCGAT-1",668,"Immune"
"e16_ji1_ATCGATGAGCCGCTTG-1",478,"ENS"
"e16_ji1_ATCGATGAGCGTTACT-1",988,"Smooth muscle"
"e16_ji1_ATCGATGAGGATTCAA-1",1634,"Myofibroblast"
"e16_ji1_ATCGATGCATAGAGGC-1",3059,"ENS"
"e16_ji1_ATCGATGGTAGGCAAC-1",835,"Fibroblast"
"e16_ji1_ATCGATGGTCGAACGA-1",1122,"ENS"
"e16_ji1_ATCGATGGTGAGCAGT-1",2798,"Fibroblast"
"e16_ji1_ATCGATGGTGAGTGAC-1",1688,"ENS"
"e16_ji1_ATCGATGTCCCTTTGG-1",2343,"Simple Epithelial"
"e16_ji1_ATCGATGTCTCGGCTT-1",2992,"ENS"
"e16_ji1_ATCGATGTCTGAGATC-1",1204,"ENS"
"e16_ji1_ATCGCCTAGTGCTACT-1",176,"Fibroblast"
"e16_ji1_ATCGCCTCATTAAGCC-1",2461,"Fibroblast"
"e16_ji1_ATCGCCTGTCGGCACT-1",848,"Fibroblast"
"e16_ji1_ATCGCCTGTCTACATG-1",2069,"Endothelial"
"e16_ji1_ATCGGATAGCACTCCG-1",2375,"Fibroblast"
"e16_ji1_ATCGGATAGCATCTTG-1",204,"Fibroblast"
"e16_ji1_ATCGGATAGCTGACAG-1",760,"ENS"
"e16_ji1_ATCGGATAGGGACAGG-1",2994,"ENS"
"e16_ji1_ATCGGATAGGTGAGCT-1",2955,"ENS"
"e16_ji1_ATCGGATAGTACTCGT-1",1049,"Fibroblast"
"e16_ji1_ATCGGATAGTGGAATT-1",2645,"ENS"
"e16_ji1_ATCGGATCACCAAAGG-1",1547,"Fibroblast"
"e16_ji1_ATCGGATGTATGAAGT-1",2126,"ENS"
"e16_ji1_ATCGGATGTCTCACAA-1",2089,"ENS"
"e16_ji1_ATCGGATGTGGTCTTA-1",24,"Endothelial"
"e16_ji1_ATCGGCGAGTAACCGG-1",1030,"Smooth muscle"
"e16_ji1_ATCGGCGCAGTTAGAA-1",1743,"Fibroblast"
"e16_ji1_ATCGGCGGTACGTAGG-1",637,"Smooth muscle"
"e16_ji1_ATCGGCGGTGAGATAT-1",2269,"ENS"
"e16_ji1_ATCGGCGGTGATAGTA-1",2821,"Smooth muscle"
"e16_ji1_ATCGGCGTCATTACGG-1",687,"Smooth muscle"
"e16_ji1_ATCGGCGTCCGTTGGG-1",1073,"Smooth muscle"
"e16_ji1_ATCGGCGTCGAGCACC-1",1454,"Mesothelial"
"e16_ji1_ATCGTAGAGAAAGTCT-1",776,"Fibroblast"
"e16_ji1_ATCGTAGAGACCAACG-1",877,"Fibroblast"
"e16_ji1_ATCGTAGAGATGTTGA-1",2033,"Myofibroblast"
"e16_ji1_ATCGTAGCAGCAGTCC-1",3033,"ENS"
"e16_ji1_ATCGTAGCATAGAATG-1",3141,"Smooth muscle"
"e16_ji1_ATCGTAGGTAGATCCT-1",2089,"ENS"
"e16_ji1_ATCGTAGTCAGCTGAT-1",3089,"ENS"
"e16_ji1_ATCGTAGTCCACCTGT-1",3089,"ENS"
"e16_ji1_ATCGTAGTCCGCAGTG-1",2069,"Endothelial"
"e16_ji1_ATCGTCCAGAAGTCTA-1",2294,"ENS"
"e16_ji1_ATCGTCCCACGCTGAC-1",2675,"Smooth muscle"
"e16_ji1_ATCGTCCGTCGCTTAA-1",3059,"ENS"
"e16_ji1_ATCGTCCGTGTTTACG-1",860,"ENS"
"e16_ji1_ATCGTCCTCTACGGTA-1",1066,"Fibroblast"
"e16_ji1_ATCGTGAAGGATTTGA-1",925,"ENS"
"e16_ji1_ATCGTGACAAATGGAT-1",3089,"ENS"
"e16_ji1_ATCGTGACACAGCATT-1",1706,"ENS"
"e16_ji1_ATCGTGACAGTCGAGA-1",1796,"ENS"
"e16_ji1_ATCGTGACATGGGTTT-1",3089,"ENS"
"e16_ji1_ATCGTGAGTAGCACGA-1",2566,"Myofibroblast"
"e16_ji1_ATCGTGAGTATCCCTC-1",920,"ENS"
"e16_ji1_ATCGTGAGTCGTATTG-1",2475,"Myofibroblast"
"e16_ji1_ATCGTGAGTTAGTCGT-1",1419,"Endothelial"
"e16_ji1_ATCTCTAAGCAGAAAG-1",1706,"ENS"
"e16_ji1_ATCTCTACAGCAGTTT-1",1247,"Smooth muscle"
"e16_ji1_ATCTCTACATGTGGTT-1",2986,"Smooth muscle"
"e16_ji1_ATCTCTAGTAGCACGA-1",3377,"Smooth muscle"
"e16_ji1_ATCTCTATCAAGGAGC-1",2103,"Immune"
"e16_ji1_ATCTTCAAGAAGCGAA-1",1796,"ENS"
"e16_ji1_ATCTTCAAGCGAAACC-1",2089,"ENS"
"e16_ji1_ATCTTCAAGCTGACTT-1",1939,"ENS"
"e16_ji1_ATCTTCAAGTGGTGGT-1",2105,"Fibroblast"
"e16_ji1_ATCTTCACAACCGCTG-1",2863,"ENS"
"e16_ji1_ATCTTCACAGCTACAT-1",2126,"ENS"
"e16_ji1_ATCTTCACATCTCCCA-1",1053,"ENS"
"e16_ji1_ATCTTCACATGTGGCC-1",920,"ENS"
"e16_ji1_ATCTTCAGTCCGCAGT-1",3089,"ENS"
"e16_ji1_ATCTTCAGTCTCTCCA-1",1515,"Smooth muscle"
"e16_ji1_ATGAAAGAGCATGATA-1",2994,"ENS"
"e16_ji1_ATGAAAGCAAATACGA-1",2613,"ENS"
"e16_ji1_ATGAAAGCAATCAGCT-1",1704,"Immune"
"e16_ji1_ATGAAAGGTAACAAGT-1",3067,"ENS"
"e16_ji1_ATGAAAGGTAACGCGA-1",3089,"ENS"
"e16_ji1_ATGAAAGGTACCTAGT-1",2682,"Smooth muscle"
"e16_ji1_ATGAAAGGTATGCGTT-1",855,"Smooth muscle"
"e16_ji1_ATGAAAGGTTACCGTA-1",991,"ICC"
"e16_ji1_ATGAAAGGTTCAATCG-1",2473,"Smooth muscle"
"e16_ji1_ATGAAAGTCCCAATAG-1",2719,"Myofibroblast"
"e16_ji1_ATGAAAGTCGCATTAG-1",1651,"ICC"
"e16_ji1_ATGACCAAGAGCAAGA-1",1240,"Smooth muscle"
"e16_ji1_ATGACCACATTGCCGG-1",2436,"Smooth muscle"
"e16_ji1_ATGACCAGTCACTTAG-1",988,"Smooth muscle"
"e16_ji1_ATGAGGGAGAGATCGC-1",1743,"Endothelial"
"e16_ji1_ATGAGGGAGATGTTAG-1",2512,"Mesothelial"
"e16_ji1_ATGAGGGAGCCTATTG-1",2579,"Fibroblast"
"e16_ji1_ATGAGGGAGCTTTCCC-1",1898,"Smooth muscle"
"e16_ji1_ATGAGGGAGTTAGTGA-1",3089,"ENS"
"e16_ji1_ATGAGGGCACACCAGC-1",1248,"Fibroblast"
"e16_ji1_ATGAGGGCATTGCTGA-1",3196,"Smooth muscle"
"e16_ji1_ATGAGGGGTCCGTACG-1",3146,"Smooth muscle"
"e16_ji1_ATGAGGGTCCCAGCGA-1",2973,"Fibroblast"
"e16_ji1_ATGAGGGTCTCTGGTC-1",988,"Smooth muscle"
"e16_ji1_ATGAGGGTCTTGAACG-1",2175,"Smooth muscle"
"e16_ji1_ATGAGTCAGCCTCATA-1",1568,"ENS"
"e16_ji1_ATGAGTCAGTCCCGGT-1",3291,"Smooth muscle"
"e16_ji1_ATGAGTCCAATAGTGA-1",1564,"Smooth muscle"
"e16_ji1_ATGAGTCCACCAACAT-1",1883,"Endothelial"
"e16_ji1_ATGAGTCCAGAAACCG-1",1522,"Simple Epithelial"
"e16_ji1_ATGAGTCCAGACGGAT-1",2144,"Fibroblast"
"e16_ji1_ATGAGTCCAGCATTGT-1",342,"Fibroblast"
"e16_ji1_ATGAGTCCAGTTCTAG-1",1343,"Smooth muscle"
"e16_ji1_ATGATCGAGATGGTCG-1",2973,"Fibroblast"
"e16_ji1_ATGATCGAGATTTGCC-1",1674,"ENS"
"e16_ji1_ATGATCGAGGTCATTC-1",1123,"ENS"
"e16_ji1_ATGATCGCAAATGGCG-1",1567,"ENS"
"e16_ji1_ATGATCGCAAGCAATA-1",2252,"ENS"
"e16_ji1_ATGATCGCAATATCCG-1",2247,"Fibroblast"
"e16_ji1_ATGATCGTCAAGTCTG-1",2994,"ENS"
"e16_ji1_ATGCATGAGCTTCATG-1",2762,"Fibroblast"
"e16_ji1_ATGCATGCACAAGCCC-1",3332,"Smooth muscle"
"e16_ji1_ATGCATGCACTACCCT-1",2758,"ENS"
"e16_ji1_ATGCATGCATCGATAC-1",1642,"ENS"
"e16_ji1_ATGCCTCAGACGCATG-1",3089,"ENS"
"e16_ji1_ATGCCTCCAACTGTGT-1",1901,"Smooth muscle"
"e16_ji1_ATGCCTCGTCCTACGG-1",26,"ENS"
"e16_ji1_ATGCCTCGTTTGTTGG-1",963,"ENS"
"e16_ji1_ATGCCTCTCCAGCACG-1",1031,"Fibroblast"
"e16_ji1_ATGCGATAGCAATAAC-1",1743,"Endothelial"
"e16_ji1_ATGCGATGTAAGCAAT-1",214,"ENS"
"e16_ji1_ATGCGATGTACCTATG-1",2214,"ICC"
"e16_ji1_ATGCGATGTAGGGAGG-1",1204,"ENS"
"e16_ji1_ATGCGATGTCGAATGG-1",3354,"ENS"
"e16_ji1_ATGGAGGAGGTCATCT-1",2448,"Smooth muscle"
"e16_ji1_ATGGAGGCACGTCGGT-1",1688,"ENS"
"e16_ji1_ATGGAGGCACTCCTGT-1",1706,"ENS"
"e16_ji1_ATGGAGGCATAACCCA-1",2478,"Myofibroblast"
"e16_ji1_ATGGAGGGTGAGATCG-1",3178,"Immune"
"e16_ji1_ATGGAGGTCAGGAACG-1",1754,"ENS"
"e16_ji1_ATGGAGGTCATTATCC-1",1699,"Smooth muscle"
"e16_ji1_ATGGATCCACAGAGCA-1",3031,"ENS"
"e16_ji1_ATGGATCCACGTAGAG-1",437,"Smooth muscle"
"e16_ji1_ATGGATCCAGCTGAAG-1",1921,"Fibroblast"
"e16_ji1_ATGGATCCAGGCGTTC-1",2147,"ENS"
"e16_ji1_ATGGATCCATGGGAAC-1",2398,"Fibroblast"
"e16_ji1_ATGGGAGAGAAGTCTA-1",1545,"Smooth muscle"
"e16_ji1_ATGGGAGAGGGTTAAT-1",2486,"Smooth muscle"
"e16_ji1_ATGGGAGCAATAGTCC-1",1460,"Smooth muscle"
"e16_ji1_ATGGGAGCAGGCATGA-1",778,"Fibroblast"
"e16_ji1_ATGGGAGCAGTGAGCA-1",2425,"Smooth muscle"
"e16_ji1_ATGGGAGCAGTGTACT-1",2933,"Myofibroblast"
"e16_ji1_ATGGGAGCATGATGCT-1",2172,"Mesothelial"
"e16_ji1_ATGGGAGTCGCCGTGA-1",2269,"ENS"
"e16_ji1_ATGGGAGTCTATACGG-1",2126,"ENS"
"e16_ji1_ATGGGAGTCTTGATTC-1",1731,"Fibroblast"
"e16_ji1_ATGGGTTAGCGGATCA-1",2357,"Pericyte"
"e16_ji1_ATGGGTTCAACAAGAT-1",3384,"Myofibroblast"
"e16_ji1_ATGGGTTCATGCTGCG-1",1597,"Fibroblast"
"e16_ji1_ATGGGTTTCTACACTT-1",3089,"ENS"
"e16_ji1_ATGGTTGAGGGAGGTG-1",1706,"ENS"
"e16_ji1_ATGGTTGAGTCTGGAG-1",1690,"Endothelial"
"e16_ji1_ATGGTTGCACCCTTGT-1",2512,"Mesothelial"
"e16_ji1_ATGGTTGGTTACACTG-1",2822,"Smooth muscle"
"e16_ji1_ATGGTTGGTTCTATCT-1",1743,"Endothelial"
"e16_ji1_ATGTCCCCAGAAGTGC-1",2033,"Smooth muscle"
"e16_ji1_ATGTCCCGTCGACTGC-1",1077,"Fibroblast"
"e16_ji1_ATGTCCCGTCGACTTA-1",1535,"Myofibroblast"
"e16_ji1_ATGTCCCGTCGTATTG-1",550,"ENS"
"e16_ji1_ATGTCCCTCTCAATCT-1",2403,"Fibroblast"
"e16_ji1_ATGTCTTAGTTGAAGT-1",2516,"Fibroblast"
"e16_ji1_ATGTCTTCACGTAACT-1",2955,"ENS"
"e16_ji1_ATGTCTTCAGCAGTGA-1",3293,"Myofibroblast"
"e16_ji1_ATTACCTAGCCTCATA-1",2544,"Endothelial"
"e16_ji1_ATTACCTAGTGCACAG-1",391,"ENS"
"e16_ji1_ATTACCTGTAACGATA-1",1796,"ENS"
"e16_ji1_ATTACCTGTTAGGCCC-1",1588,"ICC"
"e16_ji1_ATTACTCAGACGATAT-1",3178,"Immune"
"e16_ji1_ATTACTCAGATGCTAA-1",1673,"ENS"
"e16_ji1_ATTACTCAGGTATAGT-1",2269,"ENS"
"e16_ji1_ATTACTCCACGGATCC-1",2742,"Immune"
"e16_ji1_ATTACTCCACTGCTTC-1",686,"Myofibroblast"
"e16_ji1_ATTACTCCAGGCCTGT-1",368,"Simple Epithelial"
"e16_ji1_ATTACTCGTACGTGTT-1",3354,"ENS"
"e16_ji1_ATTACTCGTACTGTTG-1",1245,"Myofibroblast"
"e16_ji1_ATTACTCGTTGCATAC-1",2144,"Fibroblast"
"e16_ji1_ATTACTCTCTTGCAAG-1",1238,"Myofibroblast"
"e16_ji1_ATTATCCCAAAGACTA-1",3031,"ENS"
"e16_ji1_ATTATCCCAACCTAAC-1",2486,"Myofibroblast"
"e16_ji1_ATTATCCCAGTCTTCC-1",637,"ICC"
"e16_ji1_ATTATCCGTCGTGATT-1",2212,"Fibroblast"
"e16_ji1_ATTATCCTCGGAGATG-1",3089,"ENS"
"e16_ji1_ATTATCCTCTACAGGT-1",1689,"ENS"
"e16_ji1_ATTATCCTCTCGTTTA-1",3354,"ENS"
"e16_ji1_ATTATCCTCTTGAGCA-1",2743,"Immune"
"e16_ji1_ATTCACTCATGACACT-1",1893,"Smooth muscle"
"e16_ji1_ATTCACTCATGTGGTT-1",596,"ENS"
"e16_ji1_ATTCACTGTGAAGCGT-1",1636,"Simple Epithelial"
"e16_ji1_ATTCACTTCACCTCTG-1",1787,"Fibroblast"
"e16_ji1_ATTCAGGAGATCGCCC-1",2454,"Smooth muscle"
"e16_ji1_ATTCAGGAGCAGAAAG-1",2956,"ENS"
"e16_ji1_ATTCAGGAGGATTTGA-1",1609,"ENS"
"e16_ji1_ATTCAGGAGTCGAATA-1",2994,"ENS"
"e16_ji1_ATTCAGGAGTTTGAGA-1",2475,"ICC"
"e16_ji1_ATTCAGGGTACAGGTG-1",2089,"ENS"
"e16_ji1_ATTCAGGGTGTGTGGA-1",41,"Smooth muscle"
"e16_ji1_ATTCAGGTCACCCATC-1",3023,"ENS"
"e16_ji1_ATTCAGGTCGAGAATA-1",2103,"Immune"
"e16_ji1_ATTCATCAGACGACGT-1",3089,"ENS"
"e16_ji1_ATTCATCAGATTAGCA-1",2269,"ENS"
"e16_ji1_ATTCATCAGCGTCAGA-1",2253,"ENS"
"e16_ji1_ATTCATCAGTCTACCA-1",2951,"Myofibroblast"
"e16_ji1_ATTCATCTCATGTCTT-1",3269,"Fibroblast"
"e16_ji1_ATTCATCTCGCGGACT-1",2269,"ENS"
"e16_ji1_ATTCCATAGACAGTCG-1",1796,"ENS"
"e16_ji1_ATTCCATAGCTTCATG-1",769,"ENS"
"e16_ji1_ATTCCATAGCTTCGTA-1",2458,"Endothelial"
"e16_ji1_ATTCCATAGTTGAAGT-1",1852,"Myofibroblast"
"e16_ji1_ATTCCATCAATCAGCT-1",780,"Myofibroblast"
"e16_ji1_ATTCCATGTGTAACGG-1",1348,"Fibroblast"
"e16_ji1_ATTCCATTCGCTCTCA-1",2147,"ENS"
"e16_ji1_ATTCCCGAGAGATTCA-1",1278,"ENS"
"e16_ji1_ATTCCCGAGGGACCAT-1",2620,"Myofibroblast"
"e16_ji1_ATTCCCGCACCAGGTC-1",2369,"Smooth muscle"
"e16_ji1_ATTCCCGCACCTAAAC-1",2068,"Fibroblast"
"e16_ji1_ATTCCCGCAGAGCCCT-1",1247,"Smooth muscle"
"e16_ji1_ATTCCCGCAGTCAGTT-1",2478,"Smooth muscle"
"e16_ji1_ATTCCTAAGTAAACTG-1",1281,"ENS"
"e16_ji1_ATTCCTACACAACGCC-1",3104,"ENS"
"e16_ji1_ATTCCTACACAAGTTC-1",1068,"Mesothelial"
"e16_ji1_ATTCCTACAGCGTGCT-1",1796,"ENS"
"e16_ji1_ATTCCTACAGGCTCTG-1",2955,"ENS"
"e16_ji1_ATTCCTACATCCAACA-1",698,"Fibroblast"
"e16_ji1_ATTCGTTAGAAATTGC-1",2091,"ENS"
"e16_ji1_ATTCGTTAGCATCAAA-1",1184,"ENS"
"e16_ji1_ATTCGTTCACTTGTGA-1",2269,"ENS"
"e16_ji1_ATTCGTTGTCATAAAG-1",1122,"ENS"
"e16_ji1_ATTCGTTTCAAAGAAC-1",2613,"ENS"
"e16_ji1_ATTCTACAGGCCCGTT-1",3397,"Fibroblast"
"e16_ji1_ATTCTACCAAGATGTA-1",2461,"Fibroblast"
"e16_ji1_ATTCTACGTAGGACTG-1",1493,"ENS"
"e16_ji1_ATTCTACGTTCTAACG-1",3023,"ENS"
"e16_ji1_ATTCTACTCCATAGGT-1",2868,"ENS"
"e16_ji1_ATTCTACTCGTTCTAT-1",840,"Simple Epithelial"
"e16_ji1_ATTCTACTCTGAGGCC-1",3089,"ENS"
"e16_ji1_ATTCTACTCTGCGTCT-1",321,"Smooth muscle"
"e16_ji1_ATTCTTGAGAGTCGAC-1",2403,"Fibroblast"
"e16_ji1_ATTCTTGAGATTAGAC-1",1609,"ENS"
"e16_ji1_ATTCTTGAGTCCCGAC-1",2621,"Myofibroblast"
"e16_ji1_ATTCTTGGTCGAACAG-1",1706,"ENS"
"e16_ji1_ATTCTTGTCGGCTGTG-1",460,"ENS"
"e16_ji1_ATTGGGTAGGCACGAT-1",2567,"Fibroblast"
"e16_ji1_ATTGGGTCAAAGCTCT-1",3089,"ENS"
"e16_ji1_ATTGGGTCAAATACAG-1",1688,"ENS"
"e16_ji1_ATTGGGTCAGCTATTG-1",1699,"Smooth muscle"
"e16_ji1_ATTGGGTCAGCTGAAG-1",2814,"ICC"
"e16_ji1_ATTGGGTGTACACTCA-1",1636,"Simple Epithelial"
"e16_ji1_ATTGGGTTCCTCCACA-1",1705,"Immune"
"e16_ji1_ATTGGGTTCGTTCCCA-1",2376,"Immune"
"e16_ji1_ATTGGGTTCTACTGCC-1",2378,"ICC"
"e16_ji1_ATTGGGTTCTCCAATT-1",3067,"ENS"
"e16_ji1_ATTGTTCCACTGCGTG-1",1361,"Smooth muscle"
"e16_ji1_ATTGTTCCATCCCACT-1",3089,"ENS"
"e16_ji1_ATTGTTCGTAACTTCG-1",2408,"ENS"
"e16_ji1_ATTGTTCTCACTCGAA-1",2709,"ENS"
"e16_ji1_ATTGTTCTCATGACAC-1",3031,"ENS"
"e16_ji1_ATTGTTCTCGCTGATA-1",855,"Smooth muscle"
"e16_ji1_ATTTACCAGTAAACGT-1",760,"ENS"
"e16_ji1_ATTTACCAGTCACACT-1",644,"Endothelial"
"e16_ji1_ATTTACCAGTCATGCT-1",2416,"Smooth muscle"
"e16_ji1_ATTTACCCAAGTATCC-1",1560,"Fibroblast"
"e16_ji1_ATTTACCCAGGGATAC-1",1796,"ENS"
"e16_ji1_ATTTACCGTAGCTCGC-1",616,"Smooth muscle"
"e16_ji1_ATTTACCGTGAGAACC-1",2070,"Endothelial"
"e16_ji1_ATTTACCTCCAGTGCG-1",2250,"ENS"
"e16_ji1_ATTTACCTCCCTCTTT-1",3024,"ENS"
"e16_ji1_ATTTACCTCCTCTAAT-1",1651,"Smooth muscle"
"e16_ji1_ATTTCACAGTAACCTC-1",1341,"Endothelial"
"e16_ji1_ATTTCACCACGTACTA-1",903,"Fibroblast"
"e16_ji1_ATTTCACCAGCTACAT-1",2506,"ICC"
"e16_ji1_ATTTCACGTTCCGTTC-1",3024,"ENS"
"e16_ji1_ATTTCACGTTCTGACA-1",2707,"Myofibroblast"
"e16_ji1_ATTTCACTCAAAGGTA-1",3089,"ENS"
"e16_ji1_ATTTCACTCAGGGATG-1",3089,"ENS"
"e16_ji1_ATTTCACTCCACATAG-1",1066,"Pericyte"
"e16_ji1_ATTTCACTCGTCAAAC-1",101,"Myofibroblast"
"e16_ji1_ATTTCACTCTCAACCC-1",1167,"Fibroblast"
"e16_ji1_ATTTCTGAGTTCGCAT-1",127,"ENS"
"e16_ji1_ATTTCTGCAGACGGAT-1",1310,"Smooth muscle"
"e16_ji1_ATTTCTGGTGTCCGGT-1",588,"Smooth muscle"
"e16_ji1_ATTTCTGTCCGATCGG-1",2992,"ENS"
"e16_ji1_ATTTCTGTCTGTCGTC-1",2696,"ENS"
"e16_ji1_CAAAGAACAACTACGT-1",3089,"ENS"
"e16_ji1_CAAAGAACACAGAGAC-1",2077,"Endothelial"
"e16_ji1_CAAAGAACAGAGGTTG-1",2144,"Fibroblast"
"e16_ji1_CAAAGAAGTACGCGTC-1",3175,"Fibroblast"
"e16_ji1_CAAAGAAGTGGACCAA-1",2937,"Immune"
"e16_ji1_CAAAGAATCGGTCTAA-1",1783,"Myofibroblast"
"e16_ji1_CAAAGAATCTTCGATT-1",2478,"Fibroblast"
"e16_ji1_CAACAACAGGCCACTC-1",1636,"Simple Epithelial"
"e16_ji1_CAACAACAGGCGATAC-1",637,"Smooth muscle"
"e16_ji1_CAACAACAGGTATTGA-1",3089,"ENS"
"e16_ji1_CAACAACAGTGAGCCA-1",2408,"ENS"
"e16_ji1_CAACAACCAACACAGG-1",1652,"Fibroblast"
"e16_ji1_CAACAACGTCTTGCGG-1",2994,"ENS"
"e16_ji1_CAACAACGTGACAGCA-1",1419,"Fibroblast"
"e16_ji1_CAACAACGTGCAATAA-1",855,"Myofibroblast"
"e16_ji1_CAACAACGTTCCACGG-1",799,"Endothelial"
"e16_ji1_CAACAACTCCGCTAGG-1",2674,"Fibroblast"
"e16_ji1_CAACAGTAGGGACCAT-1",616,"Fibroblast"
"e16_ji1_CAACAGTAGTTAGTAG-1",2250,"ENS"
"e16_ji1_CAACAGTGTCACTCTC-1",3399,"Fibroblast"
"e16_ji1_CAACAGTGTCCGATCG-1",3023,"ENS"
"e16_ji1_CAACAGTGTCTACAGT-1",3089,"ENS"
"e16_ji1_CAACCAAAGTGCTACT-1",3292,"Fibroblast"
"e16_ji1_CAACCAACAACCAACT-1",1122,"ENS"
"e16_ji1_CAACCAACACTGATTG-1",1908,"Smooth muscle"
"e16_ji1_CAACCAAGTAGTCGGA-1",2408,"ENS"
"e16_ji1_CAACCAAGTGTCATCA-1",1743,"Endothelial"
"e16_ji1_CAACCAATCATTCTTG-1",1247,"Smooth muscle"
"e16_ji1_CAACCAATCCCTCAAC-1",3061,"ENS"
"e16_ji1_CAACCAATCCCTTGTG-1",1471,"ENS"
"e16_ji1_CAACCAATCCGCATAA-1",1847,"Simple Epithelial"
"e16_ji1_CAACCTCAGAATCCCT-1",2077,"Endothelial"
"e16_ji1_CAACCTCAGATGCTTC-1",2879,"Fibroblast"
"e16_ji1_CAACCTCCAAGTGCAG-1",2211,"Fibroblast"
"e16_ji1_CAACCTCCAATTGAAG-1",2735,"ICC"
"e16_ji1_CAACCTCCACGACGCT-1",1304,"Simple Epithelial"
"e16_ji1_CAACCTCCAGACAAAT-1",2269,"ENS"
"e16_ji1_CAACCTCCAGTTGGTT-1",324,"ENS"
"e16_ji1_CAACCTCCATGTTCGA-1",2147,"ENS"
"e16_ji1_CAACCTCGTCAATGGG-1",2994,"ENS"
"e16_ji1_CAACCTCGTCCTTTGC-1",475,"Myofibroblast"
"e16_ji1_CAACCTCGTGTCCGTG-1",3382,"Simple Epithelial"
"e16_ji1_CAACCTCTCAAGCCCG-1",1122,"ENS"
"e16_ji1_CAACGATAGGCTCCCA-1",2469,"ENS"
"e16_ji1_CAACGATCAAGAATAC-1",3059,"ENS"
"e16_ji1_CAACGATCACTGTGTA-1",1592,"Smooth muscle"
"e16_ji1_CAACGATCAGCTGTCG-1",2742,"Immune"
"e16_ji1_CAACGATCAGTATACC-1",1908,"Smooth muscle"
"e16_ji1_CAACGATGTACAGCGA-1",1567,"ENS"
"e16_ji1_CAACGATTCGGCTTGG-1",1609,"ENS"
"e16_ji1_CAACGATTCTTGGGCG-1",2937,"Immune"
"e16_ji1_CAACGGCCAGGCTACC-1",1597,"Fibroblast"
"e16_ji1_CAACGGCCATATCTGG-1",2868,"ENS"
"e16_ji1_CAACGGCGTTAAACCC-1",3354,"ENS"
"e16_ji1_CAAGACTGTCAGTCTA-1",1567,"ENS"
"e16_ji1_CAAGACTTCACCCATC-1",1743,"Endothelial"
"e16_ji1_CAAGACTTCGCATTAG-1",2147,"ENS"
"e16_ji1_CAAGAGGAGAACTGAT-1",2448,"Smooth muscle"
"e16_ji1_CAAGAGGAGAGTCAGC-1",3240,"Fibroblast"
"e16_ji1_CAAGAGGAGCCTTGAT-1",920,"ENS"
"e16_ji1_CAAGAGGAGCGATGGT-1",738,"Endothelial"
"e16_ji1_CAAGAGGAGGTGCTTT-1",1793,"Fibroblast"
"e16_ji1_CAAGAGGAGTGACACG-1",1250,"Smooth muscle"
"e16_ji1_CAAGAGGCACGCAGTC-1",1886,"Myofibroblast"
"e16_ji1_CAAGAGGCAGCAGATG-1",1920,"Myofibroblast"
"e16_ji1_CAAGAGGCAGTTGCGC-1",918,"Smooth muscle"
"e16_ji1_CAAGAGGTCAAGATAG-1",1048,"Smooth muscle"
"e16_ji1_CAAGAGGTCAGGAGAC-1",673,"Fibroblast"
"e16_ji1_CAAGAGGTCCGTCACT-1",2581,"ENS"
"e16_ji1_CAAGCTAAGAATACAC-1",690,"Fibroblast"
"e16_ji1_CAAGCTACAGCGGATA-1",791,"Smooth muscle"
"e16_ji1_CAAGCTAGTCTACAAC-1",2269,"ENS"
"e16_ji1_CAAGCTAGTTCGTACA-1",1659,"ICC"
"e16_ji1_CAAGCTAGTTGTGGCC-1",2570,"ENS"
"e16_ji1_CAAGCTAGTTGTTGCA-1",830,"Endothelial"
"e16_ji1_CAAGCTATCACCCATC-1",1215,"Smooth muscle"
"e16_ji1_CAAGCTATCGGACCAC-1",2994,"ENS"
"e16_ji1_CAAGCTATCTTCGCTG-1",3367,"Fibroblast"
"e16_ji1_CAAGGGAAGAGTCAAT-1",1122,"ENS"
"e16_ji1_CAAGGGAAGGGACACT-1",2643,"Smooth muscle"
"e16_ji1_CAAGGGACACAATGCT-1",2176,"Smooth muscle"
"e16_ji1_CAAGGGACACCGTGGT-1",2408,"ENS"
"e16_ji1_CAAGGGACATGGCCCA-1",2144,"Fibroblast"
"e16_ji1_CAAGGGAGTCGCTGCA-1",1897,"Endothelial"
"e16_ji1_CAATACGAGTCCGCGT-1",2696,"ENS"
"e16_ji1_CAATACGAGTGCACAG-1",2169,"Smooth muscle"
"e16_ji1_CAATACGCATAGGTTC-1",2269,"ENS"
"e16_ji1_CAATACGTCACTCACC-1",626,"ENS"
"e16_ji1_CAATACGTCTATCGCC-1",2180,"Fibroblast"
"e16_ji1_CAATCGAAGCTTCATG-1",2323,"Fibroblast"
"e16_ji1_CAATCGAAGGCCTAAG-1",903,"Fibroblast"
"e16_ji1_CAATCGAGTCGACTGC-1",98,"Immune"
"e16_ji1_CAATCGATCAGGTGTT-1",2496,"Fibroblast"
"e16_ji1_CAATGACAGATACTGA-1",688,"Fibroblast"
"e16_ji1_CAATGACAGCGTATAA-1",3198,"Smooth muscle"
"e16_ji1_CAATGACGTACTCGTA-1",2739,"Fibroblast"
"e16_ji1_CAATGACTCATTGCTT-1",1796,"ENS"
"e16_ji1_CAATGACTCGTTATCT-1",2957,"ENS"
"e16_ji1_CAATGACTCTGACGCG-1",2325,"Smooth muscle"
"e16_ji1_CAATTTCCAAGACGGT-1",3105,"ENS"
"e16_ji1_CAATTTCGTGATCATC-1",177,"ICC"
"e16_ji1_CAATTTCTCGATAACC-1",2627,"Smooth muscle"
"e16_ji1_CAATTTCTCTCGCTTG-1",2415,"Fibroblast"
"e16_ji1_CACAACACAAGGCAAC-1",2458,"Endothelial"
"e16_ji1_CACAACAGTGAAGCTG-1",904,"Mesothelial"
"e16_ji1_CACAACAGTGTGGTCC-1",2937,"Immune"
"e16_ji1_CACAACAGTGTTACTG-1",2121,"Mesothelial"
"e16_ji1_CACAACATCCTGGGAC-1",774,"Myofibroblast"
"e16_ji1_CACAACATCGAACTCA-1",3089,"ENS"
"e16_ji1_CACAACATCTATGTGG-1",2472,"Simple Epithelial"
"e16_ji1_CACACAAAGGACTATA-1",2682,"Smooth muscle"
"e16_ji1_CACACAAGTAGGACTG-1",3354,"ENS"
"e16_ji1_CACACAAGTGTCCAAT-1",2953,"Mesothelial"
"e16_ji1_CACACAAGTTGCCGAC-1",2614,"ENS"
"e16_ji1_CACACAATCTTCGTAT-1",2053,"Fibroblast"
"e16_ji1_CACAGATAGCTACTGT-1",3234,"Myofibroblast"
"e16_ji1_CACAGATCAACACACT-1",1561,"Fibroblast"
"e16_ji1_CACAGATCAAGCGAAC-1",2369,"ICC"
"e16_ji1_CACAGATGTACCTATG-1",2958,"ENS"
"e16_ji1_CACAGATGTATGGGAC-1",749,"ENS"
"e16_ji1_CACAGATGTCTCTCAC-1",3023,"ENS"
"e16_ji1_CACAGATGTTAATCGC-1",2458,"Endothelial"
"e16_ji1_CACAGATGTTGCAACT-1",754,"ENS"
"e16_ji1_CACAGATGTTTCCATT-1",1706,"ENS"
"e16_ji1_CACAGATTCACTCGAA-1",2269,"ENS"
"e16_ji1_CACAGATTCAGTGCGC-1",2228,"Smooth muscle"
"e16_ji1_CACAGATTCGCGCCAA-1",3089,"ENS"
"e16_ji1_CACAGATTCGGCATTA-1",749,"ENS"
"e16_ji1_CACAGGCAGTCATGGG-1",3354,"ENS"
"e16_ji1_CACAGGCCACGTAGTT-1",2750,"Smooth muscle"
"e16_ji1_CACAGGCTCATTGGTG-1",3089,"ENS"
"e16_ji1_CACAGGCTCTCCGCAT-1",3089,"ENS"
"e16_ji1_CACATGAAGGCTGGAT-1",948,"ICC"
"e16_ji1_CACATGAAGGGTATAT-1",1414,"Smooth muscle"
"e16_ji1_CACATGAAGGTCCCGT-1",2799,"Fibroblast"
"e16_ji1_CACATGAAGTGCAGCA-1",2227,"Myofibroblast"
"e16_ji1_CACATGACAAGTTGGG-1",3367,"Fibroblast"
"e16_ji1_CACATGACAGCGCTTG-1",2813,"Smooth muscle"
"e16_ji1_CACATGACAGGTTCAT-1",3089,"ENS"
"e16_ji1_CACATGAGTCCACATA-1",2069,"Endothelial"
"e16_ji1_CACATGATCCACTGAA-1",1796,"ENS"
"e16_ji1_CACCAAAAGAGCCGAT-1",2436,"Smooth muscle"
"e16_ji1_CACCAAAAGGTGGCTA-1",2323,"Smooth muscle"
"e16_ji1_CACCAAACAGAGTCAG-1",1050,"ENS"
"e16_ji1_CACCAAACAGGTCTCG-1",1567,"ENS"
"e16_ji1_CACCAAAGTGATACTC-1",1688,"ENS"
"e16_ji1_CACCAAATCCGATGCG-1",2025,"Fibroblast"
"e16_ji1_CACCAAATCCTTTGAT-1",835,"Smooth muscle"
"e16_ji1_CACCGTTAGGTATCTC-1",2089,"ENS"
"e16_ji1_CACCGTTAGTATGTAG-1",651,"Smooth muscle"
"e16_ji1_CACCGTTCAGTTGTCA-1",2263,"Smooth muscle"
"e16_ji1_CACCGTTGTCGTCATA-1",920,"ENS"
"e16_ji1_CACCGTTGTCTAATCG-1",2948,"Smooth muscle"
"e16_ji1_CACGAATCACAACCGC-1",1688,"ENS"
"e16_ji1_CACGAATGTCCGACGT-1",688,"Fibroblast"
"e16_ji1_CACGAATTCAACGCTA-1",810,"Smooth muscle"
"e16_ji1_CACGAATTCCTGGGTG-1",2436,"Fibroblast"
"e16_ji1_CACGAATTCTTCTAAC-1",1195,"Smooth muscle"
"e16_ji1_CACGGGTAGGACATCG-1",831,"Endothelial"
"e16_ji1_CACGGGTAGGTGCCAA-1",1796,"ENS"
"e16_ji1_CACGGGTAGGTTAGTA-1",2403,"Fibroblast"
"e16_ji1_CACGGGTCAGAAGTTA-1",2757,"ENS"
"e16_ji1_CACGGGTCAGTGTATC-1",1759,"Fibroblast"
"e16_ji1_CACGGGTTCGGCTATA-1",2868,"ENS"
"e16_ji1_CACGTGGAGCCATGCC-1",3089,"ENS"
"e16_ji1_CACGTGGAGTGGTTCT-1",1458,"Smooth muscle"
"e16_ji1_CACGTGGAGTTACGGG-1",1067,"Myofibroblast"
"e16_ji1_CACGTGGCAACGCATT-1",2454,"ICC"
"e16_ji1_CACGTGGGTAGATGTA-1",2294,"ENS"
"e16_ji1_CACGTGGTCTTTGGAG-1",1348,"Smooth muscle"
"e16_ji1_CACGTTCAGCATCAAA-1",1720,"Fibroblast"
"e16_ji1_CACGTTCCACGAGGAT-1",2147,"ENS"
"e16_ji1_CACGTTCCACTTGTCC-1",2937,"Immune"
"e16_ji1_CACGTTCGTAGAATGT-1",2434,"Mesothelial"
"e16_ji1_CACGTTCGTCTCAAGT-1",2166,"Myofibroblast"
"e16_ji1_CACGTTCGTTCTCAGA-1",736,"Immune"
"e16_ji1_CACGTTCTCACTCTTA-1",2802,"Smooth muscle"
"e16_ji1_CACGTTCTCCCTCAAC-1",1204,"ENS"
"e16_ji1_CACGTTCTCGTGAGAG-1",2486,"Fibroblast"
"e16_ji1_CACGTTCTCTACGGTA-1",958,"ENS"
"e16_ji1_CACGTTCTCTAGACAC-1",3054,"Simple Epithelial"
"e16_ji1_CACTAAGCAGCTGTTA-1",2937,"Immune"
"e16_ji1_CACTAAGGTAGCCAGA-1",1636,"Simple Epithelial"
"e16_ji1_CACTAAGGTCGCTTAA-1",3067,"ENS"
"e16_ji1_CACTAAGGTCTAACGT-1",2992,"ENS"
"e16_ji1_CACTAAGGTGCATCTA-1",2833,"Simple Epithelial"
"e16_ji1_CACTAAGGTTGAGAGC-1",2069,"Fibroblast"
"e16_ji1_CACTAAGTCCGATCTC-1",2478,"Myofibroblast"
"e16_ji1_CACTAAGTCGCCTCTA-1",3023,"ENS"
"e16_ji1_CACTGAAAGCGGGTTA-1",2197,"ENS"
"e16_ji1_CACTGAAAGTCTAGCT-1",2507,"Fibroblast"
"e16_ji1_CACTGAACACATTCGA-1",3089,"ENS"
"e16_ji1_CACTGAACATGACCCG-1",3417,"Fibroblast"
"e16_ji1_CACTGAAGTTCCAAAC-1",1059,"Endothelial"
"e16_ji1_CACTGAATCATTTACC-1",1704,"Immune"
"e16_ji1_CACTGAATCGTACCTC-1",1418,"Smooth muscle"
"e16_ji1_CACTGGGAGCCTCACG-1",990,"Myofibroblast"
"e16_ji1_CACTGGGCACCACTGG-1",2325,"ENS"
"e16_ji1_CACTGGGCATCCGATA-1",2955,"ENS"
"e16_ji1_CACTGGGCATCGGTTA-1",2214,"Myofibroblast"
"e16_ji1_CACTGGGGTACGGGAT-1",1886,"Myofibroblast"
"e16_ji1_CACTGGGGTACTTCCC-1",2615,"ENS"
"e16_ji1_CACTGGGGTCGAAACG-1",443,"Fibroblast"
"e16_ji1_CACTGGGGTGACTCTA-1",2955,"ENS"
"e16_ji1_CACTGGGTCCGGTTCT-1",1390,"Myofibroblast"
"e16_ji1_CACTGGGTCTCTTAAC-1",775,"Fibroblast"
"e16_ji1_CACTGTCAGCGACTTT-1",2868,"Smooth muscle"
"e16_ji1_CACTGTCCAGGCACAA-1",2369,"Smooth muscle"
"e16_ji1_CACTGTCGTCATGGCC-1",2089,"ENS"
"e16_ji1_CACTGTCGTTAAGTCC-1",1066,"Fibroblast"
"e16_ji1_CACTGTCGTTGCCGAC-1",2507,"Myofibroblast"
"e16_ji1_CACTGTCTCTTGGCTC-1",1545,"ICC"
"e16_ji1_CACTTCGAGAGATTCA-1",1031,"Smooth muscle"
"e16_ji1_CACTTCGAGAGTTGAT-1",3153,"Fibroblast"
"e16_ji1_CACTTCGAGATTGGGC-1",760,"ENS"
"e16_ji1_CACTTCGCAATAGTGA-1",1724,"Fibroblast"
"e16_ji1_CACTTCGCAGCAGTTT-1",324,"ENS"
"e16_ji1_CACTTCGGTCACTAGT-1",2269,"ENS"
"e16_ji1_CACTTCGGTCTCGCGA-1",3089,"ENS"
"e16_ji1_CACTTCGTCATTGCGA-1",1297,"ENS"
"e16_ji1_CACTTCGTCGGCGATC-1",2755,"Mesothelial"
"e16_ji1_CAGAGCCCAGAGTCTT-1",744,"Fibroblast"
"e16_ji1_CAGAGCCCATACCAGT-1",1031,"Fibroblast"
"e16_ji1_CAGAGCCGTATCCTCC-1",1588,"Fibroblast"
"e16_ji1_CAGAGCCGTTCGGGTC-1",3239,"ICC"
"e16_ji1_CAGAGCCGTTGGGTTT-1",1068,"Mesothelial"
"e16_ji1_CAGAGCCTCACTACGA-1",2403,"Fibroblast"
"e16_ji1_CAGAGCCTCATATGGC-1",1730,"Smooth muscle"
"e16_ji1_CAGAGCCTCGATGCAT-1",1540,"Fibroblast"
"e16_ji1_CAGAGCCTCTGAGAAA-1",2147,"ENS"
"e16_ji1_CAGAGCCTCTTCGGAA-1",1522,"Simple Epithelial"
"e16_ji1_CAGATACAGAGCTGAC-1",908,"Fibroblast"
"e16_ji1_CAGATACAGGTCACTT-1",2581,"ENS"
"e16_ji1_CAGATACAGTGCTCGC-1",3291,"Smooth muscle"
"e16_ji1_CAGATACCAATCGCAT-1",2516,"Smooth muscle"
"e16_ji1_CAGATACCACAATGAA-1",2294,"ENS"
"e16_ji1_CAGATACGTACAGTAA-1",2269,"ENS"
"e16_ji1_CAGATACGTTGTTGTG-1",2126,"ENS"
"e16_ji1_CAGATACTCACCACAA-1",620,"Myofibroblast"
"e16_ji1_CAGATCAAGGTCATAA-1",1673,"ENS"
"e16_ji1_CAGATCACAATTCACG-1",987,"Fibroblast"
"e16_ji1_CAGATCACATCGATAC-1",2994,"ENS"
"e16_ji1_CAGATCACATGACACT-1",1673,"ENS"
"e16_ji1_CAGATCAGTATCCCTC-1",550,"ENS"
"e16_ji1_CAGATCAGTGGACTAG-1",3089,"Smooth muscle"
"e16_ji1_CAGATCAGTTACCTGA-1",2798,"Smooth muscle"
"e16_ji1_CAGATCAGTTGCTCCT-1",3354,"ENS"
"e16_ji1_CAGATCATCAAACCCA-1",2994,"ENS"
"e16_ji1_CAGATCATCGTCAACA-1",760,"ENS"
"e16_ji1_CAGATCATCTATCCAT-1",3089,"ENS"
"e16_ji1_CAGATTGAGCCGTCGT-1",736,"Immune"
"e16_ji1_CAGATTGAGGGAGGGT-1",1049,"Smooth muscle"
"e16_ji1_CAGATTGCAATTCTTC-1",2429,"Simple Epithelial"
"e16_ji1_CAGATTGGTCTTCCGT-1",2696,"ENS"
"e16_ji1_CAGATTGGTTGCTCCT-1",2083,"Fibroblast"
"e16_ji1_CAGATTGTCGCGAAGA-1",2326,"ENS"
"e16_ji1_CAGCAATAGTCTTCGA-1",920,"ENS"
"e16_ji1_CAGCAATCATACTTTC-1",1718,"Smooth muscle"
"e16_ji1_CAGCAATGTAACCCGC-1",2865,"ENS"
"e16_ji1_CAGCAATGTATGAGGC-1",1727,"Fibroblast"
"e16_ji1_CAGCAATGTTGGTGTT-1",1348,"Fibroblast"
"e16_ji1_CAGCAATTCAGTGCGC-1",2623,"Smooth muscle"
"e16_ji1_CAGCAATTCATTCCTA-1",3089,"ENS"
"e16_ji1_CAGCAATTCCGTATAG-1",2209,"Immune"
"e16_ji1_CAGCACGCAGCTAACT-1",749,"ENS"
"e16_ji1_CAGCACGCATAGCTGT-1",2408,"ENS"
"e16_ji1_CAGCACGGTGGCCCAT-1",393,"ENS"
"e16_ji1_CAGCACGGTTGTGGAG-1",749,"ENS"
"e16_ji1_CAGCAGCCACGACAGA-1",855,"Smooth muscle"
"e16_ji1_CAGCCAGAGCTGCCAC-1",767,"Myofibroblast"
"e16_ji1_CAGCCAGAGCTTACGT-1",436,"Fibroblast"
"e16_ji1_CAGCCAGAGGGTAGCT-1",2019,"Mesothelial"
"e16_ji1_CAGCCAGAGTCCGCCA-1",3089,"ENS"
"e16_ji1_CAGCCAGCACCTATCC-1",2514,"Simple Epithelial"
"e16_ji1_CAGCCAGGTCAAATCC-1",1642,"ENS"
"e16_ji1_CAGCCAGGTGTAGCAG-1",2077,"Endothelial"
"e16_ji1_CAGCCAGTCCCATTCG-1",573,"ENS"
"e16_ji1_CAGCCAGTCGGCAGTC-1",1546,"Mesothelial"
"e16_ji1_CAGCGTGAGCATTTCG-1",3239,"Fibroblast"
"e16_ji1_CAGCGTGAGGTCGTAG-1",2147,"ENS"
"e16_ji1_CAGCGTGCATTGAGGG-1",550,"Myofibroblast"
"e16_ji1_CAGCGTGTCGGACTGC-1",920,"ENS"
"e16_ji1_CAGGCCACACATGAAA-1",3300,"Smooth muscle"
"e16_ji1_CAGGCCACACGTCTCT-1",2953,"Pericyte"
"e16_ji1_CAGGCCAGTATCATGC-1",770,"ENS"
"e16_ji1_CAGGCCATCAACTCTT-1",1528,"Fibroblast"
"e16_ji1_CAGGGCTAGAACGCGT-1",685,"Smooth muscle"
"e16_ji1_CAGGGCTAGCAAACAT-1",1796,"ENS"
"e16_ji1_CAGGGCTAGTCAACAA-1",1561,"Fibroblast"
"e16_ji1_CAGGGCTGTACCATAC-1",1609,"ENS"
"e16_ji1_CAGGGCTGTTAAGACA-1",3067,"ENS"
"e16_ji1_CAGGTATAGGATTTCC-1",3089,"ENS"
"e16_ji1_CAGGTATCATCTGTTT-1",3239,"Fibroblast"
"e16_ji1_CAGGTATCATTAAAGG-1",2269,"ENS"
"e16_ji1_CAGGTATGTCATCGGC-1",831,"Endothelial"
"e16_ji1_CAGGTATGTTCTCCAC-1",1418,"Myofibroblast"
"e16_ji1_CAGGTATGTTGTGTAC-1",2269,"ENS"
"e16_ji1_CAGTGCGAGCTGTTCA-1",3196,"Fibroblast"
"e16_ji1_CAGTGCGCAACCGATT-1",2613,"ENS"
"e16_ji1_CAGTGCGCACTCAGAT-1",2069,"Endothelial"
"e16_ji1_CAGTGCGCAGAACGCA-1",3106,"Smooth muscle"
"e16_ji1_CAGTGCGCAGTGGCTC-1",908,"Fibroblast"
"e16_ji1_CAGTGCGCATCCTTCG-1",2994,"ENS"
"e16_ji1_CAGTGCGGTTAAGGGC-1",1642,"ENS"
"e16_ji1_CAGTTAGCAGATCATC-1",3059,"ENS"
"e16_ji1_CAGTTAGGTTAAGAAC-1",886,"ENS"
"e16_ji1_CAGTTAGGTTGATGTC-1",2214,"Myofibroblast"
"e16_ji1_CAGTTAGTCATACGAC-1",2147,"ENS"
"e16_ji1_CAGTTAGTCCCGAAAT-1",2147,"ENS"
"e16_ji1_CAGTTCCAGAGTTCGG-1",2456,"Fibroblast"
"e16_ji1_CAGTTCCGTAATTGGA-1",1250,"Smooth muscle"
"e16_ji1_CAGTTCCGTAGATGTA-1",2496,"Fibroblast"
"e16_ji1_CAGTTCCTCTATCGTT-1",2812,"Fibroblast"
"e16_ji1_CATAAGCAGCCTGTCG-1",1462,"Smooth muscle"
"e16_ji1_CATAAGCAGCTTCGTA-1",2823,"Myofibroblast"
"e16_ji1_CATAAGCAGGTCATAA-1",2822,"Mesothelial"
"e16_ji1_CATAAGCGTGGCCCAT-1",2798,"Fibroblast"
"e16_ji1_CATAAGCGTTTCAGAC-1",1196,"Fibroblast"
"e16_ji1_CATAAGCTCTAGCCAA-1",749,"ENS"
"e16_ji1_CATACAGAGAGTGTGC-1",1755,"ENS"
"e16_ji1_CATACAGAGATGGGCT-1",3089,"ENS"
"e16_ji1_CATACAGCAACACACT-1",554,"ENS"
"e16_ji1_CATACAGCAACACGAG-1",1545,"Fibroblast"
"e16_ji1_CATACAGCATTGACTG-1",1906,"Smooth muscle"
"e16_ji1_CATACAGGTCACTCAA-1",1731,"Pericyte"
"e16_ji1_CATACAGGTGATCATC-1",3178,"Immune"
"e16_ji1_CATACAGGTGGTTCTA-1",2439,"Endothelial"
"e16_ji1_CATACAGTCAGGACGA-1",1731,"Fibroblast"
"e16_ji1_CATACAGTCGGACGTC-1",2408,"ENS"
"e16_ji1_CATACAGTCTGCATGA-1",2415,"Fibroblast"
"e16_ji1_CATACCCAGAAGCCAC-1",744,"Fibroblast"
"e16_ji1_CATACCCAGCGGGTAT-1",1539,"Myofibroblast"
"e16_ji1_CATACCCAGTGCTCGC-1",2415,"Fibroblast"
"e16_ji1_CATACCCCAAGGCGTA-1",626,"ENS"
"e16_ji1_CATACCCCAGGACTAG-1",1721,"Smooth muscle"
"e16_ji1_CATACCCCATCCTCAC-1",2077,"Endothelial"
"e16_ji1_CATACCCCATGACGAG-1",1241,"Fibroblast"
"e16_ji1_CATACCCTCGGCCAAC-1",2873,"ENS"
"e16_ji1_CATACCCTCTAAGGAA-1",1706,"ENS"
"e16_ji1_CATACTTAGAATCGCG-1",1341,"Endothelial"
"e16_ji1_CATACTTAGCTAGCCC-1",970,"ENS"
"e16_ji1_CATACTTAGCTGAAGC-1",3379,"Simple Epithelial"
"e16_ji1_CATACTTCAACACACT-1",1942,"ENS"
"e16_ji1_CATACTTCAGCTACTA-1",2180,"Smooth muscle"
"e16_ji1_CATACTTGTACCTAGT-1",1743,"Endothelial"
"e16_ji1_CATACTTGTATGAAGT-1",1423,"ICC"
"e16_ji1_CATACTTGTCGTACTA-1",2269,"ENS"
"e16_ji1_CATAGACAGAGGTCAC-1",836,"Myofibroblast"
"e16_ji1_CATAGACAGGAGCAAA-1",1704,"Immune"
"e16_ji1_CATAGACAGTAACCGG-1",1719,"Simple Epithelial"
"e16_ji1_CATAGACCAACGACTT-1",1673,"ENS"
"e16_ji1_CATAGACCATGCCGGT-1",2528,"Fibroblast"
"e16_ji1_CATAGACGTGGCTGCT-1",431,"ENS"
"e16_ji1_CATAGACTCAGCCTTC-1",1517,"ICC"
"e16_ji1_CATCAAGAGCCGCACT-1",3107,"ENS"
"e16_ji1_CATCAAGAGCGAGGAG-1",2682,"Smooth muscle"
"e16_ji1_CATCAAGAGGCACTCC-1",1770,"Fibroblast"
"e16_ji1_CATCAAGTCCTATTTG-1",2126,"ENS"
"e16_ji1_CATCAAGTCTACGGTA-1",668,"Immune"
"e16_ji1_CATCAAGTCTGTCTCG-1",2079,"Endothelial"
"e16_ji1_CATCCACGTGACTCGC-1",326,"Fibroblast"
"e16_ji1_CATCCACGTGAGTTTC-1",2944,"Simple Epithelial"
"e16_ji1_CATCCACGTTGCCGAC-1",1130,"ENS"
"e16_ji1_CATCCACGTTGGGTAG-1",749,"ENS"
"e16_ji1_CATCCACTCCACGTCT-1",2033,"Smooth muscle"
"e16_ji1_CATCCCACACCTATCC-1",2798,"Fibroblast"
"e16_ji1_CATCCCACAGGAACCA-1",2757,"ENS"
"e16_ji1_CATCCCAGTCATCCCT-1",2634,"Fibroblast"
"e16_ji1_CATCCCATCGTTACCC-1",2491,"Smooth muscle"
"e16_ji1_CATCCGTCAAACCACT-1",2070,"Endothelial"
"e16_ji1_CATCCGTCAAAGGCGT-1",2269,"ENS"
"e16_ji1_CATCCGTCAATGTCTG-1",687,"Fibroblast"
"e16_ji1_CATCCGTGTGTACAGG-1",2250,"ENS"
"e16_ji1_CATCCGTGTTGACTAC-1",823,"Fibroblast"
"e16_ji1_CATCCGTGTTTCCAAG-1",2389,"Smooth muscle"
"e16_ji1_CATCCGTTCAGAATAG-1",2448,"Fibroblast"
"e16_ji1_CATCCGTTCATGCCCT-1",2567,"Fibroblast"
"e16_ji1_CATCCGTTCCTCTCTT-1",2552,"Fibroblast"
"e16_ji1_CATCGCTAGTGCCGAA-1",2802,"Smooth muscle"
"e16_ji1_CATCGCTCAATTGGTC-1",673,"Smooth muscle"
"e16_ji1_CATCGCTCACTTGAGT-1",689,"ICC"
"e16_ji1_CATCGCTCAGACAAGC-1",2478,"Fibroblast"
"e16_ji1_CATCGCTGTCGTATTG-1",1706,"ENS"
"e16_ji1_CATCGCTTCTTCGCTG-1",1597,"Pericyte"
"e16_ji1_CATCGGGCAAAGCACG-1",2507,"Fibroblast"
"e16_ji1_CATCGGGGTAGTGTGG-1",2455,"Myofibroblast"
"e16_ji1_CATCGTCAGGGAGGCA-1",1787,"Fibroblast"
"e16_ji1_CATCGTCAGGGCAGGA-1",2805,"ICC"
"e16_ji1_CATCGTCCACTGTGTA-1",1522,"Simple Epithelial"
"e16_ji1_CATCGTCCATCCCACT-1",3196,"Fibroblast"
"e16_ji1_CATCGTCTCGTCAACA-1",926,"ENS"
"e16_ji1_CATCGTCTCTCTCTTC-1",1281,"ENS"
"e16_ji1_CATGAGTAGCAGCAGT-1",2707,"Fibroblast"
"e16_ji1_CATGAGTAGCGGTAGT-1",1708,"ENS"
"e16_ji1_CATGAGTAGGTTACAA-1",1796,"ENS"
"e16_ji1_CATGAGTCACAGCCTG-1",110,"ENS"
"e16_ji1_CATGAGTCAGAAACCG-1",2126,"ENS"
"e16_ji1_CATGAGTCAGCTGAGA-1",3108,"ENS"
"e16_ji1_CATGAGTCATCGAGCC-1",1044,"Endothelial"
"e16_ji1_CATGAGTGTGGCATCC-1",1219,"Fibroblast"
"e16_ji1_CATGAGTTCGTCGACG-1",2458,"Endothelial"
"e16_ji1_CATGAGTTCTAACGGT-1",2742,"Immune"
"e16_ji1_CATGCAAAGATAGTGT-1",3300,"Smooth muscle"
"e16_ji1_CATGCAAAGGGAGGAC-1",643,"Smooth muscle"
"e16_ji1_CATGCAACAGTCTACA-1",711,"Smooth muscle"
"e16_ji1_CATGCAAGTGCGACAA-1",1897,"Endothelial"
"e16_ji1_CATGCAATCTAGCCAA-1",736,"Immune"
"e16_ji1_CATGCAATCTCTCGCA-1",920,"ENS"
"e16_ji1_CATGCCTAGATTGATG-1",1413,"Smooth muscle"
"e16_ji1_CATGCCTCAGCTATAC-1",2709,"ENS"
"e16_ji1_CATGCCTCAGCTATTG-1",1240,"Fibroblast"
"e16_ji1_CATGCCTTCTAACGCA-1",1545,"Mesothelial"
"e16_ji1_CATGCCTTCTAGAACC-1",1611,"ENS"
"e16_ji1_CATGCCTTCTAGAGCT-1",524,"Myofibroblast"
"e16_ji1_CATGCGGAGTGACCTT-1",1797,"ENS"
"e16_ji1_CATGCGGGTAGTACGG-1",2269,"ENS"
"e16_ji1_CATGCGGGTGCTCTCT-1",1070,"Fibroblast"
"e16_ji1_CATGCGGGTTATAGAG-1",1361,"Smooth muscle"
"e16_ji1_CATGCGGTCCCATACC-1",2269,"ENS"
"e16_ji1_CATGCTCAGCCTCCAG-1",791,"Fibroblast"
"e16_ji1_CATGCTCGTATCAGCT-1",3031,"ENS"
"e16_ji1_CATGCTCGTGCTTATG-1",2994,"ENS"
"e16_ji1_CATGCTCTCCAGTTCC-1",3358,"ENS"
"e16_ji1_CATGCTCTCTCATTAC-1",2645,"ENS"
"e16_ji1_CATGGATAGCCGTTGC-1",3031,"ENS"
"e16_ji1_CATGGATCAGACAATA-1",668,"Immune"
"e16_ji1_CATGGATCATAGCACT-1",2328,"ENS"
"e16_ji1_CATGGATCATTCTCTA-1",745,"Smooth muscle"
"e16_ji1_CATGGATGTGACACGA-1",1730,"Pericyte"
"e16_ji1_CATGGATGTTCATCTT-1",651,"Smooth muscle"
"e16_ji1_CATGGATTCATGAGGG-1",1709,"ENS"
"e16_ji1_CATGGATTCTTCGTAT-1",2269,"ENS"
"e16_ji1_CATGGTAAGGACTGGT-1",791,"Smooth muscle"
"e16_ji1_CATGGTAAGTGATTCC-1",3354,"ENS"
"e16_ji1_CATGGTACAGAGATTA-1",1682,"Smooth muscle"
"e16_ji1_CATGGTACAGGTAGTG-1",1597,"Fibroblast"
"e16_ji1_CATGGTACATAAGCGG-1",973,"ENS"
"e16_ji1_CATGGTATCCGAACGC-1",1348,"Fibroblast"
"e16_ji1_CATTCATAGAGGATCC-1",284,"Fibroblast"
"e16_ji1_CATTCATAGCATTTGC-1",3089,"ENS"
"e16_ji1_CATTCATAGCGGACAT-1",3089,"Fibroblast"
"e16_ji1_CATTCATAGCGTGTCC-1",831,"Fibroblast"
"e16_ji1_CATTCATGTCATCCGG-1",1908,"Smooth muscle"
"e16_ji1_CATTCATGTCCACGCA-1",2180,"Smooth muscle"
"e16_ji1_CATTCATTCTCAACCC-1",2636,"Smooth muscle"
"e16_ji1_CATTCCGAGCACCAGA-1",1456,"Smooth muscle"
"e16_ji1_CATTCCGAGGAACTAT-1",2814,"Smooth muscle"
"e16_ji1_CATTCCGAGTAGCCAG-1",1704,"Immune"
"e16_ji1_CATTCCGCAGGTGTTT-1",1567,"ENS"
"e16_ji1_CATTCCGTCAAGTCGT-1",920,"ENS"
"e16_ji1_CATTCCGTCGTTCTGC-1",1567,"ENS"
"e16_ji1_CATTCTAAGGGCTAAC-1",1529,"Endothelial"
"e16_ji1_CATTCTAAGTCTCTGA-1",2323,"Fibroblast"
"e16_ji1_CATTCTAGTAAGATTG-1",987,"Smooth muscle"
"e16_ji1_CATTCTAGTAAGGCTG-1",2408,"ENS"
"e16_ji1_CATTCTAGTCTGTGTA-1",2324,"Smooth muscle"
"e16_ji1_CATTCTAGTCTTCAAG-1",3332,"Smooth muscle"
"e16_ji1_CATTCTATCCGTTGAA-1",920,"ENS"
"e16_ji1_CATTGAGAGAAGTCAT-1",2366,"Fibroblast"
"e16_ji1_CATTGAGAGTACGAGC-1",3031,"ENS"
"e16_ji1_CATTGAGTCACGAGGA-1",1059,"Endothelial"
"e16_ji1_CATTGAGTCCTACTGC-1",3028,"ENS"
"e16_ji1_CATTGCCAGCGTGCCT-1",3089,"ENS"
"e16_ji1_CATTGCCCACATTCGA-1",3263,"Smooth muscle"
"e16_ji1_CATTGCCCACCGAATT-1",918,"Smooth muscle"
"e16_ji1_CATTGCCGTAACAGGC-1",2822,"Fibroblast"
"e16_ji1_CATTGCCGTAGCTTAC-1",2089,"ENS"
"e16_ji1_CATTGCCGTAGGCAGT-1",1706,"ENS"
"e16_ji1_CATTGCCTCACCGGTG-1",1347,"Myofibroblast"
"e16_ji1_CATTGCCTCGGCATCG-1",2696,"ENS"
"e16_ji1_CATTGCCTCTGTGCTC-1",2126,"ENS"
"e16_ji1_CATTGTTAGTTAACAG-1",2994,"ENS"
"e16_ji1_CATTGTTCACCATAAC-1",3089,"ENS"
"e16_ji1_CATTGTTCACGGGCTT-1",1539,"ICC"
"e16_ji1_CATTGTTCATGACTTG-1",996,"Smooth muscle"
"e16_ji1_CATTGTTCATGTTACG-1",1488,"ENS"
"e16_ji1_CATTGTTGTCAAGCGA-1",1893,"Fibroblast"
"e16_ji1_CATTGTTGTCTTGAAC-1",1514,"Myofibroblast"
"e16_ji1_CATTGTTGTTGGCTAT-1",2937,"Immune"
"e16_ji1_CATTGTTGTTGTCATG-1",2994,"ENS"
"e16_ji1_CATTGTTTCTCATAGG-1",2408,"ENS"
"e16_ji1_CATTGTTTCTGGACTA-1",2762,"Myofibroblast"
"e16_ji1_CATTTCAGTACAAGCG-1",2739,"Smooth muscle"
"e16_ji1_CATTTCAGTTAGTCGT-1",2937,"Immune"
"e16_ji1_CATTTCATCATTTGCT-1",3089,"ENS"
"e16_ji1_CATTTCATCCCAACTC-1",1106,"ENS"
"e16_ji1_CATTTCATCTCTTAAC-1",3164,"Smooth muscle"
"e16_ji1_CCAAGCGAGCACTAGG-1",3089,"ENS"
"e16_ji1_CCAAGCGAGCGGTATG-1",851,"Immune"
"e16_ji1_CCAAGCGGTTCGGCTG-1",1122,"ENS"
"e16_ji1_CCAAGCGTCGGCTGTG-1",2772,"Myofibroblast"
"e16_ji1_CCAAGCGTCTCTCGCA-1",2267,"ENS"
"e16_ji1_CCAATGAAGCAGCCCT-1",3031,"ENS"
"e16_ji1_CCAATGAAGGCCTGAA-1",3089,"ENS"
"e16_ji1_CCAATGAAGGTTAAAC-1",2879,"Smooth muscle"
"e16_ji1_CCAATGACAAAGGCAC-1",2250,"ENS"
"e16_ji1_CCAATGAGTAGCTTTG-1",2269,"ENS"
"e16_ji1_CCAATGAGTAGGGTAC-1",1204,"ENS"
"e16_ji1_CCAATGAGTGACAACG-1",1609,"ENS"
"e16_ji1_CCAATGATCGCATGAT-1",3171,"Myofibroblast"
"e16_ji1_CCAATGATCTACACTT-1",1100,"Fibroblast"
"e16_ji1_CCAATGATCTTCGTGC-1",3265,"Myofibroblast"
"e16_ji1_CCAATTTAGCGTCGAA-1",943,"Myofibroblast"
"e16_ji1_CCAATTTAGGCAGCTA-1",2070,"Endothelial"
"e16_ji1_CCAATTTCAAGTGCTT-1",373,"ENS"
"e16_ji1_CCAATTTCAGGCGAAT-1",1539,"Smooth muscle"
"e16_ji1_CCAATTTGTATCGAAA-1",1070,"Fibroblast"
"e16_ji1_CCAATTTGTCAAGGCA-1",630,"Mesothelial"
"e16_ji1_CCAATTTGTCATATGC-1",3354,"ENS"
"e16_ji1_CCAATTTGTCATCGGC-1",1651,"Myofibroblast"
"e16_ji1_CCAATTTGTCTATGAC-1",2226,"Fibroblast"
"e16_ji1_CCAATTTTCCACGGGT-1",2090,"ENS"
"e16_ji1_CCAATTTTCTACTCAT-1",2503,"Fibroblast"
"e16_ji1_CCACAAAAGATGACAT-1",2822,"Fibroblast"
"e16_ji1_CCACAAAAGTCCCAGC-1",2580,"Smooth muscle"
"e16_ji1_CCACAAAAGTTGCGCC-1",1567,"ENS"
"e16_ji1_CCACAAACAATGTGGG-1",1912,"Pericyte"
"e16_ji1_CCACAAAGTGATATAG-1",1756,"ENS"
"e16_ji1_CCACAAAGTGGCTGCT-1",252,"Fibroblast"
"e16_ji1_CCACAAAGTTTGTTGG-1",433,"ENS"
"e16_ji1_CCACAAATCCATCACC-1",737,"Endothelial"
"e16_ji1_CCACAAATCGAACGGA-1",3198,"Smooth muscle"
"e16_ji1_CCACAAATCTGGAAGG-1",1696,"Fibroblast"
"e16_ji1_CCACAAATCTTCCGTG-1",2638,"Smooth muscle"
"e16_ji1_CCACACTAGGCATTTC-1",2552,"Fibroblast"
"e16_ji1_CCACACTCAAATGCTC-1",851,"Immune"
"e16_ji1_CCACACTGTAGAGGAA-1",2269,"ENS"
"e16_ji1_CCACACTGTAGTGATA-1",1688,"ENS"
"e16_ji1_CCACACTTCCCTATTA-1",729,"Fibroblast"
"e16_ji1_CCACACTTCGGACTGC-1",1651,"Smooth muscle"
"e16_ji1_CCACCATAGGAGGTTC-1",1659,"Fibroblast"
"e16_ji1_CCACCATCAACTTCTT-1",2454,"Myofibroblast"
"e16_ji1_CCACCATGTACCAGAG-1",184,"ENS"
"e16_ji1_CCACCATGTAGTGCGA-1",3089,"ENS"
"e16_ji1_CCACCATGTGCCTTTC-1",2250,"ENS"
"e16_ji1_CCACGAGAGCGCGTTC-1",2357,"Fibroblast"
"e16_ji1_CCACGAGAGTCAATCC-1",3151,"Myofibroblast"
"e16_ji1_CCACGAGAGTGTACAA-1",868,"ENS"
"e16_ji1_CCACGAGCACGCTGCA-1",1845,"Smooth muscle"
"e16_ji1_CCACGAGGTACGCGTC-1",2198,"Smooth muscle"
"e16_ji1_CCACGAGGTCGAATGG-1",1567,"ENS"
"e16_ji1_CCACGAGGTGTTAAAG-1",2071,"Myofibroblast"
"e16_ji1_CCACGAGGTTGTATGC-1",1381,"Smooth muscle"
"e16_ji1_CCACGTTAGAGCCTGA-1",2874,"ENS"
"e16_ji1_CCACGTTCAGGTTCCG-1",668,"Immune"
"e16_ji1_CCACGTTGTAGGGAGG-1",2090,"ENS"
"e16_ji1_CCACGTTGTCTTGTCC-1",1796,"ENS"
"e16_ji1_CCACGTTTCCTAGAGT-1",2554,"Fibroblast"
"e16_ji1_CCACTTGCATATCGGT-1",2941,"Simple Epithelial"
"e16_ji1_CCACTTGCATCGTGCG-1",2431,"Smooth muscle"
"e16_ji1_CCACTTGGTAGCTTGT-1",1204,"ENS"
"e16_ji1_CCACTTGTCTAGCCAA-1",3023,"ENS"
"e16_ji1_CCACTTGTCTGCTTAT-1",3397,"Fibroblast"
"e16_ji1_CCATAAGAGTTTCGGT-1",1545,"Fibroblast"
"e16_ji1_CCATAAGTCCCATAAG-1",2536,"Myofibroblast"
"e16_ji1_CCATCACCAAGCACAG-1",2194,"Endothelial"
"e16_ji1_CCATCACGTCATCCCT-1",2089,"ENS"
"e16_ji1_CCATCACGTGCTATTG-1",381,"ENS"
"e16_ji1_CCATCACTCTTCCGTG-1",2768,"Fibroblast"
"e16_ji1_CCCAACTAGCCGTAAG-1",3089,"ENS"
"e16_ji1_CCCAACTCAGACACAG-1",2570,"ENS"
"e16_ji1_CCCAACTGTCGAAGCA-1",1502,"ENS"
"e16_ji1_CCCATTGAGCGATGGT-1",2147,"ENS"
"e16_ji1_CCCATTGAGCTTTGTG-1",2696,"ENS"
"e16_ji1_CCCATTGAGGTCCCTG-1",2635,"ICC"
"e16_ji1_CCCATTGCAAAGCGTG-1",3089,"ENS"
"e16_ji1_CCCATTGGTCGCACGT-1",1122,"ENS"
"e16_ji1_CCCATTGGTCTTGCGG-1",3031,"ENS"
"e16_ji1_CCCATTGGTGCACATT-1",2812,"Fibroblast"
"e16_ji1_CCCATTGGTGGTCTGC-1",799,"ICC"
"e16_ji1_CCCATTGGTGTACAGG-1",2090,"ENS"
"e16_ji1_CCCATTGTCAATCCGA-1",2533,"Fibroblast"
"e16_ji1_CCCATTGTCGCTGTTC-1",2343,"Fibroblast"
"e16_ji1_CCCGAAGAGGACAGTC-1",2507,"Fibroblast"
"e16_ji1_CCCGAAGAGGCACTCC-1",2366,"Fibroblast"
"e16_ji1_CCCGAAGCACAGTCAT-1",2147,"Myofibroblast"
"e16_ji1_CCCGAAGCATATTCGG-1",3031,"ENS"
"e16_ji1_CCCGAAGGTCTGATAC-1",2127,"Myofibroblast"
"e16_ji1_CCCGAAGGTGGACTAG-1",2147,"ENS"
"e16_ji1_CCCGAAGGTTCCACGG-1",1385,"Myofibroblast"
"e16_ji1_CCCGAAGGTTCGATTG-1",1529,"Endothelial"
"e16_ji1_CCCGAAGTCACCATGA-1",1743,"Myofibroblast"
"e16_ji1_CCCGAAGTCAGCATTG-1",2768,"Fibroblast"
"e16_ji1_CCCGAAGTCATGCCAA-1",2147,"ENS"
"e16_ji1_CCCGGAAAGAGAGCCT-1",2478,"Fibroblast"
"e16_ji1_CCCGGAAAGATGAAGG-1",1567,"ENS"
"e16_ji1_CCCGGAAAGCTCTATG-1",1893,"Fibroblast"
"e16_ji1_CCCGGAAAGGGATCAC-1",1495,"ENS"
"e16_ji1_CCCGGAAGTATTCTCT-1",3089,"ENS"
"e16_ji1_CCCGGAAGTGCGAGTA-1",3354,"ENS"
"e16_ji1_CCCGGAATCATCTACT-1",981,"ENS"
"e16_ji1_CCCTAACAGCGACTGA-1",1796,"ENS"
"e16_ji1_CCCTAACGTATAGCTC-1",1635,"ICC"
"e16_ji1_CCCTAACTCCGTGTAA-1",980,"ENS"
"e16_ji1_CCCTAACTCGTTCCCA-1",920,"ENS"
"e16_ji1_CCCTAACTCTAACGGT-1",2561,"ENS"
"e16_ji1_CCCTAACTCTGGAAGG-1",1673,"ENS"
"e16_ji1_CCCTCAAAGGCCTAAG-1",760,"ENS"
"e16_ji1_CCCTCAAAGTTAACGA-1",2544,"Endothelial"
"e16_ji1_CCCTCTCAGCTCGGCT-1",1688,"ENS"
"e16_ji1_CCCTCTCAGTGCTACT-1",3354,"ENS"
"e16_ji1_CCCTCTCCAAGTATCC-1",3130,"Smooth muscle"
"e16_ji1_CCCTCTCCACGCAAAG-1",947,"Fibroblast"
"e16_ji1_CCCTCTCCACTAGTAC-1",2861,"ENS"
"e16_ji1_CCCTCTCGTACGGCAA-1",1048,"Smooth muscle"
"e16_ji1_CCCTCTCGTGTCCTAA-1",1059,"Endothelial"
"e16_ji1_CCCTCTCTCACAGAGG-1",2408,"ENS"
"e16_ji1_CCCTCTCTCCTTATCA-1",2090,"ENS"
"e16_ji1_CCCTCTCTCGACGCGT-1",3023,"ENS"
"e16_ji1_CCCTCTCTCGTTCCTG-1",1912,"Smooth muscle"
"e16_ji1_CCCTGATAGATTGCGG-1",2994,"ENS"
"e16_ji1_CCCTGATAGTGGTTCT-1",1087,"Myofibroblast"
"e16_ji1_CCCTGATCACTTCATT-1",2801,"Fibroblast"
"e16_ji1_CCCTGATCAGCGCTTG-1",735,"Endothelial"
"e16_ji1_CCCTGATGTCCAGCAC-1",920,"ENS"
"e16_ji1_CCCTGATTCTTCGGAA-1",2645,"ENS"
"e16_ji1_CCCTTAGCATGAGATA-1",886,"ENS"
"e16_ji1_CCCTTAGGTTTCGATG-1",3058,"Pericyte"
"e16_ji1_CCCTTAGTCCACAGGC-1",1688,"ENS"
"e16_ji1_CCGAACGAGAACAGGA-1",1404,"ENS"
"e16_ji1_CCGAACGAGATTGAGT-1",2173,"Endothelial"
"e16_ji1_CCGAACGAGGTGAGCT-1",2425,"Fibroblast"
"e16_ji1_CCGAACGCACGGCTAC-1",2250,"Myofibroblast"
"e16_ji1_CCGAACGGTGTACGCC-1",3384,"Smooth muscle"
"e16_ji1_CCGAACGGTTGCTAGT-1",760,"ENS"
"e16_ji1_CCGAACGGTTGGAGAC-1",1567,"ENS"
"e16_ji1_CCGAACGTCCTAAGTG-1",1462,"Smooth muscle"
"e16_ji1_CCGATCTAGCACTGGA-1",1561,"Fibroblast"
"e16_ji1_CCGATCTCAACAGATA-1",1205,"ENS"
"e16_ji1_CCGATCTCAGGGTCTC-1",3196,"Fibroblast"
"e16_ji1_CCGATCTGTAGCACGA-1",3354,"ENS"
"e16_ji1_CCGATCTTCACTGTCC-1",2403,"Fibroblast"
"e16_ji1_CCGATGGAGAGATGCC-1",2269,"ENS"
"e16_ji1_CCGATGGAGTCTAGAA-1",1493,"ENS"
"e16_ji1_CCGATGGCATCTCAAG-1",2408,"Myofibroblast"
"e16_ji1_CCGATGGGTCGGTGAA-1",920,"ENS"
"e16_ji1_CCGATGGGTCTTGGTA-1",2475,"Fibroblast"
"e16_ji1_CCGATGGGTGGTTTAC-1",2254,"ENS"
"e16_ji1_CCGATGGGTTAAGTCC-1",920,"ENS"
"e16_ji1_CCGATGGGTTGACGGA-1",1484,"ENS"
"e16_ji1_CCGCAAGAGCCATTTG-1",3367,"Smooth muscle"
"e16_ji1_CCGCAAGCACCCTGAG-1",2325,"ENS"
"e16_ji1_CCGCAAGCAGTTTGGT-1",2403,"Fibroblast"
"e16_ji1_CCGCAAGCATACGCAT-1",308,"Smooth muscle"
"e16_ji1_CCGCAAGGTATTAAGG-1",3089,"ENS"
"e16_ji1_CCGCAAGTCAGCCTCT-1",947,"Fibroblast"
"e16_ji1_CCGCAAGTCCGTGTCT-1",1673,"ENS"
"e16_ji1_CCGGACAAGTACCGGA-1",626,"ENS"
"e16_ji1_CCGGACAAGTCCTGTA-1",2134,"Smooth muscle"
"e16_ji1_CCGGACACAAACGGCA-1",1787,"Fibroblast"
"e16_ji1_CCGGACACAAGCCCAC-1",2798,"Fibroblast"
"e16_ji1_CCGGACAGTCGCAGTC-1",3089,"ENS"
"e16_ji1_CCGGACATCCCTCTTT-1",2798,"Smooth muscle"
"e16_ji1_CCGGACATCGACTCCT-1",2126,"ENS"
"e16_ji1_CCGGGTAAGTACCGGA-1",2475,"Smooth muscle"
"e16_ji1_CCGGGTAAGTCCTACA-1",1900,"Fibroblast"
"e16_ji1_CCGGGTACAACCGTAT-1",637,"Smooth muscle"
"e16_ji1_CCGGGTACATGAGTAA-1",3351,"Endothelial"
"e16_ji1_CCGGGTAGTATGCGTT-1",1522,"Simple Epithelial"
"e16_ji1_CCGGTAGAGATTACCC-1",688,"Fibroblast"
"e16_ji1_CCGGTAGAGGCGAACT-1",546,"ENS"
"e16_ji1_CCGGTAGGTCCAGTTA-1",3172,"Smooth muscle"
"e16_ji1_CCGGTAGGTTTGCAGT-1",920,"ENS"
"e16_ji1_CCGGTAGTCACTGAAC-1",1796,"ENS"
"e16_ji1_CCGGTGAAGTACAGAT-1",1524,"Fibroblast"
"e16_ji1_CCGGTGACAAAGCGTG-1",1673,"ENS"
"e16_ji1_CCGGTGACACCCTATC-1",2183,"ENS"
"e16_ji1_CCGGTGACAGCTCCTT-1",3354,"ENS"
"e16_ji1_CCGGTGAGTGGTCTTA-1",1247,"Fibroblast"
"e16_ji1_CCGGTGAGTTGCGAAG-1",27,"Myofibroblast"
"e16_ji1_CCGGTGATCCCTATTA-1",1706,"ENS"
"e16_ji1_CCGTAGGAGAGCATCG-1",920,"ENS"
"e16_ji1_CCGTAGGAGCCGTAAG-1",2696,"ENS"
"e16_ji1_CCGTAGGGTCCGCAGT-1",2486,"ICC"
"e16_ji1_CCGTAGGGTTGGTGTT-1",1941,"Fibroblast"
"e16_ji1_CCGTAGGTCGTCGACG-1",2126,"ENS"
"e16_ji1_CCGTGAGCACGACGTC-1",855,"Fibroblast"
"e16_ji1_CCGTGAGCAGCGGTTC-1",2250,"ENS"
"e16_ji1_CCGTGAGGTCAAAGAT-1",2375,"Fibroblast"
"e16_ji1_CCGTGAGGTGACCGTC-1",2546,"Smooth muscle"
"e16_ji1_CCGTGAGTCATTCATC-1",2210,"Myofibroblast"
"e16_ji1_CCGTGAGTCCCAATAG-1",2400,"ENS"
"e16_ji1_CCGTGAGTCTTCGGAA-1",2458,"Endothelial"
"e16_ji1_CCGTTCAAGGCATGCA-1",2922,"ENS"
"e16_ji1_CCGTTCAAGGTATTGA-1",2069,"Fibroblast"
"e16_ji1_CCGTTCAGTACCGGAA-1",1284,"ENS"
"e16_ji1_CCGTTCAGTAGCTGAG-1",1798,"ENS"
"e16_ji1_CCGTTCATCAAGAATG-1",2134,"Myofibroblast"
"e16_ji1_CCGTTCATCCTGGGAC-1",2635,"Myofibroblast"
"e16_ji1_CCTAACCAGCTCAGAG-1",2269,"ENS"
"e16_ji1_CCTAACCCAACCGCTG-1",3266,"Fibroblast"
"e16_ji1_CCTAACCCAGCGTTTA-1",2814,"Fibroblast"
"e16_ji1_CCTAACCTCACCCTTG-1",3239,"Fibroblast"
"e16_ji1_CCTAACCTCCTTTAGT-1",1530,"Fibroblast"
"e16_ji1_CCTAACCTCTGGCCAG-1",2103,"Immune"
"e16_ji1_CCTAACCTCTGTAACG-1",2696,"ENS"
"e16_ji1_CCTAAGAAGGAACTCG-1",2248,"Fibroblast"
"e16_ji1_CCTAAGAAGGATTTCC-1",2023,"ENS"
"e16_ji1_CCTAAGAAGTGACACG-1",1584,"Fibroblast"
"e16_ji1_CCTAAGACAAATTAGG-1",853,"Immune"
"e16_ji1_CCTAAGACAGGGAATC-1",2255,"ENS"
"e16_ji1_CCTAAGACATCCCACT-1",1588,"Smooth muscle"
"e16_ji1_CCTAAGAGTACGAGCA-1",1073,"Fibroblast"
"e16_ji1_CCTAAGATCCCGAGTG-1",3354,"ENS"
"e16_ji1_CCTAAGATCGTCTACC-1",1704,"Immune"
"e16_ji1_CCTACGTAGAGAGTTT-1",2740,"Smooth muscle"
"e16_ji1_CCTACGTAGCCTTGAT-1",2147,"ENS"
"e16_ji1_CCTACGTAGGCGCTCT-1",1609,"ENS"
"e16_ji1_CCTACGTAGTAGCATA-1",3400,"Fibroblast"
"e16_ji1_CCTACGTCACCGTACG-1",2613,"ENS"
"e16_ji1_CCTACGTCATCATGAC-1",2633,"Fibroblast"
"e16_ji1_CCTACGTGTTGTAAAG-1",674,"ICC"
"e16_ji1_CCTACGTTCATGCCCT-1",2085,"Simple Epithelial"
"e16_ji1_CCTATCGAGAGCCTGA-1",1660,"Fibroblast"
"e16_ji1_CCTATCGCAAGCGCAA-1",2147,"ENS"
"e16_ji1_CCTATCGCAATTCACG-1",446,"Fibroblast"
"e16_ji1_CCTATCGCAGAACTTC-1",1031,"Myofibroblast"
"e16_ji1_CCTATCGCATAGGTAA-1",1511,"Simple Epithelial"
"e16_ji1_CCTATCGGTAGTACGG-1",1298,"ENS"
"e16_ji1_CCTATCGGTATCCCTC-1",2525,"Fibroblast"
"e16_ji1_CCTCAACAGCTGCCTG-1",2403,"Fibroblast"
"e16_ji1_CCTCAACAGTGTCATC-1",304,"Smooth muscle"
"e16_ji1_CCTCAACCAACGTAAA-1",2520,"Fibroblast"
"e16_ji1_CCTCAACCAACTCCAA-1",637,"Fibroblast"
"e16_ji1_CCTCAACCAAGATTGA-1",799,"Smooth muscle"
"e16_ji1_CCTCAACCATGACTGT-1",2561,"ENS"
"e16_ji1_CCTCAACCATGTGTCA-1",2992,"ENS"
"e16_ji1_CCTCAACGTTGCCATA-1",3371,"Myofibroblast"
"e16_ji1_CCTCACAAGTCACGCC-1",3034,"ENS"
"e16_ji1_CCTCACACAACTGAAA-1",3089,"ENS"
"e16_ji1_CCTCACACAGGCATGA-1",2742,"Immune"
"e16_ji1_CCTCACAGTAGCGTCC-1",1740,"Smooth muscle"
"e16_ji1_CCTCACAGTCCAGCGT-1",2768,"Fibroblast"
"e16_ji1_CCTCACATCCCAACTC-1",2825,"Smooth muscle"
"e16_ji1_CCTCACATCCGATCTC-1",1688,"ENS"
"e16_ji1_CCTCACATCGATTGGT-1",1673,"ENS"
"e16_ji1_CCTCAGTCACAGCCAC-1",1458,"Fibroblast"
"e16_ji1_CCTCAGTTCAGCGCGT-1",1053,"ENS"
"e16_ji1_CCTCATGAGACTAGAT-1",2089,"ENS"
"e16_ji1_CCTCATGCATAGAAAC-1",651,"Simple Epithelial"
"e16_ji1_CCTCATGCATCCCACT-1",1744,"Endothelial"
"e16_ji1_CCTCATGGTTGCAACT-1",3089,"ENS"
"e16_ji1_CCTCATGTCGTTAGTG-1",687,"Fibroblast"
"e16_ji1_CCTCCAAAGTAACGAT-1",2454,"Fibroblast"
"e16_ji1_CCTCCAACAAGTAGTA-1",3089,"ENS"
"e16_ji1_CCTCCAACACAGTGAG-1",2717,"Immune"
"e16_ji1_CCTCCAACATAAGATG-1",1659,"Fibroblast"
"e16_ji1_CCTCCAAGTACCTTCC-1",2378,"Myofibroblast"
"e16_ji1_CCTCCAATCCCTCATG-1",3292,"Fibroblast"
"e16_ji1_CCTCCAATCCGAGAAG-1",2338,"Fibroblast"
"e16_ji1_CCTCCAATCGGTAGGA-1",1219,"Smooth muscle"
"e16_ji1_CCTCCTCAGAAGCTGC-1",2144,"Smooth muscle"
"e16_ji1_CCTCCTCAGGAGACCT-1",286,"Endothelial"
"e16_ji1_CCTCCTCAGGCATCTT-1",450,"Myofibroblast"
"e16_ji1_CCTCCTCAGGTTGAGC-1",591,"ENS"
"e16_ji1_CCTCCTCCAAACCGGA-1",2937,"Immune"
"e16_ji1_CCTCCTCCACTATCGA-1",1688,"ENS"
"e16_ji1_CCTCCTCCAGGCATGA-1",2440,"Endothelial"
"e16_ji1_CCTCCTCGTCAGTCGC-1",2555,"Myofibroblast"
"e16_ji1_CCTCCTCTCACCATCC-1",760,"ENS"
"e16_ji1_CCTCCTCTCCAAATGC-1",1205,"ENS"
"e16_ji1_CCTCTAGAGGATGAGA-1",1559,"Fibroblast"
"e16_ji1_CCTCTAGTCGAACACT-1",2552,"Smooth muscle"
"e16_ji1_CCTCTCCAGAACAAGG-1",1643,"ENS"
"e16_ji1_CCTCTCCAGTCAGAGC-1",1240,"Fibroblast"
"e16_ji1_CCTCTCCTCCTATGGA-1",1609,"ENS"
"e16_ji1_CCTCTCCTCGTAACCA-1",1796,"ENS"
"e16_ji1_CCTGCATAGGAACTCG-1",3089,"ENS"
"e16_ji1_CCTGCATAGGTAGTAT-1",1947,"Smooth muscle"
"e16_ji1_CCTGCATCAACACAGG-1",2475,"Fibroblast"
"e16_ji1_CCTGCATCAGTATTCG-1",644,"Endothelial"
"e16_ji1_CCTGCATCATTGACTG-1",1688,"ENS"
"e16_ji1_CCTGCATGTCACCTTC-1",1568,"ENS"
"e16_ji1_CCTGCATTCGACCATA-1",2762,"Fibroblast"
"e16_ji1_CCTGTTGAGGATTACA-1",920,"ENS"
"e16_ji1_CCTGTTGCACAAGCCC-1",799,"ICC"
"e16_ji1_CCTGTTGCAGGTAGTG-1",550,"ENS"
"e16_ji1_CCTGTTGGTAGGTACG-1",2401,"Smooth muscle"
"e16_ji1_CCTGTTGGTATCAGCT-1",2250,"ENS"
"e16_ji1_CCTGTTGGTCATCAGT-1",3089,"Myofibroblast"
"e16_ji1_CCTGTTGTCCTAGAGT-1",2981,"Mesothelial"
"e16_ji1_CCTGTTGTCGCGCCAA-1",2338,"Smooth muscle"
"e16_ji1_CCTTCAGAGCTGAGTG-1",1540,"Fibroblast"
"e16_ji1_CCTTCAGAGGGCCCTT-1",3332,"Smooth muscle"
"e16_ji1_CCTTCAGCATACCATG-1",2707,"Smooth muscle"
"e16_ji1_CCTTCAGCATTGAAAG-1",1381,"Fibroblast"
"e16_ji1_CCTTCAGGTCCACAGC-1",3089,"ENS"
"e16_ji1_CCTTCAGGTTATAGCC-1",760,"ENS"
"e16_ji1_CCTTCAGTCAGACAAA-1",356,"Endothelial"
"e16_ji1_CCTTCAGTCCAATCCC-1",2737,"Smooth muscle"
"e16_ji1_CCTTCAGTCCCAATAG-1",2798,"Fibroblast"
"e16_ji1_CCTTGTGAGCGGTAAC-1",1673,"ENS"
"e16_ji1_CCTTGTGAGGCAGTCA-1",2994,"ENS"
"e16_ji1_CCTTGTGTCATCTATC-1",2994,"ENS"
"e16_ji1_CCTTGTGTCTATACGG-1",2085,"Simple Epithelial"
"e16_ji1_CCTTGTGTCTCGGGAC-1",1688,"ENS"
"e16_ji1_CCTTGTGTCTTCTGGC-1",1929,"Fibroblast"
"e16_ji1_CCTTGTGTCTTCTGTA-1",2122,"Fibroblast"
"e16_ji1_CCTTTGGAGAACAGGA-1",1462,"Myofibroblast"
"e16_ji1_CCTTTGGAGGAACTAT-1",2364,"Myofibroblast"
"e16_ji1_CCTTTGGAGTTGGAGC-1",3031,"ENS"
"e16_ji1_CCTTTGGCAAGTGACG-1",2839,"ENS"
"e16_ji1_CCTTTGGGTGCGGATA-1",1699,"Smooth muscle"
"e16_ji1_CCTTTGGGTGTGAATA-1",2411,"ENS"
"e16_ji1_CGAAGGAAGAAGTCTA-1",1900,"Smooth muscle"
"e16_ji1_CGAAGGAAGAGGATGA-1",1902,"Mesothelial"
"e16_ji1_CGAAGGAAGGACAACC-1",2645,"Endothelial"
"e16_ji1_CGAAGGAAGTCGTTAC-1",2992,"ENS"
"e16_ji1_CGAAGGAAGTCTGCAT-1",3153,"Fibroblast"
"e16_ji1_CGAAGGACAACCGCCA-1",920,"ENS"
"e16_ji1_CGAAGGACAGGGCTTC-1",749,"ENS"
"e16_ji1_CGAAGGACAGTAACGG-1",2992,"ENS"
"e16_ji1_CGAAGGACATCGATAC-1",1685,"Myofibroblast"
"e16_ji1_CGAAGGAGTAAGATCA-1",954,"Smooth muscle"
"e16_ji1_CGAAGGAGTGGACTGA-1",1219,"Fibroblast"
"e16_ji1_CGAAGGATCAACCCGG-1",764,"ENS"
"e16_ji1_CGAAGGATCATTACGG-1",3412,"Fibroblast"
"e16_ji1_CGAAGGATCGAGAAAT-1",1428,"Fibroblast"
"e16_ji1_CGAAGTTCAAGATGTA-1",2402,"Fibroblast"
"e16_ji1_CGAAGTTCATCTTCGC-1",1182,"Mesothelial"
"e16_ji1_CGAAGTTGTGAGTTTC-1",2994,"ENS"
"e16_ji1_CGAAGTTGTTAGGGAC-1",920,"ENS"
"e16_ji1_CGAAGTTGTTCCGTTC-1",822,"Simple Epithelial"
"e16_ji1_CGAATTGAGATACGAT-1",2613,"ENS"
"e16_ji1_CGAATTGAGCCACAAG-1",1524,"Smooth muscle"
"e16_ji1_CGAATTGCAGAGTTGG-1",2709,"Endothelial"
"e16_ji1_CGAATTGCAGTCAGTT-1",2070,"Endothelial"
"e16_ji1_CGAATTGCATATAGCC-1",667,"Smooth muscle"
"e16_ji1_CGAATTGCATTGCCGG-1",1609,"ENS"
"e16_ji1_CGAATTGTCCTAGCGG-1",2505,"Fibroblast"
"e16_ji1_CGAATTGTCGTTAGAC-1",1731,"Fibroblast"
"e16_ji1_CGACAGCCAAGAGATT-1",920,"ENS"
"e16_ji1_CGACAGCCAGGTATGG-1",768,"Smooth muscle"
"e16_ji1_CGACAGCGTTGCACGC-1",3031,"ENS"
"e16_ji1_CGACAGCGTTGGGTTT-1",760,"ENS"
"e16_ji1_CGACAGCTCTTGCAAG-1",3089,"ENS"
"e16_ji1_CGAGAAGCAGTCCGTG-1",848,"Smooth muscle"
"e16_ji1_CGAGAAGCATCACCAA-1",2147,"ENS"
"e16_ji1_CGAGAAGGTTTCGTAG-1",1281,"ENS"
"e16_ji1_CGAGAAGGTTTCGTGA-1",2165,"Myofibroblast"
"e16_ji1_CGAGAAGTCCGTGGTG-1",3089,"ENS"
"e16_ji1_CGAGGAAAGAGATCGC-1",2923,"Fibroblast"
"e16_ji1_CGAGGAAAGTAAGCAT-1",2581,"ENS"
"e16_ji1_CGAGGAATCCATCTCG-1",1524,"Fibroblast"
"e16_ji1_CGAGGAATCGCTGTTC-1",1728,"Simple Epithelial"
"e16_ji1_CGAGGCTAGCTTTCCC-1",943,"Fibroblast"
"e16_ji1_CGAGGCTAGGGACACT-1",2089,"ENS"
"e16_ji1_CGAGGCTCATCGGTTA-1",2953,"ENS"
"e16_ji1_CGAGGCTGTCAACACT-1",1349,"Fibroblast"
"e16_ji1_CGAGGCTTCAGAATAG-1",760,"ENS"
"e16_ji1_CGAGGCTTCAGCTAGT-1",3288,"Fibroblast"
"e16_ji1_CGAGGCTTCTATGCCC-1",3007,"ENS"
"e16_ji1_CGAGGCTTCTGTCCGT-1",1636,"Simple Epithelial"
"e16_ji1_CGAGTGCAGGCCTGAA-1",1535,"Myofibroblast"
"e16_ji1_CGAGTGCAGTAAGCAT-1",2439,"Endothelial"
"e16_ji1_CGAGTGCGTCCATAGT-1",2340,"Smooth muscle"
"e16_ji1_CGAGTGCTCGGTAGAG-1",3024,"ENS"
"e16_ji1_CGAGTGCTCGTCGACG-1",2839,"ENS"
"e16_ji1_CGAGTGCTCGTGGGAA-1",3239,"Fibroblast"
"e16_ji1_CGAGTGCTCTAGGCAT-1",637,"Fibroblast"
"e16_ji1_CGAGTTAAGCAGGGAG-1",2988,"Myofibroblast"
"e16_ji1_CGAGTTAAGTCGGGAT-1",2089,"ENS"
"e16_ji1_CGAGTTACAAACTCTG-1",2152,"ENS"
"e16_ji1_CGAGTTACACCTGAAT-1",2681,"Pericyte"
"e16_ji1_CGAGTTAGTCTCCTGT-1",2269,"ENS"
"e16_ji1_CGAGTTAGTGTAGCAG-1",2294,"ENS"
"e16_ji1_CGAGTTATCAGTGCGC-1",1377,"Fibroblast"
"e16_ji1_CGAGTTATCTGCCCTA-1",3239,"Fibroblast"
"e16_ji1_CGATCGGAGAGGATCC-1",1887,"Fibroblast"
"e16_ji1_CGATCGGAGCGACATG-1",3067,"ENS"
"e16_ji1_CGATCGGAGCGATGAC-1",644,"Endothelial"
"e16_ji1_CGATCGGAGCTCCGAC-1",499,"Smooth muscle"
"e16_ji1_CGATCGGAGGACAGCT-1",736,"Immune"
"e16_ji1_CGATCGGAGTGGTCAG-1",810,"Smooth muscle"
"e16_ji1_CGATCGGAGTTGCGCC-1",927,"Smooth muscle"
"e16_ji1_CGATCGGCACGGAAGT-1",2921,"Fibroblast"
"e16_ji1_CGATCGGCATTCATCT-1",1540,"Fibroblast"
"e16_ji1_CGATCGGGTAATTGGA-1",2369,"Smooth muscle"
"e16_ji1_CGATCGGGTGCGGATA-1",138,"Fibroblast"
"e16_ji1_CGATCGGGTGGCTCTG-1",1883,"Endothelial"
"e16_ji1_CGATCGGGTTGGGTAG-1",2475,"Smooth muscle"
"e16_ji1_CGATCGGTCCAAGGGA-1",1053,"ENS"
"e16_ji1_CGATCGGTCTAGTTCT-1",3377,"Smooth muscle"
"e16_ji1_CGATGCGAGTGGGAAA-1",2583,"ENS"
"e16_ji1_CGATGCGCAATGTGGG-1",760,"ENS"
"e16_ji1_CGATGCGCAGTGCCTG-1",2480,"Fibroblast"
"e16_ji1_CGATGCGCATAGGTTC-1",1388,"Smooth muscle"
"e16_ji1_CGATGCGGTCGGTGTC-1",2056,"Smooth muscle"
"e16_ji1_CGATGCGGTGCGTCGT-1",2613,"ENS"
"e16_ji1_CGATGCGTCGTACACA-1",2412,"ENS"
"e16_ji1_CGATGCGTCTTGGTGA-1",3089,"ENS"
"e16_ji1_CGATGGCCAGTAGAGC-1",1673,"ENS"
"e16_ji1_CGATGGCGTGCAAGAC-1",1559,"Fibroblast"
"e16_ji1_CGATGGCTCATAGACC-1",905,"Smooth muscle"
"e16_ji1_CGATGGCTCCCAGGAC-1",1240,"Fibroblast"
"e16_ji1_CGATGGCTCTAGACCA-1",1900,"Fibroblast"
"e16_ji1_CGATGGCTCTTCACGC-1",799,"Smooth muscle"
"e16_ji1_CGATGGCTCTTTCAGT-1",15,"ENS"
"e16_ji1_CGCAGGTAGCAAGCCA-1",1567,"ENS"
"e16_ji1_CGCAGGTAGGGAGATA-1",1651,"Fibroblast"
"e16_ji1_CGCAGGTCAAAGCTCT-1",1906,"Smooth muscle"
"e16_ji1_CGCAGGTGTGATTAGA-1",697,"Fibroblast"
"e16_ji1_CGCAGGTGTTGTGGAG-1",1884,"Smooth muscle"
"e16_ji1_CGCAGGTGTTGTGTTG-1",1540,"Myofibroblast"
"e16_ji1_CGCATAAAGCATATGA-1",2696,"ENS"
"e16_ji1_CGCATAAAGCGCCTCA-1",2173,"Endothelial"
"e16_ji1_CGCATAAAGTGCTAGG-1",1317,"Endothelial"
"e16_ji1_CGCATAACAACCGTGC-1",920,"ENS"
"e16_ji1_CGCATAAGTCGGCCTA-1",1586,"Myofibroblast"
"e16_ji1_CGCATAAGTGTTTACG-1",737,"Endothelial"
"e16_ji1_CGCATAAGTTCGCGTG-1",1673,"ENS"
"e16_ji1_CGCATGGAGCAGCAGT-1",1731,"Fibroblast"
"e16_ji1_CGCATGGAGGGCGAAG-1",2623,"Smooth muscle"
"e16_ji1_CGCATGGCAAGAGATT-1",2986,"Fibroblast"
"e16_ji1_CGCATGGCACCGTCTT-1",2408,"ENS"
"e16_ji1_CGCATGGCAGAGTTCT-1",3196,"Smooth muscle"
"e16_ji1_CGCATGGCATGCCGGT-1",1771,"Fibroblast"
"e16_ji1_CGCATGGGTCCAGTTA-1",1671,"Smooth muscle"
"e16_ji1_CGCATGGGTCTAGGCC-1",1194,"Myofibroblast"
"e16_ji1_CGCATGGGTTACCTTT-1",3278,"Fibroblast"
"e16_ji1_CGCATGGTCCAACTAG-1",1750,"Smooth muscle"
"e16_ji1_CGCCAGAAGTACAGAT-1",2642,"Smooth muscle"
"e16_ji1_CGCCAGACACGTTCGG-1",737,"Endothelial"
"e16_ji1_CGCCAGACATGAAAGT-1",954,"Myofibroblast"
"e16_ji1_CGCCAGAGTATCGGTT-1",2613,"ENS"
"e16_ji1_CGCCAGATCCTGGCTT-1",3350,"Myofibroblast"
"e16_ji1_CGCCAGATCGGACAAG-1",433,"ENS"
"e16_ji1_CGCCATTAGACATAAC-1",2570,"ENS"
"e16_ji1_CGCCATTAGACCCTTA-1",2269,"ENS"
"e16_ji1_CGCCATTGTAGACGTG-1",979,"ENS"
"e16_ji1_CGCCATTGTGCCTAAT-1",1500,"Fibroblast"
"e16_ji1_CGCCATTTCAGTCAGT-1",1348,"Fibroblast"
"e16_ji1_CGCCATTTCCATTTCA-1",2768,"Fibroblast"
"e16_ji1_CGCCATTTCCTAGCGG-1",556,"ENS"
"e16_ji1_CGCCATTTCGAGAACG-1",3377,"Myofibroblast"
"e16_ji1_CGCGTGAAGAGTCTGG-1",2709,"ENS"
"e16_ji1_CGCGTGAAGTCGGCCT-1",2613,"ENS"
"e16_ji1_CGCGTGACACCACTGG-1",3354,"ENS"
"e16_ji1_CGCGTGACATGGGTTT-1",674,"Smooth muscle"
"e16_ji1_CGCGTGAGTCCACATA-1",1929,"Smooth muscle"
"e16_ji1_CGCGTGAGTCGAGTGA-1",1173,"Smooth muscle"
"e16_ji1_CGCGTGAGTGTCTTGA-1",1299,"ENS"
"e16_ji1_CGGAACCCAATCAAGA-1",1122,"ENS"
"e16_ji1_CGGAACCGTAGTTAGA-1",3077,"Fibroblast"
"e16_ji1_CGGAACCGTATCCTCC-1",3089,"ENS"
"e16_ji1_CGGAACCTCGTAGGAG-1",1281,"ENS"
"e16_ji1_CGGAATTAGAGATCGC-1",1903,"Fibroblast"
"e16_ji1_CGGAATTAGGGACCAT-1",1743,"Myofibroblast"
"e16_ji1_CGGAATTAGTAGATCA-1",2736,"Myofibroblast"
"e16_ji1_CGGAATTAGTGCTCGC-1",2850,"ENS"
"e16_ji1_CGGAATTCAAACGAGC-1",3196,"Myofibroblast"
"e16_ji1_CGGAATTGTAAGTTAG-1",2868,"ENS"
"e16_ji1_CGGAATTGTGCCTTCT-1",2994,"ENS"
"e16_ji1_CGGAATTGTGTCATTG-1",1098,"ENS"
"e16_ji1_CGGAATTGTTCAGTAC-1",3295,"Myofibroblast"
"e16_ji1_CGGAATTTCGTTGTGA-1",2269,"ENS"
"e16_ji1_CGGACACGTCTGCAAT-1",799,"Pericyte"
"e16_ji1_CGGACACGTTAGAAAC-1",1912,"Fibroblast"
"e16_ji1_CGGACACTCAAGTTGC-1",2623,"Smooth muscle"
"e16_ji1_CGGACACTCGCATTAG-1",3023,"ENS"
"e16_ji1_CGGACACTCTGTGTGA-1",2644,"Smooth muscle"
"e16_ji1_CGGAGAAAGACACACG-1",2214,"Myofibroblast"
"e16_ji1_CGGAGAAAGATGCTAA-1",1673,"Smooth muscle"
"e16_ji1_CGGAGAAAGCAGCGAT-1",590,"Smooth muscle"
"e16_ji1_CGGAGAACAAAGACGC-1",1699,"Myofibroblast"
"e16_ji1_CGGAGAACATCGGTTA-1",2126,"ENS"
"e16_ji1_CGGCAGTAGACTGTTC-1",3178,"Immune"
"e16_ji1_CGGCAGTAGGTGAGCT-1",3089,"ENS"
"e16_ji1_CGGCAGTAGTAATACG-1",3192,"Smooth muscle"
"e16_ji1_CGGCAGTCAATCGAAA-1",886,"ENS"
"e16_ji1_CGGCAGTCAGATTCGT-1",3071,"ENS"
"e16_ji1_CGGCAGTCATAGTCAC-1",1688,"ENS"
"e16_ji1_CGGCAGTGTATGCGTT-1",851,"Immune"
"e16_ji1_CGGCAGTGTATGCTTG-1",1688,"ENS"
"e16_ji1_CGGCAGTGTGAGCTCC-1",3153,"Fibroblast"
"e16_ji1_CGGCAGTGTTTCGACA-1",982,"ENS"
"e16_ji1_CGGCAGTTCAGGGATG-1",1718,"Mesothelial"
"e16_ji1_CGGGACTAGAATACAC-1",550,"ENS"
"e16_ji1_CGGGACTAGGACCCAA-1",2581,"ENS"
"e16_ji1_CGGGACTAGGTGCTTT-1",3059,"ENS"
"e16_ji1_CGGGACTCAAGGTACG-1",886,"ENS"
"e16_ji1_CGGGACTCAGGTTCAT-1",1124,"ENS"
"e16_ji1_CGGGACTGTGGTCAAG-1",1100,"Fibroblast"
"e16_ji1_CGGGACTTCCATCTAT-1",3089,"ENS"
"e16_ji1_CGGGCATAGCGAGTCA-1",2424,"Fibroblast"
"e16_ji1_CGGGCATAGCGATGGT-1",2430,"Simple Epithelial"
"e16_ji1_CGGGCATCAGACCTAT-1",2512,"Mesothelial"
"e16_ji1_CGGGCATCAGGTTACT-1",93,"ICC"
"e16_ji1_CGGGCATTCACTCCGT-1",1796,"ENS"
"e16_ji1_CGGGCATTCTTTGATC-1",903,"Fibroblast"
"e16_ji1_CGGGTCAAGACTCATC-1",2077,"Endothelial"
"e16_ji1_CGGGTCAAGCCACAAG-1",1651,"Fibroblast"
"e16_ji1_CGGGTCACAATAGTGA-1",920,"ENS"
"e16_ji1_CGGGTCACACTCATAG-1",3023,"ENS"
"e16_ji1_CGGGTCACAGCTACAT-1",668,"Immune"
"e16_ji1_CGGGTCAGTATCACCA-1",2512,"Mesothelial"
"e16_ji1_CGGGTCAGTCCCTCAT-1",1706,"ENS"
"e16_ji1_CGGGTGTAGACCAACG-1",3060,"ENS"
"e16_ji1_CGGGTGTAGGTTCCGC-1",687,"Fibroblast"
"e16_ji1_CGGGTGTCAAAGGCTG-1",539,"ENS"
"e16_ji1_CGGGTGTCAACCCTAA-1",428,"Fibroblast"
"e16_ji1_CGGGTGTTCATGCTAG-1",2551,"Smooth muscle"
"e16_ji1_CGGTCAGAGAGCTTTC-1",903,"Fibroblast"
"e16_ji1_CGGTCAGCAAGTGTCT-1",2092,"ENS"
"e16_ji1_CGGTCAGGTATGATCC-1",1572,"Smooth muscle"
"e16_ji1_CGTAAGTCACAGCGCT-1",2425,"Fibroblast"
"e16_ji1_CGTAAGTCACTGAGTT-1",3031,"ENS"
"e16_ji1_CGTAAGTCAGCAGTTT-1",3354,"ENS"
"e16_ji1_CGTAAGTCAGGCTACC-1",3354,"ENS"
"e16_ji1_CGTAAGTCAGTATACC-1",2461,"ICC"
"e16_ji1_CGTAAGTGTAGTCTGT-1",1696,"Smooth muscle"
"e16_ji1_CGTAAGTGTCCAGCAC-1",3089,"ENS"
"e16_ji1_CGTAAGTTCCTACACC-1",589,"Fibroblast"
"e16_ji1_CGTAATGCACTCAGAT-1",2408,"ENS"
"e16_ji1_CGTAATGCATCAGCAT-1",3359,"ENS"
"e16_ji1_CGTAATGGTGTTCATG-1",2126,"ENS"
"e16_ji1_CGTAATGGTTGTGTTG-1",1894,"Smooth muscle"
"e16_ji1_CGTAATGTCCGCAAAT-1",2613,"ENS"
"e16_ji1_CGTAATGTCTTTGATC-1",3089,"ENS"
"e16_ji1_CGTAGTACATCAGCAT-1",2357,"Smooth muscle"
"e16_ji1_CGTAGTAGTCAACGCC-1",1225,"ENS"
"e16_ji1_CGTAGTAGTCACAGAG-1",591,"ENS"
"e16_ji1_CGTAGTAGTTTCGCTC-1",1530,"Myofibroblast"
"e16_ji1_CGTAGTATCAGGAAAT-1",1787,"Fibroblast"
"e16_ji1_CGTAGTATCCACATAG-1",3285,"Smooth muscle"
"e16_ji1_CGTAGTATCGTACACA-1",2086,"Smooth muscle"
"e16_ji1_CGTAGTATCGTGCTCT-1",1893,"Pericyte"
"e16_ji1_CGTCAAAAGAGAGGGC-1",1348,"Fibroblast"
"e16_ji1_CGTCAAAAGATTACCC-1",1929,"Fibroblast"
"e16_ji1_CGTCAAAAGCCTCTGG-1",2756,"Simple Epithelial"
"e16_ji1_CGTCAAAGTGGACTGA-1",990,"Myofibroblast"
"e16_ji1_CGTCAAAGTTCTTGTT-1",1351,"Smooth muscle"
"e16_ji1_CGTCAAATCGATGCAT-1",3268,"Fibroblast"
"e16_ji1_CGTCCATAGATACGAT-1",2103,"Immune"
"e16_ji1_CGTCCATAGATCCGAG-1",2635,"Smooth muscle"
"e16_ji1_CGTCCATCACTTGTCC-1",2709,"ENS"
"e16_ji1_CGTCCATCAGCTGTCG-1",1561,"Fibroblast"
"e16_ji1_CGTCCATGTGCCCGTA-1",2180,"Smooth muscle"
"e16_ji1_CGTCCATGTTGGATCT-1",737,"Endothelial"
"e16_ji1_CGTGAATAGCCTTCTC-1",1568,"ENS"
"e16_ji1_CGTGAATAGCGTGAAC-1",1796,"ENS"
"e16_ji1_CGTGAATCATTGTGCA-1",2421,"Endothelial"
"e16_ji1_CGTGAATGTACGTGTT-1",1743,"Endothelial"
"e16_ji1_CGTGAATGTTTACGAC-1",1454,"Mesothelial"
"e16_ji1_CGTGAATTCGAACCTA-1",3354,"ENS"
"e16_ji1_CGTGAATTCGAACGCC-1",644,"Endothelial"
"e16_ji1_CGTGAATTCTCTGACC-1",3354,"ENS"
"e16_ji1_CGTGATAAGCCGGATA-1",3089,"ENS"
"e16_ji1_CGTGATAAGCGTGTCC-1",3089,"ENS"
"e16_ji1_CGTGATAAGGTTACCT-1",2069,"Endothelial"
"e16_ji1_CGTGATACAAAGCTCT-1",2147,"ENS"
"e16_ji1_CGTGATACAGATTTCG-1",2613,"ENS"
"e16_ji1_CGTGATAGTCGAGCAA-1",760,"ENS"
"e16_ji1_CGTGATATCGCGTCGA-1",1796,"ENS"
"e16_ji1_CGTGATATCTGCGGAC-1",760,"ENS"
"e16_ji1_CGTGCTTAGAACCGCA-1",1420,"ENS"
"e16_ji1_CGTGCTTAGAGTCTGG-1",1120,"Smooth muscle"
"e16_ji1_CGTGCTTAGATTGACA-1",329,"Fibroblast"
"e16_ji1_CGTGCTTAGCACGGAT-1",2552,"Fibroblast"
"e16_ji1_CGTGCTTAGCGCCCAT-1",886,"ENS"
"e16_ji1_CGTGCTTGTAATTGGA-1",2147,"ENS"
"e16_ji1_CGTGCTTGTCAAGCCC-1",2153,"ENS"
"e16_ji1_CGTGCTTGTCGCACAC-1",695,"Fibroblast"
"e16_ji1_CGTGCTTTCAGCCTCT-1",3354,"ENS"
"e16_ji1_CGTGCTTTCCGAGGCT-1",324,"ENS"
"e16_ji1_CGTGTCTAGCGACAGT-1",1609,"ENS"
"e16_ji1_CGTGTCTCAACATCGT-1",3198,"Smooth muscle"
"e16_ji1_CGTGTCTCACTCGATA-1",2408,"ENS"
"e16_ji1_CGTGTCTCACTTGGCG-1",1793,"Fibroblast"
"e16_ji1_CGTGTCTGTATAGGAT-1",3153,"Fibroblast"
"e16_ji1_CGTGTCTTCGCGTAGC-1",773,"Smooth muscle"
"e16_ji1_CGTTAGAAGGCCGCTT-1",3089,"ENS"
"e16_ji1_CGTTAGAGTTACAGCT-1",156,"Fibroblast"
"e16_ji1_CGTTAGAGTTTAAGGA-1",1333,"Mesothelial"
"e16_ji1_CGTTAGATCTCATTTG-1",1219,"Fibroblast"
"e16_ji1_CGTTAGATCTGCTTTA-1",379,"Endothelial"
"e16_ji1_CGTTAGATCTGGCCTT-1",1704,"Immune"
"e16_ji1_CGTTCTGCATTGCCGG-1",2757,"Simple Epithelial"
"e16_ji1_CGTTCTGGTTAGCTAC-1",1883,"Endothelial"
"e16_ji1_CGTTCTGTCGTTCTAT-1",2468,"Myofibroblast"
"e16_ji1_CGTTGGGAGAGCAACC-1",2868,"ENS"
"e16_ji1_CGTTGGGAGCAACTCT-1",2173,"Endothelial"
"e16_ji1_CGTTGGGAGCCTCAAT-1",972,"ENS"
"e16_ji1_CGTTGGGGTCTGTCAA-1",2425,"Fibroblast"
"e16_ji1_CGTTGGGGTTGCCGAC-1",2211,"Fibroblast"
"e16_ji1_CGTTGGGTCTCGTTTA-1",1247,"Fibroblast"
"e16_ji1_CTAACCCAGATCCCGC-1",2635,"Fibroblast"
"e16_ji1_CTAACCCAGTTCCAGT-1",3175,"Smooth muscle"
"e16_ji1_CTAACCCGTCGACGCT-1",2089,"ENS"
"e16_ji1_CTAACCCTCGTCTAAG-1",2709,"ENS"
"e16_ji1_CTAACTTAGCCGAACA-1",1055,"ENS"
"e16_ji1_CTAACTTAGTATAGAC-1",3089,"ENS"
"e16_ji1_CTAACTTGTGGGTCAA-1",1688,"ENS"
"e16_ji1_CTAACTTTCCTTTAGT-1",626,"ENS"
"e16_ji1_CTAACTTTCGAGAAAT-1",2486,"Fibroblast"
"e16_ji1_CTAAGTGAGGTCATCT-1",736,"Immune"
"e16_ji1_CTAAGTGAGGTTGAGC-1",1122,"ENS"
"e16_ji1_CTAAGTGCACATAACC-1",1743,"Myofibroblast"
"e16_ji1_CTAAGTGCAGCTATTG-1",2798,"Fibroblast"
"e16_ji1_CTACAGAAGGCTCCCA-1",2848,"ENS"
"e16_ji1_CTACAGAAGGTCGTCC-1",3067,"ENS"
"e16_ji1_CTACAGAAGTGTTGTC-1",3078,"Mesothelial"
"e16_ji1_CTACAGACACTCCACT-1",52,"Fibroblast"
"e16_ji1_CTACAGACATAAGCAA-1",668,"Immune"
"e16_ji1_CTACAGACATATGGCT-1",1204,"ENS"
"e16_ji1_CTACAGACATCCTCAC-1",1796,"ENS"
"e16_ji1_CTACAGAGTCATCTAG-1",3058,"Myofibroblast"
"e16_ji1_CTACAGAGTTTCGTTT-1",928,"Endothelial"
"e16_ji1_CTACAGATCTATACGG-1",3173,"Smooth muscle"
"e16_ji1_CTACAGATCTCTCGCA-1",57,"Simple Epithelial"
"e16_ji1_CTACAGATCTTACCAT-1",1100,"Smooth muscle"
"e16_ji1_CTACATTAGTCATGGG-1",3024,"ENS"
"e16_ji1_CTACATTCACCATATG-1",1167,"Myofibroblast"
"e16_ji1_CTACATTGTACTAACC-1",48,"Immune"
"e16_ji1_CTACATTTCATACGGT-1",1754,"ENS"
"e16_ji1_CTACATTTCCATTTAC-1",626,"ENS"
"e16_ji1_CTACATTTCGCATGAT-1",2126,"ENS"
"e16_ji1_CTACATTTCGTACACA-1",1333,"Mesothelial"
"e16_ji1_CTACCCAGTCGCTCGA-1",2944,"Simple Epithelial"
"e16_ji1_CTACCCAGTGCACATT-1",3089,"ENS"
"e16_ji1_CTACCCAGTGGGTATG-1",903,"Mesothelial"
"e16_ji1_CTACCCAGTTATCTTC-1",1419,"Endothelial"
"e16_ji1_CTACCCATCGCTAGCG-1",1404,"ENS"
"e16_ji1_CTACCTGAGAGTCAGC-1",3229,"Mesothelial"
"e16_ji1_CTACCTGCACGATTCA-1",1568,"ENS"
"e16_ji1_CTACCTGCAGCAGATG-1",988,"Smooth muscle"
"e16_ji1_CTACCTGCAGGCATTT-1",782,"Fibroblast"
"e16_ji1_CTACCTGGTATCGTTG-1",2751,"Simple Epithelial"
"e16_ji1_CTACCTGGTGACATCT-1",616,"Myofibroblast"
"e16_ji1_CTACCTGTCAGTGCGC-1",3024,"ENS"
"e16_ji1_CTACCTGTCATTGTTC-1",1333,"Mesothelial"
"e16_ji1_CTACCTGTCCGTATAG-1",2742,"Immune"
"e16_ji1_CTACGGGAGAGAGTTT-1",1584,"Fibroblast"
"e16_ji1_CTACGGGAGCGAATGC-1",987,"Endothelial"
"e16_ji1_CTACGGGCAGACTCTA-1",2675,"Fibroblast"
"e16_ji1_CTACGGGGTAACAAGT-1",2709,"ENS"
"e16_ji1_CTACGGGGTCATCACA-1",668,"Immune"
"e16_ji1_CTACGGGTCACCTCTG-1",330,"Endothelial"
"e16_ji1_CTACGGGTCAGCGTCG-1",634,"Fibroblast"
"e16_ji1_CTACGGGTCATAAGGA-1",918,"Myofibroblast"
"e16_ji1_CTACGGGTCATTGGTG-1",2551,"Mesothelial"
"e16_ji1_CTACGGGTCCACATAG-1",2955,"ENS"
"e16_ji1_CTACGGGTCGTCAAAC-1",3023,"ENS"
"e16_ji1_CTACTATCACGAAGAC-1",2226,"Pericyte"
"e16_ji1_CTACTATGTGAGCAGT-1",1246,"Myofibroblast"
"e16_ji1_CTACTATTCACTGGGC-1",1612,"ENS"
"e16_ji1_CTAGACAAGACATGCG-1",2126,"ENS"
"e16_ji1_CTAGACAAGATGCTTC-1",1274,"ENS"
"e16_ji1_CTAGACAAGGTAGTCG-1",736,"Immune"
"e16_ji1_CTAGACACAAAGCAAT-1",2458,"Endothelial"
"e16_ji1_CTAGACACAACAAGTA-1",2424,"Fibroblast"
"e16_ji1_CTAGACACAAGACCTT-1",3354,"ENS"
"e16_ji1_CTAGACACACCAACAT-1",1063,"ENS"
"e16_ji1_CTAGACACAGAGGTAC-1",2776,"Smooth muscle"
"e16_ji1_CTAGACAGTCTTGAAC-1",1688,"ENS"
"e16_ji1_CTAGACAGTGAATATG-1",736,"Immune"
"e16_ji1_CTAGACAGTGACTATC-1",1000,"Mesothelial"
"e16_ji1_CTAGACAGTTGGAGAC-1",2055,"Myofibroblast"
"e16_ji1_CTAGACATCCTCGCAT-1",2269,"ENS"
"e16_ji1_CTAGGTAAGCAACAGC-1",2147,"ENS"
"e16_ji1_CTAGGTAAGGTAGACC-1",1201,"ENS"
"e16_ji1_CTAGGTAAGTTAGAAC-1",2093,"ENS"
"e16_ji1_CTAGGTAGTATCGCTA-1",2637,"Smooth muscle"
"e16_ji1_CTAGGTAGTGCTCCGA-1",3143,"Simple Epithelial"
"e16_ji1_CTAGGTAGTTGCGGCT-1",2103,"Immune"
"e16_ji1_CTATAGGAGAACTTCC-1",591,"ENS"
"e16_ji1_CTATAGGAGATGGTAT-1",3089,"ENS"
"e16_ji1_CTATAGGCACCAGGTC-1",2289,"ENS"
"e16_ji1_CTATAGGCAGAACCGA-1",3059,"ENS"
"e16_ji1_CTATAGGCATTGCTTT-1",2436,"Smooth muscle"
"e16_ji1_CTATAGGGTTGTAGCT-1",3239,"Smooth muscle"
"e16_ji1_CTATAGGTCAACGCTA-1",1940,"Smooth muscle"
"e16_ji1_CTATAGGTCCCAAGTA-1",2369,"Myofibroblast"
"e16_ji1_CTATAGGTCCCTTCCC-1",3234,"Myofibroblast"
"e16_ji1_CTATCCGAGAACCGCA-1",1535,"Myofibroblast"
"e16_ji1_CTATCCGAGATTGAGT-1",2105,"Fibroblast"
"e16_ji1_CTATCCGAGTGTAGAT-1",1204,"ENS"
"e16_ji1_CTATCCGCAGTCTCTC-1",2501,"ICC"
"e16_ji1_CTATCCGGTAACACCT-1",1072,"Fibroblast"
"e16_ji1_CTATCCGGTCCAGGTC-1",3241,"Fibroblast"
"e16_ji1_CTATCCGGTGAACTAA-1",2372,"Smooth muscle"
"e16_ji1_CTATCCGGTGGGTCAA-1",749,"ENS"
"e16_ji1_CTATCCGTCGCATTAG-1",3153,"Smooth muscle"
"e16_ji1_CTATCTAAGTTCGGTT-1",920,"ENS"
"e16_ji1_CTATCTACAATGTCTG-1",2408,"ENS"
"e16_ji1_CTATCTAGTATGTCAC-1",920,"ENS"
"e16_ji1_CTATCTAGTTCAAGGG-1",2454,"Mesothelial"
"e16_ji1_CTATCTAGTTGACTGT-1",2955,"ENS"
"e16_ji1_CTCAACCAGTATAGAC-1",1483,"ENS"
"e16_ji1_CTCAACCCAGCAGTCC-1",1204,"ENS"
"e16_ji1_CTCAACCCAGTTAGAA-1",920,"ENS"
"e16_ji1_CTCAACCCATTCTCCG-1",869,"ENS"
"e16_ji1_CTCAACCCATTCTGTT-1",1063,"ENS"
"e16_ji1_CTCAACCGTACCTAGT-1",3354,"ENS"
"e16_ji1_CTCAACCGTGAATAAC-1",1106,"ENS"
"e16_ji1_CTCAACCGTGAATGAT-1",2884,"Myofibroblast"
"e16_ji1_CTCAACCGTTCACGAT-1",823,"Fibroblast"
"e16_ji1_CTCAACCTCAGATTGC-1",1893,"Fibroblast"
"e16_ji1_CTCAACCTCGCTTGAA-1",1539,"Smooth muscle"
"e16_ji1_CTCAAGAAGCTAAACA-1",1508,"Simple Epithelial"
"e16_ji1_CTCAAGAAGGACGCAT-1",2214,"ICC"
"e16_ji1_CTCAAGACAGCCTATA-1",89,"Simple Epithelial"
"e16_ji1_CTCAAGACAGTAGATA-1",2250,"ENS"
"e16_ji1_CTCAAGACATAGAATG-1",2762,"Fibroblast"
"e16_ji1_CTCAAGACATGATGCT-1",2448,"Smooth muscle"
"e16_ji1_CTCAAGAGTCCGCAGT-1",2123,"Smooth muscle"
"e16_ji1_CTCAAGAGTGTCACAT-1",2370,"Myofibroblast"
"e16_ji1_CTCAAGAGTTGCTCAA-1",432,"Smooth muscle"
"e16_ji1_CTCAAGATCTAGCATG-1",1912,"Smooth muscle"
"e16_ji1_CTCAAGATCTGTCCCA-1",3089,"ENS"
"e16_ji1_CTCAAGATCTTCCAGC-1",1745,"Myofibroblast"
"e16_ji1_CTCAATTAGCAGTAAT-1",1737,"Fibroblast"
"e16_ji1_CTCAATTAGCATGCGA-1",2959,"ENS"
"e16_ji1_CTCAATTCATTATGCG-1",712,"Smooth muscle"
"e16_ji1_CTCAATTTCACCACAA-1",1106,"ENS"
"e16_ji1_CTCAATTTCACCCTGT-1",1064,"ENS"
"e16_ji1_CTCACTGCAAAGGCTG-1",2214,"Smooth muscle"
"e16_ji1_CTCACTGCACATACTG-1",2123,"Smooth muscle"
"e16_ji1_CTCACTGCACTGGCCA-1",799,"Smooth muscle"
"e16_ji1_CTCACTGGTCGAACAG-1",2581,"ENS"
"e16_ji1_CTCACTGGTTTACCTT-1",878,"Fibroblast"
"e16_ji1_CTCACTGTCTCCCTAG-1",477,"ENS"
"e16_ji1_CTCAGAAGTAGGCTGA-1",1073,"Smooth muscle"
"e16_ji1_CTCAGAAGTTGGTGTT-1",2103,"Immune"
"e16_ji1_CTCAGAATCACGGTCG-1",2937,"Immune"
"e16_ji1_CTCAGGGAGCATCAAA-1",2621,"Fibroblast"
"e16_ji1_CTCAGGGAGGTTCATC-1",2994,"ENS"
"e16_ji1_CTCAGGGAGTCTCTGA-1",7,"Mesothelial"
"e16_ji1_CTCAGGGCAGTAACAA-1",2331,"ENS"
"e16_ji1_CTCAGGGGTACAAACA-1",1900,"Fibroblast"
"e16_ji1_CTCAGGGGTCGGCCTA-1",3067,"ENS"
"e16_ji1_CTCAGGGGTGCAGATG-1",2512,"Mesothelial"
"e16_ji1_CTCAGGGTCAGAGTGG-1",1529,"Endothelial"
"e16_ji1_CTCAGGGTCTGCTAGA-1",1852,"Myofibroblast"
"e16_ji1_CTCAGTCAGATAGCTA-1",2798,"Fibroblast"
"e16_ji1_CTCAGTCCATAGGAGC-1",849,"Myofibroblast"
"e16_ji1_CTCAGTCCATGTTCAG-1",2621,"Myofibroblast"
"e16_ji1_CTCAGTCGTCAGCGTC-1",2570,"ENS"
"e16_ji1_CTCAGTCGTGTCTTCC-1",2053,"Fibroblast"
"e16_ji1_CTCAGTCGTTTAGAGA-1",3023,"ENS"
"e16_ji1_CTCAGTCTCATGCCGG-1",2516,"ICC"
"e16_ji1_CTCAGTCTCCTTATAC-1",591,"ENS"
"e16_ji1_CTCATCGAGAACCCGA-1",2551,"Mesothelial"
"e16_ji1_CTCATCGAGCCATCCG-1",3354,"ENS"
"e16_ji1_CTCATCGAGCGTGAGT-1",2638,"Fibroblast"
"e16_ji1_CTCATCGCACGCGTGT-1",2147,"ENS"
"e16_ji1_CTCATCGCAGAACTTC-1",2643,"Smooth muscle"
"e16_ji1_CTCATCGCAGCGTAGA-1",3145,"ICC"
"e16_ji1_CTCATCGGTAGACACG-1",1731,"Fibroblast"
"e16_ji1_CTCATCGGTCTAGGCC-1",3249,"Fibroblast"
"e16_ji1_CTCATCGGTTAGCTAC-1",509,"ENS"
"e16_ji1_CTCATCGTCTCATTTG-1",2815,"Myofibroblast"
"e16_ji1_CTCATCGTCTGGTGGC-1",192,"Smooth muscle"
"e16_ji1_CTCATGCCAGCACGAA-1",649,"Smooth muscle"
"e16_ji1_CTCATGCCAGGTGTGA-1",1561,"Smooth muscle"
"e16_ji1_CTCATGCCAGTCGAGA-1",197,"Fibroblast"
"e16_ji1_CTCATGCGTTAAGACA-1",2742,"Immune"
"e16_ji1_CTCATGCGTTAGAGAT-1",1122,"ENS"
"e16_ji1_CTCATGCTCCGCAAAT-1",1381,"Fibroblast"
"e16_ji1_CTCATGCTCGACGCTG-1",2408,"ENS"
"e16_ji1_CTCATGCTCTGCCCTA-1",1033,"Mesothelial"
"e16_ji1_CTCATTAAGCACTCAT-1",2338,"Smooth muscle"
"e16_ji1_CTCATTACAAGGTCTT-1",863,"ENS"
"e16_ji1_CTCATTATCATTACGG-1",886,"ENS"
"e16_ji1_CTCATTATCCGTGCGA-1",387,"ENS"
"e16_ji1_CTCATTATCGGCAGTC-1",1799,"ENS"
"e16_ji1_CTCATTATCTACTTCA-1",1929,"Fibroblast"
"e16_ji1_CTCCAACAGACGATAT-1",2533,"Myofibroblast"
"e16_ji1_CTCCAACAGCGTGAGT-1",3059,"ENS"
"e16_ji1_CTCCAACAGCTTAGTC-1",760,"ENS"
"e16_ji1_CTCCAACAGTAGGAAG-1",920,"ENS"
"e16_ji1_CTCCAACCAACCTAAC-1",1846,"Myofibroblast"
"e16_ji1_CTCCAACCACCTCAGG-1",3089,"ENS"
"e16_ji1_CTCCAACCAGTGTATC-1",2989,"Myofibroblast"
"e16_ji1_CTCCAACTCATGGTAC-1",3236,"Smooth muscle"
"e16_ji1_CTCCAACTCCTTATCA-1",1342,"ENS"
"e16_ji1_CTCCACAAGAAACTCA-1",79,"Fibroblast"
"e16_ji1_CTCCACAAGAGTGACC-1",1796,"ENS"
"e16_ji1_CTCCACAAGCTATCTG-1",1609,"ENS"
"e16_ji1_CTCCACAAGGCAATGC-1",626,"ENS"
"e16_ji1_CTCCACAAGGTTCTTG-1",2570,"ENS"
"e16_ji1_CTCCACACACCAATTG-1",2981,"Smooth muscle"
"e16_ji1_CTCCACAGTTTGAACC-1",2072,"Endothelial"
"e16_ji1_CTCCACATCGTCGCTT-1",1723,"Endothelial"
"e16_ji1_CTCCATGCAGGCCTGT-1",2452,"Smooth muscle"
"e16_ji1_CTCCATGCATGGCTGC-1",760,"ENS"
"e16_ji1_CTCCATGGTCATATGC-1",1380,"Fibroblast"
"e16_ji1_CTCCATGGTTTGGGTT-1",3023,"ENS"
"e16_ji1_CTCCATGTCACTTATC-1",2028,"Myofibroblast"
"e16_ji1_CTCCCAAAGTTGCGCC-1",1675,"ENS"
"e16_ji1_CTCCCAACATGAAGGC-1",2206,"Fibroblast"
"e16_ji1_CTCCCAACATGATGCT-1",2069,"Fibroblast"
"e16_ji1_CTCCCAAGTCACATTG-1",3178,"Immune"
"e16_ji1_CTCCCAATCATTCACT-1",3031,"ENS"
"e16_ji1_CTCCCTCCAGCTACCG-1",3088,"Smooth muscle"
"e16_ji1_CTCCCTCTCAATCAGC-1",3109,"Fibroblast"
"e16_ji1_CTCCCTCTCCCTCGAT-1",2583,"ENS"
"e16_ji1_CTCCCTCTCTTACTGT-1",1223,"Mesothelial"
"e16_ji1_CTCCCTCTCTTTCCGG-1",1796,"ENS"
"e16_ji1_CTCCGATAGGAGTCTG-1",3222,"ENS"
"e16_ji1_CTCCGATGTACAGTTC-1",3401,"Fibroblast"
"e16_ji1_CTCCGATGTTTGATCG-1",1567,"ENS"
"e16_ji1_CTCCGATTCATCAGTG-1",2549,"Endothelial"
"e16_ji1_CTCCGATTCCTTATGT-1",2089,"ENS"
"e16_ji1_CTCCTCCAGACACACG-1",311,"Fibroblast"
"e16_ji1_CTCCTCCAGTCAACAA-1",2503,"Smooth muscle"
"e16_ji1_CTCCTCCGTCACTCAA-1",2115,"Smooth muscle"
"e16_ji1_CTCCTCCGTCATTCCC-1",1419,"Endothelial"
"e16_ji1_CTCCTCCGTGAATGTA-1",835,"Fibroblast"
"e16_ji1_CTCCTCCGTTCCAAAC-1",1196,"Smooth muscle"
"e16_ji1_CTCCTCCTCCGTTGGG-1",3023,"ENS"
"e16_ji1_CTCCTCCTCGCACTCT-1",2934,"Myofibroblast"
"e16_ji1_CTCCTTTAGTGCACTT-1",1247,"Smooth muscle"
"e16_ji1_CTCCTTTGTGGTCTTA-1",1796,"ENS"
"e16_ji1_CTCCTTTGTTCTTCAT-1",2269,"ENS"
"e16_ji1_CTCGAGGAGATGGCAC-1",831,"Endothelial"
"e16_ji1_CTCGAGGAGCGTATGG-1",3089,"ENS"
"e16_ji1_CTCGAGGCACGCGTCA-1",1857,"ENS"
"e16_ji1_CTCGAGGTCTGAGAAA-1",2089,"ENS"
"e16_ji1_CTCTCAGAGAACTCCT-1",634,"Fibroblast"
"e16_ji1_CTCTCAGAGTGGTTAA-1",760,"ENS"
"e16_ji1_CTCTCAGCACCGCTGA-1",554,"ENS"
"e16_ji1_CTCTCAGCACCTAAAC-1",2981,"ICC"
"e16_ji1_CTCTCAGGTCCGAAGA-1",1063,"ENS"
"e16_ji1_CTCTCAGGTGTACATC-1",674,"Myofibroblast"
"e16_ji1_CTCTCAGGTTATGACC-1",1059,"Endothelial"
"e16_ji1_CTCTCAGGTTATGTGC-1",2173,"Endothelial"
"e16_ji1_CTCTCAGGTTTCGGCG-1",2147,"ENS"
"e16_ji1_CTCTCAGTCGTCCTTG-1",1206,"ENS"
"e16_ji1_CTCTCAGTCTCGGCTT-1",749,"ENS"
"e16_ji1_CTCTCAGTCTGCGATA-1",292,"Smooth muscle"
"e16_ji1_CTCTCGAAGATCCAAA-1",2458,"Endothelial"
"e16_ji1_CTCTCGAAGGCTTAAA-1",262,"Fibroblast"
"e16_ji1_CTCTCGAAGGTATAGT-1",2122,"Fibroblast"
"e16_ji1_CTCTCGACAGCTTCCT-1",912,"Fibroblast"
"e16_ji1_CTCTCGACATGACGAG-1",2798,"Fibroblast"
"e16_ji1_CTCTCGAGTACCACGC-1",476,"Myofibroblast"
"e16_ji1_CTCTCGATCCATACAG-1",3153,"Myofibroblast"
"e16_ji1_CTCTCGATCTAGCATG-1",920,"ENS"
"e16_ji1_CTCTGGTAGCCATGCC-1",2868,"ENS"
"e16_ji1_CTCTGGTAGTAAATGC-1",767,"Smooth muscle"
"e16_ji1_CTCTGGTCACTTGGCG-1",2431,"Myofibroblast"
"e16_ji1_CTCTGGTGTCGCATTA-1",2992,"ENS"
"e16_ji1_CTCTGGTGTGACACGA-1",2080,"Endothelial"
"e16_ji1_CTCTGGTGTGGCAACA-1",1900,"Mesothelial"
"e16_ji1_CTGAATGAGGACAGCT-1",2955,"ENS"
"e16_ji1_CTGAATGAGGTTCTTG-1",2477,"ENS"
"e16_ji1_CTGAATGAGTCCTGCG-1",637,"Mesothelial"
"e16_ji1_CTGAATGAGTGCTAGG-1",989,"Smooth muscle"
"e16_ji1_CTGAATGGTAATCAAG-1",2827,"Myofibroblast"
"e16_ji1_CTGAATGGTAGGTCAG-1",1682,"Fibroblast"
"e16_ji1_CTGAATGGTCAGCTTA-1",2990,"Mesothelial"
"e16_ji1_CTGAATGGTCAGTCGC-1",1743,"Endothelial"
"e16_ji1_CTGAATGGTTCAACGT-1",2986,"Smooth muscle"
"e16_ji1_CTGAATGTCAAAGGTA-1",3060,"ENS"
"e16_ji1_CTGAATGTCCAAGGGA-1",799,"Mesothelial"
"e16_ji1_CTGAATGTCGAAGCAG-1",1704,"Immune"
"e16_ji1_CTGAGCGAGTTATGGA-1",1046,"Fibroblast"
"e16_ji1_CTGAGCGCAAATGAGT-1",2676,"Myofibroblast"
"e16_ji1_CTGAGCGCATCTCAAG-1",3354,"ENS"
"e16_ji1_CTGAGCGGTAACGCGA-1",1196,"Smooth muscle"
"e16_ji1_CTGAGCGGTCACTCAA-1",990,"Fibroblast"
"e16_ji1_CTGAGCGTCTAGACAC-1",990,"Myofibroblast"
"e16_ji1_CTGAGGCAGCCACAAG-1",2994,"ENS"
"e16_ji1_CTGAGGCAGGAGTACC-1",2567,"Fibroblast"
"e16_ji1_CTGAGGCCACCGTCGA-1",2366,"Fibroblast"
"e16_ji1_CTGAGGCTCAAAGCCT-1",2269,"ENS"
"e16_ji1_CTGAGGCTCGTAGCTA-1",2875,"ENS"
"e16_ji1_CTGAGGCTCTGCTTAT-1",1087,"Smooth muscle"
"e16_ji1_CTGATCCAGAGGCTGT-1",2294,"ENS"
"e16_ji1_CTGATCCAGGGATCTG-1",2199,"Fibroblast"
"e16_ji1_CTGATCCAGTAATCCC-1",2814,"Fibroblast"
"e16_ji1_CTGATCCCAACGGCCT-1",2937,"Immune"
"e16_ji1_CTGATCCCACTTGGCG-1",2164,"Mesothelial"
"e16_ji1_CTGATCCGTTGACTGT-1",999,"Smooth muscle"
"e16_ji1_CTGATCCGTTGCTAGT-1",3089,"ENS"
"e16_ji1_CTGATCCTCGACGACC-1",1292,"Simple Epithelial"
"e16_ji1_CTGCAGGAGTAAAGCT-1",2955,"ENS"
"e16_ji1_CTGCAGGAGTGCTACT-1",2226,"Myofibroblast"
"e16_ji1_CTGCAGGCAATAGTAG-1",2425,"Smooth muscle"
"e16_ji1_CTGCAGGCATATCTCT-1",215,"Fibroblast"
"e16_ji1_CTGCAGGGTACAGTAA-1",2635,"Myofibroblast"
"e16_ji1_CTGCAGGGTTGATGTC-1",1688,"ENS"
"e16_ji1_CTGCAGGTCCCAGCGA-1",3418,"Fibroblast"
"e16_ji1_CTGCATCAGATGATTG-1",1706,"ENS"
"e16_ji1_CTGCATCAGTGAGCCA-1",3156,"Immune"
"e16_ji1_CTGCATCGTACCGGAA-1",1688,"ENS"
"e16_ji1_CTGCCATAGATCACTC-1",2643,"Myofibroblast"
"e16_ji1_CTGCCATAGATGGCAC-1",823,"Fibroblast"
"e16_ji1_CTGCCATAGCATGGGT-1",591,"ENS"
"e16_ji1_CTGCCATCACCAAATC-1",2458,"Endothelial"
"e16_ji1_CTGCCATCACTTGAGT-1",2953,"ENS"
"e16_ji1_CTGCCATGTATTTCTC-1",2122,"Fibroblast"
"e16_ji1_CTGCCATGTGACTATC-1",3089,"ENS"
"e16_ji1_CTGCCATTCTGAATGC-1",920,"ENS"
"e16_ji1_CTGCCTACAACTAGAA-1",1743,"Endothelial"
"e16_ji1_CTGCCTACAAGCACAG-1",2250,"ENS"
"e16_ji1_CTGCCTACATGAAGGC-1",428,"Fibroblast"
"e16_ji1_CTGCCTAGTCTCCCTA-1",1942,"ENS"
"e16_ji1_CTGCCTAGTTAGAGTA-1",2955,"ENS"
"e16_ji1_CTGCCTATCTACACAG-1",1636,"Simple Epithelial"
"e16_ji1_CTGCGAGGTCCATACA-1",2973,"Fibroblast"
"e16_ji1_CTGCTCAAGCCAAGCA-1",3089,"ENS"
"e16_ji1_CTGCTCAAGTACCATC-1",2757,"ENS"
"e16_ji1_CTGCTCAAGTAGCATA-1",1399,"ENS"
"e16_ji1_CTGCTCAAGTTAGAAC-1",2369,"Fibroblast"
"e16_ji1_CTGCTCACAAATTGCC-1",2147,"ENS"
"e16_ji1_CTGCTCACAACACAAA-1",1259,"ENS"
"e16_ji1_CTGCTCACAAGAGATT-1",2085,"Simple Epithelial"
"e16_ji1_CTGCTCACAGCTCTGG-1",1676,"ENS"
"e16_ji1_CTGCTCATCCCTGGTT-1",3089,"ENS"
"e16_ji1_CTGCTCATCCTAGAGT-1",1341,"Endothelial"
"e16_ji1_CTGCTCATCCTCACGT-1",2955,"ENS"
"e16_ji1_CTGGACGAGAGAGGGC-1",1706,"ENS"
"e16_ji1_CTGGACGCAAGAGATT-1",2486,"Myofibroblast"
"e16_ji1_CTGGACGCATAAGCAA-1",3081,"Myofibroblast"
"e16_ji1_CTGGACGGTATCGCAT-1",2431,"ICC"
"e16_ji1_CTGGACGGTGCGACAA-1",3110,"ENS"
"e16_ji1_CTGGACGGTGCTGCAC-1",2408,"ENS"
"e16_ji1_CTGGACGGTTGGAGAC-1",1523,"Smooth muscle"
"e16_ji1_CTGGCAGAGAGCACTG-1",3197,"Fibroblast"
"e16_ji1_CTGGCAGAGAGTCAGC-1",1941,"Smooth muscle"
"e16_ji1_CTGGCAGAGCACGATG-1",760,"ENS"
"e16_ji1_CTGGCAGAGCGCTGAA-1",1755,"ENS"
"e16_ji1_CTGGCAGAGGGCCTCT-1",2541,"Smooth muscle"
"e16_ji1_CTGGCAGAGTACAGCG-1",1900,"Smooth muscle"
"e16_ji1_CTGGCAGCAAAGCTCT-1",2725,"Smooth muscle"
"e16_ji1_CTGGCAGCAGCTGTGC-1",413,"Fibroblast"
"e16_ji1_CTGGCAGCATGCTGCG-1",3089,"ENS"
"e16_ji1_CTGGCAGGTACCGGAA-1",2369,"Fibroblast"
"e16_ji1_CTGGCAGGTATTGACC-1",2645,"ENS"
"e16_ji1_CTGGCAGTCGTAGCCG-1",1673,"ENS"
"e16_ji1_CTGGCAGTCTACTATC-1",1688,"ENS"
"e16_ji1_CTGGTCTCAGACCATT-1",3367,"Smooth muscle"
"e16_ji1_CTGTACCAGACTCGAG-1",1912,"Fibroblast"
"e16_ji1_CTGTACCCATAGATGA-1",626,"ENS"
"e16_ji1_CTGTACCGTTCTCCTG-1",2144,"Fibroblast"
"e16_ji1_CTGTACCTCATCCCGT-1",2645,"ENS"
"e16_ji1_CTGTAGAAGCGACATG-1",1561,"ICC"
"e16_ji1_CTGTAGAAGCGGACAT-1",1688,"ENS"
"e16_ji1_CTGTAGAAGCTGACTT-1",3145,"Smooth muscle"
"e16_ji1_CTGTAGACAACCTAAC-1",2411,"ENS"
"e16_ji1_CTGTAGAGTTGTTGCA-1",1743,"Myofibroblast"
"e16_ji1_CTGTATTAGCCAGACA-1",1796,"ENS"
"e16_ji1_CTGTATTAGCTGCGAA-1",3265,"Myofibroblast"
"e16_ji1_CTGTATTAGGTTGCCC-1",1908,"Smooth muscle"
"e16_ji1_CTGTATTAGTACTGTC-1",2798,"Fibroblast"
"e16_ji1_CTGTATTAGTATGAGT-1",2269,"ENS"
"e16_ji1_CTGTATTAGTGCGACA-1",2269,"ENS"
"e16_ji1_CTGTATTAGTTTCTTC-1",3194,"Mesothelial"
"e16_ji1_CTGTATTCACGGTGCT-1",2955,"ENS"
"e16_ji1_CTGTATTCAGCGTGAA-1",1077,"Pericyte"
"e16_ji1_CTGTATTCATTGCAAC-1",2798,"Smooth muscle"
"e16_ji1_CTGTATTTCTTCTCAA-1",1052,"Smooth muscle"
"e16_ji1_CTGTCGTAGAGGGCGA-1",3267,"Smooth muscle"
"e16_ji1_CTGTCGTAGCGTGCCT-1",2751,"Simple Epithelial"
"e16_ji1_CTGTCGTAGTAAGCAT-1",1448,"Myofibroblast"
"e16_ji1_CTGTCGTCAAGAGAGA-1",2733,"Smooth muscle"
"e16_ji1_CTGTCGTCAATCGAAA-1",2269,"ENS"
"e16_ji1_CTGTCGTCATTGTAGC-1",2069,"Pericyte"
"e16_ji1_CTGTCGTGTAACACCT-1",144,"Mesothelial"
"e16_ji1_CTGTCGTGTCAGTTTG-1",2136,"Fibroblast"
"e16_ji1_CTGTCGTGTTGGTGTT-1",2214,"ENS"
"e16_ji1_CTGTGAAAGAGAGGGC-1",2028,"Fibroblast"
"e16_ji1_CTGTGAAAGAGGATGA-1",1378,"Simple Epithelial"
"e16_ji1_CTGTGAAAGTTACGTC-1",2126,"ENS"
"e16_ji1_CTGTGAACAGGGCTTC-1",1673,"ENS"
"e16_ji1_CTGTGAAGTACAGCGA-1",397,"Smooth muscle"
"e16_ji1_CTGTGAAGTGTTACAC-1",3178,"Immune"
"e16_ji1_CTGTGAATCAAACCCA-1",1070,"Fibroblast"
"e16_ji1_CTGTGGGAGCCTATTG-1",3195,"Fibroblast"
"e16_ji1_CTGTGGGAGGTCTGGA-1",737,"Endothelial"
"e16_ji1_CTGTGGGCAACCGGAA-1",152,"ENS"
"e16_ji1_CTGTGGGCACGACAGA-1",2126,"ENS"
"e16_ji1_CTGTGGGCAGGACTTT-1",975,"ENS"
"e16_ji1_CTGTGGGCATAGATCC-1",1714,"Fibroblast"
"e16_ji1_CTGTGGGGTACGCGTC-1",1464,"Myofibroblast"
"e16_ji1_CTGTGGGGTATCCCAA-1",2126,"ENS"
"e16_ji1_CTGTGGGGTCGCACGT-1",848,"Fibroblast"
"e16_ji1_CTTACCGAGTCGCCAC-1",2712,"ENS"
"e16_ji1_CTTACCGCACGGCTAC-1",1100,"Fibroblast"
"e16_ji1_CTTACCGCATTGCCGG-1",2269,"ENS"
"e16_ji1_CTTACCGGTGAGACCA-1",3332,"Smooth muscle"
"e16_ji1_CTTACCGTCCATTCAT-1",2428,"Smooth muscle"
"e16_ji1_CTTACCGTCGGATTAC-1",1511,"Simple Epithelial"
"e16_ji1_CTTACCGTCGTTCCCA-1",1929,"Fibroblast"
"e16_ji1_CTTAGGAAGGCATCGA-1",2768,"Fibroblast"
"e16_ji1_CTTAGGAGTACCCGAC-1",799,"Smooth muscle"
"e16_ji1_CTTAGGATCCATTCAT-1",2403,"Fibroblast"
"e16_ji1_CTTCAATGTGCAGGAT-1",2288,"Myofibroblast"
"e16_ji1_CTTCCGAAGTAGCCAG-1",2709,"ENS"
"e16_ji1_CTTCCGACAATTTCTC-1",2269,"ENS"
"e16_ji1_CTTCCGATCAAACTGC-1",1347,"ICC"
"e16_ji1_CTTCCGATCACCTGTC-1",1524,"Smooth muscle"
"e16_ji1_CTTCCGATCATGCAGT-1",2173,"Endothelial"
"e16_ji1_CTTCCGATCGGACAAG-1",2624,"Myofibroblast"
"e16_ji1_CTTCCGATCGTGGGAA-1",1414,"Smooth muscle"
"e16_ji1_CTTCCGATCTGAGTCA-1",1796,"ENS"
"e16_ji1_CTTCCTTAGGTCGCCT-1",2411,"ENS"
"e16_ji1_CTTCCTTCAAACTCTG-1",3226,"Smooth muscle"
"e16_ji1_CTTCCTTGTCGCACAC-1",1688,"ENS"
"e16_ji1_CTTCCTTGTGATCGTT-1",1281,"ENS"
"e16_ji1_CTTCCTTGTTAGAAGT-1",1336,"ICC"
"e16_ji1_CTTCGGTCACTGGATT-1",1107,"ENS"
"e16_ji1_CTTCGGTGTATTCCTT-1",1524,"Smooth muscle"
"e16_ji1_CTTCGGTGTCGAGCTC-1",2176,"Smooth muscle"
"e16_ji1_CTTCGGTTCAAGGACG-1",650,"Myofibroblast"
"e16_ji1_CTTCGGTTCCGAGATT-1",1414,"ICC"
"e16_ji1_CTTCTAAAGTCAGAGC-1",1636,"Simple Epithelial"
"e16_ji1_CTTCTAAAGTGCCAGA-1",1796,"ENS"
"e16_ji1_CTTCTAAAGTTGTCGT-1",2063,"ICC"
"e16_ji1_CTTCTAACAAATCAGA-1",2707,"Fibroblast"
"e16_ji1_CTTCTAACAAGAATGT-1",1106,"ENS"
"e16_ji1_CTTCTAACAATTGAGA-1",2986,"Myofibroblast"
"e16_ji1_CTTCTAACATAGAGGC-1",2214,"Myofibroblast"
"e16_ji1_CTTCTAACATATGCGT-1",1106,"ENS"
"e16_ji1_CTTCTAAGTATGGAGC-1",3031,"ENS"
"e16_ji1_CTTCTAAGTCGCGTTG-1",3024,"ENS"
"e16_ji1_CTTCTAATCCACACCT-1",2089,"ENS"
"e16_ji1_CTTCTCTAGAGAACCC-1",1706,"ENS"
"e16_ji1_CTTCTCTAGGTAAAGG-1",2269,"ENS"
"e16_ji1_CTTCTCTCAAGCACCC-1",2338,"Fibroblast"
"e16_ji1_CTTCTCTGTAGATCCT-1",1706,"ENS"
"e16_ji1_CTTGAGAAGTGGTTCT-1",1455,"Fibroblast"
"e16_ji1_CTTGAGACAACACTAC-1",2369,"Fibroblast"
"e16_ji1_CTTGAGACAAGGTCAG-1",3081,"Fibroblast"
"e16_ji1_CTTGAGACATCCTGTC-1",2211,"Fibroblast"
"e16_ji1_CTTGAGAGTTATCCAG-1",1743,"Endothelial"
"e16_ji1_CTTGAGAGTTTCTATC-1",1688,"ENS"
"e16_ji1_CTTGAGATCAACTACG-1",1122,"ENS"
"e16_ji1_CTTGAGATCATCGTAG-1",2147,"ENS"
"e16_ji1_CTTGATTCATGTACGT-1",3089,"ENS"
"e16_ji1_CTTGATTGTCTGCCTT-1",2549,"Endothelial"
"e16_ji1_CTTGATTTCATAGGCT-1",2450,"Fibroblast"
"e16_ji1_CTTGATTTCGAGTGAG-1",1498,"ENS"
"e16_ji1_CTTGATTTCGTCCATC-1",1066,"Fibroblast"
"e16_ji1_CTTTCAAAGATTAGAC-1",2768,"Fibroblast"
"e16_ji1_CTTTCAAAGCACTCTA-1",1106,"ENS"
"e16_ji1_CTTTCAACACAATTCG-1",1906,"Smooth muscle"
"e16_ji1_CTTTCAAGTACTGCCG-1",3265,"Fibroblast"
"e16_ji1_CTTTCAAGTTGCCGCA-1",2906,"Fibroblast"
"e16_ji1_CTTTCGGGTACTGAGG-1",2516,"Smooth muscle"
"e16_ji1_CTTTCGGGTGATGAAT-1",1893,"Fibroblast"
"e16_ji1_CTTTCGGTCACCCTGT-1",1030,"Smooth muscle"
"e16_ji1_GAAACCTAGCGACAGT-1",749,"ENS"
"e16_ji1_GAAACCTTCCATTCAT-1",2323,"Fibroblast"
"e16_ji1_GAAACCTTCGTCTAAG-1",2798,"Fibroblast"
"e16_ji1_GAAATGAAGGTGCCTC-1",2250,"ENS"
"e16_ji1_GAAATGACAAACTCGT-1",2937,"Immune"
"e16_ji1_GAAATGACATAATCGC-1",3205,"Myofibroblast"
"e16_ji1_GAAATGATCAATCAGC-1",920,"ENS"
"e16_ji1_GAACACTAGCGAGTAC-1",1796,"ENS"
"e16_ji1_GAACACTAGTCGCTAT-1",851,"Immune"
"e16_ji1_GAACACTGTCCCGTGA-1",2375,"Fibroblast"
"e16_ji1_GAACACTGTGAGAGGG-1",3089,"ENS"
"e16_ji1_GAACGTTCACTGCATA-1",1066,"Myofibroblast"
"e16_ji1_GAACGTTGTCACTGAT-1",1910,"Smooth muscle"
"e16_ji1_GAACGTTTCAGATGCT-1",3089,"ENS"
"e16_ji1_GAACGTTTCCCGTTCA-1",3031,"ENS"
"e16_ji1_GAACTGTAGTATAGAC-1",791,"Smooth muscle"
"e16_ji1_GAACTGTAGTTCCGGC-1",826,"Fibroblast"
"e16_ji1_GAACTGTCAGACTGCC-1",2057,"Smooth muscle"
"e16_ji1_GAACTGTGTACGAGTG-1",1066,"ICC"
"e16_ji1_GAACTGTGTCAGACTT-1",2250,"ENS"
"e16_ji1_GAACTGTTCCCAAGCG-1",1699,"Myofibroblast"
"e16_ji1_GAACTGTTCGTAGCTA-1",687,"Fibroblast"
"e16_ji1_GAACTGTTCTCCGAAA-1",2858,"ENS"
"e16_ji1_GAACTGTTCTGTACAG-1",1037,"Fibroblast"
"e16_ji1_GAAGAATAGAGACAAG-1",1535,"Myofibroblast"
"e16_ji1_GAAGAATAGAGTCTGG-1",1334,"Fibroblast"
"e16_ji1_GAAGAATAGCCAGACA-1",760,"ENS"
"e16_ji1_GAAGAATAGCGAGTCA-1",1651,"Fibroblast"
"e16_ji1_GAAGAATAGGTAAACT-1",629,"Smooth muscle"
"e16_ji1_GAAGAATAGTACTGGG-1",1122,"ENS"
"e16_ji1_GAAGAATAGTGCAGGT-1",2250,"ENS"
"e16_ji1_GAAGAATCACATGGTT-1",1529,"Endothelial"
"e16_ji1_GAAGAATGTGACCGTC-1",2085,"Simple Epithelial"
"e16_ji1_GAAGAATGTGTTCGTA-1",1343,"Myofibroblast"
"e16_ji1_GAAGCCCAGCAACAAT-1",2289,"ENS"
"e16_ji1_GAAGCCCAGTTTGTCG-1",1588,"Pericyte"
"e16_ji1_GAAGCCCCACGCTGAC-1",2868,"ENS"
"e16_ji1_GAAGCCCGTCACTCGG-1",920,"ENS"
"e16_ji1_GAAGCCCTCGCCTAGG-1",1787,"Fibroblast"
"e16_ji1_GAAGCGAAGGATTTCC-1",920,"ENS"
"e16_ji1_GAAGCGAAGGTGCAGT-1",3089,"ENS"
"e16_ji1_GAAGCGAAGTGCAAAT-1",3145,"Fibroblast"
"e16_ji1_GAAGCGAGTTCGGCGT-1",1053,"ENS"
"e16_ji1_GAAGCGATCAGCACCG-1",1100,"Smooth muscle"
"e16_ji1_GAAGGACCAATACCTG-1",3192,"Smooth muscle"
"e16_ji1_GAAGGACTCAGCATTG-1",1937,"Smooth muscle"
"e16_ji1_GAAGGACTCGTTCTGC-1",2431,"Fibroblast"
"e16_ji1_GAAGGGTAGCATGGGT-1",3089,"ENS"
"e16_ji1_GAAGGGTAGTCGAAGC-1",1796,"ENS"
"e16_ji1_GAAGGGTCAATTGTGC-1",2144,"Smooth muscle"
"e16_ji1_GAAGGGTCATGTGTCA-1",3377,"ICC"
"e16_ji1_GAAGGGTGTAGGGTAC-1",2198,"Smooth muscle"
"e16_ji1_GAAGGGTGTGTGGACA-1",1677,"ENS"
"e16_ji1_GAAGGGTGTGTGTGGA-1",2073,"Endothelial"
"e16_ji1_GAAGTAAAGTAGATCA-1",1086,"Fibroblast"
"e16_ji1_GAAGTAACAATACGAA-1",2458,"Endothelial"
"e16_ji1_GAAGTAAGTAACAAGT-1",3170,"Fibroblast"
"e16_ji1_GAAGTAAGTTCTCCTG-1",1106,"ENS"
"e16_ji1_GAAGTAAGTTTGATCG-1",2269,"ENS"
"e16_ji1_GAAGTAAGTTTGCCGG-1",3089,"ENS"
"e16_ji1_GAATAGAAGGCCTAGA-1",668,"Immune"
"e16_ji1_GAATAGAAGTCGCCAC-1",2403,"Fibroblast"
"e16_ji1_GAATAGACACGGTCTG-1",2613,"ENS"
"e16_ji1_GAATAGAGTTCTCTCG-1",1453,"Fibroblast"
"e16_ji1_GAATAGATCGGACTTA-1",3354,"ENS"
"e16_ji1_GAATAGATCTTTCGAT-1",1303,"ENS"
"e16_ji1_GAATCACAGCACCTGC-1",2126,"ENS"
"e16_ji1_GAATCACAGGAGCTGT-1",2411,"ENS"
"e16_ji1_GAATCACCAGCTAACT-1",1341,"Endothelial"
"e16_ji1_GAATCACTCCTTCGAC-1",1281,"ENS"
"e16_ji1_GAATCACTCGTTAGAC-1",3344,"Smooth muscle"
"e16_ji1_GAATCGTCAACTAGAA-1",1418,"Smooth muscle"
"e16_ji1_GAATCGTCAATCCTAG-1",1247,"Smooth muscle"
"e16_ji1_GAATCGTCATTGGGAG-1",1714,"Fibroblast"
"e16_ji1_GAATCGTGTATCCCTC-1",2933,"Myofibroblast"
"e16_ji1_GAATCGTGTGACAGCA-1",3031,"ENS"
"e16_ji1_GAATCGTTCATGTCAG-1",3060,"ENS"
"e16_ji1_GACACGCAGATACTGA-1",1064,"ENS"
"e16_ji1_GACACGCCAATTAGGA-1",2868,"ENS"
"e16_ji1_GACACGCGTATGTCCA-1",920,"ENS"
"e16_ji1_GACACGCGTCTTCATT-1",2250,"ENS"
"e16_ji1_GACACGCGTGCACGCT-1",1084,"Fibroblast"
"e16_ji1_GACAGCCAGCTCGGCT-1",2089,"ENS"
"e16_ji1_GACAGCCAGTTGCGCC-1",1294,"Fibroblast"
"e16_ji1_GACAGCCCAACAAGTA-1",920,"ENS"
"e16_ji1_GACATCAAGCAGCCCT-1",1541,"Fibroblast"
"e16_ji1_GACATCAAGGAATGTT-1",2742,"Immune"
"e16_ji1_GACATCAAGGTGAGAA-1",1912,"Fibroblast"
"e16_ji1_GACATCACACATACTG-1",920,"ENS"
"e16_ji1_GACATCAGTGGAAGTC-1",988,"Smooth muscle"
"e16_ji1_GACATCAGTTAGAGTA-1",711,"Fibroblast"
"e16_ji1_GACATCAGTTCACCGG-1",791,"ICC"
"e16_ji1_GACATCATCCACGTGG-1",1688,"ENS"
"e16_ji1_GACCAATCACAAGCTT-1",3060,"ENS"
"e16_ji1_GACCAATGTATGCGGA-1",668,"Immune"
"e16_ji1_GACCAATTCAAGTCTG-1",1706,"ENS"
"e16_ji1_GACCAATTCTAGCATG-1",2955,"ENS"
"e16_ji1_GACCCAGCAAACGTGG-1",2638,"Smooth muscle"
"e16_ji1_GACCCAGCACGGATCC-1",851,"Immune"
"e16_ji1_GACCCAGCACTTCCTG-1",1730,"Smooth muscle"
"e16_ji1_GACCCAGCATCCCGTT-1",2069,"Endothelial"
"e16_ji1_GACCCAGGTAGTCGGA-1",760,"ENS"
"e16_ji1_GACCCAGGTCGGCACT-1",1846,"Myofibroblast"
"e16_ji1_GACCCAGGTCTCACAA-1",1688,"ENS"
"e16_ji1_GACCCAGGTGAGACGT-1",1743,"Fibroblast"
"e16_ji1_GACCCAGTCATTCACT-1",2645,"ENS"
"e16_ji1_GACCCAGTCGGCATTA-1",1332,"Myofibroblast"
"e16_ji1_GACCCTTAGGCCCGTT-1",2325,"ENS"
"e16_ji1_GACCCTTCAACAACAA-1",3059,"ENS"
"e16_ji1_GACCCTTCAAGTATAG-1",509,"ENS"
"e16_ji1_GACCCTTCACCAGCGT-1",881,"Smooth muscle"
"e16_ji1_GACCCTTCATTATGCG-1",2955,"ENS"
"e16_ji1_GACCCTTGTGCTCTCT-1",2882,"Smooth muscle"
"e16_ji1_GACCCTTGTGTCTAAC-1",1518,"Smooth muscle"
"e16_ji1_GACCCTTGTTCATCTT-1",2621,"Smooth muscle"
"e16_ji1_GACCCTTTCATCAGTG-1",920,"ENS"
"e16_ji1_GACCCTTTCATTCATC-1",2513,"Myofibroblast"
"e16_ji1_GACCCTTTCCTACCAC-1",2645,"ENS"
"e16_ji1_GACCCTTTCTGCAGCG-1",1796,"ENS"
"e16_ji1_GACCGTGCAAGTATAG-1",1743,"Endothelial"
"e16_ji1_GACCGTGCAAGTATCC-1",2077,"Endothelial"
"e16_ji1_GACCGTGCAGAGTCTT-1",3089,"ENS"
"e16_ji1_GACCGTGCATAATGCC-1",1688,"ENS"
"e16_ji1_GACCGTGGTACGACAG-1",2759,"ICC"
"e16_ji1_GACCGTGGTAGCGCCT-1",1886,"Myofibroblast"
"e16_ji1_GACCGTGGTATGACAA-1",2815,"Fibroblast"
"e16_ji1_GACCGTGGTCATTCCC-1",2538,"Smooth muscle"
"e16_ji1_GACCGTGTCATTACTC-1",3031,"ENS"
"e16_ji1_GACCTTCAGACTACCT-1",2256,"ENS"
"e16_ji1_GACCTTCAGCACCGAA-1",100,"Fibroblast"
"e16_ji1_GACCTTCAGGCTTAGG-1",1240,"Fibroblast"
"e16_ji1_GACCTTCAGGTGGGTT-1",1669,"Smooth muscle"
"e16_ji1_GACCTTCCATAACCCA-1",1275,"ENS"
"e16_ji1_GACCTTCCATTCCTCG-1",591,"ENS"
"e16_ji1_GACCTTCGTGGTAATA-1",1347,"Pericyte"
"e16_ji1_GACCTTCTCCCTCTCC-1",1454,"Fibroblast"
"e16_ji1_GACCTTCTCGGCACTG-1",482,"ENS"
"e16_ji1_GACGCTGGTCTAGGCC-1",1550,"Smooth muscle"
"e16_ji1_GACGCTGTCCACTAGA-1",1333,"Smooth muscle"
"e16_ji1_GACGCTGTCCTGGCTT-1",799,"Fibroblast"
"e16_ji1_GACGCTGTCGGCCTTT-1",1522,"Simple Epithelial"
"e16_ji1_GACGTTAAGCACTCTA-1",2057,"Fibroblast"
"e16_ji1_GACGTTAAGTGGTGGT-1",668,"Immune"
"e16_ji1_GACGTTACACAATGTC-1",2103,"Immune"
"e16_ji1_GACGTTACAGCTACAT-1",1900,"Smooth muscle"
"e16_ji1_GACGTTACATGGCGCT-1",3283,"ENS"
"e16_ji1_GACGTTATCCTACTGC-1",1730,"Fibroblast"
"e16_ji1_GACGTTATCGTAATGC-1",908,"Fibroblast"
"e16_ji1_GACTATGAGAATACAC-1",3089,"ENS"
"e16_ji1_GACTATGAGCATCGAG-1",2437,"Fibroblast"
"e16_ji1_GACTATGAGCTTCATG-1",2269,"ENS"
"e16_ji1_GACTATGAGGCATGGT-1",2937,"Immune"
"e16_ji1_GACTATGAGGCTTTCA-1",2973,"Myofibroblast"
"e16_ji1_GACTATGCAAGAATAC-1",3058,"Smooth muscle"
"e16_ji1_GACTATGGTAACACCT-1",1254,"ENS"
"e16_ji1_GACTATGGTAGGGAGG-1",1846,"Myofibroblast"
"e16_ji1_GACTATGGTTCCAGGC-1",123,"ENS"
"e16_ji1_GACTCAAAGCGGGTTA-1",835,"Smooth muscle"
"e16_ji1_GACTCAAAGGATCATA-1",2147,"ENS"
"e16_ji1_GACTCTCAGTGCAGGT-1",2510,"Fibroblast"
"e16_ji1_GACTCTCCAAATAAGC-1",3269,"Fibroblast"
"e16_ji1_GACTCTCCACGACAGA-1",2768,"Fibroblast"
"e16_ji1_GACTCTCCACTAAACC-1",1226,"ENS"
"e16_ji1_GACTCTCTCGCTCTCA-1",3402,"Fibroblast"
"e16_ji1_GACTCTCTCTTACTGT-1",1900,"Fibroblast"
"e16_ji1_GACTGATAGAATCCCT-1",2507,"Fibroblast"
"e16_ji1_GACTGATAGACCAGAC-1",2408,"ENS"
"e16_ji1_GACTGATAGGACCCAA-1",2459,"Simple Epithelial"
"e16_ji1_GACTGATAGGATTACA-1",2147,"ENS"
"e16_ji1_GACTGATAGGCTGAAC-1",1167,"Smooth muscle"
"e16_ji1_GACTGATAGTTGAAAC-1",3089,"ENS"
"e16_ji1_GACTGATCACATGTTG-1",3296,"Smooth muscle"
"e16_ji1_GACTGATCAGAGGCAT-1",14,"ENS"
"e16_ji1_GACTGATCAGCACGAA-1",2018,"Smooth muscle"
"e16_ji1_GACTGATTCCTTATCA-1",3089,"ENS"
"e16_ji1_GACTTCCAGCGATGCA-1",2408,"Endothelial"
"e16_ji1_GACTTCCAGCGTATGG-1",2198,"Smooth muscle"
"e16_ji1_GACTTCCCAAGGTCAG-1",2544,"Mesothelial"
"e16_ji1_GACTTCCCACAGAGAC-1",2798,"Fibroblast"
"e16_ji1_GACTTCCCACGACGTC-1",644,"Endothelial"
"e16_ji1_GACTTCCCACTCCGAG-1",2322,"Myofibroblast"
"e16_ji1_GACTTCCTCGTCAGAT-1",1545,"Smooth muscle"
"e16_ji1_GACTTCCTCTGGACCG-1",1106,"ENS"
"e16_ji1_GAGAAATAGAGGTGCT-1",1796,"ENS"
"e16_ji1_GAGAAATAGATCCAAA-1",1336,"Mesothelial"
"e16_ji1_GAGAAATCAGAGGTTG-1",1415,"Fibroblast"
"e16_ji1_GAGAAATCATGGGAAC-1",1727,"Smooth muscle"
"e16_ji1_GAGAAATTCAGGAGAC-1",1381,"Fibroblast"
"e16_ji1_GAGAAATTCATTATCC-1",1796,"ENS"
"e16_ji1_GAGAAATTCGAGTGGA-1",2128,"ENS"
"e16_ji1_GAGACCCAGTACAGAT-1",1588,"Fibroblast"
"e16_ji1_GAGACCCGTCATCACA-1",1609,"ENS"
"e16_ji1_GAGACCCGTCTGCAAT-1",1742,"Smooth muscle"
"e16_ji1_GAGACCCGTTACGTAC-1",663,"ENS"
"e16_ji1_GAGACCCTCTACCACC-1",2288,"Smooth muscle"
"e16_ji1_GAGACTTCAGTCTCTC-1",3089,"ENS"
"e16_ji1_GAGACTTGTAAGGCTG-1",253,"ENS"
"e16_ji1_GAGACTTTCATTTGTC-1",2613,"ENS"
"e16_ji1_GAGACTTTCCCGAGGT-1",990,"ICC"
"e16_ji1_GAGACTTTCGTAACCA-1",1597,"Smooth muscle"
"e16_ji1_GAGAGGTAGCTCACTA-1",1722,"Myofibroblast"
"e16_ji1_GAGAGGTAGGCTGAAC-1",1063,"ENS"
"e16_ji1_GAGAGGTCATACTGTG-1",790,"Myofibroblast"
"e16_ji1_GAGAGGTGTAGTTCCA-1",3089,"ENS"
"e16_ji1_GAGAGGTGTTACCTGA-1",776,"Fibroblast"
"e16_ji1_GAGAGGTTCAGTCTTT-1",3089,"ENS"
"e16_ji1_GAGAGGTTCTCGCCTA-1",1688,"ENS"
"e16_ji1_GAGAGGTTCTGCCTCA-1",1587,"Smooth muscle"
"e16_ji1_GAGATGGAGAGTTGAT-1",1169,"Fibroblast"
"e16_ji1_GAGATGGAGGCTTAAA-1",920,"ENS"
"e16_ji1_GAGATGGAGTAGACCG-1",2269,"ENS"
"e16_ji1_GAGATGGTCAGAATAG-1",1083,"Smooth muscle"
"e16_ji1_GAGATGGTCGCACGAC-1",955,"ENS"
"e16_ji1_GAGATGGTCGGTGTAT-1",309,"Myofibroblast"
"e16_ji1_GAGCCTGAGTAGACCG-1",1419,"Endothelial"
"e16_ji1_GAGCCTGAGTATCCTG-1",1796,"ENS"
"e16_ji1_GAGCCTGCAAATCGGG-1",2325,"ENS"
"e16_ji1_GAGCCTGCAGAAGCTG-1",969,"ENS"
"e16_ji1_GAGCCTGGTCACGACC-1",2269,"ENS"
"e16_ji1_GAGCCTGGTTGTACGT-1",1796,"ENS"
"e16_ji1_GAGCCTGTCCATAGAC-1",2914,"Endothelial"
"e16_ji1_GAGCTGCAGACTCATC-1",307,"Fibroblast"
"e16_ji1_GAGCTGCAGTACTGTC-1",2570,"ENS"
"e16_ji1_GAGCTGCGTATGGAGC-1",879,"Fibroblast"
"e16_ji1_GAGCTGCGTCTACTGA-1",3091,"ENS"
"e16_ji1_GAGCTGCTCCGAAGGA-1",2694,"ICC"
"e16_ji1_GAGGCAAAGCTAAACA-1",2682,"Myofibroblast"
"e16_ji1_GAGGCAAAGCTGTTAC-1",1743,"Endothelial"
"e16_ji1_GAGGCAAAGGACTATA-1",1688,"ENS"
"e16_ji1_GAGGCAAAGGCCTGCT-1",1719,"Simple Epithelial"
"e16_ji1_GAGGCAAAGTGCAGCA-1",409,"ENS"
"e16_ji1_GAGGCAACAAGATCCT-1",681,"Smooth muscle"
"e16_ji1_GAGGCAAGTCGCATGC-1",2181,"Fibroblast"
"e16_ji1_GAGGCAAGTGGAACCA-1",3354,"ENS"
"e16_ji1_GAGGCAATCATTTACC-1",3008,"ENS"
"e16_ji1_GAGGCAATCCAGCCTT-1",3153,"Fibroblast"
"e16_ji1_GAGGCAATCCGTTTCG-1",2512,"Fibroblast"
"e16_ji1_GAGGCCTAGGTCGACA-1",920,"ENS"
"e16_ji1_GAGGCCTCATTGCCTC-1",2413,"ENS"
"e16_ji1_GAGGCCTGTCGAATGG-1",1796,"ENS"
"e16_ji1_GAGGCCTTCCCTCTTT-1",2408,"ENS"
"e16_ji1_GAGGGATGTATCAGCT-1",291,"ENS"
"e16_ji1_GAGGGATGTTGGAGGT-1",2973,"Fibroblast"
"e16_ji1_GAGGGATGTTGGCCGT-1",3144,"Fibroblast"
"e16_ji1_GAGGGATTCCTTGGAA-1",149,"Fibroblast"
"e16_ji1_GAGGGATTCTAAGAAG-1",773,"Fibroblast"
"e16_ji1_GAGGGTAAGCATGAAT-1",1609,"ENS"
"e16_ji1_GAGGGTACATATGGCT-1",2103,"Immune"
"e16_ji1_GAGGGTAGTGGCAGAT-1",626,"ENS"
"e16_ji1_GAGGGTAGTGGCTAGA-1",3354,"ENS"
"e16_ji1_GAGGGTATCACTCACC-1",920,"ENS"
"e16_ji1_GAGGGTATCGACATAC-1",1659,"Fibroblast"
"e16_ji1_GAGTCATAGACATACA-1",856,"Smooth muscle"
"e16_ji1_GAGTCATAGGGCAAGG-1",744,"ICC"
"e16_ji1_GAGTCATAGTCCCAAT-1",3089,"ENS"
"e16_ji1_GAGTCATCAACTGCTA-1",2408,"ENS"
"e16_ji1_GAGTCATCACAGCATT-1",2696,"ENS"
"e16_ji1_GAGTCATGTCTAACTG-1",1116,"Myofibroblast"
"e16_ji1_GAGTCATGTTCCCACT-1",574,"ENS"
"e16_ji1_GAGTCATTCATTATCC-1",1216,"Myofibroblast"
"e16_ji1_GAGTCATTCTCACTCG-1",2543,"Endothelial"
"e16_ji1_GAGTCATTCTCTCGCA-1",2077,"Endothelial"
"e16_ji1_GAGTCTAAGGTCCGAA-1",2475,"Myofibroblast"
"e16_ji1_GAGTCTAGTACAGCGA-1",2425,"Smooth muscle"
"e16_ji1_GAGTCTAGTCATCTAG-1",2814,"Myofibroblast"
"e16_ji1_GAGTCTAGTGCAACGA-1",1258,"ENS"
"e16_ji1_GAGTCTATCATTTACC-1",920,"ENS"
"e16_ji1_GAGTGAGAGATGATTG-1",760,"ENS"
"e16_ji1_GAGTGAGAGCCGAACA-1",1727,"Smooth muscle"
"e16_ji1_GAGTGAGAGGAGTATT-1",1387,"Endothelial"
"e16_ji1_GAGTGAGAGTTCCTGA-1",1847,"Simple Epithelial"
"e16_ji1_GAGTGAGGTGTGACCC-1",2739,"Smooth muscle"
"e16_ji1_GAGTGTTAGTGAGTGC-1",918,"Smooth muscle"
"e16_ji1_GAGTGTTCACCAGCCA-1",791,"Smooth muscle"
"e16_ji1_GAGTGTTCACTCCTTG-1",688,"Fibroblast"
"e16_ji1_GAGTGTTGTCCTTTGC-1",2207,"Smooth muscle"
"e16_ji1_GAGTGTTTCCCATAGA-1",2773,"Mesothelial"
"e16_ji1_GAGTGTTTCCGCATAA-1",3056,"Myofibroblast"
"e16_ji1_GAGTTACCACCACTGG-1",2269,"ENS"
"e16_ji1_GAGTTACGTAAGAACT-1",2154,"ENS"
"e16_ji1_GAGTTACGTAATGCGG-1",1696,"ICC"
"e16_ji1_GAGTTACGTCCTGTTC-1",920,"ENS"
"e16_ji1_GAGTTGTGTTTGATCG-1",2475,"Myofibroblast"
"e16_ji1_GAGTTGTTCGTGGCTG-1",1701,"Smooth muscle"
"e16_ji1_GAGTTTGAGCGTACAG-1",2209,"Immune"
"e16_ji1_GAGTTTGAGGCCCGTT-1",1037,"Myofibroblast"
"e16_ji1_GAGTTTGAGGTAGGCT-1",2147,"ENS"
"e16_ji1_GAGTTTGCACTGAGTT-1",810,"Smooth muscle"
"e16_ji1_GAGTTTGTCACTGTCC-1",1796,"ENS"
"e16_ji1_GAGTTTGTCTTGATTC-1",201,"ENS"
"e16_ji1_GATAGAAAGCTGGAGT-1",2250,"ENS"
"e16_ji1_GATAGAAAGGACAAGA-1",1888,"Fibroblast"
"e16_ji1_GATAGAAAGGGCCTCT-1",2822,"Fibroblast"
"e16_ji1_GATAGAACAATAACCC-1",1087,"Smooth muscle"
"e16_ji1_GATAGCTAGAGCATAT-1",1696,"Fibroblast"
"e16_ji1_GATAGCTAGGTAAGGA-1",2613,"ENS"
"e16_ji1_GATAGCTAGGTAGCAC-1",635,"Fibroblast"
"e16_ji1_GATAGCTCATAATGCC-1",3403,"Smooth muscle"
"e16_ji1_GATAGCTGTCACGCTG-1",2719,"Fibroblast"
"e16_ji1_GATAGCTGTGACTCTA-1",2431,"Smooth muscle"
"e16_ji1_GATAGCTTCCACAGGC-1",2084,"Myofibroblast"
"e16_ji1_GATAGCTTCGCTAATG-1",2126,"ENS"
"e16_ji1_GATCACAAGATCGGTG-1",1673,"ENS"
"e16_ji1_GATCACACAAAGGATT-1",855,"Fibroblast"
"e16_ji1_GATCACACAGCGCGTT-1",760,"ENS"
"e16_ji1_GATCACAGTTTACTTC-1",2250,"ENS"
"e16_ji1_GATCACATCAAGAGTA-1",1530,"Myofibroblast"
"e16_ji1_GATCACATCAGGAAAT-1",690,"Fibroblast"
"e16_ji1_GATCAGTAGAGAGCGG-1",1688,"ENS"
"e16_ji1_GATCAGTAGGCCTTCG-1",3196,"Fibroblast"
"e16_ji1_GATCAGTCAAGCGCAA-1",1608,"ENS"
"e16_ji1_GATCAGTCACGACGCT-1",1462,"ICC"
"e16_ji1_GATCAGTTCTATACTC-1",2460,"Endothelial"
"e16_ji1_GATCATGCAAGTGCTT-1",1609,"ENS"
"e16_ji1_GATCATGCAGCATTGT-1",2579,"Smooth muscle"
"e16_ji1_GATCATGGTATCGAAA-1",3031,"ENS"
"e16_ji1_GATCATGGTATCGAGG-1",1796,"ENS"
"e16_ji1_GATCATGTCGGAAACG-1",1690,"Endothelial"
"e16_ji1_GATCATGTCTCTGCTG-1",2623,"Smooth muscle"
"e16_ji1_GATCATGTCTGGACTA-1",477,"ENS"
"e16_ji1_GATCATGTCTGGTGCG-1",2109,"Mesothelial"
"e16_ji1_GATCCCTCAATTTCTC-1",2643,"Fibroblast"
"e16_ji1_GATCCCTCACCGGTCA-1",1688,"ENS"
"e16_ji1_GATCCCTGTCATGCAT-1",2551,"Smooth muscle"
"e16_ji1_GATCCCTGTCGGATTT-1",2147,"ENS"
"e16_ji1_GATCCCTGTGCCCTTT-1",2992,"ENS"
"e16_ji1_GATCCCTTCAGAGCAG-1",2798,"Smooth muscle"
"e16_ji1_GATCCCTTCCCAGGCA-1",3239,"Myofibroblast"
"e16_ji1_GATCCCTTCTGAATCG-1",2269,"ENS"
"e16_ji1_GATCGTAAGCCTATCA-1",2401,"Smooth muscle"
"e16_ji1_GATCGTACAGCTATTG-1",1690,"Endothelial"
"e16_ji1_GATCGTACATGAAGCG-1",2070,"Endothelial"
"e16_ji1_GATCGTAGTGTCGCTG-1",668,"Immune"
"e16_ji1_GATCGTAGTTGGGAAC-1",1796,"ENS"
"e16_ji1_GATCGTAGTTTCGTTT-1",3089,"ENS"
"e16_ji1_GATCGTATCCGATGCG-1",1688,"ENS"
"e16_ji1_GATGACTAGGCGTCCT-1",165,"Myofibroblast"
"e16_ji1_GATGACTAGTTCAACC-1",2521,"Fibroblast"
"e16_ji1_GATGACTCAAGAATGT-1",3178,"Immune"
"e16_ji1_GATGACTCACTACGGC-1",2809,"Myofibroblast"
"e16_ji1_GATGACTCAGCGTGAA-1",2425,"Smooth muscle"
"e16_ji1_GATGACTCAGCTTTCC-1",2645,"ENS"
"e16_ji1_GATGACTCAGTTGTTG-1",987,"Smooth muscle"
"e16_ji1_GATGACTGTCAGGTAG-1",1688,"ENS"
"e16_ji1_GATGACTGTCCTCCTA-1",2461,"Smooth muscle"
"e16_ji1_GATGACTTCCTCTGCA-1",2137,"Smooth muscle"
"e16_ji1_GATGACTTCGGTCTGG-1",976,"ENS"
"e16_ji1_GATGAGGAGCTGTTCA-1",2250,"ENS"
"e16_ji1_GATGAGGAGTGCTCAT-1",3089,"ENS"
"e16_ji1_GATGAGGCAATGACCT-1",2810,"Smooth muscle"
"e16_ji1_GATGAGGCACAAGTTC-1",2269,"ENS"
"e16_ji1_GATGAGGCATCAGCTA-1",1685,"Myofibroblast"
"e16_ji1_GATGAGGCATCGATGT-1",1929,"Fibroblast"
"e16_ji1_GATGAGGTCGGTTCAA-1",1636,"Simple Epithelial"
"e16_ji1_GATGATCAGATAGTGT-1",293,"ENS"
"e16_ji1_GATGATCAGGCACAAC-1",1796,"ENS"
"e16_ji1_GATGATCCAGGAGGTT-1",1714,"Fibroblast"
"e16_ji1_GATGATCCAGTTCACA-1",1740,"Smooth muscle"
"e16_ji1_GATGATCCATGCGGTC-1",2366,"Fibroblast"
"e16_ji1_GATGATCGTGCATCTA-1",1787,"Fibroblast"
"e16_ji1_GATGATCTCACTGTTT-1",3089,"ENS"
"e16_ji1_GATGATCTCTTCGATT-1",2736,"Smooth muscle"
"e16_ji1_GATGCTAAGCGTGTTT-1",863,"ENS"
"e16_ji1_GATGCTAAGCTAAGTA-1",1059,"Endothelial"
"e16_ji1_GATGCTAAGTGTTGTC-1",3264,"Smooth muscle"
"e16_ji1_GATGCTACAGCGTATT-1",2633,"Fibroblast"
"e16_ji1_GATGCTACAGCTGTTA-1",736,"Immune"
"e16_ji1_GATGCTACAGTGGGTA-1",2552,"Fibroblast"
"e16_ji1_GATGCTACATTGTCGA-1",2937,"Immune"
"e16_ji1_GATGCTAGTAGACAGC-1",887,"ENS"
"e16_ji1_GATGCTATCAAGTTGC-1",542,"Fibroblast"
"e16_ji1_GATGCTATCCAGGACC-1",2822,"Fibroblast"
"e16_ji1_GATGCTATCCGTGGCA-1",2937,"Immune"
"e16_ji1_GATGCTATCGCGTGCA-1",1659,"Mesothelial"
"e16_ji1_GATGCTATCTCGTCGT-1",2214,"Myofibroblast"
"e16_ji1_GATGCTATCTTGTGCC-1",1796,"ENS"
"e16_ji1_GATGGAGAGTAAGCAT-1",2147,"ENS"
"e16_ji1_GATGGAGCAACATCGT-1",2478,"Myofibroblast"
"e16_ji1_GATGGAGCACTTCATT-1",2638,"Myofibroblast"
"e16_ji1_GATGGAGCATACCGTA-1",1335,"Mesothelial"
"e16_ji1_GATGGAGCATCAGTGT-1",2994,"ENS"
"e16_ji1_GATGGAGCATGAATAG-1",2090,"ENS"
"e16_ji1_GATGGAGGTGATATAG-1",988,"Myofibroblast"
"e16_ji1_GATGTTGAGAAACACT-1",1136,"Fibroblast"
"e16_ji1_GATGTTGAGAGCTGAC-1",64,"ENS"
"e16_ji1_GATGTTGCAGAATCGG-1",1288,"ENS"
"e16_ji1_GATGTTGCATAGGCGA-1",2441,"Endothelial"
"e16_ji1_GATGTTGGTACAGTAA-1",918,"Smooth muscle"
"e16_ji1_GATGTTGGTGTCTTCC-1",1419,"Endothelial"
"e16_ji1_GATGTTGTCACCATAG-1",3089,"ENS"
"e16_ji1_GATGTTGTCAGTGTCA-1",1673,"ENS"
"e16_ji1_GATGTTGTCTTCGTGC-1",858,"ENS"
"e16_ji1_GATTCGAGTACTAAGA-1",2709,"ENS"
"e16_ji1_GATTCGAGTAGAGCTG-1",1897,"Myofibroblast"
"e16_ji1_GATTCGAGTTATTCCT-1",2425,"Fibroblast"
"e16_ji1_GATTCGATCATGAAAG-1",760,"ENS"
"e16_ji1_GATTCTTAGCTAGCCC-1",1588,"Fibroblast"
"e16_ji1_GATTCTTAGTCATGGG-1",1491,"ENS"
"e16_ji1_GATTCTTAGTTGTAGA-1",3089,"ENS"
"e16_ji1_GATTCTTCAGGCCTGT-1",226,"Myofibroblast"
"e16_ji1_GATTCTTCATACAGAA-1",2214,"Myofibroblast"
"e16_ji1_GATTCTTGTACAAACA-1",2408,"ENS"
"e16_ji1_GATTCTTTCATTCATC-1",2250,"ENS"
"e16_ji1_GATTCTTTCCATTTGT-1",1765,"Smooth muscle"
"e16_ji1_GATTCTTTCCCATTTA-1",3089,"ENS"
"e16_ji1_GATTGGTAGCGTCAGA-1",1695,"Fibroblast"
"e16_ji1_GATTGGTAGGTCATTC-1",1567,"ENS"
"e16_ji1_GATTGGTAGTCATTGC-1",1338,"Smooth muscle"
"e16_ji1_GATTGGTAGTCGCTAT-1",2338,"Smooth muscle"
"e16_ji1_GATTGGTAGTGGCCTC-1",2147,"ENS"
"e16_ji1_GATTGGTCAACACAAA-1",2180,"Smooth muscle"
"e16_ji1_GATTGGTTCAAATAGG-1",2798,"Fibroblast"
"e16_ji1_GATTGGTTCAACCTCC-1",3009,"ENS"
"e16_ji1_GATTGGTTCCATCTGC-1",1796,"ENS"
"e16_ji1_GATTTCTCACTGGAAG-1",2077,"Endothelial"
"e16_ji1_GATTTCTCATTGGCAT-1",3031,"ENS"
"e16_ji1_GATTTCTTCCGTACGG-1",2147,"ENS"
"e16_ji1_GCAACATCAGCGTGCT-1",767,"Smooth muscle"
"e16_ji1_GCAACATCATCACGGC-1",550,"ENS"
"e16_ji1_GCAACATCATGAATAG-1",3175,"Fibroblast"
"e16_ji1_GCAACATGTATGTCCA-1",988,"Myofibroblast"
"e16_ji1_GCAACATGTGCCGAAA-1",2696,"ENS"
"e16_ji1_GCAACATTCGTCAGAT-1",2090,"ENS"
"e16_ji1_GCAACCGCAGAACCGA-1",2147,"ENS"
"e16_ji1_GCACATAAGATCGGTG-1",1706,"ENS"
"e16_ji1_GCACATAAGCTCACTA-1",2165,"Smooth muscle"
"e16_ji1_GCACATAAGTTGGACG-1",482,"ENS"
"e16_ji1_GCACATACATCTGGGC-1",2937,"Immune"
"e16_ji1_GCACATATCCGTCACT-1",3089,"ENS"
"e16_ji1_GCACGGTAGAGAGTTT-1",2613,"ENS"
"e16_ji1_GCACGGTCAGATAAAC-1",3196,"Fibroblast"
"e16_ji1_GCACGGTGTTGTCAGT-1",2086,"Smooth muscle"
"e16_ji1_GCACGTGAGAATTCAG-1",2458,"Endothelial"
"e16_ji1_GCACGTGAGCAGGCAT-1",690,"Fibroblast"
"e16_ji1_GCACGTGAGTGTCATC-1",690,"Pericyte"
"e16_ji1_GCACGTGCAAAGAACT-1",247,"Mesothelial"
"e16_ji1_GCACGTGCACATACTG-1",2994,"ENS"
"e16_ji1_GCACGTGCACTTGAAC-1",1381,"Myofibroblast"
"e16_ji1_GCACGTGTCAATGTCG-1",250,"ENS"
"e16_ji1_GCACGTGTCGCGGTAC-1",1694,"ENS"
"e16_ji1_GCACGTGTCTCTATAC-1",2129,"ENS"
"e16_ji1_GCACGTGTCTCTGACC-1",2449,"Smooth muscle"
"e16_ji1_GCACTAAAGAGTCGAC-1",749,"ENS"
"e16_ji1_GCACTAAAGGGTATAT-1",3175,"Smooth muscle"
"e16_ji1_GCACTAAGTCGGAAAC-1",2632,"Myofibroblast"
"e16_ji1_GCACTAATCAGCAATC-1",2709,"ENS"
"e16_ji1_GCACTAATCAGTGCGC-1",1796,"ENS"
"e16_ji1_GCACTAATCCTACTGC-1",1599,"ENS"
"e16_ji1_GCAGCCAAGAGGATGA-1",918,"Smooth muscle"
"e16_ji1_GCAGCCACACATCCCT-1",1706,"ENS"
"e16_ji1_GCAGCCACATGAAGGC-1",3265,"ICC"
"e16_ji1_GCAGCCAGTGTTCATG-1",311,"Fibroblast"
"e16_ji1_GCAGCCAGTTCCAAAC-1",3010,"ENS"
"e16_ji1_GCAGCCATCCAAAGGG-1",2650,"Smooth muscle"
"e16_ji1_GCAGCCATCGCATTAG-1",2356,"Fibroblast"
"e16_ji1_GCAGCCATCTAGATCG-1",1302,"Myofibroblast"
"e16_ji1_GCAGCTGAGTGAACAT-1",2616,"ENS"
"e16_ji1_GCAGCTGAGTGCTCAT-1",1597,"Fibroblast"
"e16_ji1_GCAGCTGCAACTTGCA-1",2038,"Fibroblast"
"e16_ji1_GCAGCTGCACAGCATT-1",2994,"ENS"
"e16_ji1_GCAGCTGGTATGGAAT-1",2130,"ENS"
"e16_ji1_GCAGCTGGTCAATCTG-1",1706,"ENS"
"e16_ji1_GCAGCTGGTTCATCGA-1",1157,"Simple Epithelial"
"e16_ji1_GCAGCTGGTTGCATCA-1",1743,"Fibroblast"
"e16_ji1_GCAGCTGTCCCTCATG-1",2269,"ENS"
"e16_ji1_GCAGCTGTCCGTTTCG-1",3332,"Smooth muscle"
"e16_ji1_GCAGCTGTCGAGTTGT-1",3153,"Smooth muscle"
"e16_ji1_GCAGGCTAGAGAATCT-1",2104,"Immune"
"e16_ji1_GCAGGCTAGGCTGGAT-1",1122,"ENS"
"e16_ji1_GCAGGCTAGTCACTGT-1",2269,"ENS"
"e16_ji1_GCAGGCTCAGCCTATA-1",1106,"ENS"
"e16_ji1_GCAGGCTCAGGAACCA-1",668,"Immune"
"e16_ji1_GCAGGCTGTTTCCAAG-1",2937,"Immune"
"e16_ji1_GCAGGCTTCTGAGATC-1",3225,"Myofibroblast"
"e16_ji1_GCAGTTAAGAGTTCGG-1",1835,"ENS"
"e16_ji1_GCAGTTACAATATCCG-1",1609,"ENS"
"e16_ji1_GCAGTTACATATAGCC-1",1609,"ENS"
"e16_ji1_GCATCGGAGAGGCTGT-1",273,"Myofibroblast"
"e16_ji1_GCATCGGAGCTAAGTA-1",1796,"ENS"
"e16_ji1_GCATCGGCAGAACTTC-1",1530,"Fibroblast"
"e16_ji1_GCATCGGCATTCACCC-1",2824,"Fibroblast"
"e16_ji1_GCATCGGGTGTATTGC-1",2147,"ENS"
"e16_ji1_GCATCTCAGCCTTTCC-1",3205,"Smooth muscle"
"e16_ji1_GCATCTCAGTGCTAGG-1",2147,"ENS"
"e16_ji1_GCATCTCGTCAAGGCA-1",3377,"Myofibroblast"
"e16_ji1_GCATCTCGTCACGCTG-1",2638,"Smooth muscle"
"e16_ji1_GCATCTCGTCCAAATC-1",2077,"Endothelial"
"e16_ji1_GCATCTCGTTATGTCG-1",3239,"Fibroblast"
"e16_ji1_GCATCTCTCCCATAGA-1",2328,"ENS"
"e16_ji1_GCATGATAGAGTCAGC-1",2798,"Fibroblast"
"e16_ji1_GCATGATAGCCGCTTG-1",3089,"ENS"
"e16_ji1_GCATGATCAAGAGTTA-1",2369,"Smooth muscle"
"e16_ji1_GCATGATTCGTGGCTG-1",2415,"Myofibroblast"
"e16_ji1_GCATTAGAGGTAGACC-1",2164,"Fibroblast"
"e16_ji1_GCATTAGCACACTTAG-1",2453,"Fibroblast"
"e16_ji1_GCATTAGGTGAGAGGG-1",2323,"Myofibroblast"
"e16_ji1_GCATTAGGTTGACGGA-1",1609,"ENS"
"e16_ji1_GCATTAGTCCTAGCTC-1",2941,"Simple Epithelial"
"e16_ji1_GCATTAGTCGTAATGC-1",2294,"ENS"
"e16_ji1_GCCAACGAGTTTCTTC-1",2176,"Smooth muscle"
"e16_ji1_GCCAACGCATAACGGG-1",3294,"Smooth muscle"
"e16_ji1_GCCAACGGTACCTAGT-1",3196,"Smooth muscle"
"e16_ji1_GCCAACGGTGAACTAA-1",3176,"Fibroblast"
"e16_ji1_GCCAACGTCAAAGACA-1",2069,"Fibroblast"
"e16_ji1_GCCAACGTCCGAAATC-1",1796,"ENS"
"e16_ji1_GCCAACGTCCTTACCG-1",1106,"ENS"
"e16_ji1_GCCAGCAAGCAGATAT-1",3089,"ENS"
"e16_ji1_GCCAGCAAGCGACATG-1",1545,"Smooth muscle"
"e16_ji1_GCCAGCAAGTCAACAA-1",1381,"Fibroblast"
"e16_ji1_GCCAGCACAATCTGCA-1",920,"ENS"
"e16_ji1_GCCAGCACACATACTG-1",734,"Myofibroblast"
"e16_ji1_GCCAGCACAGCTGTTA-1",835,"Myofibroblast"
"e16_ji1_GCCAGCAGTGGCAACA-1",1207,"ENS"
"e16_ji1_GCCAGCAGTTCGGTAT-1",3089,"ENS"
"e16_ji1_GCCAGCATCCTGGCTT-1",3354,"ENS"
"e16_ji1_GCCAGCATCTAGGCCG-1",2772,"Myofibroblast"
"e16_ji1_GCCAGCATCTCTTCAA-1",2645,"Simple Epithelial"
"e16_ji1_GCCAGCATCTGGTTGA-1",1743,"Endothelial"
"e16_ji1_GCCAGCATCTTCCCGA-1",2425,"Smooth muscle"
"e16_ji1_GCCAGGTAGGAGCAAA-1",2709,"ENS"
"e16_ji1_GCCAGGTCATTGGCAT-1",1796,"ENS"
"e16_ji1_GCCAGGTGTTATCTGG-1",2527,"Fibroblast"
"e16_ji1_GCCAGGTTCTCAGTCC-1",1796,"ENS"
"e16_ji1_GCCAGTGAGAAACCAT-1",835,"Fibroblast"
"e16_ji1_GCCAGTGAGGCTCTCG-1",3089,"ENS"
"e16_ji1_GCCAGTGAGTCTTCGA-1",1104,"Smooth muscle"
"e16_ji1_GCCAGTGCACTCAAGT-1",2581,"ENS"
"e16_ji1_GCCAGTGGTCGAGTGA-1",799,"Endothelial"
"e16_ji1_GCCAGTGTCATATGGC-1",1404,"ENS"
"e16_ji1_GCCAGTGTCATGGGAG-1",1170,"Fibroblast"
"e16_ji1_GCCAGTGTCTAGCCAA-1",1524,"Smooth muscle"
"e16_ji1_GCCATGGAGAATTTGG-1",1173,"Smooth muscle"
"e16_ji1_GCCATGGAGTCCGCCA-1",2566,"Smooth muscle"
"e16_ji1_GCCATGGCATATAGCC-1",2115,"Myofibroblast"
"e16_ji1_GCCATGGCATCTGTTT-1",1796,"ENS"
"e16_ji1_GCCATGGGTCGCAGTC-1",767,"Myofibroblast"
"e16_ji1_GCCATGGTCACGGGAA-1",1796,"ENS"
"e16_ji1_GCCATGGTCGGAAACG-1",468,"ENS"
"e16_ji1_GCCATTCAGCTCTTCC-1",1688,"ENS"
"e16_ji1_GCCATTCAGTTTCGAC-1",3060,"ENS"
"e16_ji1_GCCATTCCAAAGCTCT-1",3354,"ENS"
"e16_ji1_GCCATTCGTATAGGGC-1",1738,"Myofibroblast"
"e16_ji1_GCCATTCGTCCTGAAT-1",558,"ENS"
"e16_ji1_GCCCAGAAGGGCTGAT-1",2399,"Smooth muscle"
"e16_ji1_GCCCAGATCCTCTCGA-1",1122,"ENS"
"e16_ji1_GCCCAGATCGATACTG-1",2643,"Fibroblast"
"e16_ji1_GCCCGAAAGGGATCGT-1",2675,"Smooth muscle"
"e16_ji1_GCCCGAACAGAGAGGG-1",1423,"ICC"
"e16_ji1_GCCCGAAGTCCACATA-1",2424,"Fibroblast"
"e16_ji1_GCCCGAAGTCTTACAG-1",3225,"Myofibroblast"
"e16_ji1_GCCCGAAGTTCAAGGG-1",2147,"ENS"
"e16_ji1_GCCCGAATCAAAGGAT-1",2147,"ENS"
"e16_ji1_GCCCGAATCGCTGCGA-1",3183,"Myofibroblast"
"e16_ji1_GCCCGAATCGGTCGAC-1",3023,"ENS"
"e16_ji1_GCCGATGAGGAAGTCC-1",620,"Myofibroblast"
"e16_ji1_GCCGATGAGGTGCTTT-1",3089,"ENS"
"e16_ji1_GCCGATGAGTAGTCCT-1",1787,"Fibroblast"
"e16_ji1_GCCGATGCACATGTTG-1",2798,"Fibroblast"
"e16_ji1_GCCGATGGTAGGTACG-1",3206,"Smooth muscle"
"e16_ji1_GCCGATGGTCTGGTTA-1",2696,"ENS"
"e16_ji1_GCCGATGGTGCAAGAC-1",3135,"Myofibroblast"
"e16_ji1_GCCGATGGTTGTGCAT-1",1244,"Smooth muscle"
"e16_ji1_GCCGATGGTTTCGGCG-1",2973,"Fibroblast"
"e16_ji1_GCCGATGTCCCTCAAC-1",1066,"Smooth muscle"
"e16_ji1_GCCGATGTCCGATAGT-1",920,"ENS"
"e16_ji1_GCCGATGTCGGTAACT-1",3089,"ENS"
"e16_ji1_GCCGATGTCTCAACGA-1",886,"ENS"
"e16_ji1_GCCGTGAAGCTCACTA-1",63,"Smooth muscle"
"e16_ji1_GCCGTGAAGTAGTCTC-1",1636,"Simple Epithelial"
"e16_ji1_GCCGTGACAGGTTACT-1",3339,"ENS"
"e16_ji1_GCCGTGACATACATCG-1",1796,"ENS"
"e16_ji1_GCCTGTTAGCATCGAG-1",2147,"ENS"
"e16_ji1_GCCTGTTAGCGATTCT-1",2403,"Fibroblast"
"e16_ji1_GCCTGTTAGTCTGGAG-1",1087,"Smooth muscle"
"e16_ji1_GCCTGTTAGTTGCTGT-1",2226,"Fibroblast"
"e16_ji1_GCCTGTTCACACACTA-1",2077,"Endothelial"
"e16_ji1_GCCTGTTCACCCTAAA-1",2294,"ENS"
"e16_ji1_GCGAGAAAGAATACAC-1",1730,"Smooth muscle"
"e16_ji1_GCGAGAACACAGAAGC-1",54,"ENS"
"e16_ji1_GCGAGAATCCCAGGAC-1",2085,"Simple Epithelial"
"e16_ji1_GCGAGAATCGACTCCT-1",1837,"ENS"
"e16_ji1_GCGAGAATCTTAATCC-1",644,"Endothelial"
"e16_ji1_GCGATCGAGAACTGAT-1",1089,"Myofibroblast"
"e16_ji1_GCGATCGAGAGGTCGT-1",2955,"ENS"
"e16_ji1_GCGATCGCAACAAGTA-1",3233,"Smooth muscle"
"e16_ji1_GCGATCGGTAGGCAAC-1",93,"Myofibroblast"
"e16_ji1_GCGATCGGTATACGGG-1",2070,"Endothelial"
"e16_ji1_GCGATCGGTCAACCAT-1",1835,"ENS"
"e16_ji1_GCGGAAAAGACGACGT-1",1170,"Smooth muscle"
"e16_ji1_GCGGAAAAGACGACTG-1",152,"ENS"
"e16_ji1_GCGGAAAAGCTCCCTT-1",3031,"ENS"
"e16_ji1_GCGGAAACAACTCATG-1",1559,"Myofibroblast"
"e16_ji1_GCGGAAACACACCGCA-1",920,"ENS"
"e16_ji1_GCGGAAACACCCTATC-1",1730,"Fibroblast"
"e16_ji1_GCGGAAACACCTGTCT-1",3089,"ENS"
"e16_ji1_GCGGAAACACGGGCTT-1",920,"ENS"
"e16_ji1_GCGGAAAGTTCCACGG-1",1462,"Myofibroblast"
"e16_ji1_GCGGAAATCCAAGCTA-1",2338,"Smooth muscle"
"e16_ji1_GCGGAAATCGCCAGAC-1",1609,"ENS"
"e16_ji1_GCGGATCAGGTCATAA-1",2269,"ENS"
"e16_ji1_GCGGATCCAATCGTCA-1",2226,"Fibroblast"
"e16_ji1_GCGGATCCACGGTGCT-1",2613,"ENS"
"e16_ji1_GCGGATCGTTGGAGAC-1",350,"Myofibroblast"
"e16_ji1_GCGGATCTCAAATGCC-1",2408,"ENS"
"e16_ji1_GCGGATCTCCGGCAGT-1",2269,"ENS"
"e16_ji1_GCGTGCAAGAATCGCG-1",920,"ENS"
"e16_ji1_GCGTGCAAGGGTAATT-1",394,"Fibroblast"
"e16_ji1_GCGTGCAAGTGCACCC-1",1969,"ICC"
"e16_ji1_GCGTGCACAACCGTAT-1",837,"Fibroblast"
"e16_ji1_GCGTGCACACGGCACT-1",1303,"Simple Epithelial"
"e16_ji1_GCGTTTCAGACCTTTG-1",3023,"ENS"
"e16_ji1_GCGTTTCAGCCTCTTC-1",3137,"Smooth muscle"
"e16_ji1_GCGTTTCAGGTTGGTG-1",2633,"Fibroblast"
"e16_ji1_GCGTTTCAGTTGGAGC-1",2126,"ENS"
"e16_ji1_GCGTTTCCAACCACAT-1",1122,"ENS"
"e16_ji1_GCGTTTCCACCTTCGT-1",1943,"ENS"
"e16_ji1_GCGTTTCCAGAATGTA-1",1706,"ENS"
"e16_ji1_GCGTTTCGTACGAGTG-1",2822,"Fibroblast"
"e16_ji1_GCGTTTCTCTGCTGAA-1",3377,"Myofibroblast"
"e16_ji1_GCTACAAAGGTCATAA-1",2269,"ENS"
"e16_ji1_GCTACAAAGGTCTACT-1",135,"Fibroblast"
"e16_ji1_GCTACAAAGTCCTGCG-1",3178,"Immune"
"e16_ji1_GCTACAACATCGCTCT-1",1066,"Myofibroblast"
"e16_ji1_GCTACAACATGTCTAG-1",1883,"Endothelial"
"e16_ji1_GCTACCTAGGCTCTAT-1",1559,"Myofibroblast"
"e16_ji1_GCTACCTAGTCTGTAC-1",920,"ENS"
"e16_ji1_GCTACCTCAAGCGAGT-1",1942,"ENS"
"e16_ji1_GCTACCTCATCGGTTA-1",964,"ENS"
"e16_ji1_GCTACCTGTCTTTCTA-1",244,"Fibroblast"
"e16_ji1_GCTACCTTCTCCTGCA-1",644,"Endothelial"
"e16_ji1_GCTACCTTCTTAGCCC-1",2403,"Fibroblast"
"e16_ji1_GCTCAAAAGCAGCACA-1",2567,"Smooth muscle"
"e16_ji1_GCTCAAACACGCTTAA-1",1796,"ENS"
"e16_ji1_GCTCAAACAGCGTACC-1",2070,"Endothelial"
"e16_ji1_GCTCAAAGTAACGATA-1",1904,"Smooth muscle"
"e16_ji1_GCTCAAAGTCTTGAGT-1",3031,"ENS"
"e16_ji1_GCTCAAATCCTACCGT-1",2516,"Smooth muscle"
"e16_ji1_GCTGAATAGCACTCGC-1",150,"Fibroblast"
"e16_ji1_GCTGAATAGGTGTGAC-1",2288,"Pericyte"
"e16_ji1_GCTGAATGTAGCGTAG-1",2180,"Fibroblast"
"e16_ji1_GCTGAATGTCGACTGC-1",943,"Fibroblast"
"e16_ji1_GCTGAATTCGCCAGTG-1",2147,"ENS"
"e16_ji1_GCTGAATTCGGTATGT-1",669,"Immune"
"e16_ji1_GCTGCAGAGATCACTC-1",3089,"ENS"
"e16_ji1_GCTGCAGAGGGAGGGT-1",920,"ENS"
"e16_ji1_GCTGCAGGTACTTGTG-1",3089,"ENS"
"e16_ji1_GCTGGGTAGACTCAAA-1",1218,"Smooth muscle"
"e16_ji1_GCTGGGTAGCGCTTCG-1",2126,"ENS"
"e16_ji1_GCTGGGTCAGACGCTC-1",1731,"Pericyte"
"e16_ji1_GCTGGGTCATCGGAAG-1",1787,"Fibroblast"
"e16_ji1_GCTGGGTGTCCGGATC-1",3354,"ENS"
"e16_ji1_GCTGGGTTCAAGCCTA-1",2955,"ENS"
"e16_ji1_GCTGGGTTCATAAGGA-1",886,"ENS"
"e16_ji1_GCTGGGTTCCCGAATA-1",920,"ENS"
"e16_ji1_GCTTCACCACACCGAC-1",912,"Fibroblast"
"e16_ji1_GCTTCACCAGTCGGAA-1",2804,"Fibroblast"
"e16_ji1_GCTTCACGTCACCACG-1",1170,"Fibroblast"
"e16_ji1_GCTTCACGTTCTGAGT-1",1204,"ENS"
"e16_ji1_GCTTCACTCACCGACG-1",1909,"ENS"
"e16_ji1_GCTTGGGAGTCCTACA-1",1341,"Endothelial"
"e16_ji1_GCTTGGGCAAGAATGT-1",303,"Fibroblast"
"e16_ji1_GCTTGGGCAATCCTTT-1",1106,"ENS"
"e16_ji1_GCTTGGGCAGAGATGC-1",2885,"ENS"
"e16_ji1_GCTTGGGCATGACACT-1",906,"Smooth muscle"
"e16_ji1_GCTTGGGTCCGAGCTG-1",1332,"Smooth muscle"
"e16_ji1_GCTTTCGAGGCGAAGG-1",668,"Immune"
"e16_ji1_GCTTTCGAGGTTACAA-1",990,"Fibroblast"
"e16_ji1_GCTTTCGCAGTCTGGC-1",1494,"ENS"
"e16_ji1_GCTTTCGCATGGGTTT-1",3397,"Fibroblast"
"e16_ji1_GCTTTCGGTCAGGAGT-1",1530,"Myofibroblast"
"e16_ji1_GCTTTCGGTGCAGTGA-1",2487,"Fibroblast"
"e16_ji1_GCTTTCGGTGCATTTG-1",1530,"Myofibroblast"
"e16_ji1_GCTTTCGGTGTCCATA-1",1673,"ENS"
"e16_ji1_GCTTTCGTCCTGATAG-1",2028,"Mesothelial"
"e16_ji1_GCTTTCGTCTCTCTTC-1",2454,"Fibroblast"
"e16_ji1_GGAACCCAGATAGGGA-1",2430,"Simple Epithelial"
"e16_ji1_GGAACCCAGCGTGAGT-1",3023,"ENS"
"e16_ji1_GGAACCCAGGAGAGTA-1",674,"Smooth muscle"
"e16_ji1_GGAACCCCAAATGAGT-1",2074,"Simple Epithelial"
"e16_ji1_GGAACCCCAGGGAGAG-1",2328,"ENS"
"e16_ji1_GGAACCCGTTTCTTAC-1",2475,"Smooth muscle"
"e16_ji1_GGAACCCTCTACGCGG-1",1609,"ENS"
"e16_ji1_GGAACCCTCTGCTTTA-1",2126,"ENS"
"e16_ji1_GGAAGTGAGGCTTTCA-1",2144,"Smooth muscle"
"e16_ji1_GGAAGTGGTATATGGA-1",3031,"ENS"
"e16_ji1_GGAAGTGTCGAGTCTA-1",3354,"ENS"
"e16_ji1_GGAATCTAGAGTGTGC-1",2468,"Smooth muscle"
"e16_ji1_GGAATCTAGATGCCGA-1",1522,"Simple Epithelial"
"e16_ji1_GGAATCTGTATGATCC-1",482,"ENS"
"e16_ji1_GGAATCTGTTCAGTAC-1",929,"ENS"
"e16_ji1_GGAATCTTCCTACCGT-1",634,"Fibroblast"
"e16_ji1_GGAATCTTCGTGGGTC-1",2736,"Myofibroblast"
"e16_ji1_GGAATGGAGGAATGTT-1",3242,"Fibroblast"
"e16_ji1_GGAATGGCAATACGCT-1",1791,"Smooth muscle"
"e16_ji1_GGAATGGCACACCTGG-1",2147,"ENS"
"e16_ji1_GGAATGGCACTGGAAG-1",325,"ENS"
"e16_ji1_GGAATGGCAGCTTTGA-1",760,"ENS"
"e16_ji1_GGAATGGCATCCGGTG-1",3025,"ENS"
"e16_ji1_GGACGTCCAAGACCGA-1",2651,"Smooth muscle"
"e16_ji1_GGACGTCCAATGCAAA-1",2408,"ENS"
"e16_ji1_GGACGTCCAGAGGCAT-1",3164,"Fibroblast"
"e16_ji1_GGACGTCGTAGGCTCC-1",864,"ENS"
"e16_ji1_GGACGTCGTAGGTTTC-1",3165,"ENS"
"e16_ji1_GGACGTCGTGAGCAGT-1",1401,"Smooth muscle"
"e16_ji1_GGACGTCTCATTCGTT-1",281,"ENS"
"e16_ji1_GGACGTCTCCAGTTCC-1",1673,"ENS"
"e16_ji1_GGACGTCTCCTGGTCT-1",3026,"ENS"
"e16_ji1_GGACGTCTCTGGACTA-1",2176,"Smooth muscle"
"e16_ji1_GGAGAACAGACTTCCA-1",2974,"Fibroblast"
"e16_ji1_GGAGAACAGATGACAT-1",2696,"ENS"
"e16_ji1_GGAGAACCACATTACG-1",1429,"Smooth muscle"
"e16_ji1_GGAGAACCACTGCGAC-1",2613,"ENS"
"e16_ji1_GGAGAACCAGTGTATC-1",2640,"Simple Epithelial"
"e16_ji1_GGAGAACGTCCACTTC-1",1796,"ENS"
"e16_ji1_GGAGAACGTGCAAGAC-1",799,"Smooth muscle"
"e16_ji1_GGAGAACTCACTGATG-1",2390,"ICC"
"e16_ji1_GGAGAACTCCTCGATC-1",1106,"ENS"
"e16_ji1_GGAGAACTCTCATTAC-1",2323,"Fibroblast"
"e16_ji1_GGAGAACTCTCCGTGT-1",2473,"Smooth muscle"
"e16_ji1_GGAGATGAGTCTAACC-1",1847,"Simple Epithelial"
"e16_ji1_GGAGATGCACAAAGTA-1",1454,"Mesothelial"
"e16_ji1_GGAGATGTCGGCCCAA-1",2520,"Fibroblast"
"e16_ji1_GGAGATGTCTGTCCCA-1",1731,"Fibroblast"
"e16_ji1_GGAGCAAAGAGCAGCT-1",1795,"ENS"
"e16_ji1_GGAGCAAAGGTTCCGC-1",2955,"ENS"
"e16_ji1_GGAGCAACATGATGCT-1",2089,"ENS"
"e16_ji1_GGAGCAACATTGGATC-1",2263,"Smooth muscle"
"e16_ji1_GGAGCAAGTCCTGTCT-1",2635,"Smooth muscle"
"e16_ji1_GGAGCAATCTCTAAGG-1",2458,"Endothelial"
"e16_ji1_GGAGGATCACAAGCAG-1",760,"ENS"
"e16_ji1_GGAGGATCACCGGCTA-1",1584,"ICC"
"e16_ji1_GGAGGATCATCCTTGC-1",3089,"ENS"
"e16_ji1_GGAGGATGTGATTAGA-1",1103,"Fibroblast"
"e16_ji1_GGAGGTAAGCACGGAT-1",2243,"Myofibroblast"
"e16_ji1_GGAGGTAAGGGCAAGG-1",2742,"Immune"
"e16_ji1_GGAGGTACAAACCACT-1",2992,"ENS"
"e16_ji1_GGAGGTACAGGATCTT-1",1642,"ENS"
"e16_ji1_GGAGGTAGTATATGGA-1",1381,"Myofibroblast"
"e16_ji1_GGAGGTAGTGAGCCAA-1",2512,"Mesothelial"
"e16_ji1_GGAGGTATCATCTACT-1",173,"Fibroblast"
"e16_ji1_GGAGGTATCTAGGCAT-1",3077,"Fibroblast"
"e16_ji1_GGATCTAAGCATCAGG-1",550,"ENS"
"e16_ji1_GGATCTAAGTCGGCAA-1",3269,"Fibroblast"
"e16_ji1_GGATCTAAGTTTCGAC-1",1714,"ENS"
"e16_ji1_GGATCTATCAAACCTG-1",2761,"Myofibroblast"
"e16_ji1_GGATCTATCGAGATGG-1",2070,"Endothelial"
"e16_ji1_GGATGTTAGATACTGA-1",2953,"Smooth muscle"
"e16_ji1_GGATGTTCACGATTCA-1",3081,"Myofibroblast"
"e16_ji1_GGATGTTCATGCAGGA-1",1796,"ENS"
"e16_ji1_GGCACGTAGCCAAGCA-1",2250,"ENS"
"e16_ji1_GGCACGTAGGGTTGCA-1",1520,"Fibroblast"
"e16_ji1_GGCACGTAGTGGTTCT-1",2734,"ICC"
"e16_ji1_GGCACGTCAAATGGTA-1",1522,"Simple Epithelial"
"e16_ji1_GGCACGTCATAATGAG-1",1053,"ENS"
"e16_ji1_GGCACGTGTGAATATG-1",2269,"ENS"
"e16_ji1_GGCACGTTCAACGAGG-1",2645,"ENS"
"e16_ji1_GGCACGTTCCAACCAA-1",863,"ENS"
"e16_ji1_GGCACGTTCCCGTTCA-1",2134,"Fibroblast"
"e16_ji1_GGCAGTCAGACAGCTG-1",3354,"ENS"
"e16_ji1_GGCAGTCAGCAGTACG-1",2696,"ENS"
"e16_ji1_GGCAGTCCACGGCGTT-1",2822,"Fibroblast"
"e16_ji1_GGCAGTCCACTGTTCC-1",2250,"ENS"
"e16_ji1_GGCAGTCCATCCTAAG-1",1518,"Smooth muscle"
"e16_ji1_GGCAGTCGTTTACCAG-1",920,"ENS"
"e16_ji1_GGCGTCACAAAGCTCT-1",858,"ENS"
"e16_ji1_GGCGTCACACCACATA-1",1122,"ENS"
"e16_ji1_GGCGTCACACTAGAGG-1",3153,"Smooth muscle"
"e16_ji1_GGCGTCAGTGGGTCAA-1",2982,"Myofibroblast"
"e16_ji1_GGCGTCAGTGTGTACT-1",737,"Endothelial"
"e16_ji1_GGCGTCAGTGTTACAC-1",1688,"ENS"
"e16_ji1_GGCGTCATCGCCGAAC-1",987,"Fibroblast"
"e16_ji1_GGCTGTGGTAGACAAT-1",1743,"Endothelial"
"e16_ji1_GGCTGTGGTTAGCTAC-1",1525,"Smooth muscle"
"e16_ji1_GGCTGTGGTTCCATTT-1",2342,"Myofibroblast"
"e16_ji1_GGCTGTGTCGTCTCAC-1",2257,"Smooth muscle"
"e16_ji1_GGCTTGGAGCTTACGT-1",1762,"Myofibroblast"
"e16_ji1_GGCTTGGAGGGCAACT-1",2175,"ICC"
"e16_ji1_GGCTTGGCACTCAAGT-1",2633,"Fibroblast"
"e16_ji1_GGCTTGGGTTTGAAAG-1",1529,"Endothelial"
"e16_ji1_GGCTTGGTCGCGTTTC-1",2090,"ENS"
"e16_ji1_GGCTTTCAGCGCGTTC-1",3023,"ENS"
"e16_ji1_GGCTTTCCACGACTAT-1",3344,"Smooth muscle"
"e16_ji1_GGCTTTCCATCACCAA-1",1567,"ENS"
"e16_ji1_GGCTTTCGTCTTGAGT-1",2994,"ENS"
"e16_ji1_GGCTTTCGTGGCGTAA-1",1597,"Smooth muscle"
"e16_ji1_GGCTTTCGTTAGTTCG-1",1912,"Smooth muscle"
"e16_ji1_GGCTTTCTCCCTTGGT-1",920,"ENS"
"e16_ji1_GGCTTTCTCCTCTAAT-1",1893,"Smooth muscle"
"e16_ji1_GGGAAGTGTCGCTTAA-1",1320,"Fibroblast"
"e16_ji1_GGGAAGTGTGGTCTGC-1",1387,"Endothelial"
"e16_ji1_GGGAAGTTCACGACTA-1",3089,"ENS"
"e16_ji1_GGGAAGTTCGAGAATA-1",1783,"Smooth muscle"
"e16_ji1_GGGAAGTTCTTCTCAA-1",3347,"Smooth muscle"
"e16_ji1_GGGACAAAGTACGTCT-1",2645,"ENS"
"e16_ji1_GGGACAAAGTATTGCC-1",2436,"Fibroblast"
"e16_ji1_GGGACAACAAGTTTGC-1",2770,"Smooth muscle"
"e16_ji1_GGGACAACATCAGCGC-1",3031,"ENS"
"e16_ji1_GGGACAAGTGATGGCA-1",1049,"Fibroblast"
"e16_ji1_GGGACAAGTGTCCAAT-1",3035,"ENS"
"e16_ji1_GGGACAAGTTACCCAA-1",2551,"Pericyte"
"e16_ji1_GGGACAATCGGAACTT-1",3089,"ENS"
"e16_ji1_GGGACCTAGCTTAGTC-1",716,"Smooth muscle"
"e16_ji1_GGGACCTCAAGACGAC-1",2696,"ENS"
"e16_ji1_GGGACCTCACTTCTCG-1",920,"ENS"
"e16_ji1_GGGACCTCATAGTCGT-1",2081,"Endothelial"
"e16_ji1_GGGACCTCATGATCTG-1",1072,"Fibroblast"
"e16_ji1_GGGACCTGTCCAAAGG-1",2635,"Fibroblast"
"e16_ji1_GGGACCTTCAAGGACG-1",2371,"Simple Epithelial"
"e16_ji1_GGGACCTTCCGTAGGC-1",799,"Fibroblast"
"e16_ji1_GGGACTCGTGATGAAT-1",1731,"Pericyte"
"e16_ji1_GGGACTCTCCGTAGGC-1",760,"ENS"
"e16_ji1_GGGACTCTCGGTGCAC-1",3196,"Fibroblast"
"e16_ji1_GGGACTCTCTGCCCTA-1",2709,"ENS"
"e16_ji1_GGGAGATAGATGCTGG-1",1404,"ENS"
"e16_ji1_GGGAGATAGCACGTCC-1",1715,"Smooth muscle"
"e16_ji1_GGGAGATAGCGACCCT-1",2950,"Endothelial"
"e16_ji1_GGGAGATCACTATCCC-1",3184,"Myofibroblast"
"e16_ji1_GGGAGATCAGCGACCT-1",2675,"Smooth muscle"
"e16_ji1_GGGAGATGTGAGATTA-1",1567,"ENS"
"e16_ji1_GGGAGATTCACTCTTA-1",1900,"Fibroblast"
"e16_ji1_GGGAGATTCGAGCCTG-1",2937,"Immune"
"e16_ji1_GGGAGTAAGTAGGGTC-1",3011,"ENS"
"e16_ji1_GGGAGTAGTCGCGGTT-1",988,"Smooth muscle"
"e16_ji1_GGGAGTAGTTGGCCTG-1",1858,"ENS"
"e16_ji1_GGGAGTATCTAGTACG-1",1913,"Fibroblast"
"e16_ji1_GGGAGTATCTAGTTCT-1",2491,"ENS"
"e16_ji1_GGGATCCAGAATTCAG-1",1122,"ENS"
"e16_ji1_GGGATCCAGCGCACAA-1",2089,"ENS"
"e16_ji1_GGGATCCCACCAAAGG-1",1567,"ENS"
"e16_ji1_GGGATCCCAGAATGTA-1",2458,"Endothelial"
"e16_ji1_GGGATCCCATGTTACG-1",629,"Myofibroblast"
"e16_ji1_GGGATCCCATTGACTG-1",2176,"Myofibroblast"
"e16_ji1_GGGATCCGTCGCTTAA-1",2709,"ENS"
"e16_ji1_GGGATCCGTTTAGTCG-1",2744,"Immune"
"e16_ji1_GGGATCCTCCAGCACG-1",2374,"Fibroblast"
"e16_ji1_GGGATCCTCGTCGCTT-1",2603,"Fibroblast"
"e16_ji1_GGGATCCTCTGGGAGA-1",1688,"ENS"
"e16_ji1_GGGATGAAGCTGGTGA-1",767,"Smooth muscle"
"e16_ji1_GGGATGAAGGTTGAGC-1",2581,"ENS"
"e16_ji1_GGGATGACAGCGTGAA-1",3111,"ENS"
"e16_ji1_GGGATGAGTCAAAGAT-1",2496,"Fibroblast"
"e16_ji1_GGGATGAGTCAAAGCG-1",2144,"Fibroblast"
"e16_ji1_GGGATGAGTCCGATCG-1",1663,"Fibroblast"
"e16_ji1_GGGATGAGTGCATCTA-1",2337,"Pericyte"
"e16_ji1_GGGATGAGTTGGTAGG-1",160,"ENS"
"e16_ji1_GGGATGATCCCAAGTA-1",2686,"Smooth muscle"
"e16_ji1_GGGATGATCTACACAG-1",387,"ENS"
"e16_ji1_GGGCCATAGCAGTAAT-1",2822,"Mesothelial"
"e16_ji1_GGGCCATAGCTCCATA-1",2994,"ENS"
"e16_ji1_GGGCCATCAGATTTCG-1",3031,"ENS"
"e16_ji1_GGGCCATGTCCGGCAT-1",1082,"Endothelial"
"e16_ji1_GGGCCATTCCGTGTAA-1",886,"Fibroblast"
"e16_ji1_GGGCCATTCGCCAGAC-1",1688,"ENS"
"e16_ji1_GGGCGTTAGGTCATTC-1",375,"ENS"
"e16_ji1_GGGCGTTAGTATCTGC-1",776,"Fibroblast"
"e16_ji1_GGGCGTTAGTCGCGAA-1",2155,"ENS"
"e16_ji1_GGGCGTTCAACCAACT-1",2603,"ICC"
"e16_ji1_GGGCGTTCAATGAACA-1",2798,"Fibroblast"
"e16_ji1_GGGCGTTCAGGGACTA-1",2613,"ENS"
"e16_ji1_GGGCGTTGTATGGTTC-1",767,"Myofibroblast"
"e16_ji1_GGGCGTTGTCCAGCCA-1",468,"ENS"
"e16_ji1_GGGCGTTGTGAGATAT-1",2960,"ENS"
"e16_ji1_GGGCGTTGTTAGTCGT-1",1800,"ENS"
"e16_ji1_GGGCGTTTCACTGTCC-1",1835,"ENS"
"e16_ji1_GGGCGTTTCGTCGACG-1",91,"ENS"
"e16_ji1_GGGCGTTTCGTGGGAA-1",2332,"ENS"
"e16_ji1_GGGCGTTTCTTTCGAT-1",2393,"Smooth muscle"
"e16_ji1_GGGCTACAGCGTTACT-1",1757,"ENS"
"e16_ji1_GGGCTACAGTAGGTTA-1",1885,"Myofibroblast"
"e16_ji1_GGGCTACCATGGAGAC-1",3024,"ENS"
"e16_ji1_GGGCTCAAGAGTTGTA-1",2613,"ENS"
"e16_ji1_GGGCTCAAGGTTGACG-1",1204,"ENS"
"e16_ji1_GGGCTCACACATTGTG-1",1323,"Smooth muscle"
"e16_ji1_GGGCTCACATCATTGG-1",1064,"ENS"
"e16_ji1_GGGCTCATCGGTCTGG-1",920,"ENS"
"e16_ji1_GGGTAGAAGCGCCCAT-1",1696,"Fibroblast"
"e16_ji1_GGGTAGACAAGCAATA-1",2458,"Endothelial"
"e16_ji1_GGGTAGAGTGCATTTG-1",851,"Immune"
"e16_ji1_GGGTAGATCACTTTGT-1",1073,"Myofibroblast"
"e16_ji1_GGGTATTAGCAACCAG-1",1688,"ENS"
"e16_ji1_GGGTATTAGCCTTTCC-1",644,"Smooth muscle"
"e16_ji1_GGGTATTAGGGATCTG-1",1911,"Myofibroblast"
"e16_ji1_GGGTATTAGTACGTCT-1",3042,"Fibroblast"
"e16_ji1_GGGTATTCACCATTCC-1",528,"Fibroblast"
"e16_ji1_GGGTATTCAGACGGAT-1",1531,"Mesothelial"
"e16_ji1_GGGTCACAGAAATGGG-1",1762,"Myofibroblast"
"e16_ji1_GGGTCACCAACCGTGC-1",1912,"Fibroblast"
"e16_ji1_GGGTCACTCAACGTGT-1",23,"ICC"
"e16_ji1_GGGTCACTCCCTCTTT-1",1793,"Myofibroblast"
"e16_ji1_GGGTCTGAGAGAGCGG-1",920,"ENS"
"e16_ji1_GGGTCTGAGGTCTACT-1",1883,"Endothelial"
"e16_ji1_GGGTCTGCACCCTAAA-1",2955,"ENS"
"e16_ji1_GGGTCTGCACGGTAGA-1",781,"Fibroblast"
"e16_ji1_GGGTCTGGTACAAAGT-1",1614,"Simple Epithelial"
"e16_ji1_GGGTCTGGTATTTCTC-1",2760,"Smooth muscle"
"e16_ji1_GGGTCTGTCAAATGCC-1",1321,"Fibroblast"
"e16_ji1_GGGTCTGTCAGACATC-1",344,"Myofibroblast"
"e16_ji1_GGGTCTGTCTGCACCT-1",1688,"ENS"
"e16_ji1_GGGTCTGTCTGGGCCA-1",904,"Smooth muscle"
"e16_ji1_GGGTGAAAGACCTCAT-1",691,"Smooth muscle"
"e16_ji1_GGGTGAAAGCGATTCT-1",2281,"ENS"
"e16_ji1_GGGTGAACAACCCTAA-1",2709,"ENS"
"e16_ji1_GGGTGAACAAGATCCT-1",2126,"ENS"
"e16_ji1_GGGTGAACAGGTCTCG-1",533,"Smooth muscle"
"e16_ji1_GGGTGAACATATGCGT-1",2313,"Myofibroblast"
"e16_ji1_GGGTGAACATCACGGC-1",2488,"Fibroblast"
"e16_ji1_GGGTGAAGTCCAATCA-1",1688,"ENS"
"e16_ji1_GGGTGAAGTTCAAAGA-1",1731,"Fibroblast"
"e16_ji1_GGGTGAATCAAGCCAT-1",2391,"Myofibroblast"
"e16_ji1_GGGTGAATCTCTTAAC-1",1884,"Smooth muscle"
"e16_ji1_GGGTGTCAGACCAGAC-1",767,"Fibroblast"
"e16_ji1_GGGTGTCAGACTCCGC-1",2250,"ENS"
"e16_ji1_GGGTGTCAGAGAATCT-1",1542,"Smooth muscle"
"e16_ji1_GGGTGTCAGAGCTTTC-1",3205,"Myofibroblast"
"e16_ji1_GGGTGTCAGCACGGAT-1",2709,"ENS"
"e16_ji1_GGGTGTCAGCCTTTCC-1",3059,"ENS"
"e16_ji1_GGGTGTCCAATTTCGG-1",1724,"ICC"
"e16_ji1_GGGTGTCGTAATTGGA-1",3372,"Myofibroblast"
"e16_ji1_GGGTGTCGTATCTCGA-1",2944,"Simple Epithelial"
"e16_ji1_GGGTTATAGCAAATCA-1",2613,"ENS"
"e16_ji1_GGGTTATAGCCATTCA-1",3062,"ENS"
"e16_ji1_GGGTTATCATATCGGT-1",2617,"ENS"
"e16_ji1_GGGTTATGTCGCCTAG-1",626,"ENS"
"e16_ji1_GGGTTATGTGCAATAA-1",2357,"Fibroblast"
"e16_ji1_GGGTTATTCATCGCCT-1",1218,"Smooth muscle"
"e16_ji1_GGGTTATTCGCGCCAA-1",2198,"Fibroblast"
"e16_ji1_GGGTTATTCTTCGGAA-1",856,"Fibroblast"
"e16_ji1_GGGTTTAAGAGAGCAA-1",1811,"ENS"
"e16_ji1_GGGTTTAAGGTTATAG-1",3279,"Mesothelial"
"e16_ji1_GGGTTTAGTGTCTTCC-1",1540,"Smooth muscle"
"e16_ji1_GGTAACTCAACGACAG-1",1307,"Fibroblast"
"e16_ji1_GGTAACTCAGCACAAG-1",986,"Fibroblast"
"e16_ji1_GGTAACTCAGCTCCTT-1",3354,"ENS"
"e16_ji1_GGTAACTGTTCCTAGA-1",1167,"Fibroblast"
"e16_ji1_GGTAACTTCAAGAGGC-1",3089,"ENS"
"e16_ji1_GGTAACTTCATACAGC-1",700,"ENS"
"e16_ji1_GGTAACTTCCAACACA-1",2798,"Fibroblast"
"e16_ji1_GGTAACTTCCCGTGTT-1",2269,"ENS"
"e16_ji1_GGTAACTTCTTTGATC-1",1609,"ENS"
"e16_ji1_GGTAATCAGTCTGCAT-1",1822,"ENS"
"e16_ji1_GGTAATCAGTTGGCGA-1",3112,"ENS"
"e16_ji1_GGTAATCCAACAGCTT-1",1706,"ENS"
"e16_ji1_GGTAATCCAAGTGACG-1",2369,"Smooth muscle"
"e16_ji1_GGTAATCGTAACATGA-1",2684,"Smooth muscle"
"e16_ji1_GGTAATCGTACAGCGA-1",616,"Pericyte"
"e16_ji1_GGTAATCGTCCCTGTT-1",1651,"Fibroblast"
"e16_ji1_GGTAATCGTCCTCCAT-1",3023,"ENS"
"e16_ji1_GGTAATCGTTAAGGAT-1",2083,"Fibroblast"
"e16_ji1_GGTAATCTCCTGGTCT-1",3164,"Fibroblast"
"e16_ji1_GGTAGAGAGGCTCACC-1",1082,"Endothelial"
"e16_ji1_GGTAGAGCACCTGAAT-1",1796,"ENS"
"e16_ji1_GGTAGAGCAGAATCGG-1",1474,"ENS"
"e16_ji1_GGTAGAGCAGGATTCT-1",2475,"Myofibroblast"
"e16_ji1_GGTAGAGTCATACGAC-1",667,"Pericyte"
"e16_ji1_GGTAGAGTCGTGGTAT-1",835,"Mesothelial"
"e16_ji1_GGTCACGAGGTTCCAT-1",920,"ENS"
"e16_ji1_GGTCACGAGTGGCGAT-1",1381,"Smooth muscle"
"e16_ji1_GGTCACGCAGCGTGAA-1",3089,"ENS"
"e16_ji1_GGTCACGCAGCTATTG-1",1425,"Myofibroblast"
"e16_ji1_GGTCACGGTTGCATCA-1",2613,"ENS"
"e16_ji1_GGTCACGGTTTCGGCG-1",849,"Smooth muscle"
"e16_ji1_GGTCTGGAGCACCGTC-1",2937,"Immune"
"e16_ji1_GGTCTGGAGCGGCTCT-1",2147,"ENS"
"e16_ji1_GGTCTGGCAGATTAAG-1",2269,"ENS"
"e16_ji1_GGTGAAGAGAACTTCC-1",2209,"Immune"
"e16_ji1_GGTGAAGGTATAGGGC-1",3089,"ENS"
"e16_ji1_GGTGAAGGTCATTCCC-1",3158,"Smooth muscle"
"e16_ji1_GGTGAAGGTTCGGCGT-1",3113,"ENS"
"e16_ji1_GGTGAAGTCCGCACGA-1",3175,"ICC"
"e16_ji1_GGTGAAGTCGAACCAT-1",2250,"ENS"
"e16_ji1_GGTGAAGTCGGACAAG-1",1122,"ENS"
"e16_ji1_GGTGATTAGAAGCGGG-1",575,"Smooth muscle"
"e16_ji1_GGTGATTAGGTTACCT-1",2020,"Smooth muscle"
"e16_ji1_GGTGATTAGTGGTGGT-1",1053,"ENS"
"e16_ji1_GGTGATTCAACGACTT-1",591,"ENS"
"e16_ji1_GGTGATTCAGCGTTTA-1",3067,"ENS"
"e16_ji1_GGTGATTCAGGTATGG-1",1336,"Smooth muscle"
"e16_ji1_GGTGATTGTACTGTTG-1",3218,"Mesothelial"
"e16_ji1_GGTGATTTCAGTGTTG-1",3220,"Smooth muscle"
"e16_ji1_GGTGATTTCGCCAATA-1",1196,"Smooth muscle"
"e16_ji1_GGTGGCTAGCCATTCA-1",2544,"Endothelial"
"e16_ji1_GGTGGCTAGCCTGAAG-1",3354,"ENS"
"e16_ji1_GGTGGCTGTTTGCAGT-1",2424,"Smooth muscle"
"e16_ji1_GGTGGCTTCCCGTAAA-1",1567,"ENS"
"e16_ji1_GGTGTCGAGAAACCAT-1",1796,"ENS"
"e16_ji1_GGTGTCGAGAGCTTTC-1",3059,"ENS"
"e16_ji1_GGTGTCGAGCACTCCG-1",920,"ENS"
"e16_ji1_GGTGTCGAGTAACCGG-1",2469,"Smooth muscle"
"e16_ji1_GGTGTCGCAGAGTTGG-1",1796,"ENS"
"e16_ji1_GGTGTCGCAGCAATTC-1",71,"Fibroblast"
"e16_ji1_GGTGTCGTCTGCACCT-1",2822,"Fibroblast"
"e16_ji1_GGTGTCGTCTTCCACG-1",2806,"Fibroblast"
"e16_ji1_GGTGTTAAGAAACCCG-1",3239,"Fibroblast"
"e16_ji1_GGTGTTACAACGCCCA-1",3089,"ENS"
"e16_ji1_GGTGTTACACAGCGCT-1",2652,"Fibroblast"
"e16_ji1_GGTGTTAGTACCGTCG-1",1929,"Fibroblast"
"e16_ji1_GGTGTTAGTGCAGTGA-1",1702,"Smooth muscle"
"e16_ji1_GGTGTTATCCAGTGCG-1",2594,"ENS"
"e16_ji1_GGTGTTATCGGATAAA-1",2653,"ENS"
"e16_ji1_GGTTAACCACAGGATG-1",2301,"Fibroblast"
"e16_ji1_GGTTAACGTACAGCGA-1",1696,"Smooth muscle"
"e16_ji1_GGTTAACGTGCACATT-1",1560,"Smooth muscle"
"e16_ji1_GGTTAACGTGGTCTAT-1",644,"Endothelial"
"e16_ji1_GGTTAACGTTGCGAAG-1",1529,"Endothelial"
"e16_ji1_GGTTAACTCCGGACTG-1",1609,"ENS"
"e16_ji1_GGTTAACTCGCTGCGA-1",2816,"Myofibroblast"
"e16_ji1_GGTTCTCAGAGCGACT-1",2063,"Smooth muscle"
"e16_ji1_GGTTCTCAGCGCCTAC-1",2147,"ENS"
"e16_ji1_GGTTCTCAGCTAAATG-1",2269,"ENS"
"e16_ji1_GGTTCTCCATGTGCTA-1",1787,"Fibroblast"
"e16_ji1_GGTTCTCTCCGTCAAA-1",2448,"Smooth muscle"
"e16_ji1_GGTTGTAAGAAGCGCT-1",1609,"ENS"
"e16_ji1_GGTTGTAAGAAGCGGG-1",3031,"ENS"
"e16_ji1_GGTTGTAAGAGTCTTC-1",2645,"ENS"
"e16_ji1_GGTTGTAAGGCATCGA-1",673,"Mesothelial"
"e16_ji1_GGTTGTAAGGGAGGTG-1",1174,"Myofibroblast"
"e16_ji1_GGTTGTACATTGACCA-1",3059,"ENS"
"e16_ji1_GGTTGTAGTAACTAAG-1",3170,"Fibroblast"
"e16_ji1_GGTTGTAGTACGACTT-1",1053,"ENS"
"e16_ji1_GGTTGTAGTATTTCGG-1",2147,"ENS"
"e16_ji1_GGTTGTAGTTCGCGTG-1",2579,"Smooth muscle"
"e16_ji1_GGTTGTAGTTGGACCC-1",3419,"Fibroblast"
"e16_ji1_GGTTGTATCTTCCCAG-1",2986,"Myofibroblast"
"e16_ji1_GTAACACCACCTAAAC-1",3164,"Fibroblast"
"e16_ji1_GTAACACGTATTCTCT-1",2328,"ENS"
"e16_ji1_GTAACACTCAAAGAAC-1",2070,"Endothelial"
"e16_ji1_GTAACACTCGAAGTGG-1",2937,"Immune"
"e16_ji1_GTAACCAAGCGTTAGG-1",2269,"ENS"
"e16_ji1_GTAACCAAGTTTCGAC-1",2579,"Myofibroblast"
"e16_ji1_GTAACCACAAAGGGTC-1",2326,"ENS"
"e16_ji1_GTAACCACACAGTCAT-1",3024,"ENS"
"e16_ji1_GTAACCATCAGGAAAT-1",1726,"Fibroblast"
"e16_ji1_GTAAGTCAGAAACTGT-1",3023,"ENS"
"e16_ji1_GTAAGTCCACACCGCA-1",2827,"Myofibroblast"
"e16_ji1_GTAAGTCGTAGGTACG-1",3089,"ENS"
"e16_ji1_GTAAGTCGTTATGACC-1",2294,"ENS"
"e16_ji1_GTAAGTCTCAATGCAC-1",1165,"Smooth muscle"
"e16_ji1_GTAAGTCTCTGGAGAG-1",3031,"ENS"
"e16_ji1_GTAATCGAGAAGCGCT-1",2211,"Smooth muscle"
"e16_ji1_GTAATCGAGGCTGAAC-1",2425,"Fibroblast"
"e16_ji1_GTAATCGGTGCAACGA-1",2759,"Smooth muscle"
"e16_ji1_GTAATCGTCATATGGC-1",3348,"Fibroblast"
"e16_ji1_GTAATGCAGAACGCGT-1",2618,"ENS"
"e16_ji1_GTAATGCCACAGTCAT-1",1651,"Fibroblast"
"e16_ji1_GTAATGCCACCTCAGG-1",1560,"ENS"
"e16_ji1_GTAATGCTCACATTGG-1",2269,"ENS"
"e16_ji1_GTAATGCTCACCGACG-1",3263,"Myofibroblast"
"e16_ji1_GTAATGCTCTGCGATA-1",2581,"ENS"
"e16_ji1_GTACAACAGTTACTCG-1",261,"ENS"
"e16_ji1_GTACAACCACTTACAG-1",2077,"Endothelial"
"e16_ji1_GTACAACGTCACGCTG-1",1497,"ENS"
"e16_ji1_GTACAACGTCAGATTC-1",1524,"Smooth muscle"
"e16_ji1_GTACAACGTCTCGCGA-1",2033,"Myofibroblast"
"e16_ji1_GTACAACTCAAGCCTA-1",2798,"Fibroblast"
"e16_ji1_GTACAACTCAGCAATC-1",227,"Fibroblast"
"e16_ji1_GTACAGTAGCATAGGC-1",1509,"Simple Epithelial"
"e16_ji1_GTACAGTAGCCTGAGA-1",382,"ENS"
"e16_ji1_GTACAGTAGTGAATAC-1",2337,"Smooth muscle"
"e16_ji1_GTACAGTCACGCCACA-1",415,"ENS"
"e16_ji1_GTACAGTCAGCTGAGA-1",2863,"ENS"
"e16_ji1_GTACAGTGTATGAGGC-1",2269,"ENS"
"e16_ji1_GTACAGTGTCAGGAGT-1",3089,"ENS"
"e16_ji1_GTACAGTTCATTCATC-1",2452,"Smooth muscle"
"e16_ji1_GTAGAAAAGCGATGCA-1",2852,"ENS"
"e16_ji1_GTAGAAACACGTTGGC-1",1706,"ENS"
"e16_ji1_GTAGAAAGTGCTCTTC-1",2500,"Smooth muscle"
"e16_ji1_GTAGAGGAGTTGCATC-1",1122,"ENS"
"e16_ji1_GTAGAGGCAGGACAGT-1",2803,"Smooth muscle"
"e16_ji1_GTAGAGGCATGCAGCC-1",2994,"ENS"
"e16_ji1_GTAGAGGGTACCCGAC-1",2180,"Fibroblast"
"e16_ji1_GTAGAGGTCATTTCGT-1",3089,"ENS"
"e16_ji1_GTAGAGGTCCGGTAGC-1",2469,"ENS"
"e16_ji1_GTAGAGGTCGCCAACG-1",2431,"Fibroblast"
"e16_ji1_GTAGATCAGGGCAAGG-1",3089,"ENS"
"e16_ji1_GTAGATCCACCCATAA-1",2269,"ENS"
"e16_ji1_GTAGATCCACTGCTTC-1",2613,"ENS"
"e16_ji1_GTAGATCCAGCGTAGA-1",2090,"ENS"
"e16_ji1_GTAGATCGTAATGATG-1",920,"ENS"
"e16_ji1_GTAGATCGTCCCGCAA-1",634,"Fibroblast"
"e16_ji1_GTAGATCGTTTACCAG-1",3354,"ENS"
"e16_ji1_GTAGATCTCATGGCCG-1",1031,"Fibroblast"
"e16_ji1_GTAGCTAAGATACATG-1",3031,"ENS"
"e16_ji1_GTAGCTAAGCCATTGT-1",626,"ENS"
"e16_ji1_GTAGCTAAGGAGTCTG-1",2522,"Smooth muscle"
"e16_ji1_GTAGCTACATCGGATT-1",3031,"ENS"
"e16_ji1_GTAGCTATCCAGCAAT-1",3031,"ENS"
"e16_ji1_GTAGCTATCCCGATCT-1",2269,"ENS"
"e16_ji1_GTAGGAGAGCATGATA-1",990,"ICC"
"e16_ji1_GTAGGAGCAACCCGCA-1",2937,"Immune"
"e16_ji1_GTAGGAGCACCTATCC-1",737,"Endothelial"
"e16_ji1_GTAGGAGCACTGTCCT-1",3354,"ENS"
"e16_ji1_GTAGGAGCATTCACAG-1",2583,"ENS"
"e16_ji1_GTAGGAGGTACTGTTG-1",760,"ENS"
"e16_ji1_GTAGGAGGTTCCTAAG-1",1706,"ENS"
"e16_ji1_GTAGGAGTCTTGTTAC-1",1219,"Fibroblast"
"e16_ji1_GTAGGTTAGAAGTATC-1",1259,"ENS"
"e16_ji1_GTAGGTTCAATCGAAA-1",3089,"ENS"
"e16_ji1_GTAGGTTCACCCTAGG-1",1609,"ENS"
"e16_ji1_GTAGGTTCACTACCGG-1",2076,"Mesothelial"
"e16_ji1_GTAGGTTCAGTTAAAG-1",1796,"ENS"
"e16_ji1_GTAGGTTCATGACACT-1",749,"ENS"
"e16_ji1_GTAGGTTGTCCGGCAT-1",2955,"ENS"
"e16_ji1_GTAGGTTTCAACGTGT-1",2709,"ENS"
"e16_ji1_GTAGGTTTCACTGCTC-1",2122,"Fibroblast"
"e16_ji1_GTAGGTTTCCACGGGT-1",1220,"Fibroblast"
"e16_ji1_GTAGGTTTCTAGCATG-1",920,"ENS"
"e16_ji1_GTAGTACAGAATCCCT-1",744,"Smooth muscle"
"e16_ji1_GTAGTACAGAGGACTC-1",1203,"Fibroblast"
"e16_ji1_GTAGTACAGCCTCCAG-1",3145,"Smooth muscle"
"e16_ji1_GTAGTACAGGAAGAAC-1",1175,"Mesothelial"
"e16_ji1_GTAGTACCAAAGGTTA-1",2077,"Endothelial"
"e16_ji1_GTAGTACCACTGGACC-1",2147,"ENS"
"e16_ji1_GTAGTACCATAATGAG-1",3368,"Fibroblast"
"e16_ji1_GTAGTACGTAACGCGA-1",1031,"Fibroblast"
"e16_ji1_GTAGTACGTAACGTTC-1",1284,"ENS"
"e16_ji1_GTAGTACGTCTTACAG-1",1938,"Fibroblast"
"e16_ji1_GTAGTACTCGGTAACT-1",1893,"Fibroblast"
"e16_ji1_GTAGTACTCTTCCCGA-1",667,"Fibroblast"
"e16_ji1_GTATTGGAGCGTATAA-1",3089,"ENS"
"e16_ji1_GTATTGGAGCTAGATA-1",2089,"ENS"
"e16_ji1_GTATTGGCAGTTTCGA-1",1688,"ENS"
"e16_ji1_GTATTGGGTCTTGCGG-1",3089,"ENS"
"e16_ji1_GTATTGGGTGGCACTC-1",1742,"Smooth muscle"
"e16_ji1_GTATTGGGTGGCAGAT-1",1122,"ENS"
"e16_ji1_GTATTGGTCCAACTGA-1",1106,"ENS"
"e16_ji1_GTATTGGTCGGACGTC-1",1895,"Endothelial"
"e16_ji1_GTATTTCAGGCTGGAT-1",1921,"Fibroblast"
"e16_ji1_GTATTTCCAAACGTGG-1",1706,"ENS"
"e16_ji1_GTATTTCCAATGCAGG-1",668,"Immune"
"e16_ji1_GTATTTCTCTTGGTGA-1",3300,"Smooth muscle"
"e16_ji1_GTCAAACAGATGATTG-1",690,"Fibroblast"
"e16_ji1_GTCAAACAGCCGTCGT-1",2613,"ENS"
"e16_ji1_GTCAAACAGCTTTCTT-1",1122,"ENS"
"e16_ji1_GTCAAACCACGACAAG-1",3164,"Smooth muscle"
"e16_ji1_GTCAAACGTATATGGA-1",1796,"ENS"
"e16_ji1_GTCAAACGTCGTATGT-1",1522,"Simple Epithelial"
"e16_ji1_GTCAAGTAGAGATGCC-1",2263,"Smooth muscle"
"e16_ji1_GTCAAGTAGTAGACCG-1",1347,"Smooth muscle"
"e16_ji1_GTCAAGTCAGACCAAG-1",1796,"ENS"
"e16_ji1_GTCAAGTGTAAGATAC-1",2994,"ENS"
"e16_ji1_GTCAAGTGTCCTCCAT-1",3089,"Fibroblast"
"e16_ji1_GTCAAGTTCAAGCCGC-1",2955,"ENS"
"e16_ji1_GTCACGGAGAAGCTGC-1",2147,"ENS"
"e16_ji1_GTCACGGAGTCTGCGC-1",1929,"Myofibroblast"
"e16_ji1_GTCACGGCAGGAGGTT-1",1204,"ENS"
"e16_ji1_GTCACGGGTATGGAAT-1",2814,"Smooth muscle"
"e16_ji1_GTCACGGTCAACGAGG-1",1796,"ENS"
"e16_ji1_GTCACGGTCACCACAA-1",2408,"ENS"
"e16_ji1_GTCACGGTCTTGGAAC-1",3178,"Immune"
"e16_ji1_GTCACTCCAGAGAAAG-1",2992,"ENS"
"e16_ji1_GTCACTCCAGGAGGTT-1",2830,"Mesothelial"
"e16_ji1_GTCACTCGTAACGGTG-1",1321,"Fibroblast"
"e16_ji1_GTCACTCTCATTTGTC-1",1224,"Smooth muscle"
"e16_ji1_GTCACTCTCCTCTAAT-1",1706,"ENS"
"e16_ji1_GTCACTCTCTCGGGAC-1",1710,"ENS"
"e16_ji1_GTCAGCGAGACTGTTC-1",1533,"Smooth muscle"
"e16_ji1_GTCAGCGAGCGAAACC-1",1077,"Smooth muscle"
"e16_ji1_GTCAGCGAGCTCAGAG-1",736,"Immune"
"e16_ji1_GTCAGCGCACGGTCTG-1",2089,"ENS"
"e16_ji1_GTCAGCGCATAAGATG-1",2269,"ENS"
"e16_ji1_GTCAGCGTCAAACTGC-1",1387,"Endothelial"
"e16_ji1_GTCAGCGTCGACGTCG-1",668,"Immune"
"e16_ji1_GTCATCCAGTTTCGAC-1",2868,"ENS"
"e16_ji1_GTCATCCCAACGGGTA-1",1964,"Mesothelial"
"e16_ji1_GTCATCCCACAATTCG-1",2126,"ENS"
"e16_ji1_GTCATCCCAGGTCCCA-1",2269,"ENS"
"e16_ji1_GTCATCCCATCGCTCT-1",3354,"ENS"
"e16_ji1_GTCATCCCATGACAGG-1",2735,"Fibroblast"
"e16_ji1_GTCATCCCATTAGGCT-1",1846,"Smooth muscle"
"e16_ji1_GTCATCCGTGATTGGG-1",1893,"Fibroblast"
"e16_ji1_GTCATCCTCAGGAGAC-1",776,"Smooth muscle"
"e16_ji1_GTCATCCTCTAGCCAA-1",1323,"Fibroblast"
"e16_ji1_GTCATCCTCTCCACTG-1",2645,"ENS"
"e16_ji1_GTCATGAAGCATTTGC-1",626,"ENS"
"e16_ji1_GTCATGAAGTCTAGCT-1",1524,"Fibroblast"
"e16_ji1_GTCATGAGTAGTACGG-1",1205,"ENS"
"e16_ji1_GTCATGAGTCCTCATC-1",767,"Pericyte"
"e16_ji1_GTCATGAGTCCTGAAT-1",3265,"Smooth muscle"
"e16_ji1_GTCATGATCTCGACGG-1",2250,"ENS"
"e16_ji1_GTCATGATCTTCTCAA-1",3031,"ENS"
"e16_ji1_GTCATTTAGTGTACCT-1",1886,"Myofibroblast"
"e16_ji1_GTCATTTCAAACACCT-1",2323,"Smooth muscle"
"e16_ji1_GTCATTTCACACGTGC-1",760,"ENS"
"e16_ji1_GTCATTTTCGTAGTCA-1",1058,"Fibroblast"
"e16_ji1_GTCATTTTCTGCGGAC-1",2103,"Immune"
"e16_ji1_GTCCACTAGCAGCACA-1",2465,"Myofibroblast"
"e16_ji1_GTCCACTAGCTACTGT-1",3397,"Fibroblast"
"e16_ji1_GTCCACTAGGAGAGTA-1",2156,"ENS"
"e16_ji1_GTCCACTAGTGTTCCA-1",2454,"Fibroblast"
"e16_ji1_GTCCACTCAAGCACCC-1",2496,"Fibroblast"
"e16_ji1_GTCCACTGTAGTCGTT-1",944,"Fibroblast"
"e16_ji1_GTCCACTTCGTCTCAC-1",1224,"Smooth muscle"
"e16_ji1_GTCCCATAGGCTCTCG-1",2512,"Fibroblast"
"e16_ji1_GTCCCATAGGTTGGAC-1",1252,"ENS"
"e16_ji1_GTCCCATAGTCAGCCC-1",2581,"ENS"
"e16_ji1_GTCCCATAGTGATAGT-1",1893,"Fibroblast"
"e16_ji1_GTCCCATCACAACGTT-1",1658,"Smooth muscle"
"e16_ji1_GTCCCATGTCGGCTAC-1",1418,"Myofibroblast"
"e16_ji1_GTCCCATGTTCTCACC-1",2070,"Endothelial"
"e16_ji1_GTCCCATTCACGATCA-1",2094,"ENS"
"e16_ji1_GTCCTCAAGACCATGG-1",1533,"Fibroblast"
"e16_ji1_GTCCTCAAGACTGTTC-1",1796,"ENS"
"e16_ji1_GTCCTCAAGCGGATCA-1",3089,"ENS"
"e16_ji1_GTCCTCAAGCTGTACT-1",2570,"ENS"
"e16_ji1_GTCCTCACAGGTAGTG-1",3268,"Myofibroblast"
"e16_ji1_GTCCTCACATATAGCC-1",2756,"Simple Epithelial"
"e16_ji1_GTCCTCAGTGATTAGA-1",3031,"ENS"
"e16_ji1_GTCCTCAGTGTTCCAA-1",3349,"Smooth muscle"
"e16_ji1_GTCCTCAGTTGGACCC-1",2269,"ENS"
"e16_ji1_GTCCTCATCAACCTCC-1",3397,"Fibroblast"
"e16_ji1_GTCGAATAGTCATGCT-1",904,"Smooth muscle"
"e16_ji1_GTCGAATCAACGATCT-1",2506,"Myofibroblast"
"e16_ji1_GTCGAATCAAGAGTTA-1",1569,"ENS"
"e16_ji1_GTCGAATCAATGACCT-1",1122,"ENS"
"e16_ji1_GTCGAATGTTAGAGTA-1",760,"ENS"
"e16_ji1_GTCGCGAAGCCGTCGT-1",943,"Smooth muscle"
"e16_ji1_GTCGCGACACCTGAAT-1",2992,"ENS"
"e16_ji1_GTCGCGACACGCTGCA-1",886,"ENS"
"e16_ji1_GTCGCGACACGTAGAG-1",1743,"Endothelial"
"e16_ji1_GTCGCGACATTGAGCT-1",1796,"ENS"
"e16_ji1_GTCGCGAGTTACCCAA-1",1240,"Fibroblast"
"e16_ji1_GTCGTAACAAGCTACT-1",920,"ENS"
"e16_ji1_GTCGTAACAATTGTGC-1",668,"Immune"
"e16_ji1_GTCGTAACACTTGAAC-1",1240,"Fibroblast"
"e16_ji1_GTCGTAACAGATTTCG-1",2157,"ENS"
"e16_ji1_GTCGTAAGTATCGCAT-1",2333,"ENS"
"e16_ji1_GTCGTAATCGCCAGTG-1",2266,"ICC"
"e16_ji1_GTCGTAATCGTTCGCT-1",648,"Myofibroblast"
"e16_ji1_GTCGTTCAGAGGATCC-1",1106,"ENS"
"e16_ji1_GTCGTTCAGATCCGAG-1",2994,"ENS"
"e16_ji1_GTCGTTCAGCTGTTAC-1",954,"Smooth muscle"
"e16_ji1_GTCGTTCAGGTTGGTG-1",1344,"Smooth muscle"
"e16_ji1_GTCGTTCAGTCAGAGC-1",1900,"Smooth muscle"
"e16_ji1_GTCGTTCCAATACCCA-1",563,"ENS"
"e16_ji1_GTCGTTCCAGACGATG-1",2562,"ENS"
"e16_ji1_GTCGTTCGTATCGATC-1",1706,"ENS"
"e16_ji1_GTCTACCAGACTGAGC-1",637,"Fibroblast"
"e16_ji1_GTCTACCCACGTAGTT-1",1636,"ICC"
"e16_ji1_GTCTACCCAGTTGAAA-1",1529,"Endothelial"
"e16_ji1_GTCTACCGTACCCGAC-1",3156,"Immune"
"e16_ji1_GTCTACCGTACTAGCT-1",2147,"ENS"
"e16_ji1_GTCTACCGTCTACAAC-1",3059,"ENS"
"e16_ji1_GTCTACCTCCATGAGT-1",1391,"Smooth muscle"
"e16_ji1_GTCTAGAAGCGAGTAC-1",2709,"ENS"
"e16_ji1_GTCTAGAGTATGGGAC-1",918,"Smooth muscle"
"e16_ji1_GTCTCACGTGACTCTA-1",2798,"Fibroblast"
"e16_ji1_GTCTCACGTGGCACTC-1",3404,"Fibroblast"
"e16_ji1_GTCTCACGTTCAGTAC-1",3031,"ENS"
"e16_ji1_GTCTCACTCAAGAGTA-1",760,"ENS"
"e16_ji1_GTCTGTCAGCACTAGG-1",1796,"ENS"
"e16_ji1_GTCTGTCAGTCAGGGT-1",632,"Fibroblast"
"e16_ji1_GTCTGTCAGTGCAGGT-1",1609,"ENS"
"e16_ji1_GTCTGTCCAAACTGCT-1",2269,"ENS"
"e16_ji1_GTCTGTCCACTGCTTC-1",2213,"Smooth muscle"
"e16_ji1_GTCTGTCGTCACTGAT-1",495,"Fibroblast"
"e16_ji1_GTCTTTAAGTCAGGGT-1",1072,"Mesothelial"
"e16_ji1_GTCTTTAGTGTTCCAA-1",2868,"ENS"
"e16_ji1_GTCTTTAGTTTCACTT-1",1772,"Smooth muscle"
"e16_ji1_GTGACGCAGTTCCGTA-1",1740,"Smooth muscle"
"e16_ji1_GTGACGCCAAGCTGTT-1",2551,"Smooth muscle"
"e16_ji1_GTGACGCCAGTCGCTG-1",1936,"Myofibroblast"
"e16_ji1_GTGACGCTCTAGTGAC-1",2147,"ENS"
"e16_ji1_GTGACGCTCTTACACT-1",444,"Fibroblast"
"e16_ji1_GTGACGCTCTTAGGAC-1",776,"Smooth muscle"
"e16_ji1_GTGACGCTCTTCACGC-1",3023,"ENS"
"e16_ji1_GTGAGCCCAAGTCGTT-1",920,"ENS"
"e16_ji1_GTGAGCCCACCTATCC-1",3164,"Fibroblast"
"e16_ji1_GTGAGCCCAGTCCGTG-1",1609,"ENS"
"e16_ji1_GTGAGCCCAGTGGTGA-1",3031,"ENS"
"e16_ji1_GTGAGCCGTACACTCA-1",2469,"ENS"
"e16_ji1_GTGAGGAAGACCATGG-1",744,"Smooth muscle"
"e16_ji1_GTGAGGAAGCGAGGAG-1",1796,"ENS"
"e16_ji1_GTGAGGAAGGGCTGAT-1",3180,"Smooth muscle"
"e16_ji1_GTGAGGAAGTGCCCGT-1",591,"ENS"
"e16_ji1_GTGAGGACATCCGTGG-1",3031,"ENS"
"e16_ji1_GTGAGGAGTTACGTAC-1",1688,"ENS"
"e16_ji1_GTGAGGAGTTCTATCT-1",3031,"ENS"
"e16_ji1_GTGAGGAGTTGAGTCT-1",1540,"Pericyte"
"e16_ji1_GTGAGTTAGATCCTAC-1",1530,"Fibroblast"
"e16_ji1_GTGAGTTAGTAACGTA-1",3024,"ENS"
"e16_ji1_GTGAGTTAGTCTACCA-1",2337,"Pericyte"
"e16_ji1_GTGAGTTCACTGGATT-1",1724,"Fibroblast"
"e16_ji1_GTGAGTTGTAGGGTAC-1",644,"Endothelial"
"e16_ji1_GTGAGTTGTTGACGGA-1",1559,"Fibroblast"
"e16_ji1_GTGAGTTGTTTCAGAC-1",3185,"Smooth muscle"
"e16_ji1_GTGAGTTTCCATAGGT-1",3230,"Myofibroblast"
"e16_ji1_GTGAGTTTCTTGCGCT-1",1597,"Smooth muscle"
"e16_ji1_GTGATGTAGATTGATG-1",1534,"Smooth muscle"
"e16_ji1_GTGATGTAGTATTAGG-1",3031,"ENS"
"e16_ji1_GTGATGTCAATCAAGA-1",1794,"ENS"
"e16_ji1_GTGATGTGTCTTCTAT-1",3031,"ENS"
"e16_ji1_GTGATGTGTGTGTTTG-1",1828,"ENS"
"e16_ji1_GTGATGTTCCATTTGT-1",2461,"Fibroblast"
"e16_ji1_GTGATGTTCTAGTCAG-1",2144,"Smooth muscle"
"e16_ji1_GTGCACGCACTTTAGG-1",3059,"ENS"
"e16_ji1_GTGCACGGTCCCTGTT-1",1796,"ENS"
"e16_ji1_GTGCACGGTGGTAACG-1",1070,"Fibroblast"
"e16_ji1_GTGCACGGTGTGCTTA-1",2147,"ENS"
"e16_ji1_GTGCACGTCCGTCAAA-1",1285,"ENS"
"e16_ji1_GTGCAGCAGCCTCAAT-1",1688,"ENS"
"e16_ji1_GTGCAGCAGTCATTGC-1",276,"ENS"
"e16_ji1_GTGCAGCAGTCGGCAA-1",2090,"ENS"
"e16_ji1_GTGCAGCCAAACTAAG-1",1425,"Smooth muscle"
"e16_ji1_GTGCAGCCACCATAAC-1",736,"Simple Epithelial"
"e16_ji1_GTGCAGCTCATCTATC-1",2613,"ENS"
"e16_ji1_GTGCAGCTCATTGAGC-1",990,"Myofibroblast"
"e16_ji1_GTGCAGCTCCGGTAAT-1",148,"Fibroblast"
"e16_ji1_GTGCAGCTCTGTTCAT-1",1907,"Myofibroblast"
"e16_ji1_GTGCGTGAGAATGTTG-1",2613,"ENS"
"e16_ji1_GTGCGTGAGATGCAGC-1",477,"ENS"
"e16_ji1_GTGCGTGAGCCTAGGA-1",681,"Smooth muscle"
"e16_ji1_GTGCGTGAGGACTATA-1",3089,"ENS"
"e16_ji1_GTGCGTGAGGTCCCGT-1",2745,"Immune"
"e16_ji1_GTGCGTGCACACACGC-1",2953,"Myofibroblast"
"e16_ji1_GTGCGTGGTCTGTTAG-1",2264,"Smooth muscle"
"e16_ji1_GTGCGTGGTGGTCTGC-1",2139,"Fibroblast"
"e16_ji1_GTGCTGGAGCCTGAAG-1",3031,"ENS"
"e16_ji1_GTGCTGGCACATCATG-1",2738,"Smooth muscle"
"e16_ji1_GTGCTGGCACTATCCC-1",830,"Endothelial"
"e16_ji1_GTGCTGGGTAAGAACT-1",2797,"Fibroblast"
"e16_ji1_GTGCTGGTCCTAGAGT-1",2937,"Immune"
"e16_ji1_GTGCTGGTCTACCTTA-1",2394,"Smooth muscle"
"e16_ji1_GTGCTGGTCTCTCGCA-1",2115,"Smooth muscle"
"e16_ji1_GTGCTTCAGGGAGGCA-1",2415,"Smooth muscle"
"e16_ji1_GTGCTTCAGGTCGTGA-1",863,"ENS"
"e16_ji1_GTGCTTCCAAGGGCAT-1",2069,"Fibroblast"
"e16_ji1_GTGCTTCCATCCCACT-1",3060,"ENS"
"e16_ji1_GTGCTTCGTGGCTCTG-1",2581,"ENS"
"e16_ji1_GTGCTTCGTTGACGGA-1",2768,"Fibroblast"
"e16_ji1_GTGCTTCTCCATTGGA-1",2798,"Fibroblast"
"e16_ji1_GTGCTTCTCCCAGGCA-1",1122,"ENS"
"e16_ji1_GTGCTTCTCCGATGCG-1",2937,"Immune"
"e16_ji1_GTGCTTCTCGGTCGAC-1",125,"Fibroblast"
"e16_ji1_GTGGAAGAGACCACGA-1",971,"ENS"
"e16_ji1_GTGGAAGGTAGGAGGG-1",1087,"ICC"
"e16_ji1_GTGGAAGGTATTTCGG-1",397,"Smooth muscle"
"e16_ji1_GTGGAAGGTGTGACCC-1",1796,"ENS"
"e16_ji1_GTGGAAGTCAACCTCC-1",1458,"Fibroblast"
"e16_ji1_GTGGAAGTCAGCTCTC-1",2438,"Smooth muscle"
"e16_ji1_GTGGAGAAGCGGGTTA-1",647,"Smooth muscle"
"e16_ji1_GTGGAGAAGGTTGGAC-1",1349,"Fibroblast"
"e16_ji1_GTGGAGACAATACGAA-1",1533,"Smooth muscle"
"e16_ji1_GTGGAGACATCCAACA-1",2581,"ENS"
"e16_ji1_GTGGAGAGTTGCATAC-1",886,"ENS"
"e16_ji1_GTGGAGATCGAGATAA-1",3089,"ENS"
"e16_ji1_GTGGAGATCGCCAGTG-1",978,"ENS"
"e16_ji1_GTGGCGTAGCTCGTGC-1",2089,"ENS"
"e16_ji1_GTGGCGTAGGCCTGCT-1",2679,"Fibroblast"
"e16_ji1_GTGGCGTCAAAGGGCT-1",2955,"ENS"
"e16_ji1_GTGGCGTGTGCTCTCT-1",2581,"ENS"
"e16_ji1_GTGGCGTGTTGGGTAG-1",2226,"Myofibroblast"
"e16_ji1_GTGGCGTTCTTAATCC-1",324,"ENS"
"e16_ji1_GTGGGAAAGTCCGCGT-1",2250,"ENS"
"e16_ji1_GTGGGAACAAGCTGTT-1",3178,"Immune"
"e16_ji1_GTGGGAACACAGCTGC-1",2144,"Mesothelial"
"e16_ji1_GTGGGAACACTTGAAC-1",2214,"Myofibroblast"
"e16_ji1_GTGGGAACAGCTCTGG-1",3089,"ENS"
"e16_ji1_GTGGGAACATATTCGG-1",3031,"ENS"
"e16_ji1_GTGGGAACATGGAAGC-1",663,"ENS"
"e16_ji1_GTGGGAAGTCTCGACG-1",1597,"Fibroblast"
"e16_ji1_GTGGGAATCACAATGC-1",299,"Fibroblast"
"e16_ji1_GTGGGAATCACCTGTC-1",1122,"ENS"
"e16_ji1_GTGGGAATCATCACAG-1",1166,"Fibroblast"
"e16_ji1_GTGGGAATCCAGTTCC-1",2645,"ENS"
"e16_ji1_GTGGGAATCTCTCTTC-1",3354,"ENS"
"e16_ji1_GTGGTTAAGAATCTAG-1",3063,"ENS"
"e16_ji1_GTGGTTAAGCAGTCTT-1",776,"ICC"
"e16_ji1_GTGGTTAAGGTATCTC-1",2454,"Fibroblast"
"e16_ji1_GTGGTTACAAGGTCTT-1",3089,"ENS"
"e16_ji1_GTGGTTACACGACGCT-1",1204,"ENS"
"e16_ji1_GTGGTTACACGACGTC-1",3354,"ENS"
"e16_ji1_GTGGTTACAGCTATTG-1",3332,"Myofibroblast"
"e16_ji1_GTGGTTAGTATCGAGG-1",2937,"Immune"
"e16_ji1_GTGGTTAGTATGACAA-1",1706,"ENS"
"e16_ji1_GTGGTTAGTCAACCAT-1",3089,"ENS"
"e16_ji1_GTGGTTATCTGAGGTT-1",2635,"Smooth muscle"
"e16_ji1_GTGTAACAGCCTATCA-1",726,"ICC"
"e16_ji1_GTGTAACAGCGTCTGC-1",2627,"Myofibroblast"
"e16_ji1_GTGTAACAGGACAGCT-1",2949,"Smooth muscle"
"e16_ji1_GTGTAACAGGCTGAAC-1",1796,"ENS"
"e16_ji1_GTGTAACAGGGTATAT-1",1886,"Myofibroblast"
"e16_ji1_GTGTAACAGTTGAAAC-1",2126,"ENS"
"e16_ji1_GTGTAACCAATGACCT-1",2069,"Endothelial"
"e16_ji1_GTGTAACCACAAGCAG-1",2742,"Immune"
"e16_ji1_GTGTAACCAGCAGTGA-1",2367,"Fibroblast"
"e16_ji1_GTGTAACGTAGCTGCC-1",2435,"Fibroblast"
"e16_ji1_GTGTAACGTGCGGTAA-1",855,"Myofibroblast"
"e16_ji1_GTGTAACGTGTATTCG-1",1900,"Fibroblast"
"e16_ji1_GTGTAACGTTCTCCAC-1",1287,"ENS"
"e16_ji1_GTGTAACTCGTGTGGC-1",2269,"ENS"
"e16_ji1_GTGTCCTAGAAATTCG-1",2452,"Smooth muscle"
"e16_ji1_GTGTCCTCAGTTAGAA-1",1066,"Smooth muscle"
"e16_ji1_GTGTCCTGTAGGTTTC-1",1545,"Smooth muscle"
"e16_ji1_GTGTCCTGTGATTGGG-1",1522,"Fibroblast"
"e16_ji1_GTGTCCTGTGCCCACA-1",629,"Smooth muscle"
"e16_ji1_GTGTCCTGTGGTTTGT-1",1539,"Smooth muscle"
"e16_ji1_GTGTCCTTCATAGACC-1",68,"ENS"
"e16_ji1_GTGTGATAGCAAATGT-1",2635,"Fibroblast"
"e16_ji1_GTGTGATAGTTCTACG-1",1970,"Fibroblast"
"e16_ji1_GTGTGATCAACACGTT-1",2798,"Smooth muscle"
"e16_ji1_GTGTGATCAAGCGAGT-1",3153,"Fibroblast"
"e16_ji1_GTGTGATCACACACGC-1",1743,"Fibroblast"
"e16_ji1_GTGTGATGTCCAATCA-1",3181,"Immune"
"e16_ji1_GTGTGATGTCGTCAGC-1",3089,"ENS"
"e16_ji1_GTGTGATGTGCCTGAC-1",2226,"Smooth muscle"
"e16_ji1_GTGTGATTCCGTTGAA-1",2473,"Smooth muscle"
"e16_ji1_GTGTGATTCTGCGTCT-1",2469,"ENS"
"e16_ji1_GTGTGGCGTAGCGTCC-1",3089,"ENS"
"e16_ji1_GTGTGGCTCGCGATCG-1",2269,"ENS"
"e16_ji1_GTGTTAGAGGCATGCA-1",1588,"Fibroblast"
"e16_ji1_GTGTTAGAGTGCAAAT-1",1573,"Mesothelial"
"e16_ji1_GTGTTAGCAAGTGGGT-1",2643,"Myofibroblast"
"e16_ji1_GTGTTAGCACACTGGC-1",634,"Fibroblast"
"e16_ji1_GTGTTAGCACGCTATA-1",3397,"Smooth muscle"
"e16_ji1_GTGTTAGCATCCGAGC-1",675,"Fibroblast"
"e16_ji1_GTGTTAGGTACGCTAT-1",3089,"ENS"
"e16_ji1_GTGTTAGTCACCTCGT-1",2343,"Simple Epithelial"
"e16_ji1_GTGTTAGTCATGCATG-1",2417,"Smooth muscle"
"e16_ji1_GTGTTAGTCTGAATGC-1",2269,"ENS"
"e16_ji1_GTGTTCCCATGTCAGT-1",3067,"ENS"
"e16_ji1_GTGTTCCGTCTCCCTA-1",538,"Myofibroblast"
"e16_ji1_GTGTTCCGTGCCCTTT-1",877,"Fibroblast"
"e16_ji1_GTGTTCCTCATTACGG-1",1729,"Myofibroblast"
"e16_ji1_GTGTTCCTCGTGGCTG-1",591,"ENS"
"e16_ji1_GTGTTCCTCTCCCTAG-1",683,"Smooth muscle"
"e16_ji1_GTTACAGCAGAGGAAA-1",920,"ENS"
"e16_ji1_GTTACAGGTCGAGCAA-1",3089,"ENS"
"e16_ji1_GTTACAGGTTGTCATG-1",168,"ENS"
"e16_ji1_GTTACAGTCACACCGG-1",1787,"ICC"
"e16_ji1_GTTACAGTCATTGCGA-1",1900,"Mesothelial"
"e16_ji1_GTTACCCCAACAAGAT-1",2504,"Fibroblast"
"e16_ji1_GTTACCCCACACTTAG-1",1304,"Simple Epithelial"
"e16_ji1_GTTACCCCACAGCTGC-1",3012,"Smooth muscle"
"e16_ji1_GTTACCCCAGCCTATA-1",1706,"ENS"
"e16_ji1_GTTACCCGTAGACTGG-1",2570,"ENS"
"e16_ji1_GTTACCCTCCAGTACA-1",2642,"Smooth muscle"
"e16_ji1_GTTACGACAGTGGTGA-1",1883,"Endothelial"
"e16_ji1_GTTACGACATGATCTG-1",1122,"ENS"
"e16_ji1_GTTACGAGTATCCCAA-1",858,"ENS"
"e16_ji1_GTTACGATCAGGAAAT-1",2768,"Fibroblast"
"e16_ji1_GTTACGATCGCCGATG-1",1642,"ENS"
"e16_ji1_GTTACGATCGTACACA-1",1787,"Fibroblast"
"e16_ji1_GTTACGATCTGCCTGT-1",2961,"ENS"
"e16_ji1_GTTAGACAGTCTTCCC-1",2250,"ENS"
"e16_ji1_GTTAGACCACAGAGCA-1",3067,"ENS"
"e16_ji1_GTTAGACCAGTAGTTC-1",3354,"ENS"
"e16_ji1_GTTAGACGTAATCAAG-1",1524,"Smooth muscle"
"e16_ji1_GTTAGACGTAATGCTC-1",1740,"Smooth muscle"
"e16_ji1_GTTAGACTCCATTTCA-1",370,"ENS"
"e16_ji1_GTTAGTGAGAGTCAAT-1",1048,"Smooth muscle"
"e16_ji1_GTTAGTGCAAAGACGC-1",3089,"ENS"
"e16_ji1_GTTAGTGCATTGAGGG-1",2025,"Fibroblast"
"e16_ji1_GTTAGTGGTAGTCTGT-1",2643,"Myofibroblast"
"e16_ji1_GTTAGTGGTGCACAAG-1",737,"Endothelial"
"e16_ji1_GTTAGTGTCGAGAAGC-1",3067,"ENS"
"e16_ji1_GTTATGGCAACCGATT-1",645,"Smooth muscle"
"e16_ji1_GTTATGGCACAGCCAC-1",2301,"Fibroblast"
"e16_ji1_GTTATGGCATCCTCAC-1",3178,"Immune"
"e16_ji1_GTTATGGTCCTCAGAA-1",1731,"Fibroblast"
"e16_ji1_GTTCATTAGTAAGCAT-1",2033,"Myofibroblast"
"e16_ji1_GTTCATTAGTGACACG-1",1545,"Fibroblast"
"e16_ji1_GTTCATTAGTGATAAC-1",1714,"Smooth muscle"
"e16_ji1_GTTCATTCAAGTTGGG-1",3031,"ENS"
"e16_ji1_GTTCATTCAGGTGGAT-1",3023,"ENS"
"e16_ji1_GTTCATTCATGGATCT-1",2323,"Smooth muscle"
"e16_ji1_GTTCATTGTCTGGTTA-1",1540,"Fibroblast"
"e16_ji1_GTTCCGTAGGAGTACC-1",1796,"ENS"
"e16_ji1_GTTCCGTAGTTGCTCA-1",1796,"ENS"
"e16_ji1_GTTCCGTCACAATGCT-1",1561,"ICC"
"e16_ji1_GTTCCGTGTACTTGTG-1",2739,"Fibroblast"
"e16_ji1_GTTCCGTGTATTGCCA-1",637,"Fibroblast"
"e16_ji1_GTTCCGTTCAAGCCAT-1",2613,"ENS"
"e16_ji1_GTTCGCTCACGGTCTG-1",1456,"Smooth muscle"
"e16_ji1_GTTCGCTCAGCTTCCT-1",1276,"ENS"
"e16_ji1_GTTCTATAGTCTGGAG-1",3067,"ENS"
"e16_ji1_GTTCTATGTAAGCAAT-1",3067,"ENS"
"e16_ji1_GTTCTATGTACACGTT-1",3089,"ENS"
"e16_ji1_GTTCTATGTCACTCTC-1",2408,"ENS"
"e16_ji1_GTTCTATGTCAGTTTG-1",1451,"Fibroblast"
"e16_ji1_GTTCTATGTTCAATCG-1",2373,"Smooth muscle"
"e16_ji1_GTTCTATGTTCCCACT-1",2082,"Endothelial"
"e16_ji1_GTTCTATTCACAAGGG-1",2448,"Fibroblast"
"e16_ji1_GTTGAACAGGTAGATT-1",3089,"ENS"
"e16_ji1_GTTGAACAGGTCACTT-1",235,"ICC"
"e16_ji1_GTTGAACAGTAAGGGA-1",1574,"Myofibroblast"
"e16_ji1_GTTGAACCAGAACGCA-1",2556,"Myofibroblast"
"e16_ji1_GTTGAACGTTGCCGAC-1",1070,"Myofibroblast"
"e16_ji1_GTTGAACTCGATGGAG-1",3164,"Fibroblast"
"e16_ji1_GTTGCGGAGCTTAGTC-1",479,"ENS"
"e16_ji1_GTTGCGGAGTTGGGAC-1",920,"ENS"
"e16_ji1_GTTGCGGCAGGTTCGC-1",1971,"Fibroblast"
"e16_ji1_GTTGCGGGTCACAGAG-1",2250,"ENS"
"e16_ji1_GTTGCTCAGGAATCGC-1",1046,"Fibroblast"
"e16_ji1_GTTGCTCCAGGAGACT-1",2282,"ENS"
"e16_ji1_GTTGCTCCATGACAGG-1",2147,"ENS"
"e16_ji1_GTTGCTCGTACTTCCC-1",3089,"Mesothelial"
"e16_ji1_GTTGCTCGTAGACGTG-1",1108,"Pericyte"
"e16_ji1_GTTGCTCTCCCAACTC-1",2622,"Mesothelial"
"e16_ji1_GTTGTAGAGTGACCTT-1",637,"Fibroblast"
"e16_ji1_GTTGTAGGTAATGATG-1",3059,"ENS"
"e16_ji1_GTTGTAGTCATCGCCT-1",1929,"Fibroblast"
"e16_ji1_GTTGTCCCAAACCATC-1",2796,"Smooth muscle"
"e16_ji1_GTTGTCCCAGTCGTTA-1",550,"ENS"
"e16_ji1_GTTGTCCCATACCACA-1",918,"Smooth muscle"
"e16_ji1_GTTGTCCTCCAACACA-1",1530,"Fibroblast"
"e16_ji1_GTTGTCCTCCACATAG-1",3059,"ENS"
"e16_ji1_GTTGTCCTCCACCCTA-1",3156,"Immune"
"e16_ji1_GTTGTCCTCCCAGCGA-1",749,"ENS"
"e16_ji1_GTTGTCCTCCGTTGAA-1",221,"ENS"
"e16_ji1_GTTGTCCTCTGGCCAG-1",1261,"ENS"
"e16_ji1_GTTGTGAAGAGCAAGA-1",1501,"Myofibroblast"
"e16_ji1_GTTGTGAAGGACATCG-1",1066,"Smooth muscle"
"e16_ji1_GTTGTGACAACAGTGG-1",1724,"Smooth muscle"
"e16_ji1_GTTGTGACAGGCATTT-1",1597,"Fibroblast"
"e16_ji1_GTTGTGAGTATTGAGA-1",822,"Simple Epithelial"
"e16_ji1_GTTGTGAGTCAAACGG-1",60,"ENS"
"e16_ji1_GTTGTGATCACTCACC-1",1489,"ENS"
"e16_ji1_GTTGTGATCGATACGT-1",3339,"ENS"
"e16_ji1_GTTGTGATCTGTCCCA-1",222,"ENS"
"e16_ji1_GTTTACTAGAGAGAAC-1",3089,"ENS"
"e16_ji1_GTTTACTAGAGTCAGC-1",549,"ENS"
"e16_ji1_GTTTACTCAAGCCTGC-1",3114,"ENS"
"e16_ji1_GTTTGGAAGACATCCT-1",773,"Smooth muscle"
"e16_ji1_GTTTGGAAGCAGCGAT-1",1921,"Fibroblast"
"e16_ji1_GTTTGGAAGCTGGAGT-1",1458,"Myofibroblast"
"e16_ji1_GTTTGGACAGAAATTG-1",2090,"ENS"
"e16_ji1_GTTTGGACATCTAGAC-1",760,"ENS"
"e16_ji1_GTTTGGACATCTTTCA-1",2880,"ENS"
"e16_ji1_GTTTGGATCACGAACT-1",1341,"ENS"
"e16_ji1_GTTTGGATCGTTCGCT-1",1183,"Simple Epithelial"
"e16_ji1_TAACACGAGACCATTC-1",1077,"Smooth muscle"
"e16_ji1_TAACACGAGAGGATGA-1",858,"ENS"
"e16_ji1_TAACACGAGGTTGTTC-1",2208,"Smooth muscle"
"e16_ji1_TAACACGCATGAATCC-1",2196,"Myofibroblast"
"e16_ji1_TAACACGCATTCACCC-1",2070,"Endothelial"
"e16_ji1_TAACACGGTCTACGTA-1",550,"ENS"
"e16_ji1_TAACACGGTGCACGCT-1",668,"Immune"
"e16_ji1_TAACACGTCATCGACA-1",284,"Smooth muscle"
"e16_ji1_TAACCAGAGACAGCGT-1",381,"ENS"
"e16_ji1_TAACCAGAGCAAGCCA-1",930,"ENS"
"e16_ji1_TAACCAGAGCGCATCC-1",1682,"Smooth muscle"
"e16_ji1_TAACCAGCATACTGAC-1",1929,"Fibroblast"
"e16_ji1_TAACCAGGTAACAGTA-1",3377,"Smooth muscle"
"e16_ji1_TAACCAGGTGCTCCGA-1",2955,"ENS"
"e16_ji1_TAACCAGTCACAGTGT-1",3031,"ENS"
"e16_ji1_TAACCAGTCCTTATAC-1",760,"ENS"
"e16_ji1_TAACGACAGCAGCAGT-1",3023,"ENS"
"e16_ji1_TAACGACCAGTCGCTG-1",1518,"Smooth muscle"
"e16_ji1_TAACGACGTGCTCGTG-1",3081,"Smooth muscle"
"e16_ji1_TAACTTCAGGATTCCT-1",1893,"Smooth muscle"
"e16_ji1_TAACTTCCAAAGGTTA-1",903,"Pericyte"
"e16_ji1_TAACTTCCAGGACTAG-1",1600,"Fibroblast"
"e16_ji1_TAACTTCCAGTTTCAG-1",2448,"Fibroblast"
"e16_ji1_TAACTTCGTCACTGAT-1",3089,"ENS"
"e16_ji1_TAACTTCGTTGGAGAC-1",737,"Endothelial"
"e16_ji1_TAACTTCTCGTTCTAT-1",736,"Immune"
"e16_ji1_TAAGCACAGCACCGTC-1",324,"ENS"
"e16_ji1_TAAGCACCAACTGTGT-1",3294,"Myofibroblast"
"e16_ji1_TAAGCACTCATTGCGA-1",3027,"ENS"
"e16_ji1_TAAGCACTCCGAGTGC-1",2436,"Fibroblast"
"e16_ji1_TAAGCACTCCGTATAG-1",2953,"ENS"
"e16_ji1_TAAGCCAAGCGTGCTC-1",2070,"Endothelial"
"e16_ji1_TAAGCCAAGCTCCACG-1",2469,"ENS"
"e16_ji1_TAAGCCACAACTTGGT-1",3089,"ENS"
"e16_ji1_TAAGCCAGTAGCTCGC-1",2709,"ENS"
"e16_ji1_TAAGCCAGTGTAACGG-1",2709,"ENS"
"e16_ji1_TAAGCCATCATTGTTC-1",647,"Smooth muscle"
"e16_ji1_TAAGCCATCCCGTGAG-1",2214,"Fibroblast"
"e16_ji1_TAAGCGTCACAGTATC-1",538,"Smooth muscle"
"e16_ji1_TAAGCGTCACGACTAT-1",2436,"Fibroblast"
"e16_ji1_TAAGCGTGTGTGCCTG-1",1764,"Fibroblast"
"e16_ji1_TAAGTCGAGATGAAGG-1",3354,"ENS"
"e16_ji1_TAAGTCGCAATCGCCG-1",3089,"ENS"
"e16_ji1_TAAGTCGCATAGGTTC-1",3038,"Myofibroblast"
"e16_ji1_TAAGTCGGTGAATGTA-1",2033,"Smooth muscle"
"e16_ji1_TAAGTCGTCTCGTTTA-1",822,"Simple Epithelial"
"e16_ji1_TAATCTCAGATTCGCT-1",737,"Endothelial"
"e16_ji1_TAATCTCTCAGCTGAT-1",2198,"Smooth muscle"
"e16_ji1_TAATTCCAGCGCAATG-1",2868,"ENS"
"e16_ji1_TAATTCCAGGAGATAG-1",2613,"ENS"
"e16_ji1_TAATTCCAGGTATCTC-1",455,"ENS"
"e16_ji1_TAATTCCCAACAGTGG-1",1585,"Smooth muscle"
"e16_ji1_TAATTCCGTCTCACGG-1",1852,"Myofibroblast"
"e16_ji1_TACAACGAGAACGTGC-1",1765,"Smooth muscle"
"e16_ji1_TACAACGAGCAGCCTC-1",1066,"Fibroblast"
"e16_ji1_TACAACGCACGCGCTA-1",1106,"ENS"
"e16_ji1_TACAACGCAGCGCGTT-1",749,"ENS"
"e16_ji1_TACAACGGTATGCTTG-1",2057,"Smooth muscle"
"e16_ji1_TACAACGGTTCTCCAC-1",1609,"ENS"
"e16_ji1_TACACCCCAGAAGTTA-1",1906,"Fibroblast"
"e16_ji1_TACACCCTCGAGAGCA-1",2250,"ENS"
"e16_ji1_TACACCCTCTAATTCC-1",1540,"Smooth muscle"
"e16_ji1_TACAGGTAGACGAGCT-1",1281,"ENS"
"e16_ji1_TACAGGTAGACGCCAA-1",668,"Immune"
"e16_ji1_TACAGGTAGATACTGA-1",1601,"Smooth muscle"
"e16_ji1_TACAGGTAGCCTCCAG-1",2868,"ENS"
"e16_ji1_TACAGGTAGGTTGCCC-1",229,"Fibroblast"
"e16_ji1_TACAGGTCACGACAAG-1",2973,"Fibroblast"
"e16_ji1_TACAGGTTCATCTGTT-1",494,"Fibroblast"
"e16_ji1_TACAGGTTCCGATCTC-1",1539,"Fibroblast"
"e16_ji1_TACAGGTTCCTCATAT-1",2475,"Smooth muscle"
"e16_ji1_TACATTCAGAAGTGTT-1",2709,"ENS"
"e16_ji1_TACATTCAGATTAGTG-1",2512,"Mesothelial"
"e16_ji1_TACATTCAGCGTGTCC-1",1077,"Fibroblast"
"e16_ji1_TACATTCCAACCCGCA-1",2133,"Smooth muscle"
"e16_ji1_TACATTCCATACCAGT-1",1690,"Endothelial"
"e16_ji1_TACATTCCATTCATCT-1",2546,"Smooth muscle"
"e16_ji1_TACATTCGTCACCACG-1",1801,"ENS"
"e16_ji1_TACATTCTCGCATAGT-1",1109,"ENS"
"e16_ji1_TACCCACAGGTCACCC-1",1719,"Simple Epithelial"
"e16_ji1_TACCCACCAGAACCGA-1",3089,"ENS"
"e16_ji1_TACCCACGTAGAATGT-1",1846,"Smooth muscle"
"e16_ji1_TACCCACGTCTTCCGT-1",2439,"Endothelial"
"e16_ji1_TACCCACGTGTTGATC-1",2568,"Fibroblast"
"e16_ji1_TACCCACGTTGCGTAT-1",3077,"Fibroblast"
"e16_ji1_TACCCACTCCGCAGTG-1",1455,"Fibroblast"
"e16_ji1_TACCCACTCGGTCTAA-1",2454,"Fibroblast"
"e16_ji1_TACCCGTAGATGAACT-1",2269,"ENS"
"e16_ji1_TACCCGTAGCGGGTAT-1",1673,"ENS"
"e16_ji1_TACCCGTCAAGTGATA-1",2214,"Smooth muscle"
"e16_ji1_TACCCGTCACCAGTTA-1",1587,"Smooth muscle"
"e16_ji1_TACCCGTCAGTATACC-1",1247,"Fibroblast"
"e16_ji1_TACCCGTGTCGAGTTT-1",1378,"Smooth muscle"
"e16_ji1_TACCCGTGTCTCACGG-1",3130,"Smooth muscle"
"e16_ji1_TACCCGTGTGAAGCTG-1",2436,"Myofibroblast"
"e16_ji1_TACCCGTTCATAGACC-1",1900,"Fibroblast"
"e16_ji1_TACCGAAAGGTCGCCT-1",3196,"Fibroblast"
"e16_ji1_TACCGAAAGTACGAGC-1",2069,"ICC"
"e16_ji1_TACCGAAAGTCATAGA-1",1464,"Mesothelial"
"e16_ji1_TACCGAACAACCGTGC-1",2126,"ENS"
"e16_ji1_TACCGAACAAGTGATA-1",991,"Fibroblast"
"e16_ji1_TACCGAACAGGGTCTC-1",881,"Fibroblast"
"e16_ji1_TACCGAACAGGTATGG-1",2469,"ENS"
"e16_ji1_TACCGAAGTCAACCAT-1",1540,"Fibroblast"
"e16_ji1_TACCGAAGTGTTAACC-1",3174,"Smooth muscle"
"e16_ji1_TACCGAATCATTATCC-1",3115,"ENS"
"e16_ji1_TACCGGGAGTTGGAAT-1",792,"Smooth muscle"
"e16_ji1_TACCGGGCAGCCCAGT-1",2403,"Smooth muscle"
"e16_ji1_TACCGGGCAGCCTATA-1",1059,"Endothelial"
"e16_ji1_TACCGGGCATCTAGAC-1",1796,"ENS"
"e16_ji1_TACCGGGGTACTCGTA-1",2868,"ENS"
"e16_ji1_TACCGGGGTCCGTTTC-1",1787,"Fibroblast"
"e16_ji1_TACCGGGGTCTGCGCA-1",2915,"Simple Epithelial"
"e16_ji1_TACCGGGTCATTACGG-1",3031,"ENS"
"e16_ji1_TACCGGGTCGCTCTAC-1",2250,"ENS"
"e16_ji1_TACCGGGTCTGTAAGC-1",1295,"Mesothelial"
"e16_ji1_TACCTCGAGATAACGT-1",2147,"ENS"
"e16_ji1_TACCTCGAGCTCATAC-1",1106,"ENS"
"e16_ji1_TACCTCGAGGAACGAA-1",1673,"ENS"
"e16_ji1_TACCTCGAGGGTGAAA-1",799,"Mesothelial"
"e16_ji1_TACCTCGCATGCAGGA-1",1204,"ENS"
"e16_ji1_TACCTGCAGTTGAAAC-1",1561,"Fibroblast"
"e16_ji1_TACCTGCCATACAGCT-1",1219,"Fibroblast"
"e16_ji1_TACCTGCCATCATTGG-1",3354,"ENS"
"e16_ji1_TACCTGCCATCCCGTT-1",167,"ENS"
"e16_ji1_TACCTGCGTGGCTACC-1",3089,"ENS"
"e16_ji1_TACGCTCAGAAATTCG-1",1237,"Pericyte"
"e16_ji1_TACGCTCAGAAGGATG-1",697,"Fibroblast"
"e16_ji1_TACGCTCAGGTAAGAG-1",2269,"ENS"
"e16_ji1_TACGCTCAGTCTTCGA-1",1706,"ENS"
"e16_ji1_TACGCTCCAGCCCACA-1",2613,"ENS"
"e16_ji1_TACGCTCCATCACCAA-1",870,"ENS"
"e16_ji1_TACGCTCGTGTTGACT-1",3178,"Immune"
"e16_ji1_TACGCTCTCCCTCTCC-1",2173,"Endothelial"
"e16_ji1_TACGCTCTCGTGTCAA-1",3354,"ENS"
"e16_ji1_TACGGGCCAAACCGGA-1",1906,"Smooth muscle"
"e16_ji1_TACGGGCCAAAGGGCT-1",1796,"ENS"
"e16_ji1_TACGGGCGTATGCAAA-1",2126,"ENS"
"e16_ji1_TACGGGCGTTCGGTTA-1",1106,"ENS"
"e16_ji1_TACGGGCTCCCACAGG-1",2436,"Myofibroblast"
"e16_ji1_TACGGGCTCTCTGGTC-1",906,"ICC"
"e16_ji1_TACGGTAAGCTGTTCA-1",773,"Fibroblast"
"e16_ji1_TACGGTAGTCAAATCC-1",767,"Fibroblast"
"e16_ji1_TACGGTAGTGAGTCAG-1",2955,"ENS"
"e16_ji1_TACGGTAGTGCCGTAC-1",2144,"Fibroblast"
"e16_ji1_TACGGTAGTGGCTCTG-1",2269,"ENS"
"e16_ji1_TACGGTAGTTCTCCAC-1",1330,"Myofibroblast"
"e16_ji1_TACGGTATCAATGTCG-1",2697,"ENS"
"e16_ji1_TACGGTATCCGGCAGT-1",157,"Smooth muscle"
"e16_ji1_TACGGTATCGTTCAGA-1",2526,"Fibroblast"
"e16_ji1_TACGGTATCTACCACC-1",554,"ENS"
"e16_ji1_TACGTCCAGACCAAAT-1",2752,"Smooth muscle"
"e16_ji1_TACGTCCAGCGATCGA-1",3332,"Smooth muscle"
"e16_ji1_TACGTCCAGGAACGTC-1",1332,"Smooth muscle"
"e16_ji1_TACGTCCAGGAGACCT-1",3089,"ENS"
"e16_ji1_TACGTCCCATTGAGCT-1",3354,"ENS"
"e16_ji1_TACGTCCGTGCTCCGA-1",1796,"ENS"
"e16_ji1_TACGTCCGTTGGGATG-1",2973,"Smooth muscle"
"e16_ji1_TACGTCCGTTGTAAAG-1",2086,"Smooth muscle"
"e16_ji1_TACGTCCTCAGCGTCG-1",2975,"ENS"
"e16_ji1_TACGTCCTCAGCTGTA-1",2565,"Fibroblast"
"e16_ji1_TACGTCCTCCAACTGA-1",1788,"Fibroblast"
"e16_ji1_TACGTCCTCGTCGGGT-1",1730,"Smooth muscle"
"e16_ji1_TACGTCCTCTCCGAAA-1",2645,"ENS"
"e16_ji1_TACTGCCAGCAAGGAA-1",1796,"ENS"
"e16_ji1_TACTGCCAGGGAGAAT-1",760,"ENS"
"e16_ji1_TACTGCCAGTCTAACC-1",1567,"ENS"
"e16_ji1_TACTGCCCAAGCGAAC-1",3205,"Myofibroblast"
"e16_ji1_TACTGCCGTAGAGGAA-1",1216,"Myofibroblast"
"e16_ji1_TACTGCCGTGGATGAC-1",3354,"ENS"
"e16_ji1_TACTGCCTCACTTATC-1",3295,"Smooth muscle"
"e16_ji1_TACTGCCTCTAGGCAT-1",2126,"ENS"
"e16_ji1_TACTTACAGCACCGAA-1",1699,"Myofibroblast"
"e16_ji1_TACTTACAGTCGAGGT-1",2403,"Fibroblast"
"e16_ji1_TACTTACGTAAGGAGA-1",2633,"Fibroblast"
"e16_ji1_TACTTACGTCCCTGAG-1",3196,"Fibroblast"
"e16_ji1_TACTTACTCCCGTTCA-1",2467,"Smooth muscle"
"e16_ji1_TACTTACTCGCTGTTC-1",1609,"ENS"
"e16_ji1_TACTTCAAGCGGATCA-1",2544,"Endothelial"
"e16_ji1_TACTTCACAAGTGCTT-1",3178,"Immune"
"e16_ji1_TACTTCACACTAGTAC-1",2863,"ENS"
"e16_ji1_TACTTCACAGGTCAAG-1",3384,"Smooth muscle"
"e16_ji1_TACTTCAGTAGATCGG-1",2475,"Smooth muscle"
"e16_ji1_TACTTCAGTCCGGATC-1",1347,"Smooth muscle"
"e16_ji1_TACTTCAGTGCCAAGA-1",1787,"Smooth muscle"
"e16_ji1_TACTTCAGTTTCGCTC-1",2955,"ENS"
"e16_ji1_TACTTCATCGCCTCTA-1",1685,"Myofibroblast"
"e16_ji1_TACTTCATCGGAATGG-1",1651,"Fibroblast"
"e16_ji1_TACTTCATCGGCTATA-1",3354,"ENS"
"e16_ji1_TACTTCATCTCTGACC-1",644,"Endothelial"
"e16_ji1_TACTTGTAGGATATGT-1",3354,"ENS"
"e16_ji1_TACTTGTAGGTGATCG-1",2955,"ENS"
"e16_ji1_TACTTGTCACTTGGCG-1",2583,"ENS"
"e16_ji1_TACTTGTCAGCGGTTC-1",2933,"Smooth muscle"
"e16_ji1_TACTTGTCAGCTAACT-1",2757,"ENS"
"e16_ji1_TACTTGTGTCGAGTTT-1",2863,"ENS"
"e16_ji1_TACTTGTTCATTACCT-1",283,"ENS"
"e16_ji1_TACTTGTTCCCTCTCC-1",1688,"ENS"
"e16_ji1_TACTTGTTCGAACGGA-1",3205,"Fibroblast"
"e16_ji1_TACTTGTTCTCCTGAC-1",2713,"ENS"
"e16_ji1_TAGACCAAGAGAGCGG-1",426,"Myofibroblast"
"e16_ji1_TAGACCAAGTCGGCCT-1",3236,"Smooth muscle"
"e16_ji1_TAGACCAGTTCCAGGC-1",3384,"Myofibroblast"
"e16_ji1_TAGACCATCATGAGGG-1",1524,"Smooth muscle"
"e16_ji1_TAGACTGCAAGAGCTG-1",94,"Pericyte"
"e16_ji1_TAGACTGCAAGAGTGC-1",3164,"Smooth muscle"
"e16_ji1_TAGACTGCACATGAAA-1",1239,"Fibroblast"
"e16_ji1_TAGACTGCATGACCCG-1",1651,"Fibroblast"
"e16_ji1_TAGACTGTCCTGCCAT-1",736,"Immune"
"e16_ji1_TAGAGTCAGAGGTATT-1",417,"ENS"
"e16_ji1_TAGAGTCAGGATACCG-1",3089,"ENS"
"e16_ji1_TAGAGTCAGGTCTTTG-1",1789,"Fibroblast"
"e16_ji1_TAGAGTCAGTCTGTAC-1",2955,"ENS"
"e16_ji1_TAGAGTCCAATTGCGT-1",1247,"Smooth muscle"
"e16_ji1_TAGAGTCCAGAACTAA-1",1743,"Fibroblast"
"e16_ji1_TAGAGTCGTATACCCA-1",1030,"Smooth muscle"
"e16_ji1_TAGAGTCGTCCACGCA-1",3023,"ENS"
"e16_ji1_TAGAGTCGTCCTGGTG-1",1532,"Myofibroblast"
"e16_ji1_TAGAGTCTCGCTTAAG-1",1743,"Myofibroblast"
"e16_ji1_TAGATCGAGACATCAA-1",3160,"Myofibroblast"
"e16_ji1_TAGATCGCAGTTGAAA-1",2147,"ENS"
"e16_ji1_TAGATCGGTGTGTCGC-1",2408,"ENS"
"e16_ji1_TAGATCGTCAGTCAGT-1",736,"Immune"
"e16_ji1_TAGCACAAGCGACAGT-1",3354,"ENS"
"e16_ji1_TAGCACAAGCGATGGT-1",2069,"Endothelial"
"e16_ji1_TAGCACAAGTGGAAAG-1",1706,"ENS"
"e16_ji1_TAGCACACATCATTTC-1",2955,"ENS"
"e16_ji1_TAGCACACATCGTGCG-1",3089,"ENS"
"e16_ji1_TAGCACAGTGCGAGTA-1",2090,"ENS"
"e16_ji1_TAGCACAGTGGTTCTA-1",947,"Fibroblast"
"e16_ji1_TAGCACAGTTCGTTCC-1",954,"Fibroblast"
"e16_ji1_TAGCACATCCCGAGAC-1",2645,"ENS"
"e16_ji1_TAGCACATCTCAGTCC-1",1698,"Myofibroblast"
"e16_ji1_TAGGAGGAGAGGTCAC-1",3089,"ENS"
"e16_ji1_TAGGAGGAGATGTTCC-1",931,"ENS"
"e16_ji1_TAGGAGGCAGCAGATG-1",3029,"ENS"
"e16_ji1_TAGGAGGGTTCCTAGA-1",2269,"ENS"
"e16_ji1_TAGGAGGTCACAGAGG-1",3266,"Fibroblast"
"e16_ji1_TAGGAGGTCAGTGATC-1",835,"ICC"
"e16_ji1_TAGGGTTCAGATCACT-1",876,"Mesothelial"
"e16_ji1_TAGGGTTGTAATGATG-1",987,"Smooth muscle"
"e16_ji1_TAGGGTTGTCATCCGG-1",1703,"Myofibroblast"
"e16_ji1_TAGGGTTGTTGCTCAA-1",1743,"Endothelial"
"e16_ji1_TAGGGTTTCAACACGT-1",3171,"Smooth muscle"
"e16_ji1_TAGGTACAGCTCGACC-1",2937,"Immune"
"e16_ji1_TAGGTACAGTGTGTTC-1",2176,"Myofibroblast"
"e16_ji1_TAGGTACAGTTGCATC-1",2403,"Fibroblast"
"e16_ji1_TAGGTACCAAGCGCTC-1",3031,"ENS"
"e16_ji1_TAGGTACCAGAAATCA-1",3067,"ENS"
"e16_ji1_TAGGTACCAGCTACAT-1",3067,"ENS"
"e16_ji1_TAGGTTGAGGGAGAAT-1",591,"ENS"
"e16_ji1_TAGGTTGGTACAGAAT-1",1421,"Fibroblast"
"e16_ji1_TAGGTTGGTTTATGCG-1",1944,"ENS"
"e16_ji1_TAGGTTGTCTTAAGGC-1",1704,"Immune"
"e16_ji1_TAGTGCAAGAACAGGA-1",1168,"Fibroblast"
"e16_ji1_TAGTGCAAGAATCTAG-1",2548,"Myofibroblast"
"e16_ji1_TAGTGCAAGGAGCTGT-1",2913,"Endothelial"
"e16_ji1_TAGTGCACACGCCAGT-1",2147,"ENS"
"e16_ji1_TAGTGCAGTCGTACAT-1",2147,"ENS"
"e16_ji1_TAGTGCAGTGCAGATG-1",1249,"Myofibroblast"
"e16_ji1_TAGTGCATCCATCCGT-1",668,"Immune"
"e16_ji1_TAGTGCATCCCGTGAG-1",1481,"ENS"
"e16_ji1_TATACCTCAATTCTCT-1",283,"ENS"
"e16_ji1_TATACCTCATCCTATT-1",3116,"ENS"
"e16_ji1_TATACCTGTGTTTCTT-1",2739,"Fibroblast"
"e16_ji1_TATACCTGTTTCGTTT-1",417,"ENS"
"e16_ji1_TATATCCCACCGCTAG-1",1405,"ENS"
"e16_ji1_TATATCCGTATTGCCA-1",3089,"ENS"
"e16_ji1_TATATCCTCCGCACTT-1",2323,"Fibroblast"
"e16_ji1_TATATCCTCTCCGAAA-1",2269,"ENS"
"e16_ji1_TATATCCTCTGAATGC-1",2378,"Fibroblast"
"e16_ji1_TATCAGGAGGTCCTGC-1",1762,"Myofibroblast"
"e16_ji1_TATCAGGAGTACAACA-1",1843,"ENS"
"e16_ji1_TATCAGGCAGCGTACC-1",1796,"ENS"
"e16_ji1_TATCAGGGTAATTAGG-1",2868,"ENS"
"e16_ji1_TATCAGGGTTGGTACT-1",2547,"Smooth muscle"
"e16_ji1_TATCCTAAGGCAGGTT-1",2323,"Myofibroblast"
"e16_ji1_TATCCTAAGTTCGCAT-1",1781,"ENS"
"e16_ji1_TATCCTACAACCGACC-1",1106,"ENS"
"e16_ji1_TATCCTACATCCAATG-1",550,"ENS"
"e16_ji1_TATCCTACATGGAACG-1",2269,"ENS"
"e16_ji1_TATCCTACATGTGTCA-1",1053,"ENS"
"e16_ji1_TATCGCCAGACAACTA-1",1893,"Smooth muscle"
"e16_ji1_TATCGCCAGCAACTTC-1",1651,"Smooth muscle"
"e16_ji1_TATCGCCAGCATTGTC-1",920,"ENS"
"e16_ji1_TATCGCCAGGCCTTGC-1",2512,"Mesothelial"
"e16_ji1_TATCGCCAGTAAAGCT-1",3089,"Smooth muscle"
"e16_ji1_TATCGCCCAATTCACG-1",2269,"ENS"
"e16_ji1_TATCGCCCACAACGAG-1",1706,"ENS"
"e16_ji1_TATCGCCCATCCAATG-1",920,"ENS"
"e16_ji1_TATCGCCGTGGAAGTC-1",760,"ENS"
"e16_ji1_TATCGCCTCAGTCATG-1",67,"Fibroblast"
"e16_ji1_TATCTGTAGGCTGGAT-1",1673,"ENS"
"e16_ji1_TATCTGTAGTGGCGAT-1",3060,"ENS"
"e16_ji1_TATCTGTCAAGGCTTT-1",2105,"Fibroblast"
"e16_ji1_TATCTGTCACAGAGAC-1",267,"Smooth muscle"
"e16_ji1_TATCTGTCAGACCCGT-1",688,"Myofibroblast"
"e16_ji1_TATCTGTCAGCACCCA-1",1446,"ENS"
"e16_ji1_TATCTGTCAGGAACCA-1",3368,"ICC"
"e16_ji1_TATCTGTGTTGCACGC-1",2935,"Smooth muscle"
"e16_ji1_TATCTGTTCAGGCGAA-1",1897,"Endothelial"
"e16_ji1_TATCTGTTCCTAGCCT-1",1696,"Fibroblast"
"e16_ji1_TATCTTGAGCCTGAGA-1",1602,"Smooth muscle"
"e16_ji1_TATCTTGCAATGAGCG-1",3153,"Fibroblast"
"e16_ji1_TATCTTGCATCCTTGC-1",799,"Endothelial"
"e16_ji1_TATCTTGCATTACTCT-1",2069,"Endothelial"
"e16_ji1_TATCTTGGTAGCCCTG-1",1172,"Fibroblast"
"e16_ji1_TATCTTGGTCTCGGAC-1",2090,"ENS"
"e16_ji1_TATCTTGTCATGACAC-1",652,"ENS"
"e16_ji1_TATCTTGTCTGTAAGC-1",2026,"Fibroblast"
"e16_ji1_TATCTTGTCTTGGTGA-1",2250,"ENS"
"e16_ji1_TATGTTCAGCCATTGT-1",2508,"Myofibroblast"
"e16_ji1_TATGTTCCAATGTTGC-1",2707,"Smooth muscle"
"e16_ji1_TATGTTCCAATTCTCT-1",1087,"Fibroblast"
"e16_ji1_TATGTTCCAGGACTTT-1",1659,"ICC"
"e16_ji1_TATGTTCGTAACACCT-1",2079,"Endothelial"
"e16_ji1_TATGTTCGTTCTCCCA-1",1931,"Smooth muscle"
"e16_ji1_TATGTTCGTTGGGACA-1",3142,"Smooth muscle"
"e16_ji1_TATGTTCGTTGTGGAG-1",2147,"ENS"
"e16_ji1_TATGTTCTCGGATTAC-1",3024,"ENS"
"e16_ji1_TATTCCAAGCGAATGC-1",1673,"ENS"
"e16_ji1_TATTCCAAGCGTTAGG-1",2675,"Fibroblast"
"e16_ji1_TATTCCACAAAGGCGT-1",1706,"ENS"
"e16_ji1_TATTCCAGTGAAGCGT-1",2424,"Fibroblast"
"e16_ji1_TATTCCAGTTGGAGAC-1",2953,"ENS"
"e16_ji1_TATTCCATCAGCCTCT-1",749,"ENS"
"e16_ji1_TATTCCATCCGAGATT-1",2506,"Myofibroblast"
"e16_ji1_TATTGCTCAAATAGCA-1",1893,"Smooth muscle"
"e16_ji1_TATTGCTCACACTGGC-1",1706,"ENS"
"e16_ji1_TATTGCTCACGGTCTG-1",1796,"Immune"
"e16_ji1_TATTGCTGTGCCAAGA-1",17,"ENS"
"e16_ji1_TATTGCTGTGTTAACC-1",1796,"ENS"
"e16_ji1_TATTGCTTCACACCGG-1",1719,"Simple Epithelial"
"e16_ji1_TATTGGGGTGTACATC-1",3089,"ENS"
"e16_ji1_TATTGGGTCCCATAAG-1",779,"Fibroblast"
"e16_ji1_TATTGGGTCGAATCCA-1",2533,"Smooth muscle"
"e16_ji1_TATTGGGTCGCCTTTG-1",1766,"Smooth muscle"
"e16_ji1_TATTTCGAGACGAAGA-1",920,"ENS"
"e16_ji1_TATTTCGAGGAGTATT-1",3089,"ENS"
"e16_ji1_TATTTCGGTGGAAATT-1",239,"ENS"
"e16_ji1_TATTTCGGTTGCATTG-1",1609,"ENS"
"e16_ji1_TATTTCGTCCGAAGGA-1",3196,"Smooth muscle"
"e16_ji1_TCAAGACAGCTAGAGC-1",690,"Fibroblast"
"e16_ji1_TCAAGACCAGTGTACT-1",877,"Fibroblast"
"e16_ji1_TCAAGACCATCCTATT-1",112,"Fibroblast"
"e16_ji1_TCAAGACGTTGTGGAG-1",1767,"Fibroblast"
"e16_ji1_TCAAGACTCCGTGGTG-1",2147,"ENS"
"e16_ji1_TCAAGACTCTTCGCTG-1",2694,"ENS"
"e16_ji1_TCAAGCAAGCGATCGA-1",2269,"ENS"
"e16_ji1_TCAAGCAAGTAGATCA-1",2503,"Fibroblast"
"e16_ji1_TCAAGCACACAGGATG-1",1802,"ENS"
"e16_ji1_TCAAGCACAGAAATTG-1",616,"Smooth muscle"
"e16_ji1_TCAAGCAGTGTGTACT-1",46,"ENS"
"e16_ji1_TCAAGTGAGATGATTG-1",1796,"ENS"
"e16_ji1_TCAAGTGCAACAGATA-1",2424,"Mesothelial"
"e16_ji1_TCAAGTGCAGACATCT-1",1897,"Endothelial"
"e16_ji1_TCAAGTGCATCGATCA-1",3081,"Myofibroblast"
"e16_ji1_TCAAGTGGTGGTCTTA-1",932,"ENS"
"e16_ji1_TCAAGTGGTTCGGTTA-1",674,"Smooth muscle"
"e16_ji1_TCAATCTAGAGGGTGG-1",1100,"Fibroblast"
"e16_ji1_TCAATCTAGGGCTTCC-1",512,"ENS"
"e16_ji1_TCAATCTCACAATGCT-1",1796,"ENS"
"e16_ji1_TCAATCTCAGACGATG-1",1038,"Fibroblast"
"e16_ji1_TCAATCTCAGCAGACA-1",1688,"ENS"
"e16_ji1_TCAATCTCATGCAGGA-1",2250,"ENS"
"e16_ji1_TCAATCTCATGTTACG-1",3031,"ENS"
"e16_ji1_TCAATCTGTGGTCCGT-1",1690,"Endothelial"
"e16_ji1_TCAATCTTCCACCTGT-1",2269,"ENS"
"e16_ji1_TCAATCTTCCAGCCTT-1",2424,"Fibroblast"
"e16_ji1_TCAATTCAGAAGAACG-1",3089,"ENS"
"e16_ji1_TCAATTCAGCGTTGTT-1",2595,"ENS"
"e16_ji1_TCAATTCCAGAACTTC-1",1922,"ENS"
"e16_ji1_TCAATTCGTCGTACTA-1",3368,"Smooth muscle"
"e16_ji1_TCAATTCGTTATAGCC-1",920,"ENS"
"e16_ji1_TCAATTCTCAAGTCTG-1",2411,"ENS"
"e16_ji1_TCAATTCTCTCGGGAC-1",626,"ENS"
"e16_ji1_TCAATTCTCTCTATAC-1",1416,"Mesothelial"
"e16_ji1_TCACAAGAGCGTGTCC-1",3354,"ENS"
"e16_ji1_TCACAAGAGTCACGAG-1",2709,"ENS"
"e16_ji1_TCACAAGCATGAAGCG-1",2933,"Myofibroblast"
"e16_ji1_TCACAAGTCCGAACGC-1",2546,"Smooth muscle"
"e16_ji1_TCACACCCAATTGTGC-1",2425,"Smooth muscle"
"e16_ji1_TCACACCCACATCCCT-1",3087,"ENS"
"e16_ji1_TCACACCCACCTGAAT-1",1609,"ENS"
"e16_ji1_TCACACCCACGACAAG-1",2126,"ENS"
"e16_ji1_TCACACCCAGATCCAT-1",2302,"Smooth muscle"
"e16_ji1_TCACACCGTCACTAGT-1",3158,"Smooth muscle"
"e16_ji1_TCACACCGTCTCACGG-1",1929,"Fibroblast"
"e16_ji1_TCACACCTCAGTCATG-1",1117,"Myofibroblast"
"e16_ji1_TCACACCTCCATTTCA-1",1803,"ENS"
"e16_ji1_TCACACCTCTCTTAAC-1",2696,"ENS"
"e16_ji1_TCACATTAGAGCACTG-1",1087,"Smooth muscle"
"e16_ji1_TCACATTAGGCCCGTT-1",2250,"ENS"
"e16_ji1_TCACATTCACGCAGTC-1",871,"ENS"
"e16_ji1_TCACATTCAGCATACT-1",3089,"ENS"
"e16_ji1_TCACATTCAGGTGTTT-1",2707,"Smooth muscle"
"e16_ji1_TCACATTCATCTATCT-1",3332,"Myofibroblast"
"e16_ji1_TCACATTGTATGAAAC-1",2992,"ENS"
"e16_ji1_TCACATTGTGTAAACA-1",3089,"ENS"
"e16_ji1_TCACATTTCAGTGTCA-1",3060,"ENS"
"e16_ji1_TCACATTTCCCTCTAG-1",549,"ENS"
"e16_ji1_TCACATTTCGCCGAGT-1",2509,"Fibroblast"
"e16_ji1_TCACATTTCGTAACAC-1",1796,"ENS"
"e16_ji1_TCACATTTCGTCGCTT-1",2955,"ENS"
"e16_ji1_TCACATTTCTAGATCG-1",3153,"ICC"
"e16_ji1_TCACGCTAGCATATGA-1",2085,"Simple Epithelial"
"e16_ji1_TCACGCTCAGTGTGCC-1",1053,"ENS"
"e16_ji1_TCACGCTGTTGTAAAG-1",3089,"ENS"
"e16_ji1_TCACGCTTCCATGAGT-1",2103,"Immune"
"e16_ji1_TCACGGGAGCTAATGA-1",2878,"Smooth muscle"
"e16_ji1_TCACGGGAGGAGTATT-1",2454,"Fibroblast"
"e16_ji1_TCACGGGAGGTGCTTT-1",2981,"Mesothelial"
"e16_ji1_TCACGGGAGTCTGCGC-1",3067,"ENS"
"e16_ji1_TCACGGGTCATCGCAA-1",3031,"ENS"
"e16_ji1_TCACGGGTCGTCTCAC-1",3089,"ENS"
"e16_ji1_TCACTATAGAATCGAT-1",907,"Smooth muscle"
"e16_ji1_TCACTATAGTCGCCCA-1",1568,"ENS"
"e16_ji1_TCACTATCAGAAATTG-1",3089,"ENS"
"e16_ji1_TCACTATCAGAGGACT-1",1609,"Immune"
"e16_ji1_TCACTATCATTGAAAG-1",1507,"Simple Epithelial"
"e16_ji1_TCACTATGTCGACTTA-1",2414,"ENS"
"e16_ji1_TCACTATTCACACCCT-1",1636,"Simple Epithelial"
"e16_ji1_TCACTATTCATTACCT-1",2250,"ENS"
"e16_ji1_TCACTATTCATTACTC-1",2131,"ENS"
"e16_ji1_TCACTCGAGAGAGCAA-1",1473,"ENS"
"e16_ji1_TCACTCGAGCAACAAT-1",1688,"ENS"
"e16_ji1_TCACTCGAGGACAGCT-1",1347,"Smooth muscle"
"e16_ji1_TCACTCGAGTGCTCGC-1",3196,"Myofibroblast"
"e16_ji1_TCACTCGCATCGAAGG-1",3170,"Fibroblast"
"e16_ji1_TCACTCGCATCTGGGC-1",2863,"ENS"
"e16_ji1_TCACTCGGTCAGTTTG-1",1886,"Smooth muscle"
"e16_ji1_TCACTCGGTCGAGCAA-1",2434,"Myofibroblast"
"e16_ji1_TCACTCGTCGTTCCCA-1",3023,"ENS"
"e16_ji1_TCAGCAAAGCGACTAG-1",2283,"ENS"
"e16_ji1_TCAGCAAAGCTTCGTA-1",2698,"ENS"
"e16_ji1_TCAGCAAAGCTTTGTG-1",2751,"Simple Epithelial"
"e16_ji1_TCAGCAACATGTTCGA-1",1796,"ENS"
"e16_ji1_TCAGCAAGTCGAATTC-1",810,"Smooth muscle"
"e16_ji1_TCAGCAAGTGGGTTGA-1",2231,"ENS"
"e16_ji1_TCAGCAAGTTAAGTCC-1",1106,"ENS"
"e16_ji1_TCAGCAATCGCCTTGT-1",1300,"Fibroblast"
"e16_ji1_TCAGCAATCTCCAAGA-1",2876,"ENS"
"e16_ji1_TCAGCAATCTTAGCAG-1",1743,"Endothelial"
"e16_ji1_TCAGCCTAGAGTGACC-1",886,"ENS"
"e16_ji1_TCAGCCTAGTTAACGA-1",1031,"Fibroblast"
"e16_ji1_TCAGCCTGTCCTGGTG-1",3023,"ENS"
"e16_ji1_TCAGCCTGTGCAACAG-1",1122,"ENS"
"e16_ji1_TCAGCCTGTGGGCTCT-1",1731,"Fibroblast"
"e16_ji1_TCAGGGCAGCTCGACC-1",1516,"Smooth muscle"
"e16_ji1_TCAGGGCAGGCTTCCG-1",1217,"ENS"
"e16_ji1_TCAGGGCTCCATCTGC-1",2457,"Endothelial"
"e16_ji1_TCAGGTAAGGATGCGT-1",1731,"Fibroblast"
"e16_ji1_TCAGGTACAGAACATA-1",1796,"ENS"
"e16_ji1_TCAGGTATCCACAGCG-1",2709,"ENS"
"e16_ji1_TCAGTCCAGGTTGGTG-1",2552,"Fibroblast"
"e16_ji1_TCAGTCCCAAACACCT-1",1267,"ENS"
"e16_ji1_TCAGTCCCAACACGTT-1",2126,"ENS"
"e16_ji1_TCAGTCCCAGAGGCAT-1",2726,"ENS"
"e16_ji1_TCAGTCCTCCCTTCCC-1",668,"Immune"
"e16_ji1_TCAGTCCTCGCTCTAC-1",2613,"ENS"
"e16_ji1_TCAGTGAAGAAGCCAC-1",3219,"Fibroblast"
"e16_ji1_TCAGTGACATATCGGT-1",1540,"Fibroblast"
"e16_ji1_TCAGTGACATCTTTCA-1",591,"ENS"
"e16_ji1_TCAGTTTCAGGTTTAC-1",1796,"ENS"
"e16_ji1_TCAGTTTGTCAGACGA-1",1796,"ENS"
"e16_ji1_TCAGTTTGTCGACTGC-1",755,"ENS"
"e16_ji1_TCAGTTTTCTAGTCAG-1",634,"Fibroblast"
"e16_ji1_TCAGTTTTCTGTAAGC-1",2175,"Myofibroblast"
"e16_ji1_TCATACTAGGAACGCT-1",3205,"Smooth muscle"
"e16_ji1_TCATACTAGGAGGTTC-1",2476,"ENS"
"e16_ji1_TCATACTAGGATGAGA-1",2478,"Myofibroblast"
"e16_ji1_TCATACTTCCGTACGG-1",1303,"Simple Epithelial"
"e16_ji1_TCATACTTCTTCGTAT-1",1731,"Fibroblast"
"e16_ji1_TCATATCAGCCATTTG-1",856,"Smooth muscle"
"e16_ji1_TCATATCAGCGTTAGG-1",2269,"ENS"
"e16_ji1_TCATATCAGGTCGAGT-1",2173,"Endothelial"
"e16_ji1_TCATATCCAATGCTCA-1",636,"Fibroblast"
"e16_ji1_TCATATCCATTGACTG-1",1741,"Myofibroblast"
"e16_ji1_TCATATCGTACTGACT-1",1388,"Smooth muscle"
"e16_ji1_TCATATCGTCGCTCGA-1",3031,"ENS"
"e16_ji1_TCATATCGTGCTTATG-1",799,"Smooth muscle"
"e16_ji1_TCATATCTCAGCACCG-1",2038,"Fibroblast"
"e16_ji1_TCATATCTCATGCATG-1",947,"Myofibroblast"
"e16_ji1_TCATATCTCGCAAGAG-1",324,"ENS"
"e16_ji1_TCATATCTCTGCGGCA-1",3089,"ENS"
"e16_ji1_TCATCATCAACGTAAA-1",2955,"ENS"
"e16_ji1_TCATCATCAATGAACA-1",1454,"Fibroblast"
"e16_ji1_TCATCATCAATTCACG-1",2294,"Smooth muscle"
"e16_ji1_TCATCATCATTAAGCC-1",1600,"Fibroblast"
"e16_ji1_TCATCATGTGAATAAC-1",2868,"ENS"
"e16_ji1_TCATCATTCTGAGCAT-1",3067,"ENS"
"e16_ji1_TCATCCGAGAACTTCC-1",3417,"ENS"
"e16_ji1_TCATCCGAGAAGTATC-1",1378,"Simple Epithelial"
"e16_ji1_TCATCCGAGACTCTAC-1",3368,"Fibroblast"
"e16_ji1_TCATCCGAGCAGTACG-1",3022,"Smooth muscle"
"e16_ji1_TCATCCGAGGCTATCT-1",2404,"Fibroblast"
"e16_ji1_TCATCCGCACAACATC-1",977,"ENS"
"e16_ji1_TCATCCGCAGTGCGCT-1",2654,"Smooth muscle"
"e16_ji1_TCATCCGGTGCAGATG-1",240,"Smooth muscle"
"e16_ji1_TCATCCGGTTAGAAAC-1",3178,"Immune"
"e16_ji1_TCATCCGGTTCGTAAC-1",2244,"Myofibroblast"
"e16_ji1_TCATCCGTCCTCCACA-1",749,"ENS"
"e16_ji1_TCATCCGTCGTACCTC-1",3089,"ENS"
"e16_ji1_TCATCCGTCTCGCGTT-1",3089,"ENS"
"e16_ji1_TCATCCGTCTTTCCAA-1",2822,"Fibroblast"
"e16_ji1_TCATGAGCAGCGTTTA-1",2258,"ENS"
"e16_ji1_TCATGAGGTAGATTGA-1",2250,"ENS"
"e16_ji1_TCATGAGGTTGCCGCA-1",2452,"Smooth muscle"
"e16_ji1_TCATGAGTCATGGCCG-1",644,"Endothelial"
"e16_ji1_TCATGAGTCGAAGCCC-1",1518,"Smooth muscle"
"e16_ji1_TCATGAGTCGCTTGCT-1",253,"ENS"
"e16_ji1_TCATGCCAGCGATCGA-1",2994,"ENS"
"e16_ji1_TCATGCCCATGGAGAC-1",2613,"ENS"
"e16_ji1_TCATGCCGTCACTCAA-1",835,"Myofibroblast"
"e16_ji1_TCATGCCTCTTACACT-1",1069,"Smooth muscle"
"e16_ji1_TCATGCCTCTTACCGC-1",1743,"Endothelial"
"e16_ji1_TCATGGAAGCCTTCTC-1",810,"Myofibroblast"
"e16_ji1_TCATGGAAGGGTTAAT-1",663,"ENS"
"e16_ji1_TCATGGAAGGTAGCAC-1",2147,"ENS"
"e16_ji1_TCATGGAAGTTTAGGA-1",3117,"ENS"
"e16_ji1_TCATGGAGTGAGACGT-1",3354,"ENS"
"e16_ji1_TCATGGATCCCTGGTT-1",3089,"ENS"
"e16_ji1_TCATGGATCTTTGCAT-1",2216,"Smooth muscle"
"e16_ji1_TCATGTTCACAATTCG-1",2955,"ENS"
"e16_ji1_TCATGTTTCCGTGGGT-1",2469,"ENS"
"e16_ji1_TCATGTTTCTCATGCC-1",3130,"Smooth muscle"
"e16_ji1_TCATTACAGGTACTGG-1",1706,"ENS"
"e16_ji1_TCATTACCAATCCAGT-1",2857,"ENS"
"e16_ji1_TCATTACCATGACTGT-1",1122,"ENS"
"e16_ji1_TCATTACTCAGGCGAA-1",2374,"Fibroblast"
"e16_ji1_TCATTACTCTGGAAGG-1",2937,"Immune"
"e16_ji1_TCATTCAAGGGAGGAC-1",2269,"ENS"
"e16_ji1_TCATTCAAGTCATACC-1",1430,"Myofibroblast"
"e16_ji1_TCATTCACAACTGATC-1",2768,"Fibroblast"
"e16_ji1_TCATTCACAATCCAGT-1",2144,"Fibroblast"
"e16_ji1_TCATTCACATTATGCG-1",1706,"ENS"
"e16_ji1_TCATTCAGTGACTCTA-1",3089,"ENS"
"e16_ji1_TCATTCATCTCGGTCT-1",690,"Fibroblast"
"e16_ji1_TCATTGTCATATACCG-1",3205,"Fibroblast"
"e16_ji1_TCATTGTTCCAACACA-1",690,"Fibroblast"
"e16_ji1_TCATTTGAGCGACTAG-1",1651,"Smooth muscle"
"e16_ji1_TCATTTGAGGTCGTAG-1",2613,"ENS"
"e16_ji1_TCATTTGCAACCAATC-1",2405,"Fibroblast"
"e16_ji1_TCATTTGCAGAAGCGT-1",2994,"ENS"
"e16_ji1_TCATTTGCAGTAGTGG-1",1069,"Myofibroblast"
"e16_ji1_TCATTTGGTCTACGTA-1",1682,"Fibroblast"
"e16_ji1_TCATTTGGTTCTCCCA-1",1706,"ENS"
"e16_ji1_TCATTTGGTTGTTTGG-1",1071,"Myofibroblast"
"e16_ji1_TCATTTGTCAACCTTT-1",2570,"ENS"
"e16_ji1_TCCACCAAGCGACTTT-1",644,"Endothelial"
"e16_ji1_TCCACCAAGGATGGCT-1",2374,"Fibroblast"
"e16_ji1_TCCACCAAGTACCCTA-1",2408,"ENS"
"e16_ji1_TCCACCACAGCGAACA-1",131,"Endothelial"
"e16_ji1_TCCACCACAGCGGTTC-1",1227,"ENS"
"e16_ji1_TCCACCAGTCCGGTCA-1",3131,"Myofibroblast"
"e16_ji1_TCCACCAGTGCGTTTA-1",2458,"Endothelial"
"e16_ji1_TCCACCAGTGTACAGG-1",673,"Fibroblast"
"e16_ji1_TCCACCAGTTCCGCAG-1",2798,"ICC"
"e16_ji1_TCCACGTCAGAAGCTG-1",2403,"Fibroblast"
"e16_ji1_TCCACGTGTCGTCGGT-1",3031,"ENS"
"e16_ji1_TCCACGTGTGATAGAT-1",727,"Myofibroblast"
"e16_ji1_TCCACGTGTGCAATGG-1",736,"Immune"
"e16_ji1_TCCAGAACAACTGCCG-1",863,"ENS"
"e16_ji1_TCCAGAACACAGAGAC-1",1609,"ENS"
"e16_ji1_TCCAGAAGTACGATTC-1",1122,"ENS"
"e16_ji1_TCCAGAATCTTACTGT-1",2938,"Immune"
"e16_ji1_TCCATCGAGAAGGCTC-1",1106,"ENS"
"e16_ji1_TCCATCGAGCGGGTTA-1",2294,"ENS"
"e16_ji1_TCCATCGCACCTGATA-1",1796,"ENS"
"e16_ji1_TCCATCGGTCCGAAAG-1",2259,"ENS"
"e16_ji1_TCCATCGTCCTGTTAT-1",2077,"Endothelial"
"e16_ji1_TCCATCGTCGAGCACC-1",2733,"Myofibroblast"
"e16_ji1_TCCATGCAGAGAGCGG-1",3089,"ENS"
"e16_ji1_TCCATGCAGTATGAAC-1",2742,"Immune"
"e16_ji1_TCCATGCAGTTGGCTT-1",2025,"Myofibroblast"
"e16_ji1_TCCATGCCAACACGTT-1",1031,"Myofibroblast"
"e16_ji1_TCCATGCCAATCACGT-1",644,"Fibroblast"
"e16_ji1_TCCATGCGTATAGCTC-1",845,"Smooth muscle"
"e16_ji1_TCCATGCGTCCGTACG-1",1564,"Smooth muscle"
"e16_ji1_TCCATGCGTTCCTAAG-1",3268,"Smooth muscle"
"e16_ji1_TCCCACAGTAGTGCGA-1",2176,"Smooth muscle"
"e16_ji1_TCCCACATCCTCCACA-1",663,"ENS"
"e16_ji1_TCCCAGTAGCTACTGT-1",399,"Fibroblast"
"e16_ji1_TCCCAGTTCACAAGAA-1",2569,"Fibroblast"
"e16_ji1_TCCCAGTTCCATATGG-1",2448,"Fibroblast"
"e16_ji1_TCCCATGAGCGAGAAA-1",1724,"Smooth muscle"
"e16_ji1_TCCCATGAGTGTTCCA-1",1567,"ENS"
"e16_ji1_TCCCATGAGTTAACAG-1",2147,"ENS"
"e16_ji1_TCCCATGCAACGGCTC-1",767,"Fibroblast"
"e16_ji1_TCCCATGCAATGACCT-1",2822,"Pericyte"
"e16_ji1_TCCCATGCACACACTA-1",2269,"ENS"
"e16_ji1_TCCCATGCAGCGAACA-1",3081,"Myofibroblast"
"e16_ji1_TCCCATGGTGCTATTG-1",2757,"ENS"
"e16_ji1_TCCCATGGTGCTCTCT-1",3263,"Smooth muscle"
"e16_ji1_TCCCATGTCTGGCTGG-1",2033,"Myofibroblast"
"e16_ji1_TCCGAAAAGCCGAACA-1",1219,"Smooth muscle"
"e16_ji1_TCCGAAAAGTAAGGGA-1",2955,"ENS"
"e16_ji1_TCCGAAAAGTTCAACC-1",1792,"Smooth muscle"
"e16_ji1_TCCGAAACACCAGCGT-1",773,"Fibroblast"
"e16_ji1_TCCGAAACAGGCGAAT-1",3067,"ENS"
"e16_ji1_TCCGAAAGTATTGCCA-1",2375,"Fibroblast"
"e16_ji1_TCCGAAATCACCATAG-1",1886,"Myofibroblast"
"e16_ji1_TCCGATCAGGAAAGTG-1",1484,"ENS"
"e16_ji1_TCCGATCAGTGTAGAT-1",3089,"ENS"
"e16_ji1_TCCGATCCAAATCAAG-1",2757,"ENS"
"e16_ji1_TCCGATCCACTTCATT-1",3178,"Immune"
"e16_ji1_TCCGATCCATAAGCGG-1",920,"ENS"
"e16_ji1_TCCGATCCATCAACCA-1",2269,"ENS"
"e16_ji1_TCCGATCCATCTCATT-1",2635,"Smooth muscle"
"e16_ji1_TCCGATCTCGTTATCT-1",2103,"Immune"
"e16_ji1_TCCGGGAAGCACGATG-1",1099,"ENS"
"e16_ji1_TCCGGGAAGCATGCGA-1",1037,"Myofibroblast"
"e16_ji1_TCCGGGAAGGTTAGTA-1",347,"Smooth muscle"
"e16_ji1_TCCGGGAGTTCTAACG-1",637,"ICC"
"e16_ji1_TCCGGGATCCCATTCG-1",3147,"Fibroblast"
"e16_ji1_TCCGTGTCACCCTTAC-1",3089,"ENS"
"e16_ji1_TCCGTGTCACTCCGGA-1",1348,"Fibroblast"
"e16_ji1_TCCGTGTGTCGTATTG-1",1706,"ENS"
"e16_ji1_TCCGTGTTCTAAGAAG-1",1808,"ENS"
"e16_ji1_TCCGTGTTCTTGCGCT-1",2943,"Simple Epithelial"
"e16_ji1_TCCTAATCAAATTGGA-1",2411,"ENS"
"e16_ji1_TCCTAATCAACATCGT-1",2144,"Fibroblast"
"e16_ji1_TCCTAATCAACTGCTA-1",3145,"Myofibroblast"
"e16_ji1_TCCTAATCAGACCAGA-1",2621,"Smooth muscle"
"e16_ji1_TCCTAATCATCCTAAG-1",2327,"ENS"
"e16_ji1_TCCTAATGTGCTCGTG-1",2742,"Immune"
"e16_ji1_TCCTAATGTTAAACAG-1",3058,"Myofibroblast"
"e16_ji1_TCCTCCCAGCAGAAAG-1",1793,"Smooth muscle"
"e16_ji1_TCCTCCCAGGACAGCT-1",2123,"ICC"
"e16_ji1_TCCTCCCAGGCACCAA-1",2486,"Smooth muscle"
"e16_ji1_TCCTCCCAGTAGACCG-1",2454,"ICC"
"e16_ji1_TCCTCCCCAGCCGGTT-1",2992,"ENS"
"e16_ji1_TCCTCCCCATAGTCGT-1",3023,"ENS"
"e16_ji1_TCCTCCCGTCATCAGT-1",2955,"ENS"
"e16_ji1_TCCTCCCGTTTGATCG-1",2158,"ENS"
"e16_ji1_TCCTCGAAGCCTCACG-1",1518,"Myofibroblast"
"e16_ji1_TCCTCGACACACAGCC-1",3089,"ENS"
"e16_ji1_TCCTCGACACATCCCT-1",2986,"Myofibroblast"
"e16_ji1_TCCTCGAGTGTCTCCT-1",1796,"ENS"
"e16_ji1_TCCTCGATCCACCTCA-1",2022,"Simple Epithelial"
"e16_ji1_TCCTCGATCCCTATTA-1",1796,"ENS"
"e16_ji1_TCCTCTTAGATTGACA-1",1247,"Fibroblast"
"e16_ji1_TCCTCTTCAAGTTCGT-1",687,"Fibroblast"
"e16_ji1_TCCTCTTCACCTTCCA-1",1530,"Fibroblast"
"e16_ji1_TCCTCTTCACTACCGG-1",3344,"Smooth muscle"
"e16_ji1_TCCTCTTGTGGTTCTA-1",2694,"Myofibroblast"
"e16_ji1_TCCTCTTTCGCATTGA-1",1673,"ENS"
"e16_ji1_TCCTCTTTCTACGCAA-1",1524,"Smooth muscle"
"e16_ji1_TCCTGCAAGGATTCCT-1",1431,"Mesothelial"
"e16_ji1_TCCTGCAAGTTCCGTA-1",1087,"Smooth muscle"
"e16_ji1_TCCTGCACACGCTGCA-1",1886,"Smooth muscle"
"e16_ji1_TCCTGCACACTATGTG-1",2583,"ENS"
"e16_ji1_TCCTGCACATGACCCG-1",1507,"Simple Epithelial"
"e16_ji1_TCCTGCAGTAGCTGCC-1",1912,"Fibroblast"
"e16_ji1_TCCTGCAGTCTTCTAT-1",1533,"Smooth muscle"
"e16_ji1_TCCTGCAGTTGAGTCT-1",2147,"ENS"
"e16_ji1_TCCTGCATCAGCACCG-1",2709,"ENS"
"e16_ji1_TCCTGCATCCGGTTCT-1",3178,"Immune"
"e16_ji1_TCCTGCATCTACACAG-1",1787,"Fibroblast"
"e16_ji1_TCCTTCTAGCCTTTCC-1",2401,"Smooth muscle"
"e16_ji1_TCCTTCTCACGCGTCA-1",2992,"ENS"
"e16_ji1_TCCTTCTCAGGACAGT-1",3089,"ENS"
"e16_ji1_TCCTTCTGTATGCTTG-1",760,"ENS"
"e16_ji1_TCCTTCTGTGGTTTGT-1",2369,"Mesothelial"
"e16_ji1_TCCTTTCAGCATCGAG-1",2976,"Fibroblast"
"e16_ji1_TCCTTTCAGGGAGGGT-1",3170,"Pericyte"
"e16_ji1_TCCTTTCAGTGTACAA-1",1031,"Smooth muscle"
"e16_ji1_TCCTTTCCACGCAGTC-1",2544,"Fibroblast"
"e16_ji1_TCCTTTCGTACCACGC-1",2986,"Myofibroblast"
"e16_ji1_TCCTTTCGTAGCGCCT-1",349,"Smooth muscle"
"e16_ji1_TCCTTTCTCATGCATG-1",3205,"ICC"
"e16_ji1_TCGAACAAGCGGTAAC-1",1588,"Fibroblast"
"e16_ji1_TCGAACAAGGGTCAAC-1",2415,"Myofibroblast"
"e16_ji1_TCGAACACAACTGAAA-1",1817,"ENS"
"e16_ji1_TCGAACACAATAGAGT-1",1096,"ICC"
"e16_ji1_TCGAACACAGATCCTA-1",749,"Smooth muscle"
"e16_ji1_TCGAACAGTACGTAGG-1",799,"Myofibroblast"
"e16_ji1_TCGAACAGTCGCTTGG-1",1561,"Smooth muscle"
"e16_ji1_TCGAACATCATCTGTT-1",1378,"Simple Epithelial"
"e16_ji1_TCGAACATCCGACATA-1",2486,"Myofibroblast"
"e16_ji1_TCGAACATCTCAGTCC-1",1651,"Fibroblast"
"e16_ji1_TCGAAGTAGAAGCGGG-1",1764,"Fibroblast"
"e16_ji1_TCGAAGTAGCTCGACC-1",2103,"Immune"
"e16_ji1_TCGAAGTCATGTGGTT-1",3300,"Smooth muscle"
"e16_ji1_TCGAAGTGTGTATCCA-1",647,"Myofibroblast"
"e16_ji1_TCGAAGTGTGTGCTTA-1",2635,"Fibroblast"
"e16_ji1_TCGACCTAGATAGGGA-1",1597,"Fibroblast"
"e16_ji1_TCGACCTAGGAGCTGT-1",1336,"ICC"
"e16_ji1_TCGACCTCAGGAAGTC-1",3196,"Smooth muscle"
"e16_ji1_TCGACCTGTCCATCTC-1",2798,"Smooth muscle"
"e16_ji1_TCGACCTGTGGGATTG-1",1929,"Fibroblast"
"e16_ji1_TCGACGGCAATTTCCT-1",637,"Fibroblast"
"e16_ji1_TCGACGGCACGTCGGT-1",3354,"ENS"
"e16_ji1_TCGACGGCATGACGAG-1",130,"ENS"
"e16_ji1_TCGACGGGTACGTGTT-1",1758,"ENS"
"e16_ji1_TCGACGGGTAGTGCGA-1",1940,"Mesothelial"
"e16_ji1_TCGACGGGTTCTTGTT-1",3354,"ENS"
"e16_ji1_TCGACGGTCTGGTGCG-1",3089,"ENS"
"e16_ji1_TCGATTTAGACAACAT-1",2768,"Fibroblast"
"e16_ji1_TCGATTTAGCGGCTCT-1",2955,"ENS"
"e16_ji1_TCGATTTCACCATATG-1",1731,"Fibroblast"
"e16_ji1_TCGATTTCAGTAGGAC-1",1642,"ENS"
"e16_ji1_TCGATTTTCACCTTGC-1",2294,"ENS"
"e16_ji1_TCGCACTAGTGTTGAA-1",3397,"Fibroblast"
"e16_ji1_TCGCACTCATATCTCT-1",2737,"Myofibroblast"
"e16_ji1_TCGCACTCATCTTTCA-1",1348,"Pericyte"
"e16_ji1_TCGCACTGTACGTTCA-1",3089,"ENS"
"e16_ji1_TCGCACTGTATCGCGC-1",2955,"ENS"
"e16_ji1_TCGCACTGTTGCCTAA-1",3229,"Myofibroblast"
"e16_ji1_TCGCACTTCAGCCTCT-1",3059,"ENS"
"e16_ji1_TCGCACTTCCCGTGAG-1",1122,"ENS"
"e16_ji1_TCGCACTTCGCCAACG-1",793,"Fibroblast"
"e16_ji1_TCGCAGGAGTCGCCAC-1",3164,"Myofibroblast"
"e16_ji1_TCGCAGGCAAGGGCAT-1",353,"ENS"
"e16_ji1_TCGCAGGCATGCAGGA-1",1927,"Fibroblast"
"e16_ji1_TCGCAGGGTGTCATGT-1",3013,"Fibroblast"
"e16_ji1_TCGCAGGTCCTAGCTC-1",1438,"Smooth muscle"
"e16_ji1_TCGCAGGTCGAGTCTA-1",2645,"ENS"
"e16_ji1_TCGCAGGTCTCTTCAA-1",2496,"Fibroblast"
"e16_ji1_TCGCTCAAGGACTATA-1",2552,"Fibroblast"
"e16_ji1_TCGCTCACAGACACCC-1",3031,"ENS"
"e16_ji1_TCGCTCAGTAGGTAGC-1",644,"Endothelial"
"e16_ji1_TCGCTCAGTCGCCACA-1",3196,"ICC"
"e16_ji1_TCGCTCAGTGGCTTAT-1",1167,"Smooth muscle"
"e16_ji1_TCGCTCATCTGGAAGG-1",429,"Fibroblast"
"e16_ji1_TCGCTTGAGAGGCGTT-1",2025,"Smooth muscle"
"e16_ji1_TCGCTTGAGCCAGAGT-1",2250,"ENS"
"e16_ji1_TCGCTTGAGTGATCGG-1",2430,"Simple Epithelial"
"e16_ji1_TCGCTTGAGTTGCCCG-1",2033,"Smooth muscle"
"e16_ji1_TCGCTTGCAAATCCCA-1",1796,"ENS"
"e16_ji1_TCGCTTGCAAGTAGTA-1",2645,"ENS"
"e16_ji1_TCGCTTGGTACCCAGC-1",2757,"ENS"
"e16_ji1_TCGCTTGGTACGAGTG-1",2389,"Myofibroblast"
"e16_ji1_TCGCTTGGTCACCCTT-1",3397,"Fibroblast"
"e16_ji1_TCGCTTGGTTGGTAGG-1",1886,"Myofibroblast"
"e16_ji1_TCGCTTGTCAAGGAGC-1",3349,"Smooth muscle"
"e16_ji1_TCGCTTGTCACTACGA-1",1204,"ENS"
"e16_ji1_TCGGATAAGAATTTGG-1",3089,"ENS"
"e16_ji1_TCGGATAAGACACACG-1",634,"Fibroblast"
"e16_ji1_TCGGATAAGCGGTATG-1",1743,"Myofibroblast"
"e16_ji1_TCGGATACAAATGGAT-1",1454,"Mesothelial"
"e16_ji1_TCGGATACACTCCTTG-1",1684,"Smooth muscle"
"e16_ji1_TCGGATACACTTGTGA-1",1515,"Smooth muscle"
"e16_ji1_TCGGATAGTAAGCAAT-1",1031,"Fibroblast"
"e16_ji1_TCGGATAGTCCCAAAT-1",1515,"Fibroblast"
"e16_ji1_TCGGATATCACCGGGT-1",3089,"ENS"
"e16_ji1_TCGGATATCCGCAGTG-1",1731,"Fibroblast"
"e16_ji1_TCGGATATCCTACCAC-1",2709,"ENS"
"e16_ji1_TCGGGACAGGCTCTAT-1",1457,"Fibroblast"
"e16_ji1_TCGGGACCAAGACAAT-1",2937,"Immune"
"e16_ji1_TCGGGACCAGCGTTTA-1",903,"Fibroblast"
"e16_ji1_TCGGGACCATTAAAGG-1",2033,"Myofibroblast"
"e16_ji1_TCGGGACGTATCGGTT-1",1240,"Smooth muscle"
"e16_ji1_TCGGGACGTCATGCAT-1",3154,"Myofibroblast"
"e16_ji1_TCGGGACGTCGAACGA-1",2436,"Fibroblast"
"e16_ji1_TCGGGACTCACTAGCA-1",2269,"ENS"
"e16_ji1_TCGGGACTCATGAGTC-1",1486,"ENS"
"e16_ji1_TCGGGACTCCAACTGA-1",3023,"ENS"
"e16_ji1_TCGGGACTCCGGCAAC-1",2994,"ENS"
"e16_ji1_TCGGGACTCTGCGGCA-1",2696,"ENS"
"e16_ji1_TCGGGCACATGTGACT-1",381,"ENS"
"e16_ji1_TCGGGCATCCTCTTTC-1",2214,"Myofibroblast"
"e16_ji1_TCGGGCATCGATACTG-1",2868,"ENS"
"e16_ji1_TCGGGTGAGTAAACGT-1",1400,"Fibroblast"
"e16_ji1_TCGGGTGAGTGGATAT-1",2955,"Simple Epithelial"
"e16_ji1_TCGGGTGCACGATAGG-1",1706,"ENS"
"e16_ji1_TCGGGTGCATATGCGT-1",920,"ENS"
"e16_ji1_TCGGGTGGTGAGTCAG-1",2937,"Immune"
"e16_ji1_TCGGGTGTCTGCCCTA-1",2994,"ENS"
"e16_ji1_TCGGTCTAGATGTTAG-1",3377,"Myofibroblast"
"e16_ji1_TCGGTCTAGGTTAGTA-1",2581,"ENS"
"e16_ji1_TCGGTCTCAACGGGTA-1",2798,"Smooth muscle"
"e16_ji1_TCGGTCTCAGAGGCTA-1",823,"Fibroblast"
"e16_ji1_TCGGTCTGTCGGTGAA-1",2105,"Fibroblast"
"e16_ji1_TCGTAGAAGCATTGAA-1",2635,"Fibroblast"
"e16_ji1_TCGTAGAAGGCTTAGG-1",2714,"ENS"
"e16_ji1_TCGTAGAAGTCTGGTT-1",2269,"ENS"
"e16_ji1_TCGTAGACAGCTCGGT-1",1387,"Endothelial"
"e16_ji1_TCGTAGAGTGGCCACT-1",1381,"Smooth muscle"
"e16_ji1_TCGTAGATCAAACTGC-1",920,"ENS"
"e16_ji1_TCGTCCAAGCGAGGAG-1",3039,"ENS"
"e16_ji1_TCGTCCAAGTCGAGGT-1",503,"Fibroblast"
"e16_ji1_TCGTCCACACCATTCC-1",1308,"Fibroblast"
"e16_ji1_TCGTCCACATCGGTTA-1",2173,"Endothelial"
"e16_ji1_TCGTCCATCTTAGCCC-1",1204,"ENS"
"e16_ji1_TCGTGCTAGAATAACC-1",2295,"Fibroblast"
"e16_ji1_TCGTGCTCAGTCCGTG-1",55,"Smooth muscle"
"e16_ji1_TCGTGCTGTACTCCGG-1",2294,"ENS"
"e16_ji1_TCGTGGGAGAAGCCAC-1",2583,"ENS"
"e16_ji1_TCGTGGGAGAAGTCTA-1",2962,"ENS"
"e16_ji1_TCGTGGGAGGGAGATA-1",223,"ENS"
"e16_ji1_TCGTGGGCAAAGACTA-1",3332,"Myofibroblast"
"e16_ji1_TCGTGGGCAATGTCAC-1",749,"ENS"
"e16_ji1_TCGTGGGCAATTGCTG-1",2147,"ENS"
"e16_ji1_TCGTGGGGTGACTCGC-1",1743,"Myofibroblast"
"e16_ji1_TCGTGGGGTTGCCAAT-1",2941,"Simple Epithelial"
"e16_ji1_TCGTGGGTCTGCATGA-1",2269,"ENS"
"e16_ji1_TCTAACTAGCAACTTC-1",2570,"ENS"
"e16_ji1_TCTAACTCATAACTCG-1",3295,"Smooth muscle"
"e16_ji1_TCTAACTCATGACTAC-1",3300,"Fibroblast"
"e16_ji1_TCTAACTGTAGTCTGT-1",1588,"Fibroblast"
"e16_ji1_TCTAACTGTCTCGGGT-1",3300,"Fibroblast"
"e16_ji1_TCTAACTGTTGCACGC-1",2977,"ICC"
"e16_ji1_TCTAACTTCTTCTGGC-1",1037,"Fibroblast"
"e16_ji1_TCTACATAGATGTTCC-1",1662,"Fibroblast"
"e16_ji1_TCTACATAGGCATCAG-1",2937,"Immune"
"e16_ji1_TCTACATAGGTGCTAG-1",3178,"Immune"
"e16_ji1_TCTACATGTATTTCGG-1",3354,"ENS"
"e16_ji1_TCTACATGTTCAATCG-1",904,"Smooth muscle"
"e16_ji1_TCTACATGTTGCTCGG-1",2469,"ENS"
"e16_ji1_TCTACATTCAGGAAAT-1",2069,"Endothelial"
"e16_ji1_TCTACATTCATTGCGA-1",73,"ENS"
"e16_ji1_TCTACATTCCACAGCG-1",2115,"Myofibroblast"
"e16_ji1_TCTACATTCCATTTAC-1",1796,"ENS"
"e16_ji1_TCTACATTCTGAGAGG-1",2458,"Endothelial"
"e16_ji1_TCTACCGAGAGTGAAG-1",2675,"Smooth muscle"
"e16_ji1_TCTACCGAGCGCCTAC-1",3089,"ENS"
"e16_ji1_TCTACCGAGGGTGAGG-1",3133,"Fibroblast"
"e16_ji1_TCTACCGAGGTAGACC-1",2863,"ENS"
"e16_ji1_TCTACCGCAATTGGTC-1",3089,"ENS"
"e16_ji1_TCTACCGGTAGCGATG-1",1636,"Simple Epithelial"
"e16_ji1_TCTATACAGACCGTTT-1",2325,"Fibroblast"
"e16_ji1_TCTATACAGACTTCAC-1",2469,"ENS"
"e16_ji1_TCTATACAGGCCGCTT-1",2284,"ENS"
"e16_ji1_TCTATACCAAGTGCTT-1",2699,"ENS"
"e16_ji1_TCTATACCAGAAGTTA-1",2089,"ENS"
"e16_ji1_TCTATACCATTCTCTA-1",2089,"ENS"
"e16_ji1_TCTATACGTAGATCCT-1",620,"Myofibroblast"
"e16_ji1_TCTATACGTTAAGCAA-1",3226,"Myofibroblast"
"e16_ji1_TCTATACGTTCGGTTA-1",1247,"Smooth muscle"
"e16_ji1_TCTATACTCATTACGG-1",3405,"Fibroblast"
"e16_ji1_TCTATCAAGGGTTGCA-1",2675,"Fibroblast"
"e16_ji1_TCTATCACACACCAGC-1",1749,"Mesothelial"
"e16_ji1_TCTATCACAGACCCGT-1",3089,"ENS"
"e16_ji1_TCTATCACATTGCTGA-1",338,"Smooth muscle"
"e16_ji1_TCTATCAGTTAGGCCC-1",2613,"ENS"
"e16_ji1_TCTCACGAGTTGCTCA-1",3089,"ENS"
"e16_ji1_TCTCACGCACGATTCA-1",3059,"ENS"
"e16_ji1_TCTCACGGTTACCTGA-1",2408,"ENS"
"e16_ji1_TCTCAGCAGGCCACTC-1",1404,"ENS"
"e16_ji1_TCTCAGCCAAATGCTC-1",2739,"Smooth muscle"
"e16_ji1_TCTCAGCCAAGTGGAC-1",2768,"Fibroblast"
"e16_ji1_TCTCAGCGTATAGGGC-1",1524,"Smooth muscle"
"e16_ji1_TCTCAGCGTTAGCTAC-1",2868,"ENS"
"e16_ji1_TCTCAGCTCCTCCACA-1",1731,"Fibroblast"
"e16_ji1_TCTCCGAAGATTGCGG-1",2642,"Smooth muscle"
"e16_ji1_TCTCCGAAGCAATTAG-1",3354,"ENS"
"e16_ji1_TCTCCGAAGGTTCCAT-1",2431,"Myofibroblast"
"e16_ji1_TCTCCGAAGGTTGTTC-1",2288,"Fibroblast"
"e16_ji1_TCTCCGAAGTAGGTTA-1",863,"ENS"
"e16_ji1_TCTCCGAAGTGGCAGT-1",207,"ICC"
"e16_ji1_TCTCCGACAACGCCCA-1",773,"Fibroblast"
"e16_ji1_TCTCCGACACAGAAGC-1",908,"Fibroblast"
"e16_ji1_TCTCCGACAGCTCGGT-1",2436,"Smooth muscle"
"e16_ji1_TCTCCGAGTACTCGTA-1",3089,"ENS"
"e16_ji1_TCTCCGATCATCGCCT-1",2147,"ENS"
"e16_ji1_TCTCCGATCGGAATGG-1",799,"Fibroblast"
"e16_ji1_TCTCCGATCTCTGGTC-1",477,"ENS"
"e16_ji1_TCTCCGATCTGCATGA-1",1497,"ENS"
"e16_ji1_TCTCCGATCTTCTGTA-1",644,"Smooth muscle"
"e16_ji1_TCTCTGGAGATCCCGC-1",773,"Smooth muscle"
"e16_ji1_TCTCTGGAGATGCTTC-1",637,"Myofibroblast"
"e16_ji1_TCTCTGGCAAGCGCAA-1",2973,"Fibroblast"
"e16_ji1_TCTCTGGGTCTTGGTA-1",650,"Fibroblast"
"e16_ji1_TCTCTGGGTGTTTGCA-1",2955,"ENS"
"e16_ji1_TCTCTGGTCCGGTAAT-1",1846,"Smooth muscle"
"e16_ji1_TCTCTGGTCGCATGAT-1",1381,"Fibroblast"
"e16_ji1_TCTGCCAAGCCATATC-1",3280,"Fibroblast"
"e16_ji1_TCTGCCAAGCGGTAGT-1",3377,"Smooth muscle"
"e16_ji1_TCTGCCACAATGCAAA-1",2458,"Endothelial"
"e16_ji1_TCTGCCACACTATGTG-1",1912,"Fibroblast"
"e16_ji1_TCTGCCACAGCTCATA-1",2741,"Fibroblast"
"e16_ji1_TCTGCCACAGGACATG-1",2767,"ICC"
"e16_ji1_TCTGCCAGTAACCCGC-1",776,"Pericyte"
"e16_ji1_TCTGCCAGTCAGCTTA-1",2678,"Fibroblast"
"e16_ji1_TCTGCCAGTCCGGCAT-1",3089,"ENS"
"e16_ji1_TCTGCCAGTGTCGATT-1",1767,"Fibroblast"
"e16_ji1_TCTGCCATCAGTCATG-1",2889,"ENS"
"e16_ji1_TCTGCCATCGGTCACG-1",2992,"ENS"
"e16_ji1_TCTGGCTAGAGTATAC-1",2211,"Smooth muscle"
"e16_ji1_TCTGGCTCAACCACAT-1",831,"Endothelial"
"e16_ji1_TCTGGCTGTGCTGTCG-1",264,"ENS"
"e16_ji1_TCTGGCTTCAAACTGC-1",2210,"Myofibroblast"
"e16_ji1_TCTGGCTTCGGCGATC-1",3089,"ENS"
"e16_ji1_TCTGTCGAGCAGAAAG-1",3031,"ENS"
"e16_ji1_TCTGTCGAGGGTTGCA-1",1540,"Smooth muscle"
"e16_ji1_TCTGTCGCAACCACAT-1",1883,"Endothelial"
"e16_ji1_TCTGTCGTCCGAAGGA-1",467,"ENS"
"e16_ji1_TCTTAGTAGACAACTA-1",667,"Fibroblast"
"e16_ji1_TCTTAGTAGCTCAGAG-1",2214,"Myofibroblast"
"e16_ji1_TCTTAGTAGGAGTCTG-1",3089,"ENS"
"e16_ji1_TCTTAGTAGGCCATAG-1",3020,"Myofibroblast"
"e16_ji1_TCTTAGTAGTCTGGTT-1",642,"Smooth muscle"
"e16_ji1_TCTTAGTGTACCTGTA-1",1884,"Myofibroblast"
"e16_ji1_TCTTCCTAGACTTAAG-1",3133,"Fibroblast"
"e16_ji1_TCTTCCTAGTGAACAT-1",2170,"Myofibroblast"
"e16_ji1_TCTTCCTAGTTAGTGA-1",2696,"ENS"
"e16_ji1_TCTTCCTCAAATGCTC-1",1583,"Myofibroblast"
"e16_ji1_TCTTCCTCAACTCCAA-1",280,"ENS"
"e16_ji1_TCTTCCTCAGCTTTGA-1",1662,"Smooth muscle"
"e16_ji1_TCTTCCTCATGGAACG-1",3118,"ENS"
"e16_ji1_TCTTCCTTCGCGCCAA-1",668,"Immune"
"e16_ji1_TCTTGCGAGAAGCCTG-1",1609,"ENS"
"e16_ji1_TCTTGCGAGGCCGCTT-1",2436,"Fibroblast"
"e16_ji1_TCTTGCGTCCAGCCTT-1",1884,"Smooth muscle"
"e16_ji1_TCTTTGAAGCGAACTG-1",1413,"Fibroblast"
"e16_ji1_TCTTTGACATCGAGCC-1",1303,"Simple Epithelial"
"e16_ji1_TCTTTGAGTATACGGG-1",634,"ICC"
"e16_ji1_TCTTTGAGTCCGGACT-1",2211,"Smooth muscle"
"e16_ji1_TCTTTGAGTGGACTAG-1",1609,"ENS"
"e16_ji1_TCTTTGATCCATTGGA-1",2613,"ENS"
"e16_ji1_TCTTTGATCTCGCTTG-1",2726,"ENS"
"e16_ji1_TCTTTGATCTGCCCTA-1",3119,"ENS"
"e16_ji1_TCTTTGATCTTTCGAT-1",1651,"Pericyte"
"e16_ji1_TGAACGTAGACCAACG-1",2090,"ENS"
"e16_ji1_TGAACGTAGTTTAGGA-1",1030,"Smooth muscle"
"e16_ji1_TGAACGTCACAGCATT-1",3351,"Endothelial"
"e16_ji1_TGAACGTGTTCGATTG-1",2343,"Simple Epithelial"
"e16_ji1_TGAACGTTCGATTTCT-1",3360,"ENS"
"e16_ji1_TGAATCGAGCAGAAAG-1",1886,"Myofibroblast"
"e16_ji1_TGAATCGCAAGGTCTT-1",3354,"ENS"
"e16_ji1_TGAATCGCAATCCAGT-1",2680,"Smooth muscle"
"e16_ji1_TGAATCGGTCTGTAGT-1",1597,"Smooth muscle"
"e16_ji1_TGAATCGGTGGTATGG-1",1260,"ENS"
"e16_ji1_TGAATCGGTTCCATTT-1",3205,"Mesothelial"
"e16_ji1_TGAATCGTCAGGAAGC-1",2759,"Smooth muscle"
"e16_ji1_TGAATCGTCCTCTTTC-1",3031,"ENS"
"e16_ji1_TGAATGCAGCACCGTC-1",2198,"Fibroblast"
"e16_ji1_TGAATGCAGGCTGGAT-1",2994,"ENS"
"e16_ji1_TGAATGCCAGCATGCC-1",920,"ENS"
"e16_ji1_TGAATGCCATGACTTG-1",407,"Endothelial"
"e16_ji1_TGAATGCGTAACGGTG-1",737,"Endothelial"
"e16_ji1_TGAATGCGTCCAAGAG-1",2090,"ENS"
"e16_ji1_TGAATGCGTCCACTTC-1",760,"ENS"
"e16_ji1_TGAATGCGTGCATGTT-1",3354,"ENS"
"e16_ji1_TGAATGCGTGGGTATG-1",1378,"Simple Epithelial"
"e16_ji1_TGAATGCTCACAGTGT-1",3265,"ICC"
"e16_ji1_TGAATGCTCACGATCA-1",1846,"Smooth muscle"
"e16_ji1_TGAATGCTCCCTATTA-1",2250,"ENS"
"e16_ji1_TGAATGCTCGATACAC-1",2125,"Fibroblast"
"e16_ji1_TGAATGCTCTACCTTA-1",3302,"Smooth muscle"
"e16_ji1_TGACAGTAGTCGTCTA-1",1796,"ENS"
"e16_ji1_TGACAGTAGTGAGCCA-1",877,"Smooth muscle"
"e16_ji1_TGACAGTCAACAAAGT-1",744,"Smooth muscle"
"e16_ji1_TGACAGTCAAGGTACG-1",543,"Smooth muscle"
"e16_ji1_TGACAGTCATTACTCT-1",933,"ENS"
"e16_ji1_TGACAGTTCATTGGTG-1",2403,"Fibroblast"
"e16_ji1_TGACAGTTCCACTGAA-1",2147,"ENS"
"e16_ji1_TGACCCTCAGGATGAC-1",947,"Smooth muscle"
"e16_ji1_TGACCCTGTACTCCCT-1",3089,"ENS"
"e16_ji1_TGACCCTTCCACTTCG-1",968,"ENS"
"e16_ji1_TGACGCGCACCCATAA-1",433,"ENS"
"e16_ji1_TGACGCGCACGTCTCT-1",2403,"Fibroblast"
"e16_ji1_TGACGCGCAGCTCGGT-1",1669,"ICC"
"e16_ji1_TGACGCGGTCTGTAGT-1",1535,"ICC"
"e16_ji1_TGACGCGTCGATTGAC-1",2436,"Fibroblast"
"e16_ji1_TGACTCCAGAAGCGAA-1",687,"Myofibroblast"
"e16_ji1_TGACTCCCATAATCGC-1",1899,"Fibroblast"
"e16_ji1_TGACTCCGTCCTGAAT-1",3089,"ENS"
"e16_ji1_TGACTCCTCCACACCT-1",3175,"Fibroblast"
"e16_ji1_TGAGACTAGATGCGAC-1",2613,"ENS"
"e16_ji1_TGAGACTAGGATTCAA-1",537,"Fibroblast"
"e16_ji1_TGAGACTAGGCCGCTT-1",3072,"ENS"
"e16_ji1_TGAGACTCACTACCGG-1",3300,"Fibroblast"
"e16_ji1_TGAGACTCAGATAAAC-1",3243,"Fibroblast"
"e16_ji1_TGAGACTCATGGCCCA-1",2945,"ENS"
"e16_ji1_TGAGACTCATGTTACG-1",2645,"ENS"
"e16_ji1_TGAGACTGTCCACGCA-1",2613,"ENS"
"e16_ji1_TGAGACTTCCTCGCAT-1",2808,"ENS"
"e16_ji1_TGAGACTTCGTGGCTG-1",2909,"Fibroblast"
"e16_ji1_TGAGCATAGAGGTGCT-1",1796,"ENS"
"e16_ji1_TGAGCATCAAGGGTCA-1",2209,"Immune"
"e16_ji1_TGAGCATCATTAAGCC-1",2469,"ENS"
"e16_ji1_TGAGCATTCTTGGTCC-1",2994,"ENS"
"e16_ji1_TGAGCGCAGAAGCCTG-1",2144,"ICC"
"e16_ji1_TGAGCGCAGCACCCAC-1",2147,"ENS"
"e16_ji1_TGAGCGCAGCGCCTTG-1",800,"Fibroblast"
"e16_ji1_TGAGCGCAGGCCCGTT-1",3334,"ICC"
"e16_ji1_TGAGCGCGTGGACTAG-1",2948,"Fibroblast"
"e16_ji1_TGAGCGCGTTCGGACC-1",2488,"Smooth muscle"
"e16_ji1_TGAGCGCGTTGGCCGT-1",1568,"ENS"
"e16_ji1_TGAGGAGAGCCGGATA-1",1754,"ENS"
"e16_ji1_TGAGGAGCACGTATAC-1",3089,"ENS"
"e16_ji1_TGAGGAGCAGCTGTAT-1",3354,"ENS"
"e16_ji1_TGAGGAGTCAACTACG-1",3145,"Fibroblast"
"e16_ji1_TGAGGGAAGCGACTTT-1",1893,"Fibroblast"
"e16_ji1_TGAGGGACACAGCGCT-1",2772,"Mesothelial"
"e16_ji1_TGAGGGACACTAACGT-1",2126,"ENS"
"e16_ji1_TGAGGGACACTCCGGA-1",2469,"ENS"
"e16_ji1_TGAGGGACAGCTGTTA-1",2077,"Endothelial"
"e16_ji1_TGAGGGACATGGACAG-1",1560,"Smooth muscle"
"e16_ji1_TGAGGGACATTGTAGC-1",1634,"ICC"
"e16_ji1_TGAGGGAGTAGAGATT-1",3089,"ENS"
"e16_ji1_TGAGGGAGTCCATAGT-1",3120,"ENS"
"e16_ji1_TGAGGGAGTCTCCTGT-1",2476,"ENS"
"e16_ji1_TGAGGGAGTGTGGTCC-1",3089,"ENS"
"e16_ji1_TGAGGGAGTTTGTTGG-1",1522,"Simple Epithelial"
"e16_ji1_TGAGGTTAGGTAATCA-1",2461,"Fibroblast"
"e16_ji1_TGAGGTTAGTTGTAGA-1",2126,"ENS"
"e16_ji1_TGAGGTTCATCTCGTC-1",2341,"Smooth muscle"
"e16_ji1_TGAGGTTGTACCTTCC-1",1517,"Fibroblast"
"e16_ji1_TGAGGTTGTATGCGTT-1",2198,"Smooth muscle"
"e16_ji1_TGAGGTTGTCCACGCA-1",667,"Smooth muscle"
"e16_ji1_TGAGTCAAGAGGTTAT-1",108,"ENS"
"e16_ji1_TGAGTCAAGATCGACG-1",21,"Fibroblast"
"e16_ji1_TGAGTCAAGGAGTCTG-1",1449,"ENS"
"e16_ji1_TGAGTCAAGGATTTAG-1",1341,"Endothelial"
"e16_ji1_TGAGTCACACAGTACT-1",2516,"Fibroblast"
"e16_ji1_TGAGTCACACGCAAAG-1",1587,"Myofibroblast"
"e16_ji1_TGAGTCACATCAACCA-1",1462,"Smooth muscle"
"e16_ji1_TGAGTCAGTATGGTAA-1",1796,"ENS"
"e16_ji1_TGAGTCAGTGGCTTAT-1",1204,"Fibroblast"
"e16_ji1_TGAGTCAGTGTCCAAT-1",2411,"ENS"
"e16_ji1_TGAGTCATCAAGGACG-1",2655,"ENS"
"e16_ji1_TGATCAGAGAAACTGT-1",2955,"ENS"
"e16_ji1_TGATCAGAGGCTGAAC-1",2868,"ENS"
"e16_ji1_TGATCAGCAAGACCGA-1",2798,"Fibroblast"
"e16_ji1_TGATCAGGTCTTACAG-1",1688,"ENS"
"e16_ji1_TGATCAGGTGGTCTGC-1",801,"Mesothelial"
"e16_ji1_TGATCAGTCAAGTTGC-1",760,"ENS"
"e16_ji1_TGATCAGTCCGATGTA-1",2250,"ENS"
"e16_ji1_TGATCAGTCGTTCTGC-1",1659,"Fibroblast"
"e16_ji1_TGATCTTAGGATACGC-1",2147,"ENS"
"e16_ji1_TGATCTTCATAGACTC-1",2337,"Fibroblast"
"e16_ji1_TGATCTTGTCAACCAT-1",2425,"Smooth muscle"
"e16_ji1_TGATCTTGTCATCGCG-1",40,"Smooth muscle"
"e16_ji1_TGATCTTTCACATACG-1",205,"Myofibroblast"
"e16_ji1_TGATCTTTCCCTTGGT-1",1720,"Fibroblast"
"e16_ji1_TGATGCAAGCTCGGCT-1",3031,"ENS"
"e16_ji1_TGATGCACACACGCCA-1",673,"Fibroblast"
"e16_ji1_TGATGGTCAGAATCGG-1",437,"ICC"
"e16_ji1_TGATGGTCATCGCTAA-1",1122,"ENS"
"e16_ji1_TGATGGTGTCACGTGC-1",2719,"ICC"
"e16_ji1_TGATGGTGTTGTCATG-1",2688,"Smooth muscle"
"e16_ji1_TGATGGTTCAATCGGT-1",1678,"ENS"
"e16_ji1_TGATGGTTCACCGGTG-1",1897,"Endothelial"
"e16_ji1_TGATGGTTCCGTAGTA-1",967,"ENS"
"e16_ji1_TGATGGTTCTGATTCT-1",2619,"Smooth muscle"
"e16_ji1_TGATTCTAGGGCCCTT-1",1746,"Myofibroblast"
"e16_ji1_TGATTCTGTTCTTAGG-1",3031,"ENS"
"e16_ji1_TGATTTCAGCTGTGCC-1",2357,"Smooth muscle"
"e16_ji1_TGATTTCCACTCAAGT-1",851,"Immune"
"e16_ji1_TGATTTCCATCTCATT-1",2709,"ENS"
"e16_ji1_TGATTTCGTCGCGTTG-1",920,"ENS"
"e16_ji1_TGATTTCGTGAATGTA-1",74,"Smooth muscle"
"e16_ji1_TGATTTCTCAATCCGA-1",1688,"ENS"
"e16_ji1_TGCACGGAGCACACCC-1",484,"ENS"
"e16_ji1_TGCACGGAGCCGAATG-1",3354,"ENS"
"e16_ji1_TGCACGGAGGTAGGCT-1",1929,"Fibroblast"
"e16_ji1_TGCACGGCACAATTCG-1",2325,"ENS"
"e16_ji1_TGCACGGCACCACATA-1",3229,"Myofibroblast"
"e16_ji1_TGCACGGCACGACGCT-1",1347,"Fibroblast"
"e16_ji1_TGCACGGCAGAAGCTG-1",2475,"Myofibroblast"
"e16_ji1_TGCACGGTCATCTGTT-1",1679,"Fibroblast"
"e16_ji1_TGCAGATAGACTACCT-1",2516,"Fibroblast"
"e16_ji1_TGCAGATAGCTGGCTC-1",1796,"ENS"
"e16_ji1_TGCAGATCACGTAACT-1",576,"ENS"
"e16_ji1_TGCAGATCATCACGGC-1",2095,"ENS"
"e16_ji1_TGCAGATCATCCCACT-1",2534,"Smooth muscle"
"e16_ji1_TGCAGATGTCGTCAGC-1",1796,"ENS"
"e16_ji1_TGCAGATGTGCTGCAC-1",2753,"Immune"
"e16_ji1_TGCAGGCAGCTCCCTT-1",2719,"Fibroblast"
"e16_ji1_TGCAGGCAGGATTTGA-1",3361,"ENS"
"e16_ji1_TGCAGGCCAATCCTTT-1",3239,"Fibroblast"
"e16_ji1_TGCAGGCCAGTAGTTC-1",3089,"ENS"
"e16_ji1_TGCAGGCCATGTTCGA-1",2798,"Fibroblast"
"e16_ji1_TGCAGGCGTGCCCTTT-1",3156,"Immune"
"e16_ji1_TGCAGGCTCCTGATAG-1",1524,"Fibroblast"
"e16_ji1_TGCAGTAGTCAAAGCG-1",538,"Smooth muscle"
"e16_ji1_TGCAGTAGTCGTAATC-1",1669,"Smooth muscle"
"e16_ji1_TGCAGTATCCCAAGTA-1",1053,"ENS"
"e16_ji1_TGCAGTATCGGAATTC-1",1796,"ENS"
"e16_ji1_TGCAGTATCGTCTACC-1",799,"Myofibroblast"
"e16_ji1_TGCATCCAGGAGCTGT-1",863,"ENS"
"e16_ji1_TGCATCCCAGCTTCCT-1",3164,"Fibroblast"
"e16_ji1_TGCATCCCATTAAGCC-1",3196,"Fibroblast"
"e16_ji1_TGCATCCGTACGGTTT-1",3239,"Fibroblast"
"e16_ji1_TGCATCCTCATGGATC-1",2772,"ICC"
"e16_ji1_TGCATGAAGACGCCCT-1",1053,"ENS"
"e16_ji1_TGCATGAAGTAAGAGG-1",1321,"Fibroblast"
"e16_ji1_TGCATGACAACCTAAC-1",1673,"ENS"
"e16_ji1_TGCATGACACATTCGA-1",381,"ENS"
"e16_ji1_TGCATGAGTCTACAGT-1",2424,"Mesothelial"
"e16_ji1_TGCATGAGTTTCGGCG-1",1893,"Fibroblast"
"e16_ji1_TGCCGAGAGCATGCAG-1",2583,"ENS"
"e16_ji1_TGCCGAGCAACCGATT-1",672,"ENS"
"e16_ji1_TGCCGAGCACAAGCAG-1",737,"Endothelial"
"e16_ji1_TGCCGAGTCCAAGGGA-1",1059,"Endothelial"
"e16_ji1_TGCCGAGTCTTAGCTT-1",1743,"Endothelial"
"e16_ji1_TGCGACGAGTCACTGT-1",1205,"ENS"
"e16_ji1_TGCGACGAGTTGCCTA-1",773,"Smooth muscle"
"e16_ji1_TGCGACGCAAGCGGAT-1",2825,"Myofibroblast"
"e16_ji1_TGCGACGCAATAGGGC-1",3332,"Myofibroblast"
"e16_ji1_TGCGACGCACGACAAG-1",355,"ENS"
"e16_ji1_TGCGACGTCAGTCCGG-1",744,"ICC"
"e16_ji1_TGCGACGTCCACCTGT-1",3229,"Myofibroblast"
"e16_ji1_TGCGACGTCGCCATAA-1",438,"Smooth muscle"
"e16_ji1_TGCGACGTCGGTTAGT-1",1300,"Fibroblast"
"e16_ji1_TGCGACGTCTATTGTC-1",2613,"ENS"
"e16_ji1_TGCGATACAGAAGCGT-1",2955,"ENS"
"e16_ji1_TGCGATACAGCGATTT-1",2516,"Fibroblast"
"e16_ji1_TGCGATATCGAGTGAG-1",2338,"Fibroblast"
"e16_ji1_TGCGATATCGGCACTG-1",3060,"ENS"
"e16_ji1_TGCGATATCTATACTC-1",3089,"ENS"
"e16_ji1_TGCGATATCTCTGACC-1",990,"Fibroblast"
"e16_ji1_TGCGGCACAGTCACGC-1",3023,"ENS"
"e16_ji1_TGCGGCATCATTGCGA-1",1361,"Smooth muscle"
"e16_ji1_TGCGGCATCGCCAATA-1",2025,"Myofibroblast"
"e16_ji1_TGCGGGTAGAATTGCA-1",2955,"ENS"
"e16_ji1_TGCGGGTAGGTGGGTT-1",1770,"Smooth muscle"
"e16_ji1_TGCGGGTAGTGCCAGA-1",2546,"Smooth muscle"
"e16_ji1_TGCGGGTCAATTGAAG-1",3089,"ENS"
"e16_ji1_TGCGGGTCAGAACTTC-1",3089,"ENS"
"e16_ji1_TGCGGGTCATTCAGGT-1",2581,"ENS"
"e16_ji1_TGCGGGTGTCAACCTA-1",3089,"ENS"
"e16_ji1_TGCGGGTGTGACTCGC-1",2709,"ENS"
"e16_ji1_TGCGGGTTCAAGGCTT-1",854,"Smooth muscle"
"e16_ji1_TGCGGGTTCCCGGTAG-1",1673,"ENS"
"e16_ji1_TGCTCCAAGAAGCTCG-1",3266,"Pericyte"
"e16_ji1_TGCTCCAAGCGTTAGG-1",1524,"Smooth muscle"
"e16_ji1_TGCTCCAAGGACCCAA-1",1688,"ENS"
"e16_ji1_TGCTCCAAGTATAGGT-1",254,"ENS"
"e16_ji1_TGCTCCACAATTTCTC-1",1597,"Fibroblast"
"e16_ji1_TGCTCCAGTAGCTGCC-1",3089,"ENS"
"e16_ji1_TGCTCCATCCTCTAAT-1",848,"Fibroblast"
"e16_ji1_TGCTCGTTCGACGCTG-1",1073,"Smooth muscle"
"e16_ji1_TGCTGAAAGCCTCTCT-1",1787,"Smooth muscle"
"e16_ji1_TGCTGAAAGTAATTGG-1",2955,"ENS"
"e16_ji1_TGCTGAAAGTTTCGAC-1",549,"ENS"
"e16_ji1_TGCTGAACAATGTCAC-1",997,"ENS"
"e16_ji1_TGCTGAACACCGCTGA-1",1165,"Smooth muscle"
"e16_ji1_TGCTGAACATGAAAGT-1",2411,"ENS"
"e16_ji1_TGCTGAACATTCTGTT-1",1671,"Myofibroblast"
"e16_ji1_TGCTGAAGTGAACCGA-1",2992,"ENS"
"e16_ji1_TGCTGAATCGTGCAGC-1",920,"ENS"
"e16_ji1_TGCTTCGAGACGCCCT-1",1348,"Myofibroblast"
"e16_ji1_TGCTTCGAGAGCTGCA-1",1348,"Smooth muscle"
"e16_ji1_TGCTTCGAGATGATTG-1",2709,"ENS"
"e16_ji1_TGCTTCGAGGTGCGAT-1",3204,"ICC"
"e16_ji1_TGCTTCGCAAAGGATT-1",3225,"Smooth muscle"
"e16_ji1_TGCTTCGCACCCAACG-1",3354,"ENS"
"e16_ji1_TGCTTCGGTAGGTACG-1",1310,"Smooth muscle"
"e16_ji1_TGCTTCGGTATGCTAC-1",1796,"ENS"
"e16_ji1_TGCTTCGGTCACTAGT-1",1846,"Myofibroblast"
"e16_ji1_TGCTTCGGTCACTGAT-1",3014,"Fibroblast"
"e16_ji1_TGCTTCGTCGACACTA-1",2550,"Myofibroblast"
"e16_ji1_TGCTTCGTCTGTAAGC-1",560,"ENS"
"e16_ji1_TGCTTGCAGGAGCTGT-1",1419,"Endothelial"
"e16_ji1_TGCTTGCAGGGTACGT-1",1303,"Fibroblast"
"e16_ji1_TGCTTGCAGTATAGAC-1",3171,"Smooth muscle"
"e16_ji1_TGCTTGCAGTCAAGCG-1",3269,"Fibroblast"
"e16_ji1_TGCTTGCAGTGGTTAA-1",2909,"Fibroblast"
"e16_ji1_TGCTTGCCAAGACCTT-1",1459,"Fibroblast"
"e16_ji1_TGCTTGCTCATGCGGC-1",1135,"Smooth muscle"
"e16_ji1_TGCTTGCTCTCTATGT-1",2696,"ENS"
"e16_ji1_TGGAACTAGAACGCGT-1",3339,"ENS"
"e16_ji1_TGGAACTAGAGTCAGC-1",279,"ENS"
"e16_ji1_TGGAACTAGTTCTCTT-1",1245,"Myofibroblast"
"e16_ji1_TGGAACTTCGATACAC-1",867,"ENS"
"e16_ji1_TGGAACTTCGATTTCT-1",1539,"Fibroblast"
"e16_ji1_TGGAACTTCTGGGCAC-1",3089,"ENS"
"e16_ji1_TGGAGAGAGCGATGAC-1",3067,"ENS"
"e16_ji1_TGGAGAGGTCGCCACA-1",3030,"ENS"
"e16_ji1_TGGAGAGGTCGTTGGC-1",1796,"ENS"
"e16_ji1_TGGAGAGGTCTGTCAA-1",2369,"Smooth muscle"
"e16_ji1_TGGAGAGTCCGTGGCA-1",2544,"Endothelial"
"e16_ji1_TGGAGAGTCGAAGCAG-1",690,"Fibroblast"
"e16_ji1_TGGAGGACAAATGGTA-1",2134,"Fibroblast"
"e16_ji1_TGGAGGAGTGATTAGA-1",2640,"Simple Epithelial"
"e16_ji1_TGGAGGAGTGTGTCGC-1",684,"Myofibroblast"
"e16_ji1_TGGATCAGTCATTCCC-1",1910,"Smooth muscle"
"e16_ji1_TGGATCAGTCGAATTC-1",1037,"Fibroblast"
"e16_ji1_TGGATCAGTTGCAAGG-1",3089,"ENS"
"e16_ji1_TGGATCATCTCGAGTA-1",1122,"ENS"
"e16_ji1_TGGATCATCTGGTGCG-1",1606,"ICC"
"e16_ji1_TGGATGTCAGTCAGAG-1",3333,"Smooth muscle"
"e16_ji1_TGGATGTGTAGTTAGA-1",2544,"Smooth muscle"
"e16_ji1_TGGATGTGTGATCGTT-1",1423,"Myofibroblast"
"e16_ji1_TGGATGTTCCAAGGGA-1",2250,"ENS"
"e16_ji1_TGGATGTTCCGTGACG-1",1673,"ENS"
"e16_ji1_TGGATGTTCGGAAACG-1",3205,"Myofibroblast"
"e16_ji1_TGGATGTTCTCCTGAC-1",1167,"Myofibroblast"
"e16_ji1_TGGCGTGAGCAATAGT-1",1464,"Smooth muscle"
"e16_ji1_TGGCGTGAGGAAGTAG-1",1561,"Smooth muscle"
"e16_ji1_TGGCGTGAGGACTTCT-1",1462,"Smooth muscle"
"e16_ji1_TGGCGTGCACAGTCCG-1",2103,"Immune"
"e16_ji1_TGGCGTGCAGCAGTTT-1",1381,"Smooth muscle"
"e16_ji1_TGGCGTGCAGGCAATG-1",2458,"Endothelial"
"e16_ji1_TGGCGTGGTGGGACAT-1",3089,"ENS"
"e16_ji1_TGGCGTGTCGGCTTCT-1",920,"ENS"
"e16_ji1_TGGGAAGAGATGCTGG-1",2937,"Immune"
"e16_ji1_TGGGAAGGTCGTAATC-1",3023,"Fibroblast"
"e16_ji1_TGGGAAGTCAAACGAA-1",3089,"ENS"
"e16_ji1_TGGGAAGTCCAGCTCT-1",2937,"Immune"
"e16_ji1_TGGGAAGTCGCGCCAA-1",37,"ENS"
"e16_ji1_TGGGAAGTCGTTCTCG-1",2258,"ENS"
"e16_ji1_TGGGAGAAGACCTCCG-1",1912,"Fibroblast"
"e16_ji1_TGGGAGAAGCTAAGTA-1",3089,"ENS"
"e16_ji1_TGGGAGAAGCTGAGTG-1",644,"Endothelial"
"e16_ji1_TGGGAGACATGCTGCG-1",1204,"ENS"
"e16_ji1_TGGGAGAGTCACTCGG-1",1218,"Smooth muscle"
"e16_ji1_TGGGAGATCATTGCCC-1",2269,"ENS"
"e16_ji1_TGGGAGATCGGCCCAA-1",3194,"Smooth muscle"
"e16_ji1_TGGGATTGTTCAATCG-1",370,"ENS"
"e16_ji1_TGGGATTGTTGCTAGT-1",1941,"Fibroblast"
"e16_ji1_TGGGATTTCAAATGCC-1",2269,"ENS"
"e16_ji1_TGGGATTTCGTGTGAT-1",760,"ENS"
"e16_ji1_TGGGCGTAGCAAATGT-1",3166,"Fibroblast"
"e16_ji1_TGGGCGTAGCACACAG-1",3089,"ENS"
"e16_ji1_TGGGCGTAGGTAGTCG-1",2992,"ENS"
"e16_ji1_TGGGCGTAGTCTTCGA-1",3129,"Fibroblast"
"e16_ji1_TGGGCGTCACTGGATT-1",1490,"ENS"
"e16_ji1_TGGGCGTCAGTTACCA-1",1688,"ENS"
"e16_ji1_TGGGCGTCATACTGTG-1",3089,"ENS"
"e16_ji1_TGGGCGTGTCGTCAGC-1",920,"ENS"
"e16_ji1_TGGGCTGAGCTCCACG-1",2147,"ENS"
"e16_ji1_TGGGCTGCAGGCTCTG-1",1796,"Smooth muscle"
"e16_ji1_TGGGCTGCATGAATAG-1",2159,"ENS"
"e16_ji1_TGGGCTGGTTATCTGG-1",3130,"Myofibroblast"
"e16_ji1_TGGGCTGTCTTGATTC-1",749,"ENS"
"e16_ji1_TGGGTTAAGGCCGCTT-1",1480,"ENS"
"e16_ji1_TGGGTTACAACGCATT-1",2325,"ENS"
"e16_ji1_TGGGTTAGTCCGTTTC-1",2077,"Endothelial"
"e16_ji1_TGGGTTAGTCGCCTAG-1",2570,"ENS"
"e16_ji1_TGGGTTATCCTACGGG-1",760,"ENS"
"e16_ji1_TGGGTTATCTCCATAT-1",2338,"Smooth muscle"
"e16_ji1_TGGTACAAGCAATAAC-1",1796,"ENS"
"e16_ji1_TGGTACAAGTGGATTA-1",29,"Fibroblast"
"e16_ji1_TGGTACACACTGGAAG-1",3089,"ENS"
"e16_ji1_TGGTACACAGAAATTG-1",1636,"Simple Epithelial"
"e16_ji1_TGGTACACAGTTAAAG-1",1115,"Smooth muscle"
"e16_ji1_TGGTAGTAGAAACTCA-1",199,"ICC"
"e16_ji1_TGGTAGTAGGGTACGT-1",2613,"Fibroblast"
"e16_ji1_TGGTAGTCACCTCAGG-1",3059,"ENS"
"e16_ji1_TGGTAGTGTATGTGTC-1",2147,"ENS"
"e16_ji1_TGGTAGTGTGAGATAT-1",1912,"Fibroblast"
"e16_ji1_TGGTAGTGTTTGTTGG-1",1796,"ENS"
"e16_ji1_TGGTAGTTCCGGTAAT-1",1796,"ENS"
"e16_ji1_TGGTAGTTCGACTCCT-1",1724,"Smooth muscle"
"e16_ji1_TGGTAGTTCGCTAAAC-1",2994,"ENS"
"e16_ji1_TGGTAGTTCGGTAACT-1",2284,"ENS"
"e16_ji1_TGGTAGTTCGGTCGAC-1",3175,"Fibroblast"
"e16_ji1_TGGTAGTTCTTTCCGG-1",711,"Fibroblast"
"e16_ji1_TGGTGATAGCACTCCG-1",2937,"Immune"
"e16_ji1_TGGTGATAGCAGAAAG-1",850,"Simple Epithelial"
"e16_ji1_TGGTGATAGTCCGCCA-1",920,"ENS"
"e16_ji1_TGGTGATGTCACTACA-1",1106,"ENS"
"e16_ji1_TGGTTAGAGGGAACAA-1",3037,"Endothelial"
"e16_ji1_TGGTTAGAGGTAGTAT-1",526,"ENS"
"e16_ji1_TGGTTAGCAAGTCCCG-1",1603,"Fibroblast"
"e16_ji1_TGGTTAGCAATTTCCT-1",1686,"Myofibroblast"
"e16_ji1_TGGTTAGCATACAGCT-1",2343,"Simple Epithelial"
"e16_ji1_TGGTTAGGTCCTACAA-1",1256,"ENS"
"e16_ji1_TGGTTAGGTCGAATTC-1",1348,"Fibroblast"
"e16_ji1_TGGTTAGTCCCGAGGT-1",2937,"Immune"
"e16_ji1_TGGTTAGTCCGACATA-1",2671,"Smooth muscle"
"e16_ji1_TGGTTAGTCGGCATAT-1",1222,"Fibroblast"
"e16_ji1_TGTAACGAGTACGTCT-1",2323,"Fibroblast"
"e16_ji1_TGTAACGTCATTACTC-1",791,"ICC"
"e16_ji1_TGTAACGTCCCGTTGT-1",2147,"ENS"
"e16_ji1_TGTAACGTCTTTACAC-1",632,"Fibroblast"
"e16_ji1_TGTAAGCAGGCAATGC-1",3081,"Myofibroblast"
"e16_ji1_TGTAAGCAGTGGAAAG-1",2357,"Smooth muscle"
"e16_ji1_TGTAAGCTCCAAGCAT-1",3023,"ENS"
"e16_ji1_TGTAAGCTCCCATGGG-1",3023,"ENS"
"e16_ji1_TGTAAGCTCGGACAAG-1",1730,"Smooth muscle"
"e16_ji1_TGTAAGCTCTAGTGTG-1",3145,"Myofibroblast"
"e16_ji1_TGTACAGAGTCGCGAA-1",3023,"ENS"
"e16_ji1_TGTACAGAGTGGACTG-1",2642,"Smooth muscle"
"e16_ji1_TGTACAGCACCATAAC-1",1664,"Myofibroblast"
"e16_ji1_TGTACAGGTAAGTAGT-1",1910,"Pericyte"
"e16_ji1_TGTACAGGTATCGAGG-1",2579,"Fibroblast"
"e16_ji1_TGTACAGGTCCTACGG-1",3236,"Fibroblast"
"e16_ji1_TGTACAGTCAGCTGTA-1",749,"ENS"
"e16_ji1_TGTACAGTCGTGTGGC-1",2405,"Fibroblast"
"e16_ji1_TGTACAGTCTGGTTGA-1",3089,"ENS"
"e16_ji1_TGTACAGTCTGTCTCG-1",2696,"ENS"
"e16_ji1_TGTAGACTCACTCCGT-1",1381,"Fibroblast"
"e16_ji1_TGTCAGAAGCGAACTG-1",1609,"ENS"
"e16_ji1_TGTCAGAAGGATACAT-1",2948,"ICC"
"e16_ji1_TGTCAGAAGGGCCTCT-1",1893,"Smooth muscle"
"e16_ji1_TGTCAGACAGTAGAAT-1",2579,"Fibroblast"
"e16_ji1_TGTCAGACATATGCGT-1",965,"ENS"
"e16_ji1_TGTCAGAGTAAGATTG-1",1886,"Myofibroblast"
"e16_ji1_TGTCAGAGTGGTCTTA-1",1196,"Smooth muscle"
"e16_ji1_TGTCCACAGATCGACG-1",2767,"Myofibroblast"
"e16_ji1_TGTCCACAGCTGTTAC-1",737,"Endothelial"
"e16_ji1_TGTCCACAGGTCCAGA-1",2289,"ENS"
"e16_ji1_TGTCCACCACACGGAA-1",477,"ENS"
"e16_ji1_TGTCCACGTACGTGAG-1",1651,"Pericyte"
"e16_ji1_TGTCCACTCCATTTCA-1",920,"ENS"
"e16_ji1_TGTCCACTCTACGCGG-1",2689,"Fibroblast"
"e16_ji1_TGTCCCAAGATGGTCG-1",2144,"Fibroblast"
"e16_ji1_TGTCCCAAGGCTGTAG-1",3332,"Smooth muscle"
"e16_ji1_TGTCCCAAGGTGCTAG-1",2250,"ENS"
"e16_ji1_TGTCCCAAGTCGGCCT-1",2742,"Immune"
"e16_ji1_TGTCCCACAACCGCCA-1",2458,"Endothelial"
"e16_ji1_TGTCCCAGTCAAAGAT-1",2176,"Smooth muscle"
"e16_ji1_TGTCCCATCCCTCGTA-1",2147,"ENS"
"e16_ji1_TGTCCTGAGGAGGCAG-1",1743,"Endothelial"
"e16_ji1_TGTCCTGAGTCACGCC-1",1225,"ENS"
"e16_ji1_TGTCCTGCAAGCACAG-1",1743,"Endothelial"
"e16_ji1_TGTCCTGCAGACTGCC-1",1122,"ENS"
"e16_ji1_TGTCCTGGTACGAGTG-1",1706,"ENS"
"e16_ji1_TGTCCTGGTGATTAGA-1",542,"Fibroblast"
"e16_ji1_TGTCCTGTCTACAGGT-1",1347,"Smooth muscle"
"e16_ji1_TGTGAGTAGGGATCTG-1",851,"Immune"
"e16_ji1_TGTGAGTCACGGCGTT-1",2411,"ENS"
"e16_ji1_TGTGAGTCAGCTCATA-1",2458,"Endothelial"
"e16_ji1_TGTGAGTGTACTGGGA-1",2486,"Smooth muscle"
"e16_ji1_TGTGAGTGTTGTCATG-1",620,"Myofibroblast"
"e16_ji1_TGTGATGAGTCCGTCG-1",3089,"ENS"
"e16_ji1_TGTGATGAGTCTTCCC-1",1706,"ENS"
"e16_ji1_TGTGATGCAAAGGTTA-1",3192,"Smooth muscle"
"e16_ji1_TGTGATGGTCATACCA-1",3089,"ENS"
"e16_ji1_TGTGATGTCCGGTTCT-1",3153,"Fibroblast"
"e16_ji1_TGTGCGGTCAACTTTC-1",2246,"Fibroblast"
"e16_ji1_TGTGCGGTCCGTAGGC-1",1219,"Smooth muscle"
"e16_ji1_TGTGGCGCACAAGTGG-1",637,"ICC"
"e16_ji1_TGTGGCGCACTCAAGT-1",2551,"Smooth muscle"
"e16_ji1_TGTGGCGGTTCCCACT-1",1047,"Smooth muscle"
"e16_ji1_TGTGGCGTCATTTCCA-1",1706,"ENS"
"e16_ji1_TGTGTGAAGGAAGTCC-1",1714,"Fibroblast"
"e16_ji1_TGTGTGAAGTCTGGTT-1",3089,"ENS"
"e16_ji1_TGTGTGACAAAGGCAC-1",2077,"Endothelial"
"e16_ji1_TGTGTGACAGCTGAAG-1",3344,"Myofibroblast"
"e16_ji1_TGTGTGACATGTGGTT-1",2126,"ENS"
"e16_ji1_TGTGTGAGTTCCGGTG-1",2147,"ENS"
"e16_ji1_TGTGTGATCTTGGTGA-1",957,"ENS"
"e16_ji1_TGTTACTCAAGTGCAG-1",918,"Myofibroblast"
"e16_ji1_TGTTACTCACAGTATC-1",3239,"Smooth muscle"
"e16_ji1_TGTTACTGTTCAGGTT-1",2768,"Fibroblast"
"e16_ji1_TGTTACTTCAAACCTG-1",1281,"ENS"
"e16_ji1_TGTTACTTCACTACGA-1",1266,"ENS"
"e16_ji1_TGTTACTTCTATCGGA-1",1688,"ENS"
"e16_ji1_TGTTCATAGAAGCGCT-1",1049,"Fibroblast"
"e16_ji1_TGTTCATAGACCAACG-1",2613,"ENS"
"e16_ji1_TGTTCATCATTCAGGT-1",2028,"Fibroblast"
"e16_ji1_TGTTCATGTTTACCTT-1",1301,"ENS"
"e16_ji1_TGTTCATGTTTGCCGG-1",1348,"Fibroblast"
"e16_ji1_TGTTCATTCAATCGGT-1",903,"Pericyte"
"e16_ji1_TGTTCCGAGATCCTAC-1",912,"Fibroblast"
"e16_ji1_TGTTCCGAGCATCAAA-1",3089,"Simple Epithelial"
"e16_ji1_TGTTCCGAGTCACGAG-1",1796,"ENS"
"e16_ji1_TGTTCCGAGTGATAAC-1",2546,"Smooth muscle"
"e16_ji1_TGTTCCGCAGGACTTT-1",530,"ENS"
"e16_ji1_TGTTCCGGTAAGCTCT-1",1122,"ENS"
"e16_ji1_TGTTCCGTCGCAGTCG-1",1497,"ENS"
"e16_ji1_TGTTCCGTCGTAGTGT-1",3236,"Smooth muscle"
"e16_ji1_TGTTCCGTCTTTCCAA-1",3268,"Fibroblast"
"e16_ji1_TGTTCTAAGAACAAGG-1",1845,"Myofibroblast"
"e16_ji1_TGTTCTAAGCGATCGA-1",2415,"Myofibroblast"
"e16_ji1_TGTTCTACAACCTATG-1",1529,"Endothelial"
"e16_ji1_TGTTGAGAGCATATGA-1",1690,"Endothelial"
"e16_ji1_TGTTGAGCAGGAATCG-1",3290,"Myofibroblast"
"e16_ji1_TGTTGAGGTATTGACC-1",617,"Fibroblast"
"e16_ji1_TGTTGAGGTCTGATAC-1",1513,"Fibroblast"
"e16_ji1_TGTTGAGGTGGATCAG-1",2613,"ENS"
"e16_ji1_TGTTGAGGTTCCGTTC-1",1743,"Fibroblast"
"e16_ji1_TGTTGAGTCGTTGTTT-1",2798,"Fibroblast"
"e16_ji1_TGTTGGACAACAAGAT-1",3023,"ENS"
"e16_ji1_TGTTGGACACAAGTTC-1",2798,"Myofibroblast"
"e16_ji1_TGTTGGACATTAAAGG-1",1706,"ENS"
"e16_ji1_TGTTGGAGTGCGGCTT-1",1336,"ICC"
"e16_ji1_TGTTTGTCAGTGTGGA-1",1381,"Fibroblast"
"e16_ji1_TGTTTGTCATCCGGTG-1",1690,"Endothelial"
"e16_ji1_TGTTTGTGTCTCTCCA-1",2458,"Endothelial"
"e16_ji1_TGTTTGTGTCTGATCA-1",626,"ENS"
"e16_ji1_TGTTTGTGTGCAGTGA-1",1706,"ENS"
"e16_ji1_TGTTTGTTCCCTGGTT-1",2626,"ICC"
"e16_ji1_TGTTTGTTCTCAGAAC-1",2944,"Simple Epithelial"
"e16_ji1_TTAATCCAGCTTTCCC-1",2638,"Fibroblast"
"e16_ji1_TTAATCCAGGACTATA-1",2570,"ENS"
"e16_ji1_TTAATCCAGGCTATCT-1",2994,"ENS"
"e16_ji1_TTAATCCAGGTGAGAA-1",2436,"Smooth muscle"
"e16_ji1_TTAATCCCAAGGCTTT-1",1796,"ENS"
"e16_ji1_TTACAGGAGACGATAT-1",1119,"Fibroblast"
"e16_ji1_TTACAGGAGATAGCTA-1",920,"ENS"
"e16_ji1_TTACAGGAGGTTCCAT-1",855,"Smooth muscle"
"e16_ji1_TTACAGGAGTACAGCG-1",2069,"Simple Epithelial"
"e16_ji1_TTACAGGCAAGAGCTG-1",1378,"Simple Epithelial"
"e16_ji1_TTACAGGCAATCTCTT-1",2039,"Fibroblast"
"e16_ji1_TTACAGGGTCCTGTTC-1",1204,"ENS"
"e16_ji1_TTACAGGGTCGGAAAC-1",1796,"ENS"
"e16_ji1_TTACCATAGACATAAC-1",2076,"Mesothelial"
"e16_ji1_TTACCATAGCAGTCTT-1",1053,"ENS"
"e16_ji1_TTACCATCAAAGCACG-1",3089,"ENS"
"e16_ji1_TTACCATCAAATCGGG-1",591,"ENS"
"e16_ji1_TTACCATCACAAGCAG-1",1609,"ENS"
"e16_ji1_TTACCATCATGGCCAC-1",2534,"Smooth muscle"
"e16_ji1_TTACCATGTATGCTTG-1",3023,"ENS"
"e16_ji1_TTACCATGTCTCACGG-1",2948,"Smooth muscle"
"e16_ji1_TTACCATGTGCACAAG-1",2250,"ENS"
"e16_ji1_TTACCATTCACAGAGG-1",3089,"ENS"
"e16_ji1_TTACCATTCCTTGAAG-1",3089,"ENS"
"e16_ji1_TTACCGCAGGCCTGAA-1",2117,"ENS"
"e16_ji1_TTACCGCCACGCGCTA-1",713,"Myofibroblast"
"e16_ji1_TTACCGCCAGTAACCT-1",2523,"Smooth muscle"
"e16_ji1_TTACCGCCATACACCA-1",1337,"Myofibroblast"
"e16_ji1_TTACCGCCATGGAAGC-1",2175,"ICC"
"e16_ji1_TTACCGCGTGCATTAC-1",634,"Fibroblast"
"e16_ji1_TTACCGCGTTGCGGAA-1",1540,"Fibroblast"
"e16_ji1_TTACCGCTCTCGTGGG-1",1804,"ENS"
"e16_ji1_TTACGCCAGCGTGAAC-1",2334,"ENS"
"e16_ji1_TTACGCCAGGTCCAGA-1",1122,"ENS"
"e16_ji1_TTACGCCAGTGGAAAG-1",2881,"Smooth muscle"
"e16_ji1_TTACGCCCATCCGGTG-1",2992,"ENS"
"e16_ji1_TTACGCCGTCATGCAT-1",1456,"ICC"
"e16_ji1_TTACGCCGTCCCGGTA-1",2530,"Smooth muscle"
"e16_ji1_TTACGCCTCAATCCGA-1",328,"Smooth muscle"
"e16_ji1_TTACGCCTCACGAGGA-1",1500,"Fibroblast"
"e16_ji1_TTACGCCTCCTATTGT-1",1032,"Myofibroblast"
"e16_ji1_TTACGCCTCTATCACT-1",3406,"Fibroblast"
"e16_ji1_TTACGTTAGATGGTCG-1",1796,"ENS"
"e16_ji1_TTACGTTAGCGTACAG-1",2628,"Myofibroblast"
"e16_ji1_TTACGTTCAAGTTGGG-1",2739,"Fibroblast"
"e16_ji1_TTACGTTCACAATTCG-1",3031,"ENS"
"e16_ji1_TTACGTTGTAGAGGAA-1",743,"Myofibroblast"
"e16_ji1_TTACGTTGTCACTTAG-1",2323,"Fibroblast"
"e16_ji1_TTACTGTAGACCTCCG-1",3354,"ENS"
"e16_ji1_TTACTGTAGCACTTTG-1",2469,"ENS"
"e16_ji1_TTACTGTAGCTGACAG-1",2168,"Smooth muscle"
"e16_ji1_TTACTGTAGGTGCGAT-1",2144,"Fibroblast"
"e16_ji1_TTACTGTCATAGAGGC-1",2709,"ENS"
"e16_ji1_TTAGGCACAAATGCGG-1",1743,"Endothelial"
"e16_ji1_TTAGGCACAGGCCTGT-1",2613,"ENS"
"e16_ji1_TTAGGCACATCCAATG-1",2089,"ENS"
"e16_ji1_TTAGGCACATCTGGGC-1",2057,"Fibroblast"
"e16_ji1_TTAGGCAGTGGTCTTA-1",531,"Smooth muscle"
"e16_ji1_TTAGGCAGTTATAGCC-1",1597,"Fibroblast"
"e16_ji1_TTAGGCAGTTCCTTGC-1",2434,"Myofibroblast"
"e16_ji1_TTAGGCATCCGTGGCA-1",591,"ENS"
"e16_ji1_TTAGGCATCTAGTGTG-1",1740,"Smooth muscle"
"e16_ji1_TTAGGCATCTATCACT-1",1196,"Smooth muscle"
"e16_ji1_TTAGGCATCTGGCCGA-1",920,"ENS"
"e16_ji1_TTAGGCATCTGTCTCG-1",2335,"ENS"
"e16_ji1_TTAGGGTAGCATCCCG-1",1450,"ENS"
"e16_ji1_TTAGGGTAGGGTCAAC-1",616,"Smooth muscle"
"e16_ji1_TTAGGGTGTAGGTCAG-1",697,"Fibroblast"
"e16_ji1_TTAGGGTTCCGTTTCG-1",2516,"Fibroblast"
"e16_ji1_TTAGGGTTCTGATGGT-1",1796,"ENS"
"e16_ji1_TTAGTCTGTCCTGTCT-1",1269,"ENS"
"e16_ji1_TTAGTCTTCAAGCCCG-1",3081,"Myofibroblast"
"e16_ji1_TTAGTCTTCCTCACCA-1",3295,"Fibroblast"
"e16_ji1_TTAGTCTTCCTGTAGA-1",1087,"Fibroblast"
"e16_ji1_TTATTGCAGCCTTTCC-1",2798,"Fibroblast"
"e16_ji1_TTATTGCAGCTGTCCG-1",1743,"Endothelial"
"e16_ji1_TTATTGCAGGCATGGT-1",2493,"ENS"
"e16_ji1_TTATTGCAGTCTAACC-1",1100,"Smooth muscle"
"e16_ji1_TTATTGCCAAGTCGTT-1",1066,"Smooth muscle"
"e16_ji1_TTATTGCGTTCTCGCT-1",822,"Simple Epithelial"
"e16_ji1_TTATTGCTCCACGGAC-1",2613,"ENS"
"e16_ji1_TTATTGCTCCGCATAA-1",1545,"Smooth muscle"
"e16_ji1_TTCAATCAGGAGCAAA-1",1706,"ENS"
"e16_ji1_TTCAATCGTAACGATA-1",381,"ENS"
"e16_ji1_TTCAATCTCAAGCTGT-1",2709,"ENS"
"e16_ji1_TTCAATCTCACTGAAC-1",2269,"ENS"
"e16_ji1_TTCAATCTCATACGGT-1",1345,"Fibroblast"
"e16_ji1_TTCAATCTCCTACAAG-1",3089,"ENS"
"e16_ji1_TTCAATCTCTAGTGAC-1",3152,"Smooth muscle"
"e16_ji1_TTCACCGAGTAGAATC-1",1609,"ENS"
"e16_ji1_TTCACCGTCTTCGTAT-1",696,"Fibroblast"
"e16_ji1_TTCACGCAGCCTCAGC-1",737,"Endothelial"
"e16_ji1_TTCACGCAGCTAAACA-1",2269,"ENS"
"e16_ji1_TTCACGCAGGCGCTTC-1",2147,"ENS"
"e16_ji1_TTCACGCCATAATGAG-1",1569,"ENS"
"e16_ji1_TTCACGCTCAACCCGG-1",18,"Fibroblast"
"e16_ji1_TTCACGCTCGGAATGG-1",849,"Smooth muscle"
"e16_ji1_TTCAGGACAACAAGTA-1",3239,"Fibroblast"
"e16_ji1_TTCAGGACAAGCGCTC-1",1644,"ENS"
"e16_ji1_TTCAGGACACAAGTTC-1",2451,"Fibroblast"
"e16_ji1_TTCAGGACACCAAATC-1",2164,"Smooth muscle"
"e16_ji1_TTCAGGACATAACTCG-1",663,"ENS"
"e16_ji1_TTCAGGACATGACAAA-1",668,"Immune"
"e16_ji1_TTCAGGAGTGATCGTT-1",1704,"Immune"
"e16_ji1_TTCAGGATCCCGAAAT-1",1349,"ICC"
"e16_ji1_TTCATGTAGGTCATCT-1",3089,"ENS"
"e16_ji1_TTCATGTGTCCGACGT-1",1536,"ENS"
"e16_ji1_TTCATGTGTGATGGCA-1",1333,"Fibroblast"
"e16_ji1_TTCATGTGTGTCTTAG-1",3237,"Smooth muscle"
"e16_ji1_TTCATGTGTTCAGGTT-1",3354,"ENS"
"e16_ji1_TTCATTGAGAGAACCC-1",2937,"Immune"
"e16_ji1_TTCATTGAGGGACCAT-1",3031,"ENS"
"e16_ji1_TTCATTGAGGTGTGAC-1",1688,"ENS"
"e16_ji1_TTCATTGAGTCGGGAT-1",690,"Fibroblast"
"e16_ji1_TTCATTGAGTGCAACG-1",1688,"ENS"
"e16_ji1_TTCATTGGTACGAGTG-1",2126,"ENS"
"e16_ji1_TTCATTGTCAACACCA-1",130,"ENS"
"e16_ji1_TTCATTGTCAGGAACG-1",1265,"ENS"
"e16_ji1_TTCCAATGTAACGGTG-1",2824,"Fibroblast"
"e16_ji1_TTCCAATGTCTAACTG-1",2070,"Endothelial"
"e16_ji1_TTCCAATTCCCTTTGG-1",256,"ENS"
"e16_ji1_TTCCAATTCCGTGTAA-1",3059,"ENS"
"e16_ji1_TTCCAATTCCGTTGAA-1",3089,"ENS"
"e16_ji1_TTCCAATTCTCAAAGC-1",1770,"Fibroblast"
"e16_ji1_TTCCACGAGTTCAACC-1",2431,"Pericyte"
"e16_ji1_TTCCACGCAAGTCATC-1",1132,"ENS"
"e16_ji1_TTCCACGCACTTCATT-1",2757,"ENS"
"e16_ji1_TTCCACGGTTGGGTAG-1",1243,"ENS"
"e16_ji1_TTCCGGTAGCTTTCTT-1",1462,"Smooth muscle"
"e16_ji1_TTCCGGTCAATCACGT-1",1743,"Endothelial"
"e16_ji1_TTCCGGTGTAGCACAG-1",1053,"ENS"
"e16_ji1_TTCCGGTGTCAAGCGA-1",943,"Myofibroblast"
"e16_ji1_TTCCGGTTCCGAAGGA-1",1636,"Simple Epithelial"
"e16_ji1_TTCCGGTTCCTCACTG-1",1521,"Fibroblast"
"e16_ji1_TTCCGTGAGTAGGTTA-1",1204,"ENS"
"e16_ji1_TTCCGTGCACAAGCAG-1",45,"Smooth muscle"
"e16_ji1_TTCCGTGCACTCCGGA-1",2973,"Smooth muscle"
"e16_ji1_TTCCGTGGTAAGCTCT-1",1030,"Fibroblast"
"e16_ji1_TTCCGTGGTTGGAGAC-1",3077,"Fibroblast"
"e16_ji1_TTCCGTGTCCTGCCAT-1",2260,"ENS"
"e16_ji1_TTCCTAACACAACGCC-1",1942,"ENS"
"e16_ji1_TTCCTAACATGGGTCC-1",655,"Fibroblast"
"e16_ji1_TTCCTAAGTCGACTGC-1",3239,"Fibroblast"
"e16_ji1_TTCCTAATCATGCGGC-1",3421,"Myofibroblast"
"e16_ji1_TTCCTAATCGTTCCCA-1",1554,"ENS"
"e16_ji1_TTCCTCTCACATGTTG-1",2126,"ENS"
"e16_ji1_TTCCTCTCACTGGACC-1",988,"Myofibroblast"
"e16_ji1_TTCCTCTCACTGGCGT-1",2231,"ENS"
"e16_ji1_TTCCTCTCATGGCACC-1",2469,"ENS"
"e16_ji1_TTCCTCTGTCATCGCG-1",2963,"Endothelial"
"e16_ji1_TTCCTCTGTCTGTGGC-1",2645,"Smooth muscle"
"e16_ji1_TTCCTCTGTGGTCTCG-1",1711,"ENS"
"e16_ji1_TTCCTCTTCTTCACGC-1",920,"ENS"
"e16_ji1_TTCCTTCAGATAACAC-1",2481,"Myofibroblast"
"e16_ji1_TTCCTTCAGCAACAAT-1",1240,"Fibroblast"
"e16_ji1_TTCCTTCAGCGAGTAC-1",2951,"Smooth muscle"
"e16_ji1_TTCCTTCAGGGACTGT-1",773,"Smooth muscle"
"e16_ji1_TTCCTTCAGGTAGTAT-1",2955,"ENS"
"e16_ji1_TTCCTTCCAGCATCTA-1",287,"Fibroblast"
"e16_ji1_TTCCTTCGTCTTGAAC-1",2115,"Myofibroblast"
"e16_ji1_TTCCTTCGTGGACTGA-1",1173,"Fibroblast"
"e16_ji1_TTCCTTCTCGTAGCTA-1",411,"Smooth muscle"
"e16_ji1_TTCCTTCTCTGCGAGC-1",2250,"ENS"
"e16_ji1_TTCGATTAGGCATCTT-1",1796,"ENS"
"e16_ji1_TTCGATTCACAATGCT-1",3148,"Pericyte"
"e16_ji1_TTCGATTCAGAATCGG-1",1640,"ENS"
"e16_ji1_TTCGATTCAGGATTCT-1",2250,"ENS"
"e16_ji1_TTCGATTCATCACGGC-1",1704,"Immune"
"e16_ji1_TTCGATTGTCCGGATC-1",2250,"ENS"
"e16_ji1_TTCGATTGTTAAAGTG-1",663,"ENS"
"e16_ji1_TTCGATTTCGTTAGTG-1",66,"ENS"
"e16_ji1_TTCGCTGCAGCTACAT-1",2089,"ENS"
"e16_ji1_TTCGCTGCAGTAACGG-1",1066,"Fibroblast"
"e16_ji1_TTCGCTGGTCAATCTG-1",3031,"ENS"
"e16_ji1_TTCGCTGTCCAACTAG-1",1688,"ENS"
"e16_ji1_TTCGCTGTCGCAGTCG-1",2486,"Smooth muscle"
"e16_ji1_TTCGCTGTCTGGGCAC-1",1743,"Endothelial"
"e16_ji1_TTCGGTCCATGAAAGT-1",2488,"Smooth muscle"
"e16_ji1_TTCGGTCGTCGCTTGG-1",1417,"Smooth muscle"
"e16_ji1_TTCGGTCGTCGGCCTA-1",1388,"Myofibroblast"
"e16_ji1_TTCGGTCGTGTTACTG-1",1568,"ENS"
"e16_ji1_TTCGGTCGTTTGGGTT-1",2147,"ENS"
"e16_ji1_TTCTAACCAACCGCTG-1",644,"Endothelial"
"e16_ji1_TTCTAACCACGAGGAT-1",3196,"Smooth muscle"
"e16_ji1_TTCTAACCAGTAGAAT-1",2639,"Myofibroblast"
"e16_ji1_TTCTAACGTCTCGCGA-1",377,"Fibroblast"
"e16_ji1_TTCTAACGTGTTTGCA-1",2768,"Fibroblast"
"e16_ji1_TTCTAACTCAACACGT-1",668,"Immune"
"e16_ji1_TTCTAACTCTTCCTAA-1",3089,"Fibroblast"
"e16_ji1_TTCTAGTCAGAGGCTA-1",3354,"ENS"
"e16_ji1_TTCTAGTCATTAGGAA-1",211,"ENS"
"e16_ji1_TTCTAGTTCGAAGAAT-1",872,"ENS"
"e16_ji1_TTCTAGTTCTGCGGCA-1",2613,"ENS"
"e16_ji1_TTCTCTCAGAAGGCTC-1",2696,"ENS"
"e16_ji1_TTCTCTCAGAAGGGAT-1",118,"ENS"
"e16_ji1_TTCTCTCAGAGGGTGG-1",3354,"ENS"
"e16_ji1_TTCTCTCAGGCTCAAG-1",1392,"Myofibroblast"
"e16_ji1_TTCTCTCCACGCTATA-1",1690,"Endothelial"
"e16_ji1_TTCTCTCGTTACGGAG-1",1568,"ENS"
"e16_ji1_TTCTCTCGTTCAATCG-1",690,"Fibroblast"
"e16_ji1_TTCTCTCTCAGCTAGT-1",2269,"ENS"
"e16_ji1_TTCTCTCTCCTACAAG-1",2269,"ENS"
"e16_ji1_TTCTCTCTCGAAGCAG-1",2126,"ENS"
"e16_ji1_TTCTCTCTCGACATAC-1",2583,"ENS"
"e16_ji1_TTCTGTACAATTAGGA-1",3073,"ENS"
"e16_ji1_TTCTGTACACACCTAA-1",1900,"Fibroblast"
"e16_ji1_TTCTGTACACTCAAGT-1",2739,"Fibroblast"
"e16_ji1_TTCTGTAGTTGGGACA-1",663,"ENS"
"e16_ji1_TTCTGTATCCGCTGTT-1",1743,"Endothelial"
"e16_ji1_TTCTTCCCACTCGATA-1",2209,"Immune"
"e16_ji1_TTCTTCCCATGGCGCT-1",2147,"ENS"
"e16_ji1_TTCTTCCGTAGGTACG-1",3089,"ENS"
"e16_ji1_TTCTTCCGTGGATTTC-1",3058,"Fibroblast"
"e16_ji1_TTCTTCCTCGAGCACC-1",999,"Smooth muscle"
"e16_ji1_TTCTTGAAGATGAATC-1",616,"Myofibroblast"
"e16_ji1_TTCTTGAAGCCTTGAT-1",2250,"ENS"
"e16_ji1_TTCTTGACAAGAGTTA-1",1310,"Smooth muscle"
"e16_ji1_TTCTTGACACGCGGTT-1",3089,"ENS"
"e16_ji1_TTCTTGAGTTGTAAAG-1",2076,"Mesothelial"
"e16_ji1_TTCTTGATCGCCAGAC-1",3407,"Fibroblast"
"e16_ji1_TTGAACGAGCTCGTGC-1",2469,"ENS"
"e16_ji1_TTGAACGGTAGTGGCA-1",623,"ICC"
"e16_ji1_TTGAACGGTGTTACAC-1",1303,"Simple Epithelial"
"e16_ji1_TTGAACGTCCCGTGTT-1",1106,"Myofibroblast"
"e16_ji1_TTGAACGTCTCGACGG-1",3031,"ENS"
"e16_ji1_TTGAACGTCTCTCCGA-1",2103,"Immune"
"e16_ji1_TTGACCCAGGATCACG-1",2388,"Smooth muscle"
"e16_ji1_TTGACCCAGTCACGCC-1",1404,"ENS"
"e16_ji1_TTGACCCCATAAGCGG-1",1642,"ENS"
"e16_ji1_TTGACCCTCATTACGG-1",1053,"ENS"
"e16_ji1_TTGAGTGCATCGAAGG-1",2144,"Smooth muscle"
"e16_ji1_TTGAGTGGTGGCAACA-1",2718,"Immune"
"e16_ji1_TTGAGTGTCTATCGGA-1",2798,"Fibroblast"
"e16_ji1_TTGATGGAGAAGTCTA-1",620,"ICC"
"e16_ji1_TTGATGGAGCCAGTAG-1",2795,"Fibroblast"
"e16_ji1_TTGATGGAGTCTCTGA-1",2147,"ENS"
"e16_ji1_TTGATGGCATAGATCC-1",2289,"ENS"
"e16_ji1_TTGATGGGTCGAGATG-1",2408,"ENS"
"e16_ji1_TTGATGGGTGGCTCTG-1",1604,"Smooth muscle"
"e16_ji1_TTGATGGTCCTTCACG-1",3291,"Smooth muscle"
"e16_ji1_TTGCATTAGCATGCAG-1",2992,"ENS"
"e16_ji1_TTGCATTGTAACATGA-1",1900,"Mesothelial"
"e16_ji1_TTGCATTGTCACAGTT-1",2426,"Fibroblast"
"e16_ji1_TTGCCTGAGCAATAGT-1",1087,"Myofibroblast"
"e16_ji1_TTGCCTGCAGTCGCAC-1",3089,"ENS"
"e16_ji1_TTGCCTGCATAGTCAC-1",2077,"Endothelial"
"e16_ji1_TTGCCTGGTGCAGATG-1",1587,"ICC"
"e16_ji1_TTGCCTGGTGTCCATA-1",2810,"Myofibroblast"
"e16_ji1_TTGCCTGTCAAGTGTC-1",2338,"Pericyte"
"e16_ji1_TTGCGTCAGAGTTGCG-1",3381,"ENS"
"e16_ji1_TTGCGTCCAAACGAGC-1",920,"ENS"
"e16_ji1_TTGCGTCCAAGCGCTC-1",2269,"ENS"
"e16_ji1_TTGCGTCCACACCTGG-1",1609,"ENS"
"e16_ji1_TTGCGTCCACCGCTGA-1",2496,"Fibroblast"
"e16_ji1_TTGCGTCCACCGGTCA-1",3354,"ENS"
"e16_ji1_TTGCGTCTCATTTCGT-1",1077,"Fibroblast"
"e16_ji1_TTGCGTCTCCTTTGAT-1",920,"ENS"
"e16_ji1_TTGCGTCTCTTTACAC-1",626,"Fibroblast"
"e16_ji1_TTGCTGCAGACACACG-1",2415,"Smooth muscle"
"e16_ji1_TTGCTGCGTGATGAAT-1",1106,"ENS"
"e16_ji1_TTGCTGCTCGCCACTT-1",737,"Endothelial"
"e16_ji1_TTGGATGAGAGAGCAA-1",1712,"ENS"
"e16_ji1_TTGGATGAGCCTAACT-1",1818,"ENS"
"e16_ji1_TTGGATGAGGGCCCTT-1",912,"Fibroblast"
"e16_ji1_TTGGATGAGTAAGAGG-1",2147,"ENS"
"e16_ji1_TTGGATGAGTTCCAGT-1",2696,"ENS"
"e16_ji1_TTGGATGGTAAGGTCG-1",2411,"ENS"
"e16_ji1_TTGGATGGTAGGATAT-1",1519,"Smooth muscle"
"e16_ji1_TTGGATGGTGATCGTT-1",2147,"ENS"
"e16_ji1_TTGGATGTCATTACGG-1",3089,"ENS"
"e16_ji1_TTGGATGTCCTTCAGC-1",2057,"Smooth muscle"
"e16_ji1_TTGGGATAGAGGTGCT-1",3089,"ENS"
"e16_ji1_TTGGGATAGGCCCGTT-1",1930,"Fibroblast"
"e16_ji1_TTGGGATCAAGAGGTC-1",1743,"Endothelial"
"e16_ji1_TTGGGATCAGAGTTGG-1",920,"ENS"
"e16_ji1_TTGGGATCAGATCATC-1",2176,"Myofibroblast"
"e16_ji1_TTGGGATGTCCCACGA-1",2369,"Fibroblast"
"e16_ji1_TTGGGATGTGTAGGAC-1",1719,"Simple Epithelial"
"e16_ji1_TTGGGATTCCCTGGTT-1",626,"ENS"
"e16_ji1_TTGGGATTCTCTCGCA-1",1706,"ENS"
"e16_ji1_TTGGGCGAGAGAGGGC-1",1228,"ENS"
"e16_ji1_TTGGGCGCAAAGTATG-1",1485,"ENS"
"e16_ji1_TTGGGCGCAGAAGTGC-1",1245,"Myofibroblast"
"e16_ji1_TTGGGCGGTTACGTAC-1",1496,"ENS"
"e16_ji1_TTGGGCGGTTGGTGTT-1",3089,"ENS"
"e16_ji1_TTGGGCGGTTGTCATG-1",835,"Fibroblast"
"e16_ji1_TTGGGCGTCGGACCAC-1",2077,"Endothelial"
"e16_ji1_TTGGGTAAGAGGCTGT-1",2544,"Endothelial"
"e16_ji1_TTGGGTAAGGTCGTCC-1",591,"ENS"
"e16_ji1_TTGGGTACAAGTACCT-1",802,"Fibroblast"
"e16_ji1_TTGGGTAGTAACAGTA-1",1893,"Fibroblast"
"e16_ji1_TTGGGTAGTAGGATAT-1",2994,"ENS"
"e16_ji1_TTGGGTAGTCTTGGTA-1",668,"Immune"
"e16_ji1_TTGGTTTAGAGTCACG-1",1423,"ICC"
"e16_ji1_TTGGTTTAGGTTCCAT-1",3089,"ENS"
"e16_ji1_TTGGTTTCACCCAAGC-1",3121,"ENS"
"e16_ji1_TTGGTTTCATAGTCGT-1",1568,"ENS"
"e16_ji1_TTGGTTTGTATCGTAC-1",1730,"Fibroblast"
"e16_ji1_TTGGTTTTCCACCTCA-1",2230,"ENS"
"e16_ji1_TTGGTTTTCTATCGCC-1",324,"ENS"
"e16_ji1_TTGTGGAAGAGGCCAT-1",3196,"Fibroblast"
"e16_ji1_TTGTGGAAGCCTTTCC-1",3149,"Myofibroblast"
"e16_ji1_TTGTGGACACCGCTGA-1",3269,"Fibroblast"
"e16_ji1_TTGTGGAGTACCACGC-1",2768,"Fibroblast"
"e16_ji1_TTGTGGATCAAAGACA-1",2033,"Myofibroblast"
"e16_ji1_TTGTGGATCGGTCTGG-1",412,"ENS"
"e16_ji1_TTGTGTTAGAGGTCGT-1",1796,"ENS"
"e16_ji1_TTGTGTTAGATGGGCT-1",1724,"Fibroblast"
"e16_ji1_TTGTGTTAGCGGTAGT-1",988,"Smooth muscle"
"e16_ji1_TTGTGTTCAAGAGGTC-1",1796,"ENS"
"e16_ji1_TTGTGTTCACCCTCTA-1",1122,"ENS"
"e16_ji1_TTGTGTTCATCAGCTA-1",2798,"Fibroblast"
"e16_ji1_TTGTGTTGTCACATTG-1",3178,"Immune"
"e16_ji1_TTGTGTTGTGATGTAA-1",1037,"Fibroblast"
"e16_ji1_TTGTGTTGTGGTTTGT-1",550,"ENS"
"e16_ji1_TTGTGTTTCTAAGCGT-1",961,"ENS"
"e16_ji1_TTGTTCAAGATGCTGG-1",183,"Smooth muscle"
"e16_ji1_TTGTTCAAGGGAGGCA-1",2827,"Myofibroblast"
"e16_ji1_TTGTTCAAGGTAATCA-1",886,"ENS"
"e16_ji1_TTGTTCAAGTTCTACG-1",1727,"Fibroblast"
"e16_ji1_TTGTTCAAGTTTCGGT-1",2077,"Endothelial"
"e16_ji1_TTGTTCACAACCGACC-1",1673,"ENS"
"e16_ji1_TTGTTCACAGAGCTAG-1",2294,"ENS"
"e16_ji1_TTGTTCAGTGGAAATT-1",3089,"ENS"
"e16_ji1_TTGTTCATCTTACGTT-1",1110,"ENS"
"e16_ji1_TTGTTGTCACGCTATA-1",2465,"Smooth muscle"
"e16_ji1_TTGTTGTCAGGACTTT-1",920,"ENS"
"e16_ji1_TTGTTGTGTGAGGATC-1",3164,"ICC"
"e16_ji1_TTGTTGTTCGAGATGG-1",1219,"Fibroblast"
"e16_ji1_TTGTTTGAGTTCTCTT-1",2250,"ENS"
"e16_ji1_TTGTTTGCAATCTAGC-1",1787,"Smooth muscle"
"e16_ji1_TTGTTTGGTCCCGTGA-1",832,"Endothelial"
"e16_ji1_TTGTTTGGTTCCAGGC-1",923,"Endothelial"
"e16_ji1_TTTACCACAAATCGTC-1",3354,"ENS"
"e16_ji1_TTTACCACAGCATGCC-1",1706,"ENS"
"e16_ji1_TTTACCACAGCTGTCG-1",2269,"ENS"
"e16_ji1_TTTACCACATCTAGAC-1",1122,"ENS"
"e16_ji1_TTTACCAGTAGGTAGC-1",909,"Fibroblast"
"e16_ji1_TTTACCAGTCACTCGG-1",2581,"ENS"
"e16_ji1_TTTACCAGTGCAAGAC-1",3031,"ENS"
"e16_ji1_TTTACCAGTTATTCCT-1",886,"ENS"
"e16_ji1_TTTACCATCAAAGAAC-1",1846,"Myofibroblast"
"e16_ji1_TTTACCATCCATTGTT-1",773,"Smooth muscle"
"e16_ji1_TTTACCATCCCAGGAC-1",644,"Endothelial"
"e16_ji1_TTTACCATCGCCGTGA-1",2914,"Endothelial"
"e16_ji1_TTTACGTAGAAGCGCT-1",2524,"Smooth muscle"
"e16_ji1_TTTACGTAGACGCATG-1",2420,"Simple Epithelial"
"e16_ji1_TTTACGTAGGCAGCTA-1",1673,"ENS"
"e16_ji1_TTTACGTAGTAGCTCT-1",3205,"Smooth muscle"
"e16_ji1_TTTACGTCACTAAACC-1",2425,"Fibroblast"
"e16_ji1_TTTACGTCAGGCATGA-1",1673,"ENS"
"e16_ji1_TTTACGTCAGTTGCGC-1",10,"Fibroblast"
"e16_ji1_TTTACGTCATTGTCGA-1",1115,"Myofibroblast"
"e16_ji1_TTTACGTGTTATCTTC-1",352,"Fibroblast"
"e16_ji1_TTTACGTGTTTGTGGT-1",3354,"ENS"
"e16_ji1_TTTACTGAGCATTTGC-1",3024,"ENS"
"e16_ji1_TTTACTGCAATCAAGA-1",2077,"Endothelial"
"e16_ji1_TTTACTGCAGGCAATG-1",1724,"Smooth muscle"
"e16_ji1_TTTACTGCAGGGTTGA-1",2408,"ENS"
"e16_ji1_TTTACTGCAGTCGCTG-1",3225,"Smooth muscle"
"e16_ji1_TTTACTGTCCACTTCG-1",3064,"ENS"
"e16_ji1_TTTACTGTCCTCTCTT-1",2994,"ENS"
"e16_ji1_TTTAGTCAGGTCATCT-1",1053,"ENS"
"e16_ji1_TTTAGTCAGTTGTACC-1",1066,"Fibroblast"
"e16_ji1_TTTAGTCCAAAGACTA-1",2757,"ENS"
"e16_ji1_TTTAGTCCAAGTAGTA-1",1219,"Smooth muscle"
"e16_ji1_TTTAGTCCAATTGCGT-1",2250,"ENS"
"e16_ji1_TTTAGTCGTAGTGCGA-1",2178,"Simple Epithelial"
"e16_ji1_TTTAGTCGTTAAGACA-1",44,"Myofibroblast"
"e16_ji1_TTTAGTCTCCATGCAA-1",383,"ENS"
"e16_ji1_TTTATGCAGAAGCTCG-1",1449,"ENS"
"e16_ji1_TTTATGCCACAAGTTC-1",2105,"Fibroblast"
"e16_ji1_TTTATGCCACACCTGG-1",1454,"Mesothelial"
"e16_ji1_TTTATGCCACCCTGTT-1",82,"Fibroblast"
"e16_ji1_TTTATGCCAGCATGCC-1",1535,"Smooth muscle"
"e16_ji1_TTTATGCGTGACATCT-1",1673,"ENS"
"e16_ji1_TTTATGCGTGGACTGA-1",3089,"ENS"
"e16_ji1_TTTATGCGTGTCATCA-1",3378,"Myofibroblast"
"e16_ji1_TTTATGCGTGTCTCCT-1",1728,"Simple Epithelial"
"e16_ji1_TTTCACAAGAGACAAG-1",1906,"Smooth muscle"
"e16_ji1_TTTCACAAGGACAGTC-1",1673,"ENS"
"e16_ji1_TTTCACAAGGTGATAT-1",1040,"Mesothelial"
"e16_ji1_TTTCACAAGTTTGGCT-1",3122,"Smooth muscle"
"e16_ji1_TTTCACACAACGCATT-1",2338,"Smooth muscle"
"e16_ji1_TTTCACACAGGATGAC-1",2431,"Fibroblast"
"e16_ji1_TTTCACATCACTCACC-1",3074,"ENS"
"e16_ji1_TTTCACATCTCTCTAA-1",1284,"ENS"
"e16_ji1_TTTCAGTAGACATATG-1",1671,"Myofibroblast"
"e16_ji1_TTTCAGTAGCTGGAGT-1",2581,"ENS"
"e16_ji1_TTTCAGTCACTCATAG-1",1676,"ENS"
"e16_ji1_TTTCAGTCAGTGGGTA-1",616,"Smooth muscle"
"e16_ji1_TTTCAGTCATCGTCCT-1",2431,"Fibroblast"
"e16_ji1_TTTCAGTGTAACAGGC-1",2937,"Immune"
"e16_ji1_TTTCAGTGTTTGGGTT-1",2126,"ENS"
"e16_ji1_TTTCAGTTCGACGCTG-1",2688,"Fibroblast"
"e16_ji1_TTTCAGTTCTGGCCGA-1",2419,"Simple Epithelial"
"e16_ji1_TTTCATGAGTTCACTG-1",196,"Fibroblast"
"e16_ji1_TTTCATGCACAGAGCA-1",1524,"Smooth muscle"
"e16_ji1_TTTCATGCACAGCCTG-1",663,"ENS"
"e16_ji1_TTTCATGCACTTGGCG-1",3196,"Fibroblast"
"e16_ji1_TTTCATGCATAGAATG-1",2250,"ENS"
"e16_ji1_TTTCATGGTACAGCGA-1",1796,"ENS"
"e16_ji1_TTTCATGGTATTCCTT-1",2336,"ENS"
"e16_ji1_TTTCATGGTCTGATAC-1",877,"ICC"
"e16_ji1_TTTCATGGTCTTACAG-1",1059,"Endothelial"
"e16_ji1_TTTCATGGTGGCCTCA-1",1688,"ENS"
"e16_ji1_TTTCATGGTTGCATTG-1",1106,"ENS"
"e16_ji1_TTTCATGTCTAGTTCT-1",2408,"ENS"
"e16_ji1_TTTCCTCAGAATTGCA-1",2677,"Smooth muscle"
"e16_ji1_TTTCCTCAGAGCATAT-1",1609,"ENS"
"e16_ji1_TTTCCTCAGGAAACGA-1",3089,"ENS"
"e16_ji1_TTTCCTCCAAGCGATG-1",3060,"ENS"
"e16_ji1_TTTCCTCCAGGTGACA-1",1456,"Smooth muscle"
"e16_ji1_TTTCCTCTCGGTCATA-1",2683,"Smooth muscle"
"e16_ji1_TTTCCTCTCTCATGCC-1",2868,"ENS"
"e16_ji1_TTTCGATAGACTTCGT-1",2937,"Immune"
"e16_ji1_TTTCGATCAAATGAGT-1",1796,"ENS"
"e16_ji1_TTTCGATGTCATAAAG-1",1082,"Endothelial"
"e16_ji1_TTTGACTAGCCACCGT-1",1704,"Immune"
"e16_ji1_TTTGACTCAAGAGCTG-1",1609,"ENS"
"e16_ji1_TTTGACTCACTGATTG-1",920,"ENS"
"e16_ji1_TTTGACTTCCAAGAGG-1",1671,"Fibroblast"
"e16_ji1_TTTGACTTCTACGCGG-1",666,"Simple Epithelial"
"e16_ji1_TTTGATCAGGTATTGA-1",667,"Smooth muscle"
"e16_ji1_TTTGATCCACTCCACT-1",855,"Smooth muscle"
"e16_ji1_TTTGATCGTCACAGTT-1",2103,"Immune"
"e16_ji1_TTTGATCTCACTGGGC-1",2696,"ENS"
"e16_ji1_TTTGGAGAGCTCCATA-1",1919,"Fibroblast"
"e16_ji1_TTTGGAGAGTATTAGG-1",2425,"Fibroblast"
"e16_ji1_TTTGGAGCACGTCATA-1",1613,"ENS"
"e16_ji1_TTTGGAGGTCGCTTGG-1",1893,"Fibroblast"
"e16_ji1_TTTGGAGGTGGCCTCA-1",1787,"Fibroblast"
"e16_ji1_TTTGGAGTCAACGTGT-1",767,"ICC"
"e16_ji1_TTTGGTTAGTGAGCCA-1",1561,"Fibroblast"
"e16_ji1_TTTGGTTAGTGGAAAG-1",2994,"Fibroblast"
"e16_ji1_TTTGGTTTCATTTGCT-1",668,"Immune"
"e16_ji1_TTTGGTTTCGGTTAGT-1",2955,"ENS"
"e16_ji1_TTTGTTGAGAACTGAT-1",3089,"ENS"
"e16_ji1_TTTGTTGAGCCTCTCT-1",2937,"Immune"
"e16_ji1_TTTGTTGGTTGACTGT-1",1333,"Smooth muscle"
"e16_ji1_TTTGTTGTCAGCGCAC-1",799,"Myofibroblast"
"e16_ji1_TTTGTTGTCCCAATAG-1",749,"ENS"
"e16_ji1_TTTGTTGTCTCGTCAC-1",2269,"ENS"
"e16_c1_AAACCCAAGAAGAGCA-1",2581,"ENS"
"e16_c1_AAACCCACAACCCTAA-1",749,"ENS"
"e16_c1_AAACCCATCATCCTAT-1",2200,"Fibroblast"
"e16_c1_AAACCCATCTATTCGT-1",2992,"ENS"
"e16_c1_AAACGAAGTAACCCTA-1",2645,"ENS"
"e16_c1_AAACGAAGTAGTGTGG-1",2953,"ENS"
"e16_c1_AAACGCTAGGCCATAG-1",3089,"ENS"
"e16_c1_AAACGCTAGTATGAAC-1",749,"ENS"
"e16_c1_AAACGCTAGTTGGCGA-1",1050,"ENS"
"e16_c1_AAACGCTGTAGAGATT-1",3336,"Fibroblast"
"e16_c1_AAACGCTTCTCATTAC-1",2230,"ENS"
"e16_c1_AAACGCTTCTTGCAGA-1",1609,"ENS"
"e16_c1_AAAGAACAGAGCATCG-1",2146,"ENS"
"e16_c1_AAAGAACCACCACTGG-1",2582,"ENS"
"e16_c1_AAAGAACCAGCACGAA-1",2953,"ENS"
"e16_c1_AAAGAACGTAGCGTCC-1",2937,"Immune"
"e16_c1_AAAGAACTCAGAGCGA-1",1609,"ENS"
"e16_c1_AAAGAACTCCGATGTA-1",2570,"ENS"
"e16_c1_AAAGGATAGTGCAGCA-1",1463,"Fibroblast"
"e16_c1_AAAGGATAGTGTTCAC-1",2269,"ENS"
"e16_c1_AAAGGATCACAATGAA-1",2685,"Fibroblast"
"e16_c1_AAAGGATCATACCGTA-1",2147,"ENS"
"e16_c1_AAAGGATCATCCTTCG-1",3089,"ENS"
"e16_c1_AAAGGATTCAAATGAG-1",2269,"ENS"
"e16_c1_AAAGGATTCGTGGGAA-1",3067,"ENS"
"e16_c1_AAAGGATTCTACCACC-1",2537,"Fibroblast"
"e16_c1_AAAGGGCAGAAACTCA-1",749,"ENS"
"e16_c1_AAAGGGCCAGACCCGT-1",2570,"ENS"
"e16_c1_AAAGGTAGTGTTCGTA-1",1180,"Fibroblast"
"e16_c1_AAAGGTAGTTCCTAGA-1",2537,"Smooth muscle"
"e16_c1_AAAGGTATCTCGCCTA-1",2147,"ENS"
"e16_c1_AAAGTCCCAAGAGCTG-1",2868,"ENS"
"e16_c1_AAAGTCCCACGGCTAC-1",3089,"ENS"
"e16_c1_AAAGTGAAGGTTCAGG-1",920,"ENS"
"e16_c1_AAATGGAAGTCCCTAA-1",2515,"Fibroblast"
"e16_c1_AAATGGATCCCAGCGA-1",2570,"ENS"
"e16_c1_AACAAAGGTACTCAAC-1",2269,"ENS"
"e16_c1_AACAAAGGTCATGCAT-1",2570,"ENS"
"e16_c1_AACAAAGTCTGGTCAA-1",3089,"ENS"
"e16_c1_AACAACCTCTGCGATA-1",2147,"ENS"
"e16_c1_AACAAGAAGTTCTCTT-1",2352,"Myofibroblast"
"e16_c1_AACAAGACAGCGTGAA-1",3089,"ENS"
"e16_c1_AACAAGAGTATAGCTC-1",920,"ENS"
"e16_c1_AACACACCAATTCGTG-1",509,"ENS"
"e16_c1_AACACACCAGATCCTA-1",2537,"Smooth muscle"
"e16_c1_AACAGGGAGGTGCTGA-1",3089,"ENS"
"e16_c1_AACAGGGAGTAGTGCG-1",535,"ENS"
"e16_c1_AACAGGGCAATATCCG-1",749,"ENS"
"e16_c1_AACAGGGTCAGCGCGT-1",2583,"ENS"
"e16_c1_AACAGGGTCGGAGTAG-1",3089,"ENS"
"e16_c1_AACCAACAGAGGTCGT-1",3089,"ENS"
"e16_c1_AACCAACGTCAACACT-1",2868,"ENS"
"e16_c1_AACCAACGTTAAGGGC-1",2269,"ENS"
"e16_c1_AACCACAAGCTCCATA-1",2269,"ENS"
"e16_c1_AACCATGAGGTTACAA-1",3354,"ENS"
"e16_c1_AACCATGCAAGAGAGA-1",2645,"ENS"
"e16_c1_AACCATGTCTCGTGAA-1",749,"ENS"
"e16_c1_AACCCAAAGAAACCAT-1",3089,"ENS"
"e16_c1_AACCCAAAGGATGCGT-1",362,"ENS"
"e16_c1_AACCCAACACACCTTC-1",3089,"ENS"
"e16_c1_AACCCAACACCAAATC-1",2953,"ENS"
"e16_c1_AACCCAATCACCGGTG-1",1122,"ENS"
"e16_c1_AACCTGAAGCATCCTA-1",2269,"ENS"
"e16_c1_AACCTGAGTCTAGGTT-1",3089,"ENS"
"e16_c1_AACCTGATCCTCAGGG-1",749,"ENS"
"e16_c1_AACGAAAGTACAGAGC-1",1318,"Fibroblast"
"e16_c1_AACGAAAGTATGTCAC-1",2613,"ENS"
"e16_c1_AACGGGAAGAGGCCAT-1",3336,"Fibroblast"
"e16_c1_AACGGGAAGCTTCGTA-1",749,"ENS"
"e16_c1_AACGGGAGTCTAGGTT-1",736,"Immune"
"e16_c1_AACGGGATCGGAAGGT-1",2269,"ENS"
"e16_c1_AACGTCAAGGTGATCG-1",3089,"ENS"
"e16_c1_AACGTCACACTGCTTC-1",1609,"ENS"
"e16_c1_AACGTCACAGGTTCAT-1",2231,"ENS"
"e16_c1_AACGTCAGTGTCCGGT-1",2537,"Fibroblast"
"e16_c1_AACTTCTAGTACGTCT-1",2570,"ENS"
"e16_c1_AACTTCTCATGGCCAC-1",3089,"ENS"
"e16_c1_AACTTCTGTCGCACAC-1",2269,"ENS"
"e16_c1_AACTTCTGTTCGTAAC-1",3089,"ENS"
"e16_c1_AACTTCTTCCCTTGGT-1",3089,"Smooth muscle"
"e16_c1_AAGAACAAGACAGTCG-1",3067,"ENS"
"e16_c1_AAGAACAAGGTTCACT-1",2571,"ENS"
"e16_c1_AAGAACACAATAGTGA-1",510,"ENS"
"e16_c1_AAGAACACACAACATC-1",2269,"ENS"
"e16_c1_AAGAACAGTTATGACC-1",1609,"ENS"
"e16_c1_AAGAACATCCTACGAA-1",2868,"ENS"
"e16_c1_AAGAACATCGACATCA-1",2147,"ENS"
"e16_c1_AAGACAACACACCTGG-1",3089,"ENS"
"e16_c1_AAGACAATCCCTCTCC-1",920,"ENS"
"e16_c1_AAGACTCAGCCTCTCT-1",2937,"Immune"
"e16_c1_AAGACTCAGTCTTCGA-1",2863,"ENS"
"e16_c1_AAGACTCGTAGCGAGT-1",3089,"ENS"
"e16_c1_AAGACTCGTCCTACAA-1",2537,"Fibroblast"
"e16_c1_AAGACTCTCCGGACGT-1",2992,"ENS"
"e16_c1_AAGATAGAGCGCTGAA-1",749,"ENS"
"e16_c1_AAGATAGGTTCCTAGA-1",2147,"ENS"
"e16_c1_AAGATAGGTTGACTGT-1",749,"ENS"
"e16_c1_AAGATAGGTTTCGACA-1",3089,"ENS"
"e16_c1_AAGATAGTCTATCGCC-1",1419,"Endothelial"
"e16_c1_AAGCATCTCGCCTATC-1",2980,"Fibroblast"
"e16_c1_AAGCGAGAGGATACCG-1",2583,"ENS"
"e16_c1_AAGCGAGCAACTGCTA-1",2581,"ENS"
"e16_c1_AAGCGAGCATCGGATT-1",2352,"Fibroblast"
"e16_c1_AAGCGAGGTTTCGTAG-1",1305,"Fibroblast"
"e16_c1_AAGCGAGTCTGTCGTC-1",760,"ENS"
"e16_c1_AAGCGTTAGAGAGTTT-1",2269,"ENS"
"e16_c1_AAGCGTTAGTCGAATA-1",2147,"ENS"
"e16_c1_AAGCGTTCACCGTCGA-1",2570,"ENS"
"e16_c1_AAGCGTTCATCATTTC-1",749,"ENS"
"e16_c1_AAGCGTTGTCGTCTCT-1",2645,"ENS"
"e16_c1_AAGCGTTTCCCTCGAT-1",3089,"ENS"
"e16_c1_AAGCGTTTCGTGGGTC-1",1609,"ENS"
"e16_c1_AAGGAATGTCACTTAG-1",1465,"Fibroblast"
"e16_c1_AAGGTAATCAAGCCGC-1",749,"ENS"
"e16_c1_AAGTACCAGAGCACTG-1",760,"ENS"
"e16_c1_AAGTACCGTCGCGTTG-1",2992,"ENS"
"e16_c1_AAGTACCGTTCCTAAG-1",2269,"ENS"
"e16_c1_AAGTACCTCAACCTTT-1",2868,"ENS"
"e16_c1_AAGTACCTCATGTCTT-1",2269,"ENS"
"e16_c1_AAGTACCTCTTTGCTA-1",2849,"ENS"
"e16_c1_AAGTCGTCACGCAGTC-1",1463,"Fibroblast"
"e16_c1_AAGTCGTTCATCACCC-1",3089,"ENS"
"e16_c1_AAGTGAACAAGTCCCG-1",3089,"ENS"
"e16_c1_AAGTGAACATTGCAAC-1",3089,"ENS"
"e16_c1_AAGTGAAGTAGGACCA-1",1122,"ENS"
"e16_c1_AAGTGAAGTCGCACGT-1",316,"ENS"
"e16_c1_AAGTGAAGTTGTGCCG-1",2570,"ENS"
"e16_c1_AAGTGAATCGGACAAG-1",546,"ENS"
"e16_c1_AAGTTCGAGTTGTCAC-1",920,"ENS"
"e16_c1_AAGTTCGCACAAATGA-1",2269,"ENS"
"e16_c1_AAGTTCGCAGCCTTCT-1",243,"ENS"
"e16_c1_AAGTTCGCAGCGACAA-1",2570,"ENS"
"e16_c1_AAGTTCGCATCGTCCT-1",3089,"ENS"
"e16_c1_AATAGAGCAGCCGTCA-1",2142,"Endothelial"
"e16_c1_AATAGAGGTAATGCGG-1",2937,"Immune"
"e16_c1_AATCACGAGTGCACTT-1",2571,"ENS"
"e16_c1_AATCACGCAATCCTTT-1",3089,"ENS"
"e16_c1_AATCGACAGCCATTCA-1",2515,"Fibroblast"
"e16_c1_AATCGACCAGCTCATA-1",546,"ENS"
"e16_c1_AATCGACCATACTTTC-1",2993,"ENS"
"e16_c1_AATCGACGTGATTCAC-1",2994,"ENS"
"e16_c1_AATCGTGAGGTATTGA-1",3067,"ENS"
"e16_c1_AATCGTGGTCGTTCAA-1",1463,"Smooth muscle"
"e16_c1_AATCGTGTCACCTACC-1",547,"ENS"
"e16_c1_AATGAAGAGGTTGGTG-1",760,"ENS"
"e16_c1_AATGAAGGTAGGAAAG-1",2269,"ENS"
"e16_c1_AATGACCAGCCGTTGC-1",2819,"Fibroblast"
"e16_c1_AATGACCCAAGACGAC-1",1204,"ENS"
"e16_c1_AATGACCCACATGGTT-1",3089,"ENS"
"e16_c1_AATGACCCATTCACCC-1",1191,"Smooth muscle"
"e16_c1_AATGACCGTACCGGCT-1",1697,"ICC"
"e16_c1_AATGACCTCGACACCG-1",749,"ENS"
"e16_c1_AATGCCAAGCCGATTT-1",3089,"ENS"
"e16_c1_AATGCCAGTGGACTGA-1",2583,"ENS"
"e16_c1_AATGCCAGTGTAGGAC-1",749,"ENS"
"e16_c1_AATGCCAGTGTTGAGG-1",760,"ENS"
"e16_c1_AATGCCAGTTAAGTCC-1",546,"ENS"
"e16_c1_AATGCCAGTTTGATCG-1",2325,"ENS"
"e16_c1_AATGGAAAGATTGTGA-1",2350,"Endothelial"
"e16_c1_AATGGAACAAGACAAT-1",2230,"ENS"
"e16_c1_AATGGAACACAAGGTG-1",749,"ENS"
"e16_c1_AATGGAACAGTCTACA-1",749,"ENS"
"e16_c1_AATGGAAGTCACAGAG-1",3089,"ENS"
"e16_c1_AATGGAATCATCCCGT-1",3067,"ENS"
"e16_c1_AATGGCTCAAAGCACG-1",2269,"ENS"
"e16_c1_AATGGCTCACCCATAA-1",749,"ENS"
"e16_c1_AATGGCTGTAACGTTC-1",1609,"ENS"
"e16_c1_AATGGCTTCCTTCACG-1",2994,"ENS"
"e16_c1_AATTCCTAGGGTCACA-1",2147,"ENS"
"e16_c1_AATTTCCAGACGTCGA-1",1609,"ENS"
"e16_c1_AATTTCCAGTAACAGT-1",2147,"ENS"
"e16_c1_AATTTCCCAAGTATCC-1",3089,"ENS"
"e16_c1_AATTTCCCACGACAAG-1",2581,"ENS"
"e16_c1_AATTTCCTCGGACAAG-1",1562,"Myofibroblast"
"e16_c1_ACAAAGACACTGGAAG-1",749,"ENS"
"e16_c1_ACAAAGACAGGATGAC-1",509,"ENS"
"e16_c1_ACAAAGAGTGAGAACC-1",387,"ENS"
"e16_c1_ACAAAGATCTTCTTCC-1",920,"ENS"
"e16_c1_ACAACCACACACGTGC-1",2269,"ENS"
"e16_c1_ACAACCATCCGGTAAT-1",3067,"ENS"
"e16_c1_ACAAGCTCATCGGCCA-1",535,"ENS"
"e16_c1_ACAAGCTGTTGCATCA-1",2863,"ENS"
"e16_c1_ACAAGCTTCACCTTAT-1",2147,"ENS"
"e16_c1_ACAAGCTTCCGTGGTG-1",505,"Fibroblast"
"e16_c1_ACAAGCTTCGTGCGAC-1",2270,"ENS"
"e16_c1_ACACAGTCAAGTCATC-1",546,"ENS"
"e16_c1_ACACAGTCACTCCCTA-1",2570,"ENS"
"e16_c1_ACACAGTGTACTAGCT-1",3089,"ENS"
"e16_c1_ACACCAAAGATTAGAC-1",920,"ENS"
"e16_c1_ACACCAAAGTTGCGCC-1",1465,"Fibroblast"
"e16_c1_ACACCAATCGTAGCCG-1",1050,"ENS"
"e16_c1_ACACCAATCTCGAGTA-1",3089,"ENS"
"e16_c1_ACACGCGAGACATCAA-1",1527,"Fibroblast"
"e16_c1_ACACGCGCAGTCTGGC-1",2147,"ENS"
"e16_c1_ACACGCGGTGGACAGT-1",3178,"Immune"
"e16_c1_ACACGCGGTGTATTCG-1",441,"ENS"
"e16_c1_ACACTGAGTACCAGAG-1",749,"ENS"
"e16_c1_ACAGAAACACAACATC-1",3089,"ENS"
"e16_c1_ACAGAAACAGACCAGA-1",2645,"ENS"
"e16_c1_ACAGAAACAGTCAGTT-1",2147,"ENS"
"e16_c1_ACAGCCGCACTGGCCA-1",3089,"ENS"
"e16_c1_ACAGCCGCAGGATTCT-1",3089,"ENS"
"e16_c1_ACAGCCGTCAACTACG-1",2994,"ENS"
"e16_c1_ACAGGGAAGACTCGAG-1",2231,"ENS"
"e16_c1_ACAGGGACAATTTCGG-1",3067,"ENS"
"e16_c1_ACAGGGACAGTTGGTT-1",548,"ENS"
"e16_c1_ACAGGGATCATCACAG-1",3089,"ENS"
"e16_c1_ACAGGGATCGCCATAA-1",3089,"ENS"
"e16_c1_ACAGGGATCTCAGAAC-1",2269,"ENS"
"e16_c1_ACATCCCAGTCTCTGA-1",1609,"ENS"
"e16_c1_ACATCCCCACGAGGTA-1",2992,"ENS"
"e16_c1_ACATCCCCAGCGACCT-1",2868,"ENS"
"e16_c1_ACATCCCGTCCGTACG-1",2361,"Smooth muscle"
"e16_c1_ACATCGACAAGCTCTA-1",2584,"ENS"
"e16_c1_ACATGCACACTCTGCT-1",760,"ENS"
"e16_c1_ACATGCAGTATCGAAA-1",2819,"Fibroblast"
"e16_c1_ACATGCATCGGTCGGT-1",3089,"ENS"
"e16_c1_ACATTTCAGCCAGACA-1",749,"ENS"
"e16_c1_ACATTTCAGCCTCGTG-1",2147,"ENS"
"e16_c1_ACATTTCGTACTCGCG-1",115,"ENS"
"e16_c1_ACATTTCGTTACGTAC-1",2147,"ENS"
"e16_c1_ACATTTCTCTAGGCCG-1",3089,"ENS"
"e16_c1_ACCAAACTCCACGTAA-1",2537,"Fibroblast"
"e16_c1_ACCAAACTCTTCGTGC-1",2269,"ENS"
"e16_c1_ACCAACAAGGGCAACT-1",749,"ENS"
"e16_c1_ACCAACACAGAGAATT-1",167,"ENS"
"e16_c1_ACCACAAAGACGTCCC-1",2570,"ENS"
"e16_c1_ACCACAAAGTTACGTC-1",2269,"ENS"
"e16_c1_ACCACAATCGGCCTTT-1",549,"ENS"
"e16_c1_ACCATTTAGTTGTCAC-1",2269,"ENS"
"e16_c1_ACCATTTTCCCTCAAC-1",2613,"ENS"
"e16_c1_ACCATTTTCCGCGATG-1",1350,"ICC"
"e16_c1_ACCCAAACAACAAAGT-1",2571,"ENS"
"e16_c1_ACCCAAACATCGTCCT-1",2269,"ENS"
"e16_c1_ACCCAAATCTACGCAA-1",3089,"ENS"
"e16_c1_ACCCTCAAGAGGGTCT-1",2570,"ENS"
"e16_c1_ACCCTCAAGCGCAATG-1",2645,"ENS"
"e16_c1_ACCCTCAGTAGAGACC-1",1463,"Smooth muscle"
"e16_c1_ACCCTCATCTCCTGTG-1",208,"ENS"
"e16_c1_ACCCTTGCACGACAAG-1",1609,"ENS"
"e16_c1_ACCCTTGGTGGTTTAC-1",3089,"ENS"
"e16_c1_ACCCTTGTCACGATAC-1",2147,"ENS"
"e16_c1_ACCGTTCCAGTCCCGA-1",1185,"ENS"
"e16_c1_ACCTACCAGACATCCT-1",2232,"ENS"
"e16_c1_ACCTACCAGACGTCCC-1",749,"ENS"
"e16_c1_ACCTACCAGGGCTGAT-1",3178,"Immune"
"e16_c1_ACCTACCCAATATCCG-1",3067,"ENS"
"e16_c1_ACCTACCTCGCTACAA-1",1318,"Fibroblast"
"e16_c1_ACCTACCTCGCTGTCT-1",167,"ENS"
"e16_c1_ACCTGAAAGCGAGTCA-1",2269,"ENS"
"e16_c1_ACCTGAAAGGTAATCA-1",2937,"Immune"
"e16_c1_ACCTGAAAGTCCTGCG-1",1204,"ENS"
"e16_c1_ACCTGAACAACTTGCA-1",618,"Myofibroblast"
"e16_c1_ACCTGAAGTGGATTTC-1",749,"ENS"
"e16_c1_ACCTGTCGTTAGGCTT-1",2269,"ENS"
"e16_c1_ACCTGTCTCCGCGAGT-1",2645,"ENS"
"e16_c1_ACGATCAAGGCTCAAG-1",749,"ENS"
"e16_c1_ACGATCAAGTAGTCAA-1",736,"Immune"
"e16_c1_ACGATCACAAACGAGC-1",749,"ENS"
"e16_c1_ACGATCACATAGAGGC-1",1185,"ENS"
"e16_c1_ACGATCAGTATTCTCT-1",3089,"ENS"
"e16_c1_ACGATCATCTGGCCGA-1",3089,"ENS"
"e16_c1_ACGATGTCATCAGTGT-1",3089,"ENS"
"e16_c1_ACGATGTGTGAACTAA-1",2570,"ENS"
"e16_c1_ACGATGTGTGAGCTCC-1",1761,"ICC"
"e16_c1_ACGATGTTCGACACCG-1",540,"Fibroblast"
"e16_c1_ACGATGTTCGCGGACT-1",749,"ENS"
"e16_c1_ACGCACGAGCACACCC-1",1466,"Fibroblast"
"e16_c1_ACGCACGCAACACAAA-1",3089,"ENS"
"e16_c1_ACGCACGTCTAGAGCT-1",2917,"ENS"
"e16_c1_ACGCACGTCTCTCGAC-1",1379,"Fibroblast"
"e16_c1_ACGGAAGAGATTGATG-1",2953,"ENS"
"e16_c1_ACGGGTCCAAATGCTC-1",2868,"ENS"
"e16_c1_ACGGGTCCACTGTCCT-1",3067,"ENS"
"e16_c1_ACGGGTCTCAGTGTTG-1",2868,"ENS"
"e16_c1_ACGGGTCTCCACACAA-1",2466,"Mesothelial"
"e16_c1_ACGGTCGAGATTCGCT-1",3150,"Smooth muscle"
"e16_c1_ACGGTCGAGCAGCCTC-1",2583,"ENS"
"e16_c1_ACGGTCGAGCCACCGT-1",1191,"ICC"
"e16_c1_ACGGTCGGTAACTGCT-1",2852,"ENS"
"e16_c1_ACGGTCGGTAGACTGG-1",3089,"ENS"
"e16_c1_ACGGTTAAGATTAGAC-1",2600,"Smooth muscle"
"e16_c1_ACGGTTAAGGCCTGCT-1",2578,"Fibroblast"
"e16_c1_ACGGTTAAGTCTAGAA-1",749,"ENS"
"e16_c1_ACGGTTACAGGACTTT-1",2269,"ENS"
"e16_c1_ACGTAACGTCAGTCGC-1",2162,"Myofibroblast"
"e16_c1_ACGTAACGTCATCAGT-1",1185,"ENS"
"e16_c1_ACGTACAAGCTCGAAG-1",2570,"ENS"
"e16_c1_ACGTACACAGCAGTGA-1",3089,"ENS"
"e16_c1_ACGTACAGTTGGCTAT-1",2269,"ENS"
"e16_c1_ACGTAGTAGATTGACA-1",749,"ENS"
"e16_c1_ACGTAGTAGATTGCGG-1",2581,"ENS"
"e16_c1_ACGTAGTAGTTATGGA-1",1185,"ENS"
"e16_c1_ACGTAGTCAAGACTGG-1",3089,"ENS"
"e16_c1_ACGTAGTCACTCATAG-1",997,"ENS"
"e16_c1_ACGTAGTTCAGCTAGT-1",2994,"ENS"
"e16_c1_ACGTAGTTCTCGGGAC-1",550,"ENS"
"e16_c1_ACGTCCTAGCTGAAGC-1",335,"ENS"
"e16_c1_ACGTCCTGTTTATGCG-1",2994,"ENS"
"e16_c1_ACGTCCTTCGATTGGT-1",1609,"ENS"
"e16_c1_ACGTCCTTCTTAATCC-1",3089,"ENS"
"e16_c1_ACGTTCCAGACGTCGA-1",1339,"Myofibroblast"
"e16_c1_ACGTTCCAGCAAGGAA-1",535,"ENS"
"e16_c1_ACGTTCCAGGCTTAGG-1",2646,"ENS"
"e16_c1_ACGTTCCAGGTTATAG-1",3089,"ENS"
"e16_c1_ACTACGAAGAGTTGTA-1",749,"ENS"
"e16_c1_ACTACGAGTTCTCCAC-1",3067,"ENS"
"e16_c1_ACTATCTCATCGATGT-1",1318,"Smooth muscle"
"e16_c1_ACTATCTTCGTTGCCT-1",1641,"Fibroblast"
"e16_c1_ACTATCTTCTCATGGA-1",2537,"Smooth muscle"
"e16_c1_ACTATGGGTTGGCCTG-1",2570,"ENS"
"e16_c1_ACTATTCTCACCTCTG-1",2233,"ENS"
"e16_c1_ACTATTCTCATGGCCG-1",2868,"ENS"
"e16_c1_ACTATTCTCTCGACCT-1",3089,"ENS"
"e16_c1_ACTCCCAGTTATGTGC-1",2994,"ENS"
"e16_c1_ACTCCCATCCACTTTA-1",3089,"ENS"
"e16_c1_ACTCTCGCACTGTGTA-1",2269,"ENS"
"e16_c1_ACTCTCGGTTAAGACA-1",749,"ENS"
"e16_c1_ACTCTCGTCGTAACCA-1",3067,"ENS"
"e16_c1_ACTGATGTCATGCCCT-1",3354,"ENS"
"e16_c1_ACTGATGTCTAAGCCA-1",760,"ENS"
"e16_c1_ACTGCAACATCGGAGA-1",3089,"ENS"
"e16_c1_ACTGCAAGTTACCCAA-1",2570,"ENS"
"e16_c1_ACTGCAATCGTAATGC-1",1185,"ENS"
"e16_c1_ACTGTCCCAGAACTTC-1",1191,"Fibroblast"
"e16_c1_ACTGTCCCAGCTTTGA-1",1331,"Fibroblast"
"e16_c1_ACTGTGAAGTAGTCTC-1",3089,"ENS"
"e16_c1_ACTGTGACATACACCA-1",3354,"ENS"
"e16_c1_ACTTAGGAGATTGTGA-1",920,"ENS"
"e16_c1_ACTTAGGAGGCAGTCA-1",2163,"Fibroblast"
"e16_c1_ACTTAGGCAGCGGTTC-1",3089,"ENS"
"e16_c1_ACTTAGGTCACGATAC-1",2581,"ENS"
"e16_c1_ACTTATCCACCACATA-1",3297,"Immune"
"e16_c1_ACTTCCGAGGATTTGA-1",3354,"ENS"
"e16_c1_ACTTCCGGTACGATGG-1",2269,"ENS"
"e16_c1_ACTTCCGGTTTCGGCG-1",2352,"Smooth muscle"
"e16_c1_ACTTCGCAGAGAGCGG-1",1609,"ENS"
"e16_c1_ACTTCGCAGGCATCGA-1",2581,"ENS"
"e16_c1_ACTTCGCTCACCTTAT-1",3336,"Fibroblast"
"e16_c1_ACTTCGCTCTAGGCAT-1",3067,"ENS"
"e16_c1_ACTTCGCTCTCGGTCT-1",1704,"Immune"
"e16_c1_ACTTTCAAGAGATTCA-1",1465,"Smooth muscle"
"e16_c1_ACTTTCACAAAGCAAT-1",316,"ENS"
"e16_c1_ACTTTCACAGTAGATA-1",1924,"Myofibroblast"
"e16_c1_ACTTTGTGTTCAATCG-1",2537,"Fibroblast"
"e16_c1_ACTTTGTTCGCAATGT-1",1609,"ENS"
"e16_c1_AGAAATGAGGCATCGA-1",3089,"ENS"
"e16_c1_AGAAATGAGTAGACAT-1",3354,"ENS"
"e16_c1_AGAAATGGTCTGTGGC-1",550,"ENS"
"e16_c1_AGAAATGTCACATCAG-1",1467,"Fibroblast"
"e16_c1_AGAACAAGTATCGTGT-1",1468,"Fibroblast"
"e16_c1_AGAACAATCTTCGGAA-1",749,"ENS"
"e16_c1_AGAACCTAGGATCATA-1",3089,"ENS"
"e16_c1_AGAAGCGAGGCTTAAA-1",1122,"ENS"
"e16_c1_AGAAGCGCATTGGGAG-1",2147,"ENS"
"e16_c1_AGAAGCGGTAGGAAAG-1",2578,"Smooth muscle"
"e16_c1_AGAAGCGGTTATAGAG-1",760,"ENS"
"e16_c1_AGAAGTAAGAGCATTA-1",3089,"ENS"
"e16_c1_AGAAGTAGTAGAAACT-1",2995,"ENS"
"e16_c1_AGAAGTAGTAGGATAT-1",1609,"ENS"
"e16_c1_AGACACTAGCACACCC-1",3089,"ENS"
"e16_c1_AGACACTAGGTAAAGG-1",2466,"ICC"
"e16_c1_AGACACTAGGTGGGTT-1",2059,"Simple Epithelial"
"e16_c1_AGACACTCAATACCCA-1",2613,"ENS"
"e16_c1_AGACACTGTCTAACGT-1",920,"ENS"
"e16_c1_AGACAGGCACGGTAGA-1",2269,"ENS"
"e16_c1_AGACAGGCATGCCGCA-1",1191,"Myofibroblast"
"e16_c1_AGACAGGGTATCTTCT-1",3089,"ENS"
"e16_c1_AGACAGGGTGCGTCGT-1",3089,"ENS"
"e16_c1_AGACAGGTCTGACAGT-1",1318,"Fibroblast"
"e16_c1_AGACCATCATGAGGGT-1",1305,"Fibroblast"
"e16_c1_AGACCATGTGCGACAA-1",509,"ENS"
"e16_c1_AGACCATTCTCCTGCA-1",2583,"ENS"
"e16_c1_AGACCATTCTCTGACC-1",3090,"ENS"
"e16_c1_AGACCCGAGAGATTCA-1",3089,"ENS"
"e16_c1_AGACCCGAGCTCATAC-1",2209,"Immune"
"e16_c1_AGACCCGGTCTCGCGA-1",2645,"ENS"
"e16_c1_AGACTCAGTCCACATA-1",2515,"Fibroblast"
"e16_c1_AGACTCAGTGTTTCTT-1",760,"ENS"
"e16_c1_AGAGAATAGCCTAGGA-1",920,"ENS"
"e16_c1_AGAGAGCAGCAACTTC-1",2583,"ENS"
"e16_c1_AGAGAGCCAAGAAACT-1",1526,"Fibroblast"
"e16_c1_AGAGAGCCACAGCTGC-1",1469,"Smooth muscle"
"e16_c1_AGAGAGCTCAGGCGAA-1",3089,"ENS"
"e16_c1_AGAGAGCTCCTATTTG-1",2583,"ENS"
"e16_c1_AGAGAGCTCGCTGTCT-1",2269,"ENS"
"e16_c1_AGAGCAGCAAATCAAG-1",2231,"ENS"
"e16_c1_AGAGCAGCAGTCACGC-1",2953,"ENS"
"e16_c1_AGAGCAGGTCAGCGTC-1",749,"Fibroblast"
"e16_c1_AGAGCCCAGAGCATAT-1",551,"ENS"
"e16_c1_AGAGCCCAGCCGTTGC-1",1704,"Immune"
"e16_c1_AGAGCCCAGCTCGGCT-1",1191,"Smooth muscle"
"e16_c1_AGAGCCCGTAATGTGA-1",179,"ENS"
"e16_c1_AGAGCCCTCCGTTGGG-1",2269,"ENS"
"e16_c1_AGATAGATCACTCGAA-1",858,"ENS"
"e16_c1_AGATAGATCCAGCAAT-1",1609,"ENS"
"e16_c1_AGATCCAGTTAGGGAC-1",749,"ENS"
"e16_c1_AGATCGTAGGTGTGAC-1",2231,"ENS"
"e16_c1_AGATCGTCATCATGAC-1",2645,"ENS"
"e16_c1_AGATCGTGTCGGATTT-1",3089,"ENS"
"e16_c1_AGATGAACAACCGCTG-1",1609,"ENS"
"e16_c1_AGATGAACAACTGCCG-1",3067,"ENS"
"e16_c1_AGATGAAGTAGTCACT-1",3415,"Fibroblast"
"e16_c1_AGATGAAGTATGAGAT-1",3089,"ENS"
"e16_c1_AGATGAAGTTAAGCAA-1",546,"ENS"
"e16_c1_AGATGCTAGATGGTCG-1",920,"ENS"
"e16_c1_AGATGCTAGGTGCTGA-1",2515,"Myofibroblast"
"e16_c1_AGATGCTGTTACCTGA-1",3089,"ENS"
"e16_c1_AGATGCTTCTAGGCCG-1",2570,"ENS"
"e16_c1_AGCATCAAGACGAAGA-1",1255,"ENS"
"e16_c1_AGCATCATCAAGGAGC-1",2571,"ENS"
"e16_c1_AGCCAATGTTACACAC-1",3089,"ENS"
"e16_c1_AGCCAATTCTTCGCTG-1",2570,"ENS"
"e16_c1_AGCCACGAGCAAGCCA-1",749,"ENS"
"e16_c1_AGCCACGGTATCGCAT-1",2868,"ENS"
"e16_c1_AGCCACGGTCACGACC-1",3089,"ENS"
"e16_c1_AGCCACGGTTGATGTC-1",2352,"Smooth muscle"
"e16_c1_AGCGATTAGACCATGG-1",2570,"ENS"
"e16_c1_AGCGATTGTATGAGCG-1",760,"ENS"
"e16_c1_AGCGATTTCCTGCTAC-1",3089,"ENS"
"e16_c1_AGCGCCAAGCCTCACG-1",2269,"ENS"
"e16_c1_AGCGCCAAGTGCCTCG-1",1339,"Fibroblast"
"e16_c1_AGCGCCACAGGTAGTG-1",2645,"ENS"
"e16_c1_AGCGCCAGTCCCAAAT-1",653,"Smooth muscle"
"e16_c1_AGCGCCATCATAGCAC-1",2992,"ENS"
"e16_c1_AGCGCCATCCGAGAAG-1",2994,"ENS"
"e16_c1_AGCGCCATCGCTAAAC-1",2570,"ENS"
"e16_c1_AGCGCTGAGAAAGCGA-1",2994,"ENS"
"e16_c1_AGCGCTGAGAAGGCTC-1",3089,"ENS"
"e16_c1_AGCGCTGCAGAACCGA-1",339,"Fibroblast"
"e16_c1_AGCGCTGGTGGTATGG-1",2994,"ENS"
"e16_c1_AGCGTATAGATTCGAA-1",1204,"ENS"
"e16_c1_AGCGTATTCGTAACCA-1",3089,"ENS"
"e16_c1_AGCGTCGCAACGCCCA-1",749,"ENS"
"e16_c1_AGCGTCGGTTGCTGAT-1",16,"ENS"
"e16_c1_AGCTACAAGAGCCGTA-1",2613,"ENS"
"e16_c1_AGCTACATCGATTCCC-1",2937,"Immune"
"e16_c1_AGCTCAACAAGGAGTC-1",2269,"ENS"
"e16_c1_AGCTCAATCACGGACC-1",1122,"ENS"
"e16_c1_AGCTCAATCCGGTAAT-1",1191,"Myofibroblast"
"e16_c1_AGCTTCCGTTGATCGT-1",1190,"Fibroblast"
"e16_c1_AGCTTCCTCATCACCC-1",2578,"Fibroblast"
"e16_c1_AGGAAATCAACAGTGG-1",2953,"ENS"
"e16_c1_AGGAAATGTTTGTGGT-1",2325,"ENS"
"e16_c1_AGGAAATTCACAATGC-1",2537,"Fibroblast"
"e16_c1_AGGAAATTCTCTATGT-1",2864,"ENS"
"e16_c1_AGGAATAAGTCCCAAT-1",1469,"Mesothelial"
"e16_c1_AGGAATAGTGTGCCTG-1",3089,"ENS"
"e16_c1_AGGACGAAGTATCCTG-1",152,"ENS"
"e16_c1_AGGACGAAGTTGGGAC-1",2061,"Myofibroblast"
"e16_c1_AGGACGACAAAGGAGA-1",1256,"ENS"
"e16_c1_AGGACGATCCACTGGG-1",3089,"ENS"
"e16_c1_AGGACTTCATGGCTAT-1",3089,"ENS"
"e16_c1_AGGACTTTCTGGCCAG-1",2231,"ENS"
"e16_c1_AGGAGGTCAATTGCAC-1",2269,"ENS"
"e16_c1_AGGAGGTCAGAGGTAC-1",2581,"ENS"
"e16_c1_AGGAGGTCAGCGACCT-1",760,"ENS"
"e16_c1_AGGAGGTCATCGGCCA-1",2578,"Smooth muscle"
"e16_c1_AGGATAACACGCTATA-1",1185,"ENS"
"e16_c1_AGGATAAGTCATAGTC-1",2994,"ENS"
"e16_c1_AGGATAAGTCATGGCC-1",2570,"ENS"
"e16_c1_AGGATAATCGATTGAC-1",749,"ENS"
"e16_c1_AGGATCTCAATCGCAT-1",858,"ENS"
"e16_c1_AGGATCTGTCCGATCG-1",3068,"ENS"
"e16_c1_AGGATCTGTTGCTTGA-1",2571,"ENS"
"e16_c1_AGGCATTCAGGCTACC-1",3089,"ENS"
"e16_c1_AGGCATTGTAGCACGA-1",3089,"ENS"
"e16_c1_AGGCATTGTGGTCCCA-1",2537,"Fibroblast"
"e16_c1_AGGCATTTCGAGCACC-1",2571,"ENS"
"e16_c1_AGGCATTTCGTGCAGC-1",2271,"ENS"
"e16_c1_AGGCCACGTGCCCGTA-1",749,"ENS"
"e16_c1_AGGCCACTCGTACACA-1",2537,"Fibroblast"
"e16_c1_AGGCTGCAGAAATGGG-1",2994,"ENS"
"e16_c1_AGGCTGCCATTGAAGA-1",340,"Endothelial"
"e16_c1_AGGCTGCGTCACTCGG-1",3067,"ENS"
"e16_c1_AGGCTGCGTCCGGTGT-1",1122,"ENS"
"e16_c1_AGGCTGCGTGGTAATA-1",3089,"ENS"
"e16_c1_AGGGAGTAGTAACGTA-1",552,"ENS"
"e16_c1_AGGGAGTCATCCAACA-1",1122,"ENS"
"e16_c1_AGGGAGTCATCGAGCC-1",2570,"ENS"
"e16_c1_AGGGAGTTCAGTGTCA-1",1339,"Myofibroblast"
"e16_c1_AGGGAGTTCGATTTCT-1",3089,"ENS"
"e16_c1_AGGGCCTCACCAGCGT-1",2234,"ENS"
"e16_c1_AGGGCCTTCCTCACTG-1",2269,"ENS"
"e16_c1_AGGGCTCTCCTCTTTC-1",2269,"ENS"
"e16_c1_AGGGCTCTCGCATAGT-1",509,"ENS"
"e16_c1_AGGGTCCCATTGCCTC-1",3354,"ENS"
"e16_c1_AGGGTCCTCCATCTGC-1",2235,"ENS"
"e16_c1_AGGGTCCTCGGAATGG-1",2581,"ENS"
"e16_c1_AGGGTGATCATCGCTC-1",2570,"ENS"
"e16_c1_AGGGTTTAGCTGCCAC-1",3089,"ENS"
"e16_c1_AGGGTTTAGGACAAGA-1",2994,"ENS"
"e16_c1_AGGTCATAGCGTGTTT-1",2231,"ENS"
"e16_c1_AGGTCATTCCTTCTGG-1",2581,"ENS"
"e16_c1_AGGTCATTCTAGCCTC-1",1404,"ENS"
"e16_c1_AGGTCTAAGATCCTAC-1",553,"ENS"
"e16_c1_AGGTCTAAGCGTGCCT-1",1697,"Fibroblast"
"e16_c1_AGGTCTACAAGAGTTA-1",2570,"ENS"
"e16_c1_AGGTCTACACAGTACT-1",2269,"ENS"
"e16_c1_AGGTCTACACATTACG-1",554,"ENS"
"e16_c1_AGGTCTAGTCCCACGA-1",920,"ENS"
"e16_c1_AGGTGTTAGAGCAGCT-1",2147,"ENS"
"e16_c1_AGGTGTTCACGTTCGG-1",920,"ENS"
"e16_c1_AGGTGTTCAGTGTGCC-1",803,"Endothelial"
"e16_c1_AGGTTACAGCCTGCCA-1",2570,"ENS"
"e16_c1_AGGTTACCAATCTAGC-1",3284,"Fibroblast"
"e16_c1_AGGTTACCAGCTATTG-1",3297,"Immune"
"e16_c1_AGGTTACCATGAGAAT-1",550,"ENS"
"e16_c1_AGGTTACGTTGCCGAC-1",546,"ENS"
"e16_c1_AGGTTGTTCATTGGTG-1",1122,"ENS"
"e16_c1_AGTAACCAGACTTCGT-1",2147,"ENS"
"e16_c1_AGTAACCAGGGCGAGA-1",2996,"ENS"
"e16_c1_AGTAACCCAGGCACTC-1",3354,"ENS"
"e16_c1_AGTACCAAGAGTTGCG-1",2515,"Fibroblast"
"e16_c1_AGTACCAAGGGTTTCT-1",1465,"Fibroblast"
"e16_c1_AGTACCAGTACGATTC-1",3089,"ENS"
"e16_c1_AGTACCAGTATGCAAA-1",3089,"ENS"
"e16_c1_AGTACCATCACATACG-1",1609,"ENS"
"e16_c1_AGTACCATCCGATAAC-1",2537,"Fibroblast"
"e16_c1_AGTACTGGTTATTCCT-1",152,"ENS"
"e16_c1_AGTACTGTCATCCTAT-1",2570,"ENS"
"e16_c1_AGTAGCTAGGATTTAG-1",1318,"Fibroblast"
"e16_c1_AGTAGCTAGGGATCTG-1",332,"Fibroblast"
"e16_c1_AGTAGCTAGTTAACAG-1",2570,"ENS"
"e16_c1_AGTAGCTCAGGAGGAG-1",2269,"ENS"
"e16_c1_AGTAGCTGTGTTCGAT-1",527,"Myofibroblast"
"e16_c1_AGTAGCTTCTGAGCAT-1",2571,"ENS"
"e16_c1_AGTAGTCAGAATGTTG-1",2353,"Smooth muscle"
"e16_c1_AGTAGTCAGTGCACCC-1",1339,"Smooth muscle"
"e16_c1_AGTAGTCTCTGCTTAT-1",2511,"Fibroblast"
"e16_c1_AGTCAACAGTATAGAC-1",3089,"ENS"
"e16_c1_AGTCAACGTTTGGAAA-1",3354,"ENS"
"e16_c1_AGTCAACTCGGTGTTA-1",2570,"ENS"
"e16_c1_AGTCACAGTTTCTTAC-1",1609,"ENS"
"e16_c1_AGTCACATCCTTGACC-1",1609,"ENS"
"e16_c1_AGTCATGAGTTAGTGA-1",2147,"ENS"
"e16_c1_AGTCATGGTCAATGGG-1",388,"ENS"
"e16_c1_AGTCTCCGTGGAACCA-1",175,"ENS"
"e16_c1_AGTCTCCTCGACATTG-1",2992,"ENS"
"e16_c1_AGTGACTCATCTGTTT-1",3067,"ENS"
"e16_c1_AGTGTTGAGCTCGGCT-1",3354,"ENS"
"e16_c1_AGTGTTGAGGGTCAAC-1",2537,"Myofibroblast"
"e16_c1_AGTGTTGTCTGTCGTC-1",2269,"ENS"
"e16_c1_AGTTAGCAGAACGCGT-1",1185,"ENS"
"e16_c1_AGTTAGCAGCAGCCTC-1",2581,"ENS"
"e16_c1_AGTTAGCAGCCGTTAT-1",212,"Myofibroblast"
"e16_c1_AGTTAGCCACCCAACG-1",2231,"ENS"
"e16_c1_AGTTAGCTCATCCTGC-1",1526,"Fibroblast"
"e16_c1_AGTTCCCAGTTGGCGA-1",1735,"ENS"
"e16_c1_AGTTCCCCATTGCCGG-1",760,"ENS"
"e16_c1_AGTTCCCGTACTAAGA-1",3089,"ENS"
"e16_c1_AGTTCCCGTCAGGCAA-1",2868,"ENS"
"e16_c1_AGTTCGAAGATCCCAT-1",749,"ENS"
"e16_c1_AGTTCGATCACCTTAT-1",3178,"Immune"
"e16_c1_AGTTCGATCTTAAGGC-1",3089,"ENS"
"e16_c1_ATACCGAAGCTTTGTG-1",3089,"ENS"
"e16_c1_ATACCGATCATTCGGA-1",3023,"ENS"
"e16_c1_ATACCTTAGCCATATC-1",920,"ENS"
"e16_c1_ATACCTTCAATTGCGT-1",1191,"Fibroblast"
"e16_c1_ATACTTCCAGACGGAT-1",749,"ENS"
"e16_c1_ATACTTCCAGCCTATA-1",2570,"ENS"
"e16_c1_ATACTTCGTGTTTCTT-1",1266,"ENS"
"e16_c1_ATACTTCTCATGGTAC-1",1339,"Fibroblast"
"e16_c1_ATAGACCAGCACTCCG-1",3089,"ENS"
"e16_c1_ATAGACCCAGTTACCA-1",3089,"ENS"
"e16_c1_ATAGACCGTAGACAAT-1",550,"ENS"
"e16_c1_ATAGACCTCTTTCGAT-1",749,"ENS"
"e16_c1_ATAGAGATCGCATTAG-1",2601,"Myofibroblast"
"e16_c1_ATAGGCTTCAAAGACA-1",760,"ENS"
"e16_c1_ATAGGCTTCGATTGGT-1",1122,"ENS"
"e16_c1_ATATCCTTCATGCAGT-1",546,"ENS"
"e16_c1_ATATCCTTCCGGACGT-1",3089,"ENS"
"e16_c1_ATATCCTTCTTTCAGT-1",2868,"ENS"
"e16_c1_ATCACAGCAACAAGAT-1",2581,"ENS"
"e16_c1_ATCACAGGTGAAAGTT-1",749,"ENS"
"e16_c1_ATCACGAAGCTGTCCG-1",749,"ENS"
"e16_c1_ATCACGAAGGTCGCCT-1",2269,"ENS"
"e16_c1_ATCACGAAGGTCTTTG-1",2269,"ENS"
"e16_c1_ATCACTTAGACATAGT-1",2570,"ENS"
"e16_c1_ATCAGGTAGCCTCTTC-1",2994,"ENS"
"e16_c1_ATCAGGTAGTAGTCTC-1",3089,"ENS"
"e16_c1_ATCATTCAGTACTCGT-1",2994,"ENS"
"e16_c1_ATCATTCCAAGAGGTC-1",2232,"ENS"
"e16_c1_ATCATTCCATAGGTAA-1",555,"ENS"
"e16_c1_ATCCACCAGGCCCGTT-1",2570,"ENS"
"e16_c1_ATCCACCTCGAGAGAC-1",3067,"ENS"
"e16_c1_ATCCATTCAGCAGGAT-1",749,"ENS"
"e16_c1_ATCCATTTCCTACGGG-1",3298,"Immune"
"e16_c1_ATCCCTGCAAGGCAAC-1",2231,"ENS"
"e16_c1_ATCCCTGCAAGTTGGG-1",3067,"ENS"
"e16_c1_ATCCCTGCATGACAGG-1",920,"ENS"
"e16_c1_ATCCCTGGTTTACGTG-1",2868,"ENS"
"e16_c1_ATCCCTGTCGCGTGCA-1",3089,"ENS"
"e16_c1_ATCCGTCGTACTCCGG-1",2269,"ENS"
"e16_c1_ATCCTATGTAACGGTG-1",1465,"Fibroblast"
"e16_c1_ATCCTATTCACCTCAC-1",546,"ENS"
"e16_c1_ATCGATGAGCAAGTCG-1",749,"ENS"
"e16_c1_ATCGCCTCAAGCGATG-1",2994,"ENS"
"e16_c1_ATCGCCTTCATTCACT-1",749,"ENS"
"e16_c1_ATCGCCTTCTCATGGA-1",3067,"ENS"
"e16_c1_ATCGGATAGCTGCCAC-1",2269,"ENS"
"e16_c1_ATCGGATCACTAGGCC-1",2147,"ENS"
"e16_c1_ATCGGATTCGATACTG-1",1463,"Myofibroblast"
"e16_c1_ATCGGCGAGCTTGTTG-1",1293,"ENS"
"e16_c1_ATCGGCGCAGACCATT-1",2570,"ENS"
"e16_c1_ATCGGCGCATGTGTCA-1",3089,"ENS"
"e16_c1_ATCGTAGAGACTTAAG-1",749,"ENS"
"e16_c1_ATCGTAGCAAACTCGT-1",3091,"ENS"
"e16_c1_ATCGTAGCAGGATCTT-1",136,"Fibroblast"
"e16_c1_ATCGTAGGTAGTATAG-1",749,"ENS"
"e16_c1_ATCGTAGGTCTGTTAG-1",2868,"ENS"
"e16_c1_ATCGTAGTCCCTCTTT-1",3089,"ENS"
"e16_c1_ATCGTGAAGTCTACCA-1",1609,"ENS"
"e16_c1_ATCGTGAAGTTGGCGA-1",2352,"Myofibroblast"
"e16_c1_ATCTCTAAGCAAGGAA-1",2269,"ENS"
"e16_c1_ATCTCTAAGGTTACCT-1",2515,"Fibroblast"
"e16_c1_ATCTTCAAGTAGTCAA-1",920,"ENS"
"e16_c1_ATCTTCACACACACTA-1",2954,"ENS"
"e16_c1_ATCTTCACACAGTGAG-1",1609,"ENS"
"e16_c1_ATCTTCACATGGGAAC-1",3089,"ENS"
"e16_c1_ATGAAAGCAACTGGTT-1",3092,"ENS"
"e16_c1_ATGACCATCACCGGGT-1",1339,"Fibroblast"
"e16_c1_ATGACCATCACTCTTA-1",1192,"Myofibroblast"
"e16_c1_ATGACCATCCTTATCA-1",749,"ENS"
"e16_c1_ATGACCATCTGAACGT-1",2570,"ENS"
"e16_c1_ATGAGGGGTAAGGAGA-1",2994,"ENS"
"e16_c1_ATGAGGGTCATATGGC-1",2511,"Fibroblast"
"e16_c1_ATGAGTCCACCTGCAG-1",550,"ENS"
"e16_c1_ATGAGTCGTCACAATC-1",2863,"ENS"
"e16_c1_ATGATCGAGCACACAG-1",3089,"ENS"
"e16_c1_ATGCATGAGACCAAAT-1",152,"ENS"
"e16_c1_ATGCATGAGCTAGAAT-1",3089,"ENS"
"e16_c1_ATGCATGAGTGGTTGG-1",2231,"ENS"
"e16_c1_ATGCCTCAGGAGTCTG-1",920,"ENS"
"e16_c1_ATGCCTCCAGGTCCGT-1",1185,"ENS"
"e16_c1_ATGCCTCGTGGTCTTA-1",2863,"ENS"
"e16_c1_ATGCCTCTCAACTGGT-1",535,"ENS"
"e16_c1_ATGCCTCTCACCTCTG-1",2570,"ENS"
"e16_c1_ATGCCTCTCTAAGCGT-1",2269,"ENS"
"e16_c1_ATGCGATCAAATAGCA-1",2994,"ENS"
"e16_c1_ATGCGATCACCCTAAA-1",1134,"Fibroblast"
"e16_c1_ATGCGATCATGGTGGA-1",2946,"Fibroblast"
"e16_c1_ATGCGATGTCCCTAAA-1",2231,"ENS"
"e16_c1_ATGGAGGCATCTGCGG-1",2645,"ENS"
"e16_c1_ATGGAGGCATGGTGGA-1",3089,"ENS"
"e16_c1_ATGGAGGGTGATAGTA-1",2953,"ENS"
"e16_c1_ATGGAGGGTTTACACG-1",1609,"ENS"
"e16_c1_ATGGAGGGTTTCAGAC-1",2163,"Smooth muscle"
"e16_c1_ATGGAGGTCGATGGAG-1",2230,"ENS"
"e16_c1_ATGGATCGTACCTATG-1",2147,"ENS"
"e16_c1_ATGGATCTCATGAAAG-1",3287,"Simple Epithelial"
"e16_c1_ATGGATCTCCGTATAG-1",2269,"ENS"
"e16_c1_ATGGGAGAGTAGACAT-1",2269,"ENS"
"e16_c1_ATGGGAGAGTTGCTGT-1",2868,"ENS"
"e16_c1_ATGGGAGCAGGCTATT-1",2269,"ENS"
"e16_c1_ATGGGAGCAGGTCTCG-1",1404,"ENS"
"e16_c1_ATGGGAGTCGTAACCA-1",2819,"Myofibroblast"
"e16_c1_ATGGGAGTCTGGGTCG-1",317,"ENS"
"e16_c1_ATGGGTTAGTCGCTAT-1",3089,"ENS"
"e16_c1_ATGGTTGAGATTGACA-1",2581,"ENS"
"e16_c1_ATGGTTGCAATTCGTG-1",3089,"ENS"
"e16_c1_ATGTCCCGTTGCATGT-1",2326,"ENS"
"e16_c1_ATGTCTTGTCATCACA-1",749,"ENS"
"e16_c1_ATGTCTTGTGGACAGT-1",2269,"ENS"
"e16_c1_ATGTCTTGTTCTCGTC-1",556,"ENS"
"e16_c1_ATTACCTGTATGGGAC-1",3089,"ENS"
"e16_c1_ATTACCTTCAACTTTC-1",3223,"Simple Epithelial"
"e16_c1_ATTACTCAGCAGCCCT-1",550,"ENS"
"e16_c1_ATTACTCGTACCATAC-1",3089,"ENS"
"e16_c1_ATTCACTAGAGCCCAA-1",3089,"ENS"
"e16_c1_ATTCACTAGCACTAGG-1",2868,"ENS"
"e16_c1_ATTCACTCACCAAATC-1",1305,"Smooth muscle"
"e16_c1_ATTCACTCAGCCGTTG-1",2269,"ENS"
"e16_c1_ATTCACTCATGGCGCT-1",749,"ENS"
"e16_c1_ATTCACTTCTCGCGTT-1",920,"ENS"
"e16_c1_ATTCAGGAGTTTCGGT-1",920,"ENS"
"e16_c1_ATTCAGGTCTGGGCAC-1",1922,"ENS"
"e16_c1_ATTCATCAGCCGTTGC-1",2570,"ENS"
"e16_c1_ATTCATCTCTGTGTGA-1",2994,"ENS"
"e16_c1_ATTCCATCACTATGTG-1",2578,"Myofibroblast"
"e16_c1_ATTCCATGTCCTGTCT-1",2147,"ENS"
"e16_c1_ATTCCATGTGTAAACA-1",3089,"ENS"
"e16_c1_ATTCCATTCACCATAG-1",2269,"ENS"
"e16_c1_ATTCCATTCCACGTCT-1",2537,"Fibroblast"
"e16_c1_ATTCCCGCAGAGACTG-1",2269,"ENS"
"e16_c1_ATTCCTACAAATGCTC-1",1191,"Smooth muscle"
"e16_c1_ATTCCTACATTCAGCA-1",1834,"ENS"
"e16_c1_ATTCCTAGTATGGAGC-1",500,"ENS"
"e16_c1_ATTCCTAGTGGCTGCT-1",749,"ENS"
"e16_c1_ATTCGTTGTTACCCTC-1",3076,"ENS"
"e16_c1_ATTCTACAGGCTATCT-1",2269,"ENS"
"e16_c1_ATTCTACGTGCCGGTT-1",1339,"Myofibroblast"
"e16_c1_ATTCTACTCGAGCCTG-1",2326,"ENS"
"e16_c1_ATTCTACTCTTCACAT-1",2570,"ENS"
"e16_c1_ATTCTACTCTTTACAC-1",167,"ENS"
"e16_c1_ATTCTTGAGGGCATGT-1",3286,"Myofibroblast"
"e16_c1_ATTCTTGCAGAAACCG-1",1769,"Fibroblast"
"e16_c1_ATTCTTGCAGAATTCC-1",749,"ENS"
"e16_c1_ATTCTTGGTTATGACC-1",2269,"ENS"
"e16_c1_ATTCTTGGTTCTTGCC-1",2231,"ENS"
"e16_c1_ATTGTTCGTGGGACAT-1",3336,"Fibroblast"
"e16_c1_ATTTACCGTGTCATGT-1",2163,"Myofibroblast"
"e16_c1_ATTTACCTCGAAACAA-1",2147,"ENS"
"e16_c1_ATTTCTGAGGTGCATG-1",2570,"ENS"
"e16_c1_ATTTCTGCAACCCTAA-1",2269,"ENS"
"e16_c1_CAAAGAAAGGCCCACT-1",1185,"ENS"
"e16_c1_CAAAGAAAGGCTTCCG-1",2537,"ICC"
"e16_c1_CAACAACCACCAGCTG-1",2645,"ENS"
"e16_c1_CAACAACGTCGTCATA-1",2325,"ENS"
"e16_c1_CAACAACTCATGGCCG-1",3093,"ENS"
"e16_c1_CAACAGTTCAAGAGTA-1",2585,"ENS"
"e16_c1_CAACAGTTCAATCTCT-1",2937,"Immune"
"e16_c1_CAACCAAAGCGAACTG-1",3089,"ENS"
"e16_c1_CAACCAAAGGGCTTCC-1",550,"ENS"
"e16_c1_CAACCAAAGTGACACG-1",2994,"ENS"
"e16_c1_CAACCAAGTAACACGG-1",3067,"ENS"
"e16_c1_CAACCAATCGTGGAAG-1",2581,"ENS"
"e16_c1_CAACCTCCAAGACTGG-1",2060,"Simple Epithelial"
"e16_c1_CAACCTCCACGCAGTC-1",2994,"ENS"
"e16_c1_CAACCTCCAGGCTATT-1",919,"ENS"
"e16_c1_CAACCTCCAGGTTCAT-1",2326,"ENS"
"e16_c1_CAACCTCGTATACCCA-1",2231,"ENS"
"e16_c1_CAACCTCTCAAGCCTA-1",3089,"ENS"
"e16_c1_CAACCTCTCCACCCTA-1",362,"ENS"
"e16_c1_CAACCTCTCCACGTGG-1",760,"ENS"
"e16_c1_CAACGATAGATTAGCA-1",3089,"ENS"
"e16_c1_CAACGATCAACTCCCT-1",1463,"Smooth muscle"
"e16_c1_CAACGATCATGGGCAA-1",3089,"ENS"
"e16_c1_CAACGATTCCTTGAAG-1",2980,"Fibroblast"
"e16_c1_CAACGGCGTCAGACGA-1",749,"ENS"
"e16_c1_CAAGACTAGTCCGCGT-1",2327,"ENS"
"e16_c1_CAAGACTGTACCCGCA-1",2269,"ENS"
"e16_c1_CAAGACTTCGACGTCG-1",2230,"ENS"
"e16_c1_CAAGACTTCTGAGAGG-1",2537,"Fibroblast"
"e16_c1_CAAGAGGAGCGGCTCT-1",920,"ENS"
"e16_c1_CAAGAGGGTGTTACTG-1",2269,"ENS"
"e16_c1_CAAGAGGGTGTTCGTA-1",2537,"Fibroblast"
"e16_c1_CAAGCTAAGCTCGACC-1",1191,"Fibroblast"
"e16_c1_CAAGCTATCGCAACAT-1",2352,"Fibroblast"
"e16_c1_CAAGGGAAGCCATATC-1",920,"ENS"
"e16_c1_CAAGGGAAGGTAACTA-1",2868,"ENS"
"e16_c1_CAAGGGAAGTATGTAG-1",749,"ENS"
"e16_c1_CAAGGGACAATGACCT-1",1672,"ENS"
"e16_c1_CAAGGGAGTCGTTGGC-1",749,"ENS"
"e16_c1_CAAGGGATCGCTCATC-1",2537,"Smooth muscle"
"e16_c1_CAATACGAGTAAATGC-1",1609,"ENS"
"e16_c1_CAATACGAGTAGGATT-1",2570,"ENS"
"e16_c1_CAATACGGTACTCAAC-1",2570,"ENS"
"e16_c1_CAATACGTCACCATAG-1",760,"ENS"
"e16_c1_CAATGACAGCCGATAG-1",12,"Myofibroblast"
"e16_c1_CAATGACCATTCACAG-1",33,"ENS"
"e16_c1_CAATTTCAGTGGTTCT-1",3089,"ENS"
"e16_c1_CAATTTCTCTGTAACG-1",749,"ENS"
"e16_c1_CACACAAAGAATCCCT-1",2236,"ENS"
"e16_c1_CACACAAAGTTACTCG-1",749,"ENS"
"e16_c1_CACACAAGTGAGCAGT-1",2586,"ENS"
"e16_c1_CACACAAGTGCAAGAC-1",2466,"Smooth muscle"
"e16_c1_CACAGATAGAGCAGAA-1",2231,"ENS"
"e16_c1_CACAGATAGCCTGAGA-1",3089,"ENS"
"e16_c1_CACAGATAGGCGTCCT-1",3336,"Fibroblast"
"e16_c1_CACAGATAGGTCACAG-1",2200,"Fibroblast"
"e16_c1_CACAGATCAGCACAGA-1",749,"ENS"
"e16_c1_CACAGATGTTCTCCCA-1",2537,"Smooth muscle"
"e16_c1_CACAGATTCCACCTGT-1",2269,"ENS"
"e16_c1_CACAGGCAGTCTGGTT-1",370,"ENS"
"e16_c1_CACATGACAATACAGA-1",2269,"ENS"
"e16_c1_CACATGATCGCCGAGT-1",3089,"ENS"
"e16_c1_CACATGATCTGAGGTT-1",1441,"Myofibroblast"
"e16_c1_CACCAAACAAGTGGTG-1",2570,"ENS"
"e16_c1_CACCAAACACTGTCCT-1",2537,"Smooth muscle"
"e16_c1_CACCGTTAGGACGGAG-1",3089,"ENS"
"e16_c1_CACCGTTGTGCAGTGA-1",1305,"Fibroblast"
"e16_c1_CACGAATCACCCAACG-1",509,"ENS"
"e16_c1_CACGAATCAGCAGAAC-1",1273,"ENS"
"e16_c1_CACGAATTCGTTGTTT-1",1185,"ENS"
"e16_c1_CACGGGTCAAGACTGG-1",2571,"ENS"
"e16_c1_CACGTGGAGCCGAACA-1",2570,"ENS"
"e16_c1_CACGTGGCATGGAAGC-1",2231,"ENS"
"e16_c1_CACGTGGTCTCAACGA-1",3089,"ENS"
"e16_c1_CACGTGGTCTCCTGAC-1",2994,"ENS"
"e16_c1_CACGTTCCACGGTCTG-1",2583,"ENS"
"e16_c1_CACGTTCTCTTCTGGC-1",554,"ENS"
"e16_c1_CACTAAGCACGACGAA-1",2537,"Fibroblast"
"e16_c1_CACTAAGCACTCGATA-1",736,"Immune"
"e16_c1_CACTAAGCATGCAGCC-1",3067,"ENS"
"e16_c1_CACTAAGTCGTACACA-1",276,"ENS"
"e16_c1_CACTGAAAGCCTATTG-1",3089,"ENS"
"e16_c1_CACTGAAAGGGCTGAT-1",550,"ENS"
"e16_c1_CACTGAACAGAGAGGG-1",2147,"ENS"
"e16_c1_CACTGAAGTTTCCATT-1",557,"ENS"
"e16_c1_CACTGAATCCATACTT-1",2863,"ENS"
"e16_c1_CACTGGGCAGAGTCAG-1",749,"ENS"
"e16_c1_CACTGGGGTAGCGCCT-1",920,"ENS"
"e16_c1_CACTGTCTCCGGGACT-1",3089,"ENS"
"e16_c1_CACTTCGGTACACGTT-1",1609,"ENS"
"e16_c1_CAGAGCCAGTAATTGG-1",246,"ENS"
"e16_c1_CAGAGCCTCGGTAGAG-1",319,"Simple Epithelial"
"e16_c1_CAGATACAGTTGAAAC-1",1191,"Myofibroblast"
"e16_c1_CAGATCACACAATTCG-1",3089,"ENS"
"e16_c1_CAGATCAGTATGGTAA-1",558,"ENS"
"e16_c1_CAGATCAGTTGCGGCT-1",220,"ENS"
"e16_c1_CAGATTGAGAAGCGCT-1",1257,"ENS"
"e16_c1_CAGATTGAGACATAAC-1",142,"ENS"
"e16_c1_CAGATTGCACACGGTC-1",749,"ENS"
"e16_c1_CAGATTGCACATTCGA-1",1683,"Fibroblast"
"e16_c1_CAGATTGCACTTGAGT-1",2325,"ENS"
"e16_c1_CAGATTGTCATGGGAG-1",2353,"Smooth muscle"
"e16_c1_CAGCAATCACAACCGC-1",2868,"ENS"
"e16_c1_CAGCAATTCGCCTTGT-1",2992,"ENS"
"e16_c1_CAGCACGGTTTGAACC-1",2583,"ENS"
"e16_c1_CAGCAGCCAAGGGCAT-1",3067,"ENS"
"e16_c1_CAGCAGCCATTCAGGT-1",3089,"ENS"
"e16_c1_CAGCAGCGTTAAAGTG-1",859,"ENS"
"e16_c1_CAGCAGCTCACAGTGT-1",3089,"ENS"
"e16_c1_CAGCAGCTCATTCGTT-1",3089,"ENS"
"e16_c1_CAGCAGCTCTTCGGAA-1",618,"Myofibroblast"
"e16_c1_CAGCCAGAGACCTCCG-1",2537,"Fibroblast"
"e16_c1_CAGCCAGGTGGGATTG-1",2645,"ENS"
"e16_c1_CAGCGTGAGTGCCTCG-1",2147,"ENS"
"e16_c1_CAGCGTGCAGAGCGTA-1",509,"ENS"
"e16_c1_CAGCGTGGTCTTGCTC-1",2953,"ENS"
"e16_c1_CAGGCCAGTGCGAGTA-1",2863,"ENS"
"e16_c1_CAGGGCTCATGTGGCC-1",2147,"ICC"
"e16_c1_CAGGGCTGTGGACTGA-1",920,"ENS"
"e16_c1_CAGGGCTTCTGTCCCA-1",760,"ENS"
"e16_c1_CAGGTATGTGTTGACT-1",2272,"ENS"
"e16_c1_CAGGTATTCCTTCAGC-1",2992,"ENS"
"e16_c1_CAGTGCGAGAGGATCC-1",2058,"Simple Epithelial"
"e16_c1_CAGTGCGGTATCAAGA-1",2868,"ENS"
"e16_c1_CAGTGCGGTTGGTAGG-1",3089,"ENS"
"e16_c1_CAGTGCGGTTTCCAAG-1",1609,"ENS"
"e16_c1_CAGTGCGTCGCTTGCT-1",3067,"ENS"
"e16_c1_CAGTTAGGTCGTTCAA-1",2953,"ENS"
"e16_c1_CAGTTCCAGAGGTTAT-1",559,"ENS"
"e16_c1_CAGTTCCGTCCGAAGA-1",3067,"ENS"
"e16_c1_CAGTTCCGTGCCCACA-1",2570,"ENS"
"e16_c1_CATAAGCAGGATTTCC-1",858,"ENS"
"e16_c1_CATAAGCAGGTGGGTT-1",3089,"ENS"
"e16_c1_CATAAGCCAGAACTTC-1",920,"ENS"
"e16_c1_CATAAGCGTACAACGG-1",3089,"ENS"
"e16_c1_CATACAGAGCAGGCAT-1",38,"Endothelial"
"e16_c1_CATACAGGTTAGGCCC-1",549,"ENS"
"e16_c1_CATACCCAGTGGCCTC-1",2578,"Fibroblast"
"e16_c1_CATACCCGTTACTCAG-1",2917,"ENS"
"e16_c1_CATACTTAGATCGCCC-1",3067,"ENS"
"e16_c1_CATACTTAGGACAGTC-1",2994,"ENS"
"e16_c1_CATACTTCAGCGCGTT-1",3089,"ENS"
"e16_c1_CATACTTCAGTCAGTT-1",550,"ENS"
"e16_c1_CATACTTGTCGAACAG-1",2269,"ENS"
"e16_c1_CATACTTGTGACCGTC-1",2061,"Myofibroblast"
"e16_c1_CATACTTTCCACGTCT-1",3089,"ENS"
"e16_c1_CATAGACAGCACAAAT-1",1404,"ENS"
"e16_c1_CATAGACAGTACTCGT-1",2600,"Smooth muscle"
"e16_c1_CATAGACGTTAGAAGT-1",3337,"Fibroblast"
"e16_c1_CATAGACGTTCTAACG-1",2953,"ENS"
"e16_c1_CATAGACTCCTATTGT-1",920,"ENS"
"e16_c1_CATCAAGAGACATGCG-1",2269,"ENS"
"e16_c1_CATCAAGAGCCTCAAT-1",3089,"ENS"
"e16_c1_CATCAAGAGTGCACTT-1",2269,"ENS"
"e16_c1_CATCAAGCAAATTGGA-1",2269,"ENS"
"e16_c1_CATCAAGGTACTCGTA-1",2571,"ENS"
"e16_c1_CATCAAGTCCGATAGT-1",2269,"ENS"
"e16_c1_CATCCACCACCCTTAC-1",3089,"ENS"
"e16_c1_CATCCACGTACGACAG-1",2570,"ENS"
"e16_c1_CATCCACTCGGCTCTT-1",949,"ENS"
"e16_c1_CATCCACTCGGCTTGG-1",2570,"ENS"
"e16_c1_CATCCCACAATGACCT-1",2147,"ENS"
"e16_c1_CATCCCACACTCCGAG-1",760,"ENS"
"e16_c1_CATCCCACAGTATACC-1",2147,"ENS"
"e16_c1_CATCCCAGTGTGTACT-1",2992,"ENS"
"e16_c1_CATCCGTGTCACCTTC-1",749,"ENS"
"e16_c1_CATCCGTGTGTCCGGT-1",1609,"ENS"
"e16_c1_CATCCGTTCAAGTTGC-1",1122,"ENS"
"e16_c1_CATCCGTTCGGAGTGA-1",760,"ENS"
"e16_c1_CATCGCTCAATTGAGA-1",2583,"ENS"
"e16_c1_CATCGCTCAGCTTCCT-1",1842,"ENS"
"e16_c1_CATCGCTGTAATTAGG-1",550,"ENS"
"e16_c1_CATCGCTTCCGCAACG-1",2537,"Fibroblast"
"e16_c1_CATCGCTTCTATCCAT-1",2269,"ENS"
"e16_c1_CATCGGGAGTGGATTA-1",2269,"ENS"
"e16_c1_CATCGGGTCGGCCAAC-1",1512,"Fibroblast"
"e16_c1_CATCGGGTCGGTAACT-1",2868,"ENS"
"e16_c1_CATCGTCTCACTCTTA-1",3089,"ENS"
"e16_c1_CATCGTCTCTCGTTTA-1",1050,"ENS"
"e16_c1_CATGAGTTCCGGCAAC-1",2570,"ENS"
"e16_c1_CATGAGTTCGAGCCAC-1",3089,"ENS"
"e16_c1_CATGCAACATAACCCA-1",2581,"ENS"
"e16_c1_CATGCAAGTCACCACG-1",1441,"Myofibroblast"
"e16_c1_CATGCAATCAGTCATG-1",3089,"ENS"
"e16_c1_CATGCCTGTGTCGATT-1",2645,"ENS"
"e16_c1_CATGCCTTCAGGAGAC-1",2570,"ENS"
"e16_c1_CATGCGGAGGAGGTTC-1",2537,"Fibroblast"
"e16_c1_CATGCGGCACCGGAAA-1",2326,"ENS"
"e16_c1_CATGCGGCATAAGATG-1",760,"ENS"
"e16_c1_CATGCGGGTAGCGCCT-1",2868,"ENS"
"e16_c1_CATGCTCAGGGATCTG-1",618,"Fibroblast"
"e16_c1_CATGCTCAGTGATCGG-1",3089,"ENS"
"e16_c1_CATGGATAGCACCCAC-1",920,"ENS"
"e16_c1_CATGGATCAATCCAGT-1",2147,"ENS"
"e16_c1_CATGGATCAGACCGCT-1",1469,"Mesothelial"
"e16_c1_CATGGATCAGTTGCGC-1",2515,"Smooth muscle"
"e16_c1_CATGGTACAAATGGTA-1",3089,"ENS"
"e16_c1_CATGGTATCAAGTCTG-1",2581,"ENS"
"e16_c1_CATGGTATCTGGGCAC-1",83,"ENS"
"e16_c1_CATTCATTCAATCAGC-1",749,"ENS"
"e16_c1_CATTCATTCTCAATCT-1",920,"ENS"
"e16_c1_CATTCCGAGGATACGC-1",761,"ENS"
"e16_c1_CATTCCGCACACAGAG-1",1610,"ENS"
"e16_c1_CATTCCGGTACCACGC-1",2863,"ENS"
"e16_c1_CATTCCGTCAATCTCT-1",417,"ENS"
"e16_c1_CATTCCGTCGACGTCG-1",1924,"ICC"
"e16_c1_CATTCCGTCTAGACCA-1",2231,"ENS"
"e16_c1_CATTCTATCCATACTT-1",3089,"ENS"
"e16_c1_CATTCTATCGATACGT-1",3089,"ENS"
"e16_c1_CATTGAGGTACTGCCG-1",760,"ENS"
"e16_c1_CATTGAGGTGACTCTA-1",2994,"ENS"
"e16_c1_CATTGAGGTGAGTAGC-1",3089,"ENS"
"e16_c1_CATTGAGTCGTAGCCG-1",1185,"ENS"
"e16_c1_CATTGAGTCTACTATC-1",3150,"Smooth muscle"
"e16_c1_CATTGAGTCTCGCGTT-1",749,"ENS"
"e16_c1_CATTGAGTCTGTGCAA-1",2570,"ENS"
"e16_c1_CATTGCCAGATTGACA-1",2269,"ENS"
"e16_c1_CATTGCCCATGACTGT-1",2537,"Myofibroblast"
"e16_c1_CATTGCCTCCTACGAA-1",3089,"ENS"
"e16_c1_CATTGTTCATGCCGCA-1",275,"ENS"
"e16_c1_CATTGTTTCAACTACG-1",1191,"Smooth muscle"
"e16_c1_CATTGTTTCATTTCGT-1",2953,"ENS"
"e16_c1_CATTTCAAGGAACGAA-1",2537,"Fibroblast"
"e16_c1_CATTTCACATGTGCTA-1",3413,"Fibroblast"
"e16_c1_CCAAGCGAGCCTTTCC-1",2570,"ENS"
"e16_c1_CCAAGCGAGCTCCACG-1",3089,"ENS"
"e16_c1_CCAAGCGCAGAGATGC-1",3089,"ENS"
"e16_c1_CCAATGAAGGATTTAG-1",1402,"ENS"
"e16_c1_CCAATGAGTGCGAACA-1",1469,"Mesothelial"
"e16_c1_CCAATGAGTTGGGACA-1",1924,"Smooth muscle"
"e16_c1_CCAATTTCAGTTCTAG-1",749,"ENS"
"e16_c1_CCAATTTGTGCAAGAC-1",264,"ENS"
"e16_c1_CCACAAACAGCTCATA-1",3089,"ENS"
"e16_c1_CCACACTGTAACTTCG-1",276,"ENS"
"e16_c1_CCACCATAGGGATCGT-1",2231,"ENS"
"e16_c1_CCACCATCAAAGCTAA-1",760,"ENS"
"e16_c1_CCACCATGTACGTACT-1",2863,"ENS"
"e16_c1_CCACCATTCCGCTTAC-1",3354,"ENS"
"e16_c1_CCACCATTCGACCATA-1",3089,"ENS"
"e16_c1_CCACCATTCGTCTAAG-1",2558,"Fibroblast"
"e16_c1_CCACGAGAGCGATGCA-1",2269,"ENS"
"e16_c1_CCACGAGAGTTGCCCG-1",2537,"Fibroblast"
"e16_c1_CCACGTTCATGAAGGC-1",2061,"Myofibroblast"
"e16_c1_CCACGTTGTACATACC-1",549,"ENS"
"e16_c1_CCACGTTGTAGTCGTT-1",2327,"ENS"
"e16_c1_CCACGTTGTCGAATGG-1",2953,"ENS"
"e16_c1_CCACGTTGTGCAGATG-1",2269,"ENS"
"e16_c1_CCACGTTGTGGACCAA-1",3089,"ENS"
"e16_c1_CCACGTTTCGTTCTAT-1",1857,"ENS"
"e16_c1_CCACTTGAGGCAGTCA-1",1565,"Mesothelial"
"e16_c1_CCACTTGCAACACAGG-1",3089,"ENS"
"e16_c1_CCACTTGGTAGAAACT-1",3089,"ENS"
"e16_c1_CCATAAGAGTTCATGC-1",2269,"ENS"
"e16_c1_CCATAAGTCAGTGATC-1",2868,"ENS"
"e16_c1_CCATCACAGAGCAGCT-1",469,"ENS"
"e16_c1_CCATCACCAGACCTAT-1",2147,"ENS"
"e16_c1_CCATCACTCACTGATG-1",550,"ENS"
"e16_c1_CCCAACTAGGTAAACT-1",2231,"ENS"
"e16_c1_CCCAACTGTAGTTACC-1",341,"ENS"
"e16_c1_CCCATTGCAGGTTCAT-1",550,"ENS"
"e16_c1_CCCATTGCAGTATTCG-1",2937,"Immune"
"e16_c1_CCCATTGGTGCATACT-1",3336,"Fibroblast"
"e16_c1_CCCATTGGTGCCTTTC-1",3380,"ENS"
"e16_c1_CCCATTGTCTCCCTAG-1",2269,"ENS"
"e16_c1_CCCGAAGAGGGACAGG-1",3067,"ENS"
"e16_c1_CCCGAAGAGGTAAGTT-1",3089,"ENS"
"e16_c1_CCCGAAGCAATTGCAC-1",1050,"ENS"
"e16_c1_CCCGAAGCAATTGCCA-1",1404,"ENS"
"e16_c1_CCCGAAGCACTCTGCT-1",2489,"Endothelial"
"e16_c1_CCCGAAGCATGACCCG-1",749,"ENS"
"e16_c1_CCCGAAGGTCAGTCGC-1",3089,"ENS"
"e16_c1_CCCGGAAAGACCTGGA-1",3067,"ENS"
"e16_c1_CCCGGAAAGTATCCTG-1",2992,"ENS"
"e16_c1_CCCGGAAGTGGACCAA-1",3089,"ENS"
"e16_c1_CCCTAACAGACCCGCT-1",749,"ENS"
"e16_c1_CCCTCAAAGTCCGTCG-1",749,"ENS"
"e16_c1_CCCTCAAGTACGTACT-1",3089,"ENS"
"e16_c1_CCCTCTCAGTCCGTCG-1",2269,"ENS"
"e16_c1_CCCTCTCCAGCGTATT-1",2570,"ENS"
"e16_c1_CCCTCTCGTCATCCGG-1",736,"Immune"
"e16_c1_CCCTCTCTCATCACCC-1",417,"ENS"
"e16_c1_CCCTCTCTCTAAGCCA-1",249,"ENS"
"e16_c1_CCCTGATAGCCAGACA-1",315,"ENS"
"e16_c1_CCCTGATGTGAGACGT-1",1840,"ENS"
"e16_c1_CCCTTAGAGCGTTAGG-1",3089,"ENS"
"e16_c1_CCCTTAGAGTCTGTAC-1",3089,"ENS"
"e16_c1_CCCTTAGAGTTGAAGT-1",749,"ENS"
"e16_c1_CCCTTAGCACGCACCA-1",920,"ENS"
"e16_c1_CCGAACGGTAAGCTCT-1",920,"ENS"
"e16_c1_CCGATCTAGCATTTGC-1",1212,"Simple Epithelial"
"e16_c1_CCGATGGCACGCTGAC-1",2570,"ENS"
"e16_c1_CCGATGGCAGACGGAT-1",920,"ENS"
"e16_c1_CCGATGGGTACAACGG-1",1609,"ENS"
"e16_c1_CCGATGGGTCAGTCCG-1",2269,"ENS"
"e16_c1_CCGATGGGTTCCTTGC-1",2994,"ENS"
"e16_c1_CCGCAAGAGTACGTCT-1",760,"ENS"
"e16_c1_CCGCAAGCAGACACAG-1",2108,"Myofibroblast"
"e16_c1_CCGCAAGTCGTCGGGT-1",3067,"ENS"
"e16_c1_CCGGACACAAATGGTA-1",3089,"ENS"
"e16_c1_CCGGACACAACTTCTT-1",1305,"Fibroblast"
"e16_c1_CCGGACACACGTATAC-1",2035,"Smooth muscle"
"e16_c1_CCGGACACACTCTCGT-1",2346,"Smooth muscle"
"e16_c1_CCGGACAGTATCAGGG-1",1318,"Fibroblast"
"e16_c1_CCGGACAGTGACGCCT-1",2937,"Immune"
"e16_c1_CCGGACAGTGATAGTA-1",1609,"ENS"
"e16_c1_CCGGGTAGTACCGTGC-1",2537,"Smooth muscle"
"e16_c1_CCGGTAGAGTAGGCCA-1",2583,"ENS"
"e16_c1_CCGGTAGCATGGGATG-1",2147,"ENS"
"e16_c1_CCGGTAGGTGAACCGA-1",2645,"ENS"
"e16_c1_CCGGTAGGTGTATTGC-1",2570,"ENS"
"e16_c1_CCGGTAGTCATCTCTA-1",3067,"ENS"
"e16_c1_CCGGTGAAGGAGAGTA-1",2581,"ENS"
"e16_c1_CCGGTGACAGAGGGTT-1",2994,"ENS"
"e16_c1_CCGGTGAGTAGCGTAG-1",1122,"ENS"
"e16_c1_CCGGTGATCTAGCAAC-1",509,"ENS"
"e16_c1_CCGTGAGCAATCCTAG-1",560,"ENS"
"e16_c1_CCGTTCAAGCGCAATG-1",739,"Fibroblast"
"e16_c1_CCGTTCAAGCGTTCAT-1",2485,"Mesothelial"
"e16_c1_CCGTTCAAGGATACAT-1",2024,"ENS"
"e16_c1_CCGTTCAGTGGACAGT-1",550,"ENS"
"e16_c1_CCGTTCAGTTATTCTC-1",2863,"ENS"
"e16_c1_CCGTTCAGTTCTATCT-1",1281,"ENS"
"e16_c1_CCGTTCAGTTGGCCTG-1",561,"ENS"
"e16_c1_CCGTTCATCAACTGGT-1",3089,"ENS"
"e16_c1_CCTAACCAGCAGTACG-1",546,"ENS"
"e16_c1_CCTAACCAGGCATCTT-1",2953,"ENS"
"e16_c1_CCTAACCAGTAGTCCT-1",2868,"ENS"
"e16_c1_CCTAACCCAGTTAAAG-1",2645,"ENS"
"e16_c1_CCTAACCTCGGTGTTA-1",3089,"ENS"
"e16_c1_CCTAAGATCGTGGCTG-1",2537,"Smooth muscle"
"e16_c1_CCTAAGATCTATGCCC-1",749,"ENS"
"e16_c1_CCTACGTAGGTAACTA-1",2269,"ENS"
"e16_c1_CCTACGTCATAGGTAA-1",749,"ENS"
"e16_c1_CCTACGTCATCCTTCG-1",749,"ENS"
"e16_c1_CCTACGTTCGGAGTGA-1",1379,"Myofibroblast"
"e16_c1_CCTATCGAGCTCGGCT-1",2578,"Smooth muscle"
"e16_c1_CCTATCGCAAGGTCAG-1",3354,"ENS"
"e16_c1_CCTATCGCAATGTCAC-1",2269,"ENS"
"e16_c1_CCTCAACAGCAGGGAG-1",749,"ENS"
"e16_c1_CCTCAACAGCCTTTGA-1",536,"ENS"
"e16_c1_CCTCAACCATGTTACG-1",2269,"ENS"
"e16_c1_CCTCAACTCCTTCTTC-1",1134,"Fibroblast"
"e16_c1_CCTCACACAGCTATTG-1",2269,"ENS"
"e16_c1_CCTCACAGTAGCCAGA-1",749,"ENS"
"e16_c1_CCTCACAGTAGGCAGT-1",2645,"ENS"
"e16_c1_CCTCAGTCAAGGTCTT-1",1469,"Myofibroblast"
"e16_c1_CCTCAGTGTTCTAACG-1",2992,"ENS"
"e16_c1_CCTCATGCAACTCGTA-1",760,"ENS"
"e16_c1_CCTCATGGTTGGGTTT-1",2937,"Immune"
"e16_c1_CCTCATGTCGGACAAG-1",2953,"ENS"
"e16_c1_CCTCCAAGTCTGTAAC-1",3089,"ENS"
"e16_c1_CCTCCAATCCTGGTCT-1",546,"ENS"
"e16_c1_CCTCCTCAGCACCTGC-1",59,"ENS"
"e16_c1_CCTCCTCGTCCGTACG-1",2326,"ENS"
"e16_c1_CCTCCTCTCATCGGGC-1",2269,"ENS"
"e16_c1_CCTCTAGAGGACAGCT-1",749,"ENS"
"e16_c1_CCTCTAGCATCGGAGA-1",760,"ENS"
"e16_c1_CCTCTAGTCGGCACTG-1",749,"ENS"
"e16_c1_CCTCTAGTCTTGCGCT-1",2578,"Fibroblast"
"e16_c1_CCTCTCCCATAACCCA-1",762,"ENS"
"e16_c1_CCTCTCCGTAGTTCCA-1",2269,"ENS"
"e16_c1_CCTCTCCTCTCGCGTT-1",1463,"Myofibroblast"
"e16_c1_CCTGCATGTAACCCTA-1",2361,"Smooth muscle"
"e16_c1_CCTGCATTCTTTCAGT-1",1185,"ENS"
"e16_c1_CCTGTTGGTGCTCTCT-1",2537,"Smooth muscle"
"e16_c1_CCTGTTGGTTTGGAAA-1",749,"ENS"
"e16_c1_CCTTCAGCAAAGACGC-1",1563,"Myofibroblast"
"e16_c1_CCTTCAGGTATCTTCT-1",3336,"Fibroblast"
"e16_c1_CCTTGTGAGATAGTGT-1",2545,"Smooth muscle"
"e16_c1_CCTTGTGAGTAGTGCG-1",3414,"Fibroblast"
"e16_c1_CCTTGTGCAGACGATG-1",1122,"ENS"
"e16_c1_CCTTGTGCATCCGAAT-1",553,"ENS"
"e16_c1_CCTTGTGTCCCATTTA-1",3089,"ENS"
"e16_c1_CCTTTGGAGGTGGGTT-1",3089,"ENS"
"e16_c1_CGAAGGAAGAATGTTG-1",3089,"ENS"
"e16_c1_CGAAGGAAGATTCGAA-1",1191,"Myofibroblast"
"e16_c1_CGAAGGAAGGTCGTGA-1",749,"ENS"
"e16_c1_CGAAGGAAGTGCAAAT-1",2994,"ENS"
"e16_c1_CGAAGGACAGTCTACA-1",2937,"Immune"
"e16_c1_CGAAGGAGTCGCCTAG-1",1043,"Fibroblast"
"e16_c1_CGAAGTTGTAGTCGTT-1",2231,"ENS"
"e16_c1_CGAAGTTGTTCTCCTG-1",509,"ENS"
"e16_c1_CGAAGTTTCAAGCCAT-1",1465,"Fibroblast"
"e16_c1_CGAATTGCAACCGTGC-1",1843,"ENS"
"e16_c1_CGAATTGCAAGGGCAT-1",1185,"ENS"
"e16_c1_CGAATTGCAGAATTCC-1",2537,"Fibroblast"
"e16_c1_CGAATTGTCACACCGG-1",2269,"ENS"
"e16_c1_CGACAGCAGCTCGACC-1",2570,"ENS"
"e16_c1_CGACAGCTCGCGTGAC-1",3089,"ENS"
"e16_c1_CGAGAAGAGTACTCGT-1",209,"ENS"
"e16_c1_CGAGAAGCACAAGCTT-1",2645,"ENS"
"e16_c1_CGAGGAAAGTGGATAT-1",3373,"Fibroblast"
"e16_c1_CGAGGAACAAATCGGG-1",3289,"Fibroblast"
"e16_c1_CGAGGAAGTCATCGCG-1",3089,"ENS"
"e16_c1_CGAGGCTAGTTCCTGA-1",3089,"Smooth muscle"
"e16_c1_CGAGGCTCATGTGACT-1",3089,"ENS"
"e16_c1_CGAGGCTGTATCGCAT-1",2269,"ENS"
"e16_c1_CGAGGCTGTCGGCTAC-1",3287,"Simple Epithelial"
"e16_c1_CGAGTGCAGACGGATC-1",3336,"Smooth muscle"
"e16_c1_CGAGTGCCAGAATTCC-1",3089,"ENS"
"e16_c1_CGAGTGCTCCTGATAG-1",3067,"ENS"
"e16_c1_CGAGTTACAAATCCCA-1",1191,"Myofibroblast"
"e16_c1_CGAGTTATCGTTCTCG-1",2862,"ENS"
"e16_c1_CGATCGGCAATACAGA-1",3089,"ENS"
"e16_c1_CGATCGGGTCACTTCC-1",1185,"ENS"
"e16_c1_CGATGCGAGAACTGAT-1",2578,"Fibroblast"
"e16_c1_CGATGCGAGTCAGAGC-1",3089,"ENS"
"e16_c1_CGATGCGCATCTTTCA-1",2994,"ENS"
"e16_c1_CGATGCGTCTAGATCG-1",2811,"Myofibroblast"
"e16_c1_CGATGGCTCTCTATAC-1",1185,"ENS"
"e16_c1_CGCAGGTCACGAAGAC-1",3089,"ENS"
"e16_c1_CGCATAAAGTACGTCT-1",3089,"ENS"
"e16_c1_CGCATAAGTCCAGGTC-1",3089,"ENS"
"e16_c1_CGCATAAGTGTTAAAG-1",3089,"ENS"
"e16_c1_CGCATAATCCACACAA-1",3089,"ENS"
"e16_c1_CGCATAATCTCGAACA-1",2287,"Smooth muscle"
"e16_c1_CGCATGGCACACGCCA-1",749,"ENS"
"e16_c1_CGCATGGGTCCTGGGT-1",172,"ENS"
"e16_c1_CGCATGGTCTCGTTTA-1",2054,"ENS"
"e16_c1_CGCCAGAAGGACAAGA-1",749,"ENS"
"e16_c1_CGCCAGAAGTTCCTGA-1",920,"ENS"
"e16_c1_CGCCAGACACAACCGC-1",760,"ENS"
"e16_c1_CGCCATTAGTGAGGCT-1",2300,"Myofibroblast"
"e16_c1_CGCGTGACATCTAGAC-1",3089,"ENS"
"e16_c1_CGGAACCCAACCGCCA-1",2268,"ENS"
"e16_c1_CGGAACCCAGAAGTTA-1",2994,"ENS"
"e16_c1_CGGAACCGTTTGAAAG-1",1191,"Smooth muscle"
"e16_c1_CGGAATTAGCGACTGA-1",2147,"ENS"
"e16_c1_CGGAATTCACATCATG-1",2841,"Fibroblast"
"e16_c1_CGGAATTGTAGTCCTA-1",3089,"ENS"
"e16_c1_CGGAATTGTCTAGGCC-1",2269,"ENS"
"e16_c1_CGGAATTTCTACTCAT-1",2992,"ENS"
"e16_c1_CGGACACAGAGAACCC-1",3089,"ENS"
"e16_c1_CGGACACAGGGCGAGA-1",2269,"ENS"
"e16_c1_CGGACACCAGGTATGG-1",2537,"Fibroblast"
"e16_c1_CGGACACTCCTCTCGA-1",3069,"ENS"
"e16_c1_CGGACACTCTAGAACC-1",1463,"Smooth muscle"
"e16_c1_CGGAGAAGTACTGACT-1",1609,"ENS"
"e16_c1_CGGAGAATCAGTGCGC-1",2953,"ENS"
"e16_c1_CGGCAGTAGATTGTGA-1",2269,"ENS"
"e16_c1_CGGGACTAGACTACGG-1",550,"ENS"
"e16_c1_CGGGACTAGTAAAGCT-1",920,"ENS"
"e16_c1_CGGGACTCACTGCACG-1",2147,"ENS"
"e16_c1_CGGGACTCAGTCGAGA-1",750,"ENS"
"e16_c1_CGGGCATAGCTAGCCC-1",3089,"ENS"
"e16_c1_CGGGCATTCCACGGAC-1",2269,"ENS"
"e16_c1_CGGGTCAGTATCCTCC-1",2147,"ENS"
"e16_c1_CGGGTGTAGATGCTAA-1",403,"ENS"
"e16_c1_CGGGTGTAGTGGACGT-1",2062,"Fibroblast"
"e16_c1_CGGTCAGAGGTGCAGT-1",554,"ENS"
"e16_c1_CGGTCAGCACATATGC-1",59,"ENS"
"e16_c1_CGGTCAGCATCGTTCC-1",562,"ENS"
"e16_c1_CGGTCAGGTACACGCC-1",2888,"Fibroblast"
"e16_c1_CGGTCAGGTAGCTTAC-1",2953,"ENS"
"e16_c1_CGGTCAGTCTCCCAAC-1",546,"ENS"
"e16_c1_CGTAAGTAGGGCAGTT-1",2581,"ENS"
"e16_c1_CGTAAGTAGTTGGCTT-1",1465,"Mesothelial"
"e16_c1_CGTAAGTCACAGTGTT-1",3089,"ENS"
"e16_c1_CGTAAGTCAGACCTAT-1",920,"ENS"
"e16_c1_CGTAAGTGTACCGCGT-1",2326,"ENS"
"e16_c1_CGTAATGCAAACAGGC-1",2108,"Myofibroblast"
"e16_c1_CGTAATGGTTCTCACC-1",550,"ENS"
"e16_c1_CGTAGTAAGTTTCTTC-1",2570,"ENS"
"e16_c1_CGTAGTACATAATGCC-1",2570,"ENS"
"e16_c1_CGTAGTACATCGCTAA-1",3089,"ENS"
"e16_c1_CGTAGTAGTCGGATTT-1",228,"ENS"
"e16_c1_CGTCAAACAAGGTTGG-1",2537,"Smooth muscle"
"e16_c1_CGTCAAACAGCTCCTT-1",1191,"Smooth muscle"
"e16_c1_CGTCAAACATCCTATT-1",760,"ENS"
"e16_c1_CGTCCATGTGCATTAC-1",2269,"ENS"
"e16_c1_CGTCCATTCGTACACA-1",2946,"Myofibroblast"
"e16_c1_CGTCCATTCTCTAGGA-1",920,"ENS"
"e16_c1_CGTGAATAGGGATCTG-1",2273,"ENS"
"e16_c1_CGTGAATAGGTAATCA-1",749,"ENS"
"e16_c1_CGTGATAAGCCTGAGA-1",2269,"ENS"
"e16_c1_CGTGATAAGTTACGTC-1",2231,"ENS"
"e16_c1_CGTGATACAGTGGCTC-1",3089,"ENS"
"e16_c1_CGTGCTTCACATAACC-1",3089,"Endothelial"
"e16_c1_CGTGCTTCACCACTGG-1",3089,"ENS"
"e16_c1_CGTGCTTGTGAGAACC-1",2570,"ENS"
"e16_c1_CGTGTCTAGCAGGCTA-1",2868,"ENS"
"e16_c1_CGTGTCTCAGTTAGGG-1",1609,"ENS"
"e16_c1_CGTGTCTGTAGTACGG-1",2868,"ENS"
"e16_c1_CGTTAGAAGTCATTGC-1",2269,"ENS"
"e16_c1_CGTTAGAAGTGCCAGA-1",2269,"ENS"
"e16_c1_CGTTAGACATCAGCTA-1",3089,"ENS"
"e16_c1_CGTTAGATCCGGCTTT-1",2515,"Fibroblast"
"e16_c1_CGTTCTGAGAGAGGTA-1",2274,"ENS"
"e16_c1_CGTTCTGCACTCGATA-1",3354,"ENS"
"e16_c1_CGTTCTGCATCATCTT-1",2269,"ENS"
"e16_c1_CGTTCTGTCCCGAGAC-1",2581,"ENS"
"e16_c1_CTAACCCGTATCGCGC-1",3089,"ENS"
"e16_c1_CTAACCCGTTCGAAGG-1",3089,"ENS"
"e16_c1_CTAACTTCATAAGCGG-1",558,"ENS"
"e16_c1_CTAACTTGTCGTAATC-1",3089,"ENS"
"e16_c1_CTAACTTGTCGTTGCG-1",749,"ENS"
"e16_c1_CTAACTTGTCTTACTT-1",2537,"Fibroblast"
"e16_c1_CTAAGTGAGATAGCTA-1",554,"ENS"
"e16_c1_CTACAGACAGTTTGGT-1",2645,"ENS"
"e16_c1_CTACAGACATTGAGGG-1",2868,"ENS"
"e16_c1_CTACAGAGTTACTCAG-1",2466,"ICC"
"e16_c1_CTACAGATCAGAGCGA-1",749,"ENS"
"e16_c1_CTACATTGTCATAGTC-1",2581,"ENS"
"e16_c1_CTACATTTCTCACCCA-1",3089,"ENS"
"e16_c1_CTACCCAGTCGTGGTC-1",1204,"ENS"
"e16_c1_CTACCCATCTCCGCAT-1",1963,"ENS"
"e16_c1_CTACGGGAGGGTGGGA-1",2231,"ENS"
"e16_c1_CTACGGGCAAGGTCAG-1",3150,"Smooth muscle"
"e16_c1_CTACGGGCACTTTATC-1",1609,"ENS"
"e16_c1_CTACGGGGTAGAGCTG-1",2269,"ENS"
"e16_c1_CTACGGGGTCCACTCT-1",2147,"ENS"
"e16_c1_CTACGGGTCCTAGCTC-1",2571,"ENS"
"e16_c1_CTACGGGTCTTCCGTG-1",2231,"ENS"
"e16_c1_CTACGGGTCTTTACAC-1",3178,"Immune"
"e16_c1_CTACTATCAGCGTACC-1",2980,"Smooth muscle"
"e16_c1_CTACTATGTCATAACC-1",1339,"Mesothelial"
"e16_c1_CTACTATGTGTGTTTG-1",2326,"ENS"
"e16_c1_CTACTATGTTAGTCGT-1",1191,"Mesothelial"
"e16_c1_CTAGACATCCCGTGTT-1",1683,"Fibroblast"
"e16_c1_CTAGGTACAAACTAGA-1",1683,"Fibroblast"
"e16_c1_CTAGGTACACTATCGA-1",563,"ENS"
"e16_c1_CTAGGTACAGACACCC-1",3089,"ENS"
"e16_c1_CTAGGTACAGTTAGGG-1",1193,"Smooth muscle"
"e16_c1_CTAGGTAGTCCTCATC-1",3067,"ENS"
"e16_c1_CTAGGTAGTGTTGATC-1",2581,"ENS"
"e16_c1_CTAGGTATCTCCCAAC-1",3089,"ENS"
"e16_c1_CTATAGGCATCGTGGC-1",3089,"ENS"
"e16_c1_CTATAGGGTGCCCACA-1",1465,"Smooth muscle"
"e16_c1_CTATAGGTCGATACAC-1",2868,"ENS"
"e16_c1_CTATCCGAGACCAGCA-1",2953,"ENS"
"e16_c1_CTATCCGAGGTCCTGC-1",2300,"Myofibroblast"
"e16_c1_CTATCCGTCAGTGCGC-1",2275,"ENS"
"e16_c1_CTATCCGTCGACGCTG-1",920,"ENS"
"e16_c1_CTATCTAGTAGATCCT-1",760,"ENS"
"e16_c1_CTATCTATCCTATGGA-1",550,"ENS"
"e16_c1_CTCAACCGTCATCGCG-1",3094,"ENS"
"e16_c1_CTCAAGAAGGCCTGAA-1",3089,"ENS"
"e16_c1_CTCAAGACATGGAGAC-1",1191,"Smooth muscle"
"e16_c1_CTCAATTCAACCGTAT-1",749,"ENS"
"e16_c1_CTCAATTTCGCGCTGA-1",1191,"Smooth muscle"
"e16_c1_CTCAATTTCGTTTACT-1",920,"ENS"
"e16_c1_CTCACTGAGCTAAGTA-1",2269,"ENS"
"e16_c1_CTCACTGAGTTTCGGT-1",3089,"ENS"
"e16_c1_CTCACTGTCCAACTGA-1",2992,"ENS"
"e16_c1_CTCAGAACAGAGTGAC-1",2868,"ENS"
"e16_c1_CTCAGAAGTAGGCAGT-1",3089,"ENS"
"e16_c1_CTCAGAAGTCTTGCGG-1",2868,"ENS"
"e16_c1_CTCAGGGAGAGGGTGG-1",749,"ENS"
"e16_c1_CTCAGGGCAACAGTGG-1",525,"ENS"
"e16_c1_CTCAGGGGTAACCAGG-1",482,"ENS"
"e16_c1_CTCAGGGGTACTCGAT-1",3089,"ENS"
"e16_c1_CTCAGGGGTGAGATAT-1",3067,"ENS"
"e16_c1_CTCAGGGTCTTGCGCT-1",783,"Myofibroblast"
"e16_c1_CTCAGTCAGAGTCCGA-1",2774,"Endothelial"
"e16_c1_CTCAGTCCATATACCG-1",3089,"ENS"
"e16_c1_CTCAGTCCATTCCTCG-1",1641,"Fibroblast"
"e16_c1_CTCAGTCGTACCATAC-1",1212,"Simple Epithelial"
"e16_c1_CTCAGTCGTCGTTATG-1",2269,"ENS"
"e16_c1_CTCAGTCGTTCGGCGT-1",749,"ENS"
"e16_c1_CTCAGTCTCGTGTGGC-1",2269,"ENS"
"e16_c1_CTCATCGGTAACTTCG-1",2600,"Fibroblast"
"e16_c1_CTCATCGTCAGACCGC-1",2570,"ENS"
"e16_c1_CTCATGCTCGGCTATA-1",2994,"ENS"
"e16_c1_CTCATTAAGGCGTTAG-1",920,"ENS"
"e16_c1_CTCATTATCGGTCACG-1",2537,"Smooth muscle"
"e16_c1_CTCATTATCTTGGCTC-1",3089,"ENS"
"e16_c1_CTCCAACCATGCAGCC-1",3089,"ENS"
"e16_c1_CTCCAACTCAAGCCGC-1",2147,"ENS"
"e16_c1_CTCCAACTCATGGGAG-1",749,"ENS"
"e16_c1_CTCCACACAAAGACTA-1",2328,"ENS"
"e16_c1_CTCCACAGTGGGTTGA-1",2269,"ENS"
"e16_c1_CTCCACAGTGTGTGTT-1",2147,"ENS"
"e16_c1_CTCCACAGTTATGTGC-1",466,"Simple Epithelial"
"e16_c1_CTCCACATCTTTCAGT-1",2269,"ENS"
"e16_c1_CTCCATGCAGCGTACC-1",2570,"ENS"
"e16_c1_CTCCATGGTCCGGCAT-1",749,"ENS"
"e16_c1_CTCCATGGTTCCTTGC-1",2537,"Smooth muscle"
"e16_c1_CTCCATGTCCCGAATA-1",2269,"ENS"
"e16_c1_CTCCCAAGTGGGTATG-1",2581,"ENS"
"e16_c1_CTCCCAAGTGTCATCA-1",2645,"ENS"
"e16_c1_CTCCCAAGTTACGGAG-1",2537,"Fibroblast"
"e16_c1_CTCCCAATCAAAGGAT-1",3089,"ENS"
"e16_c1_CTCCCAATCAGATTGC-1",2868,"ENS"
"e16_c1_CTCCCTCAGAAGGATG-1",3066,"ENS"
"e16_c1_CTCCCTCCACACGGTC-1",2537,"Smooth muscle"
"e16_c1_CTCCCTCCAGCACAGA-1",749,"ENS"
"e16_c1_CTCCCTCCAGGCACAA-1",2997,"ENS"
"e16_c1_CTCCGATAGTCGTCTA-1",2868,"ENS"
"e16_c1_CTCCGATCAGGACAGT-1",2162,"Myofibroblast"
"e16_c1_CTCCGATGTTTCCATT-1",1463,"Myofibroblast"
"e16_c1_CTCCGATTCTCTAGGA-1",2276,"ENS"
"e16_c1_CTCCTCCAGCTGTACT-1",1191,"Smooth muscle"
"e16_c1_CTCCTCCCAAATCAAG-1",1465,"Smooth muscle"
"e16_c1_CTCCTCCTCGGTTAGT-1",749,"ENS"
"e16_c1_CTCCTTTAGTATGTAG-1",1441,"ICC"
"e16_c1_CTCCTTTCAGACTGCC-1",3286,"Myofibroblast"
"e16_c1_CTCCTTTTCGGACTGC-1",3089,"ENS"
"e16_c1_CTCGAGGCATGAGAAT-1",3095,"ENS"
"e16_c1_CTCGAGGTCAGAGCAG-1",2953,"ENS"
"e16_c1_CTCTCAGAGCACTCAT-1",749,"ENS"
"e16_c1_CTCTCAGAGCCTGACC-1",564,"ENS"
"e16_c1_CTCTCAGCACTGTTCC-1",2537,"Smooth muscle"
"e16_c1_CTCTCAGCAGAACTTC-1",2863,"ENS"
"e16_c1_CTCTCAGCAGCACAAG-1",2570,"ENS"
"e16_c1_CTCTCAGGTGACCGTC-1",2937,"Immune"
"e16_c1_CTCTCAGTCATTGCGA-1",2570,"ENS"
"e16_c1_CTCTCGACATGGCTAT-1",2992,"ENS"
"e16_c1_CTCTCGACATGGGTTT-1",3089,"ENS"
"e16_c1_CTCTCGAGTCCCACGA-1",2269,"ENS"
"e16_c1_CTCTCGAGTCTAGTGT-1",2866,"ENS"
"e16_c1_CTCTCGATCTTACCGC-1",2869,"ENS"
"e16_c1_CTCTGGTGTTGTGCAT-1",2994,"ENS"
"e16_c1_CTCTGGTTCTTAGCAG-1",2937,"Immune"
"e16_c1_CTGAATGAGATCGCTT-1",3089,"ENS"
"e16_c1_CTGAATGAGTAGAATC-1",2600,"Myofibroblast"
"e16_c1_CTGAATGAGTAGTCCT-1",2946,"Fibroblast"
"e16_c1_CTGAATGAGTGTTGAA-1",1725,"Myofibroblast"
"e16_c1_CTGAATGCAAGCACCC-1",3089,"ENS"
"e16_c1_CTGAATGCATGCCGGT-1",3089,"ENS"
"e16_c1_CTGAATGGTTGGGAAC-1",1465,"Mesothelial"
"e16_c1_CTGAGCGTCCAAATGC-1",2992,"ENS"
"e16_c1_CTGAGGCGTGTTGACT-1",2570,"ENS"
"e16_c1_CTGAGGCTCAGACATC-1",2581,"ENS"
"e16_c1_CTGAGGCTCCTTCTAA-1",1122,"ENS"
"e16_c1_CTGAGGCTCGGCTGAC-1",3089,"ENS"
"e16_c1_CTGATCCAGAGTATAC-1",760,"ENS"
"e16_c1_CTGATCCAGCGCCTAC-1",2581,"ENS"
"e16_c1_CTGATCCCACACTTAG-1",2645,"ENS"
"e16_c1_CTGATCCGTACTGGGA-1",3089,"ENS"
"e16_c1_CTGATCCTCTCCTACG-1",167,"ENS"
"e16_c1_CTGCAGGAGCTAATCC-1",3089,"ENS"
"e16_c1_CTGCAGGCAACCACGC-1",2269,"ENS"
"e16_c1_CTGCAGGGTATCACGT-1",749,"ENS"
"e16_c1_CTGCAGGGTCCGGTCA-1",3089,"ENS"
"e16_c1_CTGCAGGGTGAGCTCC-1",509,"ENS"
"e16_c1_CTGCATCCAATGCAAA-1",2269,"ENS"
"e16_c1_CTGCATCCAGGCGTTC-1",2600,"Fibroblast"
"e16_c1_CTGCATCTCCATAGAC-1",2853,"ENS"
"e16_c1_CTGCATCTCTGCCTGT-1",1305,"Fibroblast"
"e16_c1_CTGCCATCAGAGGTAC-1",2868,"ENS"
"e16_c1_CTGCCATGTAGCTGAG-1",2570,"ENS"
"e16_c1_CTGCCATGTCCCTGTT-1",3089,"ENS"
"e16_c1_CTGCCATGTCTACAGT-1",3067,"ENS"
"e16_c1_CTGCCATTCATTGTGG-1",749,"ENS"
"e16_c1_CTGCCTACAACTTGGT-1",3067,"ENS"
"e16_c1_CTGCCTACACTACCCT-1",2147,"ENS"
"e16_c1_CTGCCTAGTTGAGGAC-1",749,"ENS"
"e16_c1_CTGCCTATCGTGGGAA-1",3089,"ENS"
"e16_c1_CTGCGAGGTGTTTGCA-1",1842,"ENS"
"e16_c1_CTGCGAGTCATCGCCT-1",760,"ENS"
"e16_c1_CTGCTCATCCGTTGGG-1",2269,"ENS"
"e16_c1_CTGGACGAGGCATGGT-1",2269,"ENS"
"e16_c1_CTGGACGCATAATGAG-1",2269,"ENS"
"e16_c1_CTGGACGGTCTATGAC-1",2230,"ENS"
"e16_c1_CTGGCAGCATCGATGT-1",3089,"ENS"
"e16_c1_CTGGCAGGTACCAATC-1",3089,"ENS"
"e16_c1_CTGGCAGGTTCATCGA-1",3089,"ENS"
"e16_c1_CTGGCAGTCAAGCTTG-1",2868,"ENS"
"e16_c1_CTGGCAGTCCTGTAAG-1",2537,"Myofibroblast"
"e16_c1_CTGGCAGTCGACCATA-1",3067,"ENS"
"e16_c1_CTGGTCTGTGTTTGCA-1",1185,"ENS"
"e16_c1_CTGTACCAGCTGAGCA-1",3089,"ENS"
"e16_c1_CTGTACCGTCATGCAT-1",2570,"ENS"
"e16_c1_CTGTACCGTGAGACGT-1",276,"ENS"
"e16_c1_CTGTACCTCCGAAATC-1",2237,"ENS"
"e16_c1_CTGTAGACAGAGATGC-1",3089,"ENS"
"e16_c1_CTGTAGATCTGGGCGT-1",2269,"ENS"
"e16_c1_CTGTATTAGGGACACT-1",1305,"Smooth muscle"
"e16_c1_CTGTATTAGTGTTGTC-1",565,"ENS"
"e16_c1_CTGTATTCACTGGCGT-1",142,"ENS"
"e16_c1_CTGTATTCACTGTCCT-1",2992,"ENS"
"e16_c1_CTGTATTGTCTCTCTG-1",2230,"ENS"
"e16_c1_CTGTATTGTGTACGCC-1",2269,"ENS"
"e16_c1_CTGTATTGTTCCACAA-1",3336,"Fibroblast"
"e16_c1_CTGTATTGTTGCCATA-1",920,"ENS"
"e16_c1_CTGTATTTCCCGAGTG-1",920,"ENS"
"e16_c1_CTGTCGTAGATGGCAC-1",2515,"Smooth muscle"
"e16_c1_CTGTCGTCAGTATTCG-1",2868,"ENS"
"e16_c1_CTGTCGTCAGTCAGTT-1",3089,"ENS"
"e16_c1_CTGTCGTCAGTGTGCC-1",2570,"ENS"
"e16_c1_CTGTGAAAGTTCAACC-1",1259,"ENS"
"e16_c1_CTGTGAAGTATCGATC-1",2868,"ENS"
"e16_c1_CTGTGAAGTTCCGGTG-1",2570,"ENS"
"e16_c1_CTGTGGGGTTCTAAGC-1",3089,"ENS"
"e16_c1_CTTACCGTCTGAACGT-1",2269,"ENS"
"e16_c1_CTTAGGAAGGTCTACT-1",2868,"ENS"
"e16_c1_CTTAGGACACCCGTAG-1",387,"ENS"
"e16_c1_CTTAGGAGTGTGATGG-1",749,"ENS"
"e16_c1_CTTCAATAGGATTTCC-1",546,"ENS"
"e16_c1_CTTCAATCATCAGCTA-1",208,"ENS"
"e16_c1_CTTCAATTCATCGCCT-1",1725,"Mesothelial"
"e16_c1_CTTCAATTCCACTTTA-1",3089,"ENS"
"e16_c1_CTTCCGACAGCAGGAT-1",2600,"Fibroblast"
"e16_c1_CTTCCTTAGCATATGA-1",418,"ENS"
"e16_c1_CTTCCTTAGGCTCTCG-1",1122,"ENS"
"e16_c1_CTTCCTTCAAGAGGCT-1",921,"ENS"
"e16_c1_CTTCCTTCACTGTCCT-1",2570,"ENS"
"e16_c1_CTTCGGTCACGCGTCA-1",2269,"ENS"
"e16_c1_CTTCGGTCATATGGCT-1",2994,"ENS"
"e16_c1_CTTCGGTTCACTGGGC-1",749,"ENS"
"e16_c1_CTTCTAAGTCTGCCTT-1",2269,"ENS"
"e16_c1_CTTCTAAGTGTCGATT-1",2587,"ENS"
"e16_c1_CTTCTAATCACGGAGA-1",509,"ENS"
"e16_c1_CTTCTAATCCAGTTCC-1",3354,"ENS"
"e16_c1_CTTCTCTAGCACGATG-1",1609,"ENS"
"e16_c1_CTTCTCTGTTGTTGTG-1",749,"ENS"
"e16_c1_CTTCTCTTCAAGCGTT-1",540,"Fibroblast"
"e16_c1_CTTGAGAGTCTCGACG-1",3336,"Fibroblast"
"e16_c1_CTTGAGAGTTACCGTA-1",668,"Immune"
"e16_c1_CTTGAGATCATAGACC-1",3067,"ENS"
"e16_c1_CTTGATTAGAGACAAG-1",760,"ENS"
"e16_c1_CTTGATTAGGCCTTGC-1",749,"ENS"
"e16_c1_CTTGATTGTAGCTTAC-1",2868,"ENS"
"e16_c1_CTTGATTGTTTCCAAG-1",920,"ENS"
"e16_c1_CTTTCAAAGAGGTTTA-1",556,"ENS"
"e16_c1_CTTTCAACAGACTCTA-1",2581,"ENS"
"e16_c1_CTTTCAAGTATTGGCT-1",97,"ENS"
"e16_c1_CTTTCGGTCCTTCAGC-1",2269,"ENS"
"e16_c1_CTTTCGGTCGTCTCAC-1",2570,"ENS"
"e16_c1_GAAACCTAGCTTAGTC-1",3089,"ENS"
"e16_c1_GAAACCTCAAGACGAC-1",2994,"ENS"
"e16_c1_GAAACCTGTAGTTACC-1",2231,"ENS"
"e16_c1_GAAACCTGTTTACCAG-1",2581,"ENS"
"e16_c1_GAAACCTGTTTCTATC-1",3089,"ENS"
"e16_c1_GAAACCTTCCCAATAG-1",2537,"Fibroblast"
"e16_c1_GAAACCTTCCTCACCA-1",1191,"Myofibroblast"
"e16_c1_GAACACTCAGAGATTA-1",2581,"ENS"
"e16_c1_GAACACTGTCTTAGTG-1",749,"ENS"
"e16_c1_GAACACTTCATGGAGG-1",1291,"ENS"
"e16_c1_GAACGTTAGTTGAAAC-1",1725,"Mesothelial"
"e16_c1_GAACGTTCATTCCTCG-1",749,"ENS"
"e16_c1_GAACGTTGTTCTAACG-1",1305,"Fibroblast"
"e16_c1_GAACGTTTCATTTACC-1",3089,"ENS"
"e16_c1_GAACGTTTCCTCAGGG-1",2537,"Smooth muscle"
"e16_c1_GAACTGTAGCCTATCA-1",3089,"ENS"
"e16_c1_GAACTGTAGCCTGAAG-1",1234,"Fibroblast"
"e16_c1_GAACTGTCATGTTACG-1",3089,"ENS"
"e16_c1_GAACTGTGTGTGACCC-1",1924,"Smooth muscle"
"e16_c1_GAAGAATAGATGTTCC-1",1404,"ENS"
"e16_c1_GAAGAATAGTCCGTCG-1",2147,"ENS"
"e16_c1_GAAGAATAGTCTCCTC-1",760,"ENS"
"e16_c1_GAAGAATGTCATGCAT-1",118,"ENS"
"e16_c1_GAAGAATGTCGATTTG-1",1122,"ENS"
"e16_c1_GAAGCCCCATCCTTCG-1",2994,"ENS"
"e16_c1_GAAGCGAAGGTCACCC-1",749,"ENS"
"e16_c1_GAAGCGAGTAACCAGG-1",3089,"ENS"
"e16_c1_GAAGCGAGTACTCCCT-1",191,"ENS"
"e16_c1_GAAGCGATCTGGGTCG-1",3089,"ENS"
"e16_c1_GAAGGACAGAGCAACC-1",2269,"ENS"
"e16_c1_GAAGGACTCGCGGTAC-1",3089,"ENS"
"e16_c1_GAAGGGTAGCAGTAAT-1",3067,"ENS"
"e16_c1_GAAGGGTAGTAGACCG-1",749,"ENS"
"e16_c1_GAAGGGTCAGAAATCA-1",3089,"ENS"
"e16_c1_GAAGGGTGTACCACGC-1",2645,"ENS"
"e16_c1_GAAGTAAAGCCAAGCA-1",3067,"ENS"
"e16_c1_GAAGTAACACCGAATT-1",3089,"ENS"
"e16_c1_GAAGTAACATTCGATG-1",2352,"Smooth muscle"
"e16_c1_GAAGTAAGTTGCACGC-1",550,"ENS"
"e16_c1_GAATAGACACAAGCAG-1",550,"ENS"
"e16_c1_GAATAGATCGACCACG-1",1305,"Fibroblast"
"e16_c1_GAATCACGTCATGCAT-1",3089,"ENS"
"e16_c1_GAATCACTCACTGAAC-1",3067,"ENS"
"e16_c1_GAATCGTGTACCAGAG-1",2583,"ENS"
"e16_c1_GAATCGTGTTCTCCAC-1",2466,"ICC"
"e16_c1_GACACGCCAATCTCTT-1",1305,"Fibroblast"
"e16_c1_GACACGCTCCCAGTGG-1",318,"ENS"
"e16_c1_GACAGCCGTTGGGTAG-1",1318,"Fibroblast"
"e16_c1_GACATCATCCCGATCT-1",3089,"ENS"
"e16_c1_GACATCATCTTCGACC-1",920,"ENS"
"e16_c1_GACCAATAGCCTCACG-1",3067,"ENS"
"e16_c1_GACCAATGTACGTGTT-1",1465,"Fibroblast"
"e16_c1_GACCAATTCTTTGCAT-1",3089,"ENS"
"e16_c1_GACCCAGAGTGGACTG-1",3177,"Fibroblast"
"e16_c1_GACCCAGGTTGTTGAC-1",546,"ENS"
"e16_c1_GACCCTTAGTGATGGC-1",3089,"ENS"
"e16_c1_GACCCTTAGTGCTACT-1",2992,"ENS"
"e16_c1_GACCCTTCAGACAAGC-1",2238,"ENS"
"e16_c1_GACCCTTGTTAGCGGA-1",3089,"ENS"
"e16_c1_GACCCTTGTTTCCCAC-1",3410,"Simple Epithelial"
"e16_c1_GACCCTTTCCTTCGAC-1",749,"ENS"
"e16_c1_GACCGTGCATAAGATG-1",2269,"ENS"
"e16_c1_GACCGTGCATGTTCAG-1",554,"ENS"
"e16_c1_GACCGTGGTATTGAGA-1",3089,"ENS"
"e16_c1_GACCGTGTCCGATGCG-1",2886,"ENS"
"e16_c1_GACCGTGTCGATACGT-1",749,"ENS"
"e16_c1_GACCGTGTCGTGGCGT-1",3089,"ENS"
"e16_c1_GACCTTCAGGCTTCCG-1",749,"ENS"
"e16_c1_GACGCTGCATCCGTTC-1",749,"ENS"
"e16_c1_GACGCTGGTAATGATG-1",3067,"ENS"
"e16_c1_GACGCTGTCAACACGT-1",1305,"Fibroblast"
"e16_c1_GACGCTGTCGGATACT-1",3089,"ENS"
"e16_c1_GACTATGAGTGTTGAA-1",3067,"ENS"
"e16_c1_GACTATGGTATTTCCT-1",3284,"Smooth muscle"
"e16_c1_GACTATGGTCACTTAG-1",3023,"ENS"
"e16_c1_GACTATGGTTCCCACT-1",3089,"ENS"
"e16_c1_GACTATGTCAGCTAGT-1",1465,"Fibroblast"
"e16_c1_GACTCAAAGGCACAAC-1",2328,"ENS"
"e16_c1_GACTCAACAAATACGA-1",2570,"ENS"
"e16_c1_GACTCAAGTATCGATC-1",2868,"ENS"
"e16_c1_GACTCTCGTGCTCTTC-1",920,"ENS"
"e16_c1_GACTGATCAGCACCCA-1",3089,"ENS"
"e16_c1_GACTGATCATTCTCCG-1",920,"ENS"
"e16_c1_GACTGATTCCCAGGAC-1",16,"ENS"
"e16_c1_GACTTCCAGTTGGCGA-1",546,"ENS"
"e16_c1_GACTTCCGTCAGGTAG-1",2572,"ENS"
"e16_c1_GAGAAATCAGAGTGTG-1",3089,"ENS"
"e16_c1_GAGAAATCATTGTGCA-1",2269,"ENS"
"e16_c1_GAGACCCAGGTACATA-1",749,"ENS"
"e16_c1_GAGACTTAGGGCCTCT-1",2570,"ENS"
"e16_c1_GAGACTTGTCGGTACC-1",2147,"ENS"
"e16_c1_GAGACTTTCGCTTACC-1",2868,"ENS"
"e16_c1_GAGAGGTAGCGTCTCG-1",1609,"ENS"
"e16_c1_GAGAGGTGTAGCTAAA-1",550,"ENS"
"e16_c1_GAGCCTGCATGTGGTT-1",3067,"ENS"
"e16_c1_GAGCTGCGTGACTATC-1",3067,"ENS"
"e16_c1_GAGGCAAGTGGTTCTA-1",3089,"ENS"
"e16_c1_GAGGCAAGTTCGTAAC-1",1185,"ENS"
"e16_c1_GAGGCAATCACTTTGT-1",763,"ENS"
"e16_c1_GAGGCCTGTCTTGAAC-1",389,"ENS"
"e16_c1_GAGGGATCAGGATGAC-1",2163,"Smooth muscle"
"e16_c1_GAGGGTACACGGTGCT-1",2992,"ENS"
"e16_c1_GAGGGTACAGCAGACA-1",1946,"Smooth muscle"
"e16_c1_GAGTCATCAACATCGT-1",749,"ENS"
"e16_c1_GAGTCATCATCATCTT-1",749,"ENS"
"e16_c1_GAGTCATCATCTCGTC-1",2994,"ENS"
"e16_c1_GAGTCTAAGCAACAGC-1",1140,"Myofibroblast"
"e16_c1_GAGTCTACACAGTCCG-1",1469,"Mesothelial"
"e16_c1_GAGTCTATCCACATAG-1",2269,"ENS"
"e16_c1_GAGTGAGAGCCTCTCT-1",84,"ENS"
"e16_c1_GAGTGAGAGGGAGTGG-1",2269,"ENS"
"e16_c1_GAGTGAGCACTTGAGT-1",2537,"Fibroblast"
"e16_c1_GAGTGAGCAGAAGCTG-1",920,"ENS"
"e16_c1_GAGTGAGGTCCTCCTA-1",760,"ENS"
"e16_c1_GAGTGAGGTCGGCTAC-1",1204,"ENS"
"e16_c1_GAGTGTTAGATCCTAC-1",1325,"Fibroblast"
"e16_c1_GAGTGTTAGCGCCTAC-1",920,"ENS"
"e16_c1_GAGTGTTTCGTCCTTG-1",1526,"Mesothelial"
"e16_c1_GAGTGTTTCTGCTCTG-1",1141,"Myofibroblast"
"e16_c1_GAGTTACAGCATCAGG-1",749,"ENS"
"e16_c1_GAGTTACCAGGTGTGA-1",2578,"Fibroblast"
"e16_c1_GAGTTGTAGTCACTGT-1",2868,"ENS"
"e16_c1_GAGTTTGCACAAGCTT-1",1305,"Smooth muscle"
"e16_c1_GAGTTTGCATAGATGA-1",3336,"Fibroblast"
"e16_c1_GAGTTTGGTTCTAACG-1",1305,"Fibroblast"
"e16_c1_GAGTTTGTCAGCTAGT-1",2953,"ENS"
"e16_c1_GATAGAAAGAATCGCG-1",2231,"ENS"
"e16_c1_GATAGAAAGTATAACG-1",1339,"Myofibroblast"
"e16_c1_GATAGAATCGCATTAG-1",3089,"ENS"
"e16_c1_GATAGCTAGGGATCTG-1",3089,"ENS"
"e16_c1_GATAGCTCAAATTGCC-1",2147,"ENS"
"e16_c1_GATCACAAGACACACG-1",1287,"ENS"
"e16_c1_GATCACACAGCTAACT-1",749,"ENS"
"e16_c1_GATCACAGTGTTGCCG-1",547,"ENS"
"e16_c1_GATCAGTAGGCTAACG-1",3089,"ENS"
"e16_c1_GATCAGTCAACCGATT-1",2581,"ENS"
"e16_c1_GATCAGTGTCGTGGAA-1",2937,"Immune"
"e16_c1_GATCAGTGTTGGTAGG-1",1441,"Myofibroblast"
"e16_c1_GATCAGTTCCTACGGG-1",2147,"ENS"
"e16_c1_GATCATGTCTGCGGCA-1",2937,"Immune"
"e16_c1_GATCCCTTCAACTGGT-1",3089,"ENS"
"e16_c1_GATCCCTTCACCGCTT-1",2570,"Fibroblast"
"e16_c1_GATGACTAGATACGAT-1",3067,"ENS"
"e16_c1_GATGACTCAACCGATT-1",749,"ENS"
"e16_c1_GATGAGGCATCGTTCC-1",2953,"ENS"
"e16_c1_GATGATCTCATAGAGA-1",3089,"ENS"
"e16_c1_GATGCTACAGTTTCGA-1",749,"ENS"
"e16_c1_GATGCTACATCCGGTG-1",2570,"ENS"
"e16_c1_GATGCTAGTTGACGGA-1",3089,"ENS"
"e16_c1_GATGCTATCATCGACA-1",1465,"Fibroblast"
"e16_c1_GATGGAGAGCGCTTCG-1",3067,"ENS"
"e16_c1_GATGGAGAGGCCTAAG-1",208,"ENS"
"e16_c1_GATGGAGCACAAATAG-1",549,"ENS"
"e16_c1_GATGGAGTCCTCTAGC-1",95,"ENS"
"e16_c1_GATTCGAGTGCCCAGT-1",3089,"ENS"
"e16_c1_GATTCGATCTACTATC-1",2147,"ENS"
"e16_c1_GATTCTTAGAAGCGAA-1",2231,"ENS"
"e16_c1_GATTCTTAGCAGAAAG-1",3354,"ENS"
"e16_c1_GATTCTTAGGGTTAAT-1",3089,"ENS"
"e16_c1_GATTCTTGTGAGAGGG-1",1305,"Smooth muscle"
"e16_c1_GATTCTTTCTGTCAGA-1",1609,"ENS"
"e16_c1_GATTGGTGTCCACACG-1",2570,"ENS"
"e16_c1_GATTGGTGTGAGACCA-1",1122,"ENS"
"e16_c1_GATTGGTGTTGGGATG-1",1185,"ENS"
"e16_c1_GATTGGTTCGTCCATC-1",447,"Fibroblast"
"e16_c1_GATTTCTAGTATCCTG-1",749,"ENS"
"e16_c1_GATTTCTAGTGCCTCG-1",920,"ENS"
"e16_c1_GATTTCTGTGTTGAGG-1",1924,"Fibroblast"
"e16_c1_GATTTCTTCCTCATAT-1",3089,"ENS"
"e16_c1_GATTTCTTCGGTTGTA-1",2581,"ENS"
"e16_c1_GCAACATAGCGAACTG-1",2269,"ENS"
"e16_c1_GCAACATGTCCGGTCA-1",749,"ENS"
"e16_c1_GCAACATTCCTGTAAG-1",565,"ENS"
"e16_c1_GCAACATTCGATACAC-1",760,"ENS"
"e16_c1_GCAACATTCTGCCTGT-1",2994,"ENS"
"e16_c1_GCAACCGCACCATAAC-1",2994,"ENS"
"e16_c1_GCACATAAGTTACGTC-1",2277,"ENS"
"e16_c1_GCACATACATCGGTTA-1",3089,"ENS"
"e16_c1_GCACGGTCATGATGCT-1",3156,"Immune"
"e16_c1_GCACGGTTCCTCTAAT-1",2352,"Smooth muscle"
"e16_c1_GCACGTGTCCTGGGTG-1",3089,"ENS"
"e16_c1_GCACGTGTCGCGCCAA-1",2583,"ENS"
"e16_c1_GCACTAACAACCGTGC-1",3070,"ENS"
"e16_c1_GCACTAAGTGGCAACA-1",2147,"ENS"
"e16_c1_GCACTAATCTCGTCAC-1",2269,"ENS"
"e16_c1_GCAGCCACAGTATTCG-1",550,"ENS"
"e16_c1_GCAGCCATCCCTGGTT-1",3354,"ENS"
"e16_c1_GCAGCTGGTCGTCAGC-1",2269,"ENS"
"e16_c1_GCAGCTGGTGGATTTC-1",331,"Fibroblast"
"e16_c1_GCAGCTGGTGTGACCC-1",2870,"ENS"
"e16_c1_GCAGGCTCACGTCGTG-1",2868,"ENS"
"e16_c1_GCAGGCTTCCTTATGT-1",3178,"Immune"
"e16_c1_GCAGTTAAGATGCTGG-1",3297,"Immune"
"e16_c1_GCAGTTAAGTTTGAGA-1",749,"ENS"
"e16_c1_GCAGTTAGTACCGGAA-1",546,"ENS"
"e16_c1_GCAGTTAGTCAAGCCC-1",749,"ENS"
"e16_c1_GCAGTTATCATGCCAA-1",2515,"Fibroblast"
"e16_c1_GCATCGGCAAGTAGTA-1",920,"ENS"
"e16_c1_GCATCGGCAGAGAAAG-1",3089,"ENS"
"e16_c1_GCATCGGTCCCGAAAT-1",49,"ENS"
"e16_c1_GCATCGGTCGTGGCTG-1",2867,"ENS"
"e16_c1_GCATCGGTCTCGGCTT-1",219,"ENS"
"e16_c1_GCATCTCAGCCACAAG-1",1191,"Smooth muscle"
"e16_c1_GCATCTCGTGCTAGCC-1",550,"ENS"
"e16_c1_GCATTAGCAACATACC-1",2325,"ENS"
"e16_c1_GCATTAGCAGTCTCTC-1",3089,"ENS"
"e16_c1_GCATTAGGTGAGCTCC-1",3089,"ENS"
"e16_c1_GCCAACGAGGACTAAT-1",2868,"ENS"
"e16_c1_GCCAACGGTCTGTAAC-1",2583,"ENS"
"e16_c1_GCCAGCAAGGGTTGCA-1",3093,"ENS"
"e16_c1_GCCAGCACAATTCTTC-1",2269,"ENS"
"e16_c1_GCCAGCATCAGTCCGG-1",3089,"ENS"
"e16_c1_GCCAGGTAGCTCACTA-1",2868,"ENS"
"e16_c1_GCCAGGTCAAGTACCT-1",3089,"ENS"
"e16_c1_GCCAGGTGTGCCTGCA-1",2588,"ENS"
"e16_c1_GCCAGGTTCCTTATCA-1",2485,"Mesothelial"
"e16_c1_GCCAGGTTCGGATAAA-1",550,"ENS"
"e16_c1_GCCAGTGAGAATGTTG-1",3089,"ENS"
"e16_c1_GCCAGTGCAAGTGGGT-1",3089,"ENS"
"e16_c1_GCCAGTGCACTGTCCT-1",749,"ENS"
"e16_c1_GCCAGTGCAGGGAGAG-1",2863,"ENS"
"e16_c1_GCCAGTGGTTTCTTAC-1",2570,"ENS"
"e16_c1_GCCAGTGTCGCTACGG-1",1050,"ENS"
"e16_c1_GCCATGGAGAATTCAG-1",3089,"ENS"
"e16_c1_GCCATTCCATCCGGTG-1",3089,"ENS"
"e16_c1_GCCATTCGTTAAGGGC-1",2868,"ENS"
"e16_c1_GCCATTCTCGGCTCTT-1",370,"ENS"
"e16_c1_GCCCAGAAGAAACTGT-1",2992,"ENS"
"e16_c1_GCCCAGACAACCTAAC-1",2325,"ENS"
"e16_c1_GCCCGAAAGCTGACAG-1",2868,"ENS"
"e16_c1_GCCCGAACACTATCCC-1",167,"ENS"
"e16_c1_GCCCGAACAGCAGAAC-1",2570,"ENS"
"e16_c1_GCCGATGAGTTACGTC-1",3089,"ENS"
"e16_c1_GCCGATGCAGAGTTCT-1",760,"ENS"
"e16_c1_GCCGATGCATCGTGGC-1",3089,"ENS"
"e16_c1_GCCGATGTCCAAGCAT-1",2613,"ENS"
"e16_c1_GCCGATGTCCCAAGCG-1",1946,"Smooth muscle"
"e16_c1_GCCGTGAAGTGCACCC-1",509,"ENS"
"e16_c1_GCCGTGACAGAATGTA-1",2992,"ENS"
"e16_c1_GCCGTGAGTAGCGCCT-1",2645,"ENS"
"e16_c1_GCCGTGAGTCCTCATC-1",406,"Myofibroblast"
"e16_c1_GCCGTGAGTGGTCCGT-1",1251,"ENS"
"e16_c1_GCCTGTTAGGCTTAGG-1",2269,"ENS"
"e16_c1_GCCTGTTGTCGTTGGC-1",3089,"ENS"
"e16_c1_GCCTGTTTCACACCCT-1",2742,"Immune"
"e16_c1_GCCTGTTTCACTTGTT-1",2946,"Fibroblast"
"e16_c1_GCGAGAACACAGTGTT-1",565,"ENS"
"e16_c1_GCGAGAATCCTAGAGT-1",2570,"ENS"
"e16_c1_GCGAGAATCTTGCGCT-1",2570,"ENS"
"e16_c1_GCGATCGAGTCATGCT-1",1843,"ENS"
"e16_c1_GCGATCGCAAGCTGTT-1",546,"ENS"
"e16_c1_GCGATCGGTGAGTGAC-1",3089,"ENS"
"e16_c1_GCGGAAAAGAGTGGCT-1",1191,"Fibroblast"
"e16_c1_GCGGAAAAGTTCAACC-1",3067,"ENS"
"e16_c1_GCGGATCGTGACTGAG-1",1204,"ENS"
"e16_c1_GCGTGCAAGAAGAACG-1",2571,"ENS"
"e16_c1_GCGTGCAAGGAACGCT-1",550,"ENS"
"e16_c1_GCGTGCATCGAGCCAC-1",3089,"ENS"
"e16_c1_GCGTGCATCGTGTGAT-1",2570,"ENS"
"e16_c1_GCGTTTCGTGTCATCA-1",1122,"ENS"
"e16_c1_GCTACAACAAAGACGC-1",1305,"Fibroblast"
"e16_c1_GCTACAATCGATGGAG-1",546,"ENS"
"e16_c1_GCTACCTCAACACACT-1",2537,"Fibroblast"
"e16_c1_GCTACCTCAGCTTCGG-1",749,"ENS"
"e16_c1_GCTACCTGTCCATCTC-1",1186,"ENS"
"e16_c1_GCTACCTGTGAGGAAA-1",202,"Smooth muscle"
"e16_c1_GCTCAAAAGATCGCTT-1",3089,"ENS"
"e16_c1_GCTCAAACAGCTGTCG-1",1946,"Pericyte"
"e16_c1_GCTCAAAGTTTATGCG-1",920,"ENS"
"e16_c1_GCTCAAATCTCCCATG-1",336,"ENS"
"e16_c1_GCTGAATAGCCTAACT-1",1339,"Myofibroblast"
"e16_c1_GCTGAATAGTGCAGCA-1",1191,"Myofibroblast"
"e16_c1_GCTGAATCAAGCACCC-1",2937,"Immune"
"e16_c1_GCTGAATCAGCTTTCC-1",1323,"ENS"
"e16_c1_GCTGAATGTAGGTTTC-1",920,"ENS"
"e16_c1_GCTGAATGTATGGTTC-1",749,"ENS"
"e16_c1_GCTGCAGAGGAAAGTG-1",2581,"ENS"
"e16_c1_GCTGCAGTCACCGACG-1",2570,"ENS"
"e16_c1_GCTGGGTAGACTGGGT-1",2994,"ENS"
"e16_c1_GCTGGGTAGAGCAGAA-1",920,"ENS"
"e16_c1_GCTGGGTAGCCTGTCG-1",2537,"Fibroblast"
"e16_c1_GCTGGGTCACGAAGAC-1",2645,"ENS"
"e16_c1_GCTGGGTGTAGCTGTT-1",749,"ENS"
"e16_c1_GCTGGGTGTAGCTTTG-1",3089,"ENS"
"e16_c1_GCTGGGTGTTCTAAGC-1",920,"ENS"
"e16_c1_GCTGGGTTCTCTCTTC-1",2860,"ENS"
"e16_c1_GCTTCACCAGTGCCTG-1",3067,"ENS"
"e16_c1_GCTTCACTCTCGTCAC-1",751,"ENS"
"e16_c1_GCTTGGGAGGCGTTAG-1",2953,"ENS"
"e16_c1_GCTTGGGAGTGGTTAA-1",2269,"ENS"
"e16_c1_GCTTGGGCAGAGGGTT-1",2570,"ENS"
"e16_c1_GCTTTCGAGCCGTCGT-1",162,"Immune"
"e16_c1_GCTTTCGAGGAGCAAA-1",749,"ENS"
"e16_c1_GCTTTCGAGTTCTCTT-1",3089,"ENS"
"e16_c1_GGAACCCAGCCTCTCT-1",2327,"ENS"
"e16_c1_GGAACCCCAGGCACAA-1",509,"ENS"
"e16_c1_GGAACCCGTAGCTGCC-1",2231,"ENS"
"e16_c1_GGAACCCGTTTACCAG-1",2578,"Fibroblast"
"e16_c1_GGAACCCTCATGGAGG-1",1122,"ENS"
"e16_c1_GGAAGTGCAGCTACTA-1",1318,"Fibroblast"
"e16_c1_GGAAGTGGTACAGCGA-1",1122,"ENS"
"e16_c1_GGAATCTAGCAAATCA-1",549,"ENS"
"e16_c1_GGAATCTCAGCCGTTG-1",3089,"ENS"
"e16_c1_GGAATCTCAGGTGTGA-1",2269,"ENS"
"e16_c1_GGAATGGAGAAGTATC-1",2269,"ENS"
"e16_c1_GGAATGGCAAGAATGT-1",2570,"ENS"
"e16_c1_GGAATGGCAAGTGACG-1",1924,"Fibroblast"
"e16_c1_GGAATGGCAGCACAGA-1",920,"ENS"
"e16_c1_GGAATGGCATTCGGGC-1",550,"ENS"
"e16_c1_GGAATGGTCTTCCGTG-1",2581,"ENS"
"e16_c1_GGAGAACAGGGACACT-1",920,"ENS"
"e16_c1_GGAGAACCATCACGGC-1",1305,"Smooth muscle"
"e16_c1_GGAGAACGTTAGTCGT-1",920,"ENS"
"e16_c1_GGAGATGGTATTGACC-1",2466,"Mesothelial"
"e16_c1_GGAGATGGTTATGTGC-1",2994,"ENS"
"e16_c1_GGAGCAAAGCAATTAG-1",1404,"ENS"
"e16_c1_GGAGCAAGTAGTCGGA-1",3089,"ENS"
"e16_c1_GGAGCAATCCGCGATG-1",550,"ENS"
"e16_c1_GGAGCAATCTTACCGC-1",2570,"ENS"
"e16_c1_GGAGGATGTGCCAAGA-1",1609,"ENS"
"e16_c1_GGAGGATGTGTGGTCC-1",2352,"Fibroblast"
"e16_c1_GGAGGATTCCACACAA-1",2868,"ENS"
"e16_c1_GGAGGTACACAGTCGC-1",556,"ENS"
"e16_c1_GGATCTAAGAATCGTA-1",2953,"ENS"
"e16_c1_GGATCTACAAGACTGG-1",2602,"Fibroblast"
"e16_c1_GGATCTATCAGACCTA-1",3067,"ENS"
"e16_c1_GGATCTATCGCTACGG-1",550,"ENS"
"e16_c1_GGATCTATCTCCCTAG-1",2583,"ENS"
"e16_c1_GGCACGTAGATGATTG-1",546,"Myofibroblast"
"e16_c1_GGCACGTCAAAGCTCT-1",3089,"ENS"
"e16_c1_GGCAGTCAGAGTTCGG-1",920,"ENS"
"e16_c1_GGCAGTCGTCATAGTC-1",2269,"ENS"
"e16_c1_GGCGTCAGTCAAATCC-1",2325,"ENS"
"e16_c1_GGCTTGGAGTTAGTGA-1",1185,"ENS"
"e16_c1_GGCTTGGGTACCCGAC-1",920,"ENS"
"e16_c1_GGCTTGGTCCTCGCAT-1",2147,"ENS"
"e16_c1_GGCTTTCAGCTGGTGA-1",2147,"ENS"
"e16_c1_GGCTTTCAGGGATCGT-1",1191,"Myofibroblast"
"e16_c1_GGCTTTCAGTGCCAGA-1",749,"ENS"
"e16_c1_GGCTTTCCAGGCGATA-1",1339,"Myofibroblast"
"e16_c1_GGCTTTCGTACTCAAC-1",1609,"ENS"
"e16_c1_GGCTTTCTCATCACTT-1",2868,"ENS"
"e16_c1_GGCTTTCTCGACGACC-1",2570,"ENS"
"e16_c1_GGGAAGTTCCACGGGT-1",1185,"ENS"
"e16_c1_GGGACAAAGACTTGTC-1",2937,"Immune"
"e16_c1_GGGACAACATATGGCT-1",1404,"ENS"
"e16_c1_GGGACAATCACGATCA-1",749,"ENS"
"e16_c1_GGGACAATCTATGCCC-1",323,"ENS"
"e16_c1_GGGACAATCTTGAACG-1",3089,"ENS"
"e16_c1_GGGACCTAGCTGGTGA-1",2269,"ENS"
"e16_c1_GGGACCTCAGGTTCGC-1",2269,"ENS"
"e16_c1_GGGACTCCAATAACGA-1",752,"ENS"
"e16_c1_GGGACTCCACAGTACT-1",3089,"ENS"
"e16_c1_GGGACTCGTTAACCTG-1",1823,"ENS"
"e16_c1_GGGACTCTCGAGCCTG-1",2269,"ENS"
"e16_c1_GGGACTCTCGGTCATA-1",1609,"ENS"
"e16_c1_GGGACTCTCTTCGACC-1",2992,"ENS"
"e16_c1_GGGAGATTCGTTCTCG-1",351,"Endothelial"
"e16_c1_GGGATCCAGTAAGAGG-1",3067,"ENS"
"e16_c1_GGGATCCAGTTGTACC-1",2998,"ENS"
"e16_c1_GGGATCCCAAGACCGA-1",3089,"ENS"
"e16_c1_GGGATCCCAAGTATCC-1",3089,"ENS"
"e16_c1_GGGATGAAGAGCGACT-1",3089,"ENS"
"e16_c1_GGGATGAAGTTGCTCA-1",3089,"ENS"
"e16_c1_GGGATGACACTAACCA-1",3089,"ENS"
"e16_c1_GGGATGACACTAGGTT-1",2581,"ENS"
"e16_c1_GGGATGAGTGAGCCAA-1",1305,"Smooth muscle"
"e16_c1_GGGCCATCACGAGAAC-1",1306,"Fibroblast"
"e16_c1_GGGCCATCAGCATACT-1",2613,"ENS"
"e16_c1_GGGCCATTCTGAATGC-1",2269,"ENS"
"e16_c1_GGGCGTTAGAAATCCA-1",2645,"ENS"
"e16_c1_GGGCGTTAGAATACAC-1",3089,"ENS"
"e16_c1_GGGCTACAGATTGTGA-1",1807,"ENS"
"e16_c1_GGGCTACCACGACGTC-1",509,"ENS"
"e16_c1_GGGCTACGTAGGTTTC-1",3089,"ENS"
"e16_c1_GGGTAGACAAGAATAC-1",618,"Fibroblast"
"e16_c1_GGGTAGACACCAGCGT-1",2571,"ENS"
"e16_c1_GGGTAGACAGCTATTG-1",2994,"ENS"
"e16_c1_GGGTAGAGTCACCGAC-1",1185,"ENS"
"e16_c1_GGGTAGATCAGTAGGG-1",3089,"ENS"
"e16_c1_GGGTATTAGCTCGCAC-1",760,"ENS"
"e16_c1_GGGTATTGTCGCGGTT-1",2583,"ENS"
"e16_c1_GGGTCACAGCGAGTCA-1",2466,"ICC"
"e16_c1_GGGTCACCATTGGCAT-1",1469,"Smooth muscle"
"e16_c1_GGGTCACGTCCACATA-1",3089,"ENS"
"e16_c1_GGGTCACTCTTCTGTA-1",1609,"ENS"
"e16_c1_GGGTCTGAGGGCGAAG-1",3089,"ENS"
"e16_c1_GGGTCTGCAACCCGCA-1",1122,"ENS"
"e16_c1_GGGTCTGCAAGTCCCG-1",2147,"ENS"
"e16_c1_GGGTCTGGTCAAGCGA-1",2570,"ENS"
"e16_c1_GGGTGAAGTGAGCAGT-1",1463,"Smooth muscle"
"e16_c1_GGGTGAATCGGTAAGG-1",2570,"ENS"
"e16_c1_GGGTGTCAGTTTGCTG-1",3089,"Myofibroblast"
"e16_c1_GGGTGTCGTCTTCTAT-1",1191,"ICC"
"e16_c1_GGGTTATAGAATTTGG-1",997,"ENS"
"e16_c1_GGGTTATAGCACCGAA-1",760,"ENS"
"e16_c1_GGGTTATCAGTATGAA-1",3089,"ENS"
"e16_c1_GGGTTATCATGTGTCA-1",2269,"ENS"
"e16_c1_GGGTTATTCGGAATGG-1",749,"ENS"
"e16_c1_GGGTTTAAGCACCGTC-1",1819,"ENS"
"e16_c1_GGGTTTAAGCGACAGT-1",2269,"ENS"
"e16_c1_GGGTTTACAAATTGCC-1",50,"ENS"
"e16_c1_GGGTTTACAAGTCCAT-1",3354,"ENS"
"e16_c1_GGTAACTCAGCTCCTT-1",668,"Immune"
"e16_c1_GGTAACTGTCTAATCG-1",2868,"ENS"
"e16_c1_GGTAACTTCAGTCATG-1",3067,"ENS"
"e16_c1_GGTAACTTCCGTTGAA-1",2570,"ENS"
"e16_c1_GGTAATCAGCGCCTAC-1",1122,"ENS"
"e16_c1_GGTAATCCAATACGCT-1",3089,"ENS"
"e16_c1_GGTAATCTCGCCGAGT-1",2645,"ENS"
"e16_c1_GGTAGAGAGAGCTGAC-1",3089,"ENS"
"e16_c1_GGTAGAGAGCTTTCTT-1",1924,"Smooth muscle"
"e16_c1_GGTAGAGAGGAGTATT-1",2953,"ENS"
"e16_c1_GGTAGAGCAACTCATG-1",1704,"Immune"
"e16_c1_GGTAGAGCAGCGGATA-1",1697,"Fibroblast"
"e16_c1_GGTAGAGCAGTCTTCC-1",1204,"ENS"
"e16_c1_GGTAGAGGTCGGCACT-1",749,"ENS"
"e16_c1_GGTAGAGGTTGTACGT-1",96,"Fibroblast"
"e16_c1_GGTAGAGTCAGATGCT-1",3067,"ENS"
"e16_c1_GGTAGAGTCTGGGCCA-1",2537,"Fibroblast"
"e16_c1_GGTCACGCAGCAGTAG-1",1122,"ENS"
"e16_c1_GGTCACGCATCGATAC-1",2868,"ENS"
"e16_c1_GGTCACGGTCGCAGTC-1",749,"ENS"
"e16_c1_GGTCTGGCAAGACCTT-1",3410,"Simple Epithelial"
"e16_c1_GGTCTGGCATGAATAG-1",3089,"ENS"
"e16_c1_GGTCTGGTCATGGCCG-1",749,"ENS"
"e16_c1_GGTGAAGAGTCCCAAT-1",3089,"ENS"
"e16_c1_GGTGATTAGTACGAGC-1",3089,"ENS"
"e16_c1_GGTGATTCAAACTAGA-1",2578,"Fibroblast"
"e16_c1_GGTGATTCAATTGCTG-1",3354,"ENS"
"e16_c1_GGTGATTGTCCACACG-1",1122,"ENS"
"e16_c1_GGTGATTGTCGTTCAA-1",3089,"ENS"
"e16_c1_GGTGATTGTGTTTACG-1",760,"ENS"
"e16_c1_GGTGATTTCGCCTTTG-1",2326,"ENS"
"e16_c1_GGTGTCGAGCCGTAAG-1",920,"ENS"
"e16_c1_GGTGTCGCAACGTATC-1",2953,"ENS"
"e16_c1_GGTGTCGGTAACAAGT-1",756,"Simple Epithelial"
"e16_c1_GGTGTCGGTTACGGAG-1",550,"ENS"
"e16_c1_GGTGTTACAGGCTACC-1",2231,"ENS"
"e16_c1_GGTTAACGTATTTCGG-1",2147,"ENS"
"e16_c1_GGTTAACTCATTGCCC-1",509,"ENS"
"e16_c1_GGTTAACTCTCCGTGT-1",2994,"ENS"
"e16_c1_GGTTCTCAGTTCCATG-1",3354,"ENS"
"e16_c1_GGTTCTCCACGACGCT-1",2937,"Immune"
"e16_c1_GGTTGTAAGATGAAGG-1",1191,"Myofibroblast"
"e16_c1_GTAACACGTTAACCTG-1",2645,"ENS"
"e16_c1_GTAACACTCAGAGCAG-1",3089,"ENS"
"e16_c1_GTAACACTCGCCGAAC-1",749,"ENS"
"e16_c1_GTAACCAAGACCCTTA-1",3089,"ENS"
"e16_c1_GTAACCAAGAGTAACT-1",2352,"Smooth muscle"
"e16_c1_GTAACCATCTCGTTTA-1",2147,"ENS"
"e16_c1_GTAAGTCAGCAATTAG-1",1191,"ICC"
"e16_c1_GTAAGTCCACAAGGTG-1",3354,"ENS"
"e16_c1_GTAAGTCCATGATAGA-1",1050,"ENS"
"e16_c1_GTAATCGGTCGATTCA-1",3150,"Myofibroblast"
"e16_c1_GTAATCGTCCACGTCT-1",1305,"Smooth muscle"
"e16_c1_GTAATGCAGGCCATAG-1",441,"ENS"
"e16_c1_GTACAACAGTAGTGCG-1",3354,"ENS"
"e16_c1_GTACAACCAGGTCCGT-1",2269,"ENS"
"e16_c1_GTACAACGTGTTCATG-1",2570,"ENS"
"e16_c1_GTACAACGTTACCCTC-1",2570,"ENS"
"e16_c1_GTACAGTAGGTTAGTA-1",749,"ENS"
"e16_c1_GTAGAAAAGGGCAGAG-1",2269,"ENS"
"e16_c1_GTAGAAAGTGGAAATT-1",2570,"ENS"
"e16_c1_GTAGAGGAGCCTGAAG-1",3089,"ENS"
"e16_c1_GTAGAGGAGGATATAC-1",1465,"Myofibroblast"
"e16_c1_GTAGAGGGTGCCCTTT-1",2645,"ENS"
"e16_c1_GTAGAGGTCGGTAACT-1",3089,"ENS"
"e16_c1_GTAGATCCATCCAACA-1",2570,"ENS"
"e16_c1_GTAGATCGTTTAGACC-1",749,"ENS"
"e16_c1_GTAGCTACAACGCCCA-1",760,"ENS"
"e16_c1_GTAGCTACATTGAGGG-1",2570,"ENS"
"e16_c1_GTAGCTAGTTAAGAAC-1",2230,"ENS"
"e16_c1_GTAGGAGAGGTCTGGA-1",3089,"ENS"
"e16_c1_GTAGGAGAGTCATTGC-1",2645,"ENS"
"e16_c1_GTAGGAGAGTTGCCTA-1",540,"Fibroblast"
"e16_c1_GTAGGAGCACCGTACG-1",2147,"ENS"
"e16_c1_GTAGGAGCACTACACA-1",3089,"ENS"
"e16_c1_GTAGGAGGTTACCCAA-1",2645,"ENS"
"e16_c1_GTAGGAGGTTGGGAAC-1",425,"Fibroblast"
"e16_c1_GTAGGAGTCTCGCTCA-1",549,"ENS"
"e16_c1_GTAGGTTAGGATTACA-1",2645,"ENS"
"e16_c1_GTAGGTTCACGAGGAT-1",2645,"ENS"
"e16_c1_GTAGGTTCATGGAAGC-1",2953,"ENS"
"e16_c1_GTAGGTTGTTGGACCC-1",2570,"ENS"
"e16_c1_GTAGGTTTCATCCTGC-1",2570,"ENS"
"e16_c1_GTAGGTTTCGAGTCTA-1",2353,"Myofibroblast"
"e16_c1_GTAGTACAGCCTGAAG-1",3089,"ENS"
"e16_c1_GTAGTACAGTGAGTTA-1",549,"ENS"
"e16_c1_GTATTGGCACGACGAA-1",2868,"ENS"
"e16_c1_GTATTGGGTTTGACAC-1",749,"ENS"
"e16_c1_GTATTGGTCGCAGAGA-1",3089,"ENS"
"e16_c1_GTATTTCTCCCGAATA-1",2581,"ENS"
"e16_c1_GTATTTCTCCCGGTAG-1",2147,"ENS"
"e16_c1_GTCAAACAGGTCGTCC-1",550,"ENS"
"e16_c1_GTCAAACCAGTGTGGA-1",2537,"Fibroblast"
"e16_c1_GTCAAACTCTTCTGTA-1",2581,"ENS"
"e16_c1_GTCAAGTAGAGGTGCT-1",3089,"ENS"
"e16_c1_GTCAAGTTCTCCATAT-1",749,"ENS"
"e16_c1_GTCACGGAGTTTGTCG-1",2583,"ENS"
"e16_c1_GTCACGGTCCTATGGA-1",1043,"Fibroblast"
"e16_c1_GTCACTCTCTTCCACG-1",3089,"ENS"
"e16_c1_GTCAGCGAGGTTGACG-1",509,"ENS"
"e16_c1_GTCAGCGAGTCTGGAG-1",3089,"ENS"
"e16_c1_GTCAGCGGTCTTCAAG-1",2600,"ICC"
"e16_c1_GTCAGCGGTGTCTTGA-1",2269,"ENS"
"e16_c1_GTCAGCGTCCATAGGT-1",3089,"ENS"
"e16_c1_GTCAGCGTCTGGAAGG-1",3089,"ENS"
"e16_c1_GTCATCCGTATGTCTG-1",456,"ENS"
"e16_c1_GTCATCCGTGCCTTTC-1",2581,"ENS"
"e16_c1_GTCATCCTCGTGTGAT-1",1924,"Smooth muscle"
"e16_c1_GTCATCCTCTGTGCGG-1",1609,"ENS"
"e16_c1_GTCATGAAGTCGTCTA-1",749,"ENS"
"e16_c1_GTCATGAGTTTGAACC-1",3089,"ENS"
"e16_c1_GTCATTTAGAACCGCA-1",3354,"ENS"
"e16_c1_GTCATTTAGCGCATCC-1",2863,"ENS"
"e16_c1_GTCATTTAGGCACCAA-1",760,"ENS"
"e16_c1_GTCATTTAGTGCACTT-1",759,"ENS"
"e16_c1_GTCCACTAGCAGTCTT-1",3089,"ENS"
"e16_c1_GTCCACTAGCCTCACG-1",1318,"Fibroblast"
"e16_c1_GTCCACTCAATCGCGC-1",2269,"ENS"
"e16_c1_GTCCACTGTGAGAGGG-1",3089,"ENS"
"e16_c1_GTCCCATCACGCTGCA-1",2147,"ENS"
"e16_c1_GTCCCATCACTGAATC-1",2647,"ENS"
"e16_c1_GTCCCATCATAAGCAA-1",2994,"ENS"
"e16_c1_GTCCCATCATATGGCT-1",1827,"ENS"
"e16_c1_GTCCCATGTCGATGCC-1",2868,"ENS"
"e16_c1_GTCCCATTCTTGTTAC-1",920,"ENS"
"e16_c1_GTCCTCACAGTCAGAG-1",3089,"ENS"
"e16_c1_GTCCTCAGTCAAAGAT-1",3089,"ENS"
"e16_c1_GTCCTCATCACACGAT-1",2570,"ENS"
"e16_c1_GTCGAATAGGATGTTA-1",546,"ENS"
"e16_c1_GTCGAATCACACCTAA-1",2537,"Smooth muscle"
"e16_c1_GTCGAATCAGCCATTA-1",2269,"ENS"
"e16_c1_GTCGAATGTGTGACCC-1",2570,"ENS"
"e16_c1_GTCGCGAAGAAAGCGA-1",760,"ENS"
"e16_c1_GTCGCGATCCAGCACG-1",2269,"ENS"
"e16_c1_GTCGCGATCCCTAGGG-1",2854,"ENS"
"e16_c1_GTCGCGATCTAATTCC-1",1191,"ICC"
"e16_c1_GTCGCGATCTCGCTTG-1",563,"ENS"
"e16_c1_GTCGTAACATGTTACG-1",558,"ENS"
"e16_c1_GTCGTAAGTTGCAACT-1",2645,"ENS"
"e16_c1_GTCGTTCCATTGAAAG-1",2953,"ENS"
"e16_c1_GTCTACCAGGGCTGAT-1",1,"Fibroblast"
"e16_c1_GTCTACCAGTAAATGC-1",2269,"ENS"
"e16_c1_GTCTACCTCGGACAAG-1",1122,"ENS"
"e16_c1_GTCTAGACATCGATGT-1",2861,"ENS"
"e16_c1_GTCTAGATCAAGTAAG-1",2147,"ENS"
"e16_c1_GTCTCACAGAAGTGTT-1",3089,"ENS"
"e16_c1_GTCTCACGTTTCCATT-1",2937,"Immune"
"e16_c1_GTCTCACTCACGGACC-1",1191,"Smooth muscle"
"e16_c1_GTCTCACTCCTTGGAA-1",3089,"ENS"
"e16_c1_GTCTGTCGTCATGCAT-1",2269,"ENS"
"e16_c1_GTCTGTCTCACTACTT-1",2583,"ENS"
"e16_c1_GTCTTTAAGACTAAGT-1",1318,"Fibroblast"
"e16_c1_GTCTTTAAGTCGTTAC-1",2994,"ENS"
"e16_c1_GTCTTTACAAAGGCGT-1",3067,"ENS"
"e16_c1_GTCTTTAGTTCGTGCG-1",749,"ENS"
"e16_c1_GTGACGCAGCACTAGG-1",3089,"ENS"
"e16_c1_GTGACGCAGGACATCG-1",1122,"ENS"
"e16_c1_GTGACGCGTAGTTCCA-1",2994,"ENS"
"e16_c1_GTGAGCCAGAGGTATT-1",1287,"ENS"
"e16_c1_GTGAGCCCACCGGTCA-1",760,"ENS"
"e16_c1_GTGAGCCTCCGAAATC-1",1185,"ENS"
"e16_c1_GTGAGGAAGACGCAGT-1",2326,"ENS"
"e16_c1_GTGAGGAAGGGAGGTG-1",2269,"ENS"
"e16_c1_GTGAGGAGTCGATTCA-1",3067,"ENS"
"e16_c1_GTGAGGATCAAACCTG-1",760,"ENS"
"e16_c1_GTGAGTTAGGTTGTTC-1",3067,"ENS"
"e16_c1_GTGAGTTAGTGACACG-1",1838,"ENS"
"e16_c1_GTGAGTTCAGAGACTG-1",3089,"ENS"
"e16_c1_GTGAGTTGTCTCGACG-1",550,"ENS"
"e16_c1_GTGAGTTTCTGAGTCA-1",2269,"ENS"
"e16_c1_GTGATGTCACGAGAAC-1",167,"ENS"
"e16_c1_GTGATGTGTTAAGAAC-1",3089,"ENS"
"e16_c1_GTGATGTGTTCCATTT-1",749,"ENS"
"e16_c1_GTGCACGAGCACCTGC-1",2570,"ENS"
"e16_c1_GTGCACGCAATAGGGC-1",3089,"ENS"
"e16_c1_GTGCACGCACTTACAG-1",1609,"ENS"
"e16_c1_GTGCACGTCATGTCTT-1",3067,"ENS"
"e16_c1_GTGCAGCAGCACGATG-1",2581,"ENS"
"e16_c1_GTGCAGCGTTCTCAGA-1",2570,"ENS"
"e16_c1_GTGCGTGAGCGGGTTA-1",1205,"ENS"
"e16_c1_GTGCGTGTCTCTGACC-1",2953,"ENS"
"e16_c1_GTGCTGGCAACGCCCA-1",208,"ENS"
"e16_c1_GTGCTGGTCACTGCTC-1",2352,"Myofibroblast"
"e16_c1_GTGCTTCTCACCCTGT-1",2570,"ENS"
"e16_c1_GTGCTTCTCATGCCGG-1",749,"ENS"
"e16_c1_GTGCTTCTCGCCAACG-1",566,"ENS"
"e16_c1_GTGGAAGAGTTAGTGA-1",3089,"ENS"
"e16_c1_GTGGAAGTCCCTCGAT-1",3089,"ENS"
"e16_c1_GTGGAAGTCTATCGTT-1",760,"ENS"
"e16_c1_GTGGAGAAGTCGCTAT-1",3089,"ENS"
"e16_c1_GTGGAGAGTGGAAATT-1",2994,"ENS"
"e16_c1_GTGGAGATCAAGCCCG-1",2269,"ENS"
"e16_c1_GTGGAGATCGCGTTTC-1",2838,"ENS"
"e16_c1_GTGGAGATCTTCTGGC-1",2269,"ENS"
"e16_c1_GTGGCGTCACCTCTGT-1",2328,"ENS"
"e16_c1_GTGGCGTCACTTCCTG-1",2570,"ENS"
"e16_c1_GTGGCGTGTCTAGATC-1",3089,"ENS"
"e16_c1_GTGGGAAAGGGATGTC-1",760,"ENS"
"e16_c1_GTGGGAAAGTAGGCCA-1",2994,"ENS"
"e16_c1_GTGGGAACAGTAGATA-1",2537,"Fibroblast"
"e16_c1_GTGGGAACAGTGTATC-1",2868,"ENS"
"e16_c1_GTGGGAACATTCGGGC-1",2269,"ENS"
"e16_c1_GTGGTTAAGGGTCACA-1",2868,"ENS"
"e16_c1_GTGGTTAGTAGCACGA-1",1566,"Smooth muscle"
"e16_c1_GTGGTTATCCTTGGAA-1",550,"ENS"
"e16_c1_GTGTAACAGAGAGCCT-1",2953,"ENS"
"e16_c1_GTGTAACAGCTGAAGC-1",3089,"ENS"
"e16_c1_GTGTAACAGTAACGTA-1",2269,"ENS"
"e16_c1_GTGTCCTTCGGTCATA-1",2269,"ENS"
"e16_c1_GTGTGATTCCAATCTT-1",2589,"ENS"
"e16_c1_GTGTGGCAGGAGAGTA-1",760,"ENS"
"e16_c1_GTGTGGCCACGCACCA-1",749,"ENS"
"e16_c1_GTGTGGCCATGACTCA-1",3354,"ENS"
"e16_c1_GTGTTAGCAGACGGAT-1",749,"ENS"
"e16_c1_GTGTTAGGTATCTCGA-1",2995,"ENS"
"e16_c1_GTGTTAGGTTACAGCT-1",3089,"ENS"
"e16_c1_GTGTTCCAGGTGATAT-1",2537,"Smooth muscle"
"e16_c1_GTGTTCCAGTTGTAGA-1",1286,"ENS"
"e16_c1_GTGTTCCCATTCTGTT-1",1191,"Myofibroblast"
"e16_c1_GTGTTCCTCGGTCAGC-1",749,"ENS"
"e16_c1_GTTACAGCACTCCACT-1",3067,"ENS"
"e16_c1_GTTACAGGTGGCGCTT-1",550,"ENS"
"e16_c1_GTTACAGTCCCTGGTT-1",749,"ENS"
"e16_c1_GTTACAGTCTCTTCAA-1",546,"ENS"
"e16_c1_GTTACCCCAGCACAGA-1",1204,"ENS"
"e16_c1_GTTACCCGTGCTCTTC-1",749,"ENS"
"e16_c1_GTTACCCTCACTGTTT-1",2953,"ENS"
"e16_c1_GTTACGACACTACAGT-1",1339,"Myofibroblast"
"e16_c1_GTTACGAGTAGCGTTT-1",2573,"ENS"
"e16_c1_GTTACGAGTCACCACG-1",2570,"ENS"
"e16_c1_GTTACGAGTTGTACGT-1",266,"ENS"
"e16_c1_GTTACGATCACAAGGG-1",2209,"Immune"
"e16_c1_GTTAGACAGTGGCCTC-1",1527,"Fibroblast"
"e16_c1_GTTAGACCACAACGAG-1",3089,"ENS"
"e16_c1_GTTAGACCATTGCCTC-1",1051,"ENS"
"e16_c1_GTTAGTGGTAGTCTGT-1",3089,"ENS"
"e16_c1_GTTAGTGTCAAATGAG-1",920,"ENS"
"e16_c1_GTTAGTGTCTTGGTCC-1",2953,"ENS"
"e16_c1_GTTATGGAGCCGTCGT-1",1339,"ICC"
"e16_c1_GTTATGGAGTGCCGAA-1",2269,"ENS"
"e16_c1_GTTATGGCACAATCTG-1",3354,"ENS"
"e16_c1_GTTATGGCACATCATG-1",2570,"ENS"
"e16_c1_GTTATGGCACCTAAAC-1",2583,"ENS"
"e16_c1_GTTATGGTCGATTGGT-1",3089,"ENS"
"e16_c1_GTTATGGTCTGAGAGG-1",2583,"ENS"
"e16_c1_GTTCATTCATAGAATG-1",2570,"ENS"
"e16_c1_GTTCCGTCAAAGCTAA-1",3089,"ENS"
"e16_c1_GTTCCGTTCGTTGTAG-1",2583,"ENS"
"e16_c1_GTTCGCTAGGTACCTT-1",3067,"ENS"
"e16_c1_GTTCGCTCACCTTCCA-1",2994,"ENS"
"e16_c1_GTTCGCTCATGCCGAC-1",2583,"ENS"
"e16_c1_GTTCGCTTCAAGTGTC-1",2147,"ENS"
"e16_c1_GTTCGCTTCACATCAG-1",2352,"Fibroblast"
"e16_c1_GTTCGCTTCTTGGTCC-1",2868,"ENS"
"e16_c1_GTTCTATAGGCTTAGG-1",3089,"ENS"
"e16_c1_GTTCTATCAGGCACTC-1",2230,"ENS"
"e16_c1_GTTCTATTCTATTGTC-1",3067,"ENS"
"e16_c1_GTTGAACAGTGTTGTC-1",550,"ENS"
"e16_c1_GTTGAACCAGTGAGCA-1",749,"ENS"
"e16_c1_GTTGAACCATGATAGA-1",749,"ENS"
"e16_c1_GTTGAACGTGCCCGTA-1",2147,"ENS"
"e16_c1_GTTGCGGTCGTGGTAT-1",760,"ENS"
"e16_c1_GTTGCTCCATGCCATA-1",749,"ENS"
"e16_c1_GTTGCTCCATTGGATC-1",2868,"ENS"
"e16_c1_GTTGCTCGTGGACCTC-1",1463,"Fibroblast"
"e16_c1_GTTGTAGAGTCACAGG-1",920,"ENS"
"e16_c1_GTTGTAGGTGTGAGCA-1",567,"ENS"
"e16_c1_GTTGTAGGTTCCGCAG-1",1609,"ENS"
"e16_c1_GTTGTCCAGGTCGAGT-1",2269,"ENS"
"e16_c1_GTTGTCCGTCCAGAAG-1",1716,"ENS"
"e16_c1_GTTGTCCGTGGCCACT-1",2147,"ENS"
"e16_c1_GTTGTCCTCCGAGATT-1",3089,"ENS"
"e16_c1_GTTGTGAGTGTCCAAT-1",2537,"Fibroblast"
"e16_c1_GTTGTGATCCGATGTA-1",1191,"Fibroblast"
"e16_c1_GTTGTGATCCTGGCTT-1",920,"ENS"
"e16_c1_GTTGTGATCGGAAGGT-1",550,"ENS"
"e16_c1_GTTTACTAGGCTCTAT-1",858,"ENS"
"e16_c1_GTTTACTCACGCTTAA-1",549,"ENS"
"e16_c1_GTTTACTGTAGCGTAG-1",753,"ENS"
"e16_c1_GTTTACTTCCATTTCA-1",2269,"ENS"
"e16_c1_GTTTGGATCTGTCGCT-1",3089,"ENS"
"e16_c1_TAACACGAGCAGGTCA-1",3067,"ENS"
"e16_c1_TAACACGCAGGGATAC-1",1379,"Fibroblast"
"e16_c1_TAACACGGTCCGATCG-1",3089,"ENS"
"e16_c1_TAACCAGTCAAGGACG-1",3096,"ENS"
"e16_c1_TAACGACCAAGCGAAC-1",1212,"Simple Epithelial"
"e16_c1_TAACGACTCCGTGGCA-1",2994,"ENS"
"e16_c1_TAACGACTCGGACTGC-1",3067,"ENS"
"e16_c1_TAACTTCAGCTCGCAC-1",1465,"Smooth muscle"
"e16_c1_TAACTTCCACTGAGGA-1",760,"ENS"
"e16_c1_TAACTTCGTAACTTCG-1",2583,"ENS"
"e16_c1_TAACTTCGTAATGTGA-1",2147,"ENS"
"e16_c1_TAACTTCTCAGACCGC-1",3089,"ENS"
"e16_c1_TAACTTCTCCAAGCTA-1",3089,"ENS"
"e16_c1_TAACTTCTCGAGTGAG-1",3089,"ENS"
"e16_c1_TAAGCACCATGGAAGC-1",2581,"ENS"
"e16_c1_TAAGCACGTGGGACAT-1",749,"ENS"
"e16_c1_TAAGCCAAGCTGTACT-1",920,"ENS"
"e16_c1_TAAGCCAAGCTTCATG-1",3410,"Simple Epithelial"
"e16_c1_TAAGCCACAACGTAAA-1",3089,"ENS"
"e16_c1_TAAGCCATCACGTCCT-1",2361,"Smooth muscle"
"e16_c1_TAAGCGTCACCCTTGT-1",3089,"ENS"
"e16_c1_TAAGCGTCACGAGGTA-1",2570,"ENS"
"e16_c1_TAAGCGTTCAATCCAG-1",2269,"ENS"
"e16_c1_TAAGCGTTCGGAGCAA-1",760,"ENS"
"e16_c1_TAAGTCGTCGGCTTGG-1",920,"ENS"
"e16_c1_TAATCTCAGGGTGGGA-1",3089,"ENS"
"e16_c1_TAATCTCTCTAACGGT-1",2570,"ENS"
"e16_c1_TAATTCCAGATACATG-1",3067,"ENS"
"e16_c1_TAATTCCTCGCAGTCG-1",2537,"Smooth muscle"
"e16_c1_TAATTCCTCTGCTGAA-1",760,"ENS"
"e16_c1_TACAACGCATCCTCAC-1",2868,"ENS"
"e16_c1_TACACCCCAATTGCAC-1",3089,"ENS"
"e16_c1_TACACCCCACTGTTCC-1",216,"Fibroblast"
"e16_c1_TACACCCCAGAGGGTT-1",1256,"ENS"
"e16_c1_TACACCCGTATACCCA-1",387,"ENS"
"e16_c1_TACACCCGTGCAACGA-1",2570,"ENS"
"e16_c1_TACAGGTAGGCACAAC-1",920,"ENS"
"e16_c1_TACAGGTTCGCTGTCT-1",749,"ENS"
"e16_c1_TACATTCAGGCTAAAT-1",169,"ENS"
"e16_c1_TACATTCAGGTCCCTG-1",553,"ENS"
"e16_c1_TACATTCCAGATCATC-1",3067,"ENS"
"e16_c1_TACATTCCAGGTCAGA-1",760,"ENS"
"e16_c1_TACATTCGTGTGTGTT-1",2230,"ENS"
"e16_c1_TACCCACAGATAACGT-1",549,"ENS"
"e16_c1_TACCCACCAAGTGTCT-1",550,"ENS"
"e16_c1_TACCCACCATTGGATC-1",749,"ENS"
"e16_c1_TACCCACTCTACTTCA-1",2269,"ENS"
"e16_c1_TACCCGTAGGTCCAGA-1",2269,"ENS"
"e16_c1_TACCCGTCAATTCTTC-1",80,"ENS"
"e16_c1_TACCGAACACCGTGGT-1",2570,"ENS"
"e16_c1_TACCGAACAGAACCGA-1",2581,"ENS"
"e16_c1_TACCGAACATAGCACT-1",3067,"ENS"
"e16_c1_TACCGAAGTAGATCGG-1",2269,"ENS"
"e16_c1_TACCGGGAGCCTGTCG-1",2269,"ENS"
"e16_c1_TACCGGGCAAGGGCAT-1",2999,"ENS"
"e16_c1_TACCGGGTCTGACAGT-1",3089,"ENS"
"e16_c1_TACCTCGAGCGGTAAC-1",2570,"ENS"
"e16_c1_TACCTCGAGGAAACGA-1",1379,"Fibroblast"
"e16_c1_TACCTCGAGGTGGTTG-1",749,"ENS"
"e16_c1_TACCTCGAGTCCCTAA-1",2868,"ENS"
"e16_c1_TACCTGCAGGGAGAAT-1",228,"ENS"
"e16_c1_TACCTGCGTCAGACGA-1",2868,"ENS"
"e16_c1_TACCTGCTCCCGTAAA-1",2570,"ENS"
"e16_c1_TACCTGCTCTAAGCGT-1",3089,"ENS"
"e16_c1_TACGCTCCAATAGGAT-1",2570,"ENS"
"e16_c1_TACGCTCCAGGACATG-1",2570,"ENS"
"e16_c1_TACGGGCCAAGCAGGT-1",749,"ENS"
"e16_c1_TACGGGCCATTGCCGG-1",760,"ENS"
"e16_c1_TACGGGCGTATGTGTC-1",2937,"Immune"
"e16_c1_TACGGGCGTTGTCATG-1",3089,"ENS"
"e16_c1_TACGGGCTCTGATGGT-1",2162,"Myofibroblast"
"e16_c1_TACGGTACAGAAACCG-1",2328,"ENS"
"e16_c1_TACGGTACAGTATGAA-1",2570,"ENS"
"e16_c1_TACGGTACATTGTACG-1",2570,"ENS"
"e16_c1_TACGGTAGTGCACATT-1",509,"ENS"
"e16_c1_TACGTCCCAATAGTCC-1",1465,"Myofibroblast"
"e16_c1_TACGTCCCAATTTCGG-1",3089,"ENS"
"e16_c1_TACGTCCGTGGTCAAG-1",2953,"ENS"
"e16_c1_TACGTCCGTTGTTGAC-1",2819,"Fibroblast"
"e16_c1_TACGTCCTCCATAGGT-1",3089,"ENS"
"e16_c1_TACGTCCTCGGTAACT-1",540,"Fibroblast"
"e16_c1_TACTGCCAGATGGGCT-1",2230,"ENS"
"e16_c1_TACTGCCAGGGTTAGC-1",3089,"ENS"
"e16_c1_TACTGCCAGTTTGGCT-1",760,"ENS"
"e16_c1_TACTTACAGATAACAC-1",283,"ENS"
"e16_c1_TACTTACCAACCCGCA-1",1185,"ENS"
"e16_c1_TACTTACCATTGTAGC-1",3089,"ENS"
"e16_c1_TACTTCACACGCTATA-1",2570,"ENS"
"e16_c1_TACTTCATCAGGGTAG-1",2269,"ENS"
"e16_c1_TACTTGTAGATCGGTG-1",2994,"ENS"
"e16_c1_TACTTGTAGATGTTAG-1",2269,"ENS"
"e16_c1_TACTTGTCAACACAAA-1",1565,"Fibroblast"
"e16_c1_TACTTGTGTCTGTGGC-1",2147,"ENS"
"e16_c1_TACTTGTTCGCTACGG-1",2570,"ENS"
"e16_c1_TAGACCACAAGTGGCA-1",568,"ENS"
"e16_c1_TAGACCAGTAATACCC-1",3089,"ENS"
"e16_c1_TAGACCATCATCGTAG-1",1191,"Smooth muscle"
"e16_c1_TAGACTGGTAGACACG-1",546,"ENS"
"e16_c1_TAGACTGTCCCGTTCA-1",3089,"ENS"
"e16_c1_TAGACTGTCCGACATA-1",2583,"ENS"
"e16_c1_TAGAGTCCAAAGGCGT-1",2994,"ENS"
"e16_c1_TAGAGTCCAGAAGCTG-1",2230,"ENS"
"e16_c1_TAGAGTCGTACGCTTA-1",3150,"Smooth muscle"
"e16_c1_TAGAGTCGTAGCTGTT-1",2269,"ENS"
"e16_c1_TAGAGTCGTTGCGGCT-1",920,"ENS"
"e16_c1_TAGAGTCTCCTTTGAT-1",1122,"ENS"
"e16_c1_TAGATCGGTGATCGTT-1",2087,"Smooth muscle"
"e16_c1_TAGATCGTCGCCGTGA-1",3177,"Fibroblast"
"e16_c1_TAGCACAGTTAGAAGT-1",920,"ENS"
"e16_c1_TAGGGTTCATAATCGC-1",3067,"ENS"
"e16_c1_TAGGTACAGGCTGAAC-1",2328,"ENS"
"e16_c1_TAGGTACGTTTCACTT-1",920,"ENS"
"e16_c1_TAGGTTGCAAGGCGTA-1",3354,"ENS"
"e16_c1_TAGGTTGCACAACATC-1",1191,"Smooth muscle"
"e16_c1_TAGGTTGCATACATCG-1",2269,"ENS"
"e16_c1_TAGGTTGTCCGGGACT-1",3410,"Simple Epithelial"
"e16_c1_TAGTGCACATGACTTG-1",2147,"ENS"
"e16_c1_TAGTGCATCTCGCCTA-1",2581,"ENS"
"e16_c1_TATACCTAGAGTGTGC-1",1281,"ENS"
"e16_c1_TATACCTCAAAGACTA-1",3089,"ENS"
"e16_c1_TATACCTCACATAGCT-1",920,"ENS"
"e16_c1_TATACCTTCACTAGCA-1",2278,"ENS"
"e16_c1_TATATCCAGGGTTTCT-1",1185,"ENS"
"e16_c1_TATATCCAGGTTAGTA-1",2883,"ENS"
"e16_c1_TATATCCCAGATCCAT-1",749,"ENS"
"e16_c1_TATATCCGTACGTACT-1",2570,"ENS"
"e16_c1_TATCAGGAGAGCAGTC-1",1050,"ENS"
"e16_c1_TATCCTAAGTGTTCAC-1",1609,"ENS"
"e16_c1_TATCCTACAGCACCCA-1",3089,"ENS"
"e16_c1_TATCCTACATATCGGT-1",2231,"ENS"
"e16_c1_TATCCTAGTACGCGTC-1",2269,"ENS"
"e16_c1_TATCCTAGTAGCTGCC-1",3089,"ENS"
"e16_c1_TATCCTATCGCCGAGT-1",2583,"ENS"
"e16_c1_TATCGCCAGCGAGAAA-1",509,"ENS"
"e16_c1_TATCGCCAGGCGAAGG-1",2269,"ENS"
"e16_c1_TATCGCCCAAACACGG-1",1609,"ENS"
"e16_c1_TATCGCCGTTTCGTGA-1",920,"ENS"
"e16_c1_TATCGCCTCAACCTCC-1",2269,"ENS"
"e16_c1_TATCGCCTCTAACGCA-1",3089,"ENS"
"e16_c1_TATCGCCTCTTCGTGC-1",2868,"ENS"
"e16_c1_TATCTGTCACCAAATC-1",2177,"Fibroblast"
"e16_c1_TATCTGTCAGCTCTGG-1",920,"ENS"
"e16_c1_TATCTTGAGCAGCAGT-1",3089,"ENS"
"e16_c1_TATCTTGGTCGCACGT-1",1191,"Smooth muscle"
"e16_c1_TATCTTGTCAAGTGTC-1",2953,"ENS"
"e16_c1_TATGTTCTCGACATTG-1",290,"ENS"
"e16_c1_TATGTTCTCGTTCCCA-1",3089,"ENS"
"e16_c1_TATTCCAAGCGAATGC-1",1609,"ENS"
"e16_c1_TATTCCATCGGTCTGG-1",283,"ENS"
"e16_c1_TATTGCTCAAACTGCT-1",920,"ENS"
"e16_c1_TATTGGGCATCACCAA-1",2570,"ENS"
"e16_c1_TATTGGGTCCCGAGTG-1",3067,"ENS"
"e16_c1_TATTTCGAGCGTTACT-1",2574,"ENS"
"e16_c1_TATTTCGCAACCAATC-1",1465,"Fibroblast"
"e16_c1_TATTTCGCACGTACTA-1",2147,"ENS"
"e16_c1_TATTTCGGTAGTATAG-1",547,"ENS"
"e16_c1_TCAAGACAGGTACCTT-1",2992,"ENS"
"e16_c1_TCAAGACGTACTAACC-1",749,"ENS"
"e16_c1_TCAAGACTCCATTCGC-1",2352,"ICC"
"e16_c1_TCAAGACTCTGCGTCT-1",1122,"ENS"
"e16_c1_TCAAGCAAGCCGTAAG-1",3089,"ENS"
"e16_c1_TCAAGCACATGGCCAC-1",2994,"ENS"
"e16_c1_TCAAGCAGTCTACGAT-1",858,"ENS"
"e16_c1_TCAAGCAGTTCATCTT-1",2269,"ENS"
"e16_c1_TCAAGCATCAGCCCAG-1",2578,"Smooth muscle"
"e16_c1_TCAAGCATCCACAGCG-1",3089,"ENS"
"e16_c1_TCAAGTGAGTTACTCG-1",3089,"ENS"
"e16_c1_TCAAGTGCAAGTTCGT-1",335,"ENS"
"e16_c1_TCAAGTGGTGCTGATT-1",1609,"ENS"
"e16_c1_TCAAGTGTCCGATGCG-1",749,"ENS"
"e16_c1_TCAAGTGTCCTAGCTC-1",2269,"ENS"
"e16_c1_TCAAGTGTCTTTCCGG-1",920,"ENS"
"e16_c1_TCAATCTCAGTACTAC-1",3089,"ENS"
"e16_c1_TCAATCTCATCTCAAG-1",2645,"ENS"
"e16_c1_TCAATCTGTATAGGAT-1",2583,"ENS"
"e16_c1_TCAATCTGTATCACGT-1",2269,"ENS"
"e16_c1_TCAATCTTCGACCCAG-1",3089,"ENS"
"e16_c1_TCAATCTTCGGTGTAT-1",920,"ENS"
"e16_c1_TCAATTCAGAAGTCTA-1",2231,"ENS"
"e16_c1_TCAATTCAGCGCCGTT-1",2570,"ENS"
"e16_c1_TCAATTCGTCCCAAAT-1",482,"ENS"
"e16_c1_TCACAAGCACAAGTGG-1",2575,"ENS"
"e16_c1_TCACAAGGTACTCGCG-1",2581,"ENS"
"e16_c1_TCACAAGTCCAGCAAT-1",3089,"ENS"
"e16_c1_TCACACCAGACCAGCA-1",749,"ENS"
"e16_c1_TCACACCAGCTAAGTA-1",2269,"ENS"
"e16_c1_TCACACCTCAGGGATG-1",2269,"ENS"
"e16_c1_TCACATTCAAATAAGC-1",736,"Immune"
"e16_c1_TCACATTCAAGCCATT-1",550,"ENS"
"e16_c1_TCACATTGTGCACATT-1",2361,"Smooth muscle"
"e16_c1_TCACATTTCCGAAGGA-1",2147,"ENS"
"e16_c1_TCACATTTCGGCTGAC-1",3089,"ENS"
"e16_c1_TCACGCTAGACCAACG-1",2269,"ENS"
"e16_c1_TCACGCTAGATGGTCG-1",2576,"ENS"
"e16_c1_TCACGCTAGCGACATG-1",1609,"ENS"
"e16_c1_TCACGCTGTTCACCGG-1",550,"ENS"
"e16_c1_TCACGCTTCCGGTAAT-1",2147,"ENS"
"e16_c1_TCACGCTTCGTAACTG-1",1235,"Myofibroblast"
"e16_c1_TCACGCTTCGTGTGGC-1",749,"ENS"
"e16_c1_TCACGGGAGGCTGTAG-1",3134,"Myofibroblast"
"e16_c1_TCACGGGAGGGTATAT-1",2581,"ENS"
"e16_c1_TCACGGGTCCGCTGTT-1",3089,"ENS"
"e16_c1_TCACTATCAAAGGATT-1",3089,"ENS"
"e16_c1_TCACTATCAAGGCGTA-1",3089,"ENS"
"e16_c1_TCACTATGTCCTACGG-1",3089,"ENS"
"e16_c1_TCACTATGTTCTTCAT-1",546,"ENS"
"e16_c1_TCACTATTCGGAACTT-1",540,"Fibroblast"
"e16_c1_TCACTCGAGGCTCAAG-1",569,"ENS"
"e16_c1_TCACTCGAGTAAGCAT-1",2147,"ENS"
"e16_c1_TCACTCGCACGAAAGC-1",2061,"Myofibroblast"
"e16_c1_TCACTCGGTAGAGACC-1",3067,"ENS"
"e16_c1_TCACTCGTCTAACGGT-1",3336,"Fibroblast"
"e16_c1_TCAGCAAAGGGTAGCT-1",3089,"ENS"
"e16_c1_TCAGCAAGTACAACGG-1",2231,"ENS"
"e16_c1_TCAGCAAGTAGCCAGA-1",2953,"ENS"
"e16_c1_TCAGCAAGTGAGAACC-1",3089,"ENS"
"e16_c1_TCAGCAATCCGAAGGA-1",2868,"ENS"
"e16_c1_TCAGCCTGTAAGCTCT-1",2537,"Smooth muscle"
"e16_c1_TCAGCCTGTTGCTGAT-1",2269,"ENS"
"e16_c1_TCAGCCTTCAAGCTGT-1",2645,"ENS"
"e16_c1_TCAGGGCCAAGCGCAA-1",1185,"ENS"
"e16_c1_TCAGGGCCAGAGTCAG-1",2645,"ENS"
"e16_c1_TCAGGGCCATGACAAA-1",290,"ENS"
"e16_c1_TCAGGGCGTAACCAGG-1",2537,"Fibroblast"
"e16_c1_TCAGGGCTCGTGTCAA-1",3089,"ENS"
"e16_c1_TCAGGTACAAAGCTCT-1",2645,"ENS"
"e16_c1_TCAGGTATCGATCCAA-1",3089,"ENS"
"e16_c1_TCAGTGATCTGTCGCT-1",760,"ENS"
"e16_c1_TCAGTTTAGTTGGACG-1",920,"ENS"
"e16_c1_TCAGTTTCAACACAAA-1",2231,"ENS"
"e16_c1_TCAGTTTCAGGGTCTC-1",456,"ENS"
"e16_c1_TCAGTTTTCATTCACT-1",2231,"ENS"
"e16_c1_TCATACTAGCGGACAT-1",747,"ENS"
"e16_c1_TCATACTAGTTGTCGT-1",2537,"Smooth muscle"
"e16_c1_TCATACTCAACATCGT-1",540,"Fibroblast"
"e16_c1_TCATACTCAAGGACAC-1",3089,"ENS"
"e16_c1_TCATACTGTCACTTCC-1",2570,"ENS"
"e16_c1_TCATATCCATCCGATA-1",549,"ENS"
"e16_c1_TCATATCTCCCGTTCA-1",2269,"ENS"
"e16_c1_TCATCATAGCCAAGCA-1",920,"ENS"
"e16_c1_TCATCATAGGTTCTTG-1",3089,"ENS"
"e16_c1_TCATCATCATCCCACT-1",1463,"Smooth muscle"
"e16_c1_TCATCATCATCGGATT-1",294,"Simple Epithelial"
"e16_c1_TCATCATGTGGCTGAA-1",2855,"ENS"
"e16_c1_TCATCATTCACGAACT-1",2570,"ENS"
"e16_c1_TCATCATTCGGTTGTA-1",2953,"ENS"
"e16_c1_TCATCCGAGAATCCCT-1",546,"ENS"
"e16_c1_TCATCCGAGGTTGCCC-1",547,"ENS"
"e16_c1_TCATGAGCAGCGAACA-1",2147,"ENS"
"e16_c1_TCATGCCTCTGCCCTA-1",3089,"ENS"
"e16_c1_TCATGGACACGTACAT-1",2570,"ENS"
"e16_c1_TCATGTTCACGTACTA-1",749,"ENS"
"e16_c1_TCATTACCAGAGTGAC-1",283,"ENS"
"e16_c1_TCATTACGTATCTCGA-1",550,"ENS"
"e16_c1_TCATTACTCTTCTGTA-1",2239,"ENS"
"e16_c1_TCATTCAAGCGGATCA-1",2570,"ENS"
"e16_c1_TCATTCAAGTAAACTG-1",3089,"ENS"
"e16_c1_TCATTCACAAAGCTAA-1",760,"ENS"
"e16_c1_TCATTCACAACGTAAA-1",2147,"ENS"
"e16_c1_TCATTCACAGATACTC-1",920,"ENS"
"e16_c1_TCATTCAGTGCGACAA-1",550,"ENS"
"e16_c1_TCATTCATCCTAAGTG-1",2570,"ENS"
"e16_c1_TCATTGTAGGGTAATT-1",749,"ENS"
"e16_c1_TCATTGTCACATTCGA-1",3000,"ENS"
"e16_c1_TCATTGTCACCCTGAG-1",2570,"ENS"
"e16_c1_TCATTGTGTCGTTCAA-1",2868,"ENS"
"e16_c1_TCATTGTTCTATGTGG-1",2466,"Smooth muscle"
"e16_c1_TCATTGTTCTCGCTTG-1",3089,"ENS"
"e16_c1_TCATTTGGTATTAAGG-1",2231,"ENS"
"e16_c1_TCATTTGTCGTAATGC-1",2570,"ENS"
"e16_c1_TCCACCAAGACTGGGT-1",3089,"ENS"
"e16_c1_TCCACCAAGCGTGTTT-1",3089,"ENS"
"e16_c1_TCCACCAAGGCAGTCA-1",3089,"ENS"
"e16_c1_TCCACCAGTACGACAG-1",3089,"ENS"
"e16_c1_TCCACCAGTCGTAATC-1",749,"ENS"
"e16_c1_TCCACGTAGCAGGTCA-1",3336,"Myofibroblast"
"e16_c1_TCCACGTAGGCCACTC-1",556,"ENS"
"e16_c1_TCCACGTAGTGCCTCG-1",920,"ENS"
"e16_c1_TCCAGAAGTCAACGCC-1",2515,"Smooth muscle"
"e16_c1_TCCAGAAGTTGCAAGG-1",749,"ENS"
"e16_c1_TCCATCGAGATCACTC-1",2937,"Immune"
"e16_c1_TCCATCGCATGGGCAA-1",1319,"Fibroblast"
"e16_c1_TCCATCGGTCAGTCGC-1",1704,"Immune"
"e16_c1_TCCATCGTCTTACGGA-1",3089,"ENS"
"e16_c1_TCCATGCAGGGTATAT-1",3089,"ENS"
"e16_c1_TCCATGCAGTGATCGG-1",3089,"ENS"
"e16_c1_TCCATGCTCGGTGTTA-1",749,"ENS"
"e16_c1_TCCCACATCACCTTAT-1",1609,"ENS"
"e16_c1_TCCCAGTTCCGGTAGC-1",2087,"Smooth muscle"
"e16_c1_TCCCATGAGGGTATAT-1",2231,"ENS"
"e16_c1_TCCCATGCACTGAGGA-1",2269,"ENS"
"e16_c1_TCCCATGCAGAGTTCT-1",2994,"ENS"
"e16_c1_TCCCATGGTCTTACAG-1",2230,"ENS"
"e16_c1_TCCGAAAAGACGAGCT-1",3023,"ENS"
"e16_c1_TCCGAAACAGGGATAC-1",1609,"ENS"
"e16_c1_TCCGAAATCCTTATGT-1",3089,"ENS"
"e16_c1_TCCGAAATCTGCGTCT-1",2269,"ENS"
"e16_c1_TCCGATCAGAGTGTTA-1",2148,"ENS"
"e16_c1_TCCGATCCAGCTGTAT-1",2269,"ENS"
"e16_c1_TCCGATCGTAGGAAAG-1",3089,"ENS"
"e16_c1_TCCGGGACATTGTCGA-1",2570,"ENS"
"e16_c1_TCCGGGAGTAAGTAGT-1",3089,"ENS"
"e16_c1_TCCGGGAGTCAAAGTA-1",570,"ENS"
"e16_c1_TCCGTGTGTACACTCA-1",2570,"ENS"
"e16_c1_TCCTAATGTTCTTGCC-1",749,"ENS"
"e16_c1_TCCTAATGTTGATCGT-1",3089,"ENS"
"e16_c1_TCCTCCCAGGTTAGTA-1",2287,"Smooth muscle"
"e16_c1_TCCTCCCGTGTTAAAG-1",749,"ENS"
"e16_c1_TCCTCCCTCAGTCTTT-1",2108,"Fibroblast"
"e16_c1_TCCTCCCTCTAACGGT-1",2581,"ENS"
"e16_c1_TCCTCGAAGATAGGGA-1",2147,"ENS"
"e16_c1_TCCTCGAGTGTTTGCA-1",546,"ENS"
"e16_c1_TCCTCTTAGACTTCCA-1",760,"ENS"
"e16_c1_TCCTCTTCACTGGCGT-1",3089,"ENS"
"e16_c1_TCCTCTTCACTTGACA-1",540,"Fibroblast"
"e16_c1_TCCTCTTTCATCTGTT-1",2327,"ENS"
"e16_c1_TCCTCTTTCGACGATT-1",2570,"ENS"
"e16_c1_TCCTGCACAGTCTGGC-1",3089,"ENS"
"e16_c1_TCCTGCAGTGCAGATG-1",3089,"ENS"
"e16_c1_TCCTTCTAGCAGCACA-1",1122,"ENS"
"e16_c1_TCCTTCTAGGAAGAAC-1",2937,"Immune"
"e16_c1_TCCTTCTAGGTACTGG-1",1318,"Fibroblast"
"e16_c1_TCCTTCTAGTGCCCGT-1",760,"ENS"
"e16_c1_TCCTTCTCAGAGTTGG-1",457,"ENS"
"e16_c1_TCCTTCTCATTCACCC-1",2570,"ENS"
"e16_c1_TCCTTCTTCCACGAAT-1",2868,"ENS"
"e16_c1_TCCTTTCAGGAGACCT-1",749,"ENS"
"e16_c1_TCCTTTCTCCATTGCC-1",1704,"Immune"
"e16_c1_TCGAACAAGCTGCGAA-1",2868,"ENS"
"e16_c1_TCGAACAAGTCGCCCA-1",2888,"Fibroblast"
"e16_c1_TCGAACACATGGTACT-1",2841,"Fibroblast"
"e16_c1_TCGAACAGTTTACTTC-1",3089,"ENS"
"e16_c1_TCGAACATCGACGAGA-1",3001,"ENS"
"e16_c1_TCGAACATCTAGACCA-1",2992,"ENS"
"e16_c1_TCGAAGTCATGCCGAC-1",749,"ENS"
"e16_c1_TCGAAGTGTCGCACAC-1",3089,"ENS"
"e16_c1_TCGAAGTTCACCGGGT-1",950,"Fibroblast"
"e16_c1_TCGAAGTTCTGCGTCT-1",2230,"ENS"
"e16_c1_TCGACCTAGAGTCGAC-1",2863,"ENS"
"e16_c1_TCGACCTAGTGTAGAT-1",3354,"ENS"
"e16_c1_TCGACCTCAGAGATGC-1",3089,"ENS"
"e16_c1_TCGACCTTCTGCATAG-1",2537,"Fibroblast"
"e16_c1_TCGACGGAGGCAGGGA-1",3089,"ENS"
"e16_c1_TCGACGGGTGTTGAGG-1",2868,"ENS"
"e16_c1_TCGATTTCACCTCTAC-1",749,"ENS"
"e16_c1_TCGATTTCATGCGTGC-1",1181,"Simple Epithelial"
"e16_c1_TCGATTTGTACGGTTT-1",3089,"ENS"
"e16_c1_TCGATTTTCCCTCATG-1",749,"ENS"
"e16_c1_TCGCACTGTGAGTTGG-1",1305,"Fibroblast"
"e16_c1_TCGCACTTCACATTGG-1",749,"ENS"
"e16_c1_TCGCACTTCTCGTGAA-1",497,"Smooth muscle"
"e16_c1_TCGCAGGTCGGCATCG-1",1191,"Myofibroblast"
"e16_c1_TCGCAGGTCTCATGCC-1",2147,"ENS"
"e16_c1_TCGCTCAGTGATAGAT-1",2515,"Fibroblast"
"e16_c1_TCGCTCATCTATTTCG-1",2994,"ENS"
"e16_c1_TCGCTTGCAAGAAATC-1",2149,"ENS"
"e16_c1_TCGGATAAGCTGAAGC-1",1191,"Myofibroblast"
"e16_c1_TCGGATAAGGTTCTTG-1",2147,"ENS"
"e16_c1_TCGGATAAGTGGTTGG-1",3089,"ENS"
"e16_c1_TCGGATACAGAGCGTA-1",2648,"ENS"
"e16_c1_TCGGATAGTCCTTAAG-1",2537,"Fibroblast"
"e16_c1_TCGGGACAGTCAACAA-1",2147,"ENS"
"e16_c1_TCGGGACCAAATGATG-1",2581,"ENS"
"e16_c1_TCGGGACGTACTGCCG-1",2269,"ENS"
"e16_c1_TCGGGACGTGCGAGTA-1",2868,"ENS"
"e16_c1_TCGGGACGTTCAGCTA-1",1142,"Fibroblast"
"e16_c1_TCGGGACGTTCTCGTC-1",3355,"ENS"
"e16_c1_TCGGGCAAGCCGTTGC-1",560,"ENS"
"e16_c1_TCGGGCAAGGTGAGAA-1",2994,"ENS"
"e16_c1_TCGGGTGAGCTCCATA-1",167,"ENS"
"e16_c1_TCGGGTGAGTCGGCCT-1",2269,"ENS"
"e16_c1_TCGGGTGGTAGAGACC-1",2570,"ENS"
"e16_c1_TCGGTCTCACAAATCC-1",3089,"ENS"
"e16_c1_TCGGTCTCACTTTAGG-1",1305,"Fibroblast"
"e16_c1_TCGTAGACAATGTCTG-1",2868,"ENS"
"e16_c1_TCGTAGAGTCAGGAGT-1",3089,"ENS"
"e16_c1_TCGTAGATCTCAAAGC-1",2329,"ENS"
"e16_c1_TCGTCCAGTGGCAGAT-1",2269,"ENS"
"e16_c1_TCGTCCATCCCAACTC-1",3354,"ENS"
"e16_c1_TCGTCCATCTAGCCTC-1",1305,"Fibroblast"
"e16_c1_TCGTGCTGTCTTCTAT-1",25,"ENS"
"e16_c1_TCGTGCTTCCCAAGCG-1",749,"ENS"
"e16_c1_TCGTGGGAGCACTGGA-1",1204,"ENS"
"e16_c1_TCGTGGGGTAACGCGA-1",550,"ENS"
"e16_c1_TCGTGGGTCCTACGAA-1",1526,"Fibroblast"
"e16_c1_TCTAACTAGCACGATG-1",2147,"ENS"
"e16_c1_TCTAACTGTCTATGAC-1",563,"ENS"
"e16_c1_TCTAACTTCCACTGGG-1",1191,"Myofibroblast"
"e16_c1_TCTACATAGCGTACAG-1",2269,"ENS"
"e16_c1_TCTACATCAGACCTAT-1",2147,"ENS"
"e16_c1_TCTACATCATCCTTCG-1",3067,"ENS"
"e16_c1_TCTACATGTCGAGTTT-1",2466,"Myofibroblast"
"e16_c1_TCTACATTCCTACGGG-1",470,"ENS"
"e16_c1_TCTACATTCGGTCGGT-1",653,"Fibroblast"
"e16_c1_TCTACCGAGTCGTCTA-1",3089,"ENS"
"e16_c1_TCTACCGGTCATGGCC-1",2570,"ENS"
"e16_c1_TCTACCGGTGGCTAGA-1",2269,"ENS"
"e16_c1_TCTACCGGTTAAGAAC-1",2953,"ENS"
"e16_c1_TCTATACCAAGACAAT-1",749,"ENS"
"e16_c1_TCTATACGTTAAGACA-1",2269,"ENS"
"e16_c1_TCTATCACACTATCCC-1",3089,"ENS"
"e16_c1_TCTATCAGTGCCTGAC-1",3067,"ENS"
"e16_c1_TCTATCAGTGTACAGG-1",3089,"ENS"
"e16_c1_TCTATCATCAGTCACA-1",2061,"Myofibroblast"
"e16_c1_TCTATCATCGTACACA-1",749,"ENS"
"e16_c1_TCTCACGGTACAATAG-1",3089,"ENS"
"e16_c1_TCTCACGTCACCATGA-1",1191,"Fibroblast"
"e16_c1_TCTCACGTCGGTTAGT-1",2231,"ENS"
"e16_c1_TCTCACGTCTGACAGT-1",2269,"ENS"
"e16_c1_TCTCAGCAGTCCGCGT-1",2868,"ENS"
"e16_c1_TCTCAGCTCATGAAAG-1",1441,"Smooth muscle"
"e16_c1_TCTCAGCTCGCATTGA-1",3089,"ENS"
"e16_c1_TCTCCGAGTAGCTGCC-1",2570,"ENS"
"e16_c1_TCTCTGGCATCGTGCG-1",417,"ENS"
"e16_c1_TCTCTGGGTAGACACG-1",2352,"Smooth muscle"
"e16_c1_TCTGCCACATAATCGC-1",3408,"Fibroblast"
"e16_c1_TCTGGCTAGACGCCAA-1",2817,"ENS"
"e16_c1_TCTGGCTCAGATACTC-1",3089,"ENS"
"e16_c1_TCTGGCTCATGAAGGC-1",3089,"ENS"
"e16_c1_TCTGGCTGTATCCCAA-1",511,"ENS"
"e16_c1_TCTGGCTGTCATAACC-1",3354,"ENS"
"e16_c1_TCTGTCGCATCCGTGG-1",922,"ENS"
"e16_c1_TCTGTCGTCACAATGC-1",360,"Mesothelial"
"e16_c1_TCTTAGTCAGTCTCTC-1",2147,"ENS"
"e16_c1_TCTTAGTCATGGCCAC-1",2147,"ENS"
"e16_c1_TCTTAGTGTAGTCTGT-1",2269,"ENS"
"e16_c1_TCTTAGTTCTTAGCCC-1",2485,"Fibroblast"
"e16_c1_TCTTCCTAGTAATACG-1",2361,"Smooth muscle"
"e16_c1_TCTTCCTGTCTGTCAA-1",3287,"Simple Epithelial"
"e16_c1_TCTTCCTTCACATTGG-1",483,"ENS"
"e16_c1_TCTTGCGCAAAGGGCT-1",2231,"ENS"
"e16_c1_TCTTGCGTCGCACTCT-1",3067,"ENS"
"e16_c1_TCTTTGAAGGAGACCT-1",2570,"ENS"
"e16_c1_TCTTTGAAGTTGGACG-1",3089,"ENS"
"e16_c1_TCTTTGAGTAGTGATA-1",2994,"ENS"
"e16_c1_TCTTTGAGTCTCAAGT-1",3089,"ENS"
"e16_c1_TCTTTGAGTCTTCGAA-1",1814,"ENS"
"e16_c1_TCTTTGATCTTCCACG-1",3089,"ENS"
"e16_c1_TGAACGTAGGTAGTCG-1",2645,"ENS"
"e16_c1_TGAACGTAGTGATGGC-1",749,"ENS"
"e16_c1_TGAATCGTCACTTGTT-1",3002,"ENS"
"e16_c1_TGAATCGTCGGTGTTA-1",404,"ENS"
"e16_c1_TGAATGCAGGTCTTTG-1",566,"ENS"
"e16_c1_TGAATGCCAGACTCTA-1",749,"ENS"
"e16_c1_TGAATGCCAGAGCTAG-1",2581,"ENS"
"e16_c1_TGAATGCGTTGCATCA-1",2147,"ENS"
"e16_c1_TGAATGCGTTGTTGAC-1",2269,"ENS"
"e16_c1_TGAATGCGTTTGCAGT-1",363,"ENS"
"e16_c1_TGAATGCTCGTACCTC-1",2279,"ENS"
"e16_c1_TGACAGTTCAGCATTG-1",3155,"Immune"
"e16_c1_TGACAGTTCGGTGCAC-1",3336,"Fibroblast"
"e16_c1_TGACCCTCATCCCGTT-1",1340,"Myofibroblast"
"e16_c1_TGACGCGGTTTCGACA-1",550,"Fibroblast"
"e16_c1_TGACGCGTCGAGATAA-1",3089,"ENS"
"e16_c1_TGACTCCAGCATTTCG-1",2946,"Fibroblast"
"e16_c1_TGACTCCCAACAACAA-1",2581,"ENS"
"e16_c1_TGAGACTAGTTGGGAC-1",1185,"ENS"
"e16_c1_TGAGACTTCACGGTCG-1",2937,"Immune"
"e16_c1_TGAGACTTCTCACGAA-1",3089,"ENS"
"e16_c1_TGAGACTTCTTTCAGT-1",1527,"Fibroblast"
"e16_c1_TGAGCATAGGACGCTA-1",2994,"ENS"
"e16_c1_TGAGCATCACAATGAA-1",553,"ENS"
"e16_c1_TGAGCATCAGTGGGTA-1",3089,"ENS"
"e16_c1_TGAGCGCAGAGTGTTA-1",1191,"Fibroblast"
"e16_c1_TGAGCGCCAGGAGACT-1",2269,"ENS"
"e16_c1_TGAGCGCCATCAGCGC-1",3089,"ENS"
"e16_c1_TGAGCGCCATCCAATG-1",2143,"Fibroblast"
"e16_c1_TGAGGAGAGGGCTTCC-1",920,"ENS"
"e16_c1_TGAGGAGCAAGGTCTT-1",760,"ENS"
"e16_c1_TGAGGAGCAGTAACCT-1",3354,"ENS"
"e16_c1_TGAGGAGCATCGATAC-1",749,"ENS"
"e16_c1_TGAGGAGGTACTCGTA-1",2147,"ENS"
"e16_c1_TGAGGAGGTAGTAAGT-1",3089,"ENS"
"e16_c1_TGAGGAGGTTTACACG-1",3067,"ENS"
"e16_c1_TGAGGAGTCAACGAGG-1",2581,"ENS"
"e16_c1_TGAGGAGTCTCGCAGG-1",1725,"Fibroblast"
"e16_c1_TGAGGGAGTATGGTAA-1",410,"ENS"
"e16_c1_TGAGGGAGTTCGCGTG-1",124,"Fibroblast"
"e16_c1_TGAGGGATCTAGTCAG-1",3089,"ENS"
"e16_c1_TGAGGGATCTGTGTGA-1",2994,"ENS"
"e16_c1_TGAGGTTAGGAACGCT-1",2953,"ENS"
"e16_c1_TGAGGTTAGGCCTGCT-1",3089,"ENS"
"e16_c1_TGAGGTTTCGACGCTG-1",3089,"ENS"
"e16_c1_TGAGGTTTCTAACGGT-1",2645,"ENS"
"e16_c1_TGAGGTTTCTGGGTCG-1",749,"ENS"
"e16_c1_TGAGTCAGTAGGTTTC-1",3178,"Immune"
"e16_c1_TGAGTCAGTCGCATCG-1",3156,"Immune"
"e16_c1_TGATCAGCACTCTGCT-1",2994,"ENS"
"e16_c1_TGATCAGCACTGTCCT-1",2269,"ENS"
"e16_c1_TGATCAGCAGCTGTAT-1",1185,"ENS"
"e16_c1_TGATCAGGTGTTCCTC-1",3089,"ENS"
"e16_c1_TGATCTTAGGTGCCTC-1",1465,"Mesothelial"
"e16_c1_TGATCTTCATCTATCT-1",2269,"ENS"
"e16_c1_TGATCTTGTTGTGCCG-1",1815,"ENS"
"e16_c1_TGATGCAAGGTCGACA-1",2162,"Fibroblast"
"e16_c1_TGATGCACAGGAGGAG-1",2859,"ENS"
"e16_c1_TGATGCAGTTGTCATG-1",3089,"ENS"
"e16_c1_TGATGCATCGAAGTGG-1",1339,"Smooth muscle"
"e16_c1_TGATGGTAGCTCTTCC-1",2087,"Smooth muscle"
"e16_c1_TGATGGTGTACTCCCT-1",2346,"Fibroblast"
"e16_c1_TGATTCTAGTTGCCCG-1",2269,"ENS"
"e16_c1_TGATTTCAGTCCTGTA-1",2230,"ENS"
"e16_c1_TGATTTCCAACCAACT-1",3089,"ENS"
"e16_c1_TGATTTCTCCAATCCC-1",2240,"ENS"
"e16_c1_TGCACGGAGTTGGGAC-1",2269,"ENS"
"e16_c1_TGCACGGGTGCCGTAC-1",1191,"ICC"
"e16_c1_TGCAGATAGATAGTCA-1",554,"ENS"
"e16_c1_TGCAGATCATGAGATA-1",2269,"ENS"
"e16_c1_TGCAGATTCCTCTAAT-1",1925,"Smooth muscle"
"e16_c1_TGCAGGCAGAAGTCCG-1",2583,"ENS"
"e16_c1_TGCAGGCAGCCAAGTG-1",3067,"ENS"
"e16_c1_TGCAGGCAGTTGTCAC-1",3089,"ENS"
"e16_c1_TGCAGGCCAAGTGACG-1",3089,"ENS"
"e16_c1_TGCAGGCCACAGAGCA-1",2269,"ENS"
"e16_c1_TGCAGGCCACATGTTG-1",2147,"ENS"
"e16_c1_TGCAGGCCACGACCTG-1",2856,"ENS"
"e16_c1_TGCAGGCTCCGTGGCA-1",2537,"Fibroblast"
"e16_c1_TGCAGGCTCCTGGCTT-1",3089,"ENS"
"e16_c1_TGCAGTAAGGAGGCAG-1",3089,"ENS"
"e16_c1_TGCAGTACAACGCATT-1",2868,"ENS"
"e16_c1_TGCAGTACAGATCCAT-1",3089,"ENS"
"e16_c1_TGCAGTAGTCCCAAAT-1",2868,"ENS"
"e16_c1_TGCAGTATCACTGAAC-1",2570,"ENS"
"e16_c1_TGCAGTATCTAAGCGT-1",2994,"ENS"
"e16_c1_TGCATCCAGGTCCAGA-1",1318,"Fibroblast"
"e16_c1_TGCATCCAGGTCCGAA-1",1697,"Fibroblast"
"e16_c1_TGCATCCAGGTCTACT-1",3067,"ENS"
"e16_c1_TGCATGACAAGACTGG-1",2231,"ENS"
"e16_c1_TGCATGACACTGATTG-1",2863,"ENS"
"e16_c1_TGCATGACAGTCACGC-1",3089,"ENS"
"e16_c1_TGCATGATCGTAGTGT-1",2241,"ENS"
"e16_c1_TGCCGAGCAGTATTCG-1",2269,"ENS"
"e16_c1_TGCCGAGGTTATCCAG-1",2645,"ENS"
"e16_c1_TGCGACGCACACGGTC-1",2537,"Smooth muscle"
"e16_c1_TGCGATAAGTGTTCCA-1",920,"ENS"
"e16_c1_TGCGATACATATACCG-1",1191,"Fibroblast"
"e16_c1_TGCGATAGTACGCTAT-1",2570,"ENS"
"e16_c1_TGCGATATCTGTCGCT-1",749,"ENS"
"e16_c1_TGCGGCAAGACGCTCC-1",2868,"ENS"
"e16_c1_TGCGGCAAGTCTCTGA-1",1609,"ENS"
"e16_c1_TGCGGCAGTCCTTGTC-1",760,"ENS"
"e16_c1_TGCGGCATCATGGAGG-1",1187,"ENS"
"e16_c1_TGCGGCATCGAAACAA-1",3089,"ENS"
"e16_c1_TGCGGGTCAAGTCGTT-1",2147,"ENS"
"e16_c1_TGCGGGTTCTGGTTGA-1",2570,"ENS"
"e16_c1_TGCTCCAAGCCTCGTG-1",1050,"ENS"
"e16_c1_TGCTCCAAGCGTGAAC-1",554,"ENS"
"e16_c1_TGCTCCAAGGTGCTAG-1",3287,"Simple Epithelial"
"e16_c1_TGCTCCACAACTGAAA-1",1463,"Smooth muscle"
"e16_c1_TGCTCCACAAGTATAG-1",3089,"ENS"
"e16_c1_TGCTCCACAGGACAGT-1",458,"ENS"
"e16_c1_TGCTCCATCAAGCTTG-1",2231,"ENS"
"e16_c1_TGCTCCATCCGACAGC-1",2147,"ENS"
"e16_c1_TGCTCGTAGCACGATG-1",2269,"ENS"
"e16_c1_TGCTCGTGTTTGAACC-1",2953,"ENS"
"e16_c1_TGCTGAAAGAAGGCTC-1",1609,"ENS"
"e16_c1_TGCTGAAAGTATGACA-1",2230,"ENS"
"e16_c1_TGCTGAACAGAGTGTG-1",2230,"ENS"
"e16_c1_TGCTGAATCAGGTGTT-1",2147,"ENS"
"e16_c1_TGCTTCGCAGTGTGCC-1",2061,"Fibroblast"
"e16_c1_TGCTTCGCATACCACA-1",760,"ENS"
"e16_c1_TGCTTCGGTGTTCATG-1",3067,"ENS"
"e16_c1_TGGAACTAGTCGAGGT-1",3089,"ENS"
"e16_c1_TGGAACTGTGAGAGGG-1",2230,"ENS"
"e16_c1_TGGAACTGTGATTGGG-1",1609,"ENS"
"e16_c1_TGGAACTTCTAGATCG-1",3089,"ENS"
"e16_c1_TGGAACTTCTATTCGT-1",3089,"ENS"
"e16_c1_TGGAGAGAGTATAGAC-1",3089,"ENS"
"e16_c1_TGGAGAGCAACTGTGT-1",1609,"ENS"
"e16_c1_TGGAGAGCAGGCGAAT-1",3370,"Simple Epithelial"
"e16_c1_TGGAGGAAGGCCTGCT-1",3089,"ENS"
"e16_c1_TGGAGGAAGGTTGCCC-1",2992,"ENS"
"e16_c1_TGGAGGACAACGTTAC-1",2992,"ENS"
"e16_c1_TGGAGGAGTGCAGTGA-1",90,"ENS"
"e16_c1_TGGAGGATCCCGAGGT-1",3089,"ENS"
"e16_c1_TGGAGGATCTTGGTGA-1",2269,"ENS"
"e16_c1_TGGATCAAGGGCGAGA-1",2269,"ENS"
"e16_c1_TGGATCACACCTGCTT-1",2570,"ENS"
"e16_c1_TGGATCAGTCAAAGCG-1",3336,"Fibroblast"
"e16_c1_TGGATCAGTCCCTAAA-1",749,"ENS"
"e16_c1_TGGATGTCAAGAGGCT-1",749,"ENS"
"e16_c1_TGGATGTTCTTTCTAG-1",1407,"Myofibroblast"
"e16_c1_TGGCGTGAGTCGCCAC-1",2269,"ENS"
"e16_c1_TGGCGTGTCTTTCAGT-1",3089,"ENS"
"e16_c1_TGGGAAGGTAACGATA-1",749,"ENS"
"e16_c1_TGGGAGAAGATTGACA-1",2994,"ENS"
"e16_c1_TGGGAGAAGCTTAGTC-1",2269,"ENS"
"e16_c1_TGGGAGACAGTAGTGG-1",3089,"ENS"
"e16_c1_TGGGAGAGTATCATGC-1",1609,"ENS"
"e16_c1_TGGGAGAGTCTCTCTG-1",3067,"ENS"
"e16_c1_TGGGAGAGTGATAGTA-1",2231,"ENS"
"e16_c1_TGGGAGAGTTCTGAGT-1",3003,"ENS"
"e16_c1_TGGGATTAGAAGCTCG-1",2937,"Immune"
"e16_c1_TGGGATTAGCCGATTT-1",1697,"Fibroblast"
"e16_c1_TGGGATTGTCTCACGG-1",364,"ENS"
"e16_c1_TGGGCGTCACGACGCT-1",2583,"ENS"
"e16_c1_TGGGCGTGTGCCGAAA-1",2581,"ENS"
"e16_c1_TGGGCTGCAAGCCATT-1",2269,"ENS"
"e16_c1_TGGGCTGGTATCGCGC-1",920,"ENS"
"e16_c1_TGGGCTGTCCGTGGTG-1",2269,"ENS"
"e16_c1_TGGGCTGTCCTGTTGC-1",748,"Fibroblast"
"e16_c1_TGGGTTAAGCCTAACT-1",749,"ENS"
"e16_c1_TGGGTTAAGTCTGCGC-1",2570,"ENS"
"e16_c1_TGGGTTACAGTGTATC-1",1339,"Smooth muscle"
"e16_c1_TGGGTTAGTGTTCGTA-1",2953,"ENS"
"e16_c1_TGGGTTATCACGGGCT-1",2570,"ENS"
"e16_c1_TGGTAGTAGTTGAAGT-1",2269,"ENS"
"e16_c1_TGGTAGTCAAGAAATC-1",1463,"Smooth muscle"
"e16_c1_TGGTAGTCACATTGTG-1",546,"ENS"
"e16_c1_TGGTAGTCAGGCACAA-1",760,"ENS"
"e16_c1_TGGTAGTTCTCTTCAA-1",2953,"ENS"
"e16_c1_TGGTGATCAGACAATA-1",2150,"ENS"
"e16_c1_TGGTGATGTGGCTTAT-1",2590,"ENS"
"e16_c1_TGGTTAGCAAGCGCTC-1",920,"ENS"
"e16_c1_TGGTTAGCAATCCTAG-1",3097,"ENS"
"e16_c1_TGGTTAGGTATGTCCA-1",2583,"ICC"
"e16_c1_TGGTTAGGTTCATCTT-1",2992,"ENS"
"e16_c1_TGGTTAGTCTAAACGC-1",3089,"ENS"
"e16_c1_TGTAACGAGCAACCAG-1",549,"ENS"
"e16_c1_TGTAACGCAGATCATC-1",3067,"ENS"
"e16_c1_TGTAACGGTCCAGAAG-1",2571,"ENS"
"e16_c1_TGTAACGTCAGACTGT-1",3150,"Fibroblast"
"e16_c1_TGTAAGCAGTCGCCCA-1",3067,"ENS"
"e16_c1_TGTAAGCCAATTGAGA-1",509,"ENS"
"e16_c1_TGTAAGCGTAGTCACT-1",749,"ENS"
"e16_c1_TGTAAGCGTCGTCGGT-1",2868,"ENS"
"e16_c1_TGTAAGCTCTTTCTAG-1",3136,"Fibroblast"
"e16_c1_TGTACAGAGCCATTGT-1",3089,"ENS"
"e16_c1_TGTACAGCAGCCGGTT-1",2537,"Fibroblast"
"e16_c1_TGTACAGTCTTCCAGC-1",337,"ENS"
"e16_c1_TGTAGACGTCAGACTT-1",2581,"ENS"
"e16_c1_TGTAGACGTCTCTCTG-1",3089,"ENS"
"e16_c1_TGTCAGAAGAAGAGCA-1",2581,"ENS"
"e16_c1_TGTCAGAAGCACCGAA-1",2953,"ENS"
"e16_c1_TGTCAGAAGCAGGGAG-1",2147,"ENS"
"e16_c1_TGTCAGAAGGCCCGTT-1",2269,"ENS"
"e16_c1_TGTCAGAAGGGCTGAT-1",3089,"ENS"
"e16_c1_TGTCAGAAGTAGCAAT-1",858,"ENS"
"e16_c1_TGTCAGATCCCTCGAT-1",1191,"Mesothelial"
"e16_c1_TGTCCACAGGGATCGT-1",618,"Fibroblast"
"e16_c1_TGTCCACCAAGAAACT-1",2570,"ENS"
"e16_c1_TGTCCACCATCTATCT-1",3336,"Fibroblast"
"e16_c1_TGTCCACGTGTTCAGT-1",1465,"Fibroblast"
"e16_c1_TGTCCCAAGCAATTCC-1",3089,"ENS"
"e16_c1_TGTCCCATCCCGGTAG-1",1563,"Myofibroblast"
"e16_c1_TGTCCTGAGTGGAATT-1",3091,"ENS"
"e16_c1_TGTCCTGCAGTCAGTT-1",2269,"ENS"
"e16_c1_TGTCCTGGTTGAGGAC-1",3089,"ENS"
"e16_c1_TGTGAGTAGTGATGGC-1",2863,"ENS"
"e16_c1_TGTGAGTGTGCGCTCA-1",3178,"Immune"
"e16_c1_TGTGAGTGTTATGTCG-1",2269,"ENS"
"e16_c1_TGTGAGTTCAACTGGT-1",920,"ENS"
"e16_c1_TGTGATGCAATCTAGC-1",129,"ENS"
"e16_c1_TGTGATGTCTGGTGCG-1",3089,"ENS"
"e16_c1_TGTGCGGGTACCCAGC-1",2269,"ENS"
"e16_c1_TGTGCGGGTTGCCGCA-1",749,"ENS"
"e16_c1_TGTGCGGTCCTAGCCT-1",1526,"Fibroblast"
"e16_c1_TGTGCGGTCTGAGGCC-1",920,"ENS"
"e16_c1_TGTGCGGTCTGTCGCT-1",1609,"ENS"
"e16_c1_TGTGGCGAGCCGTAAG-1",749,"ENS"
"e16_c1_TGTGGCGGTGGCATCC-1",1704,"Immune"
"e16_c1_TGTGGCGGTTTGCCGG-1",300,"ENS"
"e16_c1_TGTGGCGTCACTTCTA-1",3067,"ENS"
"e16_c1_TGTGTGAAGACCAGCA-1",3089,"ENS"
"e16_c1_TGTGTGAAGATCACCT-1",2871,"ENS"
"e16_c1_TGTTACTCACTTGAGT-1",3089,"ENS"
"e16_c1_TGTTACTGTAGACGTG-1",2994,"ENS"
"e16_c1_TGTTACTTCATTACCT-1",3004,"ENS"
"e16_c1_TGTTCATCAACAAGAT-1",3089,"ENS"
"e16_c1_TGTTCATCACAGTATC-1",1185,"ENS"
"e16_c1_TGTTCATGTTGATCGT-1",749,"ENS"
"e16_c1_TGTTCCGGTGGATGAC-1",2953,"ENS"
"e16_c1_TGTTCCGGTTGCGAAG-1",2994,"ENS"
"e16_c1_TGTTCCGTCCGGTAGC-1",2570,"ENS"
"e16_c1_TGTTCTAAGCTCGACC-1",566,"ENS"
"e16_c1_TGTTCTACATACTGTG-1",920,"ENS"
"e16_c1_TGTTCTAGTATGTCTG-1",47,"Fibroblast"
"e16_c1_TGTTGAGAGAAATTGC-1",2994,"ENS"
"e16_c1_TGTTGAGAGGGCTAAC-1",3089,"ENS"
"e16_c1_TGTTGAGCACTTACAG-1",920,"ENS"
"e16_c1_TGTTGAGTCTGATTCT-1",1441,"Smooth muscle"
"e16_c1_TGTTGGAGTAGGTACG-1",3089,"ENS"
"e16_c1_TGTTTGTGTGATCGTT-1",760,"ENS"
"e16_c1_TTAATCCAGAAAGTCT-1",2577,"ENS"
"e16_c1_TTACAGGCAGCTTTCC-1",2994,"ENS"
"e16_c1_TTACCATAGACTTCCA-1",2868,"ENS"
"e16_c1_TTACCATAGCGTGTTT-1",486,"ENS"
"e16_c1_TTACCATCACTATCCC-1",3089,"ENS"
"e16_c1_TTACCATCAGCATACT-1",2147,"ENS"
"e16_c1_TTACCATTCCCGAGGT-1",2994,"ENS"
"e16_c1_TTACCATTCTGCGGAC-1",2287,"Smooth muscle"
"e16_c1_TTACCGCAGACAGCTG-1",2868,"ENS"
"e16_c1_TTACCGCAGCGTTCAT-1",152,"ENS"
"e16_c1_TTACCGCGTCATATGC-1",3089,"ENS"
"e16_c1_TTACCGCGTCTACATG-1",2269,"ENS"
"e16_c1_TTACCGCGTGTACATC-1",3089,"ENS"
"e16_c1_TTACCGCGTGTTCCTC-1",2570,"ENS"
"e16_c1_TTACCGCTCATAGACC-1",565,"ENS"
"e16_c1_TTACCGCTCCAGTGTA-1",749,"ENS"
"e16_c1_TTACGCCAGAAAGCGA-1",2600,"Smooth muscle"
"e16_c1_TTACGCCAGCGACTAG-1",749,"ENS"
"e16_c1_TTACGCCAGTTAACAG-1",296,"ENS"
"e16_c1_TTACGCCGTCAGGCAA-1",283,"ENS"
"e16_c1_TTACGCCTCATTATCC-1",3150,"Myofibroblast"
"e16_c1_TTACGTTAGTAGGATT-1",556,"ENS"
"e16_c1_TTACGTTCAGGCTTGC-1",920,"ENS"
"e16_c1_TTACGTTGTGTAGGAC-1",2581,"ENS"
"e16_c1_TTACTGTCAAACAGGC-1",2953,"ENS"
"e16_c1_TTACTGTGTATAATGG-1",2230,"ENS"
"e16_c1_TTACTGTGTGTTAGCT-1",2230,"ENS"
"e16_c1_TTACTGTTCCTGCTAC-1",2994,"ENS"
"e16_c1_TTAGGCAAGACTACGG-1",3089,"ENS"
"e16_c1_TTAGGCAAGTCAGGGT-1",920,"ENS"
"e16_c1_TTAGGCACACAAATGA-1",2953,"ENS"
"e16_c1_TTAGGCATCGAGAATA-1",1815,"ENS"
"e16_c1_TTAGGGTCAGCCTATA-1",2994,"ENS"
"e16_c1_TTAGGGTTCCGGTAGC-1",153,"ENS"
"e16_c1_TTAGTCTCAAACTGCT-1",3067,"ENS"
"e16_c1_TTAGTCTCACCCTCTA-1",2147,"ENS"
"e16_c1_TTAGTCTCATCGATGT-1",36,"Simple Epithelial"
"e16_c1_TTAGTCTGTCTCGACG-1",2231,"ENS"
"e16_c1_TTAGTCTGTGCGTTTA-1",1142,"Fibroblast"
"e16_c1_TTAGTCTTCCCATACC-1",749,"ENS"
"e16_c1_TTCAATCAGTTACGTC-1",546,"ENS"
"e16_c1_TTCAATCGTGTGAATA-1",142,"ENS"
"e16_c1_TTCAATCTCAGTGTCA-1",3089,"ENS"
"e16_c1_TTCAATCTCCTCACTG-1",2994,"ENS"
"e16_c1_TTCAATCTCGAGATGG-1",546,"ENS"
"e16_c1_TTCAATCTCTGCAGCG-1",550,"ENS"
"e16_c1_TTCACCGAGCTACTAC-1",2108,"Fibroblast"
"e16_c1_TTCACCGCACAATGTC-1",3067,"ENS"
"e16_c1_TTCACCGCATGTGGTT-1",3089,"ENS"
"e16_c1_TTCACCGGTCTACAAC-1",405,"ENS"
"e16_c1_TTCACGCAGATGCGAC-1",2231,"ENS"
"e16_c1_TTCACGCTCGCGTCGA-1",3089,"ENS"
"e16_c1_TTCATGTCAACACGTT-1",2591,"ENS"
"e16_c1_TTCATGTCAGGTTTAC-1",3089,"ENS"
"e16_c1_TTCATGTGTGCATTAC-1",3067,"ENS"
"e16_c1_TTCATGTGTGTGTGTT-1",547,"ENS"
"e16_c1_TTCATGTGTTACGATC-1",2937,"Immune"
"e16_c1_TTCATGTTCGCAGTGC-1",3089,"ENS"
"e16_c1_TTCATTGAGACCATGG-1",2937,"Immune"
"e16_c1_TTCATTGAGCAGGCAT-1",1465,"Myofibroblast"
"e16_c1_TTCATTGCACCAATTG-1",2269,"ENS"
"e16_c1_TTCATTGGTAACAGTA-1",540,"Fibroblast"
"e16_c1_TTCATTGGTAACCCTA-1",2742,"Immune"
"e16_c1_TTCATTGGTCTGTAGT-1",2994,"ENS"
"e16_c1_TTCATTGTCGAAGTGG-1",2570,"ENS"
"e16_c1_TTCATTGTCGCTAAAC-1",2147,"ENS"
"e16_c1_TTCCACGAGGATATGT-1",1469,"Fibroblast"
"e16_c1_TTCCACGAGGATTTCC-1",2103,"Immune"
"e16_c1_TTCCACGCAGTCAGTT-1",749,"ENS"
"e16_c1_TTCCACGGTAGGCTGA-1",2269,"ENS"
"e16_c1_TTCCACGGTCATCTAG-1",554,"ENS"
"e16_c1_TTCCACGGTGACCGAA-1",749,"ENS"
"e16_c1_TTCCGGTCATTAGGCT-1",2147,"ENS"
"e16_c1_TTCCGGTTCACTGCTC-1",1922,"ENS"
"e16_c1_TTCCGTGAGGTTCTAC-1",3089,"ENS"
"e16_c1_TTCCGTGGTATCGCGC-1",2269,"ENS"
"e16_c1_TTCCGTGGTCCTGTTC-1",1609,"ENS"
"e16_c1_TTCCGTGTCGAAGCCC-1",749,"ENS"
"e16_c1_TTCCGTGTCGCTGACG-1",1191,"Fibroblast"
"e16_c1_TTCCTAAGTCAAAGAT-1",749,"ENS"
"e16_c1_TTCCTCTAGCGTTACT-1",2581,"ENS"
"e16_c1_TTCCTCTCAACCACGC-1",2946,"Fibroblast"
"e16_c1_TTCCTCTCATGTTACG-1",545,"ENS"
"e16_c1_TTCCTCTGTATAGGAT-1",2537,"Fibroblast"
"e16_c1_TTCCTTCGTGATTCTG-1",2352,"Fibroblast"
"e16_c1_TTCCTTCGTGGCTGCT-1",2325,"ENS"
"e16_c1_TTCGATTCATGTCTAG-1",2819,"Fibroblast"
"e16_c1_TTCGATTGTAACTTCG-1",3089,"ENS"
"e16_c1_TTCGCTGAGAAGTCCG-1",2147,"ENS"
"e16_c1_TTCGCTGAGTCTCGTA-1",3089,"ENS"
"e16_c1_TTCGCTGCAAGGATGC-1",2649,"ENS"
"e16_c1_TTCGCTGTCGAACCTA-1",2868,"ENS"
"e16_c1_TTCGGTCAGAGTCTGG-1",546,"ENS"
"e16_c1_TTCGGTCGTGCTCGTG-1",749,"ENS"
"e16_c1_TTCGGTCTCCCAGGAC-1",3067,"ENS"
"e16_c1_TTCGGTCTCGCCGTGA-1",3089,"ENS"
"e16_c1_TTCTAACGTTACTCAG-1",231,"Fibroblast"
"e16_c1_TTCTAACGTTTATGCG-1",3299,"Immune"
"e16_c1_TTCTAGTAGGACGCAT-1",2863,"ENS"
"e16_c1_TTCTAGTCAAACTAGA-1",2269,"ENS"
"e16_c1_TTCTAGTGTGTAGTGG-1",920,"ENS"
"e16_c1_TTCTCTCCAGCTTCGG-1",2570,"ENS"
"e16_c1_TTCTGTACAATGCAAA-1",1339,"Fibroblast"
"e16_c1_TTCTGTAGTGAGCTCC-1",462,"ENS"
"e16_c1_TTCTGTAGTTGGCTAT-1",749,"ENS"
"e16_c1_TTCTTCCCACCAGCGT-1",621,"Fibroblast"
"e16_c1_TTCTTCCTCCGCTTAC-1",2269,"ENS"
"e16_c1_TTCTTGAAGAACTGAT-1",749,"ENS"
"e16_c1_TTCTTGACACTTACAG-1",2570,"ENS"
"e16_c1_TTCTTGACAGAGTAAT-1",3089,"ENS"
"e16_c1_TTCTTGATCTTTCGAT-1",1441,"Smooth muscle"
"e16_c1_TTGAACGAGATCGCCC-1",3067,"ENS"
"e16_c1_TTGAACGAGCGTGTCC-1",920,"ENS"
"e16_c1_TTGAACGAGTTGGCGA-1",2570,"ENS"
"e16_c1_TTGAACGCACTGCATA-1",1305,"Smooth muscle"
"e16_c1_TTGAACGCAGCCCACA-1",230,"ENS"
"e16_c1_TTGACCCAGGCACAAC-1",3089,"ENS"
"e16_c1_TTGACCCCAGGCAATG-1",1191,"Smooth muscle"
"e16_c1_TTGACCCTCCGAAGGA-1",2269,"ENS"
"e16_c1_TTGAGTGCAGGACTAG-1",3089,"ENS"
"e16_c1_TTGAGTGGTCACGACC-1",1733,"ENS"
"e16_c1_TTGAGTGGTGTGAGCA-1",2537,"Fibroblast"
"e16_c1_TTGAGTGTCCTTATAC-1",1204,"ENS"
"e16_c1_TTGAGTGTCGCGGACT-1",2994,"ENS"
"e16_c1_TTGATGGGTGGCTGCT-1",2231,"ENS"
"e16_c1_TTGATGGTCGATTGAC-1",2269,"ENS"
"e16_c1_TTGCATTGTATGGAGC-1",3336,"Fibroblast"
"e16_c1_TTGCCTGAGCAGCGAT-1",2352,"Fibroblast"
"e16_c1_TTGCCTGAGGAACGCT-1",3067,"ENS"
"e16_c1_TTGCCTGAGGAATGTT-1",3089,"ENS"
"e16_c1_TTGCCTGCAGCCGGTT-1",920,"ENS"
"e16_c1_TTGCCTGCAGGGAATC-1",546,"ENS"
"e16_c1_TTGCCTGTCGTGTCAA-1",1470,"Mesothelial"
"e16_c1_TTGCGTCAGACGGTTG-1",2994,"ENS"
"e16_c1_TTGCGTCCACTTCTCG-1",3089,"ENS"
"e16_c1_TTGCTGCAGCAGCCTC-1",3089,"ENS"
"e16_c1_TTGCTGCCACTTCCTG-1",2645,"ENS"
"e16_c1_TTGCTGCGTAGAATAC-1",2645,"ENS"
"e16_c1_TTGCTGCGTAGCCAGA-1",920,"ENS"
"e16_c1_TTGCTGCTCATGCAGT-1",1563,"Myofibroblast"
"e16_c1_TTGCTGCTCGTCCATC-1",1442,"Myofibroblast"
"e16_c1_TTGGATGCAGGCGAAT-1",3089,"ENS"
"e16_c1_TTGGATGGTGGGTCAA-1",749,"ENS"
"e16_c1_TTGGATGTCCATGATG-1",2231,"ENS"
"e16_c1_TTGGATGTCCTGATAG-1",749,"ENS"
"e16_c1_TTGGGATAGTCATCGT-1",2937,"Immune"
"e16_c1_TTGGGATGTACCGGAA-1",749,"ENS"
"e16_c1_TTGGGATGTGCCCGTA-1",1185,"ENS"
"e16_c1_TTGGGCGCACGTTCGG-1",749,"ENS"
"e16_c1_TTGGGCGCATAAGCAA-1",1609,"ENS"
"e16_c1_TTGGGTATCACGGGCT-1",2570,"ENS"
"e16_c1_TTGGTTTAGCTGGTGA-1",1609,"ENS"
"e16_c1_TTGGTTTAGGCCACCT-1",2868,"ENS"
"e16_c1_TTGGTTTCAGCGTGCT-1",749,"ENS"
"e16_c1_TTGGTTTCATAAGCGG-1",3287,"Simple Epithelial"
"e16_c1_TTGGTTTCATCGGCCA-1",1404,"ENS"
"e16_c1_TTGGTTTGTAGTGATA-1",760,"ENS"
"e16_c1_TTGGTTTGTATCACCA-1",2645,"ENS"
"e16_c1_TTGGTTTGTCACCTTC-1",2645,"ENS"
"e16_c1_TTGGTTTGTTCACCGG-1",113,"ENS"
"e16_c1_TTGTGGACAGGTCTCG-1",441,"ENS"
"e16_c1_TTGTGGAGTAAGACCG-1",3089,"ENS"
"e16_c1_TTGTGGATCATTGGTG-1",3089,"ENS"
"e16_c1_TTGTGTTAGCGGATCA-1",1191,"Myofibroblast"
"e16_c1_TTGTGTTAGGGTCTTT-1",2868,"ENS"
"e16_c1_TTGTTGTGTCATGGCC-1",3089,"ENS"
"e16_c1_TTGTTGTGTGCCGTTG-1",2163,"Myofibroblast"
"e16_c1_TTGTTTGAGAAATTGC-1",920,"ENS"
"e16_c1_TTGTTTGAGAGTGTTA-1",2147,"ENS"
"e16_c1_TTGTTTGGTTCTTCAT-1",749,"ENS"
"e16_c1_TTGTTTGTCGCAGTCG-1",362,"ENS"
"e16_c1_TTTACCAGTAACCCGC-1",2742,"Immune"
"e16_c1_TTTACCATCGCAATTG-1",1823,"ENS"
"e16_c1_TTTACGTTCCACAAGT-1",2583,"ENS"
"e16_c1_TTTACTGAGTCCCGGT-1",1339,"Myofibroblast"
"e16_c1_TTTAGTCAGTCAGCGA-1",1190,"Fibroblast"
"e16_c1_TTTAGTCGTGATGTAA-1",2570,"ENS"
"e16_c1_TTTATGCAGATGCTTC-1",2537,"Smooth muscle"
"e16_c1_TTTATGCGTTGGTAGG-1",2645,"ENS"
"e16_c1_TTTATGCTCAAATAGG-1",760,"ENS"
"e16_c1_TTTCACACACGTGTGC-1",2946,"Fibroblast"
"e16_c1_TTTCACACATACAGGG-1",2868,"ENS"
"e16_c1_TTTCAGTGTTTCACTT-1",2147,"ENS"
"e16_c1_TTTCAGTTCACCTCTG-1",1404,"ENS"
"e16_c1_TTTCATGCACCTTCCA-1",1609,"ENS"
"e16_c1_TTTCATGGTAACATAG-1",509,"ENS"
"e16_c1_TTTCATGGTGAACCGA-1",749,"ENS"
"e16_c1_TTTCATGGTTACGGAG-1",3067,"ENS"
"e16_c1_TTTCATGTCGGACAAG-1",1050,"ENS"
"e16_c1_TTTCCTCAGAGCAGCT-1",3089,"ENS"
"e16_c1_TTTCCTCGTAACTAAG-1",3089,"ENS"
"e16_c1_TTTCGATAGACTTCGT-1",3067,"ENS"
"e16_c1_TTTCGATCAAATCAAG-1",2570,"ENS"
"e16_c1_TTTGACTAGCAGAAAG-1",3067,"ENS"
"e16_c1_TTTGACTAGGGCAGAG-1",2994,"ENS"
"e16_c1_TTTGACTGTATGTCCA-1",3089,"ENS"
"e16_c1_TTTGACTTCACTGATG-1",1339,"Smooth muscle"
"e16_c1_TTTGATCAGTATAGAC-1",1191,"Smooth muscle"
"e16_c1_TTTGATCGTAGACAGC-1",2269,"ENS"
"e16_c1_TTTGATCTCTGGTGCG-1",1234,"Fibroblast"
"e16_c1_TTTGGAGAGGAGATAG-1",749,"ENS"
"e16_c1_TTTGGAGAGTCTGCAT-1",2817,"ENS"
"e16_c1_TTTGGAGGTGATTCTG-1",2868,"ENS"
"e16_c1_TTTGGAGTCTATACGG-1",2103,"Immune"
"e16_c1_TTTGGTTCATCGGATT-1",760,"ENS"
"e16_c1_TTTGTTGCAGGTGGAT-1",624,"Fibroblast"
"e16_c1_TTTGTTGGTACCCAGC-1",2742,"Immune"
